# Blender v2.79 (sub 0) OBJ File: 'tractoredit.blend'
# www.blender.org
mtllib plow.mtl
o plow_Cube.001
v 0.725149 0.434929 -4.688073
v 0.725149 0.508313 -4.688073
v 0.725149 0.434929 -4.761456
v 0.725149 0.508313 -4.761456
v 0.547324 0.434929 -2.725352
v 0.547324 0.508313 -2.725352
v 0.547324 0.434929 -2.798736
v 0.547324 0.508313 -2.798736
v 0.475338 0.431767 -2.772894
v 0.475338 0.505650 -2.772894
v 0.692085 0.431767 -5.058166
v 0.692085 0.505650 -5.058166
v 0.549221 0.431767 -2.772894
v 0.549221 0.505650 -2.772894
v 0.765968 0.431767 -5.058166
v 0.765968 0.505650 -5.058166
v 0.167591 0.443312 -2.776614
v 0.167591 0.489693 -2.776614
v 0.167591 0.443312 -4.697779
v 0.167591 0.489693 -4.697779
v 0.213973 0.443312 -2.776614
v 0.213973 0.489693 -2.776614
v 0.213973 0.443312 -4.697779
v 0.213973 0.489693 -4.697779
v 0.615007 0.437058 -3.932526
v 0.615007 0.479392 -3.932526
v 0.615007 0.437058 -3.974859
v 0.615007 0.479392 -3.974859
v -0.725149 0.434929 -4.688073
v -0.725149 0.508313 -4.688073
v -0.725149 0.434929 -4.761456
v -0.725149 0.508313 -4.761456
v 0.000000 0.434929 -4.761456
v 0.000000 0.508313 -4.761456
v 0.000000 0.434929 -4.688073
v 0.000000 0.508313 -4.688073
v -0.547324 0.434929 -2.725352
v -0.547324 0.508313 -2.725352
v -0.547324 0.434929 -2.798736
v -0.547324 0.508313 -2.798736
v 0.000000 0.434929 -2.798736
v 0.000000 0.508313 -2.798736
v 0.000000 0.434929 -2.725352
v 0.000000 0.508313 -2.725352
v -0.475338 0.431767 -2.772894
v -0.475338 0.505650 -2.772894
v -0.692085 0.431767 -5.058166
v -0.692085 0.505650 -5.058166
v -0.549221 0.431767 -2.772894
v -0.549221 0.505650 -2.772894
v -0.765968 0.431767 -5.058166
v -0.765968 0.505650 -5.058166
v -0.167591 0.443312 -2.776614
v -0.167591 0.489693 -2.776614
v -0.167591 0.443312 -4.697779
v -0.167591 0.489693 -4.697779
v -0.213973 0.443312 -2.776614
v -0.213973 0.489693 -2.776614
v -0.213973 0.443312 -4.697779
v -0.213973 0.489693 -4.697779
v -0.615007 0.437058 -3.932526
v -0.615007 0.479392 -3.932526
v -0.615007 0.437058 -3.974859
v -0.615007 0.479392 -3.974859
v 0.000000 0.437058 -3.974859
v 0.000000 0.479392 -3.974859
v 0.000000 0.437058 -3.932526
v 0.000000 0.479392 -3.932526
v -0.049552 0.921182 -1.033829
v -0.049552 1.016396 -1.061325
v -0.049552 0.428515 -2.739849
v -0.049552 0.523729 -2.767345
v 0.049552 0.921182 -1.033829
v 0.049552 1.016396 -1.061325
v 0.049552 0.428515 -2.739849
v 0.049552 0.523729 -2.767345
v -1.686142 0.351564 -5.146889
v -1.686142 0.439598 -5.146889
v -1.678204 0.351564 -5.174219
v -1.678204 0.439598 -5.174219
v -0.164378 0.351564 -4.704865
v -0.164378 0.439598 -4.704865
v -0.156439 0.351564 -4.732195
v -0.156439 0.439598 -4.732195
v -1.686142 0.365957 -5.146889
v -1.686142 0.425204 -5.146889
v -1.678204 0.425204 -5.174219
v -1.678204 0.365957 -5.174219
v -0.156439 0.425204 -4.732195
v -0.156439 0.365957 -4.732195
v -0.164378 0.425204 -4.704865
v -0.164378 0.365957 -4.704865
v -1.693443 0.425204 -5.121755
v -1.693443 0.439598 -5.121755
v -1.670903 0.365957 -5.199353
v -1.670903 0.351564 -5.199353
v -0.149138 0.351564 -4.757329
v -1.670903 0.439598 -5.199353
v -0.149138 0.439598 -4.757329
v -0.149138 0.365957 -4.757329
v -0.171678 0.365957 -4.679731
v -0.171678 0.351564 -4.679731
v -1.693443 0.351564 -5.121755
v -0.171678 0.439598 -4.679731
v -1.693443 0.365957 -5.121755
v -1.670903 0.425204 -5.199353
v -0.149138 0.425204 -4.757329
v -0.171678 0.425204 -4.679731
v 1.686142 0.351564 -5.146889
v 1.686142 0.439598 -5.146889
v 1.678204 0.351564 -5.174219
v 1.678204 0.439598 -5.174219
v 0.164378 0.351564 -4.704865
v 0.164378 0.439598 -4.704865
v 0.156439 0.351564 -4.732195
v 0.156439 0.439598 -4.732195
v 1.686142 0.365957 -5.146889
v 1.686142 0.425204 -5.146889
v 1.678204 0.425204 -5.174219
v 1.678204 0.365957 -5.174219
v 0.156439 0.425204 -4.732195
v 0.156439 0.365957 -4.732195
v 0.164378 0.425204 -4.704865
v 0.164378 0.365957 -4.704865
v 1.693443 0.425204 -5.121755
v 1.693443 0.439598 -5.121755
v 1.670903 0.365957 -5.199353
v 1.670903 0.351564 -5.199353
v 0.149138 0.351564 -4.757329
v 1.670903 0.439598 -5.199353
v 0.149138 0.439598 -4.757329
v 0.149138 0.365957 -4.757329
v 0.171678 0.365957 -4.679731
v 0.171678 0.351564 -4.679731
v 1.693443 0.351564 -5.121755
v 0.171678 0.439598 -4.679731
v 1.693443 0.365957 -5.121755
v 1.670903 0.425204 -5.199353
v 0.149138 0.425204 -4.757329
v 0.171678 0.425204 -4.679731
v -1.575906 0.351564 -2.804823
v -1.575906 0.439598 -2.804823
v -1.581232 0.351564 -2.832779
v -1.581232 0.439598 -2.832779
v -0.019236 0.351564 -3.101355
v -0.019236 0.439598 -3.101355
v -0.024562 0.351564 -3.129311
v -0.024562 0.439598 -3.129311
v -1.575906 0.365957 -2.804823
v -1.575906 0.425204 -2.804823
v -1.581232 0.425204 -2.832779
v -1.581232 0.365957 -2.832779
v -0.024562 0.425204 -3.129311
v -0.024562 0.365957 -3.129311
v -0.019236 0.425204 -3.101355
v -0.019236 0.365957 -3.101355
v -1.571008 0.425204 -2.779112
v -1.571008 0.439598 -2.779112
v -1.586129 0.365957 -2.858490
v -1.586129 0.351564 -2.858490
v -0.029459 0.351564 -3.155022
v -1.586129 0.439598 -2.858490
v -0.029459 0.439598 -3.155022
v -0.029459 0.365957 -3.155022
v -0.014339 0.365957 -3.075644
v -0.014339 0.351564 -3.075644
v -1.571008 0.351564 -2.779112
v -0.014339 0.439598 -3.075644
v -1.571008 0.365957 -2.779112
v -1.586129 0.425204 -2.858490
v -0.029459 0.425204 -3.155022
v -0.014339 0.425204 -3.075644
v 1.575906 0.351564 -2.804823
v 1.575906 0.439598 -2.804823
v 1.581232 0.351564 -2.832779
v 1.581232 0.439598 -2.832779
v 0.019236 0.351564 -3.101355
v 0.019236 0.439598 -3.101355
v 0.024562 0.351564 -3.129311
v 0.024562 0.439598 -3.129311
v 1.575906 0.365957 -2.804823
v 1.575906 0.425204 -2.804823
v 1.581232 0.425204 -2.832779
v 1.581232 0.365957 -2.832779
v 0.024562 0.425204 -3.129311
v 0.024562 0.365957 -3.129311
v 0.019236 0.425204 -3.101355
v 0.019236 0.365957 -3.101355
v 1.571008 0.425204 -2.779112
v 1.571008 0.439598 -2.779112
v 1.586129 0.365957 -2.858490
v 1.586129 0.351564 -2.858490
v 0.029459 0.351564 -3.155022
v 1.586129 0.439598 -2.858490
v 0.029459 0.439598 -3.155022
v 0.029459 0.365957 -3.155022
v 0.014339 0.365957 -3.075644
v 0.014339 0.351564 -3.075644
v 1.571008 0.351564 -2.779112
v 0.014339 0.439598 -3.075644
v 1.571008 0.365957 -2.779112
v 1.586129 0.425204 -2.858490
v 0.029459 0.425204 -3.155022
v 0.014339 0.425204 -3.075644
v -1.557126 0.131537 -2.902551
v -1.414142 0.131537 -3.055471
v -1.555108 0.089519 -2.891474
v -1.409128 0.027107 -3.027942
v -1.549597 0.058760 -2.861213
v -1.395430 -0.049341 -2.952731
v -1.542068 0.047502 -2.819876
v -1.376718 -0.077323 -2.849991
v -1.534540 0.058760 -2.778538
v -1.358006 -0.049341 -2.747251
v -1.529028 0.089519 -2.748277
v -1.344308 0.027107 -2.672040
v -1.527011 0.131537 -2.737200
v -1.339294 0.131537 -2.644511
v -1.529028 0.173554 -2.748277
v -1.344308 0.235967 -2.672040
v -1.534540 0.204313 -2.778538
v -1.358006 0.312415 -2.747251
v -1.542068 0.215572 -2.819875
v -1.376718 0.340397 -2.849991
v -1.549597 0.204313 -2.861213
v -1.395430 0.312415 -2.952731
v -1.555108 0.173554 -2.891474
v -1.409128 0.235967 -3.027942
v -1.419134 0.131537 -2.927683
v -1.417117 0.089519 -2.916607
v -1.411605 0.058760 -2.886345
v -1.404076 0.047502 -2.845008
v -1.396548 0.058760 -2.803670
v -1.391037 0.089519 -2.773409
v -1.389019 0.131537 -2.762333
v -1.391037 0.173554 -2.773409
v -1.396548 0.204313 -2.803670
v -1.404076 0.215572 -2.845008
v -1.411605 0.204313 -2.886345
v -1.417117 0.173554 -2.916607
v -1.420256 0.131537 -3.036848
v -1.415655 0.035719 -3.011590
v -1.403087 -0.034424 -2.942582
v -1.385918 -0.060098 -2.848315
v -1.368749 -0.034424 -2.754048
v -1.356181 0.035719 -2.685040
v -1.351581 0.131537 -2.659782
v -1.356181 0.227354 -2.685040
v -1.368749 0.297497 -2.754048
v -1.385918 0.323172 -2.848315
v -1.403087 0.297497 -2.942582
v -1.415655 0.227354 -3.011590
v -1.573953 0.131537 -2.994944
v -1.569681 0.042563 -2.971489
v -1.558011 -0.022571 -2.907410
v -1.542068 -0.046412 -2.819876
v -1.526126 -0.022571 -2.732341
v -1.514455 0.042563 -2.668262
v -1.510183 0.131537 -2.644807
v -1.514455 0.220511 -2.668262
v -1.526126 0.285645 -2.732341
v -1.542068 0.309485 -2.819875
v -1.558011 0.285645 -2.907410
v -1.569681 0.220511 -2.971489
v -1.417117 0.173554 -2.916607
v -1.419134 0.131537 -2.927683
v -1.411605 0.204313 -2.886345
v -1.404076 0.215572 -2.845008
v -1.396548 0.204313 -2.803670
v -1.391037 0.173554 -2.773409
v -1.389019 0.131537 -2.762333
v -1.391037 0.089519 -2.773409
v -1.396548 0.058760 -2.803670
v -1.404076 0.047502 -2.845008
v -1.411605 0.058760 -2.886345
v -1.417117 0.089519 -2.916607
v -1.409128 0.027107 -3.027942
v -1.414142 0.131537 -3.055471
v -1.395430 -0.049341 -2.952731
v -1.376718 -0.077323 -2.849991
v -1.358006 -0.049341 -2.747251
v -1.344308 0.027107 -2.672040
v -1.339294 0.131537 -2.644511
v -1.344308 0.235967 -2.672040
v -1.358006 0.312415 -2.747251
v -1.376718 0.340397 -2.849991
v -1.395430 0.312415 -2.952731
v -1.409128 0.235967 -3.027942
v -1.391776 0.131537 -2.932666
v -1.248792 0.131537 -3.085586
v -1.389758 0.089519 -2.921589
v -1.243778 0.027107 -3.058057
v -1.384247 0.058760 -2.891328
v -1.230080 -0.049341 -2.982846
v -1.376718 0.047502 -2.849991
v -1.211368 -0.077323 -2.880106
v -1.369189 0.058760 -2.808653
v -1.192656 -0.049341 -2.777366
v -1.363678 0.089519 -2.778392
v -1.178958 0.027107 -2.702155
v -1.361661 0.131537 -2.767316
v -1.173944 0.131537 -2.674626
v -1.363678 0.173554 -2.778392
v -1.178958 0.235967 -2.702155
v -1.369189 0.204313 -2.808653
v -1.192656 0.312415 -2.777366
v -1.376718 0.215572 -2.849991
v -1.211368 0.340397 -2.880105
v -1.384247 0.204313 -2.891328
v -1.230080 0.312415 -2.982846
v -1.389758 0.173554 -2.921589
v -1.243778 0.235967 -3.058057
v -1.253784 0.131537 -2.957798
v -1.251767 0.089519 -2.946722
v -1.246255 0.058760 -2.916461
v -1.238726 0.047502 -2.875123
v -1.231198 0.058760 -2.833786
v -1.225686 0.089519 -2.803524
v -1.223669 0.131537 -2.792448
v -1.225686 0.173554 -2.803524
v -1.231198 0.204313 -2.833786
v -1.238726 0.215572 -2.875123
v -1.246255 0.204313 -2.916461
v -1.251767 0.173554 -2.946722
v -1.254906 0.131537 -3.066964
v -1.250305 0.035719 -3.041705
v -1.237737 -0.034424 -2.972697
v -1.220568 -0.060098 -2.878430
v -1.203400 -0.034424 -2.784163
v -1.190831 0.035719 -2.715156
v -1.186231 0.131537 -2.689897
v -1.190831 0.227354 -2.715156
v -1.203399 0.297497 -2.784163
v -1.220568 0.323172 -2.878430
v -1.237737 0.297497 -2.972697
v -1.250305 0.227354 -3.041705
v -1.391776 0.131537 -2.932666
v -1.389758 0.089519 -2.921589
v -1.384247 0.058760 -2.891328
v -1.376718 0.047502 -2.849991
v -1.369189 0.058760 -2.808653
v -1.363678 0.089519 -2.778392
v -1.361661 0.131537 -2.767316
v -1.363678 0.173554 -2.778392
v -1.369189 0.204313 -2.808653
v -1.376718 0.215572 -2.849991
v -1.384247 0.204313 -2.891328
v -1.389758 0.173554 -2.921589
v -1.251767 0.173554 -2.946722
v -1.253784 0.131537 -2.957798
v -1.246255 0.204313 -2.916461
v -1.238726 0.215572 -2.875123
v -1.231198 0.204313 -2.833786
v -1.225686 0.173554 -2.803524
v -1.223669 0.131537 -2.792448
v -1.225686 0.089519 -2.803524
v -1.231198 0.058760 -2.833786
v -1.238726 0.047502 -2.875123
v -1.246255 0.058760 -2.916461
v -1.251767 0.089519 -2.946722
v -1.243778 0.027107 -3.058057
v -1.248792 0.131537 -3.085586
v -1.230080 -0.049341 -2.982846
v -1.211368 -0.077323 -2.880106
v -1.192656 -0.049341 -2.777366
v -1.178958 0.027107 -2.702155
v -1.173944 0.131537 -2.674626
v -1.178958 0.235967 -2.702155
v -1.192656 0.312415 -2.777366
v -1.211368 0.340397 -2.880105
v -1.230080 0.312415 -2.982846
v -1.243778 0.235967 -3.058057
v -1.226426 0.131537 -2.962781
v -1.083442 0.131537 -3.115701
v -1.224408 0.089519 -2.951705
v -1.078428 0.027107 -3.088172
v -1.218897 0.058760 -2.921443
v -1.064730 -0.049341 -3.012961
v -1.211368 0.047502 -2.880105
v -1.046018 -0.077323 -2.910221
v -1.203839 0.058760 -2.838768
v -1.027306 -0.049341 -2.807481
v -1.198328 0.089519 -2.808507
v -1.013608 0.027107 -2.732270
v -1.196311 0.131537 -2.797431
v -1.008594 0.131537 -2.704741
v -1.198328 0.173554 -2.808507
v -1.013608 0.235967 -2.732270
v -1.203839 0.204313 -2.838768
v -1.027306 0.312415 -2.807481
v -1.211368 0.215572 -2.880105
v -1.046018 0.340397 -2.910221
v -1.218897 0.204313 -2.921443
v -1.064730 0.312415 -3.012961
v -1.224408 0.173554 -2.951704
v -1.078428 0.235967 -3.088172
v -1.088434 0.131537 -2.987913
v -1.086417 0.089519 -2.976837
v -1.080905 0.058760 -2.946576
v -1.073376 0.047502 -2.905238
v -1.065848 0.058760 -2.863901
v -1.060336 0.089519 -2.833640
v -1.058319 0.131537 -2.822563
v -1.060336 0.173554 -2.833640
v -1.065847 0.204313 -2.863901
v -1.073376 0.215572 -2.905238
v -1.080905 0.204313 -2.946576
v -1.086416 0.173554 -2.976837
v -1.089556 0.131537 -3.097079
v -1.084955 0.035719 -3.071820
v -1.072387 -0.034424 -3.002812
v -1.055218 -0.060098 -2.908545
v -1.038049 -0.034424 -2.814279
v -1.025481 0.035719 -2.745271
v -1.020881 0.131537 -2.720012
v -1.025481 0.227354 -2.745271
v -1.038049 0.297497 -2.814279
v -1.055218 0.323172 -2.908545
v -1.072387 0.297497 -3.002812
v -1.084955 0.227354 -3.071820
v -1.226426 0.131537 -2.962781
v -1.224408 0.089519 -2.951705
v -1.218897 0.058760 -2.921443
v -1.211368 0.047502 -2.880105
v -1.203839 0.058760 -2.838768
v -1.198328 0.089519 -2.808507
v -1.196311 0.131537 -2.797431
v -1.198328 0.173554 -2.808507
v -1.203839 0.204313 -2.838768
v -1.211368 0.215572 -2.880105
v -1.218897 0.204313 -2.921443
v -1.224408 0.173554 -2.951704
v -1.086416 0.173554 -2.976837
v -1.088434 0.131537 -2.987913
v -1.080905 0.204313 -2.946576
v -1.073376 0.215572 -2.905238
v -1.065847 0.204313 -2.863901
v -1.060336 0.173554 -2.833640
v -1.058319 0.131537 -2.822563
v -1.060336 0.089519 -2.833640
v -1.065848 0.058760 -2.863901
v -1.073376 0.047502 -2.905238
v -1.080905 0.058760 -2.946576
v -1.086417 0.089519 -2.976837
v -1.078428 0.027107 -3.088172
v -1.083442 0.131537 -3.115701
v -1.064730 -0.049341 -3.012961
v -1.046018 -0.077323 -2.910221
v -1.027306 -0.049341 -2.807481
v -1.013608 0.027107 -2.732270
v -1.008594 0.131537 -2.704741
v -1.013608 0.235967 -2.732270
v -1.027306 0.312415 -2.807481
v -1.046018 0.340397 -2.910221
v -1.064730 0.312415 -3.012961
v -1.078428 0.235967 -3.088172
v -1.061075 0.131537 -2.992896
v -0.918092 0.131537 -3.145816
v -1.059058 0.089519 -2.981820
v -0.913078 0.027107 -3.118287
v -1.053547 0.058760 -2.951559
v -0.899380 -0.049341 -3.043076
v -1.046018 0.047502 -2.910221
v -0.880668 -0.077323 -2.940336
v -1.038489 0.058760 -2.868883
v -0.861956 -0.049341 -2.837596
v -1.032978 0.089519 -2.838622
v -0.848258 0.027107 -2.762385
v -1.030960 0.131537 -2.827546
v -0.843244 0.131537 -2.734856
v -1.032978 0.173554 -2.838622
v -0.848258 0.235967 -2.762385
v -1.038489 0.204313 -2.868883
v -0.861956 0.312415 -2.837596
v -1.046018 0.215572 -2.910221
v -0.880668 0.340397 -2.940336
v -1.053547 0.204313 -2.951559
v -0.899380 0.312415 -3.043076
v -1.059058 0.173554 -2.981820
v -0.913078 0.235967 -3.118287
v -0.923084 0.131537 -3.018028
v -0.921067 0.089519 -3.006952
v -0.915555 0.058760 -2.976691
v -0.908026 0.047502 -2.935353
v -0.900498 0.058760 -2.894016
v -0.894986 0.089519 -2.863755
v -0.892969 0.131537 -2.852678
v -0.894986 0.173554 -2.863755
v -0.900498 0.204313 -2.894016
v -0.908026 0.215572 -2.935353
v -0.915555 0.204313 -2.976691
v -0.921067 0.173554 -3.006952
v -0.924205 0.131537 -3.127194
v -0.919605 0.035719 -3.101935
v -0.907037 -0.034424 -3.032927
v -0.889868 -0.060098 -2.938660
v -0.872699 -0.034424 -2.844394
v -0.860131 0.035719 -2.775386
v -0.855531 0.131537 -2.750127
v -0.860131 0.227354 -2.775386
v -0.872699 0.297497 -2.844394
v -0.889868 0.323172 -2.938660
v -0.907037 0.297497 -3.032927
v -0.919605 0.227354 -3.101935
v -1.061075 0.131537 -2.992896
v -1.059058 0.089519 -2.981820
v -1.053547 0.058760 -2.951559
v -1.046018 0.047502 -2.910221
v -1.038489 0.058760 -2.868883
v -1.032978 0.089519 -2.838622
v -1.030960 0.131537 -2.827546
v -1.032978 0.173554 -2.838622
v -1.038489 0.204313 -2.868883
v -1.046018 0.215572 -2.910221
v -1.053547 0.204313 -2.951559
v -1.059058 0.173554 -2.981820
v -0.921067 0.173554 -3.006952
v -0.923084 0.131537 -3.018028
v -0.915555 0.204313 -2.976691
v -0.908026 0.215572 -2.935353
v -0.900498 0.204313 -2.894016
v -0.894986 0.173554 -2.863755
v -0.892969 0.131537 -2.852678
v -0.894986 0.089519 -2.863755
v -0.900498 0.058760 -2.894016
v -0.908026 0.047502 -2.935353
v -0.915555 0.058760 -2.976691
v -0.921067 0.089519 -3.006952
v -0.913078 0.027107 -3.118287
v -0.918092 0.131537 -3.145816
v -0.899380 -0.049341 -3.043076
v -0.880668 -0.077323 -2.940336
v -0.861956 -0.049341 -2.837596
v -0.848258 0.027107 -2.762385
v -0.843244 0.131537 -2.734856
v -0.848258 0.235967 -2.762385
v -0.861956 0.312415 -2.837596
v -0.880668 0.340397 -2.940336
v -0.899380 0.312415 -3.043076
v -0.913078 0.235967 -3.118287
v -0.895725 0.131537 -3.023011
v -0.752742 0.131537 -3.175931
v -0.893708 0.089519 -3.011935
v -0.747728 0.027107 -3.148402
v -0.888197 0.058760 -2.981673
v -0.734030 -0.049341 -3.073191
v -0.880668 0.047502 -2.940336
v -0.715318 -0.077323 -2.970451
v -0.873139 0.058760 -2.898998
v -0.696606 -0.049341 -2.867711
v -0.867628 0.089519 -2.868737
v -0.682908 0.027107 -2.792500
v -0.865610 0.131537 -2.857661
v -0.677894 0.131537 -2.764971
v -0.867628 0.173554 -2.868737
v -0.682908 0.235967 -2.792500
v -0.873139 0.204313 -2.898998
v -0.696606 0.312415 -2.867711
v -0.880668 0.215572 -2.940336
v -0.715318 0.340397 -2.970451
v -0.888197 0.204313 -2.981673
v -0.734030 0.312415 -3.073191
v -0.893708 0.173554 -3.011934
v -0.747728 0.235967 -3.148402
v -0.757734 0.131537 -3.048143
v -0.755717 0.089519 -3.037067
v -0.750205 0.058760 -3.006806
v -0.742676 0.047502 -2.965468
v -0.735147 0.058760 -2.924131
v -0.729636 0.089519 -2.893869
v -0.727619 0.131537 -2.882793
v -0.729636 0.173554 -2.893869
v -0.735147 0.204313 -2.924131
v -0.742676 0.215572 -2.965468
v -0.750205 0.204313 -3.006806
v -0.755717 0.173554 -3.037067
v -0.758856 0.131537 -3.157309
v -0.754255 0.035719 -3.132050
v -0.741687 -0.034424 -3.063042
v -0.724518 -0.060098 -2.968776
v -0.707349 -0.034424 -2.874509
v -0.694781 0.035719 -2.805501
v -0.690181 0.131537 -2.780242
v -0.694781 0.227354 -2.805501
v -0.707349 0.297497 -2.874509
v -0.724518 0.323172 -2.968775
v -0.741687 0.297497 -3.063042
v -0.754255 0.227354 -3.132050
v -0.895725 0.131537 -3.023011
v -0.893708 0.089519 -3.011935
v -0.888197 0.058760 -2.981673
v -0.880668 0.047502 -2.940336
v -0.873139 0.058760 -2.898998
v -0.867628 0.089519 -2.868737
v -0.865610 0.131537 -2.857661
v -0.867628 0.173554 -2.868737
v -0.873139 0.204313 -2.898998
v -0.880668 0.215572 -2.940336
v -0.888197 0.204313 -2.981673
v -0.893708 0.173554 -3.011934
v -0.755717 0.173554 -3.037067
v -0.757734 0.131537 -3.048143
v -0.750205 0.204313 -3.006806
v -0.742676 0.215572 -2.965468
v -0.735147 0.204313 -2.924131
v -0.729636 0.173554 -2.893869
v -0.727619 0.131537 -2.882793
v -0.729636 0.089519 -2.893869
v -0.735147 0.058760 -2.924131
v -0.742676 0.047502 -2.965468
v -0.750205 0.058760 -3.006806
v -0.755717 0.089519 -3.037067
v -0.747728 0.027107 -3.148402
v -0.752742 0.131537 -3.175931
v -0.734030 -0.049341 -3.073191
v -0.715318 -0.077323 -2.970451
v -0.696606 -0.049341 -2.867711
v -0.682908 0.027107 -2.792500
v -0.677894 0.131537 -2.764971
v -0.682908 0.235967 -2.792500
v -0.696606 0.312415 -2.867711
v -0.715318 0.340397 -2.970451
v -0.734030 0.312415 -3.073191
v -0.747728 0.235967 -3.148402
v -0.730375 0.131537 -3.053126
v -0.587392 0.131537 -3.206046
v -0.728358 0.089519 -3.042050
v -0.582378 0.027107 -3.178517
v -0.722847 0.058760 -3.011788
v -0.568680 -0.049341 -3.103306
v -0.715318 0.047502 -2.970451
v -0.549968 -0.077323 -3.000566
v -0.707789 0.058760 -2.929113
v -0.531256 -0.049341 -2.897826
v -0.702278 0.089519 -2.898852
v -0.517558 0.027107 -2.822615
v -0.700260 0.131537 -2.887776
v -0.512544 0.131537 -2.795086
v -0.702278 0.173554 -2.898852
v -0.517558 0.235967 -2.822615
v -0.707789 0.204313 -2.929113
v -0.531256 0.312415 -2.897826
v -0.715318 0.215572 -2.970451
v -0.549968 0.340397 -3.000566
v -0.722847 0.204313 -3.011788
v -0.568680 0.312415 -3.103306
v -0.728358 0.173554 -3.042050
v -0.582378 0.235967 -3.178517
v -0.592384 0.131537 -3.078259
v -0.590366 0.089519 -3.067182
v -0.584855 0.058760 -3.036921
v -0.577326 0.047502 -2.995583
v -0.569797 0.058760 -2.954246
v -0.564286 0.089519 -2.923985
v -0.562269 0.131537 -2.912908
v -0.564286 0.173554 -2.923985
v -0.569797 0.204313 -2.954246
v -0.577326 0.215572 -2.995583
v -0.584855 0.204313 -3.036921
v -0.590366 0.173554 -3.067182
v -0.593505 0.131537 -3.187424
v -0.588905 0.035719 -3.162165
v -0.576337 -0.034424 -3.093157
v -0.559168 -0.060098 -2.998890
v -0.541999 -0.034424 -2.904624
v -0.529431 0.035719 -2.835616
v -0.524831 0.131537 -2.810357
v -0.529431 0.227354 -2.835616
v -0.541999 0.297497 -2.904624
v -0.559168 0.323172 -2.998890
v -0.576337 0.297497 -3.093157
v -0.588905 0.227354 -3.162165
v -0.730375 0.131537 -3.053126
v -0.728358 0.089519 -3.042050
v -0.722847 0.058760 -3.011788
v -0.715318 0.047502 -2.970451
v -0.707789 0.058760 -2.929113
v -0.702278 0.089519 -2.898852
v -0.700260 0.131537 -2.887776
v -0.702278 0.173554 -2.898852
v -0.707789 0.204313 -2.929113
v -0.715318 0.215572 -2.970451
v -0.722847 0.204313 -3.011788
v -0.728358 0.173554 -3.042050
v -0.590366 0.173554 -3.067182
v -0.592384 0.131537 -3.078259
v -0.584855 0.204313 -3.036921
v -0.577326 0.215572 -2.995583
v -0.569797 0.204313 -2.954246
v -0.564286 0.173554 -2.923985
v -0.562269 0.131537 -2.912908
v -0.564286 0.089519 -2.923985
v -0.569797 0.058760 -2.954246
v -0.577326 0.047502 -2.995583
v -0.584855 0.058760 -3.036921
v -0.590366 0.089519 -3.067182
v -0.582378 0.027107 -3.178517
v -0.587392 0.131537 -3.206046
v -0.568680 -0.049341 -3.103306
v -0.549968 -0.077323 -3.000566
v -0.531256 -0.049341 -2.897826
v -0.517558 0.027107 -2.822615
v -0.512544 0.131537 -2.795086
v -0.517558 0.235967 -2.822615
v -0.531256 0.312415 -2.897826
v -0.549968 0.340397 -3.000566
v -0.568680 0.312415 -3.103306
v -0.582378 0.235967 -3.178517
v -0.565025 0.131537 -3.083241
v -0.422042 0.131537 -3.236161
v -0.563008 0.089519 -3.072165
v -0.417028 0.027107 -3.208632
v -0.557497 0.058760 -3.041903
v -0.403330 -0.049341 -3.133421
v -0.549968 0.047502 -3.000566
v -0.384618 -0.077323 -3.030681
v -0.542439 0.058760 -2.959229
v -0.365906 -0.049341 -2.927941
v -0.536928 0.089519 -2.928967
v -0.352208 0.027107 -2.852730
v -0.534910 0.131537 -2.917891
v -0.347194 0.131537 -2.825201
v -0.536928 0.173554 -2.928967
v -0.352208 0.235967 -2.852730
v -0.542439 0.204313 -2.959229
v -0.365906 0.312415 -2.927941
v -0.549968 0.215572 -3.000566
v -0.384618 0.340397 -3.030681
v -0.557497 0.204313 -3.041903
v -0.403330 0.312415 -3.133421
v -0.563008 0.173554 -3.072165
v -0.417028 0.235967 -3.208632
v -0.427034 0.131537 -3.108373
v -0.425016 0.089519 -3.097297
v -0.419505 0.058760 -3.067036
v -0.411976 0.047502 -3.025698
v -0.404447 0.058760 -2.984361
v -0.398936 0.089519 -2.954100
v -0.396919 0.131537 -2.943023
v -0.398936 0.173554 -2.954100
v -0.404447 0.204313 -2.984361
v -0.411976 0.215572 -3.025698
v -0.419505 0.204313 -3.067036
v -0.425016 0.173554 -3.097297
v -0.428155 0.131537 -3.217539
v -0.423555 0.035719 -3.192280
v -0.410986 -0.034424 -3.123272
v -0.393818 -0.060098 -3.029006
v -0.376649 -0.034424 -2.934739
v -0.364081 0.035719 -2.865731
v -0.359480 0.131537 -2.840472
v -0.364081 0.227354 -2.865731
v -0.376649 0.297497 -2.934739
v -0.393818 0.323172 -3.029006
v -0.410986 0.297497 -3.123272
v -0.423555 0.227354 -3.192280
v -0.565025 0.131537 -3.083241
v -0.563008 0.089519 -3.072165
v -0.557497 0.058760 -3.041903
v -0.549968 0.047502 -3.000566
v -0.542439 0.058760 -2.959229
v -0.536928 0.089519 -2.928967
v -0.534910 0.131537 -2.917891
v -0.536928 0.173554 -2.928967
v -0.542439 0.204313 -2.959229
v -0.549968 0.215572 -3.000566
v -0.557497 0.204313 -3.041903
v -0.563008 0.173554 -3.072165
v -0.425016 0.173554 -3.097297
v -0.427034 0.131537 -3.108373
v -0.419505 0.204313 -3.067036
v -0.411976 0.215572 -3.025698
v -0.404447 0.204313 -2.984361
v -0.398936 0.173554 -2.954100
v -0.396919 0.131537 -2.943023
v -0.398936 0.089519 -2.954100
v -0.404447 0.058760 -2.984361
v -0.411976 0.047502 -3.025698
v -0.419505 0.058760 -3.067036
v -0.425016 0.089519 -3.097297
v -0.417028 0.027107 -3.208632
v -0.422042 0.131537 -3.236161
v -0.403330 -0.049341 -3.133421
v -0.384618 -0.077323 -3.030681
v -0.365906 -0.049341 -2.927941
v -0.352208 0.027107 -2.852730
v -0.347194 0.131537 -2.825201
v -0.352208 0.235967 -2.852730
v -0.365906 0.312415 -2.927941
v -0.384618 0.340397 -3.030681
v -0.403330 0.312415 -3.133421
v -0.417028 0.235967 -3.208632
v -0.399675 0.131537 -3.113356
v -0.256692 0.131537 -3.266276
v -0.397658 0.089519 -3.102280
v -0.251678 0.027107 -3.238747
v -0.392146 0.058760 -3.072019
v -0.237980 -0.049341 -3.163537
v -0.384618 0.047502 -3.030681
v -0.219268 -0.077323 -3.060796
v -0.377089 0.058760 -2.989344
v -0.200556 -0.049341 -2.958056
v -0.371577 0.089519 -2.959083
v -0.186858 0.027107 -2.882845
v -0.369560 0.131537 -2.948006
v -0.181844 0.131537 -2.855316
v -0.371577 0.173554 -2.959083
v -0.186858 0.235967 -2.882845
v -0.377089 0.204313 -2.989344
v -0.200556 0.312415 -2.958056
v -0.384618 0.215572 -3.030681
v -0.219268 0.340397 -3.060796
v -0.392146 0.204313 -3.072019
v -0.237980 0.312415 -3.163536
v -0.397658 0.173554 -3.102280
v -0.251678 0.235967 -3.238747
v -0.261683 0.131537 -3.138489
v -0.259666 0.089519 -3.127412
v -0.254155 0.058760 -3.097151
v -0.246626 0.047502 -3.055814
v -0.239097 0.058760 -3.014476
v -0.233586 0.089519 -2.984215
v -0.231568 0.131537 -2.973138
v -0.233586 0.173554 -2.984215
v -0.239097 0.204313 -3.014476
v -0.246626 0.215572 -3.055813
v -0.254155 0.204313 -3.097151
v -0.259666 0.173554 -3.127412
v -0.262805 0.131537 -3.247654
v -0.258205 0.035719 -3.222395
v -0.245636 -0.034424 -3.153387
v -0.228468 -0.060098 -3.059121
v -0.211299 -0.034424 -2.964854
v -0.198731 0.035719 -2.895846
v -0.194130 0.131537 -2.870587
v -0.198731 0.227354 -2.895846
v -0.211299 0.297497 -2.964854
v -0.228468 0.323172 -3.059121
v -0.245636 0.297497 -3.153387
v -0.258205 0.227354 -3.222395
v -0.399675 0.131537 -3.113356
v -0.397658 0.089519 -3.102280
v -0.392146 0.058760 -3.072019
v -0.384618 0.047502 -3.030681
v -0.377089 0.058760 -2.989344
v -0.371577 0.089519 -2.959083
v -0.369560 0.131537 -2.948006
v -0.371577 0.173554 -2.959083
v -0.377089 0.204313 -2.989344
v -0.384618 0.215572 -3.030681
v -0.392146 0.204313 -3.072019
v -0.397658 0.173554 -3.102280
v -0.259666 0.173554 -3.127412
v -0.261683 0.131537 -3.138489
v -0.254155 0.204313 -3.097151
v -0.246626 0.215572 -3.055813
v -0.239097 0.204313 -3.014476
v -0.233586 0.173554 -2.984215
v -0.231568 0.131537 -2.973138
v -0.233586 0.089519 -2.984215
v -0.239097 0.058760 -3.014476
v -0.246626 0.047502 -3.055814
v -0.254155 0.058760 -3.097151
v -0.259666 0.089519 -3.127412
v -0.251678 0.027107 -3.238747
v -0.256692 0.131537 -3.266276
v -0.237980 -0.049341 -3.163537
v -0.219268 -0.077323 -3.060796
v -0.200556 -0.049341 -2.958056
v -0.186858 0.027107 -2.882845
v -0.181844 0.131537 -2.855316
v -0.186858 0.235967 -2.882845
v -0.200556 0.312415 -2.958056
v -0.219268 0.340397 -3.060796
v -0.237980 0.312415 -3.163536
v -0.251678 0.235967 -3.238747
v -0.234325 0.131537 -3.143471
v -0.091341 0.131537 -3.296391
v -0.232308 0.089519 -3.132395
v -0.086328 0.027107 -3.268862
v -0.226796 0.058760 -3.102134
v -0.072629 -0.049341 -3.193651
v -0.219268 0.047502 -3.060796
v -0.053918 -0.077323 -3.090911
v -0.211739 0.058760 -3.019459
v -0.035206 -0.049341 -2.988172
v -0.206227 0.089519 -2.989198
v -0.021507 0.027107 -2.912961
v -0.204210 0.131537 -2.978121
v -0.016494 0.131537 -2.885431
v -0.206227 0.173554 -2.989198
v -0.021507 0.235967 -2.912961
v -0.211739 0.204313 -3.019459
v -0.035205 0.312415 -2.988171
v -0.219268 0.215572 -3.060796
v -0.053917 0.340397 -3.090911
v -0.226796 0.204313 -3.102134
v -0.072629 0.312415 -3.193651
v -0.232308 0.173554 -3.132395
v -0.086328 0.235967 -3.268862
v -0.096333 0.131537 -3.168604
v -0.094316 0.089519 -3.157527
v -0.088805 0.058760 -3.127266
v -0.081276 0.047502 -3.085928
v -0.073747 0.058760 -3.044591
v -0.068236 0.089519 -3.014330
v -0.066218 0.131537 -3.003253
v -0.068236 0.173554 -3.014330
v -0.073747 0.204313 -3.044591
v -0.081276 0.215572 -3.085928
v -0.088805 0.204313 -3.127266
v -0.094316 0.173554 -3.157527
v -0.097455 0.131537 -3.277769
v -0.092855 0.035719 -3.252511
v -0.080286 -0.034424 -3.183502
v -0.063118 -0.060098 -3.089236
v -0.045949 -0.034424 -2.994969
v -0.033381 0.035719 -2.925961
v -0.028780 0.131537 -2.900702
v -0.033381 0.227354 -2.925961
v -0.045949 0.297497 -2.994969
v -0.063118 0.323172 -3.089236
v -0.080286 0.297497 -3.183502
v -0.092855 0.227354 -3.252511
v -0.234325 0.131537 -3.143471
v -0.232308 0.089519 -3.132395
v -0.226796 0.058760 -3.102134
v -0.219268 0.047502 -3.060796
v -0.211739 0.058760 -3.019459
v -0.206227 0.089519 -2.989198
v -0.204210 0.131537 -2.978121
v -0.206227 0.173554 -2.989198
v -0.211739 0.204313 -3.019459
v -0.219268 0.215572 -3.060796
v -0.226796 0.204313 -3.102134
v -0.232308 0.173554 -3.132395
v -0.094316 0.173554 -3.157527
v -0.096333 0.131537 -3.168604
v -0.088805 0.204313 -3.127266
v -0.081276 0.215572 -3.085928
v -0.073747 0.204313 -3.044591
v -0.068236 0.173554 -3.014330
v -0.066218 0.131537 -3.003253
v -0.068236 0.089519 -3.014330
v -0.073747 0.058760 -3.044591
v -0.081276 0.047502 -3.085928
v -0.088805 0.058760 -3.127266
v -0.094316 0.089519 -3.157527
v -0.086328 0.027107 -3.268862
v -0.091341 0.131537 -3.296391
v -0.072629 -0.049341 -3.193651
v -0.053918 -0.077323 -3.090911
v -0.035206 -0.049341 -2.988172
v -0.021507 0.027107 -2.912961
v -0.016494 0.131537 -2.885431
v -0.021507 0.235967 -2.912961
v -0.035205 0.312415 -2.988171
v -0.053917 0.340397 -3.090911
v -0.072629 0.312415 -3.193651
v -0.086328 0.235967 -3.268862
v -1.584648 0.131537 -2.976812
v -1.580759 0.050524 -2.955456
v -1.570132 -0.008782 -2.897110
v -1.555616 -0.030489 -2.817408
v -1.541100 -0.008782 -2.737706
v -1.530474 0.050524 -2.679360
v -1.526584 0.131537 -2.658004
v -1.530474 0.212550 -2.679360
v -1.541100 0.271856 -2.737706
v -1.555616 0.293563 -2.817408
v -1.570132 0.271856 -2.897110
v -1.580759 0.212550 -2.955456
v -1.573953 0.131537 -2.994944
v -1.569681 0.042563 -2.971489
v -1.558011 -0.022571 -2.907410
v -1.542068 -0.046412 -2.819876
v -1.526126 -0.022571 -2.732341
v -1.514455 0.042563 -2.668262
v -1.510183 0.131537 -2.644807
v -1.514455 0.220511 -2.668262
v -1.526126 0.285645 -2.732341
v -1.542068 0.309485 -2.819875
v -1.558011 0.285645 -2.907410
v -1.569681 0.220511 -2.971489
v 1.557126 0.131537 -2.902551
v 1.414142 0.131537 -3.055471
v 1.555108 0.089519 -2.891474
v 1.409128 0.027107 -3.027942
v 1.549597 0.058760 -2.861213
v 1.395430 -0.049341 -2.952731
v 1.542068 0.047502 -2.819876
v 1.376718 -0.077323 -2.849991
v 1.534540 0.058760 -2.778538
v 1.358006 -0.049341 -2.747251
v 1.529028 0.089519 -2.748277
v 1.344308 0.027107 -2.672040
v 1.527011 0.131537 -2.737200
v 1.339294 0.131537 -2.644511
v 1.529028 0.173554 -2.748277
v 1.344308 0.235967 -2.672040
v 1.534540 0.204313 -2.778538
v 1.358006 0.312415 -2.747251
v 1.542068 0.215572 -2.819875
v 1.376718 0.340397 -2.849991
v 1.549597 0.204313 -2.861213
v 1.395430 0.312415 -2.952731
v 1.555108 0.173554 -2.891474
v 1.409128 0.235967 -3.027942
v 1.419134 0.131537 -2.927683
v 1.417117 0.089519 -2.916607
v 1.411605 0.058760 -2.886345
v 1.404076 0.047502 -2.845008
v 1.396548 0.058760 -2.803670
v 1.391037 0.089519 -2.773409
v 1.389019 0.131537 -2.762333
v 1.391037 0.173554 -2.773409
v 1.396548 0.204313 -2.803670
v 1.404076 0.215572 -2.845008
v 1.411605 0.204313 -2.886345
v 1.417117 0.173554 -2.916607
v 1.420256 0.131537 -3.036848
v 1.415655 0.035719 -3.011590
v 1.403087 -0.034424 -2.942582
v 1.385918 -0.060098 -2.848315
v 1.368749 -0.034424 -2.754048
v 1.356181 0.035719 -2.685040
v 1.351581 0.131537 -2.659782
v 1.356181 0.227354 -2.685040
v 1.368749 0.297497 -2.754048
v 1.385918 0.323172 -2.848315
v 1.403087 0.297497 -2.942582
v 1.415655 0.227354 -3.011590
v 1.573953 0.131537 -2.994944
v 1.569681 0.042563 -2.971489
v 1.558011 -0.022571 -2.907410
v 1.542068 -0.046412 -2.819876
v 1.526126 -0.022571 -2.732341
v 1.514455 0.042563 -2.668262
v 1.510183 0.131537 -2.644807
v 1.514455 0.220511 -2.668262
v 1.526126 0.285645 -2.732341
v 1.542068 0.309485 -2.819875
v 1.558011 0.285645 -2.907410
v 1.569681 0.220511 -2.971489
v 1.417117 0.173554 -2.916607
v 1.419134 0.131537 -2.927683
v 1.411605 0.204313 -2.886345
v 1.404076 0.215572 -2.845008
v 1.396548 0.204313 -2.803670
v 1.391037 0.173554 -2.773409
v 1.389019 0.131537 -2.762333
v 1.391037 0.089519 -2.773409
v 1.396548 0.058760 -2.803670
v 1.404076 0.047502 -2.845008
v 1.411605 0.058760 -2.886345
v 1.417117 0.089519 -2.916607
v 1.409128 0.027107 -3.027942
v 1.414142 0.131537 -3.055471
v 1.395430 -0.049341 -2.952731
v 1.376718 -0.077323 -2.849991
v 1.358006 -0.049341 -2.747251
v 1.344308 0.027107 -2.672040
v 1.339294 0.131537 -2.644511
v 1.344308 0.235967 -2.672040
v 1.358006 0.312415 -2.747251
v 1.376718 0.340397 -2.849991
v 1.395430 0.312415 -2.952731
v 1.409128 0.235967 -3.027942
v 1.391776 0.131537 -2.932666
v 1.248792 0.131537 -3.085586
v 1.389758 0.089519 -2.921589
v 1.243778 0.027107 -3.058057
v 1.384247 0.058760 -2.891328
v 1.230080 -0.049341 -2.982846
v 1.376718 0.047502 -2.849991
v 1.211368 -0.077323 -2.880106
v 1.369189 0.058760 -2.808653
v 1.192656 -0.049341 -2.777366
v 1.363678 0.089519 -2.778392
v 1.178958 0.027107 -2.702155
v 1.361661 0.131537 -2.767316
v 1.173944 0.131537 -2.674626
v 1.363678 0.173554 -2.778392
v 1.178958 0.235967 -2.702155
v 1.369189 0.204313 -2.808653
v 1.192656 0.312415 -2.777366
v 1.376718 0.215572 -2.849991
v 1.211368 0.340397 -2.880105
v 1.384247 0.204313 -2.891328
v 1.230080 0.312415 -2.982846
v 1.389758 0.173554 -2.921589
v 1.243778 0.235967 -3.058057
v 1.253784 0.131537 -2.957798
v 1.251767 0.089519 -2.946722
v 1.246255 0.058760 -2.916461
v 1.238726 0.047502 -2.875123
v 1.231198 0.058760 -2.833786
v 1.225686 0.089519 -2.803524
v 1.223669 0.131537 -2.792448
v 1.225686 0.173554 -2.803524
v 1.231198 0.204313 -2.833786
v 1.238726 0.215572 -2.875123
v 1.246255 0.204313 -2.916461
v 1.251767 0.173554 -2.946722
v 1.254906 0.131537 -3.066964
v 1.250305 0.035719 -3.041705
v 1.237737 -0.034424 -2.972697
v 1.220568 -0.060098 -2.878430
v 1.203400 -0.034424 -2.784163
v 1.190831 0.035719 -2.715156
v 1.186231 0.131537 -2.689897
v 1.190831 0.227354 -2.715156
v 1.203399 0.297497 -2.784163
v 1.220568 0.323172 -2.878430
v 1.237737 0.297497 -2.972697
v 1.250305 0.227354 -3.041705
v 1.391776 0.131537 -2.932666
v 1.389758 0.089519 -2.921589
v 1.384247 0.058760 -2.891328
v 1.376718 0.047502 -2.849991
v 1.369189 0.058760 -2.808653
v 1.363678 0.089519 -2.778392
v 1.361661 0.131537 -2.767316
v 1.363678 0.173554 -2.778392
v 1.369189 0.204313 -2.808653
v 1.376718 0.215572 -2.849991
v 1.384247 0.204313 -2.891328
v 1.389758 0.173554 -2.921589
v 1.251767 0.173554 -2.946722
v 1.253784 0.131537 -2.957798
v 1.246255 0.204313 -2.916461
v 1.238726 0.215572 -2.875123
v 1.231198 0.204313 -2.833786
v 1.225686 0.173554 -2.803524
v 1.223669 0.131537 -2.792448
v 1.225686 0.089519 -2.803524
v 1.231198 0.058760 -2.833786
v 1.238726 0.047502 -2.875123
v 1.246255 0.058760 -2.916461
v 1.251767 0.089519 -2.946722
v 1.243778 0.027107 -3.058057
v 1.248792 0.131537 -3.085586
v 1.230080 -0.049341 -2.982846
v 1.211368 -0.077323 -2.880106
v 1.192656 -0.049341 -2.777366
v 1.178958 0.027107 -2.702155
v 1.173944 0.131537 -2.674626
v 1.178958 0.235967 -2.702155
v 1.192656 0.312415 -2.777366
v 1.211368 0.340397 -2.880105
v 1.230080 0.312415 -2.982846
v 1.243778 0.235967 -3.058057
v 1.226426 0.131537 -2.962781
v 1.083442 0.131537 -3.115701
v 1.224408 0.089519 -2.951705
v 1.078428 0.027107 -3.088172
v 1.218897 0.058760 -2.921443
v 1.064730 -0.049341 -3.012961
v 1.211368 0.047502 -2.880105
v 1.046018 -0.077323 -2.910221
v 1.203839 0.058760 -2.838768
v 1.027306 -0.049341 -2.807481
v 1.198328 0.089519 -2.808507
v 1.013608 0.027107 -2.732270
v 1.196311 0.131537 -2.797431
v 1.008594 0.131537 -2.704741
v 1.198328 0.173554 -2.808507
v 1.013608 0.235967 -2.732270
v 1.203839 0.204313 -2.838768
v 1.027306 0.312415 -2.807481
v 1.211368 0.215572 -2.880105
v 1.046018 0.340397 -2.910221
v 1.218897 0.204313 -2.921443
v 1.064730 0.312415 -3.012961
v 1.224408 0.173554 -2.951704
v 1.078428 0.235967 -3.088172
v 1.088434 0.131537 -2.987913
v 1.086417 0.089519 -2.976837
v 1.080905 0.058760 -2.946576
v 1.073376 0.047502 -2.905238
v 1.065848 0.058760 -2.863901
v 1.060336 0.089519 -2.833640
v 1.058319 0.131537 -2.822563
v 1.060336 0.173554 -2.833640
v 1.065847 0.204313 -2.863901
v 1.073376 0.215572 -2.905238
v 1.080905 0.204313 -2.946576
v 1.086416 0.173554 -2.976837
v 1.089556 0.131537 -3.097079
v 1.084955 0.035719 -3.071820
v 1.072387 -0.034424 -3.002812
v 1.055218 -0.060098 -2.908545
v 1.038049 -0.034424 -2.814279
v 1.025481 0.035719 -2.745271
v 1.020881 0.131537 -2.720012
v 1.025481 0.227354 -2.745271
v 1.038049 0.297497 -2.814279
v 1.055218 0.323172 -2.908545
v 1.072387 0.297497 -3.002812
v 1.084955 0.227354 -3.071820
v 1.226426 0.131537 -2.962781
v 1.224408 0.089519 -2.951705
v 1.218897 0.058760 -2.921443
v 1.211368 0.047502 -2.880105
v 1.203839 0.058760 -2.838768
v 1.198328 0.089519 -2.808507
v 1.196311 0.131537 -2.797431
v 1.198328 0.173554 -2.808507
v 1.203839 0.204313 -2.838768
v 1.211368 0.215572 -2.880105
v 1.218897 0.204313 -2.921443
v 1.224408 0.173554 -2.951704
v 1.086416 0.173554 -2.976837
v 1.088434 0.131537 -2.987913
v 1.080905 0.204313 -2.946576
v 1.073376 0.215572 -2.905238
v 1.065847 0.204313 -2.863901
v 1.060336 0.173554 -2.833640
v 1.058319 0.131537 -2.822563
v 1.060336 0.089519 -2.833640
v 1.065848 0.058760 -2.863901
v 1.073376 0.047502 -2.905238
v 1.080905 0.058760 -2.946576
v 1.086417 0.089519 -2.976837
v 1.078428 0.027107 -3.088172
v 1.083442 0.131537 -3.115701
v 1.064730 -0.049341 -3.012961
v 1.046018 -0.077323 -2.910221
v 1.027306 -0.049341 -2.807481
v 1.013608 0.027107 -2.732270
v 1.008594 0.131537 -2.704741
v 1.013608 0.235967 -2.732270
v 1.027306 0.312415 -2.807481
v 1.046018 0.340397 -2.910221
v 1.064730 0.312415 -3.012961
v 1.078428 0.235967 -3.088172
v 1.061075 0.131537 -2.992896
v 0.918092 0.131537 -3.145816
v 1.059058 0.089519 -2.981820
v 0.913078 0.027107 -3.118287
v 1.053547 0.058760 -2.951559
v 0.899380 -0.049341 -3.043076
v 1.046018 0.047502 -2.910221
v 0.880668 -0.077323 -2.940336
v 1.038489 0.058760 -2.868883
v 0.861956 -0.049341 -2.837596
v 1.032978 0.089519 -2.838622
v 0.848258 0.027107 -2.762385
v 1.030960 0.131537 -2.827546
v 0.843244 0.131537 -2.734856
v 1.032978 0.173554 -2.838622
v 0.848258 0.235967 -2.762385
v 1.038489 0.204313 -2.868883
v 0.861956 0.312415 -2.837596
v 1.046018 0.215572 -2.910221
v 0.880668 0.340397 -2.940336
v 1.053547 0.204313 -2.951559
v 0.899380 0.312415 -3.043076
v 1.059058 0.173554 -2.981820
v 0.913078 0.235967 -3.118287
v 0.923084 0.131537 -3.018028
v 0.921067 0.089519 -3.006952
v 0.915555 0.058760 -2.976691
v 0.908026 0.047502 -2.935353
v 0.900498 0.058760 -2.894016
v 0.894986 0.089519 -2.863755
v 0.892969 0.131537 -2.852678
v 0.894986 0.173554 -2.863755
v 0.900498 0.204313 -2.894016
v 0.908026 0.215572 -2.935353
v 0.915555 0.204313 -2.976691
v 0.921067 0.173554 -3.006952
v 0.924205 0.131537 -3.127194
v 0.919605 0.035719 -3.101935
v 0.907037 -0.034424 -3.032927
v 0.889868 -0.060098 -2.938660
v 0.872699 -0.034424 -2.844394
v 0.860131 0.035719 -2.775386
v 0.855531 0.131537 -2.750127
v 0.860131 0.227354 -2.775386
v 0.872699 0.297497 -2.844394
v 0.889868 0.323172 -2.938660
v 0.907037 0.297497 -3.032927
v 0.919605 0.227354 -3.101935
v 1.061075 0.131537 -2.992896
v 1.059058 0.089519 -2.981820
v 1.053547 0.058760 -2.951559
v 1.046018 0.047502 -2.910221
v 1.038489 0.058760 -2.868883
v 1.032978 0.089519 -2.838622
v 1.030960 0.131537 -2.827546
v 1.032978 0.173554 -2.838622
v 1.038489 0.204313 -2.868883
v 1.046018 0.215572 -2.910221
v 1.053547 0.204313 -2.951559
v 1.059058 0.173554 -2.981820
v 0.921067 0.173554 -3.006952
v 0.923084 0.131537 -3.018028
v 0.915555 0.204313 -2.976691
v 0.908026 0.215572 -2.935353
v 0.900498 0.204313 -2.894016
v 0.894986 0.173554 -2.863755
v 0.892969 0.131537 -2.852678
v 0.894986 0.089519 -2.863755
v 0.900498 0.058760 -2.894016
v 0.908026 0.047502 -2.935353
v 0.915555 0.058760 -2.976691
v 0.921067 0.089519 -3.006952
v 0.913078 0.027107 -3.118287
v 0.918092 0.131537 -3.145816
v 0.899380 -0.049341 -3.043076
v 0.880668 -0.077323 -2.940336
v 0.861956 -0.049341 -2.837596
v 0.848258 0.027107 -2.762385
v 0.843244 0.131537 -2.734856
v 0.848258 0.235967 -2.762385
v 0.861956 0.312415 -2.837596
v 0.880668 0.340397 -2.940336
v 0.899380 0.312415 -3.043076
v 0.913078 0.235967 -3.118287
v 0.895725 0.131537 -3.023011
v 0.752742 0.131537 -3.175931
v 0.893708 0.089519 -3.011935
v 0.747728 0.027107 -3.148402
v 0.888197 0.058760 -2.981673
v 0.734030 -0.049341 -3.073191
v 0.880668 0.047502 -2.940336
v 0.715318 -0.077323 -2.970451
v 0.873139 0.058760 -2.898998
v 0.696606 -0.049341 -2.867711
v 0.867628 0.089519 -2.868737
v 0.682908 0.027107 -2.792500
v 0.865610 0.131537 -2.857661
v 0.677894 0.131537 -2.764971
v 0.867628 0.173554 -2.868737
v 0.682908 0.235967 -2.792500
v 0.873139 0.204313 -2.898998
v 0.696606 0.312415 -2.867711
v 0.880668 0.215572 -2.940336
v 0.715318 0.340397 -2.970451
v 0.888197 0.204313 -2.981673
v 0.734030 0.312415 -3.073191
v 0.893708 0.173554 -3.011934
v 0.747728 0.235967 -3.148402
v 0.757734 0.131537 -3.048143
v 0.755717 0.089519 -3.037067
v 0.750205 0.058760 -3.006806
v 0.742676 0.047502 -2.965468
v 0.735147 0.058760 -2.924131
v 0.729636 0.089519 -2.893869
v 0.727619 0.131537 -2.882793
v 0.729636 0.173554 -2.893869
v 0.735147 0.204313 -2.924131
v 0.742676 0.215572 -2.965468
v 0.750205 0.204313 -3.006806
v 0.755717 0.173554 -3.037067
v 0.758856 0.131537 -3.157309
v 0.754255 0.035719 -3.132050
v 0.741687 -0.034424 -3.063042
v 0.724518 -0.060098 -2.968776
v 0.707349 -0.034424 -2.874509
v 0.694781 0.035719 -2.805501
v 0.690181 0.131537 -2.780242
v 0.694781 0.227354 -2.805501
v 0.707349 0.297497 -2.874509
v 0.724518 0.323172 -2.968775
v 0.741687 0.297497 -3.063042
v 0.754255 0.227354 -3.132050
v 0.895725 0.131537 -3.023011
v 0.893708 0.089519 -3.011935
v 0.888197 0.058760 -2.981673
v 0.880668 0.047502 -2.940336
v 0.873139 0.058760 -2.898998
v 0.867628 0.089519 -2.868737
v 0.865610 0.131537 -2.857661
v 0.867628 0.173554 -2.868737
v 0.873139 0.204313 -2.898998
v 0.880668 0.215572 -2.940336
v 0.888197 0.204313 -2.981673
v 0.893708 0.173554 -3.011934
v 0.755717 0.173554 -3.037067
v 0.757734 0.131537 -3.048143
v 0.750205 0.204313 -3.006806
v 0.742676 0.215572 -2.965468
v 0.735147 0.204313 -2.924131
v 0.729636 0.173554 -2.893869
v 0.727619 0.131537 -2.882793
v 0.729636 0.089519 -2.893869
v 0.735147 0.058760 -2.924131
v 0.742676 0.047502 -2.965468
v 0.750205 0.058760 -3.006806
v 0.755717 0.089519 -3.037067
v 0.747728 0.027107 -3.148402
v 0.752742 0.131537 -3.175931
v 0.734030 -0.049341 -3.073191
v 0.715318 -0.077323 -2.970451
v 0.696606 -0.049341 -2.867711
v 0.682908 0.027107 -2.792500
v 0.677894 0.131537 -2.764971
v 0.682908 0.235967 -2.792500
v 0.696606 0.312415 -2.867711
v 0.715318 0.340397 -2.970451
v 0.734030 0.312415 -3.073191
v 0.747728 0.235967 -3.148402
v 0.730375 0.131537 -3.053126
v 0.587392 0.131537 -3.206046
v 0.728358 0.089519 -3.042050
v 0.582378 0.027107 -3.178517
v 0.722847 0.058760 -3.011788
v 0.568680 -0.049341 -3.103306
v 0.715318 0.047502 -2.970451
v 0.549968 -0.077323 -3.000566
v 0.707789 0.058760 -2.929113
v 0.531256 -0.049341 -2.897826
v 0.702278 0.089519 -2.898852
v 0.517558 0.027107 -2.822615
v 0.700260 0.131537 -2.887776
v 0.512544 0.131537 -2.795086
v 0.702278 0.173554 -2.898852
v 0.517558 0.235967 -2.822615
v 0.707789 0.204313 -2.929113
v 0.531256 0.312415 -2.897826
v 0.715318 0.215572 -2.970451
v 0.549968 0.340397 -3.000566
v 0.722847 0.204313 -3.011788
v 0.568680 0.312415 -3.103306
v 0.728358 0.173554 -3.042050
v 0.582378 0.235967 -3.178517
v 0.592384 0.131537 -3.078259
v 0.590366 0.089519 -3.067182
v 0.584855 0.058760 -3.036921
v 0.577326 0.047502 -2.995583
v 0.569797 0.058760 -2.954246
v 0.564286 0.089519 -2.923985
v 0.562269 0.131537 -2.912908
v 0.564286 0.173554 -2.923985
v 0.569797 0.204313 -2.954246
v 0.577326 0.215572 -2.995583
v 0.584855 0.204313 -3.036921
v 0.590366 0.173554 -3.067182
v 0.593505 0.131537 -3.187424
v 0.588905 0.035719 -3.162165
v 0.576337 -0.034424 -3.093157
v 0.559168 -0.060098 -2.998890
v 0.541999 -0.034424 -2.904624
v 0.529431 0.035719 -2.835616
v 0.524831 0.131537 -2.810357
v 0.529431 0.227354 -2.835616
v 0.541999 0.297497 -2.904624
v 0.559168 0.323172 -2.998890
v 0.576337 0.297497 -3.093157
v 0.588905 0.227354 -3.162165
v 0.730375 0.131537 -3.053126
v 0.728358 0.089519 -3.042050
v 0.722847 0.058760 -3.011788
v 0.715318 0.047502 -2.970451
v 0.707789 0.058760 -2.929113
v 0.702278 0.089519 -2.898852
v 0.700260 0.131537 -2.887776
v 0.702278 0.173554 -2.898852
v 0.707789 0.204313 -2.929113
v 0.715318 0.215572 -2.970451
v 0.722847 0.204313 -3.011788
v 0.728358 0.173554 -3.042050
v 0.590366 0.173554 -3.067182
v 0.592384 0.131537 -3.078259
v 0.584855 0.204313 -3.036921
v 0.577326 0.215572 -2.995583
v 0.569797 0.204313 -2.954246
v 0.564286 0.173554 -2.923985
v 0.562269 0.131537 -2.912908
v 0.564286 0.089519 -2.923985
v 0.569797 0.058760 -2.954246
v 0.577326 0.047502 -2.995583
v 0.584855 0.058760 -3.036921
v 0.590366 0.089519 -3.067182
v 0.582378 0.027107 -3.178517
v 0.587392 0.131537 -3.206046
v 0.568680 -0.049341 -3.103306
v 0.549968 -0.077323 -3.000566
v 0.531256 -0.049341 -2.897826
v 0.517558 0.027107 -2.822615
v 0.512544 0.131537 -2.795086
v 0.517558 0.235967 -2.822615
v 0.531256 0.312415 -2.897826
v 0.549968 0.340397 -3.000566
v 0.568680 0.312415 -3.103306
v 0.582378 0.235967 -3.178517
v 0.565025 0.131537 -3.083241
v 0.422042 0.131537 -3.236161
v 0.563008 0.089519 -3.072165
v 0.417028 0.027107 -3.208632
v 0.557497 0.058760 -3.041903
v 0.403330 -0.049341 -3.133421
v 0.549968 0.047502 -3.000566
v 0.384618 -0.077323 -3.030681
v 0.542439 0.058760 -2.959229
v 0.365906 -0.049341 -2.927941
v 0.536928 0.089519 -2.928967
v 0.352208 0.027107 -2.852730
v 0.534910 0.131537 -2.917891
v 0.347194 0.131537 -2.825201
v 0.536928 0.173554 -2.928967
v 0.352208 0.235967 -2.852730
v 0.542439 0.204313 -2.959229
v 0.365906 0.312415 -2.927941
v 0.549968 0.215572 -3.000566
v 0.384618 0.340397 -3.030681
v 0.557497 0.204313 -3.041903
v 0.403330 0.312415 -3.133421
v 0.563008 0.173554 -3.072165
v 0.417028 0.235967 -3.208632
v 0.427034 0.131537 -3.108373
v 0.425016 0.089519 -3.097297
v 0.419505 0.058760 -3.067036
v 0.411976 0.047502 -3.025698
v 0.404447 0.058760 -2.984361
v 0.398936 0.089519 -2.954100
v 0.396919 0.131537 -2.943023
v 0.398936 0.173554 -2.954100
v 0.404447 0.204313 -2.984361
v 0.411976 0.215572 -3.025698
v 0.419505 0.204313 -3.067036
v 0.425016 0.173554 -3.097297
v 0.428155 0.131537 -3.217539
v 0.423555 0.035719 -3.192280
v 0.410986 -0.034424 -3.123272
v 0.393818 -0.060098 -3.029006
v 0.376649 -0.034424 -2.934739
v 0.364081 0.035719 -2.865731
v 0.359480 0.131537 -2.840472
v 0.364081 0.227354 -2.865731
v 0.376649 0.297497 -2.934739
v 0.393818 0.323172 -3.029006
v 0.410986 0.297497 -3.123272
v 0.423555 0.227354 -3.192280
v 0.565025 0.131537 -3.083241
v 0.563008 0.089519 -3.072165
v 0.557497 0.058760 -3.041903
v 0.549968 0.047502 -3.000566
v 0.542439 0.058760 -2.959229
v 0.536928 0.089519 -2.928967
v 0.534910 0.131537 -2.917891
v 0.536928 0.173554 -2.928967
v 0.542439 0.204313 -2.959229
v 0.549968 0.215572 -3.000566
v 0.557497 0.204313 -3.041903
v 0.563008 0.173554 -3.072165
v 0.425016 0.173554 -3.097297
v 0.427034 0.131537 -3.108373
v 0.419505 0.204313 -3.067036
v 0.411976 0.215572 -3.025698
v 0.404447 0.204313 -2.984361
v 0.398936 0.173554 -2.954100
v 0.396919 0.131537 -2.943023
v 0.398936 0.089519 -2.954100
v 0.404447 0.058760 -2.984361
v 0.411976 0.047502 -3.025698
v 0.419505 0.058760 -3.067036
v 0.425016 0.089519 -3.097297
v 0.417028 0.027107 -3.208632
v 0.422042 0.131537 -3.236161
v 0.403330 -0.049341 -3.133421
v 0.384618 -0.077323 -3.030681
v 0.365906 -0.049341 -2.927941
v 0.352208 0.027107 -2.852730
v 0.347194 0.131537 -2.825201
v 0.352208 0.235967 -2.852730
v 0.365906 0.312415 -2.927941
v 0.384618 0.340397 -3.030681
v 0.403330 0.312415 -3.133421
v 0.417028 0.235967 -3.208632
v 0.399675 0.131537 -3.113356
v 0.256692 0.131537 -3.266276
v 0.397658 0.089519 -3.102280
v 0.251678 0.027107 -3.238747
v 0.392146 0.058760 -3.072019
v 0.237980 -0.049341 -3.163537
v 0.384618 0.047502 -3.030681
v 0.219268 -0.077323 -3.060796
v 0.377089 0.058760 -2.989344
v 0.200556 -0.049341 -2.958056
v 0.371577 0.089519 -2.959083
v 0.186858 0.027107 -2.882845
v 0.369560 0.131537 -2.948006
v 0.181844 0.131537 -2.855316
v 0.371577 0.173554 -2.959083
v 0.186858 0.235967 -2.882845
v 0.377089 0.204313 -2.989344
v 0.200556 0.312415 -2.958056
v 0.384618 0.215572 -3.030681
v 0.219268 0.340397 -3.060796
v 0.392146 0.204313 -3.072019
v 0.237980 0.312415 -3.163536
v 0.397658 0.173554 -3.102280
v 0.251678 0.235967 -3.238747
v 0.261683 0.131537 -3.138489
v 0.259666 0.089519 -3.127412
v 0.254155 0.058760 -3.097151
v 0.246626 0.047502 -3.055814
v 0.239097 0.058760 -3.014476
v 0.233586 0.089519 -2.984215
v 0.231568 0.131537 -2.973138
v 0.233586 0.173554 -2.984215
v 0.239097 0.204313 -3.014476
v 0.246626 0.215572 -3.055813
v 0.254155 0.204313 -3.097151
v 0.259666 0.173554 -3.127412
v 0.262805 0.131537 -3.247654
v 0.258205 0.035719 -3.222395
v 0.245636 -0.034424 -3.153387
v 0.228468 -0.060098 -3.059121
v 0.211299 -0.034424 -2.964854
v 0.198731 0.035719 -2.895846
v 0.194130 0.131537 -2.870587
v 0.198731 0.227354 -2.895846
v 0.211299 0.297497 -2.964854
v 0.228468 0.323172 -3.059121
v 0.245636 0.297497 -3.153387
v 0.258205 0.227354 -3.222395
v 0.399675 0.131537 -3.113356
v 0.397658 0.089519 -3.102280
v 0.392146 0.058760 -3.072019
v 0.384618 0.047502 -3.030681
v 0.377089 0.058760 -2.989344
v 0.371577 0.089519 -2.959083
v 0.369560 0.131537 -2.948006
v 0.371577 0.173554 -2.959083
v 0.377089 0.204313 -2.989344
v 0.384618 0.215572 -3.030681
v 0.392146 0.204313 -3.072019
v 0.397658 0.173554 -3.102280
v 0.259666 0.173554 -3.127412
v 0.261683 0.131537 -3.138489
v 0.254155 0.204313 -3.097151
v 0.246626 0.215572 -3.055813
v 0.239097 0.204313 -3.014476
v 0.233586 0.173554 -2.984215
v 0.231568 0.131537 -2.973138
v 0.233586 0.089519 -2.984215
v 0.239097 0.058760 -3.014476
v 0.246626 0.047502 -3.055814
v 0.254155 0.058760 -3.097151
v 0.259666 0.089519 -3.127412
v 0.251678 0.027107 -3.238747
v 0.256692 0.131537 -3.266276
v 0.237980 -0.049341 -3.163537
v 0.219268 -0.077323 -3.060796
v 0.200556 -0.049341 -2.958056
v 0.186858 0.027107 -2.882845
v 0.181844 0.131537 -2.855316
v 0.186858 0.235967 -2.882845
v 0.200556 0.312415 -2.958056
v 0.219268 0.340397 -3.060796
v 0.237980 0.312415 -3.163536
v 0.251678 0.235967 -3.238747
v 0.234325 0.131537 -3.143471
v 0.091341 0.131537 -3.296391
v 0.232308 0.089519 -3.132395
v 0.086328 0.027107 -3.268862
v 0.226796 0.058760 -3.102134
v 0.072629 -0.049341 -3.193651
v 0.219268 0.047502 -3.060796
v 0.053918 -0.077323 -3.090911
v 0.211739 0.058760 -3.019459
v 0.035206 -0.049341 -2.988172
v 0.206227 0.089519 -2.989198
v 0.021507 0.027107 -2.912961
v 0.204210 0.131537 -2.978121
v 0.016494 0.131537 -2.885431
v 0.206227 0.173554 -2.989198
v 0.021507 0.235967 -2.912961
v 0.211739 0.204313 -3.019459
v 0.035205 0.312415 -2.988171
v 0.219268 0.215572 -3.060796
v 0.053917 0.340397 -3.090911
v 0.226796 0.204313 -3.102134
v 0.072629 0.312415 -3.193651
v 0.232308 0.173554 -3.132395
v 0.086328 0.235967 -3.268862
v 0.096333 0.131537 -3.168604
v 0.094316 0.089519 -3.157527
v 0.088805 0.058760 -3.127266
v 0.081276 0.047502 -3.085928
v 0.073747 0.058760 -3.044591
v 0.068236 0.089519 -3.014330
v 0.066218 0.131537 -3.003253
v 0.068236 0.173554 -3.014330
v 0.073747 0.204313 -3.044591
v 0.081276 0.215572 -3.085928
v 0.088805 0.204313 -3.127266
v 0.094316 0.173554 -3.157527
v 0.097455 0.131537 -3.277769
v 0.092855 0.035719 -3.252511
v 0.080286 -0.034424 -3.183502
v 0.063118 -0.060098 -3.089236
v 0.045949 -0.034424 -2.994969
v 0.033381 0.035719 -2.925961
v 0.028780 0.131537 -2.900702
v 0.033381 0.227354 -2.925961
v 0.045949 0.297497 -2.994969
v 0.063118 0.323172 -3.089236
v 0.080286 0.297497 -3.183502
v 0.092855 0.227354 -3.252511
v 0.234325 0.131537 -3.143471
v 0.232308 0.089519 -3.132395
v 0.226796 0.058760 -3.102134
v 0.219268 0.047502 -3.060796
v 0.211739 0.058760 -3.019459
v 0.206227 0.089519 -2.989198
v 0.204210 0.131537 -2.978121
v 0.206227 0.173554 -2.989198
v 0.211739 0.204313 -3.019459
v 0.219268 0.215572 -3.060796
v 0.226796 0.204313 -3.102134
v 0.232308 0.173554 -3.132395
v 0.094316 0.173554 -3.157527
v 0.096333 0.131537 -3.168604
v 0.088805 0.204313 -3.127266
v 0.081276 0.215572 -3.085928
v 0.073747 0.204313 -3.044591
v 0.068236 0.173554 -3.014330
v 0.066218 0.131537 -3.003253
v 0.068236 0.089519 -3.014330
v 0.073747 0.058760 -3.044591
v 0.081276 0.047502 -3.085928
v 0.088805 0.058760 -3.127266
v 0.094316 0.089519 -3.157527
v 0.086328 0.027107 -3.268862
v 0.091341 0.131537 -3.296391
v 0.072629 -0.049341 -3.193651
v 0.053918 -0.077323 -3.090911
v 0.035206 -0.049341 -2.988172
v 0.021507 0.027107 -2.912961
v 0.016494 0.131537 -2.885431
v 0.021507 0.235967 -2.912961
v 0.035205 0.312415 -2.988171
v 0.053917 0.340397 -3.090911
v 0.072629 0.312415 -3.193651
v 0.086328 0.235967 -3.268862
v 1.584648 0.131537 -2.976812
v 1.580759 0.050524 -2.955456
v 1.570132 -0.008782 -2.897110
v 1.555616 -0.030489 -2.817408
v 1.541100 -0.008782 -2.737706
v 1.530474 0.050524 -2.679360
v 1.526584 0.131537 -2.658004
v 1.530474 0.212550 -2.679360
v 1.541100 0.271856 -2.737706
v 1.555616 0.293563 -2.817408
v 1.570132 0.271856 -2.897110
v 1.580759 0.212550 -2.955456
v 1.573953 0.131537 -2.994944
v 1.569681 0.042563 -2.971489
v 1.558011 -0.022571 -2.907410
v 1.542068 -0.046412 -2.819876
v 1.526126 -0.022571 -2.732341
v 1.514455 0.042563 -2.668262
v 1.510183 0.131537 -2.644807
v 1.514455 0.220511 -2.668262
v 1.526126 0.285645 -2.732341
v 1.542068 0.309485 -2.819875
v 1.558011 0.285645 -2.907410
v 1.569681 0.220511 -2.971489
v -1.651207 0.131537 -5.224624
v -1.454849 0.131537 -5.297237
v -1.654368 0.089519 -5.213818
v -1.462706 0.027107 -5.270380
v -1.663005 0.058760 -5.184296
v -1.484171 -0.049341 -5.197008
v -1.674802 0.047502 -5.143969
v -1.513493 -0.077323 -5.096778
v -1.686600 0.058760 -5.103642
v -1.542815 -0.049341 -4.996549
v -1.695236 0.089519 -5.074121
v -1.564280 0.027107 -4.923177
v -1.698398 0.131537 -5.063314
v -1.572137 0.131537 -4.896320
v -1.695236 0.173554 -5.074121
v -1.564280 0.235967 -4.923177
v -1.686600 0.204313 -5.103642
v -1.542815 0.312415 -4.996549
v -1.674802 0.215572 -5.143969
v -1.513493 0.340397 -5.096778
v -1.663005 0.204313 -5.184296
v -1.484171 0.312415 -5.197008
v -1.654368 0.173554 -5.213818
v -1.462706 0.235967 -5.270380
v -1.516588 0.131537 -5.185241
v -1.519749 0.089519 -5.174436
v -1.528385 0.058760 -5.144914
v -1.540183 0.047502 -5.104587
v -1.551981 0.058760 -5.064259
v -1.560617 0.089519 -5.034738
v -1.563779 0.131537 -5.023932
v -1.560617 0.173554 -5.034738
v -1.551981 0.204313 -5.064259
v -1.540183 0.215572 -5.104586
v -1.528385 0.204313 -5.144914
v -1.519749 0.173554 -5.174435
v -1.468661 0.131537 -5.283330
v -1.475870 0.035719 -5.258688
v -1.495565 -0.034424 -5.191367
v -1.522469 -0.060098 -5.099404
v -1.549372 -0.034424 -5.007442
v -1.569067 0.035719 -4.940120
v -1.576276 0.131537 -4.915479
v -1.569067 0.227354 -4.940120
v -1.549372 0.297497 -5.007442
v -1.522469 0.323172 -5.099404
v -1.495565 0.297497 -5.191367
v -1.475870 0.227354 -5.258688
v -1.624838 0.131537 -5.314759
v -1.631532 0.042563 -5.291878
v -1.649820 -0.022571 -5.229364
v -1.674802 -0.046412 -5.143969
v -1.699784 -0.022571 -5.058574
v -1.718072 0.042563 -4.996061
v -1.724767 0.131537 -4.973179
v -1.718072 0.220511 -4.996061
v -1.699784 0.285645 -5.058574
v -1.674802 0.309485 -5.143969
v -1.649820 0.285645 -5.229364
v -1.631532 0.220511 -5.291878
v -1.519749 0.173554 -5.174435
v -1.516588 0.131537 -5.185241
v -1.528385 0.204313 -5.144914
v -1.540183 0.215572 -5.104586
v -1.551981 0.204313 -5.064259
v -1.560617 0.173554 -5.034738
v -1.563779 0.131537 -5.023932
v -1.560617 0.089519 -5.034738
v -1.551981 0.058760 -5.064259
v -1.540183 0.047502 -5.104587
v -1.528385 0.058760 -5.144914
v -1.519749 0.089519 -5.174436
v -1.462706 0.027107 -5.270380
v -1.454849 0.131537 -5.297237
v -1.484171 -0.049341 -5.197008
v -1.513493 -0.077323 -5.096778
v -1.542815 -0.049341 -4.996549
v -1.564280 0.027107 -4.923177
v -1.572137 0.131537 -4.896320
v -1.564280 0.235967 -4.923177
v -1.542815 0.312415 -4.996549
v -1.513493 0.340397 -5.096778
v -1.484171 0.312415 -5.197008
v -1.462706 0.235967 -5.270380
v -1.489898 0.131537 -5.177433
v -1.293540 0.131537 -5.250046
v -1.493059 0.089519 -5.166627
v -1.301397 0.027107 -5.223190
v -1.501696 0.058760 -5.137105
v -1.322862 -0.049341 -5.149817
v -1.513493 0.047502 -5.096778
v -1.352184 -0.077323 -5.049588
v -1.525291 0.058760 -5.056451
v -1.381506 -0.049341 -4.949358
v -1.533927 0.089519 -5.026930
v -1.402971 0.027107 -4.875986
v -1.537089 0.131537 -5.016124
v -1.410828 0.131537 -4.849130
v -1.533927 0.173554 -5.026930
v -1.402971 0.235967 -4.875986
v -1.525291 0.204313 -5.056451
v -1.381506 0.312415 -4.949358
v -1.513493 0.215572 -5.096778
v -1.352184 0.340397 -5.049587
v -1.501696 0.204313 -5.137105
v -1.322862 0.312415 -5.149817
v -1.493059 0.173554 -5.166627
v -1.301397 0.235967 -5.223190
v -1.355279 0.131537 -5.138050
v -1.358440 0.089519 -5.127245
v -1.367076 0.058760 -5.097723
v -1.378874 0.047502 -5.057396
v -1.390672 0.058760 -5.017069
v -1.399308 0.089519 -4.987547
v -1.402469 0.131537 -4.976741
v -1.399308 0.173554 -4.987547
v -1.390672 0.204313 -5.017069
v -1.378874 0.215572 -5.057396
v -1.367076 0.204313 -5.097723
v -1.358440 0.173554 -5.127245
v -1.307352 0.131537 -5.236139
v -1.314561 0.035719 -5.211498
v -1.334256 -0.034424 -5.144176
v -1.361160 -0.060098 -5.052214
v -1.388063 -0.034424 -4.960251
v -1.407758 0.035719 -4.892929
v -1.414967 0.131537 -4.868288
v -1.407758 0.227354 -4.892929
v -1.388063 0.297497 -4.960251
v -1.361159 0.323172 -5.052214
v -1.334256 0.297497 -5.144176
v -1.314561 0.227354 -5.211498
v -1.489898 0.131537 -5.177433
v -1.493059 0.089519 -5.166627
v -1.501696 0.058760 -5.137105
v -1.513493 0.047502 -5.096778
v -1.525291 0.058760 -5.056451
v -1.533927 0.089519 -5.026930
v -1.537089 0.131537 -5.016124
v -1.533927 0.173554 -5.026930
v -1.525291 0.204313 -5.056451
v -1.513493 0.215572 -5.096778
v -1.501696 0.204313 -5.137105
v -1.493059 0.173554 -5.166627
v -1.358440 0.173554 -5.127245
v -1.355279 0.131537 -5.138050
v -1.367076 0.204313 -5.097723
v -1.378874 0.215572 -5.057396
v -1.390672 0.204313 -5.017069
v -1.399308 0.173554 -4.987547
v -1.402469 0.131537 -4.976741
v -1.399308 0.089519 -4.987547
v -1.390672 0.058760 -5.017069
v -1.378874 0.047502 -5.057396
v -1.367076 0.058760 -5.097723
v -1.358440 0.089519 -5.127245
v -1.301397 0.027107 -5.223190
v -1.293540 0.131537 -5.250046
v -1.322862 -0.049341 -5.149817
v -1.352184 -0.077323 -5.049588
v -1.381506 -0.049341 -4.949358
v -1.402971 0.027107 -4.875986
v -1.410828 0.131537 -4.849130
v -1.402971 0.235967 -4.875986
v -1.381506 0.312415 -4.949358
v -1.352184 0.340397 -5.049587
v -1.322862 0.312415 -5.149817
v -1.301397 0.235967 -5.223190
v -1.328589 0.131537 -5.130242
v -1.132232 0.131537 -5.202856
v -1.331750 0.089519 -5.119437
v -1.140088 0.027107 -5.175999
v -1.340387 0.058760 -5.089915
v -1.161553 -0.049341 -5.102626
v -1.352184 0.047502 -5.049587
v -1.190875 -0.077323 -5.002397
v -1.363982 0.058760 -5.009260
v -1.220197 -0.049341 -4.902168
v -1.372619 0.089519 -4.979739
v -1.241662 0.027107 -4.828795
v -1.375779 0.131537 -4.968933
v -1.249519 0.131537 -4.801939
v -1.372619 0.173554 -4.979739
v -1.241662 0.235967 -4.828795
v -1.363982 0.204313 -5.009260
v -1.220197 0.312415 -4.902168
v -1.352184 0.215572 -5.049587
v -1.190875 0.340397 -5.002397
v -1.340387 0.204313 -5.089915
v -1.161553 0.312415 -5.102626
v -1.331750 0.173554 -5.119436
v -1.140088 0.235967 -5.175999
v -1.193969 0.131537 -5.090860
v -1.197131 0.089519 -5.080054
v -1.205767 0.058760 -5.050532
v -1.217565 0.047502 -5.010205
v -1.229363 0.058760 -4.969878
v -1.237999 0.089519 -4.940356
v -1.241160 0.131537 -4.929551
v -1.237999 0.173554 -4.940356
v -1.229362 0.204313 -4.969878
v -1.217565 0.215572 -5.010205
v -1.205767 0.204313 -5.050532
v -1.197131 0.173554 -5.080054
v -1.146043 0.131537 -5.188948
v -1.153252 0.035719 -5.164307
v -1.172947 -0.034424 -5.096985
v -1.199850 -0.060098 -5.005023
v -1.226754 -0.034424 -4.913060
v -1.246449 0.035719 -4.845738
v -1.253658 0.131537 -4.821097
v -1.246449 0.227354 -4.845738
v -1.226754 0.297497 -4.913060
v -1.199850 0.323172 -5.005023
v -1.172947 0.297497 -5.096985
v -1.153252 0.227354 -5.164307
v -1.328589 0.131537 -5.130242
v -1.331750 0.089519 -5.119437
v -1.340387 0.058760 -5.089915
v -1.352184 0.047502 -5.049587
v -1.363982 0.058760 -5.009260
v -1.372619 0.089519 -4.979739
v -1.375779 0.131537 -4.968933
v -1.372619 0.173554 -4.979739
v -1.363982 0.204313 -5.009260
v -1.352184 0.215572 -5.049587
v -1.340387 0.204313 -5.089915
v -1.331750 0.173554 -5.119436
v -1.197131 0.173554 -5.080054
v -1.193969 0.131537 -5.090860
v -1.205767 0.204313 -5.050532
v -1.217565 0.215572 -5.010205
v -1.229362 0.204313 -4.969878
v -1.237999 0.173554 -4.940356
v -1.241160 0.131537 -4.929551
v -1.237999 0.089519 -4.940356
v -1.229363 0.058760 -4.969878
v -1.217565 0.047502 -5.010205
v -1.205767 0.058760 -5.050532
v -1.197131 0.089519 -5.080054
v -1.140088 0.027107 -5.175999
v -1.132232 0.131537 -5.202856
v -1.161553 -0.049341 -5.102626
v -1.190875 -0.077323 -5.002397
v -1.220197 -0.049341 -4.902168
v -1.241662 0.027107 -4.828795
v -1.249519 0.131537 -4.801939
v -1.241662 0.235967 -4.828795
v -1.220197 0.312415 -4.902168
v -1.190875 0.340397 -5.002397
v -1.161553 0.312415 -5.102626
v -1.140088 0.235967 -5.175999
v -1.167280 0.131537 -5.083051
v -0.970922 0.131537 -5.155664
v -1.170441 0.089519 -5.072246
v -0.978779 0.027107 -5.128808
v -1.179077 0.058760 -5.042724
v -1.000244 -0.049341 -5.055435
v -1.190875 0.047502 -5.002397
v -1.029566 -0.077323 -4.955206
v -1.202673 0.058760 -4.962070
v -1.058888 -0.049341 -4.854977
v -1.211309 0.089519 -4.932548
v -1.080353 0.027107 -4.781604
v -1.214471 0.131537 -4.921742
v -1.088210 0.131537 -4.754748
v -1.211309 0.173554 -4.932548
v -1.080353 0.235967 -4.781604
v -1.202673 0.204313 -4.962070
v -1.058888 0.312415 -4.854977
v -1.190875 0.215572 -5.002397
v -1.029566 0.340397 -4.955206
v -1.179077 0.204313 -5.042724
v -1.000244 0.312415 -5.055435
v -1.170441 0.173554 -5.072246
v -0.978779 0.235967 -5.128808
v -1.032661 0.131537 -5.043669
v -1.035822 0.089519 -5.032863
v -1.044458 0.058760 -5.003342
v -1.056256 0.047502 -4.963015
v -1.068054 0.058760 -4.922687
v -1.076690 0.089519 -4.893166
v -1.079851 0.131537 -4.882360
v -1.076690 0.173554 -4.893166
v -1.068054 0.204313 -4.922687
v -1.056256 0.215572 -4.963015
v -1.044458 0.204313 -5.003342
v -1.035822 0.173554 -5.032863
v -0.984734 0.131537 -5.141757
v -0.991943 0.035719 -5.117116
v -1.011638 -0.034424 -5.049795
v -1.038541 -0.060098 -4.957832
v -1.065445 -0.034424 -4.865869
v -1.085140 0.035719 -4.798548
v -1.092349 0.131537 -4.773906
v -1.085140 0.227354 -4.798548
v -1.065445 0.297497 -4.865869
v -1.038542 0.323172 -4.957832
v -1.011638 0.297497 -5.049795
v -0.991943 0.227354 -5.117116
v -1.167280 0.131537 -5.083051
v -1.170441 0.089519 -5.072246
v -1.179077 0.058760 -5.042724
v -1.190875 0.047502 -5.002397
v -1.202673 0.058760 -4.962070
v -1.211309 0.089519 -4.932548
v -1.214471 0.131537 -4.921742
v -1.211309 0.173554 -4.932548
v -1.202673 0.204313 -4.962070
v -1.190875 0.215572 -5.002397
v -1.179077 0.204313 -5.042724
v -1.170441 0.173554 -5.072246
v -1.035822 0.173554 -5.032863
v -1.032661 0.131537 -5.043669
v -1.044458 0.204313 -5.003342
v -1.056256 0.215572 -4.963015
v -1.068054 0.204313 -4.922687
v -1.076690 0.173554 -4.893166
v -1.079851 0.131537 -4.882360
v -1.076690 0.089519 -4.893166
v -1.068054 0.058760 -4.922687
v -1.056256 0.047502 -4.963015
v -1.044458 0.058760 -5.003342
v -1.035822 0.089519 -5.032863
v -0.978779 0.027107 -5.128808
v -0.970922 0.131537 -5.155664
v -1.000244 -0.049341 -5.055435
v -1.029566 -0.077323 -4.955206
v -1.058888 -0.049341 -4.854977
v -1.080353 0.027107 -4.781604
v -1.088210 0.131537 -4.754748
v -1.080353 0.235967 -4.781604
v -1.058888 0.312415 -4.854977
v -1.029566 0.340397 -4.955206
v -1.000244 0.312415 -5.055435
v -0.978779 0.235967 -5.128808
v -1.005971 0.131537 -5.035861
v -0.809613 0.131537 -5.108474
v -1.009132 0.089519 -5.025055
v -0.817470 0.027107 -5.081618
v -1.017768 0.058760 -4.995533
v -0.838935 -0.049341 -5.008245
v -1.029566 0.047502 -4.955206
v -0.868257 -0.077323 -4.908016
v -1.041364 0.058760 -4.914879
v -0.897579 -0.049341 -4.807786
v -1.050000 0.089519 -4.885357
v -0.919044 0.027107 -4.734414
v -1.053162 0.131537 -4.874552
v -0.926901 0.131537 -4.707558
v -1.050000 0.173554 -4.885357
v -0.919044 0.235967 -4.734414
v -1.041364 0.204313 -4.914879
v -0.897579 0.312415 -4.807786
v -1.029566 0.215572 -4.955206
v -0.868257 0.340397 -4.908016
v -1.017768 0.204313 -4.995533
v -0.838935 0.312415 -5.008245
v -1.009132 0.173554 -5.025055
v -0.817470 0.235967 -5.081617
v -0.871352 0.131537 -4.996479
v -0.874513 0.089519 -4.985672
v -0.883149 0.058760 -4.956151
v -0.894947 0.047502 -4.915824
v -0.906745 0.058760 -4.875496
v -0.915381 0.089519 -4.845975
v -0.918542 0.131537 -4.835169
v -0.915381 0.173554 -4.845975
v -0.906745 0.204313 -4.875496
v -0.894947 0.215572 -4.915824
v -0.883149 0.204313 -4.956151
v -0.874513 0.173554 -4.985672
v -0.823425 0.131537 -5.094567
v -0.830634 0.035719 -5.069926
v -0.850329 -0.034424 -5.002604
v -0.877232 -0.060098 -4.910641
v -0.904136 -0.034424 -4.818678
v -0.923831 0.035719 -4.751357
v -0.931040 0.131537 -4.726716
v -0.923831 0.227354 -4.751357
v -0.904136 0.297497 -4.818678
v -0.877233 0.323172 -4.910641
v -0.850329 0.297497 -5.002604
v -0.830634 0.227354 -5.069926
v -1.005971 0.131537 -5.035861
v -1.009132 0.089519 -5.025055
v -1.017768 0.058760 -4.995533
v -1.029566 0.047502 -4.955206
v -1.041364 0.058760 -4.914879
v -1.050000 0.089519 -4.885357
v -1.053162 0.131537 -4.874552
v -1.050000 0.173554 -4.885357
v -1.041364 0.204313 -4.914879
v -1.029566 0.215572 -4.955206
v -1.017768 0.204313 -4.995533
v -1.009132 0.173554 -5.025055
v -0.874513 0.173554 -4.985672
v -0.871352 0.131537 -4.996479
v -0.883149 0.204313 -4.956151
v -0.894947 0.215572 -4.915824
v -0.906745 0.204313 -4.875496
v -0.915381 0.173554 -4.845975
v -0.918542 0.131537 -4.835169
v -0.915381 0.089519 -4.845975
v -0.906745 0.058760 -4.875496
v -0.894947 0.047502 -4.915824
v -0.883149 0.058760 -4.956151
v -0.874513 0.089519 -4.985672
v -0.817470 0.027107 -5.081618
v -0.809613 0.131537 -5.108474
v -0.838935 -0.049341 -5.008245
v -0.868257 -0.077323 -4.908016
v -0.897579 -0.049341 -4.807786
v -0.919044 0.027107 -4.734414
v -0.926901 0.131537 -4.707558
v -0.919044 0.235967 -4.734414
v -0.897579 0.312415 -4.807786
v -0.868257 0.340397 -4.908016
v -0.838935 0.312415 -5.008245
v -0.817470 0.235967 -5.081617
v -0.844662 0.131537 -4.988670
v -0.648304 0.131537 -5.061283
v -0.847823 0.089519 -4.977865
v -0.656161 0.027107 -5.034427
v -0.856460 0.058760 -4.948343
v -0.677626 -0.049341 -4.961054
v -0.868257 0.047502 -4.908016
v -0.706948 -0.077323 -4.860825
v -0.880055 0.058760 -4.867688
v -0.736270 -0.049341 -4.760596
v -0.888691 0.089519 -4.838167
v -0.757735 0.027107 -4.687223
v -0.891852 0.131537 -4.827361
v -0.765592 0.131537 -4.660367
v -0.888691 0.173554 -4.838167
v -0.757735 0.235967 -4.687223
v -0.880055 0.204313 -4.867688
v -0.736270 0.312415 -4.760596
v -0.868257 0.215572 -4.908016
v -0.706948 0.340397 -4.860825
v -0.856460 0.204313 -4.948343
v -0.677626 0.312415 -4.961054
v -0.847823 0.173554 -4.977865
v -0.656161 0.235967 -5.034427
v -0.710043 0.131537 -4.949287
v -0.713204 0.089519 -4.938482
v -0.721840 0.058760 -4.908960
v -0.733638 0.047502 -4.868633
v -0.745436 0.058760 -4.828306
v -0.754072 0.089519 -4.798784
v -0.757233 0.131537 -4.787979
v -0.754072 0.173554 -4.798784
v -0.745436 0.204313 -4.828306
v -0.733638 0.215572 -4.868633
v -0.721840 0.204313 -4.908960
v -0.713204 0.173554 -4.938482
v -0.662116 0.131537 -5.047377
v -0.669325 0.035719 -5.022735
v -0.689020 -0.034424 -4.955413
v -0.715924 -0.060098 -4.863451
v -0.742827 -0.034424 -4.771488
v -0.762522 0.035719 -4.704166
v -0.769731 0.131537 -4.679525
v -0.762522 0.227354 -4.704166
v -0.742827 0.297497 -4.771488
v -0.715924 0.323172 -4.863451
v -0.689020 0.297497 -4.955413
v -0.669325 0.227354 -5.022735
v -0.844662 0.131537 -4.988670
v -0.847823 0.089519 -4.977865
v -0.856460 0.058760 -4.948343
v -0.868257 0.047502 -4.908016
v -0.880055 0.058760 -4.867688
v -0.888691 0.089519 -4.838167
v -0.891852 0.131537 -4.827361
v -0.888691 0.173554 -4.838167
v -0.880055 0.204313 -4.867688
v -0.868257 0.215572 -4.908016
v -0.856460 0.204313 -4.948343
v -0.847823 0.173554 -4.977865
v -0.713204 0.173554 -4.938482
v -0.710043 0.131537 -4.949287
v -0.721840 0.204313 -4.908960
v -0.733638 0.215572 -4.868633
v -0.745436 0.204313 -4.828306
v -0.754072 0.173554 -4.798784
v -0.757233 0.131537 -4.787979
v -0.754072 0.089519 -4.798784
v -0.745436 0.058760 -4.828306
v -0.733638 0.047502 -4.868633
v -0.721840 0.058760 -4.908960
v -0.713204 0.089519 -4.938482
v -0.656161 0.027107 -5.034427
v -0.648304 0.131537 -5.061283
v -0.677626 -0.049341 -4.961054
v -0.706948 -0.077323 -4.860825
v -0.736270 -0.049341 -4.760596
v -0.757735 0.027107 -4.687223
v -0.765592 0.131537 -4.660367
v -0.757735 0.235967 -4.687223
v -0.736270 0.312415 -4.760596
v -0.706948 0.340397 -4.860825
v -0.677626 0.312415 -4.961054
v -0.656161 0.235967 -5.034427
v -0.683353 0.131537 -4.941480
v -0.486995 0.131537 -5.014092
v -0.686514 0.089519 -4.930674
v -0.494852 0.027107 -4.987236
v -0.695151 0.058760 -4.901152
v -0.516317 -0.049341 -4.913863
v -0.706948 0.047502 -4.860825
v -0.545639 -0.077323 -4.813634
v -0.718746 0.058760 -4.820498
v -0.574961 -0.049341 -4.713405
v -0.727382 0.089519 -4.790976
v -0.596426 0.027107 -4.640032
v -0.730543 0.131537 -4.780170
v -0.604283 0.131537 -4.613176
v -0.727382 0.173554 -4.790976
v -0.596426 0.235967 -4.640032
v -0.718746 0.204313 -4.820498
v -0.574961 0.312415 -4.713405
v -0.706948 0.215572 -4.860825
v -0.545639 0.340397 -4.813634
v -0.695151 0.204313 -4.901152
v -0.516317 0.312415 -4.913863
v -0.686514 0.173554 -4.930674
v -0.494852 0.235967 -4.987236
v -0.548734 0.131537 -4.902097
v -0.551895 0.089519 -4.891291
v -0.560531 0.058760 -4.861770
v -0.572329 0.047502 -4.821443
v -0.584127 0.058760 -4.781115
v -0.592763 0.089519 -4.751594
v -0.595924 0.131537 -4.740788
v -0.592763 0.173554 -4.751594
v -0.584127 0.204313 -4.781115
v -0.572329 0.215572 -4.821443
v -0.560531 0.204313 -4.861770
v -0.551895 0.173554 -4.891291
v -0.500807 0.131537 -5.000186
v -0.508016 0.035719 -4.975544
v -0.527711 -0.034424 -4.908223
v -0.554614 -0.060098 -4.816260
v -0.581518 -0.034424 -4.724297
v -0.601213 0.035719 -4.656976
v -0.608422 0.131537 -4.632334
v -0.601213 0.227354 -4.656976
v -0.581518 0.297497 -4.724297
v -0.554614 0.323172 -4.816260
v -0.527711 0.297497 -4.908223
v -0.508016 0.227354 -4.975544
v -0.683353 0.131537 -4.941480
v -0.686514 0.089519 -4.930674
v -0.695151 0.058760 -4.901152
v -0.706948 0.047502 -4.860825
v -0.718746 0.058760 -4.820498
v -0.727382 0.089519 -4.790976
v -0.730543 0.131537 -4.780170
v -0.727382 0.173554 -4.790976
v -0.718746 0.204313 -4.820498
v -0.706948 0.215572 -4.860825
v -0.695151 0.204313 -4.901152
v -0.686514 0.173554 -4.930674
v -0.551895 0.173554 -4.891291
v -0.548734 0.131537 -4.902097
v -0.560531 0.204313 -4.861770
v -0.572329 0.215572 -4.821443
v -0.584127 0.204313 -4.781115
v -0.592763 0.173554 -4.751594
v -0.595924 0.131537 -4.740788
v -0.592763 0.089519 -4.751594
v -0.584127 0.058760 -4.781115
v -0.572329 0.047502 -4.821443
v -0.560531 0.058760 -4.861770
v -0.551895 0.089519 -4.891291
v -0.494852 0.027107 -4.987236
v -0.486995 0.131537 -5.014092
v -0.516317 -0.049341 -4.913863
v -0.545639 -0.077323 -4.813634
v -0.574961 -0.049341 -4.713405
v -0.596426 0.027107 -4.640032
v -0.604283 0.131537 -4.613176
v -0.596426 0.235967 -4.640032
v -0.574961 0.312415 -4.713405
v -0.545639 0.340397 -4.813634
v -0.516317 0.312415 -4.913863
v -0.494852 0.235967 -4.987236
v -0.522044 0.131537 -4.894289
v -0.325686 0.131537 -4.966902
v -0.525205 0.089519 -4.883483
v -0.333543 0.027107 -4.940045
v -0.533841 0.058760 -4.853961
v -0.355008 -0.049341 -4.866673
v -0.545639 0.047502 -4.813634
v -0.384330 -0.077323 -4.766444
v -0.557437 0.058760 -4.773307
v -0.413652 -0.049341 -4.666214
v -0.566073 0.089519 -4.743785
v -0.435117 0.027107 -4.592842
v -0.569234 0.131537 -4.732980
v -0.442974 0.131537 -4.565985
v -0.566073 0.173554 -4.743785
v -0.435117 0.235967 -4.592842
v -0.557437 0.204313 -4.773307
v -0.413652 0.312415 -4.666214
v -0.545639 0.215572 -4.813634
v -0.384330 0.340397 -4.766444
v -0.533841 0.204313 -4.853961
v -0.355008 0.312415 -4.866673
v -0.525205 0.173554 -4.883483
v -0.333543 0.235967 -4.940045
v -0.387424 0.131537 -4.854906
v -0.390586 0.089519 -4.844100
v -0.399222 0.058760 -4.814579
v -0.411020 0.047502 -4.774252
v -0.422818 0.058760 -4.733924
v -0.431454 0.089519 -4.704403
v -0.434615 0.131537 -4.693597
v -0.431454 0.173554 -4.704403
v -0.422817 0.204313 -4.733924
v -0.411020 0.215572 -4.774251
v -0.399222 0.204313 -4.814579
v -0.390586 0.173554 -4.844100
v -0.339498 0.131537 -4.952995
v -0.346707 0.035719 -4.928354
v -0.366402 -0.034424 -4.861032
v -0.393305 -0.060098 -4.769069
v -0.420209 -0.034424 -4.677106
v -0.439904 0.035719 -4.609785
v -0.447113 0.131537 -4.585144
v -0.439904 0.227354 -4.609785
v -0.420209 0.297497 -4.677106
v -0.393305 0.323172 -4.769069
v -0.366402 0.297497 -4.861032
v -0.346707 0.227354 -4.928353
v -0.522044 0.131537 -4.894289
v -0.525205 0.089519 -4.883483
v -0.533841 0.058760 -4.853961
v -0.545639 0.047502 -4.813634
v -0.557437 0.058760 -4.773307
v -0.566073 0.089519 -4.743785
v -0.569234 0.131537 -4.732980
v -0.566073 0.173554 -4.743785
v -0.557437 0.204313 -4.773307
v -0.545639 0.215572 -4.813634
v -0.533841 0.204313 -4.853961
v -0.525205 0.173554 -4.883483
v -0.390586 0.173554 -4.844100
v -0.387424 0.131537 -4.854906
v -0.399222 0.204313 -4.814579
v -0.411020 0.215572 -4.774251
v -0.422817 0.204313 -4.733924
v -0.431454 0.173554 -4.704403
v -0.434615 0.131537 -4.693597
v -0.431454 0.089519 -4.704403
v -0.422818 0.058760 -4.733924
v -0.411020 0.047502 -4.774252
v -0.399222 0.058760 -4.814579
v -0.390586 0.089519 -4.844100
v -0.333543 0.027107 -4.940045
v -0.325686 0.131537 -4.966902
v -0.355008 -0.049341 -4.866673
v -0.384330 -0.077323 -4.766444
v -0.413652 -0.049341 -4.666214
v -0.435117 0.027107 -4.592842
v -0.442974 0.131537 -4.565985
v -0.435117 0.235967 -4.592842
v -0.413652 0.312415 -4.666214
v -0.384330 0.340397 -4.766444
v -0.355008 0.312415 -4.866673
v -0.333543 0.235967 -4.940045
v -0.360735 0.131537 -4.847098
v -0.164377 0.131537 -4.919711
v -0.363896 0.089519 -4.836293
v -0.172234 0.027107 -4.892855
v -0.372532 0.058760 -4.806771
v -0.193699 -0.049341 -4.819482
v -0.384330 0.047502 -4.766444
v -0.223021 -0.077323 -4.719253
v -0.396128 0.058760 -4.726116
v -0.252343 -0.049341 -4.619024
v -0.404764 0.089519 -4.696595
v -0.273808 0.027107 -4.545651
v -0.407925 0.131537 -4.685789
v -0.281665 0.131537 -4.518795
v -0.404764 0.173554 -4.696595
v -0.273808 0.235967 -4.545651
v -0.396128 0.204313 -4.726116
v -0.252343 0.312415 -4.619024
v -0.384330 0.215572 -4.766444
v -0.223021 0.340397 -4.719253
v -0.372532 0.204313 -4.806771
v -0.193699 0.312415 -4.819482
v -0.363896 0.173554 -4.836292
v -0.172234 0.235967 -4.892855
v -0.226115 0.131537 -4.807715
v -0.229277 0.089519 -4.796910
v -0.237913 0.058760 -4.767388
v -0.249711 0.047502 -4.727061
v -0.261508 0.058760 -4.686734
v -0.270145 0.089519 -4.657212
v -0.273306 0.131537 -4.646406
v -0.270145 0.173554 -4.657212
v -0.261508 0.204313 -4.686734
v -0.249711 0.215572 -4.727061
v -0.237913 0.204313 -4.767388
v -0.229277 0.173554 -4.796910
v -0.178189 0.131537 -4.905804
v -0.185398 0.035719 -4.881163
v -0.205093 -0.034424 -4.813841
v -0.231996 -0.060098 -4.721879
v -0.258900 -0.034424 -4.629916
v -0.278595 0.035719 -4.562594
v -0.285803 0.131537 -4.537953
v -0.278595 0.227354 -4.562594
v -0.258900 0.297497 -4.629916
v -0.231996 0.323172 -4.721879
v -0.205093 0.297497 -4.813841
v -0.185398 0.227354 -4.881163
v -0.360735 0.131537 -4.847098
v -0.363896 0.089519 -4.836293
v -0.372532 0.058760 -4.806771
v -0.384330 0.047502 -4.766444
v -0.396128 0.058760 -4.726116
v -0.404764 0.089519 -4.696595
v -0.407925 0.131537 -4.685789
v -0.404764 0.173554 -4.696595
v -0.396128 0.204313 -4.726116
v -0.384330 0.215572 -4.766444
v -0.372532 0.204313 -4.806771
v -0.363896 0.173554 -4.836292
v -0.229277 0.173554 -4.796910
v -0.226115 0.131537 -4.807715
v -0.237913 0.204313 -4.767388
v -0.249711 0.215572 -4.727061
v -0.261508 0.204313 -4.686734
v -0.270145 0.173554 -4.657212
v -0.273306 0.131537 -4.646406
v -0.270145 0.089519 -4.657212
v -0.261508 0.058760 -4.686734
v -0.249711 0.047502 -4.727061
v -0.237913 0.058760 -4.767388
v -0.229277 0.089519 -4.796910
v -0.172234 0.027107 -4.892855
v -0.164377 0.131537 -4.919711
v -0.193699 -0.049341 -4.819482
v -0.223021 -0.077323 -4.719253
v -0.252343 -0.049341 -4.619024
v -0.273808 0.027107 -4.545651
v -0.281665 0.131537 -4.518795
v -0.273808 0.235967 -4.545651
v -0.252343 0.312415 -4.619024
v -0.223021 0.340397 -4.719253
v -0.193699 0.312415 -4.819482
v -0.172234 0.235967 -4.892855
v -1.642525 0.131537 -5.303344
v -1.648620 0.050524 -5.282510
v -1.665272 -0.008782 -5.225590
v -1.688019 -0.030489 -5.147836
v -1.710766 -0.008782 -5.070082
v -1.727418 0.050524 -5.013162
v -1.733513 0.131537 -4.992327
v -1.727418 0.212550 -5.013162
v -1.710766 0.271856 -5.070082
v -1.688019 0.293563 -5.147836
v -1.665273 0.271856 -5.225590
v -1.648620 0.212550 -5.282510
v -1.624838 0.131537 -5.314759
v -1.631532 0.042563 -5.291878
v -1.649820 -0.022571 -5.229364
v -1.674802 -0.046412 -5.143969
v -1.699784 -0.022571 -5.058574
v -1.718072 0.042563 -4.996061
v -1.724767 0.131537 -4.973179
v -1.718072 0.220511 -4.996061
v -1.699784 0.285645 -5.058574
v -1.674802 0.309485 -5.143969
v -1.649820 0.285645 -5.229364
v -1.631532 0.220511 -5.291878
v 1.651207 0.131537 -5.224624
v 1.454849 0.131537 -5.297237
v 1.654368 0.089519 -5.213818
v 1.462706 0.027107 -5.270380
v 1.663005 0.058760 -5.184296
v 1.484171 -0.049341 -5.197008
v 1.674802 0.047502 -5.143969
v 1.513493 -0.077323 -5.096778
v 1.686600 0.058760 -5.103642
v 1.542815 -0.049341 -4.996549
v 1.695236 0.089519 -5.074121
v 1.564280 0.027107 -4.923177
v 1.698398 0.131537 -5.063314
v 1.572137 0.131537 -4.896320
v 1.695236 0.173554 -5.074121
v 1.564280 0.235967 -4.923177
v 1.686600 0.204313 -5.103642
v 1.542815 0.312415 -4.996549
v 1.674802 0.215572 -5.143969
v 1.513493 0.340397 -5.096778
v 1.663005 0.204313 -5.184296
v 1.484171 0.312415 -5.197008
v 1.654368 0.173554 -5.213818
v 1.462706 0.235967 -5.270380
v 1.516588 0.131537 -5.185241
v 1.519749 0.089519 -5.174436
v 1.528385 0.058760 -5.144914
v 1.540183 0.047502 -5.104587
v 1.551981 0.058760 -5.064259
v 1.560617 0.089519 -5.034738
v 1.563779 0.131537 -5.023932
v 1.560617 0.173554 -5.034738
v 1.551981 0.204313 -5.064259
v 1.540183 0.215572 -5.104586
v 1.528385 0.204313 -5.144914
v 1.519749 0.173554 -5.174435
v 1.468661 0.131537 -5.283330
v 1.475870 0.035719 -5.258688
v 1.495565 -0.034424 -5.191367
v 1.522469 -0.060098 -5.099404
v 1.549372 -0.034424 -5.007442
v 1.569067 0.035719 -4.940120
v 1.576276 0.131537 -4.915479
v 1.569067 0.227354 -4.940120
v 1.549372 0.297497 -5.007442
v 1.522469 0.323172 -5.099404
v 1.495565 0.297497 -5.191367
v 1.475870 0.227354 -5.258688
v 1.624838 0.131537 -5.314759
v 1.631532 0.042563 -5.291878
v 1.649820 -0.022571 -5.229364
v 1.674802 -0.046412 -5.143969
v 1.699784 -0.022571 -5.058574
v 1.718072 0.042563 -4.996061
v 1.724767 0.131537 -4.973179
v 1.718072 0.220511 -4.996061
v 1.699784 0.285645 -5.058574
v 1.674802 0.309485 -5.143969
v 1.649820 0.285645 -5.229364
v 1.631532 0.220511 -5.291878
v 1.519749 0.173554 -5.174435
v 1.516588 0.131537 -5.185241
v 1.528385 0.204313 -5.144914
v 1.540183 0.215572 -5.104586
v 1.551981 0.204313 -5.064259
v 1.560617 0.173554 -5.034738
v 1.563779 0.131537 -5.023932
v 1.560617 0.089519 -5.034738
v 1.551981 0.058760 -5.064259
v 1.540183 0.047502 -5.104587
v 1.528385 0.058760 -5.144914
v 1.519749 0.089519 -5.174436
v 1.462706 0.027107 -5.270380
v 1.454849 0.131537 -5.297237
v 1.484171 -0.049341 -5.197008
v 1.513493 -0.077323 -5.096778
v 1.542815 -0.049341 -4.996549
v 1.564280 0.027107 -4.923177
v 1.572137 0.131537 -4.896320
v 1.564280 0.235967 -4.923177
v 1.542815 0.312415 -4.996549
v 1.513493 0.340397 -5.096778
v 1.484171 0.312415 -5.197008
v 1.462706 0.235967 -5.270380
v 1.489898 0.131537 -5.177433
v 1.293540 0.131537 -5.250046
v 1.493059 0.089519 -5.166627
v 1.301397 0.027107 -5.223190
v 1.501696 0.058760 -5.137105
v 1.322862 -0.049341 -5.149817
v 1.513493 0.047502 -5.096778
v 1.352184 -0.077323 -5.049588
v 1.525291 0.058760 -5.056451
v 1.381506 -0.049341 -4.949358
v 1.533927 0.089519 -5.026930
v 1.402971 0.027107 -4.875986
v 1.537089 0.131537 -5.016124
v 1.410828 0.131537 -4.849130
v 1.533927 0.173554 -5.026930
v 1.402971 0.235967 -4.875986
v 1.525291 0.204313 -5.056451
v 1.381506 0.312415 -4.949358
v 1.513493 0.215572 -5.096778
v 1.352184 0.340397 -5.049587
v 1.501696 0.204313 -5.137105
v 1.322862 0.312415 -5.149817
v 1.493059 0.173554 -5.166627
v 1.301397 0.235967 -5.223190
v 1.355279 0.131537 -5.138050
v 1.358440 0.089519 -5.127245
v 1.367076 0.058760 -5.097723
v 1.378874 0.047502 -5.057396
v 1.390672 0.058760 -5.017069
v 1.399308 0.089519 -4.987547
v 1.402469 0.131537 -4.976741
v 1.399308 0.173554 -4.987547
v 1.390672 0.204313 -5.017069
v 1.378874 0.215572 -5.057396
v 1.367076 0.204313 -5.097723
v 1.358440 0.173554 -5.127245
v 1.307352 0.131537 -5.236139
v 1.314561 0.035719 -5.211498
v 1.334256 -0.034424 -5.144176
v 1.361160 -0.060098 -5.052214
v 1.388063 -0.034424 -4.960251
v 1.407758 0.035719 -4.892929
v 1.414967 0.131537 -4.868288
v 1.407758 0.227354 -4.892929
v 1.388063 0.297497 -4.960251
v 1.361159 0.323172 -5.052214
v 1.334256 0.297497 -5.144176
v 1.314561 0.227354 -5.211498
v 1.489898 0.131537 -5.177433
v 1.493059 0.089519 -5.166627
v 1.501696 0.058760 -5.137105
v 1.513493 0.047502 -5.096778
v 1.525291 0.058760 -5.056451
v 1.533927 0.089519 -5.026930
v 1.537089 0.131537 -5.016124
v 1.533927 0.173554 -5.026930
v 1.525291 0.204313 -5.056451
v 1.513493 0.215572 -5.096778
v 1.501696 0.204313 -5.137105
v 1.493059 0.173554 -5.166627
v 1.358440 0.173554 -5.127245
v 1.355279 0.131537 -5.138050
v 1.367076 0.204313 -5.097723
v 1.378874 0.215572 -5.057396
v 1.390672 0.204313 -5.017069
v 1.399308 0.173554 -4.987547
v 1.402469 0.131537 -4.976741
v 1.399308 0.089519 -4.987547
v 1.390672 0.058760 -5.017069
v 1.378874 0.047502 -5.057396
v 1.367076 0.058760 -5.097723
v 1.358440 0.089519 -5.127245
v 1.301397 0.027107 -5.223190
v 1.293540 0.131537 -5.250046
v 1.322862 -0.049341 -5.149817
v 1.352184 -0.077323 -5.049588
v 1.381506 -0.049341 -4.949358
v 1.402971 0.027107 -4.875986
v 1.410828 0.131537 -4.849130
v 1.402971 0.235967 -4.875986
v 1.381506 0.312415 -4.949358
v 1.352184 0.340397 -5.049587
v 1.322862 0.312415 -5.149817
v 1.301397 0.235967 -5.223190
v 1.328589 0.131537 -5.130242
v 1.132232 0.131537 -5.202856
v 1.331750 0.089519 -5.119437
v 1.140088 0.027107 -5.175999
v 1.340387 0.058760 -5.089915
v 1.161553 -0.049341 -5.102626
v 1.352184 0.047502 -5.049587
v 1.190875 -0.077323 -5.002397
v 1.363982 0.058760 -5.009260
v 1.220197 -0.049341 -4.902168
v 1.372619 0.089519 -4.979739
v 1.241662 0.027107 -4.828795
v 1.375779 0.131537 -4.968933
v 1.249519 0.131537 -4.801939
v 1.372619 0.173554 -4.979739
v 1.241662 0.235967 -4.828795
v 1.363982 0.204313 -5.009260
v 1.220197 0.312415 -4.902168
v 1.352184 0.215572 -5.049587
v 1.190875 0.340397 -5.002397
v 1.340387 0.204313 -5.089915
v 1.161553 0.312415 -5.102626
v 1.331750 0.173554 -5.119436
v 1.140088 0.235967 -5.175999
v 1.193969 0.131537 -5.090860
v 1.197131 0.089519 -5.080054
v 1.205767 0.058760 -5.050532
v 1.217565 0.047502 -5.010205
v 1.229363 0.058760 -4.969878
v 1.237999 0.089519 -4.940356
v 1.241160 0.131537 -4.929551
v 1.237999 0.173554 -4.940356
v 1.229362 0.204313 -4.969878
v 1.217565 0.215572 -5.010205
v 1.205767 0.204313 -5.050532
v 1.197131 0.173554 -5.080054
v 1.146043 0.131537 -5.188948
v 1.153252 0.035719 -5.164307
v 1.172947 -0.034424 -5.096985
v 1.199850 -0.060098 -5.005023
v 1.226754 -0.034424 -4.913060
v 1.246449 0.035719 -4.845738
v 1.253658 0.131537 -4.821097
v 1.246449 0.227354 -4.845738
v 1.226754 0.297497 -4.913060
v 1.199850 0.323172 -5.005023
v 1.172947 0.297497 -5.096985
v 1.153252 0.227354 -5.164307
v 1.328589 0.131537 -5.130242
v 1.331750 0.089519 -5.119437
v 1.340387 0.058760 -5.089915
v 1.352184 0.047502 -5.049587
v 1.363982 0.058760 -5.009260
v 1.372619 0.089519 -4.979739
v 1.375779 0.131537 -4.968933
v 1.372619 0.173554 -4.979739
v 1.363982 0.204313 -5.009260
v 1.352184 0.215572 -5.049587
v 1.340387 0.204313 -5.089915
v 1.331750 0.173554 -5.119436
v 1.197131 0.173554 -5.080054
v 1.193969 0.131537 -5.090860
v 1.205767 0.204313 -5.050532
v 1.217565 0.215572 -5.010205
v 1.229362 0.204313 -4.969878
v 1.237999 0.173554 -4.940356
v 1.241160 0.131537 -4.929551
v 1.237999 0.089519 -4.940356
v 1.229363 0.058760 -4.969878
v 1.217565 0.047502 -5.010205
v 1.205767 0.058760 -5.050532
v 1.197131 0.089519 -5.080054
v 1.140088 0.027107 -5.175999
v 1.132232 0.131537 -5.202856
v 1.161553 -0.049341 -5.102626
v 1.190875 -0.077323 -5.002397
v 1.220197 -0.049341 -4.902168
v 1.241662 0.027107 -4.828795
v 1.249519 0.131537 -4.801939
v 1.241662 0.235967 -4.828795
v 1.220197 0.312415 -4.902168
v 1.190875 0.340397 -5.002397
v 1.161553 0.312415 -5.102626
v 1.140088 0.235967 -5.175999
v 1.167280 0.131537 -5.083051
v 0.970922 0.131537 -5.155664
v 1.170441 0.089519 -5.072246
v 0.978779 0.027107 -5.128808
v 1.179077 0.058760 -5.042724
v 1.000244 -0.049341 -5.055435
v 1.190875 0.047502 -5.002397
v 1.029566 -0.077323 -4.955206
v 1.202673 0.058760 -4.962070
v 1.058888 -0.049341 -4.854977
v 1.211309 0.089519 -4.932548
v 1.080353 0.027107 -4.781604
v 1.214471 0.131537 -4.921742
v 1.088210 0.131537 -4.754748
v 1.211309 0.173554 -4.932548
v 1.080353 0.235967 -4.781604
v 1.202673 0.204313 -4.962070
v 1.058888 0.312415 -4.854977
v 1.190875 0.215572 -5.002397
v 1.029566 0.340397 -4.955206
v 1.179077 0.204313 -5.042724
v 1.000244 0.312415 -5.055435
v 1.170441 0.173554 -5.072246
v 0.978779 0.235967 -5.128808
v 1.032661 0.131537 -5.043669
v 1.035822 0.089519 -5.032863
v 1.044458 0.058760 -5.003342
v 1.056256 0.047502 -4.963015
v 1.068054 0.058760 -4.922687
v 1.076690 0.089519 -4.893166
v 1.079851 0.131537 -4.882360
v 1.076690 0.173554 -4.893166
v 1.068054 0.204313 -4.922687
v 1.056256 0.215572 -4.963015
v 1.044458 0.204313 -5.003342
v 1.035822 0.173554 -5.032863
v 0.984734 0.131537 -5.141757
v 0.991943 0.035719 -5.117116
v 1.011638 -0.034424 -5.049795
v 1.038541 -0.060098 -4.957832
v 1.065445 -0.034424 -4.865869
v 1.085140 0.035719 -4.798548
v 1.092349 0.131537 -4.773906
v 1.085140 0.227354 -4.798548
v 1.065445 0.297497 -4.865869
v 1.038542 0.323172 -4.957832
v 1.011638 0.297497 -5.049795
v 0.991943 0.227354 -5.117116
v 1.167280 0.131537 -5.083051
v 1.170441 0.089519 -5.072246
v 1.179077 0.058760 -5.042724
v 1.190875 0.047502 -5.002397
v 1.202673 0.058760 -4.962070
v 1.211309 0.089519 -4.932548
v 1.214471 0.131537 -4.921742
v 1.211309 0.173554 -4.932548
v 1.202673 0.204313 -4.962070
v 1.190875 0.215572 -5.002397
v 1.179077 0.204313 -5.042724
v 1.170441 0.173554 -5.072246
v 1.035822 0.173554 -5.032863
v 1.032661 0.131537 -5.043669
v 1.044458 0.204313 -5.003342
v 1.056256 0.215572 -4.963015
v 1.068054 0.204313 -4.922687
v 1.076690 0.173554 -4.893166
v 1.079851 0.131537 -4.882360
v 1.076690 0.089519 -4.893166
v 1.068054 0.058760 -4.922687
v 1.056256 0.047502 -4.963015
v 1.044458 0.058760 -5.003342
v 1.035822 0.089519 -5.032863
v 0.978779 0.027107 -5.128808
v 0.970922 0.131537 -5.155664
v 1.000244 -0.049341 -5.055435
v 1.029566 -0.077323 -4.955206
v 1.058888 -0.049341 -4.854977
v 1.080353 0.027107 -4.781604
v 1.088210 0.131537 -4.754748
v 1.080353 0.235967 -4.781604
v 1.058888 0.312415 -4.854977
v 1.029566 0.340397 -4.955206
v 1.000244 0.312415 -5.055435
v 0.978779 0.235967 -5.128808
v 1.005971 0.131537 -5.035861
v 0.809613 0.131537 -5.108474
v 1.009132 0.089519 -5.025055
v 0.817470 0.027107 -5.081618
v 1.017768 0.058760 -4.995533
v 0.838935 -0.049341 -5.008245
v 1.029566 0.047502 -4.955206
v 0.868257 -0.077323 -4.908016
v 1.041364 0.058760 -4.914879
v 0.897579 -0.049341 -4.807786
v 1.050000 0.089519 -4.885357
v 0.919044 0.027107 -4.734414
v 1.053162 0.131537 -4.874552
v 0.926901 0.131537 -4.707558
v 1.050000 0.173554 -4.885357
v 0.919044 0.235967 -4.734414
v 1.041364 0.204313 -4.914879
v 0.897579 0.312415 -4.807786
v 1.029566 0.215572 -4.955206
v 0.868257 0.340397 -4.908016
v 1.017768 0.204313 -4.995533
v 0.838935 0.312415 -5.008245
v 1.009132 0.173554 -5.025055
v 0.817470 0.235967 -5.081617
v 0.871352 0.131537 -4.996479
v 0.874513 0.089519 -4.985672
v 0.883149 0.058760 -4.956151
v 0.894947 0.047502 -4.915824
v 0.906745 0.058760 -4.875496
v 0.915381 0.089519 -4.845975
v 0.918542 0.131537 -4.835169
v 0.915381 0.173554 -4.845975
v 0.906745 0.204313 -4.875496
v 0.894947 0.215572 -4.915824
v 0.883149 0.204313 -4.956151
v 0.874513 0.173554 -4.985672
v 0.823425 0.131537 -5.094567
v 0.830634 0.035719 -5.069926
v 0.850329 -0.034424 -5.002604
v 0.877232 -0.060098 -4.910641
v 0.904136 -0.034424 -4.818678
v 0.923831 0.035719 -4.751357
v 0.931040 0.131537 -4.726716
v 0.923831 0.227354 -4.751357
v 0.904136 0.297497 -4.818678
v 0.877233 0.323172 -4.910641
v 0.850329 0.297497 -5.002604
v 0.830634 0.227354 -5.069926
v 1.005971 0.131537 -5.035861
v 1.009132 0.089519 -5.025055
v 1.017768 0.058760 -4.995533
v 1.029566 0.047502 -4.955206
v 1.041364 0.058760 -4.914879
v 1.050000 0.089519 -4.885357
v 1.053162 0.131537 -4.874552
v 1.050000 0.173554 -4.885357
v 1.041364 0.204313 -4.914879
v 1.029566 0.215572 -4.955206
v 1.017768 0.204313 -4.995533
v 1.009132 0.173554 -5.025055
v 0.874513 0.173554 -4.985672
v 0.871352 0.131537 -4.996479
v 0.883149 0.204313 -4.956151
v 0.894947 0.215572 -4.915824
v 0.906745 0.204313 -4.875496
v 0.915381 0.173554 -4.845975
v 0.918542 0.131537 -4.835169
v 0.915381 0.089519 -4.845975
v 0.906745 0.058760 -4.875496
v 0.894947 0.047502 -4.915824
v 0.883149 0.058760 -4.956151
v 0.874513 0.089519 -4.985672
v 0.817470 0.027107 -5.081618
v 0.809613 0.131537 -5.108474
v 0.838935 -0.049341 -5.008245
v 0.868257 -0.077323 -4.908016
v 0.897579 -0.049341 -4.807786
v 0.919044 0.027107 -4.734414
v 0.926901 0.131537 -4.707558
v 0.919044 0.235967 -4.734414
v 0.897579 0.312415 -4.807786
v 0.868257 0.340397 -4.908016
v 0.838935 0.312415 -5.008245
v 0.817470 0.235967 -5.081617
v 0.844662 0.131537 -4.988670
v 0.648304 0.131537 -5.061283
v 0.847823 0.089519 -4.977865
v 0.656161 0.027107 -5.034427
v 0.856460 0.058760 -4.948343
v 0.677626 -0.049341 -4.961054
v 0.868257 0.047502 -4.908016
v 0.706948 -0.077323 -4.860825
v 0.880055 0.058760 -4.867688
v 0.736270 -0.049341 -4.760596
v 0.888691 0.089519 -4.838167
v 0.757735 0.027107 -4.687223
v 0.891852 0.131537 -4.827361
v 0.765592 0.131537 -4.660367
v 0.888691 0.173554 -4.838167
v 0.757735 0.235967 -4.687223
v 0.880055 0.204313 -4.867688
v 0.736270 0.312415 -4.760596
v 0.868257 0.215572 -4.908016
v 0.706948 0.340397 -4.860825
v 0.856460 0.204313 -4.948343
v 0.677626 0.312415 -4.961054
v 0.847823 0.173554 -4.977865
v 0.656161 0.235967 -5.034427
v 0.710043 0.131537 -4.949287
v 0.713204 0.089519 -4.938482
v 0.721840 0.058760 -4.908960
v 0.733638 0.047502 -4.868633
v 0.745436 0.058760 -4.828306
v 0.754072 0.089519 -4.798784
v 0.757233 0.131537 -4.787979
v 0.754072 0.173554 -4.798784
v 0.745436 0.204313 -4.828306
v 0.733638 0.215572 -4.868633
v 0.721840 0.204313 -4.908960
v 0.713204 0.173554 -4.938482
v 0.662116 0.131537 -5.047377
v 0.669325 0.035719 -5.022735
v 0.689020 -0.034424 -4.955413
v 0.715924 -0.060098 -4.863451
v 0.742827 -0.034424 -4.771488
v 0.762522 0.035719 -4.704166
v 0.769731 0.131537 -4.679525
v 0.762522 0.227354 -4.704166
v 0.742827 0.297497 -4.771488
v 0.715924 0.323172 -4.863451
v 0.689020 0.297497 -4.955413
v 0.669325 0.227354 -5.022735
v 0.844662 0.131537 -4.988670
v 0.847823 0.089519 -4.977865
v 0.856460 0.058760 -4.948343
v 0.868257 0.047502 -4.908016
v 0.880055 0.058760 -4.867688
v 0.888691 0.089519 -4.838167
v 0.891852 0.131537 -4.827361
v 0.888691 0.173554 -4.838167
v 0.880055 0.204313 -4.867688
v 0.868257 0.215572 -4.908016
v 0.856460 0.204313 -4.948343
v 0.847823 0.173554 -4.977865
v 0.713204 0.173554 -4.938482
v 0.710043 0.131537 -4.949287
v 0.721840 0.204313 -4.908960
v 0.733638 0.215572 -4.868633
v 0.745436 0.204313 -4.828306
v 0.754072 0.173554 -4.798784
v 0.757233 0.131537 -4.787979
v 0.754072 0.089519 -4.798784
v 0.745436 0.058760 -4.828306
v 0.733638 0.047502 -4.868633
v 0.721840 0.058760 -4.908960
v 0.713204 0.089519 -4.938482
v 0.656161 0.027107 -5.034427
v 0.648304 0.131537 -5.061283
v 0.677626 -0.049341 -4.961054
v 0.706948 -0.077323 -4.860825
v 0.736270 -0.049341 -4.760596
v 0.757735 0.027107 -4.687223
v 0.765592 0.131537 -4.660367
v 0.757735 0.235967 -4.687223
v 0.736270 0.312415 -4.760596
v 0.706948 0.340397 -4.860825
v 0.677626 0.312415 -4.961054
v 0.656161 0.235967 -5.034427
v 0.683353 0.131537 -4.941480
v 0.486995 0.131537 -5.014092
v 0.686514 0.089519 -4.930674
v 0.494852 0.027107 -4.987236
v 0.695151 0.058760 -4.901152
v 0.516317 -0.049341 -4.913863
v 0.706948 0.047502 -4.860825
v 0.545639 -0.077323 -4.813634
v 0.718746 0.058760 -4.820498
v 0.574961 -0.049341 -4.713405
v 0.727382 0.089519 -4.790976
v 0.596426 0.027107 -4.640032
v 0.730543 0.131537 -4.780170
v 0.604283 0.131537 -4.613176
v 0.727382 0.173554 -4.790976
v 0.596426 0.235967 -4.640032
v 0.718746 0.204313 -4.820498
v 0.574961 0.312415 -4.713405
v 0.706948 0.215572 -4.860825
v 0.545639 0.340397 -4.813634
v 0.695151 0.204313 -4.901152
v 0.516317 0.312415 -4.913863
v 0.686514 0.173554 -4.930674
v 0.494852 0.235967 -4.987236
v 0.548734 0.131537 -4.902097
v 0.551895 0.089519 -4.891291
v 0.560531 0.058760 -4.861770
v 0.572329 0.047502 -4.821443
v 0.584127 0.058760 -4.781115
v 0.592763 0.089519 -4.751594
v 0.595924 0.131537 -4.740788
v 0.592763 0.173554 -4.751594
v 0.584127 0.204313 -4.781115
v 0.572329 0.215572 -4.821443
v 0.560531 0.204313 -4.861770
v 0.551895 0.173554 -4.891291
v 0.500807 0.131537 -5.000186
v 0.508016 0.035719 -4.975544
v 0.527711 -0.034424 -4.908223
v 0.554614 -0.060098 -4.816260
v 0.581518 -0.034424 -4.724297
v 0.601213 0.035719 -4.656976
v 0.608422 0.131537 -4.632334
v 0.601213 0.227354 -4.656976
v 0.581518 0.297497 -4.724297
v 0.554614 0.323172 -4.816260
v 0.527711 0.297497 -4.908223
v 0.508016 0.227354 -4.975544
v 0.683353 0.131537 -4.941480
v 0.686514 0.089519 -4.930674
v 0.695151 0.058760 -4.901152
v 0.706948 0.047502 -4.860825
v 0.718746 0.058760 -4.820498
v 0.727382 0.089519 -4.790976
v 0.730543 0.131537 -4.780170
v 0.727382 0.173554 -4.790976
v 0.718746 0.204313 -4.820498
v 0.706948 0.215572 -4.860825
v 0.695151 0.204313 -4.901152
v 0.686514 0.173554 -4.930674
v 0.551895 0.173554 -4.891291
v 0.548734 0.131537 -4.902097
v 0.560531 0.204313 -4.861770
v 0.572329 0.215572 -4.821443
v 0.584127 0.204313 -4.781115
v 0.592763 0.173554 -4.751594
v 0.595924 0.131537 -4.740788
v 0.592763 0.089519 -4.751594
v 0.584127 0.058760 -4.781115
v 0.572329 0.047502 -4.821443
v 0.560531 0.058760 -4.861770
v 0.551895 0.089519 -4.891291
v 0.494852 0.027107 -4.987236
v 0.486995 0.131537 -5.014092
v 0.516317 -0.049341 -4.913863
v 0.545639 -0.077323 -4.813634
v 0.574961 -0.049341 -4.713405
v 0.596426 0.027107 -4.640032
v 0.604283 0.131537 -4.613176
v 0.596426 0.235967 -4.640032
v 0.574961 0.312415 -4.713405
v 0.545639 0.340397 -4.813634
v 0.516317 0.312415 -4.913863
v 0.494852 0.235967 -4.987236
v 0.522044 0.131537 -4.894289
v 0.325686 0.131537 -4.966902
v 0.525205 0.089519 -4.883483
v 0.333543 0.027107 -4.940045
v 0.533841 0.058760 -4.853961
v 0.355008 -0.049341 -4.866673
v 0.545639 0.047502 -4.813634
v 0.384330 -0.077323 -4.766444
v 0.557437 0.058760 -4.773307
v 0.413652 -0.049341 -4.666214
v 0.566073 0.089519 -4.743785
v 0.435117 0.027107 -4.592842
v 0.569234 0.131537 -4.732980
v 0.442974 0.131537 -4.565985
v 0.566073 0.173554 -4.743785
v 0.435117 0.235967 -4.592842
v 0.557437 0.204313 -4.773307
v 0.413652 0.312415 -4.666214
v 0.545639 0.215572 -4.813634
v 0.384330 0.340397 -4.766444
v 0.533841 0.204313 -4.853961
v 0.355008 0.312415 -4.866673
v 0.525205 0.173554 -4.883483
v 0.333543 0.235967 -4.940045
v 0.387424 0.131537 -4.854906
v 0.390586 0.089519 -4.844100
v 0.399222 0.058760 -4.814579
v 0.411020 0.047502 -4.774252
v 0.422818 0.058760 -4.733924
v 0.431454 0.089519 -4.704403
v 0.434615 0.131537 -4.693597
v 0.431454 0.173554 -4.704403
v 0.422817 0.204313 -4.733924
v 0.411020 0.215572 -4.774251
v 0.399222 0.204313 -4.814579
v 0.390586 0.173554 -4.844100
v 0.339498 0.131537 -4.952995
v 0.346707 0.035719 -4.928354
v 0.366402 -0.034424 -4.861032
v 0.393305 -0.060098 -4.769069
v 0.420209 -0.034424 -4.677106
v 0.439904 0.035719 -4.609785
v 0.447113 0.131537 -4.585144
v 0.439904 0.227354 -4.609785
v 0.420209 0.297497 -4.677106
v 0.393305 0.323172 -4.769069
v 0.366402 0.297497 -4.861032
v 0.346707 0.227354 -4.928353
v 0.522044 0.131537 -4.894289
v 0.525205 0.089519 -4.883483
v 0.533841 0.058760 -4.853961
v 0.545639 0.047502 -4.813634
v 0.557437 0.058760 -4.773307
v 0.566073 0.089519 -4.743785
v 0.569234 0.131537 -4.732980
v 0.566073 0.173554 -4.743785
v 0.557437 0.204313 -4.773307
v 0.545639 0.215572 -4.813634
v 0.533841 0.204313 -4.853961
v 0.525205 0.173554 -4.883483
v 0.390586 0.173554 -4.844100
v 0.387424 0.131537 -4.854906
v 0.399222 0.204313 -4.814579
v 0.411020 0.215572 -4.774251
v 0.422817 0.204313 -4.733924
v 0.431454 0.173554 -4.704403
v 0.434615 0.131537 -4.693597
v 0.431454 0.089519 -4.704403
v 0.422818 0.058760 -4.733924
v 0.411020 0.047502 -4.774252
v 0.399222 0.058760 -4.814579
v 0.390586 0.089519 -4.844100
v 0.333543 0.027107 -4.940045
v 0.325686 0.131537 -4.966902
v 0.355008 -0.049341 -4.866673
v 0.384330 -0.077323 -4.766444
v 0.413652 -0.049341 -4.666214
v 0.435117 0.027107 -4.592842
v 0.442974 0.131537 -4.565985
v 0.435117 0.235967 -4.592842
v 0.413652 0.312415 -4.666214
v 0.384330 0.340397 -4.766444
v 0.355008 0.312415 -4.866673
v 0.333543 0.235967 -4.940045
v 0.360735 0.131537 -4.847098
v 0.164377 0.131537 -4.919711
v 0.363896 0.089519 -4.836293
v 0.172234 0.027107 -4.892855
v 0.372532 0.058760 -4.806771
v 0.193699 -0.049341 -4.819482
v 0.384330 0.047502 -4.766444
v 0.223021 -0.077323 -4.719253
v 0.396128 0.058760 -4.726116
v 0.252343 -0.049341 -4.619024
v 0.404764 0.089519 -4.696595
v 0.273808 0.027107 -4.545651
v 0.407925 0.131537 -4.685789
v 0.281665 0.131537 -4.518795
v 0.404764 0.173554 -4.696595
v 0.273808 0.235967 -4.545651
v 0.396128 0.204313 -4.726116
v 0.252343 0.312415 -4.619024
v 0.384330 0.215572 -4.766444
v 0.223021 0.340397 -4.719253
v 0.372532 0.204313 -4.806771
v 0.193699 0.312415 -4.819482
v 0.363896 0.173554 -4.836292
v 0.172234 0.235967 -4.892855
v 0.226115 0.131537 -4.807715
v 0.229277 0.089519 -4.796910
v 0.237913 0.058760 -4.767388
v 0.249711 0.047502 -4.727061
v 0.261508 0.058760 -4.686734
v 0.270145 0.089519 -4.657212
v 0.273306 0.131537 -4.646406
v 0.270145 0.173554 -4.657212
v 0.261508 0.204313 -4.686734
v 0.249711 0.215572 -4.727061
v 0.237913 0.204313 -4.767388
v 0.229277 0.173554 -4.796910
v 0.178189 0.131537 -4.905804
v 0.185398 0.035719 -4.881163
v 0.205093 -0.034424 -4.813841
v 0.231996 -0.060098 -4.721879
v 0.258900 -0.034424 -4.629916
v 0.278595 0.035719 -4.562594
v 0.285803 0.131537 -4.537953
v 0.278595 0.227354 -4.562594
v 0.258900 0.297497 -4.629916
v 0.231996 0.323172 -4.721879
v 0.205093 0.297497 -4.813841
v 0.185398 0.227354 -4.881163
v 0.360735 0.131537 -4.847098
v 0.363896 0.089519 -4.836293
v 0.372532 0.058760 -4.806771
v 0.384330 0.047502 -4.766444
v 0.396128 0.058760 -4.726116
v 0.404764 0.089519 -4.696595
v 0.407925 0.131537 -4.685789
v 0.404764 0.173554 -4.696595
v 0.396128 0.204313 -4.726116
v 0.384330 0.215572 -4.766444
v 0.372532 0.204313 -4.806771
v 0.363896 0.173554 -4.836292
v 0.229277 0.173554 -4.796910
v 0.226115 0.131537 -4.807715
v 0.237913 0.204313 -4.767388
v 0.249711 0.215572 -4.727061
v 0.261508 0.204313 -4.686734
v 0.270145 0.173554 -4.657212
v 0.273306 0.131537 -4.646406
v 0.270145 0.089519 -4.657212
v 0.261508 0.058760 -4.686734
v 0.249711 0.047502 -4.727061
v 0.237913 0.058760 -4.767388
v 0.229277 0.089519 -4.796910
v 0.172234 0.027107 -4.892855
v 0.164377 0.131537 -4.919711
v 0.193699 -0.049341 -4.819482
v 0.223021 -0.077323 -4.719253
v 0.252343 -0.049341 -4.619024
v 0.273808 0.027107 -4.545651
v 0.281665 0.131537 -4.518795
v 0.273808 0.235967 -4.545651
v 0.252343 0.312415 -4.619024
v 0.223021 0.340397 -4.719253
v 0.193699 0.312415 -4.819482
v 0.172234 0.235967 -4.892855
v 1.642525 0.131537 -5.303344
v 1.648620 0.050524 -5.282510
v 1.665272 -0.008782 -5.225590
v 1.688019 -0.030489 -5.147836
v 1.710766 -0.008782 -5.070082
v 1.727418 0.050524 -5.013162
v 1.733513 0.131537 -4.992327
v 1.727418 0.212550 -5.013162
v 1.710766 0.271856 -5.070082
v 1.688019 0.293563 -5.147836
v 1.665273 0.271856 -5.225590
v 1.648620 0.212550 -5.282510
v 1.624838 0.131537 -5.314759
v 1.631532 0.042563 -5.291878
v 1.649820 -0.022571 -5.229364
v 1.674802 -0.046412 -5.143969
v 1.699784 -0.022571 -5.058574
v 1.718072 0.042563 -4.996061
v 1.724767 0.131537 -4.973179
v 1.718072 0.220511 -4.996061
v 1.699784 0.285645 -5.058574
v 1.674802 0.309485 -5.143969
v 1.649820 0.285645 -5.229364
v 1.631532 0.220511 -5.291878
vn 0.0000 0.0000 -1.0000
vn 1.0000 0.0000 0.0000
vn 0.0000 -1.0000 0.0000
vn 0.0000 1.0000 0.0000
vn 0.0000 0.0000 1.0000
vn -0.9955 0.0000 -0.0944
vn 0.9955 0.0000 0.0944
vn -1.0000 0.0000 0.0000
vn 0.9955 0.0000 -0.0944
vn -0.9955 0.0000 0.0944
vn 0.0000 -0.2774 -0.9607
vn 0.0000 0.2774 0.9607
vn 0.0000 -0.9607 0.2774
vn 0.0000 0.9607 -0.2774
vn -0.9603 0.0000 -0.2789
vn 0.9603 0.0000 0.2789
vn -0.2789 0.0000 0.9603
vn 0.2789 0.0000 -0.9603
vn 0.9603 0.0000 -0.2789
vn -0.9603 0.0000 0.2789
vn 0.2789 0.0000 0.9603
vn -0.2789 0.0000 -0.9603
vn -0.9823 0.0000 0.1871
vn 0.9823 0.0000 -0.1871
vn 0.1871 0.0000 0.9823
vn -0.1871 0.0000 -0.9823
vn 0.9823 0.0000 0.1871
vn -0.9823 0.0000 -0.1871
vn -0.1871 0.0000 0.9823
vn 0.1871 0.0000 -0.9823
vn -0.9840 0.0000 -0.1778
vn -0.9501 0.0000 -0.3119
vn -0.9386 -0.2385 -0.2490
vn -0.9756 -0.1756 -0.1315
vn -0.9073 -0.4132 -0.0772
vn -0.9526 -0.3042 -0.0050
vn -0.8646 -0.4771 0.1574
vn -0.9211 -0.3512 0.1678
vn -0.8219 -0.4132 0.3922
vn -0.8896 -0.3042 0.3405
vn -0.7906 -0.2385 0.5640
vn -0.8666 -0.1756 0.4670
vn -0.7791 0.0000 0.6269
vn -0.8582 0.0000 0.5133
vn -0.7906 0.2385 0.5640
vn -0.8666 0.1756 0.4670
vn -0.8219 0.4132 0.3922
vn -0.8896 0.3042 0.3405
vn -0.8646 0.4771 0.1574
vn -0.9211 0.3512 0.1678
vn -0.9073 0.4132 -0.0772
vn -0.9526 0.3042 -0.0050
vn 0.9838 0.0000 -0.1792
vn -0.9386 0.2385 -0.2490
vn -0.9756 0.1756 -0.1315
vn -0.1552 0.5000 -0.8520
vn -0.1792 0.0000 -0.9838
vn -0.0896 0.8660 -0.4919
vn 0.0896 0.8660 0.4919
vn 0.1552 0.5000 0.8520
vn 0.1792 0.0000 0.9838
vn 0.1552 -0.5000 0.8520
vn 0.0896 -0.8660 0.4919
vn -0.0896 -0.8660 -0.4919
vn -0.1552 -0.5000 -0.8520
vn -0.9959 0.0845 0.0325
vn -0.9999 0.0000 0.0103
vn -0.9848 0.1464 0.0934
vn -0.9696 0.1690 0.1766
vn -0.9545 0.1464 0.2597
vn -0.9434 0.0845 0.3206
vn -0.9394 0.0000 0.3429
vn -0.9434 -0.0845 0.3206
vn -0.9545 -0.1464 0.2597
vn -0.9696 -0.1690 0.1766
vn -0.9848 -0.1464 0.0934
vn -0.9959 -0.0845 0.0325
vn -0.9838 0.0000 0.1792
vn -0.9738 0.0000 -0.2271
vn -0.9643 -0.1990 -0.1747
vn -0.9382 -0.3446 -0.0313
vn -0.9026 -0.3979 0.1644
vn -0.8669 -0.3446 0.3601
vn -0.8408 -0.1990 0.5034
vn -0.8312 0.0000 0.5559
vn -0.8408 0.1990 0.5034
vn -0.8669 0.3446 0.3601
vn -0.9026 0.3979 0.1644
vn -0.9382 0.3446 -0.0313
vn -0.9643 0.1990 -0.1747
vn -0.8027 -0.5665 -0.1863
vn -0.7441 -0.6541 0.1355
vn -0.8027 0.5665 -0.1863
vn -0.8456 0.3271 -0.4218
vn -0.8456 -0.3271 -0.4218
vn -0.7441 0.6541 0.1355
vn -0.6855 0.5665 0.4573
vn -0.6426 0.3271 0.6929
vn -0.6269 0.0000 0.7791
vn -0.6426 -0.3271 0.6929
vn -0.6855 -0.5665 0.4573
vn -0.8613 0.0000 -0.5080
vn 0.9840 0.0000 -0.1778
vn 0.9756 -0.1756 -0.1315
vn 0.9386 -0.2385 -0.2490
vn 0.9501 0.0000 -0.3119
vn 0.9526 -0.3042 -0.0050
vn 0.9073 -0.4132 -0.0772
vn 0.9211 -0.3512 0.1678
vn 0.8646 -0.4771 0.1574
vn 0.8896 -0.3042 0.3405
vn 0.8219 -0.4132 0.3922
vn 0.8666 -0.1756 0.4670
vn 0.7906 -0.2385 0.5640
vn 0.8582 0.0000 0.5133
vn 0.7791 0.0000 0.6269
vn 0.8666 0.1756 0.4670
vn 0.7906 0.2385 0.5640
vn 0.8896 0.3042 0.3405
vn 0.8219 0.4132 0.3922
vn 0.9211 0.3512 0.1678
vn 0.8646 0.4771 0.1574
vn 0.9526 0.3042 -0.0050
vn 0.9073 0.4132 -0.0772
vn -0.9838 0.0000 -0.1792
vn 0.9756 0.1756 -0.1315
vn 0.9386 0.2385 -0.2490
vn 0.1552 0.5000 -0.8520
vn 0.1792 0.0000 -0.9838
vn 0.0896 0.8660 -0.4919
vn -0.0896 0.8660 0.4919
vn -0.1552 0.5000 0.8520
vn -0.1792 0.0000 0.9838
vn -0.1552 -0.5000 0.8520
vn -0.0896 -0.8660 0.4919
vn 0.0896 -0.8660 -0.4919
vn 0.1552 -0.5000 -0.8520
vn 0.9959 0.0845 0.0325
vn 0.9999 0.0000 0.0103
vn 0.9848 0.1464 0.0934
vn 0.9696 0.1690 0.1766
vn 0.9545 0.1464 0.2597
vn 0.9434 0.0845 0.3206
vn 0.9394 0.0000 0.3429
vn 0.9434 -0.0845 0.3206
vn 0.9545 -0.1464 0.2597
vn 0.9696 -0.1690 0.1766
vn 0.9848 -0.1464 0.0934
vn 0.9959 -0.0845 0.0325
vn 0.9838 0.0000 0.1792
vn 0.9738 0.0000 -0.2271
vn 0.9643 0.1990 -0.1747
vn 0.9382 0.3446 -0.0313
vn 0.9026 0.3979 0.1644
vn 0.8669 0.3446 0.3601
vn 0.8408 0.1990 0.5034
vn 0.8312 0.0000 0.5559
vn 0.8408 -0.1990 0.5034
vn 0.8669 -0.3446 0.3601
vn 0.9026 -0.3979 0.1644
vn 0.9382 -0.3446 -0.0313
vn 0.9643 -0.1990 -0.1747
vn 0.8027 -0.5665 -0.1863
vn 0.7441 -0.6541 0.1355
vn 0.8027 0.5665 -0.1863
vn 0.8456 0.3271 -0.4218
vn 0.8456 -0.3271 -0.4218
vn 0.7441 0.6541 0.1355
vn 0.6855 0.5665 0.4573
vn 0.6426 0.3271 0.6929
vn 0.6269 0.0000 0.7791
vn 0.6426 -0.3271 0.6929
vn 0.6855 -0.5665 0.4573
vn 0.8613 0.0000 -0.5080
vn -0.8000 0.0000 -0.6000
vn -0.7095 0.0000 -0.7047
vn -0.7275 -0.2385 -0.6433
vn -0.8132 -0.1756 -0.5548
vn -0.7765 -0.4132 -0.4757
vn -0.8493 -0.3042 -0.4314
vn -0.8435 -0.4771 -0.2467
vn -0.8986 -0.3512 -0.2629
vn -0.9105 -0.4132 -0.0178
vn -0.9479 -0.3042 -0.0943
vn -0.9595 -0.2385 0.1498
vn -0.9840 -0.1756 0.0291
vn -0.9774 0.0000 0.2112
vn -0.9972 0.0000 0.0742
vn -0.9595 0.2385 0.1498
vn -0.9840 0.1756 0.0291
vn -0.9105 0.4132 -0.0178
vn -0.9479 0.3042 -0.0943
vn -0.8435 0.4771 -0.2467
vn -0.8986 0.3512 -0.2629
vn -0.7765 0.4132 -0.4757
vn -0.8493 0.3042 -0.4314
vn 0.9597 0.0000 0.2808
vn -0.7274 0.2385 -0.6433
vn -0.8132 0.1756 -0.5548
vn 0.2431 0.5000 -0.8312
vn 0.2808 0.0000 -0.9597
vn 0.1404 0.8660 -0.4799
vn -0.1404 0.8660 0.4799
vn -0.2431 0.5000 0.8312
vn -0.2808 0.0000 0.9597
vn -0.2431 -0.5000 0.8312
vn -0.1404 -0.8660 0.4799
vn 0.1404 -0.8660 -0.4799
vn 0.2431 -0.5000 -0.8312
vn -0.9048 0.0845 -0.4172
vn -0.8985 0.0000 -0.4390
vn -0.9222 0.1464 -0.3579
vn -0.9460 0.1690 -0.2767
vn -0.9697 0.1464 -0.1956
vn -0.9871 0.0845 -0.1362
vn -0.9934 0.0000 -0.1144
vn -0.9871 -0.0845 -0.1362
vn -0.9697 -0.1464 -0.1956
vn -0.9460 -0.1690 -0.2767
vn -0.9222 -0.1464 -0.3579
vn -0.9048 -0.0845 -0.4172
vn -0.7274 -0.2385 -0.6433
vn -0.9774 0.0000 0.2111
vn -0.9597 0.0000 -0.2808
vn -0.7095 0.0000 -0.7046
vn -0.7275 0.2385 -0.6433
vn -0.9934 0.0000 -0.1145
vn -0.7688 0.0000 -0.6395
vn -0.7837 -0.1990 -0.5883
vn -0.8246 -0.3446 -0.4485
vn -0.8805 -0.3979 -0.2576
vn -0.9364 -0.3446 -0.0666
vn -0.9773 -0.1990 0.0732
vn -0.9922 0.0000 0.1243
vn -0.9773 0.1990 0.0732
vn -0.9364 0.3446 -0.0666
vn -0.8805 0.3979 -0.2576
vn -0.8246 0.3446 -0.4485
vn -0.7837 0.1990 -0.5883
vn -0.6341 -0.5665 -0.5263
vn -0.7259 -0.6542 -0.2123
vn -0.6341 0.5665 -0.5263
vn -0.5669 0.3271 -0.7561
vn -0.5669 -0.3271 -0.7561
vn -0.7259 0.6542 -0.2123
vn -0.8177 0.5665 0.1015
vn -0.8850 0.3271 0.3313
vn -0.9096 0.0000 0.4155
vn -0.8850 -0.3271 0.3313
vn -0.8177 -0.5665 0.1015
vn -0.5422 0.0000 -0.8402
vn 0.8000 0.0000 -0.6000
vn 0.8132 -0.1756 -0.5548
vn 0.7275 -0.2385 -0.6433
vn 0.7095 0.0000 -0.7047
vn 0.8493 -0.3042 -0.4314
vn 0.7765 -0.4132 -0.4757
vn 0.8986 -0.3512 -0.2629
vn 0.8435 -0.4771 -0.2467
vn 0.9479 -0.3042 -0.0943
vn 0.9105 -0.4132 -0.0178
vn 0.9840 -0.1756 0.0291
vn 0.9595 -0.2385 0.1498
vn 0.9972 0.0000 0.0742
vn 0.9774 0.0000 0.2112
vn 0.9840 0.1756 0.0291
vn 0.9595 0.2385 0.1498
vn 0.9479 0.3042 -0.0943
vn 0.9105 0.4132 -0.0178
vn 0.8986 0.3512 -0.2629
vn 0.8435 0.4771 -0.2467
vn 0.8493 0.3042 -0.4314
vn 0.7765 0.4132 -0.4757
vn -0.9597 0.0000 0.2808
vn 0.8132 0.1756 -0.5548
vn 0.7274 0.2385 -0.6433
vn -0.2431 0.5000 -0.8312
vn -0.2808 0.0000 -0.9597
vn -0.1404 0.8660 -0.4799
vn 0.1404 0.8660 0.4799
vn 0.2431 0.5000 0.8312
vn 0.2808 0.0000 0.9597
vn 0.2431 -0.5000 0.8312
vn 0.1404 -0.8660 0.4799
vn -0.1404 -0.8660 -0.4799
vn -0.2431 -0.5000 -0.8312
vn 0.9048 0.0845 -0.4172
vn 0.8985 0.0000 -0.4390
vn 0.9222 0.1464 -0.3579
vn 0.9460 0.1690 -0.2767
vn 0.9697 0.1464 -0.1956
vn 0.9871 0.0845 -0.1362
vn 0.9934 0.0000 -0.1144
vn 0.9871 -0.0845 -0.1362
vn 0.9697 -0.1464 -0.1956
vn 0.9460 -0.1690 -0.2767
vn 0.9222 -0.1464 -0.3579
vn 0.9048 -0.0845 -0.4172
vn 0.7274 -0.2385 -0.6433
vn 0.9774 0.0000 0.2111
vn 0.9597 0.0000 -0.2808
vn 0.7095 0.0000 -0.7046
vn 0.7275 0.2385 -0.6433
vn 0.9934 0.0000 -0.1145
vn 0.7688 0.0000 -0.6395
vn 0.7837 0.1990 -0.5883
vn 0.8246 0.3446 -0.4485
vn 0.8805 0.3979 -0.2576
vn 0.9364 0.3446 -0.0666
vn 0.9773 0.1990 0.0732
vn 0.9922 0.0000 0.1243
vn 0.9773 -0.1990 0.0732
vn 0.9364 -0.3446 -0.0666
vn 0.8805 -0.3979 -0.2576
vn 0.8246 -0.3446 -0.4485
vn 0.7837 -0.1990 -0.5883
vn 0.6341 -0.5665 -0.5263
vn 0.7259 -0.6541 -0.2123
vn 0.6341 0.5665 -0.5263
vn 0.5669 0.3271 -0.7561
vn 0.5669 -0.3271 -0.7561
vn 0.7259 0.6542 -0.2123
vn 0.8177 0.5665 0.1015
vn 0.8850 0.3271 0.3313
vn 0.9096 0.0000 0.4155
vn 0.8850 -0.3271 0.3313
vn 0.8177 -0.5665 0.1015
vn 0.5422 0.0000 -0.8402
usemtl plow_frame
s off
f 33//1 34//1 4//1 3//1
f 3//2 4//2 2//2 1//2
f 33//3 3//3 1//3 35//3
f 4//4 34//4 36//4 2//4
f 1//5 2//5 36//5 35//5
f 41//1 42//1 8//1 7//1
f 7//2 8//2 6//2 5//2
f 41//3 7//3 5//3 43//3
f 8//4 42//4 44//4 6//4
f 5//5 6//5 44//5 43//5
f 9//6 10//6 12//6 11//6
f 11//1 12//1 16//1 15//1
f 15//7 16//7 14//7 13//7
f 13//5 14//5 10//5 9//5
f 11//3 15//3 13//3 9//3
f 16//4 12//4 10//4 14//4
f 17//8 18//8 20//8 19//8
f 19//1 20//1 24//1 23//1
f 23//2 24//2 22//2 21//2
f 21//5 22//5 18//5 17//5
f 19//3 23//3 21//3 17//3
f 24//4 20//4 18//4 22//4
f 65//1 66//1 28//1 27//1
f 27//2 28//2 26//2 25//2
f 65//3 27//3 25//3 67//3
f 28//4 66//4 68//4 26//4
f 25//5 26//5 68//5 67//5
f 33//1 31//1 32//1 34//1
f 31//8 29//8 30//8 32//8
f 33//3 35//3 29//3 31//3
f 32//4 30//4 36//4 34//4
f 29//5 35//5 36//5 30//5
f 41//1 39//1 40//1 42//1
f 39//8 37//8 38//8 40//8
f 41//3 43//3 37//3 39//3
f 40//4 38//4 44//4 42//4
f 37//5 43//5 44//5 38//5
f 45//9 47//9 48//9 46//9
f 47//1 51//1 52//1 48//1
f 51//10 49//10 50//10 52//10
f 49//5 45//5 46//5 50//5
f 47//3 45//3 49//3 51//3
f 52//4 50//4 46//4 48//4
f 53//2 55//2 56//2 54//2
f 55//1 59//1 60//1 56//1
f 59//8 57//8 58//8 60//8
f 57//5 53//5 54//5 58//5
f 55//3 53//3 57//3 59//3
f 60//4 58//4 54//4 56//4
f 65//1 63//1 64//1 66//1
f 63//8 61//8 62//8 64//8
f 65//3 67//3 61//3 63//3
f 64//4 62//4 68//4 66//4
f 61//5 67//5 68//5 62//5
f 69//8 70//8 72//8 71//8
f 71//11 72//11 76//11 75//11
f 75//2 76//2 74//2 73//2
f 73//12 74//12 70//12 69//12
f 71//13 75//13 73//13 69//13
f 76//14 72//14 70//14 74//14
usemtl plow_dark
f 86//15 78//15 80//15 87//15
f 88//4 90//4 100//4 95//4
f 89//16 84//16 82//16 91//16
f 81//16 92//16 101//16 102//16
f 79//3 83//3 81//3 77//3
f 84//4 80//4 78//4 82//4
f 84//16 89//16 107//16 99//16
f 92//17 91//17 86//17 85//17
f 83//16 90//16 92//16 81//16
f 90//16 89//16 91//16 92//16
f 78//15 86//15 93//15 94//15
f 88//18 87//18 89//18 90//18
f 77//15 85//15 88//15 79//15
f 85//15 86//15 87//15 88//15
f 106//18 98//18 99//18 107//18
f 108//17 104//17 94//17 93//17
f 102//17 101//17 105//17 103//17
f 96//18 95//18 100//18 97//18
f 77//3 81//3 102//3 103//3
f 89//3 87//3 106//3 107//3
f 79//15 88//15 95//15 96//15
f 91//16 82//16 104//16 108//16
f 82//4 78//4 94//4 104//4
f 83//3 79//3 96//3 97//3
f 85//15 77//15 103//15 105//15
f 80//4 84//4 99//4 98//4
f 92//4 85//4 105//4 101//4
f 90//16 83//16 97//16 100//16
f 86//3 91//3 108//3 93//3
f 87//15 80//15 98//15 106//15
f 118//19 119//19 112//19 110//19
f 120//4 127//4 132//4 122//4
f 121//20 123//20 114//20 116//20
f 113//20 134//20 133//20 124//20
f 111//3 109//3 113//3 115//3
f 116//4 114//4 110//4 112//4
f 116//20 131//20 139//20 121//20
f 124//21 117//21 118//21 123//21
f 115//20 113//20 124//20 122//20
f 122//20 124//20 123//20 121//20
f 110//19 126//19 125//19 118//19
f 120//22 122//22 121//22 119//22
f 109//19 111//19 120//19 117//19
f 117//19 120//19 119//19 118//19
f 138//22 139//22 131//22 130//22
f 140//21 125//21 126//21 136//21
f 134//21 135//21 137//21 133//21
f 128//22 129//22 132//22 127//22
f 109//3 135//3 134//3 113//3
f 121//3 139//3 138//3 119//3
f 111//19 128//19 127//19 120//19
f 123//20 140//20 136//20 114//20
f 114//4 136//4 126//4 110//4
f 115//3 129//3 128//3 111//3
f 117//19 137//19 135//19 109//19
f 112//4 130//4 131//4 116//4
f 124//4 133//4 137//4 117//4
f 122//20 132//20 129//20 115//20
f 118//3 125//3 140//3 123//3
f 119//19 138//19 130//19 112//19
f 150//23 142//23 144//23 151//23
f 152//4 154//4 164//4 159//4
f 153//24 148//24 146//24 155//24
f 145//24 156//24 165//24 166//24
f 143//3 147//3 145//3 141//3
f 148//4 144//4 142//4 146//4
f 148//24 153//24 171//24 163//24
f 156//25 155//25 150//25 149//25
f 147//24 154//24 156//24 145//24
f 154//24 153//24 155//24 156//24
f 142//23 150//23 157//23 158//23
f 152//26 151//26 153//26 154//26
f 141//23 149//23 152//23 143//23
f 149//23 150//23 151//23 152//23
f 170//26 162//26 163//26 171//26
f 172//25 168//25 158//25 157//25
f 166//25 165//25 169//25 167//25
f 160//26 159//26 164//26 161//26
f 141//3 145//3 166//3 167//3
f 153//3 151//3 170//3 171//3
f 143//23 152//23 159//23 160//23
f 155//24 146//24 168//24 172//24
f 146//4 142//4 158//4 168//4
f 147//3 143//3 160//3 161//3
f 149//23 141//23 167//23 169//23
f 144//4 148//4 163//4 162//4
f 156//4 149//4 169//4 165//4
f 154//24 147//24 161//24 164//24
f 150//3 155//3 172//3 157//3
f 151//23 144//23 162//23 170//23
f 182//27 183//27 176//27 174//27
f 184//4 191//4 196//4 186//4
f 185//28 187//28 178//28 180//28
f 177//28 198//28 197//28 188//28
f 175//3 173//3 177//3 179//3
f 180//4 178//4 174//4 176//4
f 180//28 195//28 203//28 185//28
f 188//29 181//29 182//29 187//29
f 179//28 177//28 188//28 186//28
f 186//28 188//28 187//28 185//28
f 174//27 190//27 189//27 182//27
f 184//30 186//30 185//30 183//30
f 173//27 175//27 184//27 181//27
f 181//27 184//27 183//27 182//27
f 202//30 203//30 195//30 194//30
f 204//29 189//29 190//29 200//29
f 198//29 199//29 201//29 197//29
f 192//30 193//30 196//30 191//30
f 173//3 199//3 198//3 177//3
f 185//3 203//3 202//3 183//3
f 175//27 192//27 191//27 184//27
f 187//28 204//28 200//28 178//28
f 178//4 200//4 190//4 174//4
f 179//3 193//3 192//3 175//3
f 181//27 201//27 199//27 173//27
f 176//4 194//4 195//4 180//4
f 188//4 197//4 201//4 181//4
f 186//28 196//28 193//28 179//28
f 182//3 189//3 204//3 187//3
f 183//27 202//27 194//27 176//27
s 1
f 241//31 278//32 277//33 242//34
f 242//34 277//33 279//35 243//36
f 243//36 279//35 280//37 244//38
f 244//38 280//37 281//39 245//40
f 245//40 281//39 282//41 246//42
f 246//42 282//41 283//43 247//44
f 247//44 283//43 284//45 248//46
f 248//46 284//45 285//47 249//48
f 249//48 285//47 286//49 250//50
f 250//50 286//49 287//51 251//52
f 208//53 206//53 288//53 226//53 224//53 222//53 220//53 218//53 216//53 214//53 212//53 210//53
f 251//52 287//51 228//54 252//55
f 252//55 228//54 278//32 241//31
f 973//53 984//53 983//53 982//53 981//53 980//53 979//53 978//53 977//53 976//53 975//53 974//53
f 227//56 265//56 266//57 205//57
f 225//58 267//58 265//56 227//56
f 223//4 268//4 267//58 225//58
f 221//59 269//59 268//4 223//4
f 219//60 270//60 269//59 221//59
f 217//61 271//61 270//60 219//60
f 215//62 272//62 271//61 217//61
f 213//63 273//63 272//62 215//62
f 211//3 274//3 273//63 213//63
f 209//64 275//64 274//3 211//3
f 207//65 276//65 275//64 209//64
f 205//57 266//57 276//65 207//65
f 240//66 252//55 241//31 229//67
f 239//68 251//52 252//55 240//66
f 238//69 250//50 251//52 239//68
f 237//70 249//48 250//50 238//69
f 236//71 248//46 249//48 237//70
f 235//72 247//44 248//46 236//71
f 234//73 246//42 247//44 235//72
f 233//74 245//40 246//42 234//73
f 232//75 244//38 245//40 233//74
f 231//76 243//36 244//38 232//75
f 230//77 242//34 243//36 231//76
f 229//67 241//31 242//34 230//77
f 325//31 362//32 361//33 326//34
f 326//34 361//33 363//35 327//36
f 327//36 363//35 364//37 328//38
f 328//38 364//37 365//39 329//40
f 329//40 365//39 366//41 330//42
f 330//42 366//41 367//43 331//44
f 331//44 367//43 368//45 332//46
f 332//46 368//45 369//47 333//48
f 333//48 369//47 370//49 334//50
f 334//50 370//49 371//51 335//52
f 292//53 290//53 372//53 310//53 308//53 306//53 304//53 302//53 300//53 298//53 296//53 294//53
f 335//52 371//51 312//54 336//55
f 336//55 312//54 362//32 325//31
f 337//78 338//78 339//78 340//78 341//78 342//78 343//78 344//78 345//78 346//78 347//78 348//78
f 311//56 349//56 350//57 289//57
f 309//58 351//58 349//56 311//56
f 307//4 352//4 351//58 309//58
f 305//59 353//59 352//4 307//4
f 303//60 354//60 353//59 305//59
f 301//61 355//61 354//60 303//60
f 299//62 356//62 355//61 301//61
f 297//63 357//63 356//62 299//62
f 295//3 358//3 357//63 297//63
f 293//64 359//64 358//3 295//3
f 291//65 360//65 359//64 293//64
f 289//57 350//57 360//65 291//65
f 324//66 336//55 325//31 313//67
f 323//68 335//52 336//55 324//66
f 322//69 334//50 335//52 323//68
f 321//70 333//48 334//50 322//69
f 320//71 332//46 333//48 321//70
f 319//72 331//44 332//46 320//71
f 318//73 330//42 331//44 319//72
f 317//74 329//40 330//42 318//73
f 316//75 328//38 329//40 317//74
f 315//76 327//36 328//38 316//75
f 314//77 326//34 327//36 315//76
f 313//67 325//31 326//34 314//77
f 409//31 446//32 445//33 410//34
f 410//34 445//33 447//35 411//36
f 411//36 447//35 448//37 412//38
f 412//38 448//37 449//39 413//40
f 413//40 449//39 450//41 414//42
f 414//42 450//41 451//43 415//44
f 415//44 451//43 452//45 416//46
f 416//46 452//45 453//47 417//48
f 417//48 453//47 454//49 418//50
f 418//50 454//49 455//51 419//52
f 376//53 374//53 456//53 394//53 392//53 390//53 388//53 386//53 384//53 382//53 380//53 378//53
f 419//52 455//51 396//54 420//55
f 420//55 396//54 446//32 409//31
f 421//78 422//78 423//78 424//78 425//78 426//78 427//78 428//78 429//78 430//78 431//78 432//78
f 395//56 433//56 434//57 373//57
f 393//58 435//58 433//56 395//56
f 391//4 436//4 435//58 393//58
f 389//59 437//59 436//4 391//4
f 387//60 438//60 437//59 389//59
f 385//61 439//61 438//60 387//60
f 383//62 440//62 439//61 385//61
f 381//63 441//63 440//62 383//62
f 379//3 442//3 441//63 381//63
f 377//64 443//64 442//3 379//3
f 375//65 444//65 443//64 377//64
f 373//57 434//57 444//65 375//65
f 408//66 420//55 409//31 397//67
f 407//68 419//52 420//55 408//66
f 406//69 418//50 419//52 407//68
f 405//70 417//48 418//50 406//69
f 404//71 416//46 417//48 405//70
f 403//72 415//44 416//46 404//71
f 402//73 414//42 415//44 403//72
f 401//74 413//40 414//42 402//73
f 400//75 412//38 413//40 401//74
f 399//76 411//36 412//38 400//75
f 398//77 410//34 411//36 399//76
f 397//67 409//31 410//34 398//77
f 493//31 530//32 529//33 494//34
f 494//34 529//33 531//35 495//36
f 495//36 531//35 532//37 496//38
f 496//38 532//37 533//39 497//40
f 497//40 533//39 534//41 498//42
f 498//42 534//41 535//43 499//44
f 499//44 535//43 536//45 500//46
f 500//46 536//45 537//47 501//48
f 501//48 537//47 538//49 502//50
f 502//50 538//49 539//51 503//52
f 460//53 458//53 540//53 478//53 476//53 474//53 472//53 470//53 468//53 466//53 464//53 462//53
f 503//52 539//51 480//54 504//55
f 504//55 480//54 530//32 493//31
f 505//78 506//78 507//78 508//78 509//78 510//78 511//78 512//78 513//78 514//78 515//78 516//78
f 479//56 517//56 518//57 457//57
f 477//58 519//58 517//56 479//56
f 475//4 520//4 519//58 477//58
f 473//59 521//59 520//4 475//4
f 471//60 522//60 521//59 473//59
f 469//61 523//61 522//60 471//60
f 467//62 524//62 523//61 469//61
f 465//63 525//63 524//62 467//62
f 463//3 526//3 525//63 465//63
f 461//64 527//64 526//3 463//3
f 459//65 528//65 527//64 461//64
f 457//57 518//57 528//65 459//65
f 492//66 504//55 493//31 481//67
f 491//68 503//52 504//55 492//66
f 490//69 502//50 503//52 491//68
f 489//70 501//48 502//50 490//69
f 488//71 500//46 501//48 489//70
f 487//72 499//44 500//46 488//71
f 486//73 498//42 499//44 487//72
f 485//74 497//40 498//42 486//73
f 484//75 496//38 497//40 485//74
f 483//76 495//36 496//38 484//75
f 482//77 494//34 495//36 483//76
f 481//67 493//31 494//34 482//77
f 577//31 614//32 613//33 578//34
f 578//34 613//33 615//35 579//36
f 579//36 615//35 616//37 580//38
f 580//38 616//37 617//39 581//40
f 581//40 617//39 618//41 582//42
f 582//42 618//41 619//43 583//44
f 583//44 619//43 620//45 584//46
f 584//46 620//45 621//47 585//48
f 585//48 621//47 622//49 586//50
f 586//50 622//49 623//51 587//52
f 544//53 542//53 624//53 562//53 560//53 558//53 556//53 554//53 552//53 550//53 548//53 546//53
f 587//52 623//51 564//54 588//55
f 588//55 564//54 614//32 577//31
f 589//78 590//78 591//78 592//78 593//78 594//78 595//78 596//78 597//78 598//78 599//78 600//78
f 563//56 601//56 602//57 541//57
f 561//58 603//58 601//56 563//56
f 559//4 604//4 603//58 561//58
f 557//59 605//59 604//4 559//4
f 555//60 606//60 605//59 557//59
f 553//61 607//61 606//60 555//60
f 551//62 608//62 607//61 553//61
f 549//63 609//63 608//62 551//62
f 547//3 610//3 609//63 549//63
f 545//64 611//64 610//3 547//3
f 543//65 612//65 611//64 545//64
f 541//57 602//57 612//65 543//65
f 576//66 588//55 577//31 565//67
f 575//68 587//52 588//55 576//66
f 574//69 586//50 587//52 575//68
f 573//70 585//48 586//50 574//69
f 572//71 584//46 585//48 573//70
f 571//72 583//44 584//46 572//71
f 570//73 582//42 583//44 571//72
f 569//74 581//40 582//42 570//73
f 568//75 580//38 581//40 569//74
f 567//76 579//36 580//38 568//75
f 566//77 578//34 579//36 567//76
f 565//67 577//31 578//34 566//77
f 661//31 698//32 697//33 662//34
f 662//34 697//33 699//35 663//36
f 663//36 699//35 700//37 664//38
f 664//38 700//37 701//39 665//40
f 665//40 701//39 702//41 666//42
f 666//42 702//41 703//43 667//44
f 667//44 703//43 704//45 668//46
f 668//46 704//45 705//47 669//48
f 669//48 705//47 706//49 670//50
f 670//50 706//49 707//51 671//52
f 628//53 626//53 708//53 646//53 644//53 642//53 640//53 638//53 636//53 634//53 632//53 630//53
f 671//52 707//51 648//54 672//55
f 672//55 648//54 698//32 661//31
f 673//78 674//78 675//78 676//78 677//78 678//78 679//78 680//78 681//78 682//78 683//78 684//78
f 647//56 685//56 686//57 625//57
f 645//58 687//58 685//56 647//56
f 643//4 688//4 687//58 645//58
f 641//59 689//59 688//4 643//4
f 639//60 690//60 689//59 641//59
f 637//61 691//61 690//60 639//60
f 635//62 692//62 691//61 637//61
f 633//63 693//63 692//62 635//62
f 631//3 694//3 693//63 633//63
f 629//64 695//64 694//3 631//3
f 627//65 696//65 695//64 629//64
f 625//57 686//57 696//65 627//65
f 660//66 672//55 661//31 649//67
f 659//68 671//52 672//55 660//66
f 658//69 670//50 671//52 659//68
f 657//70 669//48 670//50 658//69
f 656//71 668//46 669//48 657//70
f 655//72 667//44 668//46 656//71
f 654//73 666//42 667//44 655//72
f 653//74 665//40 666//42 654//73
f 652//75 664//38 665//40 653//74
f 651//76 663//36 664//38 652//75
f 650//77 662//34 663//36 651//76
f 649//67 661//31 662//34 650//77
f 745//31 782//32 781//33 746//34
f 746//34 781//33 783//35 747//36
f 747//36 783//35 784//37 748//38
f 748//38 784//37 785//39 749//40
f 749//40 785//39 786//41 750//42
f 750//42 786//41 787//43 751//44
f 751//44 787//43 788//45 752//46
f 752//46 788//45 789//47 753//48
f 753//48 789//47 790//49 754//50
f 754//50 790//49 791//51 755//52
f 712//53 710//53 792//53 730//53 728//53 726//53 724//53 722//53 720//53 718//53 716//53 714//53
f 755//52 791//51 732//54 756//55
f 756//55 732//54 782//32 745//31
f 757//78 758//78 759//78 760//78 761//78 762//78 763//78 764//78 765//78 766//78 767//78 768//78
f 731//56 769//56 770//57 709//57
f 729//58 771//58 769//56 731//56
f 727//4 772//4 771//58 729//58
f 725//59 773//59 772//4 727//4
f 723//60 774//60 773//59 725//59
f 721//61 775//61 774//60 723//60
f 719//62 776//62 775//61 721//61
f 717//63 777//63 776//62 719//62
f 715//3 778//3 777//63 717//63
f 713//64 779//64 778//3 715//3
f 711//65 780//65 779//64 713//64
f 709//57 770//57 780//65 711//65
f 744//66 756//55 745//31 733//67
f 743//68 755//52 756//55 744//66
f 742//69 754//50 755//52 743//68
f 741//70 753//48 754//50 742//69
f 740//71 752//46 753//48 741//70
f 739//72 751//44 752//46 740//71
f 738//73 750//42 751//44 739//72
f 737//74 749//40 750//42 738//73
f 736//75 748//38 749//40 737//74
f 735//76 747//36 748//38 736//75
f 734//77 746//34 747//36 735//76
f 733//67 745//31 746//34 734//77
f 829//31 866//32 865//33 830//34
f 830//34 865//33 867//35 831//36
f 831//36 867//35 868//37 832//38
f 832//38 868//37 869//39 833//40
f 833//40 869//39 870//41 834//42
f 834//42 870//41 871//43 835//44
f 835//44 871//43 872//45 836//46
f 836//46 872//45 873//47 837//48
f 837//48 873//47 874//49 838//50
f 838//50 874//49 875//51 839//52
f 796//53 794//53 876//53 814//53 812//53 810//53 808//53 806//53 804//53 802//53 800//53 798//53
f 839//52 875//51 816//54 840//55
f 840//55 816//54 866//32 829//31
f 841//78 842//78 843//78 844//78 845//78 846//78 847//78 848//78 849//78 850//78 851//78 852//78
f 815//56 853//56 854//57 793//57
f 813//58 855//58 853//56 815//56
f 811//4 856//4 855//58 813//58
f 809//59 857//59 856//4 811//4
f 807//60 858//60 857//59 809//59
f 805//61 859//61 858//60 807//60
f 803//62 860//62 859//61 805//61
f 801//63 861//63 860//62 803//62
f 799//3 862//3 861//63 801//63
f 797//64 863//64 862//3 799//3
f 795//65 864//65 863//64 797//64
f 793//57 854//57 864//65 795//65
f 828//66 840//55 829//31 817//67
f 827//68 839//52 840//55 828//66
f 826//69 838//50 839//52 827//68
f 825//70 837//48 838//50 826//69
f 824//71 836//46 837//48 825//70
f 823//72 835//44 836//46 824//71
f 822//73 834//42 835//44 823//72
f 821//74 833//40 834//42 822//73
f 820//75 832//38 833//40 821//74
f 819//76 831//36 832//38 820//75
f 818//77 830//34 831//36 819//76
f 817//67 829//31 830//34 818//77
f 913//31 950//32 949//33 914//34
f 914//34 949//33 951//35 915//36
f 915//36 951//35 952//37 916//38
f 916//38 952//37 953//39 917//40
f 917//40 953//39 954//41 918//42
f 918//42 954//41 955//43 919//44
f 919//44 955//43 956//45 920//46
f 920//46 956//45 957//47 921//48
f 921//48 957//47 958//49 922//50
f 922//50 958//49 959//51 923//52
f 880//53 878//53 960//53 898//53 896//53 894//53 892//53 890//53 888//53 886//53 884//53 882//53
f 923//52 959//51 900//54 924//55
f 924//55 900//54 950//32 913//31
f 925//78 926//78 927//78 928//78 929//78 930//78 931//78 932//78 933//78 934//78 935//78 936//78
f 899//56 937//56 938//57 877//57
f 897//58 939//58 937//56 899//56
f 895//4 940//4 939//58 897//58
f 893//59 941//59 940//4 895//4
f 891//60 942//60 941//59 893//59
f 889//61 943//61 942//60 891//60
f 887//62 944//62 943//61 889//61
f 885//63 945//63 944//62 887//62
f 883//3 946//3 945//63 885//63
f 881//64 947//64 946//3 883//3
f 879//65 948//65 947//64 881//64
f 877//57 938//57 948//65 879//65
f 912//66 924//55 913//31 901//67
f 911//68 923//52 924//55 912//66
f 910//69 922//50 923//52 911//68
f 909//70 921//48 922//50 910//69
f 908//71 920//46 921//48 909//70
f 907//72 919//44 920//46 908//71
f 906//73 918//42 919//44 907//72
f 905//74 917//40 918//42 906//73
f 904//75 916//38 917//40 905//74
f 903//76 915//36 916//38 904//75
f 902//77 914//34 915//36 903//76
f 901//67 913//31 914//34 902//77
f 961//79 962//80 963//81 964//82 965//83 966//84 967//85 968//86 969//87 970//88 971//89 972//90
f 255//91 256//92 964//82 963//81
f 263//93 264//94 972//90 971//89
f 254//95 255//91 963//81 962//80
f 262//96 263//93 971//89 970//88
f 261//97 262//96 970//88 969//87
f 260//98 261//97 969//87 968//86
f 259//99 260//98 968//86 967//85
f 258//100 259//99 967//85 966//84
f 257//101 258//100 966//84 965//83
f 256//92 257//101 965//83 964//82
f 264//94 253//102 961//79 972//90
f 253//102 254//95 962//80 961//79
f 1021//103 1022//104 1057//105 1058//106
f 1022//104 1023//107 1059//108 1057//105
f 1023//107 1024//109 1060//110 1059//108
f 1024//109 1025//111 1061//112 1060//110
f 1025//111 1026//113 1062//114 1061//112
f 1026//113 1027//115 1063//116 1062//114
f 1027//115 1028//117 1064//118 1063//116
f 1028//117 1029//119 1065//120 1064//118
f 1029//119 1030//121 1066//122 1065//120
f 1030//121 1031//123 1067//124 1066//122
f 988//125 990//125 992//125 994//125 996//125 998//125 1000//125 1002//125 1004//125 1006//125 1068//125 986//125
f 1031//123 1032//126 1008//127 1067//124
f 1032//126 1021//103 1058//106 1008//127
f 1753//125 1754//125 1755//125 1756//125 1757//125 1758//125 1759//125 1760//125 1761//125 1762//125 1763//125 1764//125
f 1007//128 985//129 1046//129 1045//128
f 1005//130 1007//128 1045//128 1047//130
f 1003//4 1005//130 1047//130 1048//4
f 1001//131 1003//4 1048//4 1049//131
f 999//132 1001//131 1049//131 1050//132
f 997//133 999//132 1050//132 1051//133
f 995//134 997//133 1051//133 1052//134
f 993//135 995//134 1052//134 1053//135
f 991//3 993//135 1053//135 1054//3
f 989//136 991//3 1054//3 1055//136
f 987//137 989//136 1055//136 1056//137
f 985//129 987//137 1056//137 1046//129
f 1020//138 1009//139 1021//103 1032//126
f 1019//140 1020//138 1032//126 1031//123
f 1018//141 1019//140 1031//123 1030//121
f 1017//142 1018//141 1030//121 1029//119
f 1016//143 1017//142 1029//119 1028//117
f 1015//144 1016//143 1028//117 1027//115
f 1014//145 1015//144 1027//115 1026//113
f 1013//146 1014//145 1026//113 1025//111
f 1012//147 1013//146 1025//111 1024//109
f 1011//148 1012//147 1024//109 1023//107
f 1010//149 1011//148 1023//107 1022//104
f 1009//139 1010//149 1022//104 1021//103
f 1105//103 1106//104 1141//105 1142//106
f 1106//104 1107//107 1143//108 1141//105
f 1107//107 1108//109 1144//110 1143//108
f 1108//109 1109//111 1145//112 1144//110
f 1109//111 1110//113 1146//114 1145//112
f 1110//113 1111//115 1147//116 1146//114
f 1111//115 1112//117 1148//118 1147//116
f 1112//117 1113//119 1149//120 1148//118
f 1113//119 1114//121 1150//122 1149//120
f 1114//121 1115//123 1151//124 1150//122
f 1072//125 1074//125 1076//125 1078//125 1080//125 1082//125 1084//125 1086//125 1088//125 1090//125 1152//125 1070//125
f 1115//123 1116//126 1092//127 1151//124
f 1116//126 1105//103 1142//106 1092//127
f 1117//150 1128//150 1127//150 1126//150 1125//150 1124//150 1123//150 1122//150 1121//150 1120//150 1119//150 1118//150
f 1091//128 1069//129 1130//129 1129//128
f 1089//130 1091//128 1129//128 1131//130
f 1087//4 1089//130 1131//130 1132//4
f 1085//131 1087//4 1132//4 1133//131
f 1083//132 1085//131 1133//131 1134//132
f 1081//133 1083//132 1134//132 1135//133
f 1079//134 1081//133 1135//133 1136//134
f 1077//135 1079//134 1136//134 1137//135
f 1075//3 1077//135 1137//135 1138//3
f 1073//136 1075//3 1138//3 1139//136
f 1071//137 1073//136 1139//136 1140//137
f 1069//129 1071//137 1140//137 1130//129
f 1104//138 1093//139 1105//103 1116//126
f 1103//140 1104//138 1116//126 1115//123
f 1102//141 1103//140 1115//123 1114//121
f 1101//142 1102//141 1114//121 1113//119
f 1100//143 1101//142 1113//119 1112//117
f 1099//144 1100//143 1112//117 1111//115
f 1098//145 1099//144 1111//115 1110//113
f 1097//146 1098//145 1110//113 1109//111
f 1096//147 1097//146 1109//111 1108//109
f 1095//148 1096//147 1108//109 1107//107
f 1094//149 1095//148 1107//107 1106//104
f 1093//139 1094//149 1106//104 1105//103
f 1189//103 1190//104 1225//105 1226//106
f 1190//104 1191//107 1227//108 1225//105
f 1191//107 1192//109 1228//110 1227//108
f 1192//109 1193//111 1229//112 1228//110
f 1193//111 1194//113 1230//114 1229//112
f 1194//113 1195//115 1231//116 1230//114
f 1195//115 1196//117 1232//118 1231//116
f 1196//117 1197//119 1233//120 1232//118
f 1197//119 1198//121 1234//122 1233//120
f 1198//121 1199//123 1235//124 1234//122
f 1156//125 1158//125 1160//125 1162//125 1164//125 1166//125 1168//125 1170//125 1172//125 1174//125 1236//125 1154//125
f 1199//123 1200//126 1176//127 1235//124
f 1200//126 1189//103 1226//106 1176//127
f 1201//150 1212//150 1211//150 1210//150 1209//150 1208//150 1207//150 1206//150 1205//150 1204//150 1203//150 1202//150
f 1175//128 1153//129 1214//129 1213//128
f 1173//130 1175//128 1213//128 1215//130
f 1171//4 1173//130 1215//130 1216//4
f 1169//131 1171//4 1216//4 1217//131
f 1167//132 1169//131 1217//131 1218//132
f 1165//133 1167//132 1218//132 1219//133
f 1163//134 1165//133 1219//133 1220//134
f 1161//135 1163//134 1220//134 1221//135
f 1159//3 1161//135 1221//135 1222//3
f 1157//136 1159//3 1222//3 1223//136
f 1155//137 1157//136 1223//136 1224//137
f 1153//129 1155//137 1224//137 1214//129
f 1188//138 1177//139 1189//103 1200//126
f 1187//140 1188//138 1200//126 1199//123
f 1186//141 1187//140 1199//123 1198//121
f 1185//142 1186//141 1198//121 1197//119
f 1184//143 1185//142 1197//119 1196//117
f 1183//144 1184//143 1196//117 1195//115
f 1182//145 1183//144 1195//115 1194//113
f 1181//146 1182//145 1194//113 1193//111
f 1180//147 1181//146 1193//111 1192//109
f 1179//148 1180//147 1192//109 1191//107
f 1178//149 1179//148 1191//107 1190//104
f 1177//139 1178//149 1190//104 1189//103
f 1273//103 1274//104 1309//105 1310//106
f 1274//104 1275//107 1311//108 1309//105
f 1275//107 1276//109 1312//110 1311//108
f 1276//109 1277//111 1313//112 1312//110
f 1277//111 1278//113 1314//114 1313//112
f 1278//113 1279//115 1315//116 1314//114
f 1279//115 1280//117 1316//118 1315//116
f 1280//117 1281//119 1317//120 1316//118
f 1281//119 1282//121 1318//122 1317//120
f 1282//121 1283//123 1319//124 1318//122
f 1240//125 1242//125 1244//125 1246//125 1248//125 1250//125 1252//125 1254//125 1256//125 1258//125 1320//125 1238//125
f 1283//123 1284//126 1260//127 1319//124
f 1284//126 1273//103 1310//106 1260//127
f 1285//150 1296//150 1295//150 1294//150 1293//150 1292//150 1291//150 1290//150 1289//150 1288//150 1287//150 1286//150
f 1259//128 1237//129 1298//129 1297//128
f 1257//130 1259//128 1297//128 1299//130
f 1255//4 1257//130 1299//130 1300//4
f 1253//131 1255//4 1300//4 1301//131
f 1251//132 1253//131 1301//131 1302//132
f 1249//133 1251//132 1302//132 1303//133
f 1247//134 1249//133 1303//133 1304//134
f 1245//135 1247//134 1304//134 1305//135
f 1243//3 1245//135 1305//135 1306//3
f 1241//136 1243//3 1306//3 1307//136
f 1239//137 1241//136 1307//136 1308//137
f 1237//129 1239//137 1308//137 1298//129
f 1272//138 1261//139 1273//103 1284//126
f 1271//140 1272//138 1284//126 1283//123
f 1270//141 1271//140 1283//123 1282//121
f 1269//142 1270//141 1282//121 1281//119
f 1268//143 1269//142 1281//119 1280//117
f 1267//144 1268//143 1280//117 1279//115
f 1266//145 1267//144 1279//115 1278//113
f 1265//146 1266//145 1278//113 1277//111
f 1264//147 1265//146 1277//111 1276//109
f 1263//148 1264//147 1276//109 1275//107
f 1262//149 1263//148 1275//107 1274//104
f 1261//139 1262//149 1274//104 1273//103
f 1357//103 1358//104 1393//105 1394//106
f 1358//104 1359//107 1395//108 1393//105
f 1359//107 1360//109 1396//110 1395//108
f 1360//109 1361//111 1397//112 1396//110
f 1361//111 1362//113 1398//114 1397//112
f 1362//113 1363//115 1399//116 1398//114
f 1363//115 1364//117 1400//118 1399//116
f 1364//117 1365//119 1401//120 1400//118
f 1365//119 1366//121 1402//122 1401//120
f 1366//121 1367//123 1403//124 1402//122
f 1324//125 1326//125 1328//125 1330//125 1332//125 1334//125 1336//125 1338//125 1340//125 1342//125 1404//125 1322//125
f 1367//123 1368//126 1344//127 1403//124
f 1368//126 1357//103 1394//106 1344//127
f 1369//150 1380//150 1379//150 1378//150 1377//150 1376//150 1375//150 1374//150 1373//150 1372//150 1371//150 1370//150
f 1343//128 1321//129 1382//129 1381//128
f 1341//130 1343//128 1381//128 1383//130
f 1339//4 1341//130 1383//130 1384//4
f 1337//131 1339//4 1384//4 1385//131
f 1335//132 1337//131 1385//131 1386//132
f 1333//133 1335//132 1386//132 1387//133
f 1331//134 1333//133 1387//133 1388//134
f 1329//135 1331//134 1388//134 1389//135
f 1327//3 1329//135 1389//135 1390//3
f 1325//136 1327//3 1390//3 1391//136
f 1323//137 1325//136 1391//136 1392//137
f 1321//129 1323//137 1392//137 1382//129
f 1356//138 1345//139 1357//103 1368//126
f 1355//140 1356//138 1368//126 1367//123
f 1354//141 1355//140 1367//123 1366//121
f 1353//142 1354//141 1366//121 1365//119
f 1352//143 1353//142 1365//119 1364//117
f 1351//144 1352//143 1364//117 1363//115
f 1350//145 1351//144 1363//115 1362//113
f 1349//146 1350//145 1362//113 1361//111
f 1348//147 1349//146 1361//111 1360//109
f 1347//148 1348//147 1360//109 1359//107
f 1346//149 1347//148 1359//107 1358//104
f 1345//139 1346//149 1358//104 1357//103
f 1441//103 1442//104 1477//105 1478//106
f 1442//104 1443//107 1479//108 1477//105
f 1443//107 1444//109 1480//110 1479//108
f 1444//109 1445//111 1481//112 1480//110
f 1445//111 1446//113 1482//114 1481//112
f 1446//113 1447//115 1483//116 1482//114
f 1447//115 1448//117 1484//118 1483//116
f 1448//117 1449//119 1485//120 1484//118
f 1449//119 1450//121 1486//122 1485//120
f 1450//121 1451//123 1487//124 1486//122
f 1408//125 1410//125 1412//125 1414//125 1416//125 1418//125 1420//125 1422//125 1424//125 1426//125 1488//125 1406//125
f 1451//123 1452//126 1428//127 1487//124
f 1452//126 1441//103 1478//106 1428//127
f 1453//150 1464//150 1463//150 1462//150 1461//150 1460//150 1459//150 1458//150 1457//150 1456//150 1455//150 1454//150
f 1427//128 1405//129 1466//129 1465//128
f 1425//130 1427//128 1465//128 1467//130
f 1423//4 1425//130 1467//130 1468//4
f 1421//131 1423//4 1468//4 1469//131
f 1419//132 1421//131 1469//131 1470//132
f 1417//133 1419//132 1470//132 1471//133
f 1415//134 1417//133 1471//133 1472//134
f 1413//135 1415//134 1472//134 1473//135
f 1411//3 1413//135 1473//135 1474//3
f 1409//136 1411//3 1474//3 1475//136
f 1407//137 1409//136 1475//136 1476//137
f 1405//129 1407//137 1476//137 1466//129
f 1440//138 1429//139 1441//103 1452//126
f 1439//140 1440//138 1452//126 1451//123
f 1438//141 1439//140 1451//123 1450//121
f 1437//142 1438//141 1450//121 1449//119
f 1436//143 1437//142 1449//119 1448//117
f 1435//144 1436//143 1448//117 1447//115
f 1434//145 1435//144 1447//115 1446//113
f 1433//146 1434//145 1446//113 1445//111
f 1432//147 1433//146 1445//111 1444//109
f 1431//148 1432//147 1444//109 1443//107
f 1430//149 1431//148 1443//107 1442//104
f 1429//139 1430//149 1442//104 1441//103
f 1525//103 1526//104 1561//105 1562//106
f 1526//104 1527//107 1563//108 1561//105
f 1527//107 1528//109 1564//110 1563//108
f 1528//109 1529//111 1565//112 1564//110
f 1529//111 1530//113 1566//114 1565//112
f 1530//113 1531//115 1567//116 1566//114
f 1531//115 1532//117 1568//118 1567//116
f 1532//117 1533//119 1569//120 1568//118
f 1533//119 1534//121 1570//122 1569//120
f 1534//121 1535//123 1571//124 1570//122
f 1492//125 1494//125 1496//125 1498//125 1500//125 1502//125 1504//125 1506//125 1508//125 1510//125 1572//125 1490//125
f 1535//123 1536//126 1512//127 1571//124
f 1536//126 1525//103 1562//106 1512//127
f 1537//150 1548//150 1547//150 1546//150 1545//150 1544//150 1543//150 1542//150 1541//150 1540//150 1539//150 1538//150
f 1511//128 1489//129 1550//129 1549//128
f 1509//130 1511//128 1549//128 1551//130
f 1507//4 1509//130 1551//130 1552//4
f 1505//131 1507//4 1552//4 1553//131
f 1503//132 1505//131 1553//131 1554//132
f 1501//133 1503//132 1554//132 1555//133
f 1499//134 1501//133 1555//133 1556//134
f 1497//135 1499//134 1556//134 1557//135
f 1495//3 1497//135 1557//135 1558//3
f 1493//136 1495//3 1558//3 1559//136
f 1491//137 1493//136 1559//136 1560//137
f 1489//129 1491//137 1560//137 1550//129
f 1524//138 1513//139 1525//103 1536//126
f 1523//140 1524//138 1536//126 1535//123
f 1522//141 1523//140 1535//123 1534//121
f 1521//142 1522//141 1534//121 1533//119
f 1520//143 1521//142 1533//119 1532//117
f 1519//144 1520//143 1532//117 1531//115
f 1518//145 1519//144 1531//115 1530//113
f 1517//146 1518//145 1530//113 1529//111
f 1516//147 1517//146 1529//111 1528//109
f 1515//148 1516//147 1528//109 1527//107
f 1514//149 1515//148 1527//107 1526//104
f 1513//139 1514//149 1526//104 1525//103
f 1609//103 1610//104 1645//105 1646//106
f 1610//104 1611//107 1647//108 1645//105
f 1611//107 1612//109 1648//110 1647//108
f 1612//109 1613//111 1649//112 1648//110
f 1613//111 1614//113 1650//114 1649//112
f 1614//113 1615//115 1651//116 1650//114
f 1615//115 1616//117 1652//118 1651//116
f 1616//117 1617//119 1653//120 1652//118
f 1617//119 1618//121 1654//122 1653//120
f 1618//121 1619//123 1655//124 1654//122
f 1576//125 1578//125 1580//125 1582//125 1584//125 1586//125 1588//125 1590//125 1592//125 1594//125 1656//125 1574//125
f 1619//123 1620//126 1596//127 1655//124
f 1620//126 1609//103 1646//106 1596//127
f 1621//150 1632//150 1631//150 1630//150 1629//150 1628//150 1627//150 1626//150 1625//150 1624//150 1623//150 1622//150
f 1595//128 1573//129 1634//129 1633//128
f 1593//130 1595//128 1633//128 1635//130
f 1591//4 1593//130 1635//130 1636//4
f 1589//131 1591//4 1636//4 1637//131
f 1587//132 1589//131 1637//131 1638//132
f 1585//133 1587//132 1638//132 1639//133
f 1583//134 1585//133 1639//133 1640//134
f 1581//135 1583//134 1640//134 1641//135
f 1579//3 1581//135 1641//135 1642//3
f 1577//136 1579//3 1642//3 1643//136
f 1575//137 1577//136 1643//136 1644//137
f 1573//129 1575//137 1644//137 1634//129
f 1608//138 1597//139 1609//103 1620//126
f 1607//140 1608//138 1620//126 1619//123
f 1606//141 1607//140 1619//123 1618//121
f 1605//142 1606//141 1618//121 1617//119
f 1604//143 1605//142 1617//119 1616//117
f 1603//144 1604//143 1616//117 1615//115
f 1602//145 1603//144 1615//115 1614//113
f 1601//146 1602//145 1614//113 1613//111
f 1600//147 1601//146 1613//111 1612//109
f 1599//148 1600//147 1612//109 1611//107
f 1598//149 1599//148 1611//107 1610//104
f 1597//139 1598//149 1610//104 1609//103
f 1693//103 1694//104 1729//105 1730//106
f 1694//104 1695//107 1731//108 1729//105
f 1695//107 1696//109 1732//110 1731//108
f 1696//109 1697//111 1733//112 1732//110
f 1697//111 1698//113 1734//114 1733//112
f 1698//113 1699//115 1735//116 1734//114
f 1699//115 1700//117 1736//118 1735//116
f 1700//117 1701//119 1737//120 1736//118
f 1701//119 1702//121 1738//122 1737//120
f 1702//121 1703//123 1739//124 1738//122
f 1660//125 1662//125 1664//125 1666//125 1668//125 1670//125 1672//125 1674//125 1676//125 1678//125 1740//125 1658//125
f 1703//123 1704//126 1680//127 1739//124
f 1704//126 1693//103 1730//106 1680//127
f 1705//150 1716//150 1715//150 1714//150 1713//150 1712//150 1711//150 1710//150 1709//150 1708//150 1707//150 1706//150
f 1679//128 1657//129 1718//129 1717//128
f 1677//130 1679//128 1717//128 1719//130
f 1675//4 1677//130 1719//130 1720//4
f 1673//131 1675//4 1720//4 1721//131
f 1671//132 1673//131 1721//131 1722//132
f 1669//133 1671//132 1722//132 1723//133
f 1667//134 1669//133 1723//133 1724//134
f 1665//135 1667//134 1724//134 1725//135
f 1663//3 1665//135 1725//135 1726//3
f 1661//136 1663//3 1726//3 1727//136
f 1659//137 1661//136 1727//136 1728//137
f 1657//129 1659//137 1728//137 1718//129
f 1692//138 1681//139 1693//103 1704//126
f 1691//140 1692//138 1704//126 1703//123
f 1690//141 1691//140 1703//123 1702//121
f 1689//142 1690//141 1702//121 1701//119
f 1688//143 1689//142 1701//119 1700//117
f 1687//144 1688//143 1700//117 1699//115
f 1686//145 1687//144 1699//115 1698//113
f 1685//146 1686//145 1698//113 1697//111
f 1684//147 1685//146 1697//111 1696//109
f 1683//148 1684//147 1696//109 1695//107
f 1682//149 1683//148 1695//107 1694//104
f 1681//139 1682//149 1694//104 1693//103
f 1741//151 1752//152 1751//153 1750//154 1749//155 1748//156 1747//157 1746//158 1745//159 1744//160 1743//161 1742//162
f 1035//163 1743//161 1744//160 1036//164
f 1043//165 1751//153 1752//152 1044//166
f 1034//167 1742//162 1743//161 1035//163
f 1042//168 1750//154 1751//153 1043//165
f 1041//169 1749//155 1750//154 1042//168
f 1040//170 1748//156 1749//155 1041//169
f 1039//171 1747//157 1748//156 1040//170
f 1038//172 1746//158 1747//157 1039//171
f 1037//173 1745//159 1746//158 1038//172
f 1036//164 1744//160 1745//159 1037//173
f 1044//166 1752//152 1741//151 1033//174
f 1033//174 1741//151 1742//162 1034//167
f 1801//175 1838//176 1837//177 1802//178
f 1802//178 1837//177 1839//179 1803//180
f 1803//180 1839//179 1840//181 1804//182
f 1804//182 1840//181 1841//183 1805//184
f 1805//184 1841//183 1842//185 1806//186
f 1806//186 1842//185 1843//187 1807//188
f 1807//188 1843//187 1844//189 1808//190
f 1808//190 1844//189 1845//191 1809//192
f 1809//192 1845//191 1846//193 1810//194
f 1810//194 1846//193 1847//195 1811//196
f 1768//197 1766//197 1848//197 1786//197 1784//197 1782//197 1780//197 1778//197 1776//197 1774//197 1772//197 1770//197
f 1811//196 1847//195 1788//198 1812//199
f 1812//199 1788//198 1838//176 1801//175
f 2533//197 2544//197 2543//197 2542//197 2541//197 2540//197 2539//197 2538//197 2537//197 2536//197 2535//197 2534//197
f 1787//200 1825//200 1826//201 1765//201
f 1785//202 1827//202 1825//200 1787//200
f 1783//4 1828//4 1827//202 1785//202
f 1781//203 1829//203 1828//4 1783//4
f 1779//204 1830//204 1829//203 1781//203
f 1777//205 1831//205 1830//204 1779//204
f 1775//206 1832//206 1831//205 1777//205
f 1773//207 1833//207 1832//206 1775//206
f 1771//3 1834//3 1833//207 1773//207
f 1769//208 1835//208 1834//3 1771//3
f 1767//209 1836//209 1835//208 1769//208
f 1765//201 1826//201 1836//209 1767//209
f 1800//210 1812//199 1801//175 1789//211
f 1799//212 1811//196 1812//199 1800//210
f 1798//213 1810//194 1811//196 1799//212
f 1797//214 1809//192 1810//194 1798//213
f 1796//215 1808//190 1809//192 1797//214
f 1795//216 1807//188 1808//190 1796//215
f 1794//217 1806//186 1807//188 1795//216
f 1793//218 1805//184 1806//186 1794//217
f 1792//219 1804//182 1805//184 1793//218
f 1791//220 1803//180 1804//182 1792//219
f 1790//221 1802//178 1803//180 1791//220
f 1789//211 1801//175 1802//178 1790//221
f 1885//175 1922//176 1921//222 1886//178
f 1886//178 1921//222 1923//179 1887//180
f 1887//180 1923//179 1924//181 1888//182
f 1888//182 1924//181 1925//183 1889//184
f 1889//184 1925//183 1926//185 1890//186
f 1890//186 1926//185 1927//223 1891//188
f 1891//188 1927//223 1928//189 1892//190
f 1892//190 1928//189 1929//191 1893//192
f 1893//192 1929//191 1930//193 1894//194
f 1894//194 1930//193 1931//195 1895//196
f 1852//197 1850//197 1932//197 1870//197 1868//197 1866//197 1864//197 1862//197 1860//197 1858//197 1856//197 1854//197
f 1895//196 1931//195 1872//198 1896//199
f 1896//199 1872//198 1922//176 1885//175
f 1897//224 1898//224 1899//224 1900//224 1901//224 1902//224 1903//224 1904//224 1905//224 1906//224 1907//224 1908//224
f 1871//200 1909//200 1910//201 1849//201
f 1869//202 1911//202 1909//200 1871//200
f 1867//4 1912//4 1911//202 1869//202
f 1865//203 1913//203 1912//4 1867//4
f 1863//204 1914//204 1913//203 1865//203
f 1861//205 1915//205 1914//204 1863//204
f 1859//206 1916//206 1915//205 1861//205
f 1857//207 1917//207 1916//206 1859//206
f 1855//3 1918//3 1917//207 1857//207
f 1853//208 1919//208 1918//3 1855//3
f 1851//209 1920//209 1919//208 1853//208
f 1849//201 1910//201 1920//209 1851//209
f 1884//210 1896//199 1885//175 1873//211
f 1883//212 1895//196 1896//199 1884//210
f 1882//213 1894//194 1895//196 1883//212
f 1881//214 1893//192 1894//194 1882//213
f 1880//215 1892//190 1893//192 1881//214
f 1879//216 1891//188 1892//190 1880//215
f 1878//217 1890//186 1891//188 1879//216
f 1877//218 1889//184 1890//186 1878//217
f 1876//219 1888//182 1889//184 1877//218
f 1875//220 1887//180 1888//182 1876//219
f 1874//221 1886//178 1887//180 1875//220
f 1873//211 1885//175 1886//178 1874//221
f 1969//175 2006//225 2005//177 1970//178
f 1970//178 2005//177 2007//179 1971//180
f 1971//180 2007//179 2008//181 1972//182
f 1972//182 2008//181 2009//183 1973//184
f 1973//184 2009//183 2010//185 1974//186
f 1974//186 2010//185 2011//187 1975//188
f 1975//188 2011//187 2012//189 1976//190
f 1976//190 2012//189 2013//191 1977//192
f 1977//192 2013//191 2014//193 1978//194
f 1978//194 2014//193 2015//195 1979//196
f 1936//197 1934//197 2016//197 1954//197 1952//197 1950//197 1948//197 1946//197 1944//197 1942//197 1940//197 1938//197
f 1979//196 2015//195 1956//226 1980//199
f 1980//199 1956//226 2006//225 1969//175
f 1981//224 1982//224 1983//224 1984//224 1985//224 1986//224 1987//224 1988//224 1989//224 1990//224 1991//224 1992//224
f 1955//200 1993//200 1994//201 1933//201
f 1953//202 1995//202 1993//200 1955//200
f 1951//4 1996//4 1995//202 1953//202
f 1949//203 1997//203 1996//4 1951//4
f 1947//204 1998//204 1997//203 1949//203
f 1945//205 1999//205 1998//204 1947//204
f 1943//206 2000//206 1999//205 1945//205
f 1941//207 2001//207 2000//206 1943//206
f 1939//3 2002//3 2001//207 1941//207
f 1937//208 2003//208 2002//3 1939//3
f 1935//209 2004//209 2003//208 1937//208
f 1933//201 1994//201 2004//209 1935//209
f 1968//210 1980//199 1969//175 1957//211
f 1967//212 1979//196 1980//199 1968//210
f 1966//213 1978//194 1979//196 1967//212
f 1965//214 1977//192 1978//194 1966//213
f 1964//215 1976//190 1977//192 1965//214
f 1963//227 1975//188 1976//190 1964//215
f 1962//217 1974//186 1975//188 1963//227
f 1961//218 1973//184 1974//186 1962//217
f 1960//219 1972//182 1973//184 1961//218
f 1959//220 1971//180 1972//182 1960//219
f 1958//221 1970//178 1971//180 1959//220
f 1957//211 1969//175 1970//178 1958//221
f 2053//175 2090//176 2089//177 2054//178
f 2054//178 2089//177 2091//179 2055//180
f 2055//180 2091//179 2092//181 2056//182
f 2056//182 2092//181 2093//183 2057//184
f 2057//184 2093//183 2094//185 2058//186
f 2058//186 2094//185 2095//223 2059//188
f 2059//188 2095//223 2096//189 2060//190
f 2060//190 2096//189 2097//191 2061//192
f 2061//192 2097//191 2098//193 2062//194
f 2062//194 2098//193 2099//195 2063//196
f 2020//197 2018//197 2100//197 2038//197 2036//197 2034//197 2032//197 2030//197 2028//197 2026//197 2024//197 2022//197
f 2063//196 2099//195 2040//226 2064//199
f 2064//199 2040//226 2090//176 2053//175
f 2065//224 2066//224 2067//224 2068//224 2069//224 2070//224 2071//224 2072//224 2073//224 2074//224 2075//224 2076//224
f 2039//200 2077//200 2078//201 2017//201
f 2037//202 2079//202 2077//200 2039//200
f 2035//4 2080//4 2079//202 2037//202
f 2033//203 2081//203 2080//4 2035//4
f 2031//204 2082//204 2081//203 2033//203
f 2029//205 2083//205 2082//204 2031//204
f 2027//206 2084//206 2083//205 2029//205
f 2025//207 2085//207 2084//206 2027//206
f 2023//3 2086//3 2085//207 2025//207
f 2021//208 2087//208 2086//3 2023//3
f 2019//209 2088//209 2087//208 2021//208
f 2017//201 2078//201 2088//209 2019//209
f 2052//210 2064//199 2053//175 2041//211
f 2051//212 2063//196 2064//199 2052//210
f 2050//213 2062//194 2063//196 2051//212
f 2049//214 2061//192 2062//194 2050//213
f 2048//215 2060//190 2061//192 2049//214
f 2047//216 2059//188 2060//190 2048//215
f 2046//217 2058//186 2059//188 2047//216
f 2045//218 2057//184 2058//186 2046//217
f 2044//219 2056//182 2057//184 2045//218
f 2043//220 2055//180 2056//182 2044//219
f 2042//221 2054//178 2055//180 2043//220
f 2041//211 2053//175 2054//178 2042//221
f 2137//175 2174//176 2173//177 2138//178
f 2138//178 2173//177 2175//179 2139//180
f 2139//180 2175//179 2176//181 2140//182
f 2140//182 2176//181 2177//183 2141//184
f 2141//184 2177//183 2178//185 2142//186
f 2142//186 2178//185 2179//223 2143//188
f 2143//188 2179//223 2180//189 2144//190
f 2144//190 2180//189 2181//191 2145//192
f 2145//192 2181//191 2182//193 2146//194
f 2146//194 2182//193 2183//195 2147//196
f 2104//197 2102//197 2184//197 2122//197 2120//197 2118//197 2116//197 2114//197 2112//197 2110//197 2108//197 2106//197
f 2147//196 2183//195 2124//198 2148//199
f 2148//199 2124//198 2174//176 2137//175
f 2149//224 2150//224 2151//224 2152//224 2153//224 2154//224 2155//224 2156//224 2157//224 2158//224 2159//224 2160//224
f 2123//200 2161//200 2162//201 2101//201
f 2121//202 2163//202 2161//200 2123//200
f 2119//4 2164//4 2163//202 2121//202
f 2117//203 2165//203 2164//4 2119//4
f 2115//204 2166//204 2165//203 2117//203
f 2113//205 2167//205 2166//204 2115//204
f 2111//206 2168//206 2167//205 2113//205
f 2109//207 2169//207 2168//206 2111//206
f 2107//3 2170//3 2169//207 2109//207
f 2105//208 2171//208 2170//3 2107//3
f 2103//209 2172//209 2171//208 2105//208
f 2101//201 2162//201 2172//209 2103//209
f 2136//210 2148//199 2137//175 2125//211
f 2135//212 2147//196 2148//199 2136//210
f 2134//213 2146//194 2147//196 2135//212
f 2133//214 2145//192 2146//194 2134//213
f 2132//215 2144//190 2145//192 2133//214
f 2131//216 2143//188 2144//190 2132//215
f 2130//217 2142//186 2143//188 2131//216
f 2129//218 2141//184 2142//186 2130//217
f 2128//219 2140//182 2141//184 2129//218
f 2127//220 2139//180 2140//182 2128//219
f 2126//221 2138//178 2139//180 2127//220
f 2125//211 2137//175 2138//178 2126//221
f 2221//175 2258//176 2257//177 2222//178
f 2222//178 2257//177 2259//179 2223//180
f 2223//180 2259//179 2260//181 2224//182
f 2224//182 2260//181 2261//183 2225//184
f 2225//184 2261//183 2262//185 2226//186
f 2226//186 2262//185 2263//187 2227//188
f 2227//188 2263//187 2264//189 2228//190
f 2228//190 2264//189 2265//191 2229//192
f 2229//192 2265//191 2266//193 2230//194
f 2230//194 2266//193 2267//195 2231//196
f 2188//197 2186//197 2268//197 2206//197 2204//197 2202//197 2200//197 2198//197 2196//197 2194//197 2192//197 2190//197
f 2231//196 2267//195 2208//226 2232//199
f 2232//199 2208//226 2258//176 2221//175
f 2233//224 2234//224 2235//224 2236//224 2237//224 2238//224 2239//224 2240//224 2241//224 2242//224 2243//224 2244//224
f 2207//200 2245//200 2246//201 2185//201
f 2205//202 2247//202 2245//200 2207//200
f 2203//4 2248//4 2247//202 2205//202
f 2201//203 2249//203 2248//4 2203//4
f 2199//204 2250//204 2249//203 2201//203
f 2197//205 2251//205 2250//204 2199//204
f 2195//206 2252//206 2251//205 2197//205
f 2193//207 2253//207 2252//206 2195//206
f 2191//3 2254//3 2253//207 2193//207
f 2189//208 2255//208 2254//3 2191//3
f 2187//209 2256//209 2255//208 2189//208
f 2185//201 2246//201 2256//209 2187//209
f 2220//210 2232//199 2221//175 2209//211
f 2219//212 2231//196 2232//199 2220//210
f 2218//213 2230//194 2231//196 2219//212
f 2217//214 2229//192 2230//194 2218//213
f 2216//215 2228//190 2229//192 2217//214
f 2215//227 2227//188 2228//190 2216//215
f 2214//217 2226//186 2227//188 2215//227
f 2213//218 2225//184 2226//186 2214//217
f 2212//219 2224//182 2225//184 2213//218
f 2211//220 2223//180 2224//182 2212//219
f 2210//221 2222//178 2223//180 2211//220
f 2209//211 2221//175 2222//178 2210//221
f 2305//175 2342//176 2341//222 2306//178
f 2306//178 2341//222 2343//179 2307//180
f 2307//180 2343//179 2344//181 2308//182
f 2308//182 2344//181 2345//183 2309//184
f 2309//184 2345//183 2346//185 2310//186
f 2310//186 2346//185 2347//223 2311//188
f 2311//188 2347//223 2348//189 2312//190
f 2312//190 2348//189 2349//191 2313//192
f 2313//192 2349//191 2350//193 2314//194
f 2314//194 2350//193 2351//195 2315//196
f 2272//197 2270//197 2352//197 2290//197 2288//197 2286//197 2284//197 2282//197 2280//197 2278//197 2276//197 2274//197
f 2315//196 2351//195 2292//226 2316//199
f 2316//199 2292//226 2342//176 2305//175
f 2317//224 2318//224 2319//224 2320//224 2321//224 2322//224 2323//224 2324//224 2325//224 2326//224 2327//224 2328//224
f 2291//200 2329//200 2330//201 2269//201
f 2289//202 2331//202 2329//200 2291//200
f 2287//4 2332//4 2331//202 2289//202
f 2285//203 2333//203 2332//4 2287//4
f 2283//204 2334//204 2333//203 2285//203
f 2281//205 2335//205 2334//204 2283//204
f 2279//206 2336//206 2335//205 2281//205
f 2277//207 2337//207 2336//206 2279//206
f 2275//3 2338//3 2337//207 2277//207
f 2273//208 2339//208 2338//3 2275//3
f 2271//209 2340//209 2339//208 2273//208
f 2269//201 2330//201 2340//209 2271//209
f 2304//210 2316//199 2305//175 2293//211
f 2303//212 2315//196 2316//199 2304//210
f 2302//213 2314//194 2315//196 2303//212
f 2301//214 2313//192 2314//194 2302//213
f 2300//215 2312//190 2313//192 2301//214
f 2299//227 2311//188 2312//190 2300//215
f 2298//217 2310//186 2311//188 2299//227
f 2297//218 2309//184 2310//186 2298//217
f 2296//219 2308//182 2309//184 2297//218
f 2295//220 2307//180 2308//182 2296//219
f 2294//221 2306//178 2307//180 2295//220
f 2293//211 2305//175 2306//178 2294//221
f 2389//175 2426//176 2425//222 2390//178
f 2390//178 2425//222 2427//179 2391//180
f 2391//180 2427//179 2428//181 2392//182
f 2392//182 2428//181 2429//183 2393//184
f 2393//184 2429//183 2430//185 2394//186
f 2394//186 2430//185 2431//223 2395//188
f 2395//188 2431//223 2432//189 2396//190
f 2396//190 2432//189 2433//191 2397//192
f 2397//192 2433//191 2434//193 2398//194
f 2398//194 2434//193 2435//195 2399//196
f 2356//197 2354//197 2436//197 2374//197 2372//197 2370//197 2368//197 2366//197 2364//197 2362//197 2360//197 2358//197
f 2399//196 2435//195 2376//226 2400//199
f 2400//199 2376//226 2426//176 2389//175
f 2401//224 2402//224 2403//224 2404//224 2405//224 2406//224 2407//224 2408//224 2409//224 2410//224 2411//224 2412//224
f 2375//200 2413//200 2414//201 2353//201
f 2373//202 2415//202 2413//200 2375//200
f 2371//4 2416//4 2415//202 2373//202
f 2369//203 2417//203 2416//4 2371//4
f 2367//204 2418//204 2417//203 2369//203
f 2365//205 2419//205 2418//204 2367//204
f 2363//206 2420//206 2419//205 2365//205
f 2361//207 2421//207 2420//206 2363//206
f 2359//3 2422//3 2421//207 2361//207
f 2357//208 2423//208 2422//3 2359//3
f 2355//209 2424//209 2423//208 2357//208
f 2353//201 2414//201 2424//209 2355//209
f 2388//210 2400//199 2389//175 2377//211
f 2387//212 2399//196 2400//199 2388//210
f 2386//213 2398//194 2399//196 2387//212
f 2385//214 2397//192 2398//194 2386//213
f 2384//215 2396//190 2397//192 2385//214
f 2383//227 2395//188 2396//190 2384//215
f 2382//217 2394//186 2395//188 2383//227
f 2381//218 2393//184 2394//186 2382//217
f 2380//219 2392//182 2393//184 2381//218
f 2379//220 2391//180 2392//182 2380//219
f 2378//221 2390//178 2391//180 2379//220
f 2377//211 2389//175 2390//178 2378//221
f 2473//175 2510//176 2509//222 2474//178
f 2474//178 2509//222 2511//179 2475//180
f 2475//180 2511//179 2512//181 2476//182
f 2476//182 2512//181 2513//183 2477//184
f 2477//184 2513//183 2514//185 2478//186
f 2478//186 2514//185 2515//223 2479//188
f 2479//188 2515//223 2516//189 2480//190
f 2480//190 2516//189 2517//191 2481//192
f 2481//192 2517//191 2518//193 2482//194
f 2482//194 2518//193 2519//195 2483//196
f 2440//197 2438//197 2520//197 2458//197 2456//197 2454//197 2452//197 2450//197 2448//197 2446//197 2444//197 2442//197
f 2483//196 2519//195 2460//226 2484//199
f 2484//199 2460//226 2510//176 2473//175
f 2485//224 2486//224 2487//224 2488//224 2489//224 2490//224 2491//224 2492//224 2493//224 2494//224 2495//224 2496//224
f 2459//200 2497//200 2498//201 2437//201
f 2457//202 2499//202 2497//200 2459//200
f 2455//4 2500//4 2499//202 2457//202
f 2453//203 2501//203 2500//4 2455//4
f 2451//204 2502//204 2501//203 2453//203
f 2449//205 2503//205 2502//204 2451//204
f 2447//206 2504//206 2503//205 2449//205
f 2445//207 2505//207 2504//206 2447//206
f 2443//3 2506//3 2505//207 2445//207
f 2441//208 2507//208 2506//3 2443//3
f 2439//209 2508//209 2507//208 2441//208
f 2437//201 2498//201 2508//209 2439//209
f 2472//210 2484//199 2473//175 2461//211
f 2471//212 2483//196 2484//199 2472//210
f 2470//213 2482//194 2483//196 2471//212
f 2469//214 2481//192 2482//194 2470//213
f 2468//215 2480//190 2481//192 2469//214
f 2467//216 2479//188 2480//190 2468//215
f 2466//217 2478//186 2479//188 2467//216
f 2465//218 2477//184 2478//186 2466//217
f 2464//219 2476//182 2477//184 2465//218
f 2463//220 2475//180 2476//182 2464//219
f 2462//221 2474//178 2475//180 2463//220
f 2461//211 2473//175 2474//178 2462//221
f 2521//228 2522//229 2523//230 2524//231 2525//232 2526//233 2527//234 2528//235 2529//236 2530//237 2531//238 2532//239
f 1815//240 1816//241 2524//231 2523//230
f 1823//242 1824//243 2532//239 2531//238
f 1814//244 1815//240 2523//230 2522//229
f 1822//245 1823//242 2531//238 2530//237
f 1821//246 1822//245 2530//237 2529//236
f 1820//247 1821//246 2529//236 2528//235
f 1819//248 1820//247 2528//235 2527//234
f 1818//249 1819//248 2527//234 2526//233
f 1817//250 1818//249 2526//233 2525//232
f 1816//241 1817//250 2525//232 2524//231
f 1824//243 1813//251 2521//228 2532//239
f 1813//251 1814//244 2522//229 2521//228
f 2581//252 2582//253 2617//254 2618//255
f 2582//253 2583//256 2619//257 2617//254
f 2583//256 2584//258 2620//259 2619//257
f 2584//258 2585//260 2621//261 2620//259
f 2585//260 2586//262 2622//263 2621//261
f 2586//262 2587//264 2623//265 2622//263
f 2587//264 2588//266 2624//267 2623//265
f 2588//266 2589//268 2625//269 2624//267
f 2589//268 2590//270 2626//271 2625//269
f 2590//270 2591//272 2627//273 2626//271
f 2548//274 2550//274 2552//274 2554//274 2556//274 2558//274 2560//274 2562//274 2564//274 2566//274 2628//274 2546//274
f 2591//272 2592//275 2568//276 2627//273
f 2592//275 2581//252 2618//255 2568//276
f 3313//274 3314//274 3315//274 3316//274 3317//274 3318//274 3319//274 3320//274 3321//274 3322//274 3323//274 3324//274
f 2567//277 2545//278 2606//278 2605//277
f 2565//279 2567//277 2605//277 2607//279
f 2563//4 2565//279 2607//279 2608//4
f 2561//280 2563//4 2608//4 2609//280
f 2559//281 2561//280 2609//280 2610//281
f 2557//282 2559//281 2610//281 2611//282
f 2555//283 2557//282 2611//282 2612//283
f 2553//284 2555//283 2612//283 2613//284
f 2551//3 2553//284 2613//284 2614//3
f 2549//285 2551//3 2614//3 2615//285
f 2547//286 2549//285 2615//285 2616//286
f 2545//278 2547//286 2616//286 2606//278
f 2580//287 2569//288 2581//252 2592//275
f 2579//289 2580//287 2592//275 2591//272
f 2578//290 2579//289 2591//272 2590//270
f 2577//291 2578//290 2590//270 2589//268
f 2576//292 2577//291 2589//268 2588//266
f 2575//293 2576//292 2588//266 2587//264
f 2574//294 2575//293 2587//264 2586//262
f 2573//295 2574//294 2586//262 2585//260
f 2572//296 2573//295 2585//260 2584//258
f 2571//297 2572//296 2584//258 2583//256
f 2570//298 2571//297 2583//256 2582//253
f 2569//288 2570//298 2582//253 2581//252
f 2665//252 2666//253 2701//299 2702//255
f 2666//253 2667//256 2703//257 2701//299
f 2667//256 2668//258 2704//259 2703//257
f 2668//258 2669//260 2705//261 2704//259
f 2669//260 2670//262 2706//263 2705//261
f 2670//262 2671//264 2707//300 2706//263
f 2671//264 2672//266 2708//267 2707//300
f 2672//266 2673//268 2709//269 2708//267
f 2673//268 2674//270 2710//271 2709//269
f 2674//270 2675//272 2711//273 2710//271
f 2632//274 2634//274 2636//274 2638//274 2640//274 2642//274 2644//274 2646//274 2648//274 2650//274 2712//274 2630//274
f 2675//272 2676//275 2652//276 2711//273
f 2676//275 2665//252 2702//255 2652//276
f 2677//301 2688//301 2687//301 2686//301 2685//301 2684//301 2683//301 2682//301 2681//301 2680//301 2679//301 2678//301
f 2651//277 2629//278 2690//278 2689//277
f 2649//279 2651//277 2689//277 2691//279
f 2647//4 2649//279 2691//279 2692//4
f 2645//280 2647//4 2692//4 2693//280
f 2643//281 2645//280 2693//280 2694//281
f 2641//282 2643//281 2694//281 2695//282
f 2639//283 2641//282 2695//282 2696//283
f 2637//284 2639//283 2696//283 2697//284
f 2635//3 2637//284 2697//284 2698//3
f 2633//285 2635//3 2698//3 2699//285
f 2631//286 2633//285 2699//285 2700//286
f 2629//278 2631//286 2700//286 2690//278
f 2664//287 2653//288 2665//252 2676//275
f 2663//289 2664//287 2676//275 2675//272
f 2662//290 2663//289 2675//272 2674//270
f 2661//291 2662//290 2674//270 2673//268
f 2660//292 2661//291 2673//268 2672//266
f 2659//293 2660//292 2672//266 2671//264
f 2658//294 2659//293 2671//264 2670//262
f 2657//295 2658//294 2670//262 2669//260
f 2656//296 2657//295 2669//260 2668//258
f 2655//297 2656//296 2668//258 2667//256
f 2654//298 2655//297 2667//256 2666//253
f 2653//288 2654//298 2666//253 2665//252
f 2749//252 2750//253 2785//254 2786//302
f 2750//253 2751//256 2787//257 2785//254
f 2751//256 2752//258 2788//259 2787//257
f 2752//258 2753//260 2789//261 2788//259
f 2753//260 2754//262 2790//263 2789//261
f 2754//262 2755//264 2791//265 2790//263
f 2755//264 2756//266 2792//267 2791//265
f 2756//266 2757//268 2793//269 2792//267
f 2757//268 2758//270 2794//271 2793//269
f 2758//270 2759//272 2795//273 2794//271
f 2716//274 2718//274 2720//274 2722//274 2724//274 2726//274 2728//274 2730//274 2732//274 2734//274 2796//274 2714//274
f 2759//272 2760//275 2736//303 2795//273
f 2760//275 2749//252 2786//302 2736//303
f 2761//301 2772//301 2771//301 2770//301 2769//301 2768//301 2767//301 2766//301 2765//301 2764//301 2763//301 2762//301
f 2735//277 2713//278 2774//278 2773//277
f 2733//279 2735//277 2773//277 2775//279
f 2731//4 2733//279 2775//279 2776//4
f 2729//280 2731//4 2776//4 2777//280
f 2727//281 2729//280 2777//280 2778//281
f 2725//282 2727//281 2778//281 2779//282
f 2723//283 2725//282 2779//282 2780//283
f 2721//284 2723//283 2780//283 2781//284
f 2719//3 2721//284 2781//284 2782//3
f 2717//285 2719//3 2782//3 2783//285
f 2715//286 2717//285 2783//285 2784//286
f 2713//278 2715//286 2784//286 2774//278
f 2748//287 2737//288 2749//252 2760//275
f 2747//289 2748//287 2760//275 2759//272
f 2746//290 2747//289 2759//272 2758//270
f 2745//291 2746//290 2758//270 2757//268
f 2744//292 2745//291 2757//268 2756//266
f 2743//304 2744//292 2756//266 2755//264
f 2742//294 2743//304 2755//264 2754//262
f 2741//295 2742//294 2754//262 2753//260
f 2740//296 2741//295 2753//260 2752//258
f 2739//297 2740//296 2752//258 2751//256
f 2738//298 2739//297 2751//256 2750//253
f 2737//288 2738//298 2750//253 2749//252
f 2833//252 2834//253 2869//254 2870//255
f 2834//253 2835//256 2871//257 2869//254
f 2835//256 2836//258 2872//259 2871//257
f 2836//258 2837//260 2873//261 2872//259
f 2837//260 2838//262 2874//263 2873//261
f 2838//262 2839//264 2875//300 2874//263
f 2839//264 2840//266 2876//267 2875//300
f 2840//266 2841//268 2877//269 2876//267
f 2841//268 2842//270 2878//271 2877//269
f 2842//270 2843//272 2879//273 2878//271
f 2800//274 2802//274 2804//274 2806//274 2808//274 2810//274 2812//274 2814//274 2816//274 2818//274 2880//274 2798//274
f 2843//272 2844//275 2820//303 2879//273
f 2844//275 2833//252 2870//255 2820//303
f 2845//301 2856//301 2855//301 2854//301 2853//301 2852//301 2851//301 2850//301 2849//301 2848//301 2847//301 2846//301
f 2819//277 2797//278 2858//278 2857//277
f 2817//279 2819//277 2857//277 2859//279
f 2815//4 2817//279 2859//279 2860//4
f 2813//280 2815//4 2860//4 2861//280
f 2811//281 2813//280 2861//280 2862//281
f 2809//282 2811//281 2862//281 2863//282
f 2807//283 2809//282 2863//282 2864//283
f 2805//284 2807//283 2864//283 2865//284
f 2803//3 2805//284 2865//284 2866//3
f 2801//285 2803//3 2866//3 2867//285
f 2799//286 2801//285 2867//285 2868//286
f 2797//278 2799//286 2868//286 2858//278
f 2832//287 2821//288 2833//252 2844//275
f 2831//289 2832//287 2844//275 2843//272
f 2830//290 2831//289 2843//272 2842//270
f 2829//291 2830//290 2842//270 2841//268
f 2828//292 2829//291 2841//268 2840//266
f 2827//293 2828//292 2840//266 2839//264
f 2826//294 2827//293 2839//264 2838//262
f 2825//295 2826//294 2838//262 2837//260
f 2824//296 2825//295 2837//260 2836//258
f 2823//297 2824//296 2836//258 2835//256
f 2822//298 2823//297 2835//256 2834//253
f 2821//288 2822//298 2834//253 2833//252
f 2917//252 2918//253 2953//254 2954//255
f 2918//253 2919//256 2955//257 2953//254
f 2919//256 2920//258 2956//259 2955//257
f 2920//258 2921//260 2957//261 2956//259
f 2921//260 2922//262 2958//263 2957//261
f 2922//262 2923//264 2959//300 2958//263
f 2923//264 2924//266 2960//267 2959//300
f 2924//266 2925//268 2961//269 2960//267
f 2925//268 2926//270 2962//271 2961//269
f 2926//270 2927//272 2963//273 2962//271
f 2884//274 2886//274 2888//274 2890//274 2892//274 2894//274 2896//274 2898//274 2900//274 2902//274 2964//274 2882//274
f 2927//272 2928//275 2904//276 2963//273
f 2928//275 2917//252 2954//255 2904//276
f 2929//301 2940//301 2939//301 2938//301 2937//301 2936//301 2935//301 2934//301 2933//301 2932//301 2931//301 2930//301
f 2903//277 2881//278 2942//278 2941//277
f 2901//279 2903//277 2941//277 2943//279
f 2899//4 2901//279 2943//279 2944//4
f 2897//280 2899//4 2944//4 2945//280
f 2895//281 2897//280 2945//280 2946//281
f 2893//282 2895//281 2946//281 2947//282
f 2891//283 2893//282 2947//282 2948//283
f 2889//284 2891//283 2948//283 2949//284
f 2887//3 2889//284 2949//284 2950//3
f 2885//285 2887//3 2950//3 2951//285
f 2883//286 2885//285 2951//285 2952//286
f 2881//278 2883//286 2952//286 2942//278
f 2916//287 2905//288 2917//252 2928//275
f 2915//289 2916//287 2928//275 2927//272
f 2914//290 2915//289 2927//272 2926//270
f 2913//291 2914//290 2926//270 2925//268
f 2912//292 2913//291 2925//268 2924//266
f 2911//293 2912//292 2924//266 2923//264
f 2910//294 2911//293 2923//264 2922//262
f 2909//295 2910//294 2922//262 2921//260
f 2908//296 2909//295 2921//260 2920//258
f 2907//297 2908//296 2920//258 2919//256
f 2906//298 2907//297 2919//256 2918//253
f 2905//288 2906//298 2918//253 2917//252
f 3001//252 3002//253 3037//254 3038//255
f 3002//253 3003//256 3039//257 3037//254
f 3003//256 3004//258 3040//259 3039//257
f 3004//258 3005//260 3041//261 3040//259
f 3005//260 3006//262 3042//263 3041//261
f 3006//262 3007//264 3043//300 3042//263
f 3007//264 3008//266 3044//267 3043//300
f 3008//266 3009//268 3045//269 3044//267
f 3009//268 3010//270 3046//271 3045//269
f 3010//270 3011//272 3047//273 3046//271
f 2968//274 2970//274 2972//274 2974//274 2976//274 2978//274 2980//274 2982//274 2984//274 2986//274 3048//274 2966//274
f 3011//272 3012//275 2988//303 3047//273
f 3012//275 3001//252 3038//255 2988//303
f 3013//301 3024//301 3023//301 3022//301 3021//301 3020//301 3019//301 3018//301 3017//301 3016//301 3015//301 3014//301
f 2987//277 2965//278 3026//278 3025//277
f 2985//279 2987//277 3025//277 3027//279
f 2983//4 2985//279 3027//279 3028//4
f 2981//280 2983//4 3028//4 3029//280
f 2979//281 2981//280 3029//280 3030//281
f 2977//282 2979//281 3030//281 3031//282
f 2975//283 2977//282 3031//282 3032//283
f 2973//284 2975//283 3032//283 3033//284
f 2971//3 2973//284 3033//284 3034//3
f 2969//285 2971//3 3034//3 3035//285
f 2967//286 2969//285 3035//285 3036//286
f 2965//278 2967//286 3036//286 3026//278
f 3000//287 2989//288 3001//252 3012//275
f 2999//289 3000//287 3012//275 3011//272
f 2998//290 2999//289 3011//272 3010//270
f 2997//291 2998//290 3010//270 3009//268
f 2996//292 2997//291 3009//268 3008//266
f 2995//304 2996//292 3008//266 3007//264
f 2994//294 2995//304 3007//264 3006//262
f 2993//295 2994//294 3006//262 3005//260
f 2992//296 2993//295 3005//260 3004//258
f 2991//297 2992//296 3004//258 3003//256
f 2990//298 2991//297 3003//256 3002//253
f 2989//288 2990//298 3002//253 3001//252
f 3085//252 3086//253 3121//299 3122//255
f 3086//253 3087//256 3123//257 3121//299
f 3087//256 3088//258 3124//259 3123//257
f 3088//258 3089//260 3125//261 3124//259
f 3089//260 3090//262 3126//263 3125//261
f 3090//262 3091//264 3127//300 3126//263
f 3091//264 3092//266 3128//267 3127//300
f 3092//266 3093//268 3129//269 3128//267
f 3093//268 3094//270 3130//271 3129//269
f 3094//270 3095//272 3131//273 3130//271
f 3052//274 3054//274 3056//274 3058//274 3060//274 3062//274 3064//274 3066//274 3068//274 3070//274 3132//274 3050//274
f 3095//272 3096//275 3072//303 3131//273
f 3096//275 3085//252 3122//255 3072//303
f 3097//301 3108//301 3107//301 3106//301 3105//301 3104//301 3103//301 3102//301 3101//301 3100//301 3099//301 3098//301
f 3071//277 3049//278 3110//278 3109//277
f 3069//279 3071//277 3109//277 3111//279
f 3067//4 3069//279 3111//279 3112//4
f 3065//280 3067//4 3112//4 3113//280
f 3063//281 3065//280 3113//280 3114//281
f 3061//282 3063//281 3114//281 3115//282
f 3059//283 3061//282 3115//282 3116//283
f 3057//284 3059//283 3116//283 3117//284
f 3055//3 3057//284 3117//284 3118//3
f 3053//285 3055//3 3118//3 3119//285
f 3051//286 3053//285 3119//285 3120//286
f 3049//278 3051//286 3120//286 3110//278
f 3084//287 3073//288 3085//252 3096//275
f 3083//289 3084//287 3096//275 3095//272
f 3082//290 3083//289 3095//272 3094//270
f 3081//291 3082//290 3094//270 3093//268
f 3080//292 3081//291 3093//268 3092//266
f 3079//304 3080//292 3092//266 3091//264
f 3078//294 3079//304 3091//264 3090//262
f 3077//295 3078//294 3090//262 3089//260
f 3076//296 3077//295 3089//260 3088//258
f 3075//297 3076//296 3088//258 3087//256
f 3074//298 3075//297 3087//256 3086//253
f 3073//288 3074//298 3086//253 3085//252
f 3169//252 3170//253 3205//299 3206//255
f 3170//253 3171//256 3207//257 3205//299
f 3171//256 3172//258 3208//259 3207//257
f 3172//258 3173//260 3209//261 3208//259
f 3173//260 3174//262 3210//263 3209//261
f 3174//262 3175//264 3211//300 3210//263
f 3175//264 3176//266 3212//267 3211//300
f 3176//266 3177//268 3213//269 3212//267
f 3177//268 3178//270 3214//271 3213//269
f 3178//270 3179//272 3215//273 3214//271
f 3136//274 3138//274 3140//274 3142//274 3144//274 3146//274 3148//274 3150//274 3152//274 3154//274 3216//274 3134//274
f 3179//272 3180//275 3156//303 3215//273
f 3180//275 3169//252 3206//255 3156//303
f 3181//301 3192//301 3191//301 3190//301 3189//301 3188//301 3187//301 3186//301 3185//301 3184//301 3183//301 3182//301
f 3155//277 3133//278 3194//278 3193//277
f 3153//279 3155//277 3193//277 3195//279
f 3151//4 3153//279 3195//279 3196//4
f 3149//280 3151//4 3196//4 3197//280
f 3147//281 3149//280 3197//280 3198//281
f 3145//282 3147//281 3198//281 3199//282
f 3143//283 3145//282 3199//282 3200//283
f 3141//284 3143//283 3200//283 3201//284
f 3139//3 3141//284 3201//284 3202//3
f 3137//285 3139//3 3202//3 3203//285
f 3135//286 3137//285 3203//285 3204//286
f 3133//278 3135//286 3204//286 3194//278
f 3168//287 3157//288 3169//252 3180//275
f 3167//289 3168//287 3180//275 3179//272
f 3166//290 3167//289 3179//272 3178//270
f 3165//291 3166//290 3178//270 3177//268
f 3164//292 3165//291 3177//268 3176//266
f 3163//304 3164//292 3176//266 3175//264
f 3162//294 3163//304 3175//264 3174//262
f 3161//295 3162//294 3174//262 3173//260
f 3160//296 3161//295 3173//260 3172//258
f 3159//297 3160//296 3172//258 3171//256
f 3158//298 3159//297 3171//256 3170//253
f 3157//288 3158//298 3170//253 3169//252
f 3253//252 3254//253 3289//254 3290//255
f 3254//253 3255//256 3291//257 3289//254
f 3255//256 3256//258 3292//259 3291//257
f 3256//258 3257//260 3293//261 3292//259
f 3257//260 3258//262 3294//263 3293//261
f 3258//262 3259//264 3295//300 3294//263
f 3259//264 3260//266 3296//267 3295//300
f 3260//266 3261//268 3297//269 3296//267
f 3261//268 3262//270 3298//271 3297//269
f 3262//270 3263//272 3299//273 3298//271
f 3220//274 3222//274 3224//274 3226//274 3228//274 3230//274 3232//274 3234//274 3236//274 3238//274 3300//274 3218//274
f 3263//272 3264//275 3240//303 3299//273
f 3264//275 3253//252 3290//255 3240//303
f 3265//301 3276//301 3275//301 3274//301 3273//301 3272//301 3271//301 3270//301 3269//301 3268//301 3267//301 3266//301
f 3239//277 3217//278 3278//278 3277//277
f 3237//279 3239//277 3277//277 3279//279
f 3235//4 3237//279 3279//279 3280//4
f 3233//280 3235//4 3280//4 3281//280
f 3231//281 3233//280 3281//280 3282//281
f 3229//282 3231//281 3282//281 3283//282
f 3227//283 3229//282 3283//282 3284//283
f 3225//284 3227//283 3284//283 3285//284
f 3223//3 3225//284 3285//284 3286//3
f 3221//285 3223//3 3286//3 3287//285
f 3219//286 3221//285 3287//285 3288//286
f 3217//278 3219//286 3288//286 3278//278
f 3252//287 3241//288 3253//252 3264//275
f 3251//289 3252//287 3264//275 3263//272
f 3250//290 3251//289 3263//272 3262//270
f 3249//291 3250//290 3262//270 3261//268
f 3248//292 3249//291 3261//268 3260//266
f 3247//293 3248//292 3260//266 3259//264
f 3246//294 3247//293 3259//264 3258//262
f 3245//295 3246//294 3258//262 3257//260
f 3244//296 3245//295 3257//260 3256//258
f 3243//297 3244//296 3256//258 3255//256
f 3242//298 3243//297 3255//256 3254//253
f 3241//288 3242//298 3254//253 3253//252
f 3301//305 3312//306 3311//307 3310//308 3309//309 3308//310 3307//311 3306//312 3305//313 3304//314 3303//315 3302//316
f 2595//317 3303//315 3304//314 2596//318
f 2603//319 3311//307 3312//306 2604//320
f 2594//321 3302//316 3303//315 2595//317
f 2602//322 3310//308 3311//307 2603//319
f 2601//323 3309//309 3310//308 2602//322
f 2600//324 3308//310 3309//309 2601//323
f 2599//325 3307//311 3308//310 2600//324
f 2598//326 3306//312 3307//311 2599//325
f 2597//327 3305//313 3306//312 2598//326
f 2596//318 3304//314 3305//313 2597//327
f 2604//320 3312//306 3301//305 2593//328
f 2593//328 3301//305 3302//316 2594//321
