HIERARCHY
ROOT Hips
{
	OFFSET -0.001795 -0.223333 0.028219
	CHANNELS 6 Xposition Yposition Zposition Zrotation Yrotation Xrotation 
	JOINT LeftUpLeg
	{
		OFFSET 0.069520 -0.091406 -0.006815
		CHANNELS 3 Zrotation Yrotation Xrotation
		JOINT LeftLeg
		{
			OFFSET 0.034277 -0.375199 -0.004496
			CHANNELS 3 Zrotation Yrotation Xrotation
			JOINT LeftFoot
			{
				OFFSET -0.013596 -0.397961 -0.043693
				CHANNELS 3 Zrotation Yrotation Xrotation
				JOINT LeftToe
				{
					OFFSET 0.026358 -0.055791 0.119288
					CHANNELS 3 Zrotation Yrotation Xrotation
					End Site
					{
						OFFSET 0.000000 0.000000 0.000000
					}
				}
			}
		}
	}
	JOINT RightUpLeg
	{
		OFFSET -0.067670 -0.090522 -0.004320
		CHANNELS 3 Zrotation Yrotation Xrotation
		JOINT RightLeg
		{
			OFFSET -0.038290 -0.382569 -0.008850
			CHANNELS 3 Zrotation Yrotation Xrotation
			JOINT RightFoot
			{
				OFFSET 0.015774 -0.398415 -0.042312
				CHANNELS 3 Zrotation Yrotation Xrotation
				JOINT RightToe
				{
					OFFSET -0.025372 -0.048144 0.123348
					CHANNELS 3 Zrotation Yrotation Xrotation
					End Site
					{
						OFFSET 0.000000 0.000000 0.000000
					}
				}
			}
		}
	}
	JOINT Spine
	{
		OFFSET -0.002533 0.108963 -0.026696
		CHANNELS 3 Zrotation Yrotation Xrotation
		JOINT Spine1
		{
			OFFSET 0.005487 0.135180 0.001092
			CHANNELS 3 Zrotation Yrotation Xrotation
			JOINT Spine2
			{
				OFFSET 0.001457 0.052922 0.025425
				CHANNELS 3 Zrotation Yrotation Xrotation
				JOINT Neck
				{
					OFFSET -0.002778 0.213870 -0.042857
					CHANNELS 3 Zrotation Yrotation Xrotation
					JOINT Head
					{
						OFFSET 0.005152 0.064970 0.051349
						CHANNELS 3 Zrotation Yrotation Xrotation
						End Site
						{
							OFFSET 0.000000 0.000000 0.000000
						}
					}
				}
				JOINT LeftShoulder
				{
					OFFSET 0.078845 0.121749 -0.034090
					CHANNELS 3 Zrotation Yrotation Xrotation
					JOINT LeftArm
					{
						OFFSET 0.090977 0.030469 -0.008868
						CHANNELS 3 Zrotation Yrotation Xrotation
						JOINT LeftForeArm
						{
							OFFSET 0.259612 -0.012772 -0.027456
							CHANNELS 3 Zrotation Yrotation Xrotation
							JOINT LeftHand
							{
								OFFSET 0.249234 0.008986 -0.001171
								CHANNELS 3 Zrotation Yrotation Xrotation
								End Site
								{
									OFFSET 0.000000 0.000000 0.000000
								}
							}
						}
					}
				}
				JOINT RightShoulder
				{
					OFFSET -0.081759 0.118833 -0.038615
					CHANNELS 3 Zrotation Yrotation Xrotation
					JOINT RightArm
					{
						OFFSET -0.096012 0.032551 -0.009143
						CHANNELS 3 Zrotation Yrotation Xrotation
						JOINT RightForeArm
						{
							OFFSET -0.253742 -0.013329 -0.021401
							CHANNELS 3 Zrotation Yrotation Xrotation
							JOINT RightHand
							{
								OFFSET -0.255298 0.007772 -0.005559
								CHANNELS 3 Zrotation Yrotation Xrotation
								End Site
								{
									OFFSET 0.000000 0.000000 0.000000
								}
							}
						}
					}
				}
			}
		}
	}
}
MOTION
Frames: 192
Frame Time: 0.050000
0.000000 0.957130 0.000000 -4.607582 4.055856 0.034501 -0.862098 1.288765 14.455749 4.060805 -1.455644 13.065664 -1.511097 6.638973 23.943112 0.000000 0.000000 0.000000 5.475265 3.221934 -23.494150 3.568927 -0.602672 27.845310 -3.692853 -13.946296 33.711677 0.000000 0.000000 0.000000 3.446295 -0.755927 9.656871 6.314309 -4.029582 7.927606 0.001684 -7.790312 -12.698571 1.244767 -0.970144 5.923654 0.000000 0.000000 0.000000 -18.291297 -3.070899 0.605354 -21.648189 8.621546 -3.194120 -133.935633 -42.690332 93.765572 0.000000 0.000000 0.000000 20.026060 -5.677813 -6.815793 20.185297 -23.731861 -4.115505 105.040166 41.731970 51.913196 0.000000 0.000000 0.000000 
-0.001816 0.969668 0.004759 -4.698743 2.648716 1.251467 -0.065719 0.895819 10.435459 1.710229 -1.350354 20.160031 -2.244632 5.454086 24.046398 0.000000 0.000000 0.000000 7.054481 3.484607 -22.969667 2.263203 0.023053 23.916637 -6.101199 -17.781971 48.752815 0.000000 0.000000 0.000000 5.115490 -0.708660 7.235669 2.964251 -2.426561 12.709104 3.463522 -7.885287 -15.928056 -2.121494 1.880799 6.082985 0.000000 0.000000 0.000000 -15.467924 -0.685714 -0.218039 -25.407957 8.482658 -3.699687 -126.902148 -41.009817 82.655769 0.000000 0.000000 0.000000 14.681034 -6.587841 -6.181841 27.901774 -22.319164 -5.822367 103.243790 42.891577 49.831449 0.000000 0.000000 0.000000 
-0.004127 0.961968 0.007050 -3.912029 0.494473 0.130556 0.655620 0.553284 6.710955 -0.319648 -1.119347 32.120333 0.160706 7.699713 21.861824 0.000000 0.000000 0.000000 7.803042 3.353436 -20.776776 0.159597 0.847401 23.081072 -11.058559 -21.943124 66.238349 0.000000 0.000000 0.000000 3.493083 -0.682557 8.920351 4.849718 -3.155222 9.501104 1.216304 -5.821516 -11.448840 -0.927046 0.716030 6.025158 0.000000 0.000000 0.000000 -17.788846 -0.629311 -0.641211 -25.123824 12.930616 -4.509209 -121.085691 -40.853240 73.710919 0.000000 0.000000 0.000000 17.985703 -5.273925 -6.030480 30.918927 -19.994972 -6.212642 100.088584 51.341860 58.470293 0.000000 0.000000 0.000000 
-0.006681 0.935209 0.002520 -3.728403 -1.917325 -2.136161 1.494584 0.031682 0.478093 -3.336509 0.605621 53.226227 3.895309 11.893373 18.064234 0.000000 0.000000 0.000000 8.624456 3.038643 -17.769655 0.243120 1.296526 29.299621 -11.603717 -23.024439 54.123788 0.000000 0.000000 0.000000 2.494328 -0.660282 10.508309 3.889416 -2.752656 13.457796 1.961386 -1.701822 -12.707353 -3.162564 2.318716 1.363237 0.000000 0.000000 0.000000 -17.596667 3.086640 -3.212763 -25.195062 13.956738 -4.530371 -113.717096 -39.778602 62.755333 0.000000 0.000000 0.000000 19.343703 -2.648941 -4.449511 34.076426 -10.937269 -4.619742 102.786493 60.015361 72.012187 0.000000 0.000000 0.000000 
-0.007909 0.912103 -0.007165 -3.410519 -2.499956 -5.096702 2.772712 -0.451102 -6.949099 -4.961132 2.459277 70.628756 6.381230 14.335495 7.762454 0.000000 0.000000 0.000000 8.591210 2.127676 -12.541263 0.559106 1.388207 32.188496 -6.231119 -17.200702 17.896433 0.000000 0.000000 0.000000 1.264281 -0.694844 13.977477 2.928502 -2.126689 13.452775 2.985940 2.414784 -10.791849 -2.025454 1.557886 -1.963187 0.000000 0.000000 0.000000 -19.133296 4.548652 -4.872505 -22.941818 15.537147 -4.298530 -104.566494 -40.775932 54.110324 0.000000 0.000000 0.000000 20.682174 1.607457 -1.484510 34.816575 -2.470114 -2.867576 109.401118 70.328391 92.185672 0.000000 0.000000 0.000000 
-0.006107 0.915106 -0.014991 -1.601017 -3.059338 -5.014299 2.574388 -1.197976 -18.566631 -6.055932 4.433646 78.948681 7.333786 15.725941 5.636718 0.000000 0.000000 0.000000 6.091710 0.887472 -6.353205 0.431964 1.408256 29.982188 -3.525923 -5.715256 -7.685965 0.000000 0.000000 0.000000 -1.305452 -0.408742 15.246709 1.276763 -0.971432 12.304444 3.129543 8.093985 -10.593518 -3.291850 2.289263 -1.116144 0.000000 0.000000 0.000000 -16.879175 5.657444 -5.924220 -21.944721 17.254862 -4.239205 -101.347364 -39.228687 47.565900 0.000000 0.000000 0.000000 20.339339 0.956725 -0.441988 36.873023 4.681326 -1.498155 113.069827 74.529890 103.280475 0.000000 0.000000 0.000000 
-0.001721 0.941537 -0.018635 -0.322503 -4.367169 -3.170614 1.500691 -1.946321 -28.428593 -4.438920 3.241595 72.105243 6.443310 14.240372 6.989132 0.000000 0.000000 0.000000 3.852523 -0.345416 2.014038 -1.663633 1.681526 22.148377 -2.572071 4.434411 -16.306918 0.000000 0.000000 0.000000 -2.604876 -0.177284 13.267100 -1.137902 0.598173 8.026438 3.996244 13.334240 -6.723374 -1.517217 0.697419 1.549030 0.000000 0.000000 0.000000 -16.225287 7.925320 -7.424203 -18.509960 20.680350 -4.005087 -106.890872 -37.392054 48.356269 0.000000 0.000000 0.000000 18.109256 2.361887 1.571900 39.196521 7.767569 -1.249349 122.365229 78.142444 120.160659 0.000000 0.000000 0.000000 
0.003478 0.978790 -0.018213 1.246258 -3.306378 -1.154898 -2.840714 -3.379766 -31.082190 -1.859629 0.164901 51.730965 4.995985 12.421561 12.053948 0.000000 0.000000 0.000000 1.898994 -1.067565 9.210134 -2.871652 1.467539 16.018649 -1.344214 5.176537 -12.553242 0.000000 0.000000 0.000000 -3.901502 -0.012983 9.944502 -2.146558 1.165649 9.617426 2.195313 16.900884 -10.928285 0.250479 -1.634444 4.809377 0.000000 0.000000 0.000000 -12.159279 7.662056 -6.520743 -16.126288 23.774154 -3.818323 -110.931312 -33.962441 45.490931 0.000000 0.000000 0.000000 15.726600 2.181467 2.178545 42.432876 6.545990 -1.397732 118.730991 76.861292 117.146872 0.000000 0.000000 0.000000 
0.007338 1.011159 -0.014411 1.471657 -3.857778 1.232724 -4.782649 -3.529805 -28.565604 0.711249 -0.811081 24.246167 1.182325 7.970381 20.064253 0.000000 0.000000 0.000000 -0.384367 -1.093612 12.539153 -1.697619 1.247315 16.842168 0.471362 6.481732 -7.180882 0.000000 0.000000 0.000000 -4.126681 0.041206 5.806153 -3.556960 2.020265 9.775231 1.768557 19.168602 -11.201056 1.699003 -3.036642 5.222378 0.000000 0.000000 0.000000 -8.913676 8.048410 -5.618069 -17.067162 26.734637 -4.685756 -114.173500 -34.314028 47.651603 0.000000 0.000000 0.000000 15.812686 0.799572 1.848065 43.029333 4.771581 -2.001616 116.962642 71.427430 110.912821 0.000000 0.000000 0.000000 
0.008915 1.020048 -0.008602 0.755693 -1.921177 2.422975 -6.041207 -3.389815 -24.517624 2.350955 -0.715278 8.555032 -3.822389 2.564859 24.183357 0.000000 0.000000 0.000000 0.097548 -1.192470 12.216510 0.425607 1.151075 27.353816 1.297388 2.299382 1.655567 0.000000 0.000000 0.000000 -2.773809 0.001387 2.757978 -3.621799 2.021112 12.818540 -0.105103 17.890401 -14.171367 2.887078 -4.712464 7.512093 0.000000 0.000000 0.000000 -8.165954 9.079214 -5.652366 -17.114493 28.390775 -4.987368 -118.561322 -34.812657 52.689344 0.000000 0.000000 0.000000 15.664699 0.573792 1.671345 42.956258 1.757065 -2.735763 112.156471 66.805064 100.176587 0.000000 0.000000 0.000000 
0.010314 0.999927 -0.004151 0.162067 -0.073476 1.319159 -7.226227 -3.302449 -21.773017 2.020586 -0.884755 12.573807 -4.421962 2.003693 23.816611 0.000000 0.000000 0.000000 0.506362 -1.051300 9.890129 2.397392 0.687398 45.599442 2.015705 -3.507772 18.364850 0.000000 0.000000 0.000000 -3.377713 0.014641 2.423918 -1.667526 0.662375 13.469550 -1.524334 17.967465 -15.591473 2.638356 -5.649705 10.673839 0.000000 0.000000 0.000000 -9.443161 7.609317 -5.755507 -18.586798 26.660707 -5.091084 -117.016881 -35.993698 52.416257 0.000000 0.000000 0.000000 15.583303 -0.033072 1.520207 41.601802 -3.942978 -4.333099 110.801141 61.099415 92.557051 0.000000 0.000000 0.000000 
0.013442 0.958540 -0.006584 -0.094368 1.188499 -1.874879 -9.150713 -3.069132 -17.932321 2.496703 -1.853831 25.324267 -2.409667 1.339553 13.369856 0.000000 0.000000 0.000000 -0.615509 -0.389651 4.155822 4.924082 -1.441387 67.958538 2.504888 -5.458241 27.428712 0.000000 0.000000 0.000000 -3.270086 -0.076650 6.627771 -2.434888 1.069772 13.588481 -0.062866 13.443196 -12.947273 5.103603 -4.615098 1.919865 0.000000 0.000000 0.000000 -15.969645 8.836977 -8.305293 -21.639852 21.366441 -4.769400 -115.312697 -42.360561 61.681496 0.000000 0.000000 0.000000 17.888394 -0.935117 0.283937 38.387857 -8.146355 -5.315221 101.674112 58.938212 77.510756 0.000000 0.000000 0.000000 
0.016444 0.921299 -0.016280 0.411652 1.833309 -4.137164 -9.945790 -2.271250 -12.678894 1.155830 -1.983882 33.952733 0.316233 2.609175 4.410077 0.000000 0.000000 0.000000 -2.916684 0.388641 -4.828406 6.556436 -4.004753 84.076796 -1.813862 -10.321523 20.399241 0.000000 0.000000 0.000000 -4.072776 -0.093982 11.274547 0.212210 -0.614209 12.446064 -2.130838 9.044428 -11.454832 2.625474 -1.922401 -1.413037 0.000000 0.000000 0.000000 -22.412847 6.410929 -8.887637 -23.810992 14.888221 -3.972360 -113.122525 -47.372504 67.265914 0.000000 0.000000 0.000000 18.778431 -3.078271 -1.624233 38.586020 -12.929417 -6.626948 86.439075 54.251003 56.455474 0.000000 0.000000 0.000000 
0.017647 0.914944 -0.026176 -0.292690 2.681792 -5.634720 -9.353006 -0.520627 -3.070062 1.757386 -2.172346 31.336986 0.771188 2.717439 2.448372 0.000000 0.000000 0.000000 -2.087687 1.218151 -15.242973 6.748598 -5.344462 89.687240 -4.755047 -14.418735 15.692225 0.000000 0.000000 0.000000 -2.146642 -0.388780 14.753110 0.332828 -0.583557 9.282998 -1.985198 1.976699 -8.753344 1.024502 -0.638348 -1.613873 0.000000 0.000000 0.000000 -24.286310 2.794791 -5.699136 -27.537451 8.807351 -3.866598 -117.988767 -52.682403 81.396241 0.000000 0.000000 0.000000 19.207330 -3.432583 -3.264128 35.528842 -19.861836 -7.756795 78.761486 47.576522 41.545151 0.000000 0.000000 0.000000 
0.017706 0.940400 -0.031266 -1.499964 4.270480 -5.018975 -7.318880 1.131575 7.381368 4.201407 -2.291217 21.457441 -1.634266 0.880787 8.273287 0.000000 0.000000 0.000000 -1.014770 2.058684 -24.750710 6.912412 -6.162491 82.969020 -6.562244 -17.527593 18.674003 0.000000 0.000000 0.000000 0.492097 -0.779081 15.439439 1.523249 -1.245928 7.513464 -1.449535 -5.953242 -7.749717 -2.174386 1.762232 -2.500912 0.000000 0.000000 0.000000 -23.719398 1.057996 -2.459004 -30.312503 3.118224 -3.689719 -129.519853 -54.177648 100.990767 0.000000 0.000000 0.000000 15.199390 -4.356640 -4.473000 32.894719 -24.462936 -8.153033 77.542395 40.585996 32.103999 0.000000 0.000000 0.000000 
0.017451 0.980302 -0.032543 -3.459556 4.148379 -2.902548 -3.298611 1.592785 14.201268 4.611846 -1.615357 13.399142 -4.635379 1.012973 19.755389 0.000000 0.000000 0.000000 1.791116 3.105085 -29.347862 6.644108 -4.127399 63.731114 -7.268115 -18.398757 20.833722 0.000000 0.000000 0.000000 3.003546 -0.891038 12.366852 3.694075 -2.718512 9.723018 -0.979456 -9.950129 -11.224247 -4.760351 3.798453 2.410188 0.000000 0.000000 0.000000 -21.422500 0.632589 -1.061205 -33.206803 1.277072 -3.649286 -133.711704 -51.426548 105.771147 0.000000 0.000000 0.000000 10.970603 -4.818481 -4.287419 30.251457 -27.241264 -7.960340 78.154027 36.843207 27.818872 0.000000 0.000000 0.000000 
0.017760 1.017543 -0.031782 -3.796399 4.785790 -0.218695 -1.665030 1.512577 15.944547 4.852225 -1.725563 13.931817 -7.443397 0.372696 27.422960 0.000000 0.000000 0.000000 3.797579 3.386618 -28.023445 3.344826 -0.809858 37.452802 -3.459763 -13.152938 29.004044 0.000000 0.000000 0.000000 3.392094 -0.675665 8.712038 4.558635 -3.458127 11.476278 0.921187 -11.826550 -13.173250 -7.083768 5.739974 3.112333 0.000000 0.000000 0.000000 -21.621074 -0.661896 0.270602 -32.261282 1.992401 -3.781331 -136.281743 -47.382493 105.826394 0.000000 0.000000 0.000000 8.201173 -6.098607 -4.225262 28.304854 -29.916287 -8.069052 81.100111 33.717973 25.638413 0.000000 0.000000 0.000000 
0.019607 1.029222 -0.031377 -2.995839 4.995380 1.178277 -1.374365 1.264596 13.483165 3.836113 -2.649937 25.870346 -6.606968 2.202043 29.721953 0.000000 0.000000 0.000000 5.316758 3.256942 -24.425380 -0.397544 0.582433 16.483216 -0.935756 -13.324575 54.284854 0.000000 0.000000 0.000000 2.454633 -0.468478 6.772637 6.946853 -5.158553 12.912232 0.305550 -12.193268 -13.881391 -9.338641 7.575985 4.009145 0.000000 0.000000 0.000000 -21.953916 0.648219 -0.506743 -31.064967 3.341666 -3.883225 -134.984500 -44.910708 100.473042 0.000000 0.000000 0.000000 5.875329 -5.216984 -3.217589 31.448271 -30.499253 -9.369108 82.095752 36.973167 28.991811 0.000000 0.000000 0.000000 
0.022278 1.010173 -0.031940 -1.678554 4.625983 0.870463 -2.015406 1.011066 9.673668 1.508675 -3.497385 43.829325 -5.043332 3.017436 27.243872 0.000000 0.000000 0.000000 5.611650 2.860008 -20.832126 -0.030408 0.425030 13.431572 -7.297751 -19.794166 79.394382 0.000000 0.000000 0.000000 2.218143 -0.444618 6.779155 5.817389 -4.403420 12.867420 -0.412486 -10.542841 -12.246475 -7.791872 6.341329 4.502665 0.000000 0.000000 0.000000 -20.941306 0.356026 -0.696291 -29.779350 5.829020 -4.200568 -130.990340 -44.708167 93.420096 0.000000 0.000000 0.000000 9.625899 -5.485501 -4.264332 33.624539 -30.332836 -9.946685 81.847959 43.001526 35.222571 0.000000 0.000000 0.000000 
0.023948 0.963940 -0.037739 -1.409381 1.831327 -1.184201 -0.475029 0.313577 3.306554 -2.592481 -1.551406 65.171425 -2.594384 4.739123 24.331464 0.000000 0.000000 0.000000 6.863637 2.842425 -18.663473 2.043393 0.168825 24.144336 -17.088878 -24.924780 75.187830 0.000000 0.000000 0.000000 2.640062 -0.627127 9.418649 3.426529 -2.782128 13.976851 0.180606 -6.664512 -11.318771 -7.628498 5.656246 -1.058045 0.000000 0.000000 0.000000 -22.196275 1.522106 -2.072374 -28.036237 8.562808 -4.371916 -124.687293 -46.143115 85.351262 0.000000 0.000000 0.000000 15.151880 -3.812050 -4.649947 36.065216 -23.657325 -8.635615 79.862319 53.222769 44.354854 0.000000 0.000000 0.000000 
0.026242 0.918733 -0.051914 -1.538811 -0.294156 -4.001273 1.642045 -0.297534 -3.806503 -4.406803 0.958432 79.969364 0.940423 6.501948 13.121944 0.000000 0.000000 0.000000 8.388106 2.536833 -15.139980 1.824743 0.625001 32.532274 -19.357570 -28.941377 53.798781 0.000000 0.000000 0.000000 2.372351 -0.884279 14.488206 2.153995 -1.725547 12.574250 1.114084 -0.999621 -9.336253 -6.932891 5.022293 -4.726671 0.000000 0.000000 0.000000 -23.956127 1.468259 -3.400002 -26.125269 12.491394 -4.617746 -114.979802 -48.288674 74.636644 0.000000 0.000000 0.000000 19.843471 0.262875 -2.562585 37.113673 -13.538463 -6.177533 78.005884 64.349251 54.998119 0.000000 0.000000 0.000000 
0.030901 0.904998 -0.065696 -0.154335 -1.206231 -4.116509 1.660031 -1.267747 -16.638644 -5.672257 3.331535 86.600209 5.309341 12.049001 4.977320 0.000000 0.000000 0.000000 6.491435 1.222192 -8.368713 1.540359 0.917213 33.293872 -5.569107 -13.128259 -3.427058 0.000000 0.000000 0.000000 1.222900 -0.867480 17.539350 0.645714 -0.652480 11.054358 0.879964 4.549573 -9.197334 -6.848719 4.955446 -4.096149 0.000000 0.000000 0.000000 -22.933182 1.338515 -4.623591 -24.270759 16.129318 -4.614431 -109.884250 -47.489555 66.483002 0.000000 0.000000 0.000000 21.362357 1.386267 -0.742326 38.612890 -3.065995 -3.780014 80.339686 70.639342 65.110314 0.000000 0.000000 0.000000 
0.037142 0.926515 -0.072204 1.663302 -2.367284 -2.793792 0.050748 -2.402014 -27.666240 -4.899118 3.002689 78.178179 6.274513 13.693426 4.552518 0.000000 0.000000 0.000000 4.170149 -0.237772 1.137172 -1.406815 1.741831 25.628401 -3.864091 -0.149357 -18.196515 0.000000 0.000000 0.000000 -0.827443 -0.494889 16.790513 -1.688171 0.834601 6.728034 2.031367 9.977362 -5.306592 -5.453314 4.052534 -1.871858 0.000000 0.000000 0.000000 -20.683847 3.747080 -6.371172 -21.419820 19.122740 -4.468438 -113.028466 -42.703546 61.899349 0.000000 0.000000 0.000000 19.063164 3.027690 1.560235 41.078939 1.930539 -3.101380 107.749984 76.710766 101.525607 0.000000 0.000000 0.000000 
0.043415 0.967433 -0.070478 4.194668 -1.834874 -0.838639 -4.702198 -3.956480 -30.634251 -3.263651 0.755193 56.142534 6.812599 15.156770 9.649300 0.000000 0.000000 0.000000 0.818079 -0.970827 9.244870 -2.307089 1.429811 17.992345 -2.357954 1.924855 -13.593370 0.000000 0.000000 0.000000 -3.696897 -0.039666 13.728736 -3.220566 1.697153 8.138297 0.740165 14.011441 -9.655866 -2.978942 0.850730 6.149866 0.000000 0.000000 0.000000 -17.903032 3.409112 -6.433291 -16.684487 22.106389 -3.538518 -115.443751 -41.221955 61.425792 0.000000 0.000000 0.000000 18.835666 2.569099 2.259119 41.999544 3.679169 -2.478451 120.620795 75.798302 116.930139 0.000000 0.000000 0.000000 
0.048455 1.006611 -0.063292 4.480139 -0.343231 1.491606 -7.572433 -4.335914 -27.758029 1.484498 -1.490219 27.838426 -0.020034 7.548238 22.991658 0.000000 0.000000 0.000000 -0.444422 -1.225298 13.057456 -1.406258 1.035973 16.433050 -0.580561 1.086661 -4.647483 0.000000 0.000000 0.000000 -4.788297 0.092869 10.096459 -2.270276 1.071618 7.726380 -0.732048 16.453636 -10.128771 -0.866328 -1.841639 9.157464 0.000000 0.000000 0.000000 -15.352986 2.746546 -5.924600 -16.513093 24.652869 -3.882994 -115.725943 -41.069906 60.283332 0.000000 0.000000 0.000000 19.792186 1.472504 2.584219 40.245577 3.900646 -2.599869 123.764574 70.113215 116.932694 0.000000 0.000000 0.000000 
0.051798 1.020101 -0.054387 3.671286 2.255568 2.604440 -8.711657 -3.957634 -23.487190 2.646035 -0.832853 9.019839 -5.028445 9.096017 51.268798 0.000000 0.000000 0.000000 0.104975 -1.383463 13.037086 0.329684 0.786506 26.519946 -0.258374 -3.206694 5.994085 0.000000 0.000000 0.000000 -5.094473 0.101667 6.545125 -2.549038 1.050837 11.299350 -0.262064 15.799762 -13.756448 0.547835 -3.927882 11.967384 0.000000 0.000000 0.000000 -13.666670 2.882532 -5.434341 -17.707714 24.856628 -4.239838 -117.169940 -41.000914 61.436702 0.000000 0.000000 0.000000 18.831029 3.222850 3.405826 39.693337 0.738985 -3.143321 119.796123 67.541286 109.011385 0.000000 0.000000 0.000000 
0.055452 1.002731 -0.046643 2.202470 3.788933 1.491221 -9.788144 -3.637897 -20.384373 3.232493 -1.022920 9.917738 5.057325 18.033833 77.642519 0.000000 0.000000 0.000000 1.650427 -1.312635 10.490443 2.903752 -0.539345 45.765780 -2.060063 -10.335676 20.598644 0.000000 0.000000 0.000000 -5.753863 0.111520 6.049816 -0.162884 -0.554203 12.617971 -1.015270 15.212929 -13.685941 0.536339 -3.972760 12.031376 0.000000 0.000000 0.000000 -16.278904 2.796809 -6.395045 -18.074437 22.435646 -3.878120 -115.962523 -45.223472 66.215416 0.000000 0.000000 0.000000 19.103118 2.167768 2.880804 37.882853 -1.575586 -3.719355 114.139478 63.521282 97.902887 0.000000 0.000000 0.000000 
0.060501 0.958722 -0.043505 1.814796 4.426690 -0.764541 -10.605087 -3.227171 -17.365210 2.386488 -1.809295 22.401540 7.535087 19.151933 66.525627 0.000000 0.000000 0.000000 0.067811 -0.485751 4.577439 4.070679 -2.364743 67.703771 -1.822129 -11.254239 26.906632 0.000000 0.000000 0.000000 -6.655931 0.144598 8.422941 0.171040 -0.772580 12.297355 -0.610601 12.382740 -11.629591 3.085954 -4.201822 6.276872 0.000000 0.000000 0.000000 -20.811055 1.329275 -6.773146 -19.259622 15.549462 -3.023718 -112.897407 -51.572695 71.994962 0.000000 0.000000 0.000000 19.306392 0.687621 1.422129 37.457009 -5.307256 -4.673235 105.276093 60.258640 82.905427 0.000000 0.000000 0.000000 
0.065398 0.919862 -0.048436 1.191825 6.108772 -3.448084 -10.718282 -2.283192 -12.263145 1.780082 -2.735676 33.044368 2.155806 11.670678 24.804723 0.000000 0.000000 0.000000 -1.558279 0.248059 -2.798664 4.349631 -4.700749 83.084943 -3.436442 -12.236502 16.224700 0.000000 0.000000 0.000000 -5.696712 0.004166 13.418634 0.243968 -0.840723 11.359948 -0.722869 5.791691 -10.741704 1.235698 -1.441361 1.995138 0.000000 0.000000 0.000000 -27.670057 -0.301244 -6.132260 -18.000953 6.387603 -1.754899 -111.909279 -56.904299 79.737639 0.000000 0.000000 0.000000 19.856317 -0.626805 -0.763797 38.035321 -9.553736 -5.626604 94.532991 56.072529 64.523843 0.000000 0.000000 0.000000 
0.068874 0.915563 -0.053983 -0.338874 6.399416 -4.844734 -8.809691 -0.382280 -2.576788 2.341859 -2.920033 32.020678 2.750906 -1.180954 -12.711769 0.000000 0.000000 0.000000 -1.369123 1.090756 -13.231393 5.707451 -6.850143 86.476728 -4.807605 -14.179120 12.870221 0.000000 0.000000 0.000000 -4.312742 -0.258991 17.450178 1.830194 -1.456964 7.137038 -1.581360 0.128069 -8.227347 1.007782 -1.239793 3.505272 0.000000 0.000000 0.000000 -29.363083 -3.726514 -2.495184 -19.698817 -0.274271 -1.449512 -115.107566 -62.911107 91.237037 0.000000 0.000000 0.000000 19.917866 -2.268763 -2.808202 34.224311 -14.107383 -6.052886 89.423123 52.863367 54.591884 0.000000 0.000000 0.000000 
0.071610 0.943958 -0.053960 -2.262019 7.134772 -3.302712 -4.806452 0.932378 7.188878 4.496067 -2.655385 22.511307 0.900807 -9.902009 -15.833175 0.000000 0.000000 0.000000 -0.813588 1.849081 -23.288188 7.819887 -8.024806 74.669146 -6.293133 -16.935650 18.577338 0.000000 0.000000 0.000000 -2.280807 -0.530743 16.572214 4.082104 -2.639323 5.904813 -1.947341 -7.627784 -7.709597 -2.289636 1.742182 3.186787 0.000000 0.000000 0.000000 -27.941012 -2.371307 -0.549633 -23.716084 -5.683436 -1.524348 -125.934373 -65.236512 108.791682 0.000000 0.000000 0.000000 15.358743 -2.009302 -3.440527 33.196652 -17.981360 -6.569540 90.396349 48.579949 48.011702 0.000000 0.000000 0.000000 
0.075304 0.984903 -0.048054 -4.694538 5.412863 -0.806796 -0.242222 1.133169 14.274987 4.284688 -1.667211 14.563787 -2.809183 -11.005856 -6.396643 0.000000 0.000000 0.000000 2.497762 3.089344 -28.463855 8.246196 -4.824526 53.413536 -7.044707 -17.939032 24.504114 0.000000 0.000000 0.000000 -0.508141 -0.564337 13.072711 6.254314 -3.924606 6.939438 -1.210473 -10.111345 -9.669383 -4.186644 3.615294 8.804734 0.000000 0.000000 0.000000 -26.811054 -1.525319 0.073599 -28.103792 -5.967788 -1.889537 -124.901102 -59.269723 102.514005 0.000000 0.000000 0.000000 11.210089 -3.064507 -3.533310 30.102116 -20.099387 -6.245700 93.117343 46.569103 46.583430 0.000000 0.000000 0.000000 
0.080914 1.018357 -0.038430 -4.755183 4.707985 2.042643 1.458421 1.125181 17.992543 3.815309 -1.352489 12.528394 -7.207366 -8.367545 9.542822 0.000000 0.000000 0.000000 4.947530 3.646042 -28.103564 3.871065 -0.781053 28.908126 -3.497950 -13.565209 32.834425 0.000000 0.000000 0.000000 -0.104433 -0.389318 8.911162 6.504819 -4.258706 8.845860 -0.643466 -11.483545 -11.500670 -6.034825 5.419983 9.289007 0.000000 0.000000 0.000000 -25.010670 -1.624132 0.718864 -30.149829 -3.239560 -2.598112 -125.602367 -53.923668 98.205312 0.000000 0.000000 0.000000 8.776975 -4.116334 -3.552293 27.271954 -22.027832 -5.928777 97.309504 45.171895 47.436762 0.000000 0.000000 0.000000 
0.089277 1.023693 -0.028711 -4.034359 5.296008 3.560034 2.473986 0.887589 17.594999 3.643578 -2.095564 21.135770 -8.403261 -1.642661 25.593951 0.000000 0.000000 0.000000 6.322971 3.672237 -26.419993 -0.411982 0.463536 12.039091 -0.158690 -13.357081 59.200915 0.000000 0.000000 0.000000 -1.050375 -0.178416 5.851758 7.869807 -5.473821 11.325367 -0.858516 -11.241883 -12.991700 -8.504188 7.570962 10.414080 0.000000 0.000000 0.000000 -25.690577 -0.046838 -0.515550 -29.917452 -1.352742 -2.825383 -121.996559 -48.873995 86.763124 0.000000 0.000000 0.000000 6.809205 -3.097797 -2.628148 29.385674 -22.595688 -6.602954 96.922472 48.413001 50.953358 0.000000 0.000000 0.000000 
0.100386 0.997457 -0.020292 -2.931417 6.189823 2.344838 3.353541 0.600554 15.271427 2.764335 -3.620019 37.465578 -7.889419 0.865978 30.194989 0.000000 0.000000 0.000000 5.800716 3.287874 -24.509936 1.032424 0.143134 14.461280 -5.430170 -19.540213 87.257853 0.000000 0.000000 0.000000 -0.955638 -0.195957 6.074670 7.231288 -5.398913 12.716376 -1.582285 -8.923976 -13.542032 -6.989363 5.903158 11.207698 0.000000 0.000000 0.000000 -25.237013 -0.617242 -1.102876 -29.094733 2.727825 -3.290319 -117.158420 -45.616967 75.212761 0.000000 0.000000 0.000000 8.732122 -3.034903 -2.848432 30.167749 -21.141320 -6.349864 98.839070 52.936786 59.069757 0.000000 0.000000 0.000000 
0.111476 0.946893 -0.017271 -2.814214 4.717860 -0.591534 4.999984 0.267009 10.062470 -0.105808 -4.237930 59.797985 -6.221248 0.473178 24.914907 0.000000 0.000000 0.000000 7.017195 3.209166 -21.508509 3.977851 -0.813160 27.765532 -14.621237 -23.302811 82.941889 0.000000 0.000000 0.000000 -0.438128 -0.330405 8.382387 5.692385 -4.640029 14.896282 -0.970513 -4.826190 -13.441308 -7.284833 5.394126 4.105812 0.000000 0.000000 0.000000 -27.152186 0.317902 -2.877606 -27.744489 7.161496 -3.765414 -113.257698 -44.040152 67.432035 0.000000 0.000000 0.000000 12.250847 -1.206052 -2.420008 31.528183 -15.318774 -5.263528 101.920774 61.287394 73.012208 0.000000 0.000000 0.000000 
0.121180 0.904000 -0.024172 -3.012181 2.708278 -3.128271 5.545303 -0.036260 0.867285 -3.135853 -2.432539 78.919511 -2.437782 1.968838 15.392540 0.000000 0.000000 0.000000 8.873420 3.019873 -17.863233 3.834348 -0.725596 37.505840 -18.262226 -26.961107 60.946006 0.000000 0.000000 0.000000 -0.305918 -0.511167 12.340310 4.065948 -3.423163 15.154057 -0.329630 1.956633 -13.095918 -5.871310 3.989892 0.748504 0.000000 0.000000 0.000000 -29.356674 0.971602 -5.578816 -26.017778 13.806724 -4.357153 -103.646302 -42.660371 54.826602 0.000000 0.000000 0.000000 16.629795 1.016334 -0.921529 31.908780 -8.392003 -3.949084 112.748536 70.435699 97.439490 0.000000 0.000000 0.000000 
0.129310 0.899499 -0.031736 -1.721087 1.838251 -3.362479 3.920136 -0.848680 -13.796776 -5.423565 0.538934 88.623390 1.528978 6.179893 8.619402 0.000000 0.000000 0.000000 8.189054 1.496294 -9.347124 2.763467 -0.051110 36.373972 -6.835317 -17.000838 1.109655 0.000000 0.000000 0.000000 -1.076781 -0.499813 14.610272 2.517045 -2.158336 13.370710 -1.204018 8.123360 -13.045996 -5.253929 3.272705 0.716662 0.000000 0.000000 0.000000 -27.564082 2.342115 -8.026709 -25.519160 18.470642 -4.826154 -98.586741 -39.670037 45.568502 0.000000 0.000000 0.000000 18.255284 1.847047 0.805806 34.702050 -1.582776 -3.027348 119.728367 73.098595 110.973415 0.000000 0.000000 0.000000 
0.135942 0.929590 -0.030908 0.185896 0.796835 -2.098024 0.691611 -2.431011 -27.251968 -5.022730 1.101091 82.208131 2.283323 7.946600 10.322292 0.000000 0.000000 0.000000 6.270874 -0.382144 1.731207 0.440711 0.937263 28.475086 -4.320363 -4.814120 -16.596569 0.000000 0.000000 0.000000 -3.323252 -0.154093 12.848146 -0.155564 -0.215390 9.471875 0.619744 13.873543 -10.327015 -3.079908 0.974652 5.161796 0.000000 0.000000 0.000000 -24.758131 5.400916 -9.994848 -21.981373 22.862237 -4.827857 -103.072521 -35.498537 43.004776 0.000000 0.000000 0.000000 16.620232 1.564932 1.678294 39.210009 1.240652 -2.926000 128.906560 71.507357 123.189008 0.000000 0.000000 0.000000 
0.140832 0.975826 -0.022218 2.237660 0.889628 0.336064 -4.222218 -4.132650 -31.260904 -2.378786 -0.935891 59.614139 2.415733 9.394910 15.402942 0.000000 0.000000 0.000000 2.906216 -1.434010 10.725234 -0.110816 0.740613 18.351791 -2.073200 0.013844 -10.698733 0.000000 0.000000 0.000000 -4.948282 0.065793 8.408305 -3.368523 1.657409 9.687100 1.582377 16.264106 -12.538005 -1.792236 -1.198383 9.511088 0.000000 0.000000 0.000000 -20.106546 7.669702 -9.762553 -20.224510 24.978672 -4.826970 -107.266940 -33.025393 42.159631 0.000000 0.000000 0.000000 15.337646 1.081536 1.634855 43.110064 2.738285 -2.353329 131.591054 68.893101 125.269391 0.000000 0.000000 0.000000 
0.143420 1.013219 -0.010981 2.763260 0.661429 2.629334 -6.367429 -4.287898 -28.967315 1.539358 -1.663629 28.726667 -1.362249 6.524194 25.117000 0.000000 0.000000 0.000000 2.275984 -1.794063 14.158736 -1.419730 0.968796 15.752223 -0.061181 0.056644 -0.412598 0.000000 0.000000 0.000000 -5.807902 0.143183 4.773493 -2.103329 0.912134 9.047939 -1.486459 18.735316 -12.698736 0.368579 -3.734568 10.680801 0.000000 0.000000 0.000000 -15.739854 8.383758 -8.827436 -20.197091 27.533881 -5.506964 -109.480678 -31.867305 40.757699 0.000000 0.000000 0.000000 16.389192 -0.262133 1.697518 43.098756 3.525147 -2.298183 128.444305 63.045213 117.552666 0.000000 0.000000 0.000000 
0.143582 1.020098 -0.001051 1.509418 0.850157 3.196971 -6.105077 -3.683331 -25.515722 2.584746 -0.749733 8.039495 -6.615929 7.594913 51.179221 0.000000 0.000000 0.000000 2.340188 -2.039031 15.891875 -0.372144 1.032852 23.662678 1.294161 -1.696252 10.213040 0.000000 0.000000 0.000000 -4.501895 0.077486 2.071774 -3.937853 1.972821 11.595979 0.115655 17.854543 -15.064879 1.174666 -4.523297 11.367321 0.000000 0.000000 0.000000 -15.034512 7.034056 -7.785663 -21.894058 29.618033 -6.373959 -110.728210 -34.030313 45.218441 0.000000 0.000000 0.000000 15.834031 1.122232 2.070697 42.447714 0.236568 -3.057949 127.203754 58.253355 109.453142 0.000000 0.000000 0.000000 
0.143231 0.996293 0.006398 0.578084 2.123324 1.937987 -7.216251 -3.735804 -23.932199 2.683910 -0.908208 10.079725 1.767575 16.840558 80.852573 0.000000 0.000000 0.000000 3.104430 -2.046876 14.727064 2.298458 0.196850 41.156329 0.346213 -7.481643 23.966220 0.000000 0.000000 0.000000 -5.978469 0.098299 2.038984 -0.180155 -0.577042 15.937833 -3.003280 16.816766 -17.324445 1.753899 -4.267304 8.417979 0.000000 0.000000 0.000000 -16.626360 7.338854 -8.665792 -22.387802 25.569962 -5.618694 -109.079029 -40.037873 51.802054 0.000000 0.000000 0.000000 14.343967 0.430714 1.592607 43.322848 -1.858779 -3.494324 122.241970 55.644729 100.077085 0.000000 0.000000 0.000000 
0.143697 0.948382 0.006229 0.703658 1.745387 -1.287712 -9.153894 -3.530884 -20.436694 2.563981 -1.849463 24.439626 5.011654 17.622613 66.199353 0.000000 0.000000 0.000000 0.014899 -1.017528 9.813671 5.713202 -2.231875 64.786296 0.996013 -8.186615 30.214023 0.000000 0.000000 0.000000 -7.651807 0.223524 8.048332 0.508836 -0.802926 12.526025 -0.858072 13.642900 -13.726700 3.873912 -3.915073 2.656983 0.000000 0.000000 0.000000 -24.088941 4.934800 -9.722540 -21.679031 18.521414 -3.910270 -106.866822 -46.561540 59.962474 0.000000 0.000000 0.000000 14.986182 -0.907313 0.243343 42.013940 -6.438245 -5.005868 111.726597 51.394597 79.734473 0.000000 0.000000 0.000000 
0.142867 0.910098 -0.004486 0.447603 2.328238 -3.945239 -9.762575 -2.623548 -14.677814 2.345908 -2.502007 33.231158 2.074710 10.251384 20.807272 0.000000 0.000000 0.000000 -3.030722 0.062668 -0.479118 7.257818 -5.266352 85.529930 -2.038809 -11.650747 25.872445 0.000000 0.000000 0.000000 -7.278585 0.253853 14.631027 0.434529 -0.727479 11.413588 0.425384 6.298978 -13.233667 0.036859 -0.074229 -1.407166 0.000000 0.000000 0.000000 -31.016104 2.099806 -7.956691 -22.024393 6.528391 -2.241324 -104.956932 -53.978071 69.215782 0.000000 0.000000 0.000000 17.350956 -1.240344 -1.407117 39.934213 -11.427264 -6.109467 99.434088 48.316370 59.295074 0.000000 0.000000 0.000000 
0.139731 0.909819 -0.015545 -0.677780 1.901936 -4.848967 -9.175643 -0.733362 -4.379911 3.336602 -2.534027 29.202701 4.202619 2.860839 -14.751398 0.000000 0.000000 0.000000 -3.427781 0.960905 -13.607130 8.154233 -6.942226 94.313438 -4.501664 -14.697506 21.586082 0.000000 0.000000 0.000000 -6.072738 0.123344 18.747218 1.735290 -1.392315 9.430466 0.702723 -1.020640 -12.623858 -0.928078 0.884707 -3.147158 0.000000 0.000000 0.000000 -31.182369 -0.670329 -3.468207 -24.305526 -4.013965 -1.268179 -107.005993 -63.112015 83.204440 0.000000 0.000000 0.000000 17.791137 -2.066221 -3.382927 34.271767 -17.665006 -6.517094 93.870639 43.439086 46.103525 0.000000 0.000000 0.000000 
0.134204 0.944196 -0.019015 -2.479952 2.039553 -3.198233 -5.635702 1.075463 7.535895 5.567643 -2.112189 16.641266 1.954054 -5.511744 -16.373690 0.000000 0.000000 0.000000 -2.883008 1.851719 -25.519174 10.081241 -8.578535 86.370395 -6.592479 -17.812863 22.808028 0.000000 0.000000 0.000000 -3.658050 -0.241739 18.056794 3.525215 -2.249850 6.768763 1.674781 -9.954990 -9.709430 -3.571819 2.738352 -3.925586 0.000000 0.000000 0.000000 -29.058887 -0.311868 0.061563 -28.088052 -11.548509 -1.056685 -123.309587 -68.590699 111.140069 0.000000 0.000000 0.000000 14.841306 -1.571223 -4.161941 30.346752 -21.032085 -6.399261 91.890056 39.677811 37.221958 0.000000 0.000000 0.000000 
0.127226 0.992146 -0.016151 -5.175398 -0.279264 -0.644486 -1.096517 1.576188 15.547450 5.465883 -1.370261 9.204826 -0.943282 -6.122234 -6.855145 0.000000 0.000000 0.000000 1.364492 3.507958 -30.792760 10.239884 -5.049462 64.148244 -7.994495 -19.809554 24.643523 0.000000 0.000000 0.000000 -1.576068 -0.380985 13.744219 4.917097 -3.163387 9.461934 4.475362 -13.414937 -13.075259 -7.522367 6.005210 0.248402 0.000000 0.000000 0.000000 -27.041758 0.982166 0.962791 -32.156769 -12.319138 -1.205752 -129.912434 -65.291129 119.144238 0.000000 0.000000 0.000000 10.796428 -1.614259 -3.824177 27.778210 -22.901636 -6.119341 91.086175 38.735346 33.697638 0.000000 0.000000 0.000000 
0.120444 1.031008 -0.010077 -5.238872 -0.731346 1.807978 0.402922 1.609987 18.090422 4.919500 -1.437074 11.528069 -4.057192 -4.768341 6.756686 0.000000 0.000000 0.000000 4.205739 3.945665 -28.751400 5.392918 -0.799859 35.069010 -4.159219 -15.204008 31.179301 0.000000 0.000000 0.000000 -1.491015 -0.242641 9.189159 5.387628 -3.659597 12.555411 6.974115 -15.143505 -15.913828 -10.988527 8.432861 -1.131195 0.000000 0.000000 0.000000 -25.065477 1.012745 1.719960 -33.987537 -10.135406 -1.783033 -134.761469 -60.480937 122.951576 0.000000 0.000000 0.000000 8.186616 -2.760673 -3.674235 26.011366 -24.058826 -5.974868 92.715078 38.281313 32.867646 0.000000 0.000000 0.000000 
0.115219 1.037465 -0.004956 -4.806366 -0.162486 2.342728 1.271389 1.389813 17.593136 4.565288 -2.369073 24.269779 -5.620082 -0.399621 21.751226 0.000000 0.000000 0.000000 6.399703 3.705303 -24.463813 1.957003 0.241940 19.584582 -2.277371 -13.523420 37.322542 0.000000 0.000000 0.000000 -2.838577 -0.076286 7.123231 8.693978 -5.975515 14.193769 5.658967 -14.694062 -16.624723 -12.997559 9.952771 -0.459362 0.000000 0.000000 0.000000 -26.568738 2.182214 0.585040 -33.859294 -7.298226 -2.323028 -132.898719 -54.729836 113.087335 0.000000 0.000000 0.000000 6.916816 -2.181671 -2.916585 28.341418 -25.459084 -7.017497 93.593255 41.957437 37.920607 0.000000 0.000000 0.000000 
0.111682 1.008317 -0.000830 -4.097923 0.250540 0.916085 1.563995 1.155211 15.435879 4.208063 -4.012185 44.097312 -5.374757 2.614487 29.040611 0.000000 0.000000 0.000000 6.941882 3.224977 -20.903098 3.139621 -0.077697 23.657575 -4.638374 -16.758197 47.469482 0.000000 0.000000 0.000000 -2.970582 -0.066193 6.262322 8.449264 -6.104365 15.693614 4.161080 -12.262300 -15.420383 -10.739023 8.089282 -0.894912 0.000000 0.000000 0.000000 -26.218443 2.684364 -0.759273 -32.585429 -3.613467 -2.884938 -129.167942 -50.874711 101.407204 0.000000 0.000000 0.000000 10.026869 -1.683215 -3.467480 30.686403 -26.926381 -7.931716 95.246462 46.238344 45.404103 0.000000 0.000000 0.000000 
0.108818 0.951350 -0.002070 -4.145037 -0.802632 -2.413425 3.263189 0.609393 9.983813 2.301848 -4.620887 67.861411 -3.753653 2.688714 23.200791 0.000000 0.000000 0.000000 8.896559 3.028091 -17.592663 3.381521 0.042965 33.373076 -10.736991 -22.058493 57.920809 0.000000 0.000000 0.000000 -2.591032 -0.177992 9.598055 6.938790 -5.236540 17.253731 3.577764 -5.958826 -14.787251 -9.104282 6.146867 -6.698276 0.000000 0.000000 0.000000 -26.822380 3.337471 -3.236688 -31.798041 0.701662 -3.221500 -124.615772 -48.845006 89.067181 0.000000 0.000000 0.000000 15.261350 -1.840921 -4.081141 32.160731 -20.437924 -6.480657 94.967593 53.955365 56.352330 0.000000 0.000000 0.000000 
0.108386 0.904180 -0.012931 -4.266286 -2.434158 -5.207207 4.906898 0.105031 1.706996 0.480130 -3.215537 83.693767 -0.485312 3.532831 11.090749 0.000000 0.000000 0.000000 10.881407 2.257794 -12.007629 1.587826 0.969842 32.857701 -26.906744 -30.469692 73.175944 0.000000 0.000000 0.000000 -1.687931 -0.358210 13.949582 5.115933 -3.895095 17.726995 2.936955 0.774061 -15.061122 -7.876122 5.320152 -7.197459 0.000000 0.000000 0.000000 -29.283936 4.437422 -6.385437 -28.552252 7.819329 -3.829713 -116.300063 -48.232207 75.476007 0.000000 0.000000 0.000000 18.864102 1.710389 -1.752992 33.973852 -12.233706 -4.872438 97.347850 63.178538 71.151244 0.000000 0.000000 0.000000 
0.110568 0.900534 -0.023883 -2.521197 -2.502390 -4.871532 4.420328 -0.672934 -13.575246 -2.581681 0.431268 89.469225 2.678739 7.493249 5.978816 0.000000 0.000000 0.000000 9.330743 0.264099 -2.162200 -0.354191 0.951123 18.590245 -22.529577 -36.082409 33.093493 0.000000 0.000000 0.000000 -1.821845 -0.360174 15.483936 2.148017 -1.725066 16.185613 1.826467 7.140120 -15.535065 -6.872134 4.670809 -7.271148 0.000000 0.000000 0.000000 -27.550334 5.006736 -8.453817 -26.000441 12.989044 -3.987395 -113.476350 -46.749349 68.592082 0.000000 0.000000 0.000000 19.320103 1.706244 -0.258319 36.346414 -4.056468 -3.389840 107.362677 67.087029 88.432114 0.000000 0.000000 0.000000 
0.113096 0.936104 -0.026735 -0.190596 -2.955589 -3.285609 1.437140 -1.866062 -25.327092 -4.683302 2.937699 76.381196 4.958138 12.219520 9.922533 0.000000 0.000000 0.000000 5.626831 -1.330177 8.432828 -0.930160 0.422072 6.405215 -2.988844 -8.669949 3.549166 0.000000 0.000000 0.000000 -4.496399 0.026347 13.882948 0.013322 -0.154132 10.975301 2.502183 13.127247 -11.781647 -4.523954 3.119980 -3.179558 0.000000 0.000000 0.000000 -24.795485 7.077575 -10.104703 -24.331903 16.284716 -4.289627 -115.036214 -43.560284 64.501601 0.000000 0.000000 0.000000 17.729658 1.770001 1.187062 39.226239 0.774086 -2.861108 123.040012 66.323014 108.964038 0.000000 0.000000 0.000000 
0.114969 0.986861 -0.021907 1.376034 -1.725784 -0.582852 -3.787551 -3.462231 -28.523770 -2.149436 -0.105226 49.238457 4.741727 12.819435 16.721955 0.000000 0.000000 0.000000 3.035764 -1.994036 15.599964 -1.011226 0.259132 3.110180 0.786906 -1.253511 6.105438 0.000000 0.000000 0.000000 -5.875466 0.169862 10.016355 -2.287208 1.169250 10.196682 3.127773 14.809400 -14.185045 -1.866264 0.643346 1.000642 0.000000 0.000000 0.000000 -21.241282 9.605094 -10.463566 -21.980427 18.973163 -4.262448 -114.856282 -41.152578 60.609713 0.000000 0.000000 0.000000 16.289266 3.469686 2.404035 42.566048 2.351831 -2.360805 128.945258 64.210158 115.268293 0.000000 0.000000 0.000000 
0.116298 1.024611 -0.013387 1.753441 -0.562427 2.124408 -5.804317 -3.485765 -25.000813 0.854170 -0.875826 18.953100 0.492388 10.247264 33.129128 0.000000 0.000000 0.000000 1.830662 -2.087391 17.593992 -0.547925 0.630439 12.461214 1.179300 0.522490 4.474454 0.000000 0.000000 0.000000 -6.319494 0.181788 5.514044 -0.414589 -0.091889 13.528918 -2.997814 16.901574 -18.257289 1.555576 -2.625455 3.099628 0.000000 0.000000 0.000000 -15.504779 7.955140 -8.282012 -24.851941 21.376586 -5.480811 -117.639377 -42.761141 63.270332 0.000000 0.000000 0.000000 18.873755 1.203636 2.372499 41.608593 3.957765 -1.935132 129.138709 59.571276 113.069152 0.000000 0.000000 0.000000 
0.119111 1.025866 -0.003846 0.779824 1.130057 2.791514 -6.058730 -3.022661 -21.196381 0.949486 -0.397997 6.708524 0.911185 14.294132 56.778109 0.000000 0.000000 0.000000 3.098572 -2.422548 17.678873 0.305958 0.908947 26.984565 1.357302 -2.041217 11.471149 0.000000 0.000000 0.000000 -6.399372 0.138028 2.287004 -1.878260 0.639145 15.877313 -0.818192 16.457154 -21.371730 1.676073 -3.918647 7.615761 0.000000 0.000000 0.000000 -15.350346 4.567440 -6.801336 -25.732105 22.468320 -5.739559 -117.632778 -44.985603 66.659903 0.000000 0.000000 0.000000 16.914656 3.091576 2.920334 40.291548 -0.728101 -2.861995 129.926055 55.265393 108.265669 0.000000 0.000000 0.000000 
0.124172 0.993128 0.001609 0.130054 4.425280 -0.127287 -8.970379 -3.120724 -18.195557 2.738274 -1.360233 15.576137 11.241326 20.832655 75.195552 0.000000 0.000000 0.000000 3.759758 -2.480403 16.513965 3.627372 -1.084930 45.903337 0.521729 -6.941807 23.778120 0.000000 0.000000 0.000000 -8.044389 0.162936 4.842023 0.231723 -1.277292 18.774573 -0.315177 12.817742 -21.021005 3.265863 -2.798299 -0.496420 0.000000 0.000000 0.000000 -21.175514 7.582073 -9.782942 -22.795075 16.387540 -3.750486 -116.860076 -47.970622 71.837749 0.000000 0.000000 0.000000 16.852248 1.705080 1.496195 39.300090 -2.679316 -3.234669 120.778503 52.615987 91.062124 0.000000 0.000000 0.000000 
0.129095 0.942003 -0.004187 0.956444 4.287525 -2.885019 -10.565158 -2.534950 -13.731282 1.589924 -1.828012 25.927503 14.777518 23.001087 67.700720 0.000000 0.000000 0.000000 -0.986111 -1.074188 10.831375 5.218695 -3.112406 66.878122 -0.411862 -9.902792 30.027212 0.000000 0.000000 0.000000 -9.572873 0.337243 9.851733 1.802280 -2.071136 15.796398 0.347274 9.935294 -16.866268 3.103084 -1.620886 -4.979073 0.000000 0.000000 0.000000 -29.788827 2.602168 -9.427012 -20.120762 8.933624 -2.035344 -110.723231 -52.998123 73.435863 0.000000 0.000000 0.000000 17.089601 -0.968219 -0.521549 35.973257 -7.250638 -4.285909 104.154314 49.713275 67.443844 0.000000 0.000000 0.000000 
0.129269 0.913378 -0.020478 0.662716 5.163565 -4.411590 -10.888487 -1.031272 -5.699756 2.980313 -2.638349 28.477852 6.162679 15.916416 20.475518 0.000000 0.000000 0.000000 -3.399341 0.261734 -3.642086 6.265472 -6.279748 85.544449 -2.569058 -12.098663 23.742173 0.000000 0.000000 0.000000 -7.345416 0.194286 15.942005 0.488228 -0.895650 11.036575 1.676618 0.808343 -12.281174 2.101498 -0.594201 -8.114066 0.000000 0.000000 0.000000 -33.967251 -1.033035 -4.564508 -19.429305 -2.490505 -1.092879 -110.889436 -62.175237 86.272972 0.000000 0.000000 0.000000 17.724579 -0.776639 -2.183936 33.099038 -12.911667 -5.194273 91.732783 46.466080 48.947950 0.000000 0.000000 0.000000 
0.124933 0.930752 -0.033112 -1.212384 5.915108 -3.920309 -7.333189 0.754895 4.715651 3.512010 -2.101796 20.832269 2.673118 -0.109229 -10.784881 0.000000 0.000000 0.000000 -2.259137 1.359205 -18.823270 7.098286 -7.979910 86.071422 -4.108449 -14.098886 21.686054 0.000000 0.000000 0.000000 -4.865556 -0.198395 19.123463 3.037987 -2.137519 7.195546 0.561075 -6.616658 -10.799528 0.908384 -0.035886 -8.107868 0.000000 0.000000 0.000000 -30.435721 -3.039770 -0.184356 -24.383839 -12.841813 -0.238216 -119.524525 -68.695788 104.543547 0.000000 0.000000 0.000000 15.756976 -2.227467 -3.758333 26.932250 -17.684009 -4.922926 87.755330 41.694596 39.092041 0.000000 0.000000 0.000000 
0.117740 0.973202 -0.034868 -3.394402 7.075577 -1.453790 -1.849995 1.227593 13.192831 4.705547 -1.502220 11.600385 -1.183630 -9.838866 -9.569716 0.000000 0.000000 0.000000 -1.022009 2.139141 -28.949623 9.215917 -8.362288 69.459080 -5.996329 -16.767588 25.916965 0.000000 0.000000 0.000000 -2.063427 -0.620363 17.852718 4.925070 -2.976856 4.960764 2.003032 -15.098678 -10.072814 -2.752485 2.039341 -7.564937 0.000000 0.000000 0.000000 -26.654379 -2.418492 2.572147 -28.388846 -18.717372 0.137212 -136.694657 -67.884536 129.227564 0.000000 0.000000 0.000000 10.089379 -2.588365 -3.656828 22.671643 -19.416982 -4.322373 87.155386 36.295732 30.090810 0.000000 0.000000 0.000000 
0.110328 1.018726 -0.028619 -4.985926 4.870220 1.393221 1.399876 1.136814 18.171657 4.590642 -1.166966 8.529969 -3.846961 -9.015438 -1.020583 0.000000 0.000000 0.000000 2.265286 3.209794 -29.979515 7.570777 -3.125898 41.467235 -5.311919 -15.797063 30.582511 0.000000 0.000000 0.000000 -0.731044 -0.529394 13.126086 6.966440 -4.384085 7.730460 3.748069 -16.442971 -13.314249 -8.208199 6.379721 -1.036343 0.000000 0.000000 0.000000 -25.716311 -1.966525 3.139133 -29.805841 -19.963008 0.420665 -137.640191 -61.118049 126.331184 0.000000 0.000000 0.000000 6.572787 -2.023365 -2.650524 20.101647 -21.900886 -4.136763 85.998596 35.385168 27.685660 0.000000 0.000000 0.000000 
0.105156 1.037318 -0.019004 -4.043409 2.946821 3.135386 1.839526 1.247939 19.451721 2.524663 -1.282590 16.092342 -4.824725 -4.715384 8.823662 0.000000 0.000000 0.000000 4.909496 3.582651 -26.880639 3.557121 -0.405361 22.897894 -4.422557 -15.141751 34.292628 0.000000 0.000000 0.000000 -0.975214 -0.325107 9.714144 8.413999 -5.690806 11.729072 3.587479 -16.043998 -17.947936 -10.359391 8.000339 -0.211353 0.000000 0.000000 0.000000 -23.644258 -2.614529 3.258061 -31.437547 -15.131799 -0.186157 -138.596520 -55.606355 122.528295 0.000000 0.000000 0.000000 4.072838 -2.690500 -2.061784 18.526179 -23.108679 -3.943014 88.279652 34.236066 27.645790 0.000000 0.000000 0.000000 
0.100372 1.020047 -0.008925 -2.714417 3.997168 2.109672 2.911034 0.941971 18.699815 1.721247 -2.469457 33.902228 -4.748998 1.212924 21.259536 0.000000 0.000000 0.000000 5.839911 3.016138 -21.655305 3.287043 -0.393865 22.063586 -7.486321 -18.656976 39.054476 0.000000 0.000000 0.000000 -1.893500 -0.217452 8.960198 11.155645 -7.772110 13.008201 0.519303 -15.432176 -18.335974 -11.787047 8.951130 0.374989 0.000000 0.000000 0.000000 -25.361804 -1.794786 2.060200 -31.875062 -10.353184 -1.063829 -131.720304 -50.470369 104.532018 0.000000 0.000000 0.000000 4.206866 -0.719546 -1.388588 22.612565 -24.316339 -5.112701 86.868839 38.736393 32.246475 0.000000 0.000000 0.000000 
0.093778 0.968066 -0.003330 -2.484596 2.345444 -0.564625 4.854549 0.594924 16.016537 0.127511 -3.014842 54.364166 -3.760519 4.647791 28.615735 0.000000 0.000000 0.000000 6.742634 2.874984 -19.122191 5.008197 -1.057829 32.805244 -11.217636 -22.696332 43.662685 0.000000 0.000000 0.000000 -1.811794 -0.246615 9.537051 8.744911 -6.526622 15.481947 1.505496 -11.631256 -16.891177 -9.731466 7.013121 -2.353649 0.000000 0.000000 0.000000 -25.984524 0.309229 -0.132556 -30.628082 -5.384754 -1.999964 -124.670504 -49.895514 92.459462 0.000000 0.000000 0.000000 8.660542 0.341206 -2.066254 27.377948 -23.889470 -6.140260 88.259102 44.720571 40.080628 0.000000 0.000000 0.000000 
0.086808 0.912483 -0.011265 -3.371262 -2.048800 -3.087752 6.514846 0.270808 7.567484 -1.613736 -0.800630 73.396177 -0.702035 6.305966 21.533010 0.000000 0.000000 0.000000 10.354345 2.872176 -15.607189 3.422813 0.319482 38.186246 -18.013356 -29.341652 44.857981 0.000000 0.000000 0.000000 -0.248528 -0.521765 13.910070 5.517552 -4.084221 16.694926 1.527118 -4.444368 -16.315079 -8.451667 5.556932 -8.630444 0.000000 0.000000 0.000000 -27.137168 1.803913 -3.023828 -28.042000 2.044518 -2.846477 -118.099738 -47.543334 78.399309 0.000000 0.000000 0.000000 15.269853 1.505287 -2.245053 31.161085 -14.993118 -4.834191 91.051646 52.159017 51.878996 0.000000 0.000000 0.000000 
0.084205 0.895540 -0.024939 -2.609388 -3.654424 -4.147104 6.550257 -0.221259 -7.849113 -2.759023 1.485013 83.998836 1.283827 7.490964 14.861544 0.000000 0.000000 0.000000 10.736674 1.108933 -6.517082 1.024204 0.947556 24.925682 -20.465226 -36.839141 21.628614 0.000000 0.000000 0.000000 -0.316395 -0.571932 16.940785 3.370223 -2.349379 14.188710 0.570861 2.477031 -13.459310 -6.789434 4.735174 -8.572233 0.000000 0.000000 0.000000 -29.183209 2.598496 -5.857679 -24.829131 9.531709 -3.507050 -110.940548 -46.355432 66.943367 0.000000 0.000000 0.000000 16.236477 2.923033 -0.355079 35.472897 -6.498243 -3.824615 108.059826 60.289298 79.379444 0.000000 0.000000 0.000000 
0.085156 0.925096 -0.030226 0.064189 -5.352451 -2.357250 3.641675 -1.106427 -22.454847 -6.089632 5.903100 76.727379 4.321829 12.511793 18.292324 0.000000 0.000000 0.000000 7.669264 -0.939008 4.748047 -1.376069 0.496319 6.317315 -7.035172 -17.216640 2.580783 0.000000 0.000000 0.000000 -1.942954 -0.249667 15.092184 -0.094320 0.046429 11.215471 0.458175 8.709150 -11.349192 -4.963984 3.772020 -7.638148 0.000000 0.000000 0.000000 -25.734021 4.399309 -7.728987 -22.548275 14.414968 -3.741098 -111.166643 -44.078599 62.801193 0.000000 0.000000 0.000000 14.375151 1.507627 0.130744 40.847332 -0.189356 -2.926684 125.512377 57.346843 99.328182 0.000000 0.000000 0.000000 
0.086433 0.975986 -0.023655 2.427194 -6.132852 0.725464 -1.442296 -2.635878 -29.857631 -5.944458 3.854115 53.593562 4.975973 13.320150 20.916070 0.000000 0.000000 0.000000 3.807784 -1.752273 13.644683 -2.227673 -0.027593 -4.157845 -0.686036 -7.433474 13.040141 0.000000 0.000000 0.000000 -3.301638 -0.017711 11.507498 -1.920327 1.152353 9.302500 -1.356582 13.345937 -11.427333 -1.643820 1.163373 -2.370417 0.000000 0.000000 0.000000 -20.770945 8.160593 -9.284202 -22.902524 18.641763 -4.515703 -114.005631 -39.730238 57.861894 0.000000 0.000000 0.000000 13.786284 1.451545 0.988668 44.315125 3.289134 -2.136288 131.676404 54.936247 108.370843 0.000000 0.000000 0.000000 
0.085467 1.022425 -0.009151 3.406399 -3.246008 3.329020 -6.850282 -4.113363 -29.084980 -0.573304 -0.415531 23.866767 -0.863309 8.331782 33.300811 0.000000 0.000000 0.000000 1.917573 -2.064494 18.416646 -2.393560 0.200191 -0.632993 1.697577 -4.986038 19.424416 0.000000 0.000000 0.000000 -3.929149 0.055245 6.110143 -4.110240 2.377822 11.861958 -1.068765 14.901007 -15.664477 -0.749686 -0.368395 1.854213 0.000000 0.000000 0.000000 -17.784277 6.660625 -8.071168 -22.724901 22.678380 -5.115603 -117.023165 -38.333112 58.056999 0.000000 0.000000 0.000000 12.582640 0.827238 0.976343 47.765795 2.449258 -2.082078 130.292556 54.231655 106.984855 0.000000 0.000000 0.000000 
0.082201 1.036050 0.005647 3.055603 -0.156888 3.873596 -8.539152 -4.053654 -25.050797 0.489688 -0.244315 4.950255 -4.380381 10.954868 59.855112 0.000000 0.000000 0.000000 3.036820 -2.569044 19.341060 -2.821567 1.206048 13.806615 1.792054 -5.466246 23.386660 0.000000 0.000000 0.000000 -4.729354 0.102278 3.257191 -1.855099 0.761745 14.546132 -3.749857 14.482971 -19.533549 0.305752 -2.350174 6.365680 0.000000 0.000000 0.000000 -13.771551 7.533454 -7.180935 -24.052797 23.903099 -5.799767 -117.450386 -40.367383 60.316592 0.000000 0.000000 0.000000 13.684795 2.071223 1.904229 46.780917 0.898448 -2.411058 129.641548 52.568671 104.447623 0.000000 0.000000 0.000000 
0.079827 1.012387 0.018395 1.154666 2.372837 1.287858 -9.691882 -3.520544 -20.089932 1.528920 -0.534761 7.318559 4.039917 17.703746 79.315293 0.000000 0.000000 0.000000 3.907064 -3.005816 20.285999 0.127864 0.964224 30.206174 1.054520 -8.370719 32.697265 0.000000 0.000000 0.000000 -4.735614 0.052981 3.954739 -0.313060 -0.544578 16.753844 -4.049519 12.701052 -18.927652 2.821118 -3.343506 3.023862 0.000000 0.000000 0.000000 -15.902650 7.337234 -7.834437 -25.945619 22.567732 -5.966530 -119.819838 -44.962941 69.682145 0.000000 0.000000 0.000000 14.871588 2.697565 2.207071 45.300650 -3.221700 -3.934461 127.434075 49.389331 96.506367 0.000000 0.000000 0.000000 
0.079016 0.960291 0.024477 0.653638 2.261526 -1.837722 -10.966639 -3.341403 -17.759125 0.646429 -1.092751 21.641681 8.964591 19.855422 71.201524 0.000000 0.000000 0.000000 0.125702 -1.952013 18.001082 3.799835 -0.611616 45.750828 -2.576081 -13.513985 36.229715 0.000000 0.000000 0.000000 -7.156960 0.126228 5.910145 0.840142 -1.411176 18.550218 -1.702178 11.265307 -17.749784 0.364256 -0.099855 -4.025743 0.000000 0.000000 0.000000 -23.916696 7.267127 -10.330918 -22.451657 16.410240 -3.728665 -119.270111 -48.087837 75.376394 0.000000 0.000000 0.000000 14.969494 -0.606560 -0.019216 45.203096 -5.389175 -4.648651 114.117994 47.917101 76.430720 0.000000 0.000000 0.000000 
0.076793 0.909869 0.017796 0.852534 2.199232 -4.326175 -12.123121 -2.301656 -11.580560 -0.424053 -1.118257 29.420302 7.801793 18.077855 27.010391 0.000000 0.000000 0.000000 -3.857535 -0.487011 7.502360 6.324476 -2.899147 65.970055 -4.861400 -15.572588 26.737014 0.000000 0.000000 0.000000 -7.129884 0.189166 12.138304 1.038380 -1.348054 15.705130 -1.782408 6.275176 -15.733729 0.664384 0.072275 -5.964414 0.000000 0.000000 0.000000 -29.180765 2.931716 -8.321820 -20.622843 7.706604 -2.124294 -119.806430 -57.085116 89.154278 0.000000 0.000000 0.000000 17.722517 -0.847604 -1.136403 43.133326 -11.075437 -6.366035 101.601326 48.541716 61.541048 0.000000 0.000000 0.000000 
0.072163 0.901238 0.006685 -0.302503 4.096358 -5.132726 -11.488486 -0.270384 -1.524513 0.917771 -1.760096 28.290037 5.474129 4.692080 -17.348488 0.000000 0.000000 0.000000 -3.786075 0.517673 -7.733520 6.710863 -5.443876 79.632896 -4.461393 -14.504723 21.267590 0.000000 0.000000 0.000000 -6.024690 0.038322 17.025522 1.572496 -1.446155 10.131340 -0.318502 -2.557927 -10.797235 -1.387405 1.446198 -7.439407 0.000000 0.000000 0.000000 -32.207940 -0.286008 -3.604027 -22.115216 -3.003484 -1.452068 -125.175123 -67.171629 108.842760 0.000000 0.000000 0.000000 18.731595 -0.866010 -2.945473 38.259659 -16.981791 -7.337270 90.459115 47.113176 47.344727 0.000000 0.000000 0.000000 
0.066613 0.926357 0.002579 -2.893818 5.300211 -3.854270 -7.109655 1.453690 9.741334 3.154941 -1.791320 18.932213 4.185043 -3.781469 -21.635180 0.000000 0.000000 0.000000 -1.188233 1.784531 -22.076473 7.314725 -6.707246 76.726147 -5.331542 -15.733132 21.502121 0.000000 0.000000 0.000000 -3.910004 -0.314734 18.170030 3.780666 -2.499050 6.703690 0.876190 -10.393466 -9.801861 -3.336442 2.547422 -5.970483 0.000000 0.000000 0.000000 -28.342516 -1.013707 0.105887 -27.497898 -11.480168 -0.939266 -140.130581 -71.734151 134.576611 0.000000 0.000000 0.000000 14.406074 -1.937667 -3.984737 32.065209 -22.232826 -7.245918 88.001860 41.636847 37.485388 0.000000 0.000000 0.000000 
0.061880 0.968400 0.009237 -4.892124 6.996579 -1.327506 -1.793842 1.602945 18.277792 4.507490 -1.361125 10.604280 -0.077736 -9.588916 -12.625977 0.000000 0.000000 0.000000 0.551432 2.611728 -30.119715 7.686936 -5.695405 59.414187 -6.532275 -17.227324 25.844452 0.000000 0.000000 0.000000 -2.025349 -0.570542 16.601296 7.012242 -4.295445 6.069255 2.122516 -16.159797 -11.175946 -7.300182 5.204601 -5.323968 0.000000 0.000000 0.000000 -24.607084 -0.390985 1.475228 -31.164370 -14.598262 -0.656447 -153.549495 -66.563456 152.991954 0.000000 0.000000 0.000000 9.260138 -3.250401 -3.790048 27.169365 -24.222811 -6.492168 87.483928 36.836212 30.219105 0.000000 0.000000 0.000000 
0.059292 1.009174 0.022406 -5.989382 5.730915 1.431489 0.813443 1.432470 22.609152 4.476492 -1.252899 9.709986 -4.514328 -6.046200 5.137576 0.000000 0.000000 0.000000 3.599962 3.524654 -30.581197 4.978041 -1.562954 33.977334 -5.038442 -15.166200 30.374691 0.000000 0.000000 0.000000 -1.154434 -0.409434 11.385599 9.011325 -5.976300 9.786302 3.240908 -16.466822 -14.486739 -10.721766 8.581375 1.179196 0.000000 0.000000 0.000000 -23.684997 -0.263965 1.627924 -32.068267 -12.896301 -0.886061 -148.695613 -60.222705 142.358971 0.000000 0.000000 0.000000 5.105750 -2.950964 -2.459207 25.796319 -27.915500 -7.011280 85.218945 36.761512 28.691059 0.000000 0.000000 0.000000 
0.059596 1.022469 0.036720 -4.610119 4.469916 2.563450 0.641860 1.648708 23.605704 1.982344 -1.455606 19.785818 -5.625366 2.018528 26.171877 0.000000 0.000000 0.000000 5.782073 3.691906 -26.973069 2.317780 -0.110993 19.892570 -4.692138 -14.984269 32.435146 0.000000 0.000000 0.000000 -1.475282 -0.258247 8.931532 9.068250 -6.601058 13.775296 4.020501 -15.045865 -18.840744 -12.421552 9.798904 1.906424 0.000000 0.000000 0.000000 -22.599069 -0.199062 1.173148 -32.025182 -7.722564 -1.654791 -143.349399 -55.226170 128.884036 0.000000 0.000000 0.000000 3.004763 -4.546922 -2.228018 23.342248 -29.684571 -6.617704 86.470789 35.306078 28.386785 0.000000 0.000000 0.000000 
0.061082 0.999941 0.049654 -2.884317 7.391695 1.606636 2.672995 0.878185 21.974223 -0.211662 -2.418757 37.855499 -4.247422 6.641814 35.277027 0.000000 0.000000 0.000000 5.256060 2.937486 -22.822899 4.615759 -1.138192 23.550979 -8.522724 -19.179557 37.148737 0.000000 0.000000 0.000000 -1.700581 -0.261543 9.128976 11.219958 -8.435163 14.164174 1.395450 -14.499001 -18.634795 -13.085193 9.900198 1.046222 0.000000 0.000000 0.000000 -24.159280 1.399484 -0.587241 -31.391231 -3.416049 -2.379385 -131.884017 -51.166019 104.761386 0.000000 0.000000 0.000000 3.917255 -3.668568 -2.180237 26.267430 -30.080851 -7.482511 85.146786 40.645428 33.935589 0.000000 0.000000 0.000000 
0.062089 0.948854 0.054953 -2.963961 5.940990 -0.709878 5.440370 0.332214 17.990695 -4.905089 -1.041229 58.538784 -1.046079 8.382214 29.782422 0.000000 0.000000 0.000000 7.240842 3.136351 -21.019598 5.130293 -1.784141 35.480074 -11.897634 -22.960550 42.279677 0.000000 0.000000 0.000000 -0.787440 -0.401206 10.434968 7.800212 -6.140625 14.744626 2.931917 -10.050506 -15.403432 -11.137428 7.808884 -3.645301 0.000000 0.000000 0.000000 -25.325898 3.070880 -2.519206 -29.795283 1.980750 -3.359530 -121.047762 -51.109479 88.369962 0.000000 0.000000 0.000000 9.109825 -1.949065 -2.801191 29.300780 -28.770246 -7.936907 84.946431 48.503025 42.806751 0.000000 0.000000 0.000000 
0.063363 0.904750 0.046469 -3.744443 2.151914 -2.709324 7.315815 0.089214 8.159752 -8.986000 3.927587 78.733568 3.949371 12.354036 19.781560 0.000000 0.000000 0.000000 10.729561 3.307862 -17.960677 2.757159 -0.134972 40.291571 -17.230558 -28.158675 45.433563 0.000000 0.000000 0.000000 0.144387 -0.760506 16.412169 5.360094 -4.132217 14.308393 2.822610 -2.792281 -13.839768 -10.435696 6.738744 -10.903994 0.000000 0.000000 0.000000 -25.258384 3.863739 -4.701509 -27.851079 8.203603 -3.987517 -110.331744 -51.059579 73.579621 0.000000 0.000000 0.000000 16.199379 0.491525 -2.336166 32.220129 -17.322857 -5.848207 85.190715 58.706758 55.095122 0.000000 0.000000 0.000000 
0.066975 0.900279 0.035648 -2.991992 0.031631 -3.208489 6.915999 -0.272971 -7.614202 -9.986917 7.223626 87.057055 7.308141 16.668205 17.141316 0.000000 0.000000 0.000000 11.344268 1.186197 -6.782412 -1.016871 1.219113 22.550761 -18.934202 -34.644008 22.510425 0.000000 0.000000 0.000000 -1.124042 -0.600122 18.604660 3.468871 -2.565186 12.412179 2.190315 5.183127 -11.436353 -8.399899 5.842419 -10.308381 0.000000 0.000000 0.000000 -24.876369 5.025090 -7.290775 -24.311185 14.817930 -4.287036 -102.879292 -48.923702 61.486533 0.000000 0.000000 0.000000 16.296136 0.810387 -0.679825 36.701740 -6.947470 -4.421046 109.666369 64.721095 88.138508 0.000000 0.000000 0.000000 
0.072398 0.930876 0.034095 -0.321242 -0.283478 -0.745515 3.697989 -1.339420 -22.064142 -10.467160 7.228897 78.040913 9.333801 19.514744 20.274472 0.000000 0.000000 0.000000 8.472618 -1.126579 5.363946 -3.361006 0.458071 1.450840 -6.953614 -17.586036 6.445389 0.000000 0.000000 0.000000 -3.563842 -0.136001 17.005788 0.204543 -0.358821 8.823644 2.644288 10.978653 -10.242553 -5.750384 4.271735 -6.305295 0.000000 0.000000 0.000000 -20.954397 6.661456 -8.325886 -19.892127 18.293795 -3.802707 -104.785565 -44.894866 56.977425 0.000000 0.000000 0.000000 12.980171 -0.340992 -0.164542 42.838263 -2.867387 -4.058631 129.987638 59.947209 110.837730 0.000000 0.000000 0.000000 
0.077629 0.976568 0.041492 1.599639 -1.176018 2.042516 -1.493815 -2.860593 -27.987580 -6.850545 2.797808 53.550690 5.700679 14.815682 21.802400 0.000000 0.000000 0.000000 4.762797 -2.134352 14.220500 -2.653880 -0.204351 -7.726598 -1.518193 -8.918542 15.449183 0.000000 0.000000 0.000000 -4.961597 0.135804 13.233954 -1.202451 0.487770 9.042007 0.117663 14.872790 -12.620437 -1.631009 0.749230 -0.430369 0.000000 0.000000 0.000000 -14.459328 9.961281 -8.217927 -19.285563 21.262255 -4.224071 -106.946718 -38.514248 48.844339 0.000000 0.000000 0.000000 12.124801 -0.657753 0.283828 45.387997 -1.534345 -3.619585 136.525519 55.866665 118.624738 0.000000 0.000000 0.000000 
0.080980 1.013949 0.053049 2.115148 0.932213 3.453409 -6.582346 -3.929064 -26.411256 -0.693821 -0.711990 24.744842 1.575662 12.157661 36.078444 0.000000 0.000000 0.000000 3.685314 -2.764028 19.369600 -2.312847 0.104352 -2.371229 0.017678 -6.562311 17.828765 0.000000 0.000000 0.000000 -6.235257 0.248333 9.795091 -3.205501 1.523544 10.774785 2.042103 15.748210 -15.948555 -1.644981 -0.373552 4.735081 0.000000 0.000000 0.000000 -13.425070 7.994743 -7.138130 -17.267740 25.327275 -4.222024 -109.952997 -34.810944 46.644097 0.000000 0.000000 0.000000 11.978328 0.321514 0.819822 46.988444 -4.383325 -4.391369 135.237124 54.067738 114.513300 0.000000 0.000000 0.000000 
0.082663 1.019619 0.062825 1.022661 2.346112 3.774481 -7.701863 -3.651028 -23.041835 0.269532 -0.527572 12.128967 1.168386 13.694177 48.348921 0.000000 0.000000 0.000000 4.261019 -3.030448 19.786577 -0.119769 0.658342 17.697278 -1.302816 -8.049174 15.407600 0.000000 0.000000 0.000000 -7.300732 0.308953 8.093806 0.531785 -1.078666 16.032744 -2.160162 15.949106 -20.154860 -0.773706 -1.182050 3.937114 0.000000 0.000000 0.000000 -11.108942 9.376595 -6.932005 -19.749562 24.926825 -4.971983 -111.437864 -37.875621 50.813389 0.000000 0.000000 0.000000 14.154302 0.993903 1.656692 46.894094 -5.077894 -4.526146 128.287673 51.982909 102.632479 0.000000 0.000000 0.000000 
0.084867 0.984222 0.070580 0.137621 4.383961 1.513793 -9.125069 -3.286778 -19.126868 1.189242 -1.285759 20.183297 1.855465 13.566648 39.943454 0.000000 0.000000 0.000000 3.414209 -2.611292 17.645815 4.087698 -1.271172 44.257813 -2.936007 -12.073749 23.298409 0.000000 0.000000 0.000000 -8.507004 0.337813 8.646157 2.666795 -3.070963 19.569965 -2.599343 14.628131 -20.207052 1.909781 -2.197126 0.341620 0.000000 0.000000 0.000000 -16.221250 6.552239 -7.915457 -20.464515 20.821944 -4.153349 -113.099173 -44.510287 62.115107 0.000000 0.000000 0.000000 15.323011 0.378058 1.271326 45.737342 -8.896549 -5.765629 119.840613 49.882073 87.890206 0.000000 0.000000 0.000000 
0.088429 0.932275 0.071806 -0.016290 4.772553 -1.708976 -10.721518 -3.049342 -16.305683 1.639688 -2.339285 31.156862 3.964001 13.750831 24.862077 0.000000 0.000000 0.000000 0.211391 -1.436245 12.688712 5.530331 -3.647855 66.706670 -2.795085 -12.635535 27.042403 0.000000 0.000000 0.000000 -9.582096 0.483039 13.496765 1.967336 -2.501596 18.648948 1.041197 10.873257 -18.557482 -0.697235 0.586579 -4.387919 0.000000 0.000000 0.000000 -25.277348 4.308064 -9.134389 -19.901695 10.377929 -2.249004 -110.627145 -49.180297 67.968373 0.000000 0.000000 0.000000 16.811841 -1.894024 -0.909892 44.650205 -11.433519 -6.551408 99.945516 47.409517 60.595824 0.000000 0.000000 0.000000 
0.090972 0.901204 0.065015 -0.460982 5.867093 -3.983778 -11.432691 -1.641531 -8.712614 3.191930 -2.596185 26.643026 5.243369 9.957408 -2.601314 0.000000 0.000000 0.000000 -1.848835 0.008326 -0.094633 6.045049 -6.635871 84.623695 -3.501903 -13.401302 23.305474 0.000000 0.000000 0.000000 -8.529649 0.365561 18.706254 3.315351 -2.949121 13.396205 1.099188 2.984719 -13.986255 -0.273751 0.688085 -6.007026 0.000000 0.000000 0.000000 -29.748053 0.029067 -5.628081 -19.589576 -0.172297 -1.155667 -112.091025 -59.625914 83.882103 0.000000 0.000000 0.000000 21.759151 -0.803683 -2.018471 38.423280 -16.537442 -7.276725 82.560362 43.304351 39.889130 0.000000 0.000000 0.000000 
0.091646 0.914545 0.059768 -1.587890 7.895584 -3.863087 -9.275589 0.638259 3.452535 4.198423 -1.122118 8.511345 2.792795 -0.230707 -10.685434 0.000000 0.000000 0.000000 -2.351731 1.052720 -14.857411 6.873233 -9.471003 86.465344 -4.573569 -14.888028 22.096078 0.000000 0.000000 0.000000 -6.205124 -0.099031 20.902784 4.509423 -3.194907 8.331785 1.598894 -6.645070 -9.148367 -2.688739 2.230925 -8.148648 0.000000 0.000000 0.000000 -30.038955 -1.625929 -1.168904 -21.317927 -10.484653 -0.690075 -127.338153 -69.871525 115.079668 0.000000 0.000000 0.000000 20.846277 -0.460169 -3.753559 34.126600 -22.031870 -7.730666 75.431641 39.329990 29.845091 0.000000 0.000000 0.000000 
0.092464 0.952252 0.061719 -4.153331 7.572637 -2.321800 -3.838600 1.585785 14.459486 2.943255 -0.076644 -3.635278 -1.548948 -4.707474 -2.131005 0.000000 0.000000 0.000000 0.619211 2.255062 -25.181007 7.768121 -7.861693 71.780965 -5.914896 -16.469119 22.317575 0.000000 0.000000 0.000000 -4.238811 -0.335343 18.394232 6.055029 -3.989781 7.585313 3.574159 -12.165696 -9.097415 -6.199051 4.453422 -5.847806 0.000000 0.000000 0.000000 -26.597925 -0.736487 0.620705 -25.626279 -15.687599 -0.392510 -140.301098 -69.064392 133.761762 0.000000 0.000000 0.000000 14.852897 -1.349182 -4.091374 28.571130 -25.410298 -7.054859 76.590553 36.122997 26.166577 0.000000 0.000000 0.000000 
0.094027 0.992872 0.068745 -5.220184 7.973632 0.590992 -0.546369 1.404748 19.543173 3.777954 -0.199754 -2.589138 -4.979428 -7.149319 4.583411 0.000000 0.000000 0.000000 2.989410 3.075593 -29.270882 7.603553 -4.241002 45.056203 -8.256594 -19.162413 27.853558 0.000000 0.000000 0.000000 -2.809503 -0.375181 14.458437 8.233532 -5.617209 9.609708 4.438315 -15.063174 -12.876789 -10.214785 7.290041 -4.465462 0.000000 0.000000 0.000000 -25.226424 -0.168766 1.156402 -26.442229 -15.444091 -0.490561 -146.523864 -63.654148 140.151842 0.000000 0.000000 0.000000 10.299020 -2.817361 -3.889990 23.289029 -27.609921 -5.979428 79.588200 32.873213 23.846809 0.000000 0.000000 0.000000 
0.096517 1.014876 0.076764 -4.415653 6.914511 2.533232 0.685915 1.256514 19.921738 4.030600 -1.603363 14.390997 -5.015266 -6.061042 6.469585 0.000000 0.000000 0.000000 4.940852 3.484531 -28.098207 3.955397 -0.858012 23.677994 -5.660585 -15.830102 33.534733 0.000000 0.000000 0.000000 -3.377345 -0.174499 11.758201 10.365874 -7.205967 11.490082 3.830833 -14.018051 -15.281126 -13.856634 10.114463 -2.217186 0.000000 0.000000 0.000000 -25.687316 1.377300 -0.173538 -27.425130 -14.105275 -0.468719 -141.510719 -56.531997 125.897467 0.000000 0.000000 0.000000 6.521718 -2.364802 -2.544405 25.348578 -30.054377 -7.176547 79.195412 36.415876 26.936667 0.000000 0.000000 0.000000 
0.098920 1.002960 0.084643 -2.806196 6.557405 1.774727 0.998726 1.192963 19.345500 2.102947 -3.147240 35.669038 -5.066025 -0.239495 18.003141 0.000000 0.000000 0.000000 5.570298 3.229553 -24.481544 3.984561 -0.765985 20.960525 -6.430811 -16.944243 37.115277 0.000000 0.000000 0.000000 -4.360302 -0.055071 11.200365 10.665493 -7.883579 13.821298 2.740234 -11.894591 -17.529095 -13.594048 9.775722 -1.616285 0.000000 0.000000 0.000000 -26.287954 2.741387 -1.925275 -26.436592 -9.955324 -0.887273 -135.120395 -51.606710 109.144952 0.000000 0.000000 0.000000 7.743531 -2.638729 -2.845767 25.728718 -31.762290 -7.456699 81.194299 39.989432 32.144401 0.000000 0.000000 0.000000 
0.098125 0.958856 0.090689 -2.172676 6.634332 -0.703991 3.470305 0.567141 14.885655 -1.168800 -4.212622 60.789990 -3.253234 4.227328 24.190087 0.000000 0.000000 0.000000 6.547877 3.137362 -22.060066 5.835286 -1.892104 30.610314 -10.910181 -21.831528 41.910480 0.000000 0.000000 0.000000 -3.538253 -0.228362 13.574706 9.146008 -6.991340 14.142556 1.106963 -9.058339 -15.254948 -13.439968 9.049812 -5.702481 0.000000 0.000000 0.000000 -26.870628 3.754965 -3.646565 -25.681391 -5.222023 -1.527080 -126.425584 -47.584866 89.755575 0.000000 0.000000 0.000000 13.127971 -2.300650 -3.694126 27.790197 -29.619551 -7.482111 79.489841 47.608991 39.345897 0.000000 0.000000 0.000000 
0.095899 0.908231 0.085382 -2.924018 4.253904 -3.894828 5.915431 0.150503 7.595545 -4.744047 -1.937391 82.635891 1.569252 7.470486 12.941101 0.000000 0.000000 0.000000 10.492756 3.411397 -18.816205 3.691801 -0.918908 36.939591 -18.271139 -29.101154 43.717272 0.000000 0.000000 0.000000 -3.526741 -0.334587 17.893898 5.961779 -4.704168 14.233526 2.962670 -2.314904 -13.996950 -12.561059 8.065923 -10.090965 0.000000 0.000000 0.000000 -28.729514 3.657305 -5.447398 -22.352024 2.326810 -2.203072 -116.277660 -47.769255 75.503722 0.000000 0.000000 0.000000 17.947488 -0.966944 -3.129591 30.460882 -22.146629 -6.580310 81.108201 58.282888 51.946352 0.000000 0.000000 0.000000 
0.096313 0.888021 0.071974 -2.643271 1.194192 -5.142452 5.694550 -0.355431 -7.946869 -7.113349 3.298390 96.888476 5.832084 12.945446 4.702747 0.000000 0.000000 0.000000 11.451871 2.126647 -11.151730 1.948792 0.259240 26.627759 -20.123024 -36.729563 20.232648 0.000000 0.000000 0.000000 -3.753483 -0.296753 22.940854 4.106617 -3.006475 11.784144 1.631408 4.604179 -12.408459 -13.104118 8.374318 -12.187547 0.000000 0.000000 0.000000 -26.560113 4.078659 -7.223514 -22.103721 8.880257 -2.851329 -107.254765 -45.825542 61.753369 0.000000 0.000000 0.000000 20.548905 1.075031 -0.834102 34.845426 -10.387636 -5.043928 93.394521 69.846898 76.819668 0.000000 0.000000 0.000000 
0.099484 0.907392 0.062763 -0.447692 -0.363706 -4.232541 3.107022 -1.675955 -25.715650 -8.005111 5.938709 92.917999 8.136801 17.165558 5.728025 0.000000 0.000000 0.000000 9.776990 -0.372154 1.261445 -0.924805 0.505898 8.379610 -7.810353 -19.004399 -4.202857 0.000000 0.000000 0.000000 -5.890809 0.245271 23.383829 1.434124 -0.944527 5.697051 1.769589 11.486585 -6.032220 -9.217473 6.798503 -9.370790 0.000000 0.000000 0.000000 -24.448015 5.573601 -9.035097 -19.295965 13.106361 -2.991138 -105.660642 -41.904822 53.682512 0.000000 0.000000 0.000000 16.883626 0.711390 0.687362 40.293378 -2.040422 -4.179326 138.096796 73.235071 134.681410 0.000000 0.000000 0.000000 
0.103852 0.949887 0.062097 2.509976 -1.266874 -1.300088 -1.921628 -3.704199 -34.707079 -6.638769 3.662768 71.417291 7.474437 16.479648 12.079095 0.000000 0.000000 0.000000 5.915972 -1.857763 11.535939 -2.157111 0.030761 -3.328202 -3.188313 -9.230056 4.047288 0.000000 0.000000 0.000000 -8.394788 0.786362 20.233969 -1.157237 0.523745 3.765230 1.061089 15.740030 -6.292236 -4.735530 3.776755 -4.909683 0.000000 0.000000 0.000000 -19.424645 7.378463 -9.094352 -16.246845 16.797564 -2.865892 -109.444810 -38.344493 50.974474 0.000000 0.000000 0.000000 14.994466 -0.076234 0.973943 43.794759 0.040677 -3.776534 155.368432 66.234304 156.796223 0.000000 0.000000 0.000000 
0.107973 0.995073 0.068134 3.084015 -1.719314 1.514160 -6.004714 -4.731926 -33.850236 -1.520795 -0.388560 39.314623 3.200332 11.856382 24.665053 0.000000 0.000000 0.000000 4.090989 -2.345939 16.850919 -2.959512 0.309313 0.079527 -0.586681 -5.030310 8.162944 0.000000 0.000000 0.000000 -8.690046 0.748610 15.843584 -1.241956 0.559541 4.888289 -1.470005 18.204086 -8.108048 -1.657277 1.178726 -1.902485 0.000000 0.000000 0.000000 -14.641667 7.923069 -8.003169 -16.659866 21.325326 -3.620247 -107.040596 -33.873019 41.480684 0.000000 0.000000 0.000000 14.778757 -1.191361 0.898709 43.554392 -0.213446 -3.759481 152.450227 61.914625 151.957919 0.000000 0.000000 0.000000 
0.111225 1.020021 0.077006 2.474093 -0.513835 2.402226 -8.416188 -4.687104 -28.851101 2.464146 -0.948114 12.113436 -3.519922 10.232186 52.904492 0.000000 0.000000 0.000000 3.308656 -2.684436 20.043072 -1.679967 0.968286 14.071025 -0.555250 -5.931659 11.417513 0.000000 0.000000 0.000000 -7.987751 0.500264 12.129930 -4.271696 2.230165 9.571469 0.972861 17.443800 -12.777492 -1.278983 -0.013004 1.836366 0.000000 0.000000 0.000000 -14.777834 6.354534 -7.253398 -15.945357 23.753598 -3.630538 -104.554204 -32.458711 38.911797 0.000000 0.000000 0.000000 12.986995 -0.490794 0.782872 44.586793 -4.242766 -4.514679 145.338623 59.088327 136.925280 0.000000 0.000000 0.000000 
0.114419 1.010914 0.085190 0.930086 1.978994 1.766410 -10.017702 -4.289084 -23.870054 2.790179 -0.601586 4.978018 8.563538 19.679911 84.642742 0.000000 0.000000 0.000000 4.215017 -2.930173 19.472708 2.455508 0.134076 35.650394 -3.538235 -13.046439 22.279209 0.000000 0.000000 0.000000 -8.011486 0.398697 10.918716 -0.534234 -0.254714 14.383541 -2.124676 15.855030 -15.746907 -0.327618 -0.628676 0.931661 0.000000 0.000000 0.000000 -15.545710 5.976037 -7.483382 -17.240439 23.288740 -3.841044 -104.457902 -34.887497 41.922262 0.000000 0.000000 0.000000 14.254146 -1.296541 0.478263 43.373859 -6.018614 -4.882222 134.842670 55.865883 117.319506 0.000000 0.000000 0.000000 
0.118908 0.968416 0.088968 0.587580 2.898408 -0.817399 -12.122588 -3.688809 -18.598082 2.904935 -1.386974 15.996458 15.783094 23.021680 74.641273 0.000000 0.000000 0.000000 1.296234 -1.770600 14.663675 6.295705 -2.973991 60.495191 -4.683597 -15.632599 31.464816 0.000000 0.000000 0.000000 -8.607917 0.449912 13.597546 1.616435 -1.727235 14.661217 -2.548826 12.922804 -14.367488 1.185615 -0.815431 -2.609250 0.000000 0.000000 0.000000 -21.023154 3.771881 -8.141692 -17.395035 18.491281 -3.034155 -104.670703 -37.961483 47.182484 0.000000 0.000000 0.000000 14.431364 -1.062975 0.182691 41.928120 -10.343872 -6.086927 121.952922 52.842487 93.870071 0.000000 0.000000 0.000000 
0.122134 0.921795 0.082681 0.562531 4.738900 -3.678340 -13.360319 -2.626481 -12.462319 3.375688 -2.594914 27.104042 5.928094 15.989883 23.895184 0.000000 0.000000 0.000000 -2.283580 -0.495735 5.846248 6.713536 -6.249439 83.449626 -3.027633 -12.523383 22.094366 0.000000 0.000000 0.000000 -8.055875 0.366034 19.485650 1.231478 -1.430203 12.379765 -0.442754 6.224803 -11.886859 -1.185814 1.474976 -7.377260 0.000000 0.000000 0.000000 -29.664435 1.960485 -7.879524 -16.611101 7.528155 -1.713979 -103.691482 -44.274061 56.506859 0.000000 0.000000 0.000000 16.368873 -2.579308 -1.798733 38.790042 -12.435433 -6.328856 103.213506 50.498969 66.161806 0.000000 0.000000 0.000000 
0.121762 0.908607 0.073256 -0.385206 5.805507 -4.124540 -11.918978 -0.428941 -2.470637 4.401437 -2.706994 23.965503 3.940095 -0.026844 -16.084458 0.000000 0.000000 0.000000 -2.943997 0.674643 -9.362441 6.691420 -8.424653 93.365633 -3.874338 -13.461905 18.373697 0.000000 0.000000 0.000000 -5.613234 -0.117927 21.925388 3.545129 -2.602473 8.962827 -2.393243 -1.405699 -8.989701 -0.494792 1.134951 -9.772284 0.000000 0.000000 0.000000 -30.455182 -1.410446 -3.561323 -19.128468 -0.402482 -1.474260 -108.534826 -51.586426 71.018054 0.000000 0.000000 0.000000 19.870387 -2.723752 -3.425324 31.490702 -17.782833 -6.224984 91.548045 45.494189 47.788445 0.000000 0.000000 0.000000 
0.119762 0.934996 0.070497 -2.191376 7.664420 -2.399189 -6.680549 1.375091 9.511360 6.268515 -2.109183 13.837823 2.065988 -11.292276 -20.244905 0.000000 0.000000 0.000000 -2.196989 1.514834 -22.727794 8.141093 -9.824770 81.701960 -6.604956 -17.615191 19.143738 0.000000 0.000000 0.000000 -2.334049 -0.753129 20.908927 4.411082 -2.737438 5.203599 -1.573836 -10.426714 -5.624820 -1.660582 1.495835 -10.524325 0.000000 0.000000 0.000000 -29.448167 -1.547261 0.021579 -22.243486 -7.488347 -1.573990 -121.957594 -56.646991 95.131366 0.000000 0.000000 0.000000 17.782986 -3.266143 -5.031935 28.125089 -21.217093 -6.081289 87.547159 39.455495 35.871453 0.000000 0.000000 0.000000 
0.118717 0.975393 0.076368 -5.268819 6.916310 0.790314 -0.320280 1.226939 16.316744 6.607011 -1.609563 9.090822 -1.153200 -12.677726 -12.537123 0.000000 0.000000 0.000000 2.882709 3.147220 -29.436294 7.999076 -5.298886 54.647986 -9.104546 -20.770136 22.519055 0.000000 0.000000 0.000000 0.725836 -0.910895 15.516204 6.147787 -4.293514 9.705951 1.210848 -14.276841 -12.204517 -5.268586 4.022537 -2.491277 0.000000 0.000000 0.000000 -26.588272 -0.475563 0.896397 -26.561148 -7.902656 -1.774362 -131.125775 -54.517434 107.548079 0.000000 0.000000 0.000000 10.922874 -3.567581 -4.234117 27.409865 -23.780211 -6.287547 87.756715 35.786415 30.128541 0.000000 0.000000 0.000000 
0.119246 1.006757 0.085632 -3.620425 7.049221 3.296607 0.494527 1.254355 19.148199 6.638428 -1.971246 12.269051 -6.832777 -11.592275 3.732194 0.000000 0.000000 0.000000 3.277574 3.081634 -28.010109 4.193372 -1.118896 27.988697 -4.802873 -14.145833 24.490083 0.000000 0.000000 0.000000 -0.727292 -0.477666 11.756601 8.640220 -5.641305 8.928629 0.539167 -15.418589 -13.675383 -7.020737 5.570428 0.582318 0.000000 0.000000 0.000000 -26.777679 -0.977905 1.480659 -24.545581 -5.237334 -2.138454 -132.427286 -49.630421 103.828383 0.000000 0.000000 0.000000 10.737873 -6.217183 -5.300294 21.365795 -25.923420 -5.011020 89.933488 33.012802 28.740098 0.000000 0.000000 0.000000 
0.121350 1.006318 0.092394 -3.348286 6.777328 2.826582 2.002718 0.917565 17.950050 4.582699 -3.813885 32.236540 -6.595020 -1.760718 19.424044 0.000000 0.000000 0.000000 7.060906 3.368155 -23.563341 -0.004285 0.451421 19.705012 -6.093357 -16.103492 28.546000 0.000000 0.000000 0.000000 -0.963602 -0.333747 9.364092 9.656726 -7.570339 15.540126 1.117565 -13.074496 -18.553543 -9.976999 7.769012 2.509443 0.000000 0.000000 0.000000 -25.368483 1.127022 -0.778451 -27.399100 -5.752949 -1.653516 -126.576498 -47.061361 91.323856 0.000000 0.000000 0.000000 8.632176 -5.342196 -4.140195 24.607794 -27.567058 -6.169813 92.781961 36.712866 34.738852 0.000000 0.000000 0.000000 
0.122236 0.970092 0.094034 -3.029769 5.572421 1.013260 2.979767 0.588322 12.786006 0.545644 -5.188716 61.511044 -4.856086 3.110597 27.296910 0.000000 0.000000 0.000000 7.503957 3.124015 -20.752065 4.049247 -0.972425 29.065464 -8.271454 -19.264639 34.452736 0.000000 0.000000 0.000000 -2.468022 -0.228174 10.476873 9.125849 -7.428822 17.146155 2.344098 -9.012804 -17.146714 -8.376904 6.072517 -1.251424 0.000000 0.000000 0.000000 -26.710448 2.717518 -2.741420 -25.704205 -2.840397 -1.940940 -121.808480 -47.831612 84.605410 0.000000 0.000000 0.000000 12.757536 -2.584253 -3.889930 27.312921 -26.939628 -6.675332 91.669181 45.103534 44.476313 0.000000 0.000000 0.000000 
0.120685 0.919486 0.084476 -3.769483 2.218746 -2.046691 4.293880 0.156416 4.312222 -2.851850 -3.021695 90.234103 0.547552 7.293329 18.510234 0.000000 0.000000 0.000000 10.962619 3.325331 -17.971823 3.298071 -0.408292 40.036087 -10.192637 -21.788458 41.176207 0.000000 0.000000 0.000000 -2.006115 -0.466304 16.867252 7.125530 -5.319244 14.563310 2.360084 -2.561099 -13.254277 -7.500856 5.150840 -8.634423 0.000000 0.000000 0.000000 -27.068349 3.361413 -4.756088 -23.389424 2.525845 -2.411438 -116.383103 -47.674664 75.808841 0.000000 0.000000 0.000000 18.547287 -0.629484 -3.160584 30.618298 -17.138425 -5.489511 89.171562 56.871874 56.779997 0.000000 0.000000 0.000000 
0.120762 0.895063 0.070247 -4.297430 -0.845072 -2.979785 6.721053 -0.375706 -10.880287 -3.857190 0.659504 105.187600 5.196245 12.625689 9.503738 0.000000 0.000000 0.000000 13.720732 1.532360 -7.890906 -0.702233 1.548320 29.707853 -16.463518 -29.250004 34.943107 0.000000 0.000000 0.000000 -2.918960 -0.299855 19.351942 3.857257 -2.775561 12.759247 3.192412 6.114450 -11.716923 -6.812966 4.843937 -6.301304 0.000000 0.000000 0.000000 -26.207993 2.157833 -6.089991 -20.178839 8.777235 -2.551095 -110.302193 -46.867787 66.221881 0.000000 0.000000 0.000000 19.542427 -0.056032 -1.278840 33.568043 -7.918511 -4.291324 107.140341 65.520599 86.441612 0.000000 0.000000 0.000000 
0.122507 0.911705 0.063829 -1.811067 -2.147500 -1.358988 4.462356 -1.381878 -28.391901 -4.809925 3.463913 97.736644 7.787599 16.786646 8.396020 0.000000 0.000000 0.000000 11.170567 -1.035245 4.024746 -3.516880 1.036961 9.063725 -7.510954 -18.672343 6.296882 0.000000 0.000000 0.000000 -5.566627 0.241010 19.007120 1.002553 -0.772505 9.703556 2.940792 11.799479 -11.591069 -5.270156 3.772647 -4.826625 0.000000 0.000000 0.000000 -23.429460 5.358108 -8.470227 -14.645155 12.103421 -1.928647 -109.632624 -44.014819 61.044669 0.000000 0.000000 0.000000 18.407036 -0.721269 -0.426629 36.319948 -2.147327 -3.403787 130.402120 66.495310 117.867836 0.000000 0.000000 0.000000 
0.125387 0.953569 0.066906 0.029632 -5.015391 0.467756 1.411631 -2.269306 -35.270889 -3.126399 2.344808 72.927835 6.582490 14.980789 11.897585 0.000000 0.000000 0.000000 6.708132 -2.489127 15.506212 -2.759355 -0.022810 -4.689124 0.224267 -5.350257 12.359941 0.000000 0.000000 0.000000 -8.108488 0.722839 16.011841 -1.009826 0.522602 6.442321 2.409928 15.944564 -9.717222 0.251136 0.040870 -3.215811 0.000000 0.000000 0.000000 -19.604880 9.424729 -9.754090 -12.380640 15.567761 -1.900152 -110.484349 -42.090104 58.282564 0.000000 0.000000 0.000000 16.200398 -0.491814 0.375436 39.829404 0.335591 -3.141946 140.580549 64.342954 132.010425 0.000000 0.000000 0.000000 
0.128460 0.993618 0.075439 0.184611 -5.333381 2.901777 -2.101387 -3.161288 -33.568064 -1.038296 -0.005667 40.226680 5.357574 13.454039 18.087112 0.000000 0.000000 0.000000 4.165494 -2.526099 19.348083 -1.629547 0.140084 -0.306545 3.104060 -1.790833 16.353375 0.000000 0.000000 0.000000 -9.397384 0.739107 11.073469 -3.378772 1.863779 7.402154 4.971929 16.335418 -11.561261 -0.450156 -0.888237 4.453846 0.000000 0.000000 0.000000 -17.899527 10.712259 -9.588393 -8.709593 20.727736 -1.444808 -113.165178 -40.658644 59.721561 0.000000 0.000000 0.000000 15.512122 -0.363038 0.284550 41.112864 -1.907184 -3.686722 139.972346 61.399732 128.098465 0.000000 0.000000 0.000000 
0.131707 1.008893 0.084432 -0.506564 -5.074812 3.521343 -2.804435 -2.828520 -27.423703 -0.989513 -0.144091 21.135993 1.379947 9.143355 25.645261 0.000000 0.000000 0.000000 3.840023 -2.406528 18.658283 -0.737785 1.382297 21.726324 0.601917 -5.092258 13.799207 0.000000 0.000000 0.000000 -9.208354 0.563889 7.706465 -1.733198 1.073231 13.396817 0.861278 16.459467 -15.910814 0.861440 -2.453842 5.900752 0.000000 0.000000 0.000000 -14.947525 10.595480 -8.653877 -8.818926 23.160115 -1.671446 -111.814688 -44.575433 63.186672 0.000000 0.000000 0.000000 16.842385 -0.897525 0.295110 39.355674 -4.734782 -4.208628 134.716813 58.049923 117.560179 0.000000 0.000000 0.000000 
0.137238 0.983023 0.091339 -0.367951 -4.430073 0.536934 -5.984786 -2.627790 -19.431966 0.562043 -0.696434 23.452887 1.886682 10.506319 29.403711 0.000000 0.000000 0.000000 1.396097 -1.687944 16.145352 4.591631 0.821125 53.436626 -3.169663 -13.208651 23.516424 0.000000 0.000000 0.000000 -10.278979 0.610870 8.675762 -1.377391 0.891729 17.289995 1.316775 13.852035 -17.127748 2.482411 -3.606503 6.332997 0.000000 0.000000 0.000000 -19.899171 7.339087 -8.744214 -9.955420 21.085938 -1.649516 -108.994196 -50.204443 68.902807 0.000000 0.000000 0.000000 17.260648 -0.738270 -0.208890 38.481174 -8.219143 -4.860459 118.099616 55.364072 90.246124 0.000000 0.000000 0.000000 
0.143429 0.935366 0.089300 0.133118 -3.355264 -2.999537 -9.485300 -2.339312 -13.681983 2.339806 -1.647510 30.826589 5.154095 14.735843 32.130587 0.000000 0.000000 0.000000 -2.711406 -0.543221 8.665790 8.524389 -2.462445 83.066096 -5.479522 -16.282795 24.187187 0.000000 0.000000 0.000000 -11.101961 0.906663 14.396653 -0.721794 0.360152 19.142459 2.445944 8.269463 -19.135271 0.615115 -0.847402 0.783147 0.000000 0.000000 0.000000 -29.478716 3.933325 -8.522038 -10.606630 9.790988 -1.047297 -101.676882 -56.959884 71.447142 0.000000 0.000000 0.000000 19.633967 -0.829640 -1.685469 36.287103 -11.702630 -5.123976 94.585613 50.526197 57.052895 0.000000 0.000000 0.000000 
0.146449 0.907554 0.078074 -0.475042 0.212646 -6.040992 -10.169417 -0.523488 -2.797322 4.570293 -2.205120 21.774875 11.686101 22.280929 26.610185 0.000000 0.000000 0.000000 -3.653428 0.518169 -7.145930 9.758427 -8.566310 102.042715 -5.696882 -16.500533 22.523968 0.000000 0.000000 0.000000 -10.243438 0.938860 21.499576 3.359476 -2.628825 14.174412 0.920694 -0.900652 -14.380086 -0.458283 0.421075 -0.915073 0.000000 0.000000 0.000000 -33.273978 -1.891552 -2.735823 -11.467659 -2.967332 -0.732019 -89.917404 -69.593064 73.888034 0.000000 0.000000 0.000000 22.748448 0.192550 -3.157577 28.852061 -17.197553 -5.054586 79.091644 44.832557 37.756604 0.000000 0.000000 0.000000 
0.145981 0.928509 0.070290 -2.681155 3.853213 -5.064134 -5.789658 1.309141 9.539094 4.690373 -0.575413 0.981649 1.473828 6.307895 8.285846 0.000000 0.000000 0.000000 -3.566662 1.478354 -23.699994 11.737695 -14.328867 97.876396 -8.074459 -20.094577 20.144229 0.000000 0.000000 0.000000 -6.146985 0.024267 23.434832 3.504029 -2.450188 8.396946 3.135551 -12.670443 -9.343419 -3.984197 3.028723 -3.901094 0.000000 0.000000 0.000000 -30.989662 -4.261125 3.832530 -15.538048 -14.206452 -0.925897 -104.281703 -81.570365 102.489423 0.000000 0.000000 0.000000 17.860580 2.009850 -3.783765 26.605748 -22.588586 -5.653437 74.405208 39.249071 27.444193 0.000000 0.000000 0.000000 
0.144739 0.971510 0.071230 -5.632839 4.106890 -1.202940 -0.065386 1.416071 17.931130 3.706247 0.300911 -11.004446 -4.768519 -1.098429 15.323353 0.000000 0.000000 0.000000 0.219298 3.089502 -33.985813 13.627445 -11.551488 73.821239 -9.373698 -21.632773 22.660755 0.000000 0.000000 0.000000 -3.012276 -0.431712 18.815613 6.942465 -4.476551 8.523322 2.994744 -16.816973 -10.405306 -8.051095 6.461519 0.005848 0.000000 0.000000 0.000000 -27.207132 -5.910857 6.165242 -20.093967 -18.726859 -0.622664 -136.247989 -78.313761 137.195074 0.000000 0.000000 0.000000 11.855018 0.772518 -3.310305 23.646654 -26.369487 -5.796606 75.065508 36.878643 24.730173 0.000000 0.000000 0.000000 
0.144356 1.011784 0.078178 -5.469846 4.536719 2.044537 1.701929 1.279870 21.577523 4.214021 -0.019572 -5.991343 -7.029616 -4.682263 15.297395 0.000000 0.000000 0.000000 3.219862 3.878861 -33.883556 9.284106 -3.919827 41.535162 -7.193623 -18.203484 28.855511 0.000000 0.000000 0.000000 -2.432793 -0.329674 13.839118 8.502069 -6.036439 12.613756 5.127953 -18.605134 -15.733345 -13.348974 11.323954 3.105713 0.000000 0.000000 0.000000 -23.930511 -5.615973 6.193860 -23.316570 -16.258987 -0.739021 -144.989801 -69.094245 143.850216 0.000000 0.000000 0.000000 5.454008 -1.814339 -2.393868 21.879100 -28.672213 -6.002523 75.510160 33.980438 21.498948 0.000000 0.000000 0.000000 
0.144746 1.023947 0.086450 -3.578911 6.066551 3.645185 3.290665 0.787768 20.404050 4.023483 -1.885549 17.684617 -5.353902 -7.198242 5.851019 0.000000 0.000000 0.000000 4.736046 3.570728 -28.855522 3.776959 -0.649997 20.874416 -4.983660 -15.178603 33.745496 0.000000 0.000000 0.000000 -3.618346 -0.098810 10.837461 11.784294 -8.561448 13.980344 2.854758 -18.061458 -17.569981 -15.555446 13.265148 4.741076 0.000000 0.000000 0.000000 -26.954538 -2.914831 4.052868 -25.107629 -12.876039 -1.045282 -132.264108 -57.998014 114.966147 0.000000 0.000000 0.000000 2.272186 -1.727335 -1.188576 25.186364 -31.294080 -7.734997 74.271420 36.829545 23.817186 0.000000 0.000000 0.000000 
0.143622 0.999023 0.094605 -1.340395 6.637529 2.696370 4.060195 0.503126 16.578845 3.462918 -5.371630 47.481387 -3.619407 -3.880933 6.027194 0.000000 0.000000 0.000000 4.658476 2.907392 -23.338543 4.406403 -0.953245 22.452797 -6.607762 -17.213019 38.350416 0.000000 0.000000 0.000000 -5.299894 0.074439 9.075379 11.303294 -8.992147 16.800830 1.819605 -14.333327 -17.719176 -11.651183 10.534876 9.419748 0.000000 0.000000 0.000000 -28.783892 -0.367125 0.885283 -24.314226 -6.349518 -1.744993 -119.668702 -51.550198 88.480012 0.000000 0.000000 0.000000 4.661250 -1.676861 -1.776961 29.182291 -31.922052 -8.924417 75.032882 44.185730 31.549302 0.000000 0.000000 0.000000 
0.139589 0.950989 0.095459 -1.516565 3.804786 0.107148 6.601879 0.061134 7.712830 -1.104052 -4.908107 79.041090 1.441371 6.629231 10.514291 0.000000 0.000000 0.000000 8.440797 2.990221 -18.564582 3.095523 -0.410694 30.408221 -9.597214 -20.937301 41.839319 0.000000 0.000000 0.000000 -5.157511 0.038035 11.653242 8.798749 -7.276147 18.692548 1.316897 -6.180560 -16.495245 -10.337118 7.594799 2.280913 0.000000 0.000000 0.000000 -29.347584 1.761287 -3.213319 -22.432629 2.821726 -2.400780 -110.404836 -46.633618 68.946432 0.000000 0.000000 0.000000 13.818625 -0.782660 -2.970466 30.778251 -23.784444 -6.894798 76.532458 57.294484 46.429271 0.000000 0.000000 0.000000 
0.138084 0.920037 0.087612 -1.808700 1.300732 -1.746735 8.970894 -0.206971 -7.532180 -2.966019 -2.484614 100.014870 4.040293 9.209058 2.812943 0.000000 0.000000 0.000000 11.657388 1.694719 -9.386237 -0.754398 1.073376 22.808070 -15.669335 -27.804655 37.750685 0.000000 0.000000 0.000000 -5.291121 0.060926 15.393594 6.644135 -5.342004 17.981347 0.349967 3.406475 -16.427105 -7.710432 5.046233 0.211527 0.000000 0.000000 0.000000 -30.452320 2.827115 -7.204690 -17.498482 12.263850 -2.436017 -95.709779 -42.550450 49.125372 0.000000 0.000000 0.000000 16.906761 0.434795 -1.218217 33.818746 -12.159249 -4.941339 97.185470 69.554873 80.091730 0.000000 0.000000 0.000000 
0.140723 0.934091 0.082269 0.745382 -3.001842 -1.341795 6.146256 -0.826772 -26.080763 -5.603955 5.776349 99.861550 6.088830 13.699623 6.400420 0.000000 0.000000 0.000000 10.024340 -0.857225 3.404935 -5.076281 0.847955 3.756359 -5.564613 -15.646773 12.295854 0.000000 0.000000 0.000000 -6.556711 0.359318 15.090792 1.740732 -1.322623 15.089104 0.642887 10.860169 -14.547797 -5.539574 3.317334 0.963478 0.000000 0.000000 0.000000 -26.913523 5.542361 -9.604860 -11.635507 18.648942 -1.792049 -91.778827 -36.005440 38.552587 0.000000 0.000000 0.000000 14.979953 1.469051 0.563657 37.478211 -3.500004 -3.517501 129.536259 71.566176 121.421896 0.000000 0.000000 0.000000 
0.143947 0.970941 0.085057 2.765380 -5.709295 0.686350 1.129861 -2.351967 -37.266080 -6.392460 6.543713 79.195886 6.040874 13.932241 9.784150 0.000000 0.000000 0.000000 5.823331 -2.137830 14.185709 -4.726866 -0.108105 -7.336088 1.128470 -4.603711 14.352589 0.000000 0.000000 0.000000 -7.544129 0.542527 12.875510 -1.280726 0.812461 11.878663 -0.833906 17.817334 -13.802819 -0.608575 -1.051479 4.429587 0.000000 0.000000 0.000000 -19.851805 8.296230 -9.865117 -9.346846 22.981261 -1.687619 -90.814018 -29.034645 28.905388 0.000000 0.000000 0.000000 12.989540 -0.029006 0.854862 40.560927 -0.077188 -2.953382 142.986885 66.434508 139.003432 0.000000 0.000000 0.000000 
0.144164 1.007076 0.093393 3.389938 -4.131188 3.016032 -5.750647 -4.861660 -37.838085 -1.232429 -0.103596 46.566971 3.874000 11.455789 17.496302 0.000000 0.000000 0.000000 4.041890 -2.570782 19.516246 -5.003104 0.292307 -2.463411 3.087901 -0.605237 13.991354 0.000000 0.000000 0.000000 -8.039397 0.477489 8.906205 -3.686760 2.229602 13.203742 0.019833 19.340877 -17.575347 0.118055 -2.792119 8.099019 0.000000 0.000000 0.000000 -17.014496 8.691715 -9.152244 -3.970580 26.286455 -0.493489 -94.610405 -25.363576 27.073384 0.000000 0.000000 0.000000 12.325935 1.162617 1.632322 41.912367 -0.196275 -2.732949 149.935531 65.556565 149.274968 0.000000 0.000000 0.000000 
0.140804 1.020786 0.103597 2.674252 -2.610264 4.478041 -6.870546 -4.593376 -32.185265 1.655077 -0.971275 17.804232 -2.802937 4.091338 25.063628 0.000000 0.000000 0.000000 4.387891 -2.782092 19.754252 -4.321286 1.837095 16.501104 1.396898 -2.050041 10.564573 0.000000 0.000000 0.000000 -7.532441 0.336195 5.361654 -1.873805 1.024156 18.079217 -4.889354 19.078793 -21.582456 1.779726 -5.089274 10.071542 0.000000 0.000000 0.000000 -11.069354 10.773830 -7.551215 -6.726661 27.896173 -1.650318 -97.823380 -26.507142 28.310615 0.000000 0.000000 0.000000 14.126215 0.482515 1.811381 40.944588 -1.034334 -2.894241 143.859912 62.744151 139.143241 0.000000 0.000000 0.000000 
0.137672 0.996881 0.113904 1.285888 -1.768922 2.713071 -8.140800 -3.921247 -25.154165 3.225707 -1.094434 12.132341 -3.377139 2.385752 21.651346 0.000000 0.000000 0.000000 3.593307 -2.544832 18.943332 0.936800 1.621014 40.907783 -1.951841 -10.594371 19.922768 0.000000 0.000000 0.000000 -7.392964 0.266392 5.092282 -1.469977 0.661883 20.088358 -4.482589 18.839672 -21.193413 3.862952 -6.484570 9.241172 0.000000 0.000000 0.000000 -15.342414 7.884099 -8.423963 -9.380986 27.723928 -2.200788 -100.895979 -34.231460 40.084674 0.000000 0.000000 0.000000 14.704661 1.009527 2.119106 41.284777 -5.761411 -4.324440 135.472088 59.542345 123.040679 0.000000 0.000000 0.000000 
0.135723 0.950548 0.116433 1.561374 -0.576904 -0.997978 -11.286960 -3.898782 -20.790237 2.852827 -1.840106 25.524295 -0.113011 4.008462 10.877226 0.000000 0.000000 0.000000 0.082262 -1.354972 13.595150 7.024297 -2.201398 65.717026 -6.172654 -17.366690 25.502072 0.000000 0.000000 0.000000 -8.227670 0.330495 8.891582 -0.287292 -0.380344 23.021422 -3.968165 13.353312 -22.055990 1.302089 -2.200707 2.514465 0.000000 0.000000 0.000000 -24.257597 8.431478 -11.477323 -11.521516 20.067420 -1.832058 -104.409955 -39.449025 51.063751 0.000000 0.000000 0.000000 15.599038 -0.917782 0.124720 40.887095 -7.820429 -4.735816 116.185060 57.696980 92.153035 0.000000 0.000000 0.000000 
0.132528 0.913511 0.107239 1.516776 -0.294158 -4.364275 -13.203885 -2.304974 -11.096044 3.376604 -2.367029 30.373669 2.392522 5.469273 1.225293 0.000000 0.000000 0.000000 -3.601445 0.042981 0.121068 9.975353 -6.482187 87.815138 -8.125179 -19.993365 20.771861 0.000000 0.000000 0.000000 -7.334653 0.376121 16.793857 1.089971 -1.290047 19.048477 -3.986364 6.367292 -19.316191 1.504484 -1.610373 1.206149 0.000000 0.000000 0.000000 -31.733833 1.851932 -8.565963 -12.857021 9.615151 -1.233119 -106.965070 -49.434281 67.144271 0.000000 0.000000 0.000000 19.287978 0.649200 -0.444644 35.189795 -14.215519 -5.684304 98.646237 53.799360 65.150560 0.000000 0.000000 0.000000 
0.125620 0.921036 0.096747 -0.049343 3.046833 -4.635415 -11.464274 0.510910 2.538837 5.047787 -2.568750 22.386692 2.164322 4.088661 -1.098580 0.000000 0.000000 0.000000 -4.066089 1.091114 -17.569756 10.568453 -10.894652 93.386853 -8.630608 -20.839202 18.697432 0.000000 0.000000 0.000000 -4.954522 -0.098343 20.585616 2.423032 -2.034362 11.754937 -2.298942 -4.590270 -11.325706 -1.474792 1.214495 -1.605680 0.000000 0.000000 0.000000 -34.125693 -3.072772 -1.168119 -14.546670 -4.445128 -0.964208 -115.482253 -63.201954 93.572015 0.000000 0.000000 0.000000 17.755484 1.761144 -1.884589 31.138410 -20.018857 -6.330156 87.536085 46.438398 44.294607 0.000000 0.000000 0.000000 
0.116676 0.953173 0.093973 -3.485085 5.172940 -2.817306 -5.061978 1.805516 14.232424 6.345768 -1.687087 10.250891 -1.885304 1.360768 10.047816 0.000000 0.000000 0.000000 -1.500491 2.292700 -30.961503 11.273625 -10.915831 79.529762 -10.041872 -22.694400 21.258021 0.000000 0.000000 0.000000 -2.847042 -0.576043 20.997739 6.534363 -4.274623 8.290562 -1.172883 -12.306741 -10.140073 -4.717556 3.624788 -2.268224 0.000000 0.000000 0.000000 -27.770274 -4.637970 2.997617 -19.671658 -13.996853 -0.676440 -131.902667 -67.925677 121.083066 0.000000 0.000000 0.000000 11.983978 0.507158 -2.584370 26.195463 -24.715522 -6.163999 89.656413 37.420717 33.832781 0.000000 0.000000 0.000000 
0.108449 0.990664 0.100218 -4.993701 6.236937 -0.566071 -0.561167 1.578025 20.665102 6.383123 -1.170005 5.281222 -6.289489 0.258044 22.701532 0.000000 0.000000 0.000000 0.672476 2.995183 -34.150005 9.494999 -5.726401 52.576658 -10.645970 -22.838447 23.862942 0.000000 0.000000 0.000000 -2.297510 -0.552634 17.620275 8.538934 -6.064833 11.600704 2.791886 -17.015126 -13.743655 -11.131001 8.299653 -2.379397 0.000000 0.000000 0.000000 -21.469583 -6.672889 5.548600 -22.351676 -17.024768 -0.419402 -146.982453 -67.160138 144.392682 0.000000 0.000000 0.000000 4.920248 -0.648023 -1.672063 23.094457 -28.731531 -6.344003 91.567930 30.107770 24.471837 0.000000 0.000000 0.000000 
0.102611 1.013538 0.111529 -5.207743 4.177994 1.911730 0.523719 1.607283 22.256777 5.753806 -1.793170 12.779504 -5.048988 3.730382 29.083749 0.000000 0.000000 0.000000 4.161955 3.800095 -30.606413 2.249710 -0.070179 21.172857 -6.422229 -16.877720 24.749180 0.000000 0.000000 0.000000 -2.698364 -0.269425 13.193938 10.206201 -7.185430 13.068720 3.615379 -18.644178 -15.275683 -14.744657 12.018709 1.566563 0.000000 0.000000 0.000000 -19.834653 -6.054311 5.631298 -23.702064 -15.764089 -0.624142 -139.528669 -62.285437 131.636629 0.000000 0.000000 0.000000 0.230595 -0.045877 -0.065613 22.660494 -31.167150 -7.048896 92.206120 28.564560 21.911105 0.000000 0.000000 0.000000 
0.098293 1.005784 0.123993 -3.991032 2.483526 2.947555 0.155147 1.700982 20.632542 3.281990 -2.724817 31.461370 -0.975030 7.869574 27.737060 0.000000 0.000000 0.000000 6.365091 3.785812 -25.957849 -0.401330 0.317974 6.749332 -4.680420 -14.724847 24.896531 0.000000 0.000000 0.000000 -4.174612 -0.001630 9.978892 10.862980 -7.740102 14.761387 3.054289 -17.716812 -16.773777 -15.050588 12.738188 3.892754 0.000000 0.000000 0.000000 -20.400595 -5.739465 5.285609 -22.331680 -10.139196 -1.368755 -131.969003 -62.436924 120.439018 0.000000 0.000000 0.000000 0.361884 -0.426070 -0.204257 21.896860 -34.296616 -7.410154 93.584485 27.985975 22.744243 0.000000 0.000000 0.000000 
0.093156 0.967217 0.133060 -3.456879 0.334513 1.370517 1.698672 1.050424 14.337224 -0.875652 -1.882603 58.962711 2.682658 10.979630 21.804136 0.000000 0.000000 0.000000 8.528217 3.644501 -21.868712 1.905071 0.150991 15.928247 -7.393270 -18.741282 16.024873 0.000000 0.000000 0.000000 -4.155332 -0.006360 10.324317 7.793709 -5.580670 15.078611 4.360572 -15.484845 -12.716068 -15.625201 12.067746 -0.981130 0.000000 0.000000 0.000000 -21.911679 -2.795404 3.569172 -22.585621 -6.980125 -2.017177 -116.130983 -62.122554 99.223878 0.000000 0.000000 0.000000 5.953395 0.782219 -1.570469 26.477437 -32.991012 -8.522274 94.057111 35.706459 32.098231 0.000000 0.000000 0.000000 
0.089036 0.927925 0.132155 -4.501893 -3.660682 -0.660902 3.518171 0.271427 4.419975 -2.396419 1.167722 80.495967 5.626270 13.865178 13.479239 0.000000 0.000000 0.000000 12.577442 3.090157 -15.520406 0.765061 1.033716 24.956213 -7.362638 -18.456455 5.376474 0.000000 0.000000 0.000000 -4.188455 0.014981 13.823157 4.265952 -2.844860 13.534150 7.353158 -9.134124 -10.827985 -15.641828 10.999759 -5.331104 0.000000 0.000000 0.000000 -26.942236 -0.952290 1.654223 -22.006154 0.975837 -2.931197 -97.262631 -58.749218 72.455002 0.000000 0.000000 0.000000 11.790464 3.443701 -1.772680 32.488007 -27.297788 -8.685104 100.012976 45.636218 48.682042 0.000000 0.000000 0.000000 
0.087535 0.925432 0.126707 -3.689595 -8.105647 -1.931080 3.047411 -0.602209 -10.619038 -2.997189 5.558095 87.153858 7.361386 15.966460 6.918371 0.000000 0.000000 0.000000 12.008329 0.939903 -5.806575 -0.843023 2.078597 26.805062 -6.487283 -16.070598 2.262235 0.000000 0.000000 0.000000 -5.209237 0.282630 16.241470 1.601602 -0.837110 13.471616 6.605936 -1.129207 -10.738876 -12.427281 8.311962 -7.568848 0.000000 0.000000 0.000000 -28.006667 0.017799 -1.374969 -22.313624 10.197361 -3.731752 -84.275866 -53.368951 53.286214 0.000000 0.000000 0.000000 16.072483 5.016124 -0.746334 36.709724 -15.881800 -6.469883 110.069157 54.855409 71.505557 0.000000 0.000000 0.000000 
0.086563 0.955930 0.126525 -1.530832 -10.055800 -1.877797 -0.125145 -1.662106 -22.652739 -3.074531 5.412738 73.226608 5.044001 11.355495 4.488694 0.000000 0.000000 0.000000 6.657542 -1.100346 6.359172 -0.842934 1.636749 21.131094 -2.627125 -10.968702 12.133552 0.000000 0.000000 0.000000 -7.236875 0.722546 17.026319 0.285016 0.028318 9.800448 4.555420 4.239364 -8.725531 -7.477172 5.382264 -3.417448 0.000000 0.000000 0.000000 -30.224059 4.777182 -6.400454 -19.529819 17.083073 -3.845035 -81.682330 -47.473062 44.535542 0.000000 0.000000 0.000000 15.794948 5.019490 0.406541 40.438092 -8.798646 -5.404348 124.790385 57.081786 93.506289 0.000000 0.000000 0.000000 
0.083612 0.991620 0.131515 -0.153247 -10.981075 -0.456045 -4.091084 -2.684250 -26.157622 -2.840049 2.924092 49.184983 3.010053 9.939476 19.596122 0.000000 0.000000 0.000000 2.812059 -1.248778 11.291785 -1.107665 1.946367 22.957716 -0.735965 -10.859432 22.857227 0.000000 0.000000 0.000000 -9.411808 1.011519 14.764864 -1.128303 1.029130 11.669563 3.343013 8.069738 -12.131935 -3.933780 2.486992 3.028118 0.000000 0.000000 0.000000 -30.581675 5.041608 -8.130265 -15.931518 25.050705 -3.489623 -85.832084 -47.166366 46.950149 0.000000 0.000000 0.000000 17.613337 3.951853 0.508622 41.022387 -8.847756 -5.397160 134.978564 55.859904 107.880513 0.000000 0.000000 0.000000 
0.079332 1.002649 0.139089 -1.021783 -8.920123 0.612453 -5.167762 -2.685385 -22.532708 0.054002 -0.072522 30.675347 -1.811241 7.716142 39.129210 0.000000 0.000000 0.000000 2.288489 -1.188497 10.765385 0.509201 2.803024 37.778020 -3.180714 -13.568459 21.480281 0.000000 0.000000 0.000000 -8.352943 0.654334 12.108618 -1.920745 1.703052 16.739625 2.755399 7.924411 -16.717277 -2.212510 0.897981 4.534421 0.000000 0.000000 0.000000 -29.902261 5.953799 -9.084766 -17.283705 27.192024 -3.971830 -93.676252 -47.386499 53.077318 0.000000 0.000000 0.000000 18.143963 2.985310 0.076758 38.789297 -12.014281 -5.687985 130.648980 53.309545 99.038901 0.000000 0.000000 0.000000 
0.076359 0.978983 0.145899 -1.301927 -5.903007 -1.348319 -6.889245 -2.290985 -15.914142 2.419165 -1.229202 24.331022 -2.385491 8.649466 44.215785 0.000000 0.000000 0.000000 0.621706 -0.730476 7.416370 5.083577 1.560515 62.194657 -7.351657 -18.917597 17.525343 0.000000 0.000000 0.000000 -7.151053 0.377153 11.691747 0.019865 0.171398 21.023288 -1.347166 6.551230 -19.052701 0.614162 -1.632292 6.606569 0.000000 0.000000 0.000000 -32.376893 2.625706 -8.301681 -16.076198 21.382833 -2.914382 -100.295475 -51.336472 63.269178 0.000000 0.000000 0.000000 20.380293 1.694377 -0.469156 34.593344 -14.699165 -5.602819 114.498506 54.201026 80.849596 0.000000 0.000000 0.000000 
0.073953 0.947196 0.144829 -1.378299 -2.610235 -3.209778 -8.338031 -1.402252 -8.684101 3.631093 -1.733620 21.561405 1.814215 9.972331 24.948125 0.000000 0.000000 0.000000 -0.696891 0.235896 -2.375693 6.157673 -0.428131 83.540800 -8.689842 -20.916115 13.928736 0.000000 0.000000 0.000000 -5.918924 0.190014 14.123203 0.354232 -0.543213 21.306089 -0.718627 1.255545 -18.122750 0.911220 -0.833551 1.533621 0.000000 0.000000 0.000000 -35.676993 -2.001381 -3.969464 -16.401109 9.602692 -2.003560 -110.318748 -55.075674 78.224024 0.000000 0.000000 0.000000 19.699770 0.754112 -2.051399 30.280462 -19.429888 -5.659895 93.599190 51.574530 55.806227 0.000000 0.000000 0.000000 
0.069384 0.940586 0.139130 -2.383231 2.354439 -4.381259 -6.099856 0.229694 1.405269 4.623238 -1.952675 17.438558 -0.245522 -5.075612 -7.510166 0.000000 0.000000 0.000000 -0.971038 1.380401 -15.308383 6.868510 -5.427936 89.540510 -8.220415 -20.149402 17.129972 0.000000 0.000000 0.000000 -3.922781 -0.219130 17.794280 3.954530 -3.309700 15.182776 -2.231821 -5.570042 -12.802204 0.297506 -0.055843 -0.367883 0.000000 0.000000 0.000000 -33.830083 -5.716480 1.165843 -18.611723 -4.645682 -1.172357 -118.985437 -60.299176 94.500345 0.000000 0.000000 0.000000 19.860168 0.290966 -3.257314 23.778702 -24.857454 -5.274000 79.817430 46.815404 39.861633 0.000000 0.000000 0.000000 
0.062616 0.966812 0.136131 -3.246083 5.482205 -3.166871 -2.058967 0.994938 9.910470 5.426360 -1.688237 12.046399 -1.886598 -13.487422 -11.456354 0.000000 0.000000 0.000000 -0.100933 2.168645 -24.443790 6.257077 -5.572662 75.019384 -8.102425 -19.761070 20.381369 0.000000 0.000000 0.000000 -2.447849 -0.523788 17.754677 5.113876 -3.973888 12.319204 0.536184 -12.473351 -10.660086 -4.911407 3.859504 -0.814963 0.000000 0.000000 0.000000 -32.202340 -8.022345 5.992150 -20.435894 -13.702757 -0.838123 -130.090776 -62.955149 113.417303 0.000000 0.000000 0.000000 14.651712 0.966533 -3.172916 21.552311 -28.336803 -5.390838 76.646240 39.977199 30.011012 0.000000 0.000000 0.000000 
0.055651 0.997625 0.138618 -4.570480 6.342431 0.099495 1.983371 0.733298 13.528306 5.370089 -1.704854 12.352721 -3.005291 -13.984813 -8.850781 0.000000 0.000000 0.000000 1.744234 2.840930 -28.468265 6.155235 -3.134464 46.701756 -6.525405 -16.997251 25.168642 0.000000 0.000000 0.000000 -0.846810 -0.555861 13.498054 8.283613 -6.146457 12.944210 0.129356 -14.257278 -12.980186 -7.717062 6.618211 5.174673 0.000000 0.000000 0.000000 -29.645553 -10.043420 7.636292 -21.720131 -15.398867 -0.570436 -134.767321 -59.253918 116.972158 0.000000 0.000000 0.000000 10.017334 0.486865 -2.399343 20.186813 -32.118269 -5.683599 78.501125 37.403742 28.417781 0.000000 0.000000 0.000000 
0.049802 1.009803 0.145421 -4.008770 4.604691 2.269205 2.796517 0.719317 14.381141 4.832683 -2.604580 22.755219 -3.170152 -9.560579 -3.755424 0.000000 0.000000 0.000000 3.921419 3.325936 -27.296599 4.580889 -0.976208 26.806177 -4.396331 -14.366976 29.043891 0.000000 0.000000 0.000000 -1.017931 -0.342975 9.938351 9.098351 -6.902049 15.238736 0.696463 -14.996362 -15.403426 -10.911868 9.812510 7.987158 0.000000 0.000000 0.000000 -26.373458 -7.340878 5.846848 -23.493817 -11.572330 -1.060966 -135.821719 -53.898068 114.002161 0.000000 0.000000 0.000000 7.151780 -0.722760 -2.230273 20.674965 -32.377216 -6.010436 78.318657 36.297576 26.748921 0.000000 0.000000 0.000000 
0.044667 0.992634 0.155563 -2.484906 5.829088 1.946079 2.756383 0.561824 11.723444 4.416936 -5.479989 45.214097 -2.858792 -1.404841 8.098133 0.000000 0.000000 0.000000 5.074008 3.027396 -23.326607 3.922416 -0.743825 22.639401 -5.814855 -16.185180 33.209878 0.000000 0.000000 0.000000 -2.469513 -0.151546 8.084150 11.437398 -8.889916 16.303429 -1.715601 -13.112280 -15.216009 -11.798015 9.907851 6.815344 0.000000 0.000000 0.000000 -27.364444 -4.637726 2.887395 -23.187186 -6.177342 -1.567968 -124.770717 -46.892700 87.908702 0.000000 0.000000 0.000000 9.472465 0.131174 -2.235674 24.865986 -33.207391 -7.392261 76.332912 40.638446 30.526017 0.000000 0.000000 0.000000 
0.039701 0.950274 0.162725 -2.650518 4.363748 -0.055657 4.174723 0.182854 5.747208 1.773066 -7.105338 71.110099 -0.829051 4.011486 13.667127 0.000000 0.000000 0.000000 7.473549 3.094540 -20.225516 3.944537 -0.827046 30.206344 -8.318390 -19.504825 35.442774 0.000000 0.000000 0.000000 -3.107985 -0.103440 7.647203 8.646761 -7.086466 17.742284 0.976755 -7.608769 -13.440704 -8.908921 7.121510 5.843315 0.000000 0.000000 0.000000 -28.653029 -2.504095 0.157392 -20.753690 0.458655 -2.125844 -111.125567 -44.023787 66.646284 0.000000 0.000000 0.000000 14.895392 1.187188 -2.412260 30.768671 -30.009403 -8.525485 77.234446 49.960872 40.093307 0.000000 0.000000 0.000000 
0.036527 0.915719 0.160151 -2.993915 -0.854736 -2.846956 4.584357 -0.171378 -2.951960 -0.095075 -3.999652 90.982801 1.723555 5.415752 4.954206 0.000000 0.000000 0.000000 11.282704 2.615288 -13.899330 0.349670 1.234606 31.313858 -10.760174 -23.160801 32.569622 0.000000 0.000000 0.000000 -3.144726 -0.162605 12.037418 5.890892 -4.668684 18.804700 1.232175 0.224933 -13.286007 -9.242774 6.518959 1.034399 0.000000 0.000000 0.000000 -27.354799 -1.817332 -2.346440 -18.012973 8.838068 -2.392242 -99.008543 -40.931907 50.412564 0.000000 0.000000 0.000000 23.112680 3.548259 -0.984558 33.420970 -14.600120 -5.478346 73.246939 60.913170 48.497932 0.000000 0.000000 0.000000 
0.036629 0.915056 0.154981 -2.198607 -3.422334 -4.097829 3.912690 -0.895831 -17.132158 -0.009648 -2.155137 95.471989 4.299601 9.579941 2.186944 0.000000 0.000000 0.000000 12.074408 0.461570 -3.150136 -3.799985 1.611586 15.038997 -9.911072 -22.993090 17.332629 0.000000 0.000000 0.000000 -4.184052 -0.025099 14.061663 3.880985 -2.767961 15.768888 1.558928 7.538075 -10.197740 -7.050453 4.795085 1.257639 0.000000 0.000000 0.000000 -27.557560 -1.298885 -4.680215 -12.081365 16.690825 -1.866070 -91.173732 -34.737608 37.141142 0.000000 0.000000 0.000000 24.692975 5.858668 2.430170 34.478094 -2.366066 -3.317794 93.453846 72.264992 79.935650 0.000000 0.000000 0.000000 
0.038941 0.940210 0.154329 0.520475 -5.330257 -3.197166 1.048824 -1.990467 -28.564444 -1.571973 1.504900 82.063125 5.725377 13.205494 8.050205 0.000000 0.000000 0.000000 9.120625 -1.397654 7.024998 -5.708842 0.568907 -0.032232 -2.507846 -9.192027 8.031287 0.000000 0.000000 0.000000 -7.210520 0.398633 13.086038 1.198054 -0.755713 13.461413 3.121107 13.644043 -10.406911 -4.274152 2.287996 3.737284 0.000000 0.000000 0.000000 -23.392020 0.487352 -6.124233 -4.825164 22.554596 -0.428355 -90.220701 -26.397492 27.523911 0.000000 0.000000 0.000000 21.772944 6.964560 4.399100 37.631671 4.520114 -1.992664 127.049659 74.195029 121.037366 0.000000 0.000000 0.000000 
0.041484 0.973053 0.158890 1.589459 -7.663229 -1.641293 -1.311960 -2.585786 -31.573949 -1.557698 1.510757 55.995262 5.405245 12.932781 13.300861 0.000000 0.000000 0.000000 6.476568 -2.193797 14.572464 -5.375491 0.067726 -5.345547 1.648822 -3.035561 12.174482 0.000000 0.000000 0.000000 -8.295975 0.552328 11.389476 -1.298181 0.967611 12.139270 3.090771 19.170295 -10.975199 -1.395970 -0.348163 4.629454 0.000000 0.000000 0.000000 -17.790995 1.751235 -6.094977 -3.626067 25.981472 -0.309840 -89.006039 -21.000657 20.249534 0.000000 0.000000 0.000000 20.958865 6.709182 5.452079 36.707249 8.592566 -1.112162 139.605700 72.423975 137.452377 0.000000 0.000000 0.000000 
0.043214 0.997961 0.167587 2.022767 -4.801653 -0.485344 -5.632092 -3.598385 -27.775033 1.565703 -1.098295 27.242907 0.431016 6.373739 18.332860 0.000000 0.000000 0.000000 4.665940 -2.620414 19.517105 -3.513280 0.381842 0.473111 1.938927 -1.812226 11.674724 0.000000 0.000000 0.000000 -9.062597 0.532006 9.718933 -2.312848 1.464386 13.765266 3.601791 19.278005 -14.989536 0.128455 -2.368451 7.331344 0.000000 0.000000 0.000000 -15.852877 1.251752 -5.467161 0.276961 29.009767 0.734573 -93.230439 -18.056991 19.157802 0.000000 0.000000 0.000000 18.761644 7.269707 5.556867 38.197366 6.765689 -1.204205 141.548552 69.581657 138.172495 0.000000 0.000000 0.000000 
0.043631 0.999843 0.178008 0.940060 -3.599892 -0.130983 -6.484818 -3.115997 -22.149848 1.917709 -0.855333 14.212032 -3.115306 3.403928 24.923240 0.000000 0.000000 0.000000 4.483437 -2.872960 21.194248 -2.294151 1.354499 16.431450 0.568464 -3.706503 10.360211 0.000000 0.000000 0.000000 -8.118858 0.299812 6.402113 -0.744358 0.399026 18.543708 -0.633411 20.154206 -18.004843 1.364567 -3.912435 7.994829 0.000000 0.000000 0.000000 -12.186210 2.126815 -4.940804 -2.423375 29.007737 -0.305884 -94.968153 -22.446052 23.448331 0.000000 0.000000 0.000000 20.214930 7.313924 6.569762 35.929169 5.493240 -1.659382 136.227043 67.361551 130.130929 0.000000 0.000000 0.000000 
0.044645 0.971826 0.187863 0.313265 -1.331560 -1.734335 -7.757199 -2.673227 -17.115832 2.147394 -1.280084 20.313543 -2.461718 4.866524 25.530659 0.000000 0.000000 0.000000 3.963749 -2.721471 19.890472 1.258432 1.190646 36.694745 -1.071780 -9.039201 19.250524 0.000000 0.000000 0.000000 -8.650723 0.280458 6.884465 0.108089 -0.479782 19.166035 -0.761654 19.970768 -17.895684 3.541687 -4.930631 5.547223 0.000000 0.000000 0.000000 -15.457655 0.356862 -5.599412 -7.116838 26.080733 -1.394381 -97.149810 -29.880276 32.742348 0.000000 0.000000 0.000000 21.422110 6.710739 6.570400 33.512533 0.849796 -2.834577 125.638691 65.102305 113.732534 0.000000 0.000000 0.000000 
0.046607 0.929475 0.189192 0.697648 1.617337 -4.171336 -10.218676 -2.655252 -14.539368 3.264597 -2.528000 30.063120 -1.493225 6.828068 26.438507 0.000000 0.000000 0.000000 0.814830 -1.624740 14.490125 6.283392 -2.237582 56.640591 -2.136457 -11.334449 23.743845 0.000000 0.000000 0.000000 -9.332719 0.368586 10.900523 0.510709 -1.102089 19.060980 -0.525191 15.211061 -17.657835 2.412497 -2.080259 -1.163023 0.000000 0.000000 0.000000 -21.551578 0.957233 -7.285118 -10.909141 16.941974 -1.479647 -100.256059 -37.311414 44.200633 0.000000 0.000000 0.000000 21.365198 5.633534 4.814843 35.748399 -3.077169 -3.769688 104.849353 61.807964 83.985460 0.000000 0.000000 0.000000 
0.048275 0.899760 0.181823 0.674346 2.909053 -5.663266 -10.606573 -1.629426 -8.723963 3.643423 -2.485489 26.517427 1.488308 9.538841 20.787910 0.000000 0.000000 0.000000 -1.755140 -0.246435 2.887277 7.485669 -4.856639 73.826954 -4.664450 -14.487997 18.142528 0.000000 0.000000 0.000000 -8.371337 0.353935 15.924540 1.773989 -1.874281 15.374944 -1.314455 9.553724 -15.485253 2.130458 -1.424046 -2.609887 0.000000 0.000000 0.000000 -26.539769 -3.670257 -5.058959 -13.475127 9.317765 -1.251483 -102.682011 -46.245337 57.754777 0.000000 0.000000 0.000000 23.820065 3.561215 2.336871 32.427593 -9.409229 -4.735931 89.770957 56.655975 61.295888 0.000000 0.000000 0.000000 
0.048380 0.906101 0.173822 -0.526986 4.447789 -5.493337 -9.162377 0.340058 1.902997 4.909266 -1.434055 10.652793 1.167340 1.405340 -2.103693 0.000000 0.000000 0.000000 -2.061939 0.915704 -11.523395 8.134602 -7.189538 79.447095 -7.014584 -17.998865 12.539004 0.000000 0.000000 0.000000 -5.880609 -0.006130 17.889586 2.696136 -2.108049 9.627384 -0.703034 0.122106 -9.675924 -1.142602 1.106502 -3.988737 0.000000 0.000000 0.000000 -29.287752 -5.386181 -1.081773 -15.406455 0.486596 -1.209715 -110.464711 -56.897472 79.655532 0.000000 0.000000 0.000000 22.747526 3.751521 -0.034154 29.524782 -15.829499 -5.346904 83.684408 51.495083 48.262503 0.000000 0.000000 0.000000 
0.048109 0.936247 0.170590 -3.284024 5.652243 -3.795748 -3.942185 1.361652 11.693622 3.786108 -0.332602 -0.813296 -2.906788 -5.611520 0.825335 0.000000 0.000000 0.000000 1.059330 2.271200 -22.912323 8.022012 -6.626179 68.821669 -8.546332 -20.457191 13.868829 0.000000 0.000000 0.000000 -3.665400 -0.316644 16.515545 6.939854 -4.491587 7.757625 -1.822327 -6.735040 -9.144715 -1.932411 1.585270 -2.175052 0.000000 0.000000 0.000000 -26.120472 -5.356792 1.251500 -20.869143 -3.617847 -1.562092 -121.643832 -59.518954 97.119337 0.000000 0.000000 0.000000 18.963990 2.723045 -1.723536 23.857502 -19.122645 -4.485239 84.355771 45.885494 41.689189 0.000000 0.000000 0.000000 
0.048061 0.973770 0.171739 -4.848384 5.962426 -0.796947 -0.766783 1.336540 16.310949 4.550583 -0.426105 -0.506994 -5.877801 -8.314419 5.642470 0.000000 0.000000 0.000000 2.981908 3.124070 -28.059325 7.707986 -3.849266 45.397206 -8.637606 -20.042372 20.893809 0.000000 0.000000 0.000000 -1.691423 -0.413750 12.668906 8.107023 -5.381213 9.165523 0.687462 -11.256159 -11.585812 -6.282576 4.859856 0.036035 0.000000 0.000000 0.000000 -25.419364 -5.077626 2.839805 -22.835606 -4.576863 -1.890409 -129.703844 -56.968047 106.884633 0.000000 0.000000 0.000000 13.483455 1.079278 -2.601139 20.780688 -23.073985 -4.270265 87.689843 41.448536 37.732391 0.000000 0.000000 0.000000 
0.048416 0.999895 0.174892 -5.019181 4.904500 1.800632 0.781506 1.098355 15.736936 4.694577 -1.744572 14.569227 -5.780528 -7.582361 6.629301 0.000000 0.000000 0.000000 4.966925 3.450748 -26.556150 5.262424 -1.146159 23.576309 -4.097259 -13.768262 27.890348 0.000000 0.000000 0.000000 -1.658097 -0.251190 8.986673 10.305075 -6.815048 10.362889 0.223663 -11.205941 -12.571398 -8.291006 6.626513 3.082719 0.000000 0.000000 0.000000 -26.077638 -3.816216 2.119390 -22.942255 -4.200993 -1.925835 -128.863976 -51.249278 99.021044 0.000000 0.000000 0.000000 11.573502 1.457124 -2.081484 20.874452 -26.852192 -4.884252 89.655650 43.599475 41.251054 0.000000 0.000000 0.000000 
0.049266 0.997420 0.179439 -3.717837 4.493086 2.042824 1.126715 0.955356 13.974468 2.470792 -2.868695 33.721722 -6.309008 -3.914982 14.772599 0.000000 0.000000 0.000000 6.428541 3.241131 -22.662734 4.557949 -0.767289 19.104881 -4.442317 -14.650379 32.086773 0.000000 0.000000 0.000000 -2.016404 -0.155397 7.121459 10.458177 -7.251294 12.343632 -0.717444 -9.400626 -13.812955 -6.417624 5.053334 3.782397 0.000000 0.000000 0.000000 -25.691303 -3.621879 1.224464 -23.045602 -0.419436 -2.237696 -122.634402 -48.390086 86.188902 0.000000 0.000000 0.000000 12.691374 0.463292 -2.478375 22.164297 -28.944119 -5.534093 93.480790 45.070708 46.352140 0.000000 0.000000 0.000000 
0.048904 0.966772 0.183338 -2.728898 3.076232 0.354192 2.592488 0.564937 9.888343 -1.141239 -2.367411 53.285579 -4.608763 1.159290 21.218776 0.000000 0.000000 0.000000 7.445876 3.113981 -20.168486 4.864393 -0.934982 26.577401 -7.155934 -18.374803 35.241647 0.000000 0.000000 0.000000 -1.297773 -0.191915 6.580395 8.545574 -6.363871 14.903578 -1.492904 -6.916892 -12.492733 -6.027279 4.525291 1.279082 0.000000 0.000000 0.000000 -25.917543 -2.558405 -0.131972 -22.482579 2.282354 -2.468792 -113.849086 -48.036343 74.498428 0.000000 0.000000 0.000000 15.854964 0.683951 -2.596261 26.202877 -24.965042 -5.992218 95.130591 50.282957 53.937909 0.000000 0.000000 0.000000 
0.048737 0.928746 0.178474 -3.066839 0.829697 -1.980006 4.953637 0.123268 3.789297 -2.822800 -1.121397 69.652064 -0.814129 2.731586 10.279244 0.000000 0.000000 0.000000 9.787230 2.962535 -16.784411 3.220296 -0.123408 30.284607 -11.167387 -23.340028 33.683795 0.000000 0.000000 0.000000 -1.270085 -0.291675 9.485091 6.494249 -4.745221 14.296421 0.374420 -1.438229 -10.886425 -5.297608 3.862702 -3.058867 0.000000 0.000000 0.000000 -27.927363 -2.774651 -1.411705 -21.718167 6.623491 -2.815922 -104.375055 -48.858497 64.489605 0.000000 0.000000 0.000000 18.553973 2.325308 -1.292982 30.050968 -17.457342 -5.567796 100.088121 58.234939 68.564260 0.000000 0.000000 0.000000 
0.050853 0.910354 0.166151 -2.435590 -3.131775 -3.230090 4.690214 -0.401861 -8.344895 -3.363209 1.792263 80.398966 1.773018 4.720521 2.623722 0.000000 0.000000 0.000000 10.093175 1.746444 -10.048818 1.381001 0.625333 21.197014 -10.793323 -24.455672 15.628706 0.000000 0.000000 0.000000 -1.647622 -0.315835 13.026039 4.705965 -3.249063 14.400407 -0.212967 4.752546 -11.783468 -4.707093 3.498022 -6.285002 0.000000 0.000000 0.000000 -27.321380 -1.542020 -3.867923 -21.675147 10.051995 -2.960771 -94.575358 -48.930996 54.632928 0.000000 0.000000 0.000000 21.757950 4.769597 1.080068 31.139664 -7.906326 -3.904800 108.646659 65.745295 87.805174 0.000000 0.000000 0.000000 
0.054348 0.923845 0.156316 -0.739967 -5.120620 -2.461758 2.393689 -1.367453 -22.403535 -2.397469 2.098080 77.529422 3.078430 8.164976 6.031033 0.000000 0.000000 0.000000 8.487328 -0.205889 0.105377 -0.850778 0.371212 5.539179 -4.132674 -10.571685 1.306251 0.000000 0.000000 0.000000 -2.454920 -0.184252 13.757957 1.568711 -0.947052 9.005630 0.047961 10.354433 -7.312728 -1.591584 1.531637 -4.488544 0.000000 0.000000 0.000000 -26.969581 -0.522411 -5.704556 -20.565618 12.627450 -3.088290 -94.057471 -46.406782 50.406960 0.000000 0.000000 0.000000 21.006307 4.431344 2.340451 34.222066 -1.663203 -3.463748 127.244146 68.245073 114.719901 0.000000 0.000000 0.000000 
0.057295 0.954042 0.153824 1.439156 -5.395047 -0.590446 -1.895328 -2.841762 -30.062899 -0.431237 0.025943 59.197008 2.781364 9.104325 13.407128 0.000000 0.000000 0.000000 6.550965 -1.405415 8.229579 -3.339596 0.109611 -3.147110 -0.854726 -5.137358 6.175694 0.000000 0.000000 0.000000 -4.163759 0.061353 12.497287 0.038273 -0.031943 7.749644 -1.210876 14.751103 -9.448615 2.492098 -1.546776 -2.843922 0.000000 0.000000 0.000000 -24.329420 -0.723087 -6.370401 -18.512721 16.625569 -3.037294 -95.882210 -44.301524 48.650758 0.000000 0.000000 0.000000 19.728191 3.091605 2.651191 36.050687 0.818551 -3.116700 136.708288 65.108657 126.742352 0.000000 0.000000 0.000000 
0.058454 0.984908 0.158959 2.557380 -6.844816 1.187461 -3.029215 -2.925932 -29.240647 -0.761128 0.044616 32.478354 2.493475 9.836761 22.697324 0.000000 0.000000 0.000000 5.151688 -1.936289 13.609764 -4.662243 0.395278 -0.611312 1.035964 -2.311920 8.316904 0.000000 0.000000 0.000000 -5.441120 0.216593 9.648772 -2.215181 1.333771 8.438736 -1.432480 17.061039 -12.703061 4.541518 -4.464783 2.764562 0.000000 0.000000 0.000000 -21.183152 0.194708 -6.436076 -17.854082 19.324171 -3.194564 -98.446509 -42.617129 48.170093 0.000000 0.000000 0.000000 18.671718 3.957704 3.394610 35.134809 -0.072566 -3.091797 137.719843 61.005516 125.096743 0.000000 0.000000 0.000000 
0.058387 1.001079 0.170193 2.640837 -4.732633 1.092978 -4.552336 -3.025960 -25.097325 -1.163591 -0.089571 18.857350 -1.920734 5.054635 26.020314 0.000000 0.000000 0.000000 5.029561 -2.565381 18.303135 -4.120278 1.204449 9.604519 1.323625 -3.185643 12.175255 0.000000 0.000000 0.000000 -5.699779 0.188910 7.994678 -3.082116 1.829259 10.796956 -1.535790 16.541880 -15.802039 5.150696 -5.625603 4.993590 0.000000 0.000000 0.000000 -20.251867 -0.373282 -6.050433 -17.519601 21.310654 -3.329185 -98.423743 -39.911332 45.048973 0.000000 0.000000 0.000000 17.476449 4.081287 3.317685 34.319591 -2.745483 -3.393076 134.794797 56.878451 116.467395 0.000000 0.000000 0.000000 
0.058533 0.987837 0.183487 1.185023 -2.339140 -0.229194 -5.311994 -2.800603 -21.042113 -0.325775 -0.526878 22.327021 -3.235713 5.104039 30.504891 0.000000 0.000000 0.000000 5.596300 -2.964002 19.590049 -0.454362 1.471556 26.900565 0.128760 -8.542512 24.281525 0.000000 0.000000 0.000000 -6.601176 0.192305 7.026815 1.051980 -0.941771 16.293171 -5.816754 16.113517 -20.217533 6.455605 -6.337903 3.397101 0.000000 0.000000 0.000000 -17.517941 0.432832 -6.051148 -18.223109 20.562403 -3.383784 -99.992770 -42.248419 47.978001 0.000000 0.000000 0.000000 18.074433 4.606808 4.150087 32.068030 -5.188191 -3.628169 131.809567 55.317909 111.111123 0.000000 0.000000 0.000000 
0.060445 0.947080 0.193961 0.589550 -1.867242 -2.324718 -6.343272 -2.504197 -17.370978 0.599375 -1.119753 30.623219 0.021252 9.038030 30.702208 0.000000 0.000000 0.000000 2.510598 -1.982688 16.352883 4.721364 -0.119538 47.469630 0.483399 -9.730500 32.783995 0.000000 0.000000 0.000000 -7.111741 0.218742 8.786825 0.716833 -0.756227 15.674189 -3.517348 14.443861 -18.285976 7.356702 -5.567264 -0.751835 0.000000 0.000000 0.000000 -21.239602 -0.499982 -6.352885 -17.044620 17.399452 -2.641138 -100.008845 -44.333896 51.600076 0.000000 0.000000 0.000000 16.911915 4.148153 3.201285 32.137077 -9.224490 -4.429397 118.666120 53.721962 90.440237 0.000000 0.000000 0.000000 
0.062392 0.902922 0.192081 1.008266 -0.239104 -4.893435 -7.692268 -2.053091 -12.845913 1.094983 -1.626213 33.178051 4.023636 13.044055 24.745821 0.000000 0.000000 0.000000 -1.610815 -0.760069 9.175849 8.825194 -3.815152 66.967246 -1.651249 -10.944498 24.881864 0.000000 0.000000 0.000000 -7.402463 0.282717 13.571241 0.530404 -0.746145 14.819822 -3.019078 10.063132 -15.926546 6.850359 -3.549070 -7.046341 0.000000 0.000000 0.000000 -26.112013 -2.822402 -5.379177 -16.212164 10.615153 -1.753776 -99.885560 -49.278511 58.682475 0.000000 0.000000 0.000000 19.650541 1.836261 1.123520 30.052317 -11.433075 -4.568517 105.943031 54.464281 74.748962 0.000000 0.000000 0.000000 
0.061478 0.888989 0.180381 0.459844 -0.788712 -6.186112 -7.471237 -0.793717 -4.906291 2.350125 -1.438117 21.488685 7.157752 15.237068 4.151678 0.000000 0.000000 0.000000 -2.778858 0.305284 -3.638105 10.982396 -6.377069 79.149310 -5.496027 -15.974867 19.559405 0.000000 0.000000 0.000000 -5.751485 0.141783 17.943357 1.839172 -1.402144 10.916212 -3.699338 5.034258 -12.080814 7.005624 -3.507083 -8.437931 0.000000 0.000000 0.000000 -27.428582 -6.879076 -1.527184 -18.616071 6.131593 -1.829663 -103.517890 -57.872229 72.573706 0.000000 0.000000 0.000000 21.015597 2.364389 0.268553 29.323471 -16.327010 -5.430971 94.378318 53.315379 60.248316 0.000000 0.000000 0.000000 
0.057561 0.910239 0.169330 -1.209839 -0.763164 -4.696767 -5.738320 0.502070 3.474115 3.939953 -0.904036 6.679180 3.616088 6.329037 -4.201698 0.000000 0.000000 0.000000 -2.073159 1.549321 -18.190806 12.245716 -7.647620 77.332762 -7.575450 -19.127715 18.394250 0.000000 0.000000 0.000000 -2.844323 -0.307687 19.392059 2.729313 -1.578042 4.205270 -2.825571 -2.487778 -5.723081 4.999334 -2.460849 -10.071638 0.000000 0.000000 0.000000 -26.162572 -6.758881 1.647053 -22.150037 0.331058 -2.246460 -116.719198 -64.170521 95.873319 0.000000 0.000000 0.000000 19.789080 2.807284 -1.227497 28.792938 -19.963440 -6.063351 86.946098 50.171580 48.245738 0.000000 0.000000 0.000000 
0.051446 0.947147 0.165155 -4.165134 -1.349570 -2.416810 -1.323907 1.227748 11.663503 3.601617 -0.210659 -2.950786 -0.153887 1.198936 3.480307 0.000000 0.000000 0.000000 1.744749 3.168036 -26.613516 11.722542 -5.452362 61.341682 -9.135370 -21.514649 20.907685 0.000000 0.000000 0.000000 -0.050375 -0.701825 17.472291 5.533142 -3.123921 5.117700 -2.753518 -7.675811 -7.778578 3.186995 -1.489048 -9.994465 0.000000 0.000000 0.000000 -21.337083 -5.640240 2.564410 -28.976182 -0.576032 -3.030848 -128.802346 -61.753691 110.575305 0.000000 0.000000 0.000000 16.533525 2.400583 -2.213903 27.797741 -22.104297 -6.007031 86.068532 46.142986 41.754846 0.000000 0.000000 0.000000 
0.044575 0.983062 0.167604 -5.208554 -1.811467 0.085562 0.851732 1.370906 15.792731 3.321944 -0.396631 0.387993 -2.177473 -1.374959 6.643404 0.000000 0.000000 0.000000 4.438576 3.867796 -27.294613 7.774323 -1.738094 37.639326 -6.333407 -17.690881 23.897118 0.000000 0.000000 0.000000 1.101807 -0.719575 14.098026 6.923133 -3.952237 6.523942 -1.067368 -10.621226 -9.620608 -0.172164 0.463813 -10.056344 0.000000 0.000000 0.000000 -20.286372 -5.463066 3.399159 -31.214653 0.065601 -3.529015 -133.890729 -57.024129 114.468660 0.000000 0.000000 0.000000 13.647600 0.828243 -3.053628 28.219993 -23.865254 -6.421185 83.890414 42.822787 35.568773 0.000000 0.000000 0.000000 
0.037793 0.998376 0.172608 -5.125537 -3.805108 1.638775 1.461054 1.327657 15.402859 1.513295 -0.848858 16.750796 -1.483552 0.432790 8.339341 0.000000 0.000000 0.000000 7.351179 3.857741 -23.323350 2.791454 0.222630 20.229079 -3.020148 -14.183000 29.419403 0.000000 0.000000 0.000000 1.273074 -0.552208 10.513515 8.141982 -4.845193 9.993086 -1.691909 -10.456907 -11.845936 -1.503996 1.322356 -6.002167 0.000000 0.000000 0.000000 -19.164673 -4.313100 2.647877 -32.846628 1.650617 -3.858178 -132.487314 -52.952078 108.044071 0.000000 0.000000 0.000000 12.172768 1.038689 -2.691300 31.619492 -24.944858 -7.578205 80.068871 45.413613 35.437090 0.000000 0.000000 0.000000 
0.030434 0.985663 0.177273 -4.617217 -3.691547 0.908977 1.825911 1.042705 12.816826 0.947214 -1.199676 36.166286 -1.620562 3.380357 17.300833 0.000000 0.000000 0.000000 8.845582 3.265112 -18.904424 2.263490 0.403939 21.190874 -5.133675 -17.393206 37.589123 0.000000 0.000000 0.000000 1.304676 -0.496797 9.361449 8.393301 -5.160967 11.361314 -2.378133 -9.243969 -11.592736 -0.344464 0.587724 -5.984891 0.000000 0.000000 0.000000 -19.666600 -4.409612 2.342795 -33.084113 3.773383 -4.305609 -127.738395 -51.074092 98.058108 0.000000 0.000000 0.000000 14.116048 1.291148 -2.798719 34.984666 -25.866723 -8.817522 76.819070 48.653479 36.946100 0.000000 0.000000 0.000000 
0.021648 0.947938 0.176442 -4.538504 -5.672090 -0.998082 3.515349 0.490764 7.126746 0.167898 -0.397395 55.124045 -0.766103 6.197540 23.088513 0.000000 0.000000 0.000000 10.602269 2.939224 -15.789758 2.222727 0.943969 28.995063 -10.876863 -23.313514 45.730163 0.000000 0.000000 0.000000 1.899935 -0.582928 10.407128 6.416919 -3.978598 12.908326 -1.856600 -6.471852 -9.945694 0.463676 0.175509 -9.625906 0.000000 0.000000 0.000000 -21.292011 -2.532093 0.837285 -32.829443 5.647123 -4.705011 -121.716125 -49.560722 87.082683 0.000000 0.000000 0.000000 17.625566 1.511415 -3.021203 37.828916 -20.471628 -8.083653 72.484272 54.604181 39.944519 0.000000 0.000000 0.000000 
0.013951 0.911349 0.165688 -5.076696 -7.783087 -3.278680 5.114084 0.021206 -0.988191 0.513648 0.494808 69.329189 1.423676 7.216921 13.886533 0.000000 0.000000 0.000000 12.262983 2.110506 -10.885138 1.635834 1.294830 28.188636 -24.106873 -33.044856 53.491701 0.000000 0.000000 0.000000 1.179379 -0.627256 14.207759 4.429713 -2.604631 11.743327 0.216473 -1.501123 -8.732082 -0.003362 0.672470 -11.870995 0.000000 0.000000 0.000000 -25.400669 -2.119177 -0.487330 -30.501922 8.552717 -4.888706 -113.143150 -51.649627 77.825478 0.000000 0.000000 0.000000 20.003675 3.365869 -1.638563 39.373962 -13.122249 -6.385329 70.426307 62.255462 46.073733 0.000000 0.000000 0.000000 
0.008840 0.899579 0.152335 -4.056893 -10.205115 -3.304494 5.372519 -0.366889 -13.968577 0.655388 2.049152 75.451312 2.969098 8.383142 8.021234 0.000000 0.000000 0.000000 10.413416 0.695427 -4.798842 2.488540 0.672928 20.472797 -14.838916 -30.300230 17.759270 0.000000 0.000000 0.000000 -0.073433 -0.457995 16.388676 2.579212 -1.318728 10.420311 0.459582 3.696337 -8.763388 -0.373531 1.118041 -12.293397 0.000000 0.000000 0.000000 -27.764580 -0.788542 -2.887503 -28.512719 11.147137 -4.772079 -102.928840 -52.300796 66.663459 0.000000 0.000000 0.000000 21.516497 4.149590 -0.285545 40.714110 -5.264130 -4.394167 77.130685 67.882846 57.942940 0.000000 0.000000 0.000000 
0.004728 0.913947 0.144440 -2.683469 -11.837471 -1.937375 3.645231 -0.757325 -24.234278 0.266991 2.517521 66.009775 4.524998 10.762168 7.647849 0.000000 0.000000 0.000000 8.200705 -0.811846 3.683358 1.409023 0.335052 10.330258 -3.797412 -6.365192 -5.206497 0.000000 0.000000 0.000000 -1.762592 -0.152603 16.396853 0.786676 -0.257175 6.796019 0.237703 8.396003 -7.452452 2.445520 -0.723157 -9.080615 0.000000 0.000000 0.000000 -28.105653 2.053480 -5.849999 -26.169758 14.675616 -4.816532 -103.385820 -48.165777 61.305753 0.000000 0.000000 0.000000 21.064710 2.936599 0.126367 43.427835 -1.201094 -3.738391 102.521307 70.366868 86.307999 0.000000 0.000000 0.000000 
-0.000317 0.942117 0.144930 -1.101299 -14.614187 -0.214866 1.444836 -1.100107 -25.756467 -2.207111 2.842785 43.113936 9.453564 18.468231 11.976282 0.000000 0.000000 0.000000 4.736032 -1.315953 10.083122 -0.430261 0.461720 7.366143 0.536272 5.452486 -4.736285 0.000000 0.000000 0.000000 -3.057592 0.082801 14.761424 -0.739170 0.721254 6.696587 -1.639517 13.578510 -11.651350 4.329207 -3.090837 -1.608497 0.000000 0.000000 0.000000 -26.553421 1.076768 -6.588265 -24.633227 20.542353 -5.122932 -101.648092 -45.065425 55.087286 0.000000 0.000000 0.000000 22.829810 1.668266 0.560294 43.525431 1.511517 -2.851978 119.152573 68.718447 105.001825 0.000000 0.000000 0.000000 
-0.006466 0.968840 0.150752 -0.366088 -16.031760 0.851565 0.639839 -1.169932 -23.187690 -3.526186 1.222391 18.065879 7.539997 14.846089 20.434499 0.000000 0.000000 0.000000 4.408826 -1.436551 12.217827 -3.583752 1.526560 12.723291 1.541213 5.758056 -2.169357 0.000000 0.000000 0.000000 -3.777287 0.118226 10.642873 -2.513868 1.979090 8.811367 -1.163541 13.062816 -14.082218 3.556417 -2.627390 -1.076319 0.000000 0.000000 0.000000 -23.298850 4.962907 -7.576951 -28.981534 24.347311 -7.119840 -103.636898 -42.903626 53.908933 0.000000 0.000000 0.000000 21.172610 3.764205 1.379928 44.824078 2.820473 -2.092138 119.470048 66.669857 102.310954 0.000000 0.000000 0.000000 
-0.012720 0.974972 0.157197 0.869027 -12.418760 -0.204431 -3.921022 -2.123515 -20.296388 -0.306010 -0.061728 9.547214 0.495159 6.314010 24.645205 0.000000 0.000000 0.000000 3.434135 -1.540034 14.194542 -1.640523 2.000025 21.391239 2.230433 1.666977 5.127332 0.000000 0.000000 0.000000 -4.267235 0.124309 10.399521 -2.413399 1.718808 8.425657 -1.728218 11.297605 -12.911222 6.269175 -4.673607 -0.419397 0.000000 0.000000 0.000000 -21.543986 3.263511 -6.202042 -29.351315 23.642113 -7.146785 -103.536500 -43.649137 54.550785 0.000000 0.000000 0.000000 24.472643 3.797517 1.445438 42.327243 1.788194 -2.571658 117.961492 64.373062 97.920807 0.000000 0.000000 0.000000 
