# Blender v2.79 (sub 0) OBJ File: ''
# www.blender.org
mtllib 1.mtl
o 1.001
v 0.172586 -0.231084 -0.079729
v 0.173849 -0.235924 -0.072128
v 0.146090 -0.232552 -0.077469
v 0.175016 -0.241116 -0.064135
v 0.147617 -0.238893 -0.066906
v 0.176320 -0.246440 -0.056422
v 0.149380 -0.244218 -0.058910
v 0.122071 -0.242779 -0.064396
v 0.151188 -0.249499 -0.051835
v 0.124161 -0.247776 -0.056691
v 0.094940 -0.237979 -0.059851
v 0.126254 -0.252937 -0.049216
v 0.101592 -0.256206 -0.046548
v 0.099277 -0.250982 -0.054416
v 0.077042 -0.259691 -0.042653
v 0.074946 -0.254559 -0.049989
v 0.079239 -0.265264 -0.035504
v 0.048213 -0.248356 -0.029735
v 0.073273 -0.249750 -0.057439
v 0.055096 -0.268922 -0.031902
v 0.050530 -0.258613 -0.045370
v 0.033323 -0.277881 -0.023640
v 0.052782 -0.263469 -0.038503
v 0.021973 -0.253640 -0.035719
v 0.030821 -0.272392 -0.029706
v 0.025584 -0.262504 -0.040759
v 0.008603 -0.281148 -0.022037
v 0.005872 -0.275805 -0.027852
v 0.000214 -0.265478 -0.037937
v 0.028287 -0.267148 -0.035460
v -0.015599 -0.284548 -0.020842
v -0.002339 -0.258668 -0.034266
v -0.005708 -0.248284 -0.023791
v 0.003070 -0.270465 -0.033186
v -0.008615 -0.240577 -0.021030
v -0.027160 -0.265180 -0.047803
v -0.021338 -0.274528 -0.033153
v -0.018411 -0.279603 -0.026990
v -0.033301 -0.234721 -0.006843
v -0.030897 -0.245156 -0.024646
v -0.024248 -0.269713 -0.040093
v -0.044487 -0.278659 -0.032100
v -0.009539 -0.223257 0.021433
v -0.053692 -0.263170 -0.053310
v -0.047456 -0.273596 -0.038989
v -0.068411 -0.282413 -0.031640
v -0.056896 -0.239637 -0.009573
v -0.035416 -0.223404 0.011735
v -0.056580 -0.257481 -0.061376
v -0.050552 -0.268305 -0.046339
v -0.071549 -0.277261 -0.038638
v -0.059634 -0.230545 -0.001803
v -0.037782 -0.213144 0.027432
v -0.077860 -0.266584 -0.055176
v -0.030364 -0.259844 -0.054101
v -0.074790 -0.271825 -0.046700
v -0.062654 -0.222941 0.003779
v -0.063323 -0.212182 0.022234
v -0.012279 -0.212945 0.040951
v -0.081045 -0.261164 -0.064136
v -0.080111 -0.229842 0.024822
v -0.082445 -0.222116 0.028755
v -0.064851 -0.202690 0.036126
v -0.039939 -0.203543 0.042232
v 0.015842 -0.223694 0.033283
v -0.098849 -0.275372 -0.045543
v -0.102338 -0.269933 -0.053471
v -0.084443 -0.255473 -0.072518
v -0.105690 -0.216168 0.048355
v -0.066811 -0.193898 0.046764
v -0.041976 -0.194754 0.054315
v -0.014748 -0.203858 0.051812
v 0.012762 -0.214953 0.041954
v 0.018939 -0.233571 0.022457
v -0.105682 -0.264618 -0.061310
v -0.109334 -0.259054 -0.069183
v -0.107579 -0.206973 0.057575
v -0.068840 -0.186083 0.055451
v -0.017100 -0.195575 0.061116
v 0.010033 -0.206947 0.048893
v 0.032580 -0.203153 0.050781
v 0.035549 -0.211565 0.040965
v 0.041464 -0.227998 0.028765
v -0.134624 -0.262708 -0.066637
v -0.112845 -0.253628 -0.077335
v -0.134891 -0.199446 0.052087
v -0.109680 -0.199735 0.061539
v -0.044023 -0.186732 0.063875
v -0.019340 -0.187768 0.069272
v 0.007352 -0.199010 0.056887
v 0.029927 -0.195942 0.055994
v 0.054654 -0.199550 0.048805
v 0.057719 -0.207988 0.040012
v -0.138529 -0.257296 -0.073580
v -0.115628 -0.247701 -0.086420
v -0.113711 -0.196508 0.036759
v -0.135781 -0.190977 0.064340
v -0.070775 -0.178491 0.062702
v -0.046154 -0.179039 0.071818
v -0.021594 -0.180353 0.076258
v 0.004764 -0.191151 0.064980
v 0.027205 -0.187721 0.065193
v 0.048913 -0.184164 0.064785
v 0.051749 -0.191815 0.057000
v 0.073914 -0.188609 0.054034
v 0.077173 -0.196917 0.044532
v 0.061033 -0.216853 0.028365
v -0.141886 -0.251553 -0.080290
v -0.145273 -0.245737 -0.087004
v -0.090809 -0.203236 0.024096
v -0.116484 -0.190732 0.038287
v -0.136940 -0.183210 0.073342
v -0.096379 -0.178179 0.052184
v -0.072673 -0.171319 0.068686
v -0.023830 -0.173082 0.082506
v 0.002271 -0.183318 0.073337
v 0.024451 -0.179753 0.074021
v 0.046023 -0.176480 0.072739
v 0.067835 -0.173154 0.070417
v 0.070818 -0.180780 0.062196
v 0.093624 -0.178263 0.056796
v 0.097067 -0.186207 0.047684
v 0.080344 -0.205524 0.035032
v 0.084303 -0.215122 0.023133
v 0.064959 -0.227262 0.014984
v -0.166061 -0.255423 -0.077911
v -0.169974 -0.249897 -0.084770
v -0.148615 -0.239830 -0.094443
v -0.088415 -0.211080 0.015040
v -0.092617 -0.194195 0.035130
v -0.118902 -0.183780 0.043522
v -0.098346 -0.170894 0.058054
v -0.074682 -0.164289 0.073707
v -0.048199 -0.171794 0.077673
v -0.026067 -0.165948 0.088330
v -0.000156 -0.175906 0.080440
v 0.021736 -0.172080 0.081684
v 0.043197 -0.168880 0.080027
v 0.064975 -0.165790 0.077147
v 0.087295 -0.163557 0.071874
v 0.090233 -0.170412 0.066032
v 0.113950 -0.169516 0.056114
v 0.119473 -0.182702 0.049832
v 0.100071 -0.193804 0.042294
v 0.104010 -0.203672 0.026055
v 0.110704 -0.216679 -0.005858
v -0.174255 -0.244487 -0.092114
v -0.085175 -0.216296 0.020313
v -0.094519 -0.185943 0.044584
v -0.120803 -0.176209 0.050178
v -0.122757 -0.168823 0.056358
v -0.100329 -0.163795 0.063079
v -0.050274 -0.164796 0.082588
v -0.028348 -0.159181 0.092741
v -0.002527 -0.168669 0.086565
v 0.019115 -0.164898 0.087927
v 0.040417 -0.161478 0.086882
v 0.062059 -0.158467 0.084080
v 0.084351 -0.156819 0.077166
v 0.103592 -0.146454 0.080439
v 0.110106 -0.161296 0.065248
v 0.136318 -0.165401 0.055447
v 0.139194 -0.171768 0.054383
v 0.122997 -0.190404 0.042814
v 0.129550 -0.202354 0.011792
v 0.135009 -0.213157 -0.002564
v -0.151452 -0.233381 -0.100660
v -0.124742 -0.161696 0.061597
v -0.076736 -0.157398 0.078025
v -0.052330 -0.157945 0.086842
v -0.030666 -0.152609 0.096331
v -0.007147 -0.154696 0.097690
v -0.004838 -0.161620 0.092204
v 0.016521 -0.157837 0.093725
v 0.037714 -0.154394 0.093008
v 0.059263 -0.151387 0.090222
v 0.081146 -0.148767 0.086185
v 0.100364 -0.138815 0.087523
v 0.107032 -0.154391 0.070216
v 0.126581 -0.144172 0.070869
v 0.151969 -0.147828 0.063483
v 0.155092 -0.154353 0.060471
v 0.142347 -0.179383 0.045462
v 0.149605 -0.192842 0.014808
v 0.154060 -0.201347 0.004981
v 0.158384 -0.209999 -0.001789
v 0.114122 -0.225955 -0.012058
v -0.178179 -0.238819 -0.099287
v -0.181558 -0.232940 -0.105725
v -0.138482 -0.175742 0.081187
v -0.102460 -0.156827 0.067271
v -0.054360 -0.151303 0.090549
v -0.032895 -0.146184 0.099469
v -0.009344 -0.147989 0.103052
v 0.011659 -0.144318 0.103856
v 0.014051 -0.151013 0.098876
v 0.035112 -0.147523 0.098532
v 0.056546 -0.144256 0.096707
v 0.078315 -0.141387 0.093395
v 0.097241 -0.131497 0.095066
v 0.119697 -0.128903 0.086228
v 0.122801 -0.136381 0.078884
v 0.139691 -0.119965 0.079482
v 0.173286 -0.142913 0.071706
v 0.158803 -0.161618 0.054150
v 0.163344 -0.169899 0.044025
v 0.171273 -0.181385 0.012472
v 0.178679 -0.193903 -0.013016
v -0.190377 -0.210386 -0.101869
v -0.126804 -0.154714 0.065933
v -0.078849 -0.150667 0.081735
v -0.056436 -0.144848 0.093741
v -0.035120 -0.139901 0.102147
v -0.011568 -0.141720 0.105846
v 0.009302 -0.137692 0.108610
v 0.032618 -0.140797 0.103881
v 0.053913 -0.137428 0.102340
v 0.075551 -0.134327 0.100021
v 0.094314 -0.124594 0.101306
v 0.116520 -0.121856 0.093390
v 0.165195 -0.126754 0.092225
v 0.168472 -0.133895 0.085934
v 0.180075 -0.152717 0.048759
v 0.189147 -0.164002 0.019784
v 0.196581 -0.175472 -0.010848
v -0.104651 -0.149990 0.070976
v -0.081045 -0.144079 0.085003
v -0.058557 -0.138485 0.096432
v -0.037372 -0.133611 0.104720
v -0.013866 -0.135318 0.109062
v 0.006930 -0.131166 0.113186
v 0.027922 -0.127597 0.112964
v 0.030260 -0.134148 0.108676
v 0.051385 -0.130734 0.107129
v 0.072825 -0.127546 0.104769
v 0.091492 -0.117986 0.105837
v 0.113267 -0.115088 0.100291
v 0.132576 -0.105926 0.094695
v 0.135989 -0.112639 0.088423
v 0.161514 -0.120061 0.097887
v 0.178015 -0.104723 0.096902
v 0.144969 -0.129189 0.063550
v 0.193426 -0.133144 0.069116
v 0.197217 -0.140815 0.065691
v 0.203328 -0.151086 0.051918
v -0.128864 -0.147844 0.069354
v -0.106911 -0.143237 0.074208
v -0.083276 -0.137612 0.088050
v -0.060690 -0.132251 0.099166
v -0.016102 -0.128959 0.112096
v 0.004739 -0.125017 0.115702
v 0.025484 -0.121152 0.116870
v 0.046439 -0.117779 0.115687
v 0.048914 -0.124195 0.111517
v 0.070122 -0.120959 0.109268
v 0.088743 -0.111542 0.110045
v 0.110277 -0.108658 0.104620
v 0.129593 -0.099500 0.099802
v 0.158300 -0.113617 0.103268
v 0.174133 -0.097901 0.104584
v 0.182004 -0.111626 0.089200
v 0.146582 -0.135849 0.061269
v 0.190120 -0.126133 0.073336
v 0.210452 -0.116780 0.069988
v 0.216789 -0.125927 0.054582
v -0.109103 -0.136630 0.077160
v -0.085569 -0.131204 0.090650
v -0.062929 -0.126005 0.101646
v -0.039613 -0.127338 0.107226
v -0.018258 -0.122820 0.114487
v 0.002443 -0.118604 0.118610
v 0.023077 -0.114789 0.120737
v 0.043972 -0.111453 0.119436
v 0.067445 -0.114521 0.113541
v 0.086064 -0.105219 0.113894
v 0.107435 -0.102358 0.108438
v 0.126583 -0.093223 0.104496
v 0.155773 -0.107109 0.105325
v 0.170322 -0.091256 0.112069
v 0.189962 -0.082615 0.107069
v 0.193746 -0.089117 0.100211
v 0.197705 -0.095739 0.093184
v 0.186100 -0.118792 0.081207
v 0.132284 -0.153347 0.056247
v 0.152955 -0.097787 0.081846
v 0.205907 -0.109417 0.078451
v 0.225624 -0.089353 0.059642
v 0.232833 -0.097765 0.038825
v -0.148650 -0.155504 0.080552
v -0.130902 -0.141015 0.072267
v -0.111176 -0.130103 0.079908
v -0.065186 -0.119804 0.103806
v -0.041750 -0.121165 0.109838
v -0.020598 -0.116950 0.115153
v 0.000211 -0.112519 0.120951
v 0.020811 -0.108860 0.122126
v 0.041512 -0.105128 0.122840
v 0.064846 -0.108231 0.117461
v 0.083483 -0.099048 0.117435
v 0.104665 -0.096133 0.112036
v 0.123736 -0.087085 0.107981
v 0.153470 -0.101250 0.104278
v 0.166727 -0.084748 0.119163
v 0.186092 -0.076186 0.114278
v 0.204460 -0.061826 0.107398
v 0.208544 -0.068197 0.099198
v 0.213030 -0.074751 0.090652
v 0.201805 -0.102495 0.085984
v 0.218575 -0.081718 0.077968
v 0.134096 -0.159372 0.055670
v 0.238462 -0.061795 0.059399
v 0.244720 -0.068913 0.045881
v -0.143637 -0.147148 0.110758
v -0.132934 -0.134356 0.074903
v -0.113173 -0.123662 0.082418
v -0.087893 -0.124844 0.092370
v -0.067479 -0.113649 0.105505
v -0.043857 -0.115122 0.111562
v -0.022916 -0.110789 0.117366
v -0.002098 -0.106796 0.120959
v 0.018455 -0.102640 0.124714
v 0.039126 -0.099128 0.125101
v 0.062325 -0.102044 0.120914
v 0.080948 -0.092956 0.120728
v 0.101939 -0.089974 0.115368
v 0.121045 -0.080988 0.111021
v 0.143875 -0.078459 0.099694
v 0.163336 -0.078423 0.126101
v 0.182022 -0.069823 0.122172
v 0.200058 -0.055085 0.117151
v 0.223233 -0.041769 0.090124
v 0.228196 -0.048348 0.079968
v 0.233044 -0.055044 0.069849
v 0.117633 -0.177172 0.047001
v 0.247182 -0.021350 0.055261
v 0.253604 -0.028317 0.041703
v 0.251439 -0.076669 0.029185
v -0.135001 -0.127902 0.077221
v -0.090163 -0.118580 0.093865
v -0.069789 -0.107567 0.106831
v -0.046011 -0.109035 0.113492
v -0.025179 -0.104732 0.119253
v -0.004374 -0.100881 0.122143
v 0.016136 -0.096967 0.125243
v 0.034479 -0.087406 0.128345
v 0.036769 -0.093139 0.127104
v 0.059830 -0.095897 0.124125
v 0.078431 -0.087006 0.123414
v 0.099332 -0.083918 0.118171
v 0.118327 -0.074927 0.113916
v 0.140913 -0.072257 0.103670
v 0.156209 -0.056953 0.100875
v 0.147001 -0.084745 0.094772
v 0.177655 -0.063177 0.132467
v 0.194980 -0.048528 0.129802
v 0.218662 -0.035392 0.099133
v 0.236219 -0.008217 0.078034
v 0.241447 -0.014706 0.067468
v 0.260981 -0.035377 0.024355
v 0.267470 -0.042275 0.007220
v 0.241541 -0.107807 0.008819
v -0.154065 -0.138910 0.068715
v -0.115164 -0.117352 0.084556
v -0.092370 -0.112407 0.095117
v -0.072052 -0.101604 0.108226
v -0.048215 -0.102947 0.115385
v -0.027436 -0.098747 0.120997
v -0.006625 -0.094924 0.124062
v 0.013888 -0.091178 0.125873
v 0.011684 -0.085269 0.127795
v 0.055043 -0.084104 0.128034
v 0.057402 -0.089806 0.127139
v 0.075929 -0.081029 0.126056
v 0.096775 -0.077859 0.120959
v 0.115704 -0.068896 0.116577
v 0.138110 -0.066144 0.107213
v 0.150050 -0.091165 0.088578
v 0.159830 -0.072084 0.133523
v 0.173534 -0.056105 0.144282
v 0.191293 -0.042180 0.136717
v 0.214605 -0.029167 0.106060
v 0.232053 -0.001904 0.085456
v 0.261661 -0.086218 -0.001601
v 0.250953 -0.118606 -0.025494
v -0.137076 -0.121565 0.079141
v -0.117201 -0.111093 0.086357
v -0.094647 -0.106376 0.096281
v -0.074211 -0.095676 0.109218
v -0.050413 -0.096972 0.116658
v -0.029606 -0.092802 0.122428
v -0.008908 -0.088993 0.125734
v 0.032179 -0.081689 0.128832
v 0.052630 -0.078340 0.129143
v 0.073617 -0.075232 0.127268
v 0.091753 -0.065947 0.125227
v 0.094204 -0.071820 0.123526
v 0.113112 -0.062884 0.119008
v 0.135339 -0.060075 0.109911
v 0.157051 -0.066053 0.138847
v 0.170352 -0.050200 0.150115
v 0.187514 -0.036458 0.143304
v 0.211278 -0.023110 0.110083
v 0.228631 0.004251 0.090399
v 0.272815 -0.048946 -0.005554
v 0.271672 -0.102492 -0.030160
v -0.157255 -0.132524 0.068548
v -0.139133 -0.115326 0.080678
v -0.096841 -0.100398 0.097568
v -0.076373 -0.089697 0.110311
v -0.052681 -0.091103 0.117452
v -0.031819 -0.086942 0.123652
v -0.011265 -0.083128 0.127050
v 0.009507 -0.079453 0.129349
v 0.029887 -0.075860 0.130416
v 0.050316 -0.072570 0.130409
v 0.071197 -0.069261 0.128813
v 0.089336 -0.060040 0.126761
v 0.110491 -0.056896 0.121161
v 0.129925 -0.048099 0.114633
v 0.132578 -0.054038 0.112509
v 0.151679 -0.045238 0.104113
v 0.154119 -0.050972 0.102137
v 0.154105 -0.059995 0.140939
v 0.183686 -0.030477 0.149781
v 0.208223 -0.017219 0.113143
v 0.225596 0.010342 0.093310
v 0.281430 -0.063832 -0.018399
v 0.267294 -0.091944 -0.033249
v -0.181476 -0.129764 0.081420
v -0.159873 -0.126607 0.068826
v -0.162288 -0.120577 0.069173
v -0.119255 -0.104913 0.087766
v -0.099103 -0.094454 0.098359
v -0.078578 -0.083840 0.110893
v -0.054985 -0.085265 0.118139
v -0.034015 -0.081154 0.124691
v -0.013529 -0.077320 0.128678
v 0.007249 -0.073664 0.130778
v 0.027619 -0.070041 0.131820
v 0.048073 -0.066744 0.131659
v 0.068791 -0.063250 0.130144
v 0.086871 -0.054115 0.128142
v 0.107942 -0.050985 0.123075
v 0.127310 -0.042224 0.116430
v 0.146946 -0.033535 0.108191
v 0.149396 -0.039436 0.106133
v 0.164624 -0.018539 0.107906
v 0.167548 -0.044636 0.153533
v 0.164838 -0.039205 0.156583
v 0.204835 -0.011386 0.116998
v 0.201447 -0.005502 0.121006
v 0.278618 -0.056689 -0.018690
v -0.180025 -0.136885 0.074702
v -0.164934 -0.114276 0.069577
v -0.141212 -0.109129 0.081909
v -0.121328 -0.098810 0.088889
v -0.101476 -0.088514 0.098427
v -0.080851 -0.077972 0.111009
v -0.057261 -0.079464 0.118603
v -0.036229 -0.075418 0.125329
v -0.015755 -0.071604 0.129295
v 0.004927 -0.067911 0.131691
v 0.025341 -0.064259 0.132654
v 0.045809 -0.060925 0.132789
v 0.066431 -0.057321 0.131236
v 0.084511 -0.048275 0.129300
v 0.105572 -0.045233 0.124236
v 0.124728 -0.036397 0.118037
v 0.144306 -0.027625 0.110343
v 0.161884 -0.033662 0.159547
v 0.180696 -0.024922 0.153636
v 0.198421 0.000457 0.124935
v 0.222944 0.016277 0.094673
v -0.178734 -0.144876 0.066036
v -0.184431 -0.123712 0.080096
v -0.186138 -0.117374 0.081970
v -0.143408 -0.103079 0.082769
v -0.123525 -0.092772 0.089757
v -0.103836 -0.082628 0.098391
v -0.083231 -0.072071 0.110951
v -0.059442 -0.073604 0.119314
v -0.038478 -0.069615 0.125750
v -0.017959 -0.065826 0.130324
v 0.002590 -0.062148 0.132118
v 0.023047 -0.058484 0.133196
v 0.043488 -0.055057 0.133533
v 0.064133 -0.051509 0.132049
v 0.082183 -0.042529 0.130317
v 0.103143 -0.039469 0.125393
v 0.122205 -0.030650 0.118993
v 0.141718 -0.021741 0.112296
v 0.139205 -0.015932 0.113357
v 0.177691 -0.019553 0.157149
v 0.195646 0.006312 0.128608
v 0.220334 0.022260 0.094990
v -0.177317 -0.152853 0.058003
v -0.167477 -0.107963 0.069174
v -0.145653 -0.097079 0.083214
v -0.125780 -0.086731 0.090371
v -0.106189 -0.076611 0.098671
v -0.061705 -0.067735 0.119865
v -0.040735 -0.063756 0.126046
v -0.020199 -0.060025 0.130782
v 0.000234 -0.056383 0.132434
v 0.020736 -0.052755 0.133278
v 0.041158 -0.049206 0.134071
v 0.061774 -0.045794 0.133031
v 0.079846 -0.036841 0.131164
v 0.100670 -0.033751 0.126479
v 0.119626 -0.024844 0.120329
v 0.136460 -0.010081 0.114895
v 0.152828 0.004851 0.108483
v 0.174747 -0.014324 0.161258
v 0.191798 0.011571 0.135303
v 0.217523 0.028329 0.094615
v -0.175917 -0.160126 0.051897
v -0.169820 -0.101778 0.069132
v -0.148007 -0.091044 0.083411
v -0.128043 -0.080654 0.090842
v -0.085658 -0.066241 0.110656
v -0.064019 -0.061889 0.120148
v -0.042941 -0.057976 0.126132
v -0.022459 -0.054276 0.130502
v -0.002084 -0.050637 0.132323
v 0.018474 -0.047096 0.133180
v 0.038834 -0.043365 0.134423
v 0.059463 -0.040140 0.133680
v 0.077521 -0.031145 0.131801
v 0.098291 -0.028016 0.127351
v 0.117175 -0.019101 0.121248
v 0.133933 -0.004283 0.115822
v 0.131562 0.001419 0.116219
v 0.171391 0.024691 0.093485
v 0.159183 -0.028143 0.162306
v 0.171694 -0.008775 0.166886
v -0.188544 -0.111134 0.082866
v -0.171937 -0.095594 0.069517
v -0.150399 -0.084966 0.083389
v -0.108544 -0.070604 0.098766
v -0.088259 -0.060443 0.109978
v -0.066430 -0.056125 0.119916
v -0.045154 -0.052256 0.125928
v -0.024755 -0.048556 0.129946
v -0.004366 -0.044991 0.131911
v 0.016171 -0.041407 0.133216
v 0.036529 -0.037799 0.134133
v 0.057104 -0.034463 0.134084
v 0.075229 -0.025461 0.132282
v 0.095947 -0.022290 0.127954
v 0.114791 -0.013257 0.121938
v 0.112456 -0.007454 0.122526
v 0.129259 0.007059 0.116125
v 0.150879 0.010591 0.109006
v 0.148523 0.016542 0.110061
v 0.164660 -0.002460 0.189665
v -0.190622 -0.104636 0.084619
v -0.152781 -0.078826 0.083244
v -0.130320 -0.074576 0.091046
v -0.110909 -0.064668 0.098646
v -0.090887 -0.054658 0.109235
v -0.068853 -0.050403 0.119695
v -0.047407 -0.046570 0.126179
v -0.027058 -0.042878 0.129335
v -0.006709 -0.039356 0.131314
v 0.013883 -0.035805 0.132538
v 0.034156 -0.032127 0.134040
v 0.054776 -0.028787 0.134127
v 0.072978 -0.019806 0.132620
v 0.093706 -0.016624 0.128236
v 0.091508 -0.010876 0.128183
v 0.110342 -0.001737 0.121357
v 0.145984 0.022395 0.111618
v 0.148727 -0.011121 0.180371
v 0.178797 0.017286 0.188351
v -0.192470 -0.098342 0.086955
v -0.155241 -0.072735 0.082916
v -0.132640 -0.068564 0.090988
v -0.113220 -0.058840 0.098382
v -0.093394 -0.048949 0.108463
v -0.071284 -0.044677 0.119284
v -0.049776 -0.040803 0.126421
v -0.029309 -0.037101 0.129198
v -0.009106 -0.033601 0.130521
v 0.011558 -0.030132 0.131696
v 0.031887 -0.026555 0.133363
v 0.052455 -0.023248 0.133556
v 0.070879 -0.014234 0.131873
v 0.089303 -0.005115 0.127743
v 0.108159 0.003878 0.120553
v 0.127099 0.012844 0.115268
v 0.143454 0.028231 0.113731
v 0.141055 0.034007 0.115250
v 0.156760 -0.022897 0.162708
v 0.146588 -0.005847 0.180187
v 0.177113 0.023040 0.184761
v -0.193860 -0.092511 0.090610
v -0.176041 -0.089643 0.065511
v -0.135032 -0.062680 0.090784
v -0.115576 -0.053065 0.098000
v -0.095804 -0.043114 0.107877
v -0.073700 -0.038837 0.118686
v -0.052216 -0.034964 0.125603
v -0.031581 -0.031240 0.129441
v -0.011451 -0.027910 0.130348
v 0.009212 -0.024475 0.131001
v 0.029611 -0.021049 0.132441
v 0.050138 -0.017675 0.133098
v 0.068693 -0.008551 0.130770
v 0.087117 0.000573 0.127023
v 0.105993 0.009495 0.119487
v 0.122207 0.024687 0.118233
v 0.124812 0.018776 0.115594
v 0.144306 -0.000351 0.175392
v 0.162516 0.008343 0.179731
v 0.163804 0.002920 0.183778
v 0.194092 0.037041 0.184289
v 0.160773 0.013906 0.176935
v -0.195276 -0.086632 0.095291
v -0.157730 -0.066736 0.082511
v -0.137455 -0.056867 0.090431
v -0.117971 -0.047219 0.097436
v -0.098208 -0.037183 0.107382
v -0.076140 -0.033023 0.117893
v -0.054664 -0.029088 0.124265
v -0.033820 -0.025672 0.129316
v -0.013722 -0.022237 0.130918
v 0.006866 -0.018866 0.130356
v 0.027326 -0.015496 0.131438
v 0.047907 -0.011965 0.132135
v 0.066521 -0.002858 0.129288
v 0.084866 0.006134 0.125520
v 0.098709 0.026839 0.123945
v 0.119826 0.030401 0.120034
v 0.138766 0.039788 0.115829
v 0.174824 0.033771 0.178147
v 0.158887 0.019962 0.173521
v -0.182558 -0.078076 0.062258
v -0.179728 -0.084060 0.063004
v -0.139858 -0.050991 0.090110
v -0.120411 -0.041245 0.096648
v -0.100757 -0.031416 0.105991
v -0.078593 -0.027294 0.116578
v -0.056911 -0.023492 0.124520
v -0.015926 -0.016652 0.130610
v 0.004519 -0.013229 0.130415
v 0.025006 -0.009816 0.130209
v 0.045663 -0.006216 0.130590
v 0.064290 0.002761 0.127652
v 0.082566 0.011770 0.123798
v 0.075647 0.029134 0.127548
v 0.117525 0.036105 0.120124
v 0.136527 0.045570 0.116177
v 0.174966 0.040365 0.155800
v 0.173255 0.045477 0.156661
v -0.185246 -0.072037 0.061356
v -0.160272 -0.060866 0.081768
v -0.142240 -0.044991 0.089780
v -0.122907 -0.035275 0.095832
v -0.103301 -0.025594 0.104727
v -0.080989 -0.021604 0.115542
v -0.059418 -0.017911 0.122794
v -0.038515 -0.014477 0.128140
v -0.020511 -0.005056 0.128971
v 0.002367 -0.007425 0.131982
v 0.020557 0.001551 0.131782
v 0.043400 -0.000552 0.128873
v 0.057185 0.019888 0.128550
v 0.096337 0.032568 0.124705
v 0.115215 0.041854 0.120156
v 0.134410 0.051339 0.116529
v 0.190013 0.047944 0.174611
v 0.169678 0.056653 0.153592
v 0.171167 0.051033 0.156222
v -0.187621 -0.065949 0.060722
v -0.162955 -0.054964 0.080557
v -0.144689 -0.038953 0.089241
v -0.125437 -0.029372 0.094888
v -0.105728 -0.019804 0.103895
v -0.083313 -0.015885 0.114714
v -0.061911 -0.012223 0.120847
v -0.040936 -0.008844 0.126302
v -0.022734 0.000604 0.127985
v -0.002255 0.003844 0.130109
v 0.000063 -0.001819 0.130588
v 0.018374 0.007046 0.132053
v 0.038751 0.010473 0.130555
v 0.054900 0.025647 0.129444
v 0.073266 0.034860 0.126973
v 0.094012 0.038281 0.123711
v 0.112949 0.047712 0.119895
v 0.132156 0.057259 0.116856
v 0.205211 0.067460 0.177997
v 0.188436 0.053698 0.171568
v 0.184698 0.064672 0.169947
v -0.208360 -0.055759 0.081700
v -0.165791 -0.049059 0.078708
v -0.147215 -0.032938 0.088533
v -0.128025 -0.023546 0.093825
v -0.108216 -0.013990 0.102897
v -0.085629 -0.010103 0.113633
v -0.064329 -0.006484 0.119961
v -0.043461 -0.003027 0.124123
v -0.025075 0.006246 0.126176
v -0.004579 0.009456 0.129064
v 0.036519 0.016244 0.130820
v 0.034211 0.022139 0.130160
v 0.052608 0.031386 0.128656
v 0.091714 0.044081 0.122950
v 0.110679 0.053560 0.119653
v 0.129896 0.063244 0.118114
v 0.191334 0.041548 0.188877
v 0.186663 0.059103 0.171363
v 0.182765 0.070298 0.168065
v -0.199234 -0.061083 0.124229
v -0.190132 -0.059922 0.060336
v -0.168720 -0.043105 0.076153
v -0.149808 -0.027019 0.087635
v -0.110681 -0.008191 0.101779
v -0.087994 -0.004296 0.112407
v -0.066663 -0.000735 0.119615
v -0.048184 0.008479 0.122471
v -0.045798 0.002739 0.122410
v -0.006996 0.015290 0.127808
v 0.013830 0.018697 0.128942
v 0.016096 0.012735 0.130242
v 0.031906 0.028005 0.128843
v 0.070934 0.040569 0.125819
v 0.089384 0.049913 0.122553
v 0.108300 0.059326 0.120163
v 0.127750 0.069649 0.119559
v 0.175694 0.028359 0.182485
v 0.201122 0.072318 0.187151
v 0.180917 0.075953 0.165808
v 0.198547 0.077436 0.187425
v -0.189139 -0.076721 0.137684
v -0.210981 -0.049459 0.081594
v -0.192457 -0.053823 0.060447
v -0.194826 -0.047663 0.061078
v -0.152463 -0.021158 0.086511
v -0.130669 -0.017751 0.092605
v -0.113100 -0.002399 0.100678
v -0.090494 0.001407 0.110918
v -0.068979 0.004975 0.119668
v -0.050415 0.014263 0.123073
v -0.027414 0.011875 0.124148
v -0.009336 0.021190 0.126374
v 0.011575 0.024629 0.127763
v 0.029560 0.033838 0.127480
v 0.050304 0.037145 0.127317
v 0.068712 0.046386 0.124576
v 0.087149 0.055689 0.122232
v 0.105964 0.065063 0.120831
v 0.103745 0.070879 0.121617
v 0.196142 0.083124 0.184696
v 0.167807 0.062468 0.150167
v -0.194637 -0.065704 0.133749
v -0.212964 -0.043321 0.082520
v -0.197152 -0.041423 0.061901
v -0.171892 -0.037208 0.072834
v -0.133273 -0.011891 0.091279
v -0.115553 0.003419 0.099366
v -0.093017 0.007083 0.109149
v -0.071262 0.010700 0.119503
v -0.052601 0.020072 0.123188
v -0.029724 0.017685 0.123860
v -0.031971 0.023548 0.124660
v 0.009259 0.030453 0.126850
v 0.027225 0.039634 0.126827
v 0.047926 0.042971 0.126310
v 0.066457 0.052239 0.123935
v 0.084911 0.061450 0.121751
v 0.101631 0.076807 0.122276
v 0.099638 0.082816 0.122960
v 0.194213 0.088898 0.181583
v 0.179117 0.081613 0.163695
v 0.192459 0.094729 0.178303
v -0.191335 -0.071016 0.140455
v -0.227273 -0.053105 0.116003
v -0.199314 -0.035194 0.062682
v -0.175472 -0.031531 0.068509
v -0.155118 -0.015229 0.085287
v -0.135857 -0.005964 0.089900
v -0.118152 0.009214 0.097902
v -0.095562 0.012865 0.107508
v -0.075956 0.022460 0.116966
v -0.073556 0.016541 0.118578
v -0.054859 0.025880 0.122846
v -0.034211 0.029292 0.125153
v -0.013925 0.032680 0.125615
v 0.006957 0.036191 0.126350
v 0.024977 0.045307 0.126478
v 0.045618 0.048728 0.125852
v 0.064147 0.057964 0.123484
v 0.082622 0.067155 0.121749
v 0.080402 0.072833 0.121984
v 0.078146 0.078580 0.122463
v 0.097779 0.089064 0.123453
v 0.165842 0.068461 0.145308
v -0.224271 -0.059138 0.119767
v -0.230758 -0.047270 0.110820
v -0.215091 -0.037468 0.083181
v -0.201474 -0.029097 0.063552
v -0.157700 -0.009312 0.083956
v -0.138292 0.000014 0.088850
v -0.120788 0.015172 0.096377
v -0.098164 0.018850 0.105777
v -0.078463 0.028385 0.114929
v -0.059467 0.037517 0.122678
v -0.057158 0.031712 0.123026
v -0.036501 0.035054 0.125181
v -0.016117 0.038387 0.126308
v 0.004724 0.041871 0.126318
v 0.022768 0.050905 0.126279
v 0.043332 0.054373 0.125497
v 0.061836 0.063654 0.123258
v 0.059475 0.069225 0.123335
v 0.075852 0.084391 0.123111
v 0.095789 0.095235 0.124182
v 0.177252 0.087328 0.161871
v -0.217653 -0.031743 0.085738
v -0.203707 -0.023174 0.064399
v -0.179361 -0.025731 0.063554
v -0.160287 -0.003439 0.082349
v -0.140723 0.005913 0.087695
v -0.123391 0.021206 0.094840
v -0.100691 0.024870 0.104046
v -0.080932 0.034286 0.112815
v -0.061746 0.043333 0.121545
v -0.043293 0.052417 0.124558
v -0.038780 0.040805 0.125073
v -0.018345 0.044133 0.125852
v 0.002505 0.047520 0.126350
v 0.020552 0.056531 0.126228
v 0.041058 0.060067 0.124842
v 0.038759 0.065847 0.124541
v 0.057222 0.074968 0.122956
v 0.073585 0.090230 0.123971
v 0.175427 0.093188 0.159704
v 0.190918 0.100556 0.174898
v -0.220353 -0.025664 0.089113
v -0.205928 -0.017280 0.065186
v -0.183502 -0.020036 0.057931
v -0.162860 0.002374 0.080460
v -0.143265 0.011842 0.086477
v -0.145973 0.017808 0.085222
v -0.103153 0.030918 0.102319
v -0.083541 0.040244 0.110260
v -0.064113 0.049214 0.120026
v -0.045503 0.058186 0.124437
v -0.041065 0.046636 0.124437
v -0.022870 0.055717 0.125752
v -0.020627 0.049933 0.125706
v 0.000241 0.053220 0.126317
v 0.018264 0.062263 0.126222
v 0.036451 0.071642 0.124375
v 0.054882 0.080837 0.123085
v 0.071488 0.096167 0.125003
v 0.069378 0.102187 0.125658
v 0.164438 0.074306 0.138867
v 0.189363 0.106447 0.171182
v -0.234338 -0.041564 0.105836
v -0.208229 -0.011269 0.065959
v -0.187559 -0.014161 0.052425
v -0.165410 0.008157 0.078451
v -0.148650 0.023888 0.083639
v -0.125933 0.027343 0.093306
v -0.105637 0.036937 0.100584
v -0.086344 0.046206 0.107389
v -0.066544 0.055142 0.118243
v -0.047794 0.064026 0.123431
v -0.025143 0.061488 0.125765
v -0.004439 0.064755 0.126239
v -0.002072 0.058983 0.126287
v 0.015928 0.068042 0.126197
v 0.034120 0.077382 0.124362
v 0.052677 0.086564 0.123335
v 0.050529 0.092311 0.123837
v 0.048353 0.098082 0.124505
v 0.067481 0.108485 0.126752
v 0.173617 0.099181 0.156526
v 0.187854 0.112326 0.167238
v 0.209370 0.122569 0.163484
v -0.238166 -0.035767 0.100350
v -0.223287 -0.020119 0.087842
v -0.210555 -0.005196 0.066621
v -0.168548 0.014111 0.075678
v -0.151302 0.030005 0.081950
v -0.128379 0.033480 0.091646
v -0.108210 0.042977 0.098808
v -0.089061 0.052229 0.105253
v -0.069103 0.061116 0.115556
v -0.050120 0.069863 0.122430
v -0.029778 0.073062 0.124768
v -0.027482 0.067241 0.125248
v -0.006845 0.070560 0.126001
v 0.013559 0.073876 0.126092
v 0.031758 0.083170 0.124406
v 0.046112 0.103929 0.125371
v 0.065337 0.114149 0.125050
v 0.171980 0.105213 0.152658
v 0.186426 0.118271 0.163142
v 0.185048 0.124338 0.158670
v -0.241909 -0.030057 0.094578
v -0.226429 -0.014579 0.085234
v -0.191188 -0.007845 0.048004
v -0.171979 0.020189 0.071771
v -0.153921 0.036174 0.080222
v -0.130908 0.039648 0.089850
v -0.110807 0.048976 0.097076
v -0.091631 0.058203 0.103316
v -0.071697 0.067129 0.112570
v -0.052558 0.075762 0.120436
v -0.034406 0.084750 0.123040
v -0.032090 0.078877 0.124114
v -0.009279 0.076370 0.125689
v 0.011182 0.079768 0.125748
v 0.029411 0.088926 0.124488
v 0.027106 0.094664 0.124547
v 0.043949 0.109857 0.126310
v 0.041889 0.115771 0.126987
v 0.170523 0.111342 0.147800
v 0.169072 0.117478 0.143033
v 0.206273 0.134000 0.155480
v -0.246015 -0.024334 0.088843
v -0.213091 0.000818 0.066120
v -0.196468 0.004449 0.044788
v -0.198604 0.010604 0.044884
v -0.156478 0.042281 0.078231
v -0.133529 0.045757 0.088074
v -0.113444 0.054986 0.095364
v -0.094102 0.064176 0.101374
v -0.074330 0.073183 0.109410
v -0.055055 0.081716 0.118279
v -0.036723 0.090682 0.121607
v -0.014102 0.088050 0.124484
v -0.011715 0.082163 0.125260
v 0.008855 0.085614 0.125406
v 0.024919 0.100421 0.124828
v 0.022851 0.106237 0.125003
v 0.020766 0.112059 0.125160
v 0.040032 0.122323 0.127934
v 0.183691 0.130483 0.154404
v 0.182310 0.136727 0.150138
v -0.229607 -0.008668 0.082540
v -0.232675 -0.002593 0.079822
v -0.200995 0.016941 0.045283
v -0.175874 0.026270 0.065411
v -0.159511 0.048604 0.075883
v -0.136149 0.051899 0.086544
v -0.116083 0.060982 0.093844
v -0.096576 0.070179 0.099650
v -0.077244 0.079302 0.105592
v -0.057544 0.087708 0.115973
v -0.039028 0.096684 0.119994
v -0.018683 0.099689 0.123403
v -0.016416 0.093893 0.123897
v 0.006565 0.091421 0.125090
v 0.004304 0.097201 0.124768
v 0.002028 0.102989 0.124480
v -0.000257 0.108833 0.124148
v 0.018685 0.118067 0.125147
v 0.167603 0.123587 0.139330
v 0.166137 0.129765 0.135231
v 0.204493 0.146985 0.145112
v -0.249819 -0.018857 0.083525
v -0.235697 0.003563 0.077181
v -0.216304 0.007011 0.064147
v -0.219232 0.013080 0.062850
v -0.162635 0.054802 0.072833
v -0.138724 0.057958 0.085407
v -0.118695 0.066970 0.092528
v -0.099046 0.076131 0.098286
v -0.080059 0.085386 0.102610
v -0.060030 0.093769 0.113693
v -0.041295 0.102586 0.118656
v -0.020936 0.105487 0.122582
v 0.016598 0.124115 0.125520
v 0.014878 0.130857 0.126441
v 0.180991 0.143113 0.145805
v 0.179588 0.149521 0.141530
v 0.206148 0.140698 0.147251
v -0.256836 -0.006661 0.073815
v -0.238847 0.009654 0.074514
v -0.203607 0.023472 0.045088
v -0.165838 0.060894 0.068959
v -0.143929 0.069917 0.083376
v -0.141263 0.063927 0.084590
v -0.121201 0.072944 0.091603
v -0.101465 0.082046 0.097474
v -0.082502 0.091244 0.101459
v -0.062485 0.099872 0.111372
v -0.043577 0.108376 0.117617
v -0.023156 0.111289 0.121596
v -0.002543 0.114671 0.123531
v -0.004768 0.120640 0.122749
v 0.012537 0.139087 0.121499
v 0.164726 0.136289 0.130387
v 0.178096 0.155864 0.137935
v 0.203566 0.153419 0.140247
v 0.230924 0.160499 0.132422
v -0.254398 -0.013163 0.075564
v -0.260517 -0.000126 0.070649
v -0.222006 0.019398 0.061770
v -0.224873 0.025704 0.060502
v -0.206516 0.030096 0.042452
v -0.146629 0.075902 0.081892
v -0.125994 0.084913 0.090976
v -0.123616 0.078929 0.091167
v -0.103837 0.087972 0.097086
v -0.084823 0.097164 0.100791
v -0.045831 0.114194 0.116777
v -0.025355 0.117132 0.120643
v -0.006887 0.126518 0.122381
v -0.008819 0.132752 0.122126
v -0.010698 0.139800 0.122162
v 0.163430 0.142881 0.124837
v 0.202386 0.160471 0.135703
v 0.231345 0.168391 0.125611
v -0.242097 0.015934 0.071978
v -0.245411 0.022270 0.069454
v -0.208937 0.036366 0.042089
v -0.149672 0.082205 0.079944
v -0.128266 0.090895 0.090909
v -0.106198 0.093955 0.096903
v -0.087080 0.103108 0.100711
v -0.048134 0.120044 0.116007
v -0.027551 0.123110 0.119742
v -0.029770 0.129160 0.118885
v -0.032056 0.135250 0.118071
v -0.012571 0.147068 0.122106
v 0.161885 0.149396 0.120710
v 0.176630 0.162260 0.134627
v -0.264196 0.006276 0.067006
v -0.248814 0.028580 0.066655
v -0.227793 0.032027 0.058987
v -0.211411 0.042608 0.042221
v -0.153019 0.088612 0.076512
v -0.130723 0.096958 0.090730
v -0.108602 0.100013 0.097064
v -0.065378 0.106104 0.108032
v -0.067959 0.112193 0.105811
v -0.050849 0.126050 0.113775
v -0.034286 0.142072 0.117179
v 0.160187 0.155778 0.117890
v 0.175370 0.169120 0.130096
v 0.201613 0.167052 0.125276
v 0.230239 0.175575 0.120705
v -0.267910 0.012771 0.062248
v -0.230779 0.038360 0.057278
v -0.213901 0.048913 0.042249
v -0.133192 0.103111 0.090125
v -0.113405 0.112103 0.097394
v -0.110993 0.106060 0.097389
v -0.089308 0.109052 0.101103
v -0.070324 0.118059 0.104795
v -0.072666 0.123909 0.104451
v -0.053466 0.132200 0.112030
v -0.036416 0.148841 0.118193
v 0.158550 0.162169 0.114361
v 0.174411 0.176339 0.122372
v 0.221726 0.193280 0.119075
v -0.252417 0.034923 0.063219
v -0.233909 0.044748 0.055256
v -0.216412 0.055309 0.041810
v -0.136336 0.109959 0.086337
v -0.115917 0.118203 0.097063
v -0.091581 0.114947 0.101403
v -0.093960 0.120858 0.101467
v -0.075064 0.129805 0.104629
v -0.055953 0.138285 0.111207
v -0.039031 0.157452 0.114103
v 0.157333 0.169298 0.108000
v 0.173798 0.184035 0.113734
v 0.229491 0.183279 0.115086
v -0.271998 0.019017 0.058069
v -0.237080 0.051220 0.052946
v -0.219171 0.061778 0.040625
v -0.200396 0.066802 0.019920
v -0.118597 0.124317 0.095924
v -0.099082 0.133050 0.101622
v -0.096499 0.126861 0.101534
v -0.077465 0.135761 0.105083
v -0.058213 0.144819 0.110541
v -0.060220 0.152190 0.110618
v 0.156053 0.176533 0.101170
v 0.196622 0.198063 0.101589
v 0.226735 0.188309 0.114270
v -0.256713 0.041432 0.058141
v -0.240010 0.057641 0.050807
v -0.222403 0.068284 0.038529
v -0.202553 0.072979 0.021469
v -0.186286 0.089983 0.009317
v -0.198374 0.060650 0.017243
v -0.121657 0.131394 0.090221
v -0.101864 0.139343 0.100977
v -0.079720 0.141927 0.105755
v -0.082043 0.148770 0.105768
v 0.172804 0.191210 0.106645
v 0.171936 0.199640 0.097692
v 0.196120 0.205330 0.095363
v 0.203205 0.184598 0.091839
v -0.277517 0.025219 0.051803
v -0.242986 0.063893 0.048623
v -0.225513 0.074702 0.036549
v -0.204863 0.079257 0.022135
v -0.207437 0.085627 0.022081
v -0.184848 0.084181 0.003143
v -0.183434 0.078381 -0.001656
v -0.196381 0.054331 0.012457
v -0.126663 0.140568 0.064879
v -0.105363 0.147822 0.090948
v -0.083757 0.157690 0.103879
v 0.155137 0.184119 0.093515
v 0.154461 0.192142 0.082693
v 0.201469 0.192324 0.089734
v 0.202619 0.177621 0.103083
v -0.261476 0.048233 0.050434
v -0.246503 0.070363 0.045292
v -0.228391 0.081109 0.035010
v -0.210187 0.092084 0.022059
v -0.167458 0.101775 -0.002643
v -0.182120 0.072742 -0.004787
v -0.194494 0.048068 0.008287
v -0.190592 0.035855 0.007386
v -0.108833 0.157394 0.071646
v 0.171189 0.208206 0.087062
v 0.192903 0.221443 0.089663
v 0.194389 0.212953 0.090345
v -0.283042 0.031633 0.045789
v -0.265364 0.054714 0.044187
v -0.231345 0.087598 0.033588
v -0.212965 0.098559 0.022012
v -0.198178 0.117525 0.003427
v -0.168398 0.107391 0.005274
v -0.192834 0.041915 0.006330
v 0.149852 0.214442 0.066932
v 0.170239 0.225839 0.068797
v -0.288471 0.038538 0.041590
v -0.269219 0.061141 0.040236
v -0.250311 0.076983 0.041439
v -0.215764 0.105180 0.022260
v -0.200375 0.123969 0.006404
v -0.184150 0.143517 -0.011872
v -0.151303 0.126179 -0.000428
v 0.151490 0.207561 0.067935
v 0.170687 0.217250 0.078274
v 0.190787 0.229941 0.086804
v -0.273312 0.067847 0.036516
v -0.234286 0.094084 0.032689
v -0.237273 0.100605 0.032106
v -0.218564 0.111898 0.022381
v -0.202687 0.130455 0.008900
v -0.186358 0.149583 -0.008503
v -0.180334 0.125256 -0.024980
v 0.153404 0.200620 0.069319
v 0.148252 0.221555 0.064014
v -0.277952 0.074834 0.032543
v -0.254003 0.083253 0.038172
v -0.240264 0.107167 0.031559
v -0.221462 0.118627 0.022168
v -0.205139 0.136947 0.010490
v -0.188675 0.155766 -0.005762
v -0.167887 0.162111 -0.024082
v -0.161812 0.143771 -0.032606
v -0.192879 0.098221 -0.004063
v 0.169827 0.234427 0.060395
v 0.147156 0.230076 0.055988
v -0.282595 0.081531 0.028182
v -0.258031 0.089931 0.033898
v -0.243221 0.113787 0.030761
v -0.224382 0.125347 0.021829
v -0.207680 0.143427 0.011494
v -0.191059 0.161929 -0.003486
v -0.169867 0.168051 -0.020127
v -0.150964 0.180990 -0.032370
v -0.165915 0.156271 -0.028186
v -0.152700 0.132885 0.002610
v -0.164026 0.150470 -0.032131
v -0.194487 0.104962 -0.002474
v 0.146056 0.237957 0.046995
v 0.131958 0.217968 0.026054
v -0.287748 0.088743 0.023617
v -0.262171 0.096918 0.028831
v -0.246329 0.120566 0.029125
v -0.227107 0.132012 0.021483
v -0.210153 0.149878 0.012339
v -0.193478 0.168149 -0.001510
v -0.172059 0.174110 -0.016794
v -0.152982 0.186847 -0.027527
v -0.132411 0.199305 -0.036883
v -0.149020 0.175168 -0.038295
v -0.169778 0.113790 0.015376
v -0.145518 0.163675 -0.053493
v -0.181256 0.131342 -0.020616
v -0.196231 0.111182 0.000391
v 0.167852 0.242280 0.056418
v 0.144688 0.245686 0.041281
v -0.266421 0.104142 0.023893
v -0.270352 0.110992 0.020664
v -0.229760 0.138651 0.021034
v -0.212627 0.156249 0.013042
v -0.195990 0.174461 0.000070
v -0.174342 0.180314 -0.014010
v -0.155066 0.192838 -0.023735
v -0.134461 0.205234 -0.031943
v -0.113759 0.216914 -0.038059
v -0.130475 0.193480 -0.042478
v -0.128385 0.187622 -0.049343
v -0.147096 0.169353 -0.045925
v -0.182485 0.137504 -0.016019
v 0.142117 0.254845 0.032600
v 0.129193 0.224158 0.028144
v -0.250179 0.127717 0.024769
v -0.232352 0.145195 0.020536
v -0.215169 0.162760 0.012979
v -0.198537 0.180929 0.001392
v -0.176703 0.186655 -0.011619
v -0.157255 0.199010 -0.020718
v -0.136554 0.211320 -0.027804
v -0.115950 0.223017 -0.033672
v -0.092288 0.228340 -0.042272
v -0.111551 0.210939 -0.043231
v -0.109359 0.205161 -0.049333
v -0.107239 0.199504 -0.055660
v -0.126349 0.181394 -0.057658
v 0.126388 0.230433 0.029834
v 0.112446 0.220803 -0.005943
v -0.274820 0.119098 0.016500
v -0.235557 0.152148 0.018099
v -0.218003 0.169568 0.011691
v -0.201130 0.187630 0.002169
v -0.179152 0.193045 -0.009491
v -0.159561 0.205337 -0.018133
v -0.138755 0.217593 -0.024733
v -0.118282 0.229292 -0.030258
v -0.094635 0.234614 -0.038310
v -0.089953 0.222214 -0.047230
v -0.087621 0.216266 -0.052793
v -0.085319 0.210696 -0.058840
v -0.104825 0.193532 -0.062192
v -0.102345 0.186932 -0.068651
v 0.121823 0.244435 0.026990
v 0.108855 0.226308 0.000559
v 0.087575 0.228755 -0.031301
v 0.134624 0.211770 0.023597
v -0.279451 0.126569 0.013322
v -0.255421 0.136275 0.013819
v -0.265599 0.156557 0.006604
v -0.221579 0.176734 0.008484
v -0.204120 0.194619 0.001163
v -0.181707 0.199669 -0.007743
v -0.161970 0.211969 -0.015983
v -0.141196 0.224111 -0.022556
v -0.120697 0.235880 -0.028190
v -0.096957 0.241105 -0.035301
v -0.070252 0.240121 -0.044409
v -0.068016 0.233872 -0.048895
v -0.065667 0.227788 -0.054035
v -0.063368 0.221825 -0.059552
v -0.082838 0.205167 -0.064732
v -0.080385 0.199246 -0.070973
v 0.139209 0.262797 0.025223
v 0.119983 0.255611 0.015328
v 0.105611 0.232614 0.004052
v 0.090297 0.221953 -0.034650
v 0.115415 0.214389 -0.010900
v -0.284437 0.133825 0.011176
v -0.241369 0.161100 0.006659
v -0.245233 0.169336 0.002195
v -0.225890 0.185367 0.001477
v -0.184332 0.206718 -0.007285
v -0.164420 0.219060 -0.014760
v -0.143832 0.231138 -0.021559
v -0.123320 0.243055 -0.027689
v -0.099326 0.247740 -0.033481
v -0.072521 0.246453 -0.040671
v -0.048911 0.251760 -0.046054
v -0.046609 0.245621 -0.050217
v -0.044253 0.239379 -0.054744
v -0.041776 0.233141 -0.059425
v -0.060987 0.215969 -0.065220
v -0.058466 0.210292 -0.070581
v -0.055827 0.204478 -0.076183
v -0.078050 0.193129 -0.077346
v 0.118419 0.263887 0.008107
v 0.096833 0.264569 -0.009449
v 0.083798 0.245762 -0.035488
v 0.093273 0.215622 -0.038938
v 0.137326 0.205643 0.020966
v -0.295733 0.147319 0.022626
v -0.268417 0.163735 0.006306
v -0.247870 0.175303 0.000490
v -0.251660 0.183537 -0.002063
v -0.208014 0.202775 -0.004282
v -0.187613 0.214740 -0.010549
v -0.167404 0.226802 -0.017401
v -0.147056 0.239259 -0.024104
v -0.126211 0.251106 -0.030127
v -0.101767 0.254856 -0.033204
v -0.074913 0.252940 -0.038081
v -0.051209 0.258134 -0.042422
v -0.026939 0.263291 -0.047900
v -0.024460 0.257030 -0.051365
v -0.022016 0.250766 -0.054978
v -0.019568 0.244431 -0.058853
v -0.039246 0.226955 -0.064131
v -0.036716 0.220806 -0.068940
v -0.034116 0.214811 -0.073862
v -0.031372 0.208877 -0.078889
v -0.053324 0.198155 -0.081979
v -0.076420 0.185226 -0.082175
v 0.098096 0.253755 0.003916
v 0.116712 0.271870 0.004561
v 0.095317 0.275056 -0.021613
v 0.065975 0.232387 -0.070393
v 0.070480 0.213715 -0.049174
v 0.118115 0.208302 -0.015110
v 0.140088 0.199602 0.018232
v -0.229540 0.193087 -0.004272
v -0.232729 0.201384 -0.008816
v -0.211810 0.210899 -0.009486
v -0.191005 0.222744 -0.015474
v -0.170656 0.235675 -0.023403
v -0.150533 0.247232 -0.028586
v -0.104568 0.263026 -0.036572
v -0.077441 0.259945 -0.037057
v -0.053529 0.264941 -0.039634
v -0.029449 0.269904 -0.044819
v -0.001838 0.269365 -0.051947
v 0.000707 0.262796 -0.054551
v 0.003203 0.256333 -0.057447
v 0.005720 0.249791 -0.060401
v -0.017098 0.237979 -0.062794
v -0.014546 0.231524 -0.066924
v -0.011902 0.225154 -0.071318
v -0.009180 0.218973 -0.075723
v -0.006403 0.212914 -0.080478
v -0.028612 0.202844 -0.083787
v -0.051017 0.191312 -0.087414
v 0.080866 0.254308 -0.042612
v 0.063236 0.239414 -0.067459
v 0.073422 0.207785 -0.055200
v 0.120936 0.202317 -0.020941
v 0.142888 0.193551 0.015764
v -0.237166 0.209358 -0.012471
v -0.214809 0.218279 -0.012129
v -0.194297 0.230245 -0.017804
v -0.197096 0.236475 -0.018552
v -0.173665 0.243513 -0.025549
v -0.153481 0.255139 -0.031126
v -0.128980 0.259499 -0.033997
v -0.131399 0.266642 -0.035526
v -0.080203 0.268024 -0.038586
v -0.056117 0.273113 -0.040787
v -0.032002 0.276979 -0.042735
v -0.004436 0.276502 -0.050560
v 0.023981 0.276679 -0.059696
v 0.026210 0.269817 -0.058310
v 0.028439 0.262383 -0.059524
v 0.030826 0.255398 -0.061424
v 0.008213 0.243256 -0.063657
v 0.010693 0.236755 -0.067287
v 0.013238 0.230277 -0.071326
v 0.015956 0.223815 -0.075622
v 0.018745 0.217499 -0.080360
v -0.003589 0.207000 -0.085618
v -0.025831 0.196307 -0.088781
v 0.078320 0.261526 -0.043416
v 0.060959 0.246791 -0.065084
v 0.041164 0.228452 -0.074128
v 0.076591 0.201952 -0.060922
v 0.096417 0.209401 -0.043218
v 0.099709 0.203242 -0.047378
v 0.145830 0.187526 0.013468
v -0.218212 0.225601 -0.012985
v -0.176841 0.250704 -0.026444
v -0.156473 0.262782 -0.031132
v -0.136519 0.280306 -0.033846
v -0.107582 0.271398 -0.041212
v -0.083096 0.277018 -0.043525
v -0.058808 0.281971 -0.043365
v -0.034655 0.285430 -0.044283
v -0.006817 0.283915 -0.051533
v 0.021186 0.284303 -0.059502
v 0.049079 0.283761 -0.061817
v 0.051675 0.275966 -0.061153
v 0.053885 0.267836 -0.061903
v 0.033271 0.248540 -0.063802
v 0.035826 0.241776 -0.066707
v 0.038447 0.235083 -0.070294
v 0.021579 0.211272 -0.085108
v -0.000770 0.200947 -0.090865
v -0.023250 0.189527 -0.094685
v 0.058683 0.254228 -0.063993
v 0.043931 0.221985 -0.078217
v 0.046627 0.215950 -0.082836
v 0.079932 0.196202 -0.066939
v 0.123963 0.196583 -0.026461
v 0.126973 0.190615 -0.029674
v -0.117537 0.297199 -0.030305
v -0.085340 0.284767 -0.044440
v -0.061122 0.289635 -0.045324
v -0.009555 0.293247 -0.054941
v 0.018009 0.290491 -0.057496
v 0.056255 0.261457 -0.063805
v 0.049934 0.204874 -0.066282
v 0.028004 0.196854 -0.085155
v 0.004954 0.187383 -0.097355
v -0.021221 0.182723 -0.101983
v 0.052833 0.199596 -0.075109
v 0.055601 0.194226 -0.082883
v 0.102939 0.197245 -0.051421
v 0.106071 0.191319 -0.055222
v 0.148702 0.181388 0.011014
v -0.133898 0.273622 -0.035944
v -0.110089 0.279392 -0.042785
v -0.087863 0.292612 -0.045289
v -0.063704 0.297937 -0.048779
v -0.037231 0.294922 -0.049899
v -0.020598 0.321541 -0.039551
v 0.014121 0.298027 -0.057544
v 0.037921 0.167102 -0.096179
v 0.007700 0.181457 -0.105913
v 0.083334 0.190478 -0.072675
v 0.086741 0.184621 -0.078089
v 0.109209 0.185335 -0.058683
v 0.129966 0.184432 -0.031406
v -0.039690 0.303346 -0.053183
v 0.009226 0.173349 -0.115172
v 0.058591 0.188714 -0.090556
v 0.061410 0.183197 -0.097429
v 0.090038 0.178750 -0.083337
v 0.112294 0.179237 -0.061953
v 0.132921 0.178035 -0.031738
v 0.035667 0.179447 -0.110948
v 0.033129 0.185926 -0.105169
v 0.064180 0.176071 -0.103298
v 0.115362 0.172982 -0.065414
v 0.135761 0.171390 -0.030929
v 0.151665 0.175124 0.008875
v 0.067699 0.219615 -0.043619
v 0.002107 0.194606 -0.096050
v 0.030706 0.191543 -0.094856
v 0.093094 0.172590 -0.088635
v 0.118233 0.166765 -0.069863
v 0.121090 0.160775 -0.072584
v 0.138462 0.164526 -0.029328
v 0.024462 0.205096 -0.090228
v 0.154515 0.168755 0.008471
v 0.140968 0.157678 -0.027093
v 0.156658 0.162004 0.010692
v 0.143197 0.150673 -0.023131
v 0.145649 0.143488 -0.017225
v 0.158495 0.155032 0.014016
v 0.148366 0.135511 -0.009442
v 0.118251 0.145356 -0.008674
v 0.160401 0.147886 0.018012
v 0.150084 0.127570 -0.000476
v 0.162321 0.140862 0.021653
v 0.118934 0.134918 0.014423
v 0.151876 0.120515 0.004989
v 0.092040 0.136955 0.022423
v 0.121014 0.127634 0.018969
v 0.164271 0.133836 0.025275
v 0.090135 0.144170 0.018710
v 0.093614 0.129755 0.029786
v 0.123176 0.120836 0.023846
v 0.166560 0.127168 0.027821
v 0.089200 0.155131 -0.007844
v 0.065983 0.138369 0.028954
v 0.068031 0.130800 0.037308
v 0.095472 0.122345 0.035320
v 0.097423 0.115179 0.040208
v 0.153928 0.113366 0.009035
v 0.169146 0.120711 0.028913
v 0.062304 0.157154 -0.001220
v 0.063234 0.145632 0.025170
v 0.040473 0.139220 0.030570
v 0.125463 0.113996 0.028109
v 0.155493 0.106237 0.014135
v 0.172288 0.114307 0.028285
v 0.099651 0.108417 0.044479
v 0.127519 0.107274 0.031476
v 0.178667 0.102355 0.023989
v 0.175490 0.108148 0.026380
v 0.036219 0.146664 0.028872
v 0.129413 0.100645 0.034074
v 0.157252 0.099467 0.018106
v 0.181613 0.095845 0.022274
v 0.131245 0.093732 0.036179
v 0.159185 0.092561 0.021132
v 0.161533 0.085827 0.022663
v 0.133536 0.086808 0.037856
v 0.136488 0.080381 0.040175
v 0.184555 0.088490 0.022220
v 0.163828 0.079136 0.023374
v 0.166328 0.072370 0.022967
v 0.169119 0.065479 0.021888
v 0.171936 0.058632 0.020372
vt 0.733425 0.191559
vt 0.699585 0.189175
vt 0.736387 0.183630
vt 0.703132 0.178582
vt 0.739331 0.175056
vt 0.706654 0.169766
vt 0.670155 0.172990
vt 0.742442 0.166271
vt 0.710136 0.161132
vt 0.673861 0.164617
vt 0.635164 0.178026
vt 0.677588 0.155987
vt 0.645266 0.151026
vt 0.641396 0.159890
vt 0.613046 0.145423
vt 0.609702 0.154090
vt 0.575345 0.156757
vt 0.606945 0.162267
vt 0.584471 0.130280
vt 0.616551 0.136125
vt 0.577673 0.147575
vt 0.581019 0.139329
vt 0.539981 0.151433
vt 0.551980 0.125065
vt 0.555534 0.115986
vt 0.544694 0.141225
vt 0.522159 0.111162
vt 0.518462 0.120009
vt 0.510906 0.136539
vt 0.548428 0.133641
vt 0.489406 0.106276
vt 0.507468 0.144433
vt 0.502830 0.155240
vt 0.514705 0.128626
vt 0.498862 0.164720
vt 0.474730 0.139712
vt 0.482007 0.123276
vt 0.485764 0.114731
vt 0.464824 0.168783
vt 0.468856 0.159614
vt 0.478335 0.131617
vt 0.450937 0.117528
vt 0.496871 0.176896
vt 0.439967 0.143845
vt 0.447359 0.126219
vt 0.418821 0.112449
vt 0.432704 0.162913
vt 0.461032 0.179237
vt 0.436696 0.153355
vt 0.443682 0.135239
vt 0.428374 0.173079
vt 0.456915 0.189302
vt 0.408292 0.139951
vt 0.470733 0.148359
vt 0.415209 0.121321
vt 0.411596 0.130766
vt 0.423771 0.181920
vt 0.421320 0.191946
vt 0.492600 0.186094
vt 0.404928 0.149368
vt 0.397471 0.166904
vt 0.393759 0.176530
vt 0.417965 0.201652
vt 0.453034 0.198946
vt 0.532648 0.173124
vt 0.379593 0.125819
vt 0.375893 0.135147
vt 0.401282 0.158844
vt 0.358182 0.179607
vt 0.414207 0.211392
vt 0.449390 0.208358
vt 0.488797 0.196089
vt 0.528363 0.183017
vt 0.536856 0.162410
vt 0.372420 0.144172
vt 0.368594 0.153409
vt 0.354120 0.190187
vt 0.410464 0.220386
vt 0.485135 0.205518
vt 0.524505 0.192471
vt 0.556992 0.197347
vt 0.560888 0.188024
vt 0.568779 0.168376
vt 0.365033 0.162425
vt 0.315539 0.202262
vt 0.350478 0.199477
vt 0.445816 0.217478
vt 0.481614 0.214700
vt 0.520672 0.201682
vt 0.553338 0.206261
vt 0.588661 0.202929
vt 0.592479 0.193277
vt 0.335326 0.148063
vt 0.362569 0.172184
vt 0.348407 0.210124
vt 0.311997 0.211295
vt 0.406944 0.229528
vt 0.442167 0.226657
vt 0.478061 0.223727
vt 0.516919 0.210890
vt 0.549665 0.215748
vt 0.581317 0.220937
vt 0.584978 0.211878
vt 0.616817 0.217136
vt 0.620645 0.207683
vt 0.596393 0.183925
vt 0.327960 0.165801
vt 0.331285 0.156800
vt 0.324632 0.174797
vt 0.382498 0.203824
vt 0.344228 0.217831
vt 0.308602 0.220288
vt 0.371062 0.232330
vt 0.403563 0.238466
vt 0.474519 0.232828
vt 0.513249 0.220134
vt 0.545872 0.225117
vt 0.577534 0.230133
vt 0.609386 0.235446
vt 0.613044 0.226375
vt 0.645607 0.231183
vt 0.649510 0.222010
vt 0.624285 0.197971
vt 0.628740 0.187665
vt 0.600957 0.173107
vt 0.296375 0.160297
vt 0.292561 0.169011
vt 0.321510 0.183982
vt 0.386901 0.195251
vt 0.378613 0.213735
vt 0.339960 0.226373
vt 0.367435 0.241383
vt 0.400085 0.247502
vt 0.438744 0.235788
vt 0.470952 0.241928
vt 0.509630 0.229198
vt 0.542050 0.234471
vt 0.573756 0.239489
vt 0.605734 0.244596
vt 0.638077 0.248944
vt 0.641728 0.240347
vt 0.674945 0.243756
vt 0.682009 0.226464
vt 0.653173 0.212590
vt 0.656794 0.202748
vt 0.662184 0.192788
vt 0.288406 0.177601
vt 0.390842 0.186768
vt 0.374718 0.223093
vt 0.336165 0.235557
vt 0.332327 0.244688
vt 0.363864 0.250443
vt 0.435310 0.244863
vt 0.467347 0.250888
vt 0.506056 0.238344
vt 0.538287 0.243552
vt 0.569974 0.248775
vt 0.601969 0.253758
vt 0.634319 0.257577
vt 0.663140 0.271955
vt 0.670640 0.253569
vt 0.707204 0.249737
vt 0.711178 0.240930
vt 0.686023 0.217237
vt 0.690622 0.207966
vt 0.696003 0.196731
vt 0.318873 0.193458
vt 0.328563 0.253745
vt 0.396587 0.256563
vt 0.431926 0.253943
vt 0.463698 0.259804
vt 0.498990 0.256446
vt 0.502539 0.247423
vt 0.534513 0.252654
vt 0.566226 0.257862
vt 0.598275 0.262841
vt 0.630525 0.267475
vt 0.659288 0.281755
vt 0.666827 0.262476
vt 0.695589 0.277053
vt 0.731386 0.273183
vt 0.735342 0.264443
vt 0.714159 0.232119
vt 0.719059 0.220278
vt 0.723520 0.210926
vt 0.728276 0.200805
vt 0.666085 0.181886
vt 0.284722 0.186373
vt 0.281631 0.195143
vt 0.304809 0.229264
vt 0.360163 0.259564
vt 0.428599 0.262899
vt 0.460182 0.268651
vt 0.495577 0.265264
vt 0.527321 0.270549
vt 0.530876 0.261637
vt 0.562562 0.266859
vt 0.594682 0.272037
vt 0.627044 0.276893
vt 0.655600 0.291131
vt 0.687877 0.296459
vt 0.691314 0.286855
vt 0.716379 0.310560
vt 0.764281 0.278711
vt 0.739467 0.255368
vt 0.743969 0.245758
vt 0.748826 0.236457
vt 0.753924 0.224976
vt 0.269739 0.222319
vt 0.324808 0.262858
vt 0.393043 0.265584
vt 0.425225 0.271741
vt 0.456679 0.277428
vt 0.492149 0.274019
vt 0.523785 0.279485
vt 0.559017 0.275769
vt 0.591114 0.281055
vt 0.623559 0.286071
vt 0.651992 0.300245
vt 0.684255 0.305590
vt 0.756886 0.298590
vt 0.760367 0.289225
vt 0.768982 0.269005
vt 0.775349 0.258809
vt 0.778795 0.249192
vt 0.356417 0.268660
vt 0.389404 0.274541
vt 0.421807 0.280594
vt 0.453123 0.286278
vt 0.488580 0.282939
vt 0.520193 0.288384
vt 0.552211 0.293766
vt 0.555623 0.284755
vt 0.587611 0.290120
vt 0.619906 0.295276
vt 0.648290 0.309301
vt 0.680430 0.314472
vt 0.708531 0.328812
vt 0.712508 0.319872
vt 0.752617 0.307507
vt 0.777192 0.330275
vt 0.721200 0.299816
vt 0.793193 0.293221
vt 0.797870 0.282814
vt 0.803220 0.270716
vt 0.321190 0.272055
vt 0.352615 0.277783
vt 0.385718 0.283417
vt 0.418351 0.289293
vt 0.485088 0.291882
vt 0.516848 0.297153
vt 0.548607 0.302755
vt 0.580618 0.308015
vt 0.584139 0.299105
vt 0.616233 0.304315
vt 0.644629 0.318240
vt 0.676568 0.323346
vt 0.704950 0.337589
vt 0.748948 0.316191
vt 0.773194 0.339323
vt 0.781288 0.321239
vt 0.723126 0.290686
vt 0.789395 0.302614
vt 0.818364 0.316603
vt 0.823359 0.305891
vt 0.348935 0.286799
vt 0.381974 0.292334
vt 0.414741 0.298098
vt 0.449571 0.295158
vt 0.481721 0.300656
vt 0.513325 0.306295
vt 0.545023 0.311694
vt 0.577057 0.316926
vt 0.612547 0.313243
vt 0.641003 0.327121
vt 0.672825 0.332170
vt 0.701223 0.346280
vt 0.745569 0.325544
vt 0.769199 0.348263
vt 0.797802 0.361743
vt 0.801704 0.352887
vt 0.805774 0.343989
vt 0.785412 0.311995
vt 0.701501 0.266690
vt 0.736464 0.342430
vt 0.813989 0.326005
vt 0.837583 0.357197
vt 0.841954 0.347696
vt 0.289887 0.258794
vt 0.317674 0.281343
vt 0.345443 0.295783
vt 0.411119 0.306929
vt 0.446153 0.303913
vt 0.478122 0.309346
vt 0.509885 0.315083
vt 0.541573 0.320422
vt 0.573463 0.325951
vt 0.608920 0.322075
vt 0.637466 0.335880
vt 0.669133 0.340975
vt 0.697505 0.354983
vt 0.741861 0.334392
vt 0.765386 0.357170
vt 0.793810 0.370568
vt 0.819887 0.392654
vt 0.823715 0.383911
vt 0.827986 0.375067
vt 0.809952 0.335035
vt 0.832559 0.366194
vt 0.704027 0.258249
vt 0.856148 0.396472
vt 0.861041 0.387461
vt 0.291008 0.264956
vt 0.314201 0.290483
vt 0.342085 0.304725
vt 0.378281 0.301370
vt 0.407476 0.315799
vt 0.442827 0.312657
vt 0.474488 0.318245
vt 0.506337 0.323712
vt 0.537998 0.329440
vt 0.569903 0.334701
vt 0.605347 0.330884
vt 0.633948 0.344612
vt 0.665446 0.349774
vt 0.693926 0.363732
vt 0.726445 0.368700
vt 0.761799 0.365938
vt 0.789634 0.379350
vt 0.815953 0.401974
vt 0.843067 0.423431
vt 0.847368 0.414410
vt 0.851431 0.405385
vt 0.678952 0.234893
vt 0.867498 0.454169
vt 0.872459 0.444711
vt 0.865498 0.378062
vt 0.310719 0.299422
vt 0.374686 0.310329
vt 0.403835 0.324644
vt 0.439403 0.321465
vt 0.470938 0.327073
vt 0.502822 0.332465
vt 0.534430 0.337953
vt 0.562873 0.352050
vt 0.566359 0.343506
vt 0.601771 0.339724
vt 0.630370 0.353258
vt 0.661844 0.358534
vt 0.690261 0.372492
vt 0.722747 0.377486
vt 0.745276 0.400397
vt 0.730174 0.359962
vt 0.785553 0.388485
vt 0.811720 0.410997
vt 0.838930 0.432376
vt 0.858627 0.472658
vt 0.862996 0.463417
vt 0.877454 0.435496
vt 0.881135 0.426768
vt 0.845642 0.337439
vt 0.284413 0.285008
vt 0.338781 0.313575
vt 0.371209 0.319215
vt 0.400249 0.333323
vt 0.435892 0.330312
vt 0.467392 0.335845
vt 0.499325 0.341204
vt 0.530969 0.346638
vt 0.527584 0.355361
vt 0.594680 0.357102
vt 0.598261 0.348558
vt 0.626791 0.361994
vt 0.658299 0.367348
vt 0.686683 0.381277
vt 0.719180 0.386243
vt 0.733499 0.351259
vt 0.758098 0.374797
vt 0.782170 0.398338
vt 0.807939 0.420255
vt 0.834879 0.441322
vt 0.854774 0.481817
vt 0.870399 0.367850
vt 0.848896 0.327247
vt 0.307287 0.308293
vt 0.335452 0.322434
vt 0.367631 0.327926
vt 0.396858 0.342026
vt 0.432429 0.339104
vt 0.463983 0.344625
vt 0.495770 0.349966
vt 0.559332 0.360677
vt 0.591024 0.365731
vt 0.623344 0.370652
vt 0.651125 0.384924
vt 0.654683 0.376201
vt 0.683099 0.390097
vt 0.715480 0.395060
vt 0.754997 0.383506
vt 0.778656 0.407031
vt 0.803872 0.428689
vt 0.831026 0.450215
vt 0.851211 0.490844
vt 0.884504 0.418370
vt 0.875431 0.349075
vt 0.279780 0.294208
vt 0.303945 0.317110
vt 0.364152 0.336561
vt 0.393443 0.350809
vt 0.428891 0.347819
vt 0.460510 0.353326
vt 0.492099 0.358698
vt 0.524226 0.364016
vt 0.555841 0.369365
vt 0.587525 0.374372
vt 0.619753 0.379562
vt 0.647586 0.393742
vt 0.679411 0.398944
vt 0.708097 0.412631
vt 0.711758 0.403882
vt 0.739117 0.417541
vt 0.742390 0.409163
vt 0.750865 0.392623
vt 0.799644 0.437639
vt 0.827275 0.458947
vt 0.847571 0.499823
vt 0.868645 0.363274
vt 0.892215 0.399226
vt 0.241090 0.296019
vt 0.275887 0.302660
vt 0.272274 0.311269
vt 0.332155 0.331262
vt 0.360635 0.345229
vt 0.390018 0.359486
vt 0.425301 0.356512
vt 0.457066 0.361959
vt 0.488553 0.367332
vt 0.520732 0.372669
vt 0.552371 0.378082
vt 0.584127 0.383121
vt 0.616154 0.388578
vt 0.643944 0.402624
vt 0.675782 0.407728
vt 0.704421 0.421338
vt 0.732783 0.434737
vt 0.736079 0.426050
vt 0.759560 0.457084
vt 0.775088 0.415446
vt 0.771553 0.423730
vt 0.823224 0.467634
vt 0.819187 0.476460
vt 0.888310 0.408748
vt 0.244926 0.286865
vt 0.268307 0.320264
vt 0.300623 0.325934
vt 0.328870 0.340037
vt 0.357055 0.353989
vt 0.386544 0.368238
vt 0.421770 0.365186
vt 0.453612 0.370573
vt 0.485088 0.375954
vt 0.517129 0.381340
vt 0.548858 0.386818
vt 0.580680 0.391891
vt 0.612595 0.397511
vt 0.640428 0.411415
vt 0.672304 0.416349
vt 0.700749 0.430011
vt 0.729204 0.443468
vt 0.767586 0.432244
vt 0.795973 0.446126
vt 0.815655 0.485468
vt 0.844014 0.508579
vt 0.248956 0.276934
vt 0.237056 0.305026
vt 0.234042 0.313939
vt 0.297194 0.334614
vt 0.325440 0.348766
vt 0.353510 0.362682
vt 0.382928 0.377059
vt 0.418358 0.373931
vt 0.450114 0.379320
vt 0.481637 0.384642
vt 0.513498 0.390084
vt 0.545307 0.395581
vt 0.577115 0.400784
vt 0.609099 0.406305
vt 0.636939 0.420091
vt 0.668726 0.425007
vt 0.697046 0.438615
vt 0.725651 0.452201
vt 0.722026 0.460870
vt 0.792157 0.454395
vt 0.812413 0.494383
vt 0.840196 0.517391
vt 0.252956 0.267056
vt 0.264674 0.329393
vt 0.293774 0.343287
vt 0.321963 0.357542
vt 0.349926 0.371535
vt 0.414831 0.382716
vt 0.446609 0.388170
vt 0.478146 0.393431
vt 0.509836 0.398846
vt 0.541715 0.404316
vt 0.573519 0.409678
vt 0.605518 0.414954
vt 0.633409 0.428704
vt 0.665063 0.433618
vt 0.693313 0.447313
vt 0.718130 0.469614
vt 0.741776 0.491928
vt 0.788572 0.462492
vt 0.808329 0.502518
vt 0.835869 0.526305
vt 0.256423 0.257931
vt 0.261253 0.338286
vt 0.290240 0.352048
vt 0.318496 0.366396
vt 0.379271 0.385793
vt 0.411250 0.391499
vt 0.443195 0.396922
vt 0.474651 0.402203
vt 0.506235 0.407615
vt 0.538195 0.412958
vt 0.569920 0.418577
vt 0.601978 0.423544
vt 0.629870 0.437352
vt 0.661508 0.442281
vt 0.689700 0.455947
vt 0.714442 0.478306
vt 0.710889 0.486865
vt 0.766446 0.520911
vt 0.763950 0.440778
vt 0.785189 0.471147
vt 0.230240 0.322881
vt 0.258062 0.347124
vt 0.286696 0.360898
vt 0.346366 0.380396
vt 0.375404 0.394506
vt 0.407572 0.400202
vt 0.439792 0.405605
vt 0.471115 0.410945
vt 0.502695 0.416248
vt 0.534614 0.421636
vt 0.566317 0.427095
vt 0.598339 0.432192
vt 0.626360 0.445998
vt 0.657964 0.450952
vt 0.686146 0.464752
vt 0.682646 0.473508
vt 0.707348 0.495330
vt 0.738925 0.500492
vt 0.735562 0.509394
vt 0.779853 0.481138
vt 0.226688 0.332097
vt 0.283193 0.369851
vt 0.315056 0.375285
vt 0.342827 0.389171
vt 0.371510 0.403193
vt 0.403875 0.408837
vt 0.436294 0.414204
vt 0.467574 0.419617
vt 0.499066 0.424866
vt 0.531047 0.430216
vt 0.562620 0.435761
vt 0.594719 0.440858
vt 0.622897 0.454610
vt 0.654534 0.459548
vt 0.651125 0.468278
vt 0.679212 0.482139
vt 0.732016 0.518186
vt 0.751421 0.467279
vt 0.802724 0.512963
vt 0.223308 0.340970
vt 0.279616 0.378747
vt 0.311601 0.384104
vt 0.339393 0.397797
vt 0.367808 0.411756
vt 0.400190 0.417485
vt 0.432615 0.422931
vt 0.464094 0.428406
vt 0.495362 0.433667
vt 0.527426 0.438900
vt 0.559061 0.444293
vt 0.591066 0.449334
vt 0.619561 0.463119
vt 0.647658 0.477026
vt 0.675734 0.490601
vt 0.703892 0.503994
vt 0.728584 0.527003
vt 0.725222 0.535734
vt 0.760170 0.449002
vt 0.747893 0.475711
vt 0.798926 0.522081
vt 0.220233 0.349044
vt 0.253015 0.356129
vt 0.308066 0.392747
vt 0.335913 0.406348
vt 0.364233 0.420484
vt 0.396551 0.426308
vt 0.428914 0.431820
vt 0.460561 0.437304
vt 0.491729 0.442334
vt 0.523779 0.447541
vt 0.555487 0.452719
vt 0.587430 0.457850
vt 0.616061 0.471788
vt 0.644189 0.485656
vt 0.672248 0.499049
vt 0.696919 0.521875
vt 0.700452 0.512901
vt 0.743080 0.484473
vt 0.773723 0.498385
vt 0.776883 0.489761
vt 0.826568 0.544534
vt 0.770170 0.507195
vt 0.216811 0.357127
vt 0.276015 0.387511
vt 0.304517 0.401293
vt 0.332409 0.415008
vt 0.360657 0.429341
vt 0.392904 0.435091
vt 0.425254 0.440770
vt 0.457099 0.445773
vt 0.488191 0.450951
vt 0.520136 0.456096
vt 0.551903 0.461204
vt 0.583899 0.466574
vt 0.612556 0.480453
vt 0.640531 0.494070
vt 0.661682 0.525360
vt 0.693571 0.530557
vt 0.721835 0.544440
vt 0.793324 0.538916
vt 0.766251 0.516716
vt 0.244310 0.373009
vt 0.248246 0.364387
vt 0.300992 0.409923
vt 0.328880 0.423860
vt 0.357000 0.437981
vt 0.389305 0.443750
vt 0.421766 0.449228
vt 0.484781 0.459459
vt 0.516497 0.464672
vt 0.548265 0.469868
vt 0.580320 0.475343
vt 0.608955 0.488980
vt 0.636783 0.502568
vt 0.626512 0.529001
vt 0.690052 0.539156
vt 0.718477 0.553141
vt 0.787459 0.547895
vt 0.784966 0.555935
vt 0.240624 0.381712
vt 0.272414 0.396106
vt 0.297504 0.418731
vt 0.325278 0.432694
vt 0.353341 0.446676
vt 0.385768 0.452321
vt 0.418064 0.457709
vt 0.449901 0.462810
vt 0.477732 0.477113
vt 0.513152 0.473495
vt 0.541402 0.487173
vt 0.576711 0.483957
vt 0.598035 0.515004
vt 0.658128 0.534064
vt 0.686510 0.547820
vt 0.715305 0.561828
vt 0.816948 0.561233
vt 0.778482 0.573099
vt 0.781529 0.564572
vt 0.237331 0.390449
vt 0.268717 0.404769
vt 0.293961 0.427598
vt 0.321653 0.441420
vt 0.349799 0.455293
vt 0.382321 0.460916
vt 0.414418 0.466327
vt 0.446281 0.471378
vt 0.474330 0.485708
vt 0.505994 0.490649
vt 0.509584 0.482035
vt 0.538017 0.495550
vt 0.569596 0.500743
vt 0.594563 0.523790
vt 0.622771 0.537658
vt 0.654412 0.542649
vt 0.682989 0.556628
vt 0.711915 0.570746
vt 0.842677 0.592638
vt 0.813486 0.570102
vt 0.806978 0.587316
vt 0.201194 0.403534
vt 0.264950 0.413455
vt 0.290342 0.436430
vt 0.317970 0.450022
vt 0.346197 0.463934
vt 0.378925 0.469594
vt 0.410793 0.474984
vt 0.442537 0.480194
vt 0.470789 0.494248
vt 0.502406 0.499167
vt 0.566146 0.509534
vt 0.562536 0.518483
vt 0.590956 0.532474
vt 0.650773 0.551367
vt 0.679466 0.565418
vt 0.708684 0.579856
vt 0.823483 0.552106
vt 0.810562 0.578646
vt 0.803322 0.595997
vt 0.202365 0.392373
vt 0.233781 0.399071
vt 0.261225 0.422220
vt 0.286668 0.445117
vt 0.342657 0.472538
vt 0.375481 0.478291
vt 0.407246 0.483644
vt 0.435386 0.497569
vt 0.439063 0.488900
vt 0.498685 0.507999
vt 0.530919 0.513207
vt 0.534449 0.504178
vt 0.558910 0.527347
vt 0.619054 0.546243
vt 0.647136 0.560147
vt 0.675892 0.574148
vt 0.705654 0.589639
vt 0.795959 0.530506
vt 0.839004 0.601512
vt 0.799711 0.604645
vt 0.834868 0.609787
vt 0.214013 0.367266
vt 0.197342 0.412697
vt 0.230374 0.407757
vt 0.226766 0.416503
vt 0.282958 0.453709
vt 0.314240 0.458564
vt 0.339190 0.481114
vt 0.371875 0.486812
vt 0.403685 0.492244
vt 0.431903 0.506319
vt 0.467274 0.502735
vt 0.495096 0.516904
vt 0.527415 0.522173
vt 0.555228 0.536136
vt 0.587299 0.541144
vt 0.615506 0.554966
vt 0.643657 0.568843
vt 0.672403 0.582858
vt 0.669106 0.591711
vt 0.830051 0.618560
vt 0.774646 0.581806
vt 0.206614 0.384514
vt 0.194129 0.421568
vt 0.223166 0.425363
vt 0.257341 0.430896
vt 0.310599 0.467183
vt 0.335716 0.489708
vt 0.368284 0.495264
vt 0.400199 0.500863
vt 0.428527 0.515101
vt 0.463728 0.511514
vt 0.460220 0.520411
vt 0.523827 0.530968
vt 0.551595 0.544890
vt 0.583558 0.549915
vt 0.611970 0.563771
vt 0.640157 0.577496
vt 0.665949 0.600733
vt 0.662977 0.609890
vt 0.825917 0.627364
vt 0.796233 0.613280
vt 0.822043 0.636177
vt 0.209755 0.375729
vt 0.161940 0.405030
vt 0.219810 0.434222
vt 0.253126 0.439240
vt 0.279277 0.462385
vt 0.307007 0.475879
vt 0.332056 0.498245
vt 0.364654 0.503848
vt 0.393295 0.518479
vt 0.396785 0.509633
vt 0.425079 0.523863
vt 0.456737 0.529127
vt 0.488028 0.534281
vt 0.520267 0.539641
vt 0.548110 0.553468
vt 0.579965 0.558607
vt 0.608370 0.572389
vt 0.636636 0.586106
vt 0.633247 0.594700
vt 0.629828 0.603432
vt 0.660182 0.619397
vt 0.770331 0.590573
vt 0.165271 0.395675
vt 0.158380 0.414112
vt 0.190777 0.430051
vt 0.216428 0.442902
vt 0.275737 0.471024
vt 0.303581 0.484629
vt 0.328362 0.506997
vt 0.360961 0.512705
vt 0.389705 0.527287
vt 0.418000 0.541433
vt 0.421523 0.532683
vt 0.453201 0.537852
vt 0.484621 0.542967
vt 0.516818 0.548249
vt 0.544692 0.561939
vt 0.576415 0.567129
vt 0.604791 0.580968
vt 0.601160 0.589396
vt 0.626365 0.612289
vt 0.657213 0.628829
vt 0.792744 0.622007
vt 0.186195 0.438286
vt 0.212941 0.451347
vt 0.248647 0.447714
vt 0.272261 0.479578
vt 0.300189 0.493246
vt 0.324730 0.515835
vt 0.357394 0.521585
vt 0.386196 0.536022
vt 0.414603 0.550142
vt 0.442765 0.564091
vt 0.449691 0.546553
vt 0.481196 0.551645
vt 0.513389 0.556813
vt 0.541267 0.570461
vt 0.572870 0.575693
vt 0.569308 0.584411
vt 0.597661 0.598033
vt 0.622960 0.621229
vt 0.789240 0.630877
vt 0.818501 0.644905
vt 0.181130 0.447052
vt 0.209483 0.459765
vt 0.244007 0.455976
vt 0.268880 0.488018
vt 0.296651 0.501886
vt 0.292883 0.510560
vt 0.353936 0.530477
vt 0.382544 0.544780
vt 0.411118 0.558900
vt 0.439365 0.572810
vt 0.446209 0.555335
vt 0.474212 0.569187
vt 0.477677 0.560421
vt 0.509892 0.565451
vt 0.537733 0.579148
vt 0.565741 0.593162
vt 0.594067 0.606916
vt 0.619829 0.630357
vt 0.616636 0.639570
vt 0.766553 0.598847
vt 0.814868 0.653621
vt 0.154642 0.422902
vt 0.205907 0.468363
vt 0.239506 0.464408
vt 0.265573 0.496383
vt 0.289238 0.519367
vt 0.321199 0.524800
vt 0.350457 0.539298
vt 0.378657 0.553479
vt 0.407572 0.567682
vt 0.435911 0.581547
vt 0.470702 0.577931
vt 0.502663 0.582927
vt 0.506319 0.574183
vt 0.534124 0.587904
vt 0.562146 0.601845
vt 0.590688 0.615602
vt 0.587413 0.624358
vt 0.584102 0.633182
vt 0.613808 0.649288
vt 0.785506 0.639758
vt 0.811269 0.662211
vt 0.844641 0.677629
vt 0.150738 0.431767
vt 0.177155 0.455196
vt 0.202321 0.477062
vt 0.261590 0.504947
vt 0.285664 0.528199
vt 0.317845 0.533733
vt 0.346862 0.548119
vt 0.374822 0.562279
vt 0.403940 0.576420
vt 0.432410 0.590264
vt 0.463597 0.595354
vt 0.467116 0.586593
vt 0.498951 0.591699
vt 0.530464 0.596734
vt 0.558506 0.610606
vt 0.580699 0.642164
vt 0.610343 0.657586
vt 0.781890 0.648528
vt 0.807784 0.670808
vt 0.804301 0.679452
vt 0.147101 0.440424
vt 0.173306 0.463334
vt 0.235390 0.473373
vt 0.257466 0.513611
vt 0.282158 0.537076
vt 0.314403 0.542675
vt 0.343236 0.556853
vt 0.371198 0.570988
vt 0.400307 0.585141
vt 0.428827 0.598945
vt 0.456560 0.612823
vt 0.460067 0.604077
vt 0.495198 0.600467
vt 0.526789 0.605621
vt 0.554890 0.619326
vt 0.551337 0.628017
vt 0.577414 0.651296
vt 0.574268 0.660378
vt 0.778333 0.657210
vt 0.774841 0.665836
vt 0.837132 0.693890
vt 0.142948 0.449006
vt 0.198760 0.485681
vt 0.228634 0.490672
vt 0.225549 0.499326
vt 0.278813 0.545819
vt 0.310832 0.551503
vt 0.339559 0.565576
vt 0.367736 0.579663
vt 0.396655 0.593856
vt 0.425181 0.607656
vt 0.453080 0.621591
vt 0.487787 0.618000
vt 0.491448 0.609189
vt 0.523194 0.614433
vt 0.547972 0.636770
vt 0.544787 0.645601
vt 0.541574 0.654441
vt 0.571447 0.670488
vt 0.800939 0.688183
vt 0.797567 0.696995
vt 0.169450 0.471972
vt 0.165783 0.480806
vt 0.222018 0.508244
vt 0.253283 0.522123
vt 0.274857 0.554818
vt 0.307226 0.560369
vt 0.335857 0.574268
vt 0.364252 0.588374
vt 0.392676 0.602540
vt 0.421577 0.616368
vt 0.449640 0.630415
vt 0.480760 0.635449
vt 0.484237 0.626758
vt 0.519659 0.623184
vt 0.516171 0.631888
vt 0.512661 0.640603
vt 0.509140 0.649392
vt 0.538362 0.663535
vt 0.771617 0.674543
vt 0.768324 0.683214
vt 0.831091 0.711762
vt 0.139142 0.457131
vt 0.162177 0.489714
vt 0.194647 0.494528
vt 0.190763 0.503181
vt 0.270943 0.563544
vt 0.303620 0.569121
vt 0.332171 0.582943
vt 0.360732 0.597020
vt 0.388774 0.611212
vt 0.417990 0.625149
vt 0.446250 0.639104
vt 0.477321 0.644084
vt 0.535148 0.672761
vt 0.532506 0.683152
vt 0.794304 0.705938
vt 0.790951 0.714852
vt 0.834357 0.702523
vt 0.132182 0.474930
vt 0.158408 0.498484
vt 0.218326 0.517422
vt 0.267124 0.572001
vt 0.296298 0.586362
vt 0.300010 0.577752
vt 0.328584 0.591617
vt 0.357214 0.605655
vt 0.385227 0.619742
vt 0.414470 0.633949
vt 0.442824 0.647649
vt 0.473945 0.652684
vt 0.505623 0.658117
vt 0.502207 0.667000
vt 0.528835 0.694608
vt 0.764964 0.692191
vt 0.787665 0.723754
vt 0.828155 0.720547
vt 0.135156 0.465525
vt 0.127896 0.484347
vt 0.187047 0.512176
vt 0.183259 0.521128
vt 0.214869 0.526626
vt 0.292600 0.594917
vt 0.321533 0.609098
vt 0.325052 0.600347
vt 0.353708 0.614347
vt 0.381810 0.628413
vt 0.439434 0.656254
vt 0.470606 0.661334
vt 0.498951 0.675810
vt 0.495983 0.685173
vt 0.493091 0.695821
vt 0.761648 0.701038
vt 0.824947 0.730273
vt 0.154468 0.507488
vt 0.150448 0.516530
vt 0.211506 0.535403
vt 0.288503 0.603857
vt 0.318151 0.617859
vt 0.350189 0.623143
vt 0.378417 0.637195
vt 0.435968 0.664904
vt 0.467275 0.670183
vt 0.463913 0.679132
vt 0.460450 0.688136
vt 0.490210 0.706781
vt 0.758312 0.709988
vt 0.784518 0.732745
vt 0.123809 0.493512
vt 0.146410 0.525483
vt 0.179479 0.530074
vt 0.207934 0.544164
vt 0.284289 0.612734
vt 0.314514 0.626722
vt 0.346551 0.632096
vt 0.410403 0.642746
vt 0.406717 0.651456
vt 0.431997 0.673507
vt 0.457084 0.698209
vt 0.755063 0.718965
vt 0.781398 0.742076
vt 0.120100 0.502727
vt 0.175674 0.538999
vt 0.204367 0.553008
vt 0.310942 0.635653
vt 0.339279 0.649973
vt 0.342906 0.641060
vt 0.375005 0.646050
vt 0.403243 0.660003
vt 0.399737 0.668630
vt 0.428150 0.682383
vt 0.453760 0.708601
vt 0.751767 0.727740
vt 0.820679 0.737732
vt 0.777972 0.751038
vt 0.142317 0.534405
vt 0.171769 0.547955
vt 0.200901 0.561946
vt 0.306988 0.645102
vt 0.335560 0.658913
vt 0.371536 0.654823
vt 0.367937 0.663584
vt 0.396088 0.677415
vt 0.424433 0.691316
vt 0.450015 0.720613
vt 0.748513 0.736870
vt 0.774902 0.760340
vt 0.115670 0.511526
vt 0.167910 0.556977
vt 0.197296 0.570919
vt 0.229391 0.576183
vt 0.331731 0.667727
vt 0.360186 0.681662
vt 0.364097 0.672483
vt 0.392401 0.686347
vt 0.421052 0.700939
vt 0.417991 0.711961
vt 0.745103 0.745931
vt 0.806412 0.777912
vt 0.860352 0.759567
vt 0.855877 0.766887
vt 0.849743 0.775686
vt 0.137806 0.543415
vt 0.164359 0.565904
vt 0.193286 0.579844
vt 0.225974 0.584820
vt 0.251625 0.606887
vt 0.232889 0.567518
vt 0.328146 0.677100
vt 0.356086 0.690852
vt 0.388906 0.695643
vt 0.385385 0.705817
vt 0.771675 0.769139
vt 0.768244 0.779153
vt 0.803981 0.786878
vt 0.813637 0.755454
vt 0.109971 0.520120
vt 0.160771 0.574554
vt 0.189431 0.588625
vt 0.222560 0.593531
vt 0.218959 0.602302
vt 0.255022 0.598349
vt 0.258045 0.590033
vt 0.236844 0.558521
vt 0.325198 0.685694
vt 0.352363 0.701315
vt 0.383028 0.718651
vt 0.742110 0.755181
vt 0.738867 0.764105
vt 0.810468 0.766229
vt 0.815880 0.748023
vt 0.133568 0.552584
vt 0.156789 0.583371
vt 0.185789 0.597405
vt 0.215104 0.611196
vt 0.280224 0.621491
vt 0.260541 0.582147
vt 0.240472 0.549711
vt 0.246097 0.533043
vt 0.350180 0.711197
vt 0.764666 0.788719
vt 0.797666 0.808846
vt 0.800062 0.796615
vt 0.863341 0.749454
vt 0.866677 0.739843
vt 0.104234 0.528927
vt 0.130137 0.561284
vt 0.182015 0.606289
vt 0.211215 0.620111
vt 0.236539 0.643582
vt 0.277306 0.630083
vt 0.243239 0.541231
vt 0.728962 0.792009
vt 0.868320 0.729521
vt 0.098020 0.538423
vt 0.125994 0.569996
vt 0.152584 0.592294
vt 0.207218 0.629265
vt 0.232775 0.652761
vt 0.259317 0.676238
vt 0.302023 0.654735
vt 0.731551 0.782418
vt 0.761931 0.799329
vt 0.759167 0.808910
vt 0.121461 0.579057
vt 0.178112 0.615209
vt 0.174055 0.624203
vt 0.203252 0.638539
vt 0.228951 0.661969
vt 0.255557 0.684941
vt 0.267303 0.649911
vt 0.734624 0.772825
vt 0.726071 0.801356
vt 0.793776 0.820385
vt 0.148382 0.600731
vt 0.169985 0.633250
vt 0.199241 0.647782
vt 0.225146 0.671074
vt 0.251768 0.693737
vt 0.283916 0.698851
vt 0.293718 0.673177
vt 0.245611 0.616532
vt 0.756735 0.818654
vt 0.722980 0.811132
vt 0.116272 0.588424
vt 0.144058 0.609571
vt 0.166045 0.642333
vt 0.195235 0.656989
vt 0.221356 0.680087
vt 0.247977 0.702459
vt 0.280456 0.707473
vt 0.308216 0.722168
vt 0.287371 0.690390
vt 0.299531 0.664277
vt 0.290661 0.682066
vt 0.243031 0.625811
vt 0.719752 0.819572
vt 0.696177 0.785701
vt 0.111254 0.597285
vt 0.139873 0.618677
vt 0.162159 0.651497
vt 0.191508 0.666113
vt 0.217696 0.689046
vt 0.244193 0.711232
vt 0.276812 0.716188
vt 0.304651 0.730885
vt 0.333778 0.745258
vt 0.311838 0.713357
vt 0.273273 0.640166
vt 0.319013 0.695594
vt 0.265136 0.658620
vt 0.239953 0.634580
vt 0.716773 0.828679
vt 0.135526 0.628046
vt 0.105629 0.606766
vt 0.131089 0.637055
vt 0.187914 0.675179
vt 0.214067 0.697883
vt 0.240362 0.720078
vt 0.273136 0.725032
vt 0.301160 0.739621
vt 0.330272 0.754153
vt 0.358843 0.768050
vt 0.337202 0.736433
vt 0.340982 0.727388
vt 0.315682 0.704325
vt 0.262485 0.667531
vt 0.753020 0.828595
vt 0.692601 0.794836
vt 0.158095 0.660718
vt 0.184422 0.684098
vt 0.210542 0.706771
vt 0.236534 0.729104
vt 0.269420 0.734016
vt 0.297647 0.748479
vt 0.326807 0.763138
vt 0.355329 0.777122
vt 0.387943 0.781951
vt 0.362455 0.759031
vt 0.366130 0.750136
vt 0.369702 0.741439
vt 0.344854 0.717685
vt 0.711605 0.838746
vt 0.688895 0.804009
vt 0.664562 0.781171
vt 0.126243 0.647600
vt 0.180643 0.693212
vt 0.206940 0.715814
vt 0.232768 0.738345
vt 0.265624 0.743044
vt 0.294039 0.757486
vt 0.323346 0.772172
vt 0.351735 0.786237
vt 0.384386 0.791156
vt 0.391564 0.772759
vt 0.395212 0.763731
vt 0.398835 0.755163
vt 0.373645 0.732385
vt 0.377624 0.722639
vt 0.682030 0.822575
vt 0.660431 0.790296
vt 0.628083 0.785263
vt 0.699542 0.776493
vt 0.120867 0.657353
vt 0.154199 0.670707
vt 0.142355 0.697092
vt 0.202837 0.724918
vt 0.228890 0.747579
vt 0.261753 0.752330
vt 0.290359 0.766834
vt 0.319692 0.781350
vt 0.348200 0.795462
vt 0.380948 0.800451
vt 0.417418 0.796760
vt 0.420744 0.787483
vt 0.424245 0.778328
vt 0.427678 0.769316
vt 0.402642 0.746765
vt 0.406407 0.737874
vt 0.706257 0.847413
vt 0.677797 0.834413
vt 0.656375 0.799782
vt 0.631417 0.775483
vt 0.667996 0.771313
vt 0.114668 0.666927
vt 0.175911 0.703278
vt 0.171886 0.713576
vt 0.198782 0.735129
vt 0.258059 0.761906
vt 0.286790 0.776597
vt 0.315960 0.790929
vt 0.344599 0.805069
vt 0.377568 0.809656
vt 0.414087 0.806011
vt 0.445839 0.811466
vt 0.449125 0.802376
vt 0.452480 0.793121
vt 0.455975 0.783902
vt 0.431198 0.760488
vt 0.434848 0.752036
vt 0.438633 0.743432
vt 0.409993 0.728798
vt 0.674629 0.843469
vt 0.642787 0.838958
vt 0.622648 0.806511
vt 0.634980 0.766150
vt 0.702915 0.767379
vt 0.094768 0.687399
vt 0.138548 0.706791
vt 0.168757 0.721303
vt 0.164306 0.731887
vt 0.224887 0.757318
vt 0.254299 0.771871
vt 0.283254 0.786246
vt 0.312039 0.801020
vt 0.341068 0.815015
vt 0.374266 0.819085
vt 0.410674 0.815204
vt 0.442569 0.820775
vt 0.475026 0.825934
vt 0.478418 0.816844
vt 0.481750 0.807761
vt 0.485074 0.798572
vt 0.459515 0.774813
vt 0.463032 0.765817
vt 0.466617 0.757062
vt 0.470364 0.748430
vt 0.442222 0.734223
vt 0.412507 0.717856
vt 0.645971 0.828418
vt 0.671790 0.853194
vt 0.596527 0.780246
vt 0.603860 0.761267
vt 0.671133 0.762153
vt 0.706340 0.758399
vt 0.195336 0.744273
vt 0.192220 0.754383
vt 0.220993 0.766984
vt 0.250783 0.781332
vt 0.280043 0.796460
vt 0.308133 0.810336
vt 0.370925 0.828844
vt 0.407207 0.824667
vt 0.439304 0.830462
vt 0.471588 0.835423
vt 0.508276 0.832646
vt 0.511645 0.823411
vt 0.514937 0.814272
vt 0.518240 0.805059
vt 0.488407 0.789275
vt 0.491830 0.779987
vt 0.495355 0.770807
vt 0.498955 0.761930
vt 0.502605 0.753193
vt 0.474096 0.739769
vt 0.445505 0.724515
vt 0.618133 0.815732
vt 0.639455 0.849202
vt 0.593148 0.789939
vt 0.607305 0.752226
vt 0.674197 0.752819
vt 0.709846 0.749511
vt 0.217569 0.776214
vt 0.246840 0.790726
vt 0.243215 0.798820
vt 0.276414 0.806258
vt 0.304621 0.820046
vt 0.337930 0.824960
vt 0.334924 0.833891
vt 0.403663 0.834801
vt 0.435934 0.840801
vt 0.468115 0.845261
vt 0.504834 0.842295
vt 0.542175 0.839823
vt 0.545128 0.831396
vt 0.548022 0.821487
vt 0.551099 0.811989
vt 0.521496 0.795822
vt 0.524715 0.786584
vt 0.527996 0.777332
vt 0.531477 0.768099
vt 0.535019 0.759017
vt 0.506279 0.744623
vt 0.477830 0.730523
vt 0.590322 0.799982
vt 0.564149 0.774340
vt 0.611036 0.743463
vt 0.638742 0.757029
vt 0.642686 0.748079
vt 0.713564 0.740735
vt 0.187180 0.764197
vt 0.213149 0.785787
vt 0.272316 0.815518
vt 0.300607 0.830107
vt 0.327814 0.852336
vt 0.367477 0.838435
vt 0.400286 0.845073
vt 0.432533 0.851577
vt 0.464657 0.855800
vt 0.501703 0.851602
vt 0.538515 0.849686
vt 0.574971 0.848293
vt 0.578401 0.838481
vt 0.581255 0.827825
vt 0.554228 0.802557
vt 0.557472 0.793149
vt 0.560762 0.783707
vt 0.538592 0.750113
vt 0.509929 0.735927
vt 0.481305 0.720873
vt 0.614684 0.824916
vt 0.587414 0.809796
vt 0.567569 0.765181
vt 0.570852 0.756509
vt 0.614934 0.734827
vt 0.677551 0.743978
vt 0.681166 0.735402
vt 0.352742 0.875694
vt 0.397396 0.854888
vt 0.429602 0.860949
vt 0.498145 0.862613
vt 0.534378 0.858264
vt 0.584253 0.819112
vt 0.575878 0.746055
vt 0.546841 0.731939
vt 0.517247 0.717689
vt 0.484085 0.711029
vt 0.579217 0.737460
vt 0.582394 0.729080
vt 0.646533 0.739424
vt 0.650252 0.730969
vt 0.717142 0.731805
vt 0.364341 0.848392
vt 0.394134 0.864834
vt 0.426437 0.870638
vt 0.461498 0.866370
vt 0.529272 0.867957
vt 0.559208 0.692583
vt 0.520718 0.708746
vt 0.618896 0.726363
vt 0.622855 0.717870
vt 0.653994 0.722558
vt 0.684945 0.726894
vt 0.458409 0.876221
vt 0.483181 0.904487
vt 0.522609 0.697118
vt 0.585822 0.720645
vt 0.589036 0.712453
vt 0.626653 0.709464
vt 0.657667 0.714085
vt 0.688862 0.718407
vt 0.331647 0.842921
vt 0.555892 0.705363
vt 0.552858 0.714422
vt 0.592212 0.702529
vt 0.661276 0.705420
vt 0.692789 0.709818
vt 0.720887 0.722808
vt 0.600562 0.770246
vt 0.513623 0.726956
vt 0.550059 0.723361
vt 0.630106 0.700756
vt 0.664492 0.696680
vt 0.667875 0.688581
vt 0.696654 0.701075
vt 0.542193 0.741263
vt 0.724771 0.714051
vt 0.700363 0.692442
vt 0.728149 0.705291
vt 0.703982 0.683865
vt 0.708241 0.675311
vt 0.731317 0.696402
vt 0.713215 0.665908
vt 0.672159 0.679240
vt 0.734727 0.687344
vt 0.717083 0.656608
vt 0.738113 0.678330
vt 0.676208 0.668950
vt 0.720500 0.647862
vt 0.639539 0.673079
vt 0.679749 0.659690
vt 0.741558 0.669252
vt 0.636477 0.682366
vt 0.642553 0.664343
vt 0.683481 0.651077
vt 0.745289 0.660442
vt 0.632512 0.692505
vt 0.603427 0.676148
vt 0.606976 0.667031
vt 0.645804 0.654916
vt 0.649144 0.645644
vt 0.724057 0.638710
vt 0.749160 0.651666
vt 0.596147 0.696443
vt 0.599272 0.685531
vt 0.567459 0.677608
vt 0.687330 0.642244
vt 0.727153 0.629658
vt 0.753469 0.642700
vt 0.652835 0.636772
vt 0.690744 0.633387
vt 0.761555 0.625593
vt 0.757589 0.633910
vt 0.561375 0.687631
vt 0.693829 0.624509
vt 0.730339 0.620881
vt 0.765328 0.616403
vt 0.696762 0.615135
vt 0.733612 0.611746
vt 0.737200 0.602640
vt 0.700290 0.605663
vt 0.704878 0.596925
vt 0.769448 0.606262
vt 0.740563 0.593487
vt 0.743997 0.584117
vt 0.747703 0.574526
vt 0.751348 0.564981
vn -0.0009 0.8434 0.5372
vn -0.0300 0.8534 0.5204
vn 0.0066 0.8437 0.5368
vn -0.0328 0.8423 0.5379
vn 0.0142 0.8316 0.5551
vn -0.0233 0.8162 0.5772
vn 0.0713 0.8483 0.5247
vn 0.0147 0.8198 0.5724
vn -0.0172 0.7991 0.6009
vn -0.0035 0.8054 0.5927
vn 0.0621 0.6299 0.7742
vn -0.0532 0.8124 0.5806
vn 0.0966 0.7427 0.6626
vn 0.5832 0.6258 0.5178
vn 0.0936 0.7856 0.6116
vn 0.0939 0.8352 0.5418
vn -0.0975 0.9018 -0.4209
vn -0.1261 0.9008 0.4156
vn -0.0324 0.7639 0.6445
vn -0.0264 0.7844 0.6196
vn -0.3272 0.8624 -0.3862
vn 0.0045 0.7401 0.6724
vn 0.0919 0.9942 0.0552
vn 0.1047 0.5242 0.8451
vn -0.0431 0.7319 0.6800
vn -0.1114 -0.2094 -0.9714
vn -0.1157 0.6133 0.7813
vn -0.0586 0.3076 0.9497
vn 0.0825 -0.1691 -0.9821
vn 0.0174 -0.7430 -0.6691
vn 0.3734 0.3407 0.8628
vn 0.6120 0.6946 -0.3780
vn 0.3395 -0.2438 0.9084
vn 0.0557 -0.6886 -0.7230
vn 0.4599 -0.3478 0.8170
vn 0.2234 -0.1838 -0.9572
vn 0.1405 -0.7606 -0.6338
vn 0.1143 -0.7275 -0.6765
vn 0.0345 -0.8638 0.5026
vn 0.1618 -0.9549 0.2489
vn 0.1507 -0.8043 -0.5748
vn 0.1067 -0.7808 -0.6156
vn -0.1890 -0.8655 0.4638
vn -0.0428 0.9462 0.3207
vn 0.0988 -0.7883 -0.6073
vn 0.1101 -0.7776 -0.6190
vn -0.0085 -0.7936 0.6084
vn -0.1425 -0.8300 0.5392
vn -0.1390 0.7919 0.5946
vn 0.0906 -0.7854 -0.6123
vn -0.0870 -0.6737 0.7338
vn -0.1854 -0.8401 0.5098
vn -0.1314 0.8216 0.5547
vn 0.0653 -0.7547 -0.6527
vn 0.1216 -0.7955 -0.5936
vn -0.1298 0.8419 0.5237
vn 0.3631 -0.6181 0.6972
vn 0.2408 -0.7907 0.5628
vn -0.1678 -0.8136 0.5567
vn -0.1235 0.8104 0.5726
vn -0.1114 -0.9674 0.2274
vn 0.5114 -0.4144 0.7528
vn 0.1634 -0.7728 0.6133
vn -0.2058 -0.8143 0.5426
vn -0.0775 -0.7364 0.6721
vn -0.0961 0.8307 0.5484
vn -0.0558 0.8230 0.5653
vn -0.0836 0.8085 0.5824
vn -0.2344 -0.9543 0.1856
vn 0.1031 -0.7405 0.6641
vn -0.2059 -0.7845 0.5849
vn -0.1112 -0.7660 0.6331
vn 0.0081 -0.6891 0.7246
vn -0.1360 -0.7509 0.6462
vn -0.0439 0.8131 0.5804
vn -0.0466 0.8171 0.5746
vn 0.0190 -0.6148 0.7884
vn 0.0577 -0.7039 0.7079
vn -0.0849 -0.7440 0.6627
vn 0.0040 -0.6899 0.7238
vn 0.1191 -0.6588 0.7428
vn 0.1249 -0.6583 0.7422
vn 0.1741 -0.6436 0.7452
vn -0.0347 0.8248 0.5643
vn -0.8820 -0.4398 -0.1694
vn 0.0670 -0.3671 0.9278
vn -0.2061 -0.7444 0.6351
vn -0.0814 -0.7154 0.6940
vn 0.0488 -0.7035 0.7090
vn 0.1068 -0.6398 0.7610
vn 0.1839 -0.6854 0.7046
vn 0.2164 -0.6802 0.7003
vn -0.0608 0.8186 0.5711
vn -0.0013 0.8250 0.5651
vn -0.4030 -0.1554 -0.9019
vn -0.6998 -0.5935 0.3976
vn -0.1746 -0.6081 0.7744
vn -0.2158 -0.6910 0.6898
vn -0.0873 -0.6845 0.7237
vn 0.0594 -0.7138 0.6978
vn 0.1241 -0.7148 0.6882
vn 0.1507 -0.6846 0.7132
vn 0.1582 -0.6733 0.7222
vn 0.2261 -0.6761 0.7012
vn 0.2114 -0.6798 0.7022
vn 0.3026 -0.7092 0.6368
vn -0.0048 0.7632 0.6461
vn -0.0125 0.7566 0.6538
vn -0.0121 0.7689 0.6391
vn 0.1235 0.6046 -0.7869
vn -0.3330 0.3363 -0.8809
vn 0.5508 -0.2338 0.8012
vn 0.1153 -0.1183 0.9862
vn -0.2916 -0.6330 0.7171
vn -0.0940 -0.6550 0.7498
vn 0.0490 -0.7021 0.7103
vn 0.1230 -0.6958 0.7076
vn 0.1605 -0.6667 0.7278
vn 0.2064 -0.6435 0.7370
vn 0.2112 -0.6728 0.7089
vn 0.2293 -0.6625 0.7131
vn 0.1242 -0.6461 0.7530
vn 0.2281 -0.7197 0.6557
vn 0.2872 -0.7468 0.5997
vn 0.2875 -0.7133 0.6392
vn -0.0654 0.7540 0.6536
vn -0.0763 0.7678 0.6360
vn -0.0428 0.7444 0.6663
vn 0.0772 0.0654 -0.9948
vn 0.0188 0.7359 -0.6768
vn -0.3291 0.5405 -0.7742
vn 0.1135 -0.2260 0.9675
vn -0.3023 -0.5892 0.7493
vn -0.2360 -0.6301 0.7398
vn -0.1172 -0.6138 0.7807
vn 0.0328 -0.6631 0.7478
vn 0.1129 -0.6552 0.7469
vn 0.1688 -0.6436 0.7465
vn 0.2215 -0.6127 0.7586
vn 0.2478 -0.5659 0.7863
vn 0.2645 -0.6254 0.7341
vn 0.1775 -0.5413 0.8218
vn 0.1213 -0.5599 0.8196
vn 0.1358 -0.6999 0.7012
vn 0.2842 -0.8290 0.4816
vn 0.1371 -0.7557 0.6404
vn -0.0972 0.7531 0.6507
vn -0.5007 -0.5626 -0.6578
vn 0.0611 0.7067 -0.7048
vn -0.3750 0.5673 -0.7332
vn 0.1666 0.7914 0.5882
vn -0.3222 -0.5828 0.7460
vn -0.2527 -0.5856 0.7702
vn -0.1610 -0.5561 0.8154
vn 0.0226 -0.6316 0.7750
vn 0.0977 -0.6217 0.7772
vn 0.1645 -0.6204 0.7668
vn 0.2166 -0.6148 0.7583
vn 0.2306 -0.6054 0.7618
vn 0.3138 -0.6227 0.7167
vn 0.2581 -0.5645 0.7840
vn 0.0551 -0.3450 0.9369
vn 0.1555 -0.4895 0.8580
vn 0.2351 -0.7621 0.6032
vn 0.2384 -0.8273 0.5086
vn 0.0887 -0.7286 0.6791
vn -0.1030 0.5455 0.8318
vn 0.2731 -0.5090 0.8162
vn -0.3127 -0.5503 0.7742
vn -0.2608 -0.5471 0.7953
vn -0.1955 -0.5050 0.8407
vn 0.0141 -0.6140 0.7892
vn 0.0203 -0.6173 0.7864
vn 0.0851 -0.5977 0.7972
vn 0.1509 -0.6006 0.7852
vn 0.1956 -0.6101 0.7678
vn 0.2478 -0.6431 0.7246
vn 0.3042 -0.5962 0.7429
vn 0.3076 -0.5845 0.7508
vn 0.2837 -0.5241 0.8030
vn -0.2341 -0.4266 0.8736
vn -0.0090 -0.5326 0.8463
vn 0.3406 -0.7366 0.5842
vn 0.3616 -0.7458 0.5594
vn 0.2250 -0.6120 0.7581
vn 0.3189 -0.5923 0.7398
vn -0.0303 -0.5631 0.8258
vn 0.0863 0.7752 0.6258
vn 0.5268 0.3829 0.7589
vn 0.8918 0.0745 0.4462
vn -0.2422 -0.5412 0.8052
vn -0.2659 -0.5121 0.8167
vn -0.2043 -0.4682 0.8597
vn -0.0455 -0.5315 0.8458
vn 0.0787 -0.5717 0.8167
vn 0.0782 -0.5827 0.8089
vn 0.1349 -0.5868 0.7984
vn 0.1772 -0.6049 0.7763
vn 0.2325 -0.6244 0.7457
vn 0.3007 -0.5955 0.7449
vn 0.4080 -0.5552 0.7247
vn 0.4162 -0.5447 0.7281
vn -0.0153 -0.6758 0.7369
vn 0.2090 -0.7767 0.5941
vn 0.3142 -0.6462 0.6955
vn 0.4504 -0.7062 0.5463
vn 0.5359 -0.6970 0.4763
vn 0.6452 -0.5947 0.4795
vn 0.1710 -0.1007 0.9801
vn 0.2186 -0.3986 0.8907
vn -0.3204 -0.5181 0.7930
vn -0.2710 -0.4728 0.8384
vn -0.2166 -0.4434 0.8697
vn -0.1067 -0.4647 0.8790
vn 0.0602 -0.5525 0.8313
vn 0.1248 -0.5676 0.8137
vn 0.1602 -0.5606 0.8124
vn 0.2053 -0.5691 0.7962
vn 0.2633 -0.5257 0.8089
vn 0.3998 -0.5526 0.7313
vn -0.2619 -0.6205 0.7392
vn 0.0313 -0.6735 0.7385
vn 0.2892 -0.8252 0.4852
vn 0.4694 -0.7782 0.4172
vn 0.5757 -0.6813 0.4520
vn -0.2222 -0.5001 0.8369
vn -0.3231 -0.4965 0.8056
vn -0.2694 -0.4571 0.8476
vn -0.2227 -0.4340 0.8730
vn -0.1241 -0.4663 0.8759
vn 0.0046 -0.4761 0.8793
vn 0.1127 -0.5028 0.8570
vn 0.1173 -0.5339 0.8373
vn 0.1570 -0.5222 0.8382
vn 0.1857 -0.5074 0.8415
vn 0.2397 -0.4674 0.8509
vn 0.3695 -0.4839 0.7932
vn 0.0373 -0.6321 0.7740
vn 0.0197 -0.7187 0.6950
vn 0.0008 -0.6512 0.7588
vn 0.4466 -0.5264 0.7234
vn -0.6351 -0.3029 0.7106
vn 0.3296 -0.3439 0.8792
vn 0.3605 -0.5716 0.7371
vn 0.2301 -0.7815 0.5799
vn 0.2803 -0.2673 0.9219
vn -0.2299 -0.4711 0.8516
vn -0.3275 -0.4731 0.8179
vn -0.2676 -0.4486 0.8527
vn -0.1407 -0.4342 0.8897
vn -0.0387 -0.4166 0.9082
vn 0.0956 -0.4819 0.8709
vn 0.1454 -0.4798 0.8652
vn 0.1538 -0.5027 0.8506
vn 0.1865 -0.4937 0.8494
vn 0.2402 -0.4426 0.8639
vn 0.3258 -0.4052 0.8542
vn 0.0889 -0.5549 0.8271
vn -0.0473 -0.5721 0.8188
vn 0.4426 -0.5449 0.7121
vn 0.4684 -0.5221 0.7127
vn -0.5070 -0.3031 0.8068
vn 0.4562 -0.4047 0.7925
vn 0.6548 -0.3846 0.6506
vn 0.7618 -0.3716 0.5306
vn -0.2381 -0.4493 0.8610
vn -0.3464 -0.4153 0.8411
vn -0.2774 -0.4224 0.8629
vn -0.2203 -0.4352 0.8730
vn -0.1821 -0.3221 0.9290
vn -0.0493 -0.3918 0.9187
vn 0.0342 -0.3721 0.9275
vn 0.1375 -0.4474 0.8837
vn 0.1862 -0.4747 0.8602
vn 0.2422 -0.4165 0.8762
vn 0.3126 -0.3768 0.8719
vn 0.3388 -0.4114 0.8461
vn -0.2838 -0.3094 0.9076
vn 0.3844 -0.5630 0.7316
vn 0.5112 -0.4813 0.7120
vn 0.5112 -0.4709 0.7189
vn 0.5076 -0.4675 0.7237
vn 0.4685 -0.5144 0.7183
vn -0.2869 -0.1523 0.9458
vn -0.7199 -0.4569 0.5224
vn 0.5846 -0.4419 0.6803
vn 0.8137 -0.3435 0.4689
vn 0.8064 -0.4060 0.4299
vn 0.9307 0.0265 0.3648
vn 0.2178 -0.3143 0.9239
vn -0.2430 -0.4245 0.8722
vn -0.2964 -0.3784 0.8769
vn -0.2176 -0.3851 0.8968
vn -0.1881 -0.2911 0.9380
vn -0.1056 -0.2432 0.9642
vn 0.0049 -0.3110 0.9504
vn 0.0964 -0.3737 0.9225
vn 0.1818 -0.4426 0.8781
vn 0.2420 -0.3922 0.8874
vn 0.3128 -0.3540 0.8814
vn 0.3938 -0.2917 0.8717
vn -0.6965 -0.2497 0.6727
vn 0.2684 -0.6249 0.7331
vn 0.5101 -0.5091 0.6932
vn 0.7103 -0.3580 0.6060
vn 0.7100 -0.3312 0.6214
vn 0.7373 -0.3256 0.5919
vn 0.5380 -0.4626 0.7046
vn 0.7876 -0.3416 0.5127
vn -0.2976 -0.1793 0.9377
vn 0.8235 -0.2303 0.5184
vn 0.8306 -0.2781 0.4824
vn 0.9779 -0.1752 -0.1138
vn 0.0470 -0.4403 0.8966
vn -0.2449 -0.3939 0.8859
vn -0.3627 -0.3570 0.8608
vn -0.3188 -0.3402 0.8846
vn -0.2166 -0.3505 0.9111
vn -0.1457 -0.3424 0.9282
vn -0.1385 -0.1476 0.9793
vn -0.0454 -0.2562 0.9655
vn 0.0534 -0.3245 0.9444
vn 0.1747 -0.4118 0.8944
vn 0.2380 -0.3485 0.9066
vn 0.3092 -0.3182 0.8961
vn 0.3786 -0.2698 0.8853
vn 0.4996 -0.3291 0.8013
vn -0.0692 -0.7097 0.7010
vn 0.5074 -0.5696 0.6465
vn 0.7285 -0.3930 0.5611
vn 0.8186 -0.1951 0.5401
vn 0.8254 -0.1947 0.5298
vn 0.8234 -0.1964 0.5324
vn -0.2991 -0.1797 0.9371
vn 0.8612 -0.1428 0.4877
vn 0.8755 -0.1429 0.4617
vn 0.8402 -0.3323 0.4286
vn -0.1759 -0.3591 0.9166
vn -0.3638 -0.3284 0.8716
vn -0.3321 -0.3244 0.8857
vn -0.2150 -0.3598 0.9079
vn -0.1299 -0.3317 0.9344
vn -0.0910 -0.2881 0.9532
vn -0.1014 -0.1535 0.9829
vn -0.0122 -0.1638 0.9864
vn 0.0260 -0.2468 0.9687
vn 0.1632 -0.3862 0.9078
vn 0.2363 -0.3145 0.9193
vn 0.3044 -0.2878 0.9080
vn 0.3668 -0.2488 0.8964
vn -0.0336 -0.4852 0.8738
vn 0.4500 -0.1640 0.8778
vn 0.5664 -0.3834 0.7295
vn 0.4916 -0.6344 0.5965
vn 0.7294 -0.3571 0.5835
vn 0.8070 -0.1676 0.5662
vn 0.8386 -0.1267 0.5298
vn 0.8536 -0.1475 0.4996
vn 0.8931 -0.1551 0.4222
vn 0.8907 -0.1844 0.4154
vn 0.7631 -0.5150 0.3905
vn -0.0434 -0.3441 0.9379
vn -0.2484 -0.3564 0.9007
vn -0.3625 -0.3112 0.8785
vn -0.3395 -0.3020 0.8908
vn -0.2340 -0.3225 0.9172
vn -0.1404 -0.3049 0.9420
vn -0.0672 -0.3040 0.9503
vn -0.0587 -0.2308 0.9712
vn -0.0308 -0.2832 0.9585
vn 0.0655 -0.1495 0.9866
vn 0.1116 -0.2656 0.9576
vn 0.1988 -0.2282 0.9531
vn 0.3028 -0.2750 0.9125
vn 0.3606 -0.2277 0.9045
vn -0.0464 -0.4593 0.8870
vn 0.1797 -0.6600 0.7295
vn -0.1880 -0.7596 0.6226
vn 0.4188 -0.5841 0.6952
vn 0.7405 -0.2292 0.6317
vn 0.7902 -0.0833 0.6072
vn 0.8063 -0.0776 0.5863
vn 0.7958 -0.4324 0.4238
vn 0.7002 -0.6533 0.2879
vn -0.2365 -0.3137 0.9196
vn -0.2555 -0.3156 0.9138
vn -0.3577 -0.3112 0.8804
vn -0.3414 -0.2805 0.8971
vn -0.2594 -0.2632 0.9292
vn -0.1541 -0.2703 0.9503
vn -0.0746 -0.2719 0.9594
vn -0.0103 -0.1702 0.9853
vn 0.0724 -0.1727 0.9823
vn 0.1579 -0.1617 0.9741
vn 0.2394 -0.1628 0.9572
vn 0.2784 -0.2176 0.9355
vn 0.3521 -0.1970 0.9150
vn 0.4164 -0.1885 0.8894
vn -0.3547 -0.6261 0.6943
vn 0.2576 -0.4950 0.8298
vn 0.7452 -0.2126 0.6320
vn 0.7657 0.0147 0.6429
vn 0.7566 -0.0081 0.6538
vn 0.8591 -0.2075 0.4678
vn 0.5622 -0.5342 -0.6312
vn 0.0633 0.0274 0.9976
vn -0.2748 -0.2905 0.9165
vn -0.3635 -0.2915 0.8848
vn -0.3446 -0.2523 0.9042
vn -0.2744 -0.2287 0.9340
vn -0.1729 -0.2518 0.9522
vn -0.0800 -0.2714 0.9591
vn -0.0301 -0.2575 0.9658
vn 0.0175 -0.2404 0.9705
vn 0.0681 -0.1828 0.9808
vn 0.1516 -0.1694 0.9738
vn 0.2218 -0.1455 0.9642
vn 0.3381 -0.1653 0.9265
vn 0.2274 -0.2224 0.9481
vn 0.4186 -0.1624 0.8935
vn 0.3318 -0.1863 0.9248
vn 0.3802 -0.1169 0.9175
vn -0.4721 -0.5098 0.7192
vn 0.6938 -0.1751 0.6985
vn 0.7600 0.0371 0.6488
vn 0.7195 0.0851 0.6893
vn 0.4964 -0.0372 -0.8673
vn 0.5430 0.1621 -0.8239
vn -0.2831 -0.3413 0.8963
vn 0.0628 -0.0308 0.9975
vn 0.0441 -0.0468 0.9979
vn -0.2654 -0.2771 0.9234
vn -0.3875 -0.2201 0.8952
vn -0.3695 -0.1963 0.9082
vn -0.2809 -0.2064 0.9373
vn -0.1973 -0.2116 0.9572
vn -0.0994 -0.2228 0.9698
vn -0.0374 -0.2131 0.9763
vn 0.0072 -0.1884 0.9821
vn 0.0677 -0.1752 0.9822
vn 0.1373 -0.1457 0.9797
vn 0.2110 -0.1204 0.9700
vn 0.3103 -0.1166 0.9434
vn 0.3870 -0.0992 0.9167
vn 0.2967 -0.2014 0.9335
vn 0.3006 -0.2042 0.9316
vn 0.2785 -0.0203 0.9602
vn 0.1578 -0.4379 0.8851
vn 0.1356 -0.4250 0.8950
vn 0.7784 0.0218 0.6274
vn 0.7954 0.0244 0.6056
vn 0.5277 0.1738 -0.8314
vn -0.8104 -0.5475 0.2083
vn -0.1074 0.0231 0.9939
vn -0.2994 -0.2588 0.9184
vn -0.2711 -0.2420 0.9316
vn -0.3965 -0.1665 0.9028
vn -0.3930 -0.1631 0.9050
vn -0.2785 -0.1999 0.9394
vn -0.2171 -0.1756 0.9602
vn -0.1123 -0.1786 0.9775
vn -0.0542 -0.1354 0.9893
vn -0.0086 -0.1236 0.9923
vn 0.0589 -0.1337 0.9893
vn 0.1258 -0.1128 0.9856
vn 0.2003 -0.0999 0.9746
vn 0.2878 -0.0723 0.9549
vn 0.3549 -0.0549 0.9333
vn 0.3206 -0.1782 0.9303
vn 0.3146 -0.3821 0.8689
vn 0.6556 -0.1411 0.7418
vn 0.8108 0.0306 0.5845
vn 0.6962 0.1979 0.6900
vn -0.1441 -0.7212 0.6775
vn -0.9370 -0.1749 -0.3024
vn -0.7028 0.5666 0.4300
vn -0.3237 -0.2190 0.9204
vn -0.2730 -0.2093 0.9389
vn -0.3817 -0.1716 0.9082
vn -0.4059 -0.1443 0.9024
vn -0.2780 -0.2006 0.9394
vn -0.2303 -0.1512 0.9613
vn -0.1133 -0.1630 0.9801
vn -0.0573 -0.0902 0.9943
vn -0.0267 -0.0673 0.9974
vn 0.0406 -0.0947 0.9947
vn 0.1200 -0.1050 0.9872
vn 0.1905 -0.0829 0.9782
vn 0.2855 -0.0644 0.9562
vn 0.3380 -0.0352 0.9405
vn 0.2886 -0.1051 0.9516
vn 0.3142 -0.0351 0.9487
vn 0.6576 -0.1601 0.7361
vn 0.8314 0.0267 0.5550
vn 0.6824 0.2958 0.6684
vn 0.0505 -0.6601 0.7495
vn 0.3894 0.8273 -0.4048
vn -0.3553 -0.1808 0.9171
vn -0.2791 -0.1848 0.9423
vn -0.3707 -0.1729 0.9125
vn -0.2900 -0.1746 0.9409
vn -0.2300 -0.1187 0.9659
vn -0.1400 -0.0693 0.9877
vn -0.0551 -0.0411 0.9976
vn -0.0440 -0.0219 0.9988
vn 0.0188 -0.0672 0.9976
vn 0.1090 -0.0946 0.9895
vn 0.1790 -0.0548 0.9823
vn 0.2762 -0.0470 0.9599
vn 0.3352 -0.0393 0.9413
vn 0.3614 -0.0327 0.9318
vn 0.4029 0.1073 0.9089
vn 0.6869 -0.2298 0.6894
vn 0.8553 -0.0053 0.5181
vn 0.6681 0.3499 0.6566
vn 0.0294 -0.6394 0.7683
vn 0.0521 -0.0070 0.9986
vn -0.3748 -0.1632 0.9126
vn -0.2914 -0.1576 0.9435
vn -0.4183 -0.1123 0.9013
vn -0.3081 -0.1252 0.9431
vn -0.2257 -0.0754 0.9713
vn -0.1554 0.0064 0.9878
vn -0.0711 0.0150 0.9973
vn -0.0457 -0.0100 0.9989
vn -0.0133 -0.0113 0.9998
vn 0.0888 -0.0552 0.9945
vn 0.1662 -0.0282 0.9857
vn 0.2627 -0.0160 0.9647
vn 0.3095 -0.0036 0.9509
vn 0.3240 0.0296 0.9456
vn 0.2876 0.0833 0.9541
vn 0.5348 0.1104 0.8377
vn -0.4562 -0.7032 0.5454
vn 0.9486 -0.2952 -0.1137
vn 0.5789 0.0370 0.8145
vn 0.0359 0.1310 0.9907
vn -0.3885 -0.1408 0.9106
vn -0.3698 -0.1422 0.9181
vn -0.4274 -0.0871 0.8998
vn -0.3223 -0.1019 0.9411
vn -0.2094 -0.0794 0.9746
vn -0.1547 0.0359 0.9873
vn -0.0865 0.0554 0.9947
vn -0.0613 0.0307 0.9976
vn -0.0297 0.0179 0.9994
vn 0.0615 -0.0117 0.9980
vn 0.1539 -0.0055 0.9881
vn 0.2470 0.0224 0.9687
vn 0.2943 0.0165 0.9555
vn 0.2431 0.1306 0.9611
vn 0.1953 0.1300 0.9721
vn 0.4596 0.0509 0.8867
vn 0.4646 0.0033 0.8855
vn 0.1028 -0.1562 0.9823
vn 0.6262 -0.0438 0.7784
vn -0.3999 -0.1232 0.9082
vn -0.3047 -0.1247 0.9442
vn -0.3681 -0.1144 0.9227
vn -0.4276 -0.0748 0.9008
vn -0.3409 -0.0937 0.9354
vn -0.1921 -0.1130 0.9748
vn -0.1295 0.0116 0.9915
vn -0.0913 0.0836 0.9923
vn -0.0859 0.0963 0.9916
vn -0.0428 0.0554 0.9975
vn 0.0253 0.0514 0.9984
vn 0.1150 0.0832 0.9899
vn 0.2297 0.0646 0.9711
vn 0.2104 0.1325 0.9686
vn 0.1953 0.2365 0.9518
vn 0.4816 -0.0739 0.8733
vn -0.6280 -0.5735 0.5260
vn 0.9855 -0.1560 0.0658
vn 0.6488 -0.2146 0.7301
vn -0.4341 -0.1128 0.8938
vn -0.3134 -0.1011 0.9442
vn -0.3657 -0.0942 0.9259
vn -0.4227 -0.0757 0.9031
vn -0.3606 -0.0648 0.9304
vn -0.2244 -0.0543 0.9730
vn -0.0918 -0.0445 0.9948
vn -0.0714 0.0528 0.9960
vn -0.0841 0.1013 0.9913
vn -0.0678 0.1126 0.9913
vn 0.0063 0.0980 0.9951
vn 0.0758 0.1817 0.9804
vn 0.1950 0.1785 0.9644
vn 0.1867 0.1946 0.9629
vn 0.1574 0.0726 0.9848
vn 0.4291 -0.0680 0.9007
vn 0.3107 -0.0717 0.9478
vn -0.6449 -0.0298 -0.7636
vn -0.8080 -0.0199 0.5888
vn 0.5719 -0.2973 -0.7645
vn 0.6167 -0.3697 0.6950
vn 0.0479 0.4585 0.8874
vn -0.3190 -0.0847 0.9439
vn -0.3652 -0.0742 0.9279
vn -0.4158 -0.0853 0.9054
vn -0.3668 -0.0449 0.9292
vn -0.2756 0.0558 0.9596
vn -0.0936 -0.0493 0.9944
vn -0.0229 -0.0379 0.9990
vn -0.0674 0.0889 0.9937
vn -0.0771 0.1374 0.9875
vn -0.0012 0.1286 0.9917
vn 0.0544 0.2338 0.9707
vn 0.1355 0.1924 0.9719
vn 0.1816 0.0651 0.9812
vn 0.2711 -0.1780 0.9459
vn 0.6709 0.1038 0.7342
vn -0.9156 0.3288 -0.2315
vn -0.4563 0.4021 0.7938
vn -0.5336 0.5105 0.6742
vn 0.8453 -0.5337 0.0236
vn 0.3407 0.3857 -0.8574
vn 0.9088 0.3330 0.2512
vn -0.4606 -0.1080 0.8810
vn -0.3194 -0.0758 0.9446
vn -0.3692 -0.0486 0.9281
vn -0.4266 -0.0349 0.9037
vn -0.3843 0.0006 0.9232
vn -0.2499 -0.0277 0.9679
vn -0.1389 0.0124 0.9902
vn -0.0282 -0.0457 0.9985
vn -0.0191 0.0446 0.9988
vn -0.0714 0.1653 0.9836
vn -0.0190 0.2059 0.9784
vn 0.0364 0.2781 0.9598
vn -0.0662 0.2481 0.9665
vn 0.1906 -0.0703 0.9791
vn 0.2130 -0.0677 0.9747
vn 0.2072 0.0079 0.9782
vn 0.8233 -0.4301 -0.3704
vn 0.2394 -0.4008 -0.8843
vn 0.1754 0.2551 0.9508
vn 0.4820 0.4725 0.7378
vn -0.3184 -0.0708 0.9453
vn -0.3644 -0.0252 0.9309
vn -0.4355 0.0099 0.9001
vn -0.3837 0.0298 0.9229
vn -0.2705 0.0240 0.9624
vn -0.0971 0.0556 0.9937
vn 0.0584 -0.1265 0.9902
vn -0.0150 0.0157 0.9998
vn 0.0356 0.2148 0.9760
vn 0.0770 0.1382 0.9874
vn 0.0425 0.0824 0.9957
vn 0.1263 0.0224 0.9917
vn 0.1847 0.0563 0.9812
vn 0.1876 0.0165 0.9821
vn 0.1197 -0.3261 -0.9377
vn -0.8248 -0.2861 -0.4876
vn 0.1981 0.2002 0.9595
vn -0.4882 -0.0779 0.8692
vn -0.3271 -0.0554 0.9433
vn -0.3529 -0.0110 0.9356
vn -0.4227 -0.0179 0.9061
vn -0.3640 0.0099 0.9313
vn -0.3119 0.1610 0.9363
vn -0.1903 0.1213 0.9742
vn -0.1113 0.1136 0.9872
vn -0.0246 -0.0177 0.9995
vn 0.0490 -0.0571 0.9972
vn 0.6108 0.2814 0.7401
vn 0.1103 -0.0582 0.9922
vn 0.1462 0.0659 0.9870
vn 0.1702 0.0792 0.9822
vn 0.1806 0.0105 0.9835
vn 0.7136 -0.2456 -0.6561
vn -0.8180 0.0632 0.5718
vn -0.9073 -0.1958 -0.3720
vn 0.1485 0.1921 0.9701
vn -0.5199 -0.0317 0.8536
vn -0.3450 -0.0359 0.9379
vn -0.3496 0.0052 0.9369
vn -0.4154 -0.0302 0.9091
vn -0.3620 0.0033 0.9322
vn -0.2775 0.1175 0.9535
vn -0.2453 0.2206 0.9440
vn -0.1608 0.1763 0.9711
vn -0.0994 0.1034 0.9897
vn -0.1157 0.1233 0.9856
vn -0.0380 0.1064 0.9936
vn 0.1007 -0.0139 0.9948
vn 0.0762 0.0374 0.9964
vn 0.0804 0.1736 0.9815
vn 0.1072 0.1905 0.9758
vn 0.1206 0.0876 0.9888
vn 0.1924 -0.0515 0.9799
vn 0.9956 0.0076 -0.0930
vn 0.6168 -0.0338 -0.7863
vn -0.7349 -0.0502 0.6763
vn 0.8809 0.3958 0.2596
vn -0.5425 0.0216 0.8397
vn -0.3682 -0.0210 0.9295
vn -0.3505 0.0237 0.9362
vn -0.4186 -0.0111 0.9081
vn -0.3854 0.0170 0.9226
vn -0.2210 0.0165 0.9751
vn -0.2413 0.1754 0.9544
vn -0.1924 0.1960 0.9615
vn -0.1051 0.1552 0.9823
vn 0.0456 0.0504 0.9977
vn -0.0304 0.1638 0.9860
vn 0.0165 0.1903 0.9816
vn 0.1218 0.1354 0.9832
vn 0.1093 0.0141 0.9939
vn 0.1724 -0.1300 0.9764
vn 0.0757 0.1000 0.9921
vn -0.8885 0.4125 0.2009
vn -0.7572 -0.0125 0.6530
vn 0.5761 0.8001 0.1671
vn 0.1553 0.0904 0.9837
vn -0.5434 0.0781 0.8358
vn -0.3805 -0.0075 0.9247
vn -0.4175 0.0004 0.9087
vn -0.4111 0.0300 0.9111
vn -0.1973 -0.0496 0.9791
vn -0.1174 -0.0531 0.9916
vn -0.7100 -0.2003 0.6751
vn -0.1273 0.1724 0.9767
vn -0.0836 0.1736 0.9812
vn -0.1077 0.2163 0.9704
vn -0.0562 0.2004 0.9781
vn 0.0436 0.2143 0.9758
vn 0.0986 0.0984 0.9902
vn 0.1125 -0.0484 0.9925
vn 0.1166 -0.1198 0.9859
vn -0.5806 0.3272 0.7455
vn 0.4200 0.1030 0.9016
vn -0.7678 0.0084 0.6406
vn 0.1580 0.3019 0.9402
vn 0.9001 0.3904 -0.1932
vn 0.9097 0.3170 0.2682
vn 0.1800 0.0268 0.9833
vn 0.2209 -0.0311 0.9748
vn -0.4056 0.0110 0.9140
vn -0.3530 0.0427 0.9346
vn -0.4153 0.0216 0.9094
vn -0.4335 0.0569 0.8993
vn -0.2180 -0.0735 0.9731
vn -0.0870 -0.0939 0.9918
vn -0.6769 -0.1132 0.7273
vn -0.1054 0.1065 0.9887
vn -0.0694 0.1500 0.9862
vn -0.0377 0.1545 0.9873
vn 0.0089 0.2039 0.9789
vn 0.0418 0.1776 0.9832
vn 0.0508 0.0874 0.9948
vn 0.1012 -0.0781 0.9918
vn 0.0755 -0.0829 0.9937
vn 0.0871 0.4592 0.8840
vn -0.8203 0.1052 0.5622
vn 0.8368 0.5325 -0.1266
vn 0.8159 0.3484 0.4615
vn 0.2461 -0.0079 0.9692
vn -0.5280 0.1915 0.8273
vn -0.3555 0.0563 0.9330
vn -0.4129 0.0396 0.9099
vn -0.4395 0.0723 0.8953
vn -0.2842 -0.0220 0.9585
vn -0.1289 -0.0333 0.9911
vn -0.1018 -0.0583 0.9931
vn -0.0427 -0.1054 0.9935
vn -0.0548 0.1010 0.9933
vn -0.0132 0.0810 0.9966
vn 0.0295 0.1352 0.9904
vn 0.0650 0.1177 0.9909
vn 0.0251 0.0504 0.9984
vn 0.0500 -0.0871 0.9949
vn 0.0455 -0.0772 0.9960
vn 0.0861 0.4878 0.8687
vn -0.7934 0.0533 0.6063
vn 0.0002 0.9947 0.1031
vn 0.9048 0.4078 -0.1225
vn 0.2234 0.8145 0.5354
vn 0.3032 0.0113 0.9528
vn -0.4746 0.2752 0.8360
vn -0.4371 0.0121 0.8993
vn -0.3457 0.0472 0.9371
vn -0.4084 0.0492 0.9114
vn -0.4321 0.0690 0.8992
vn -0.4216 0.0907 0.9022
vn -0.3605 0.0467 0.9316
vn -0.1446 -0.0414 0.9886
vn -0.0541 -0.0652 0.9964
vn -0.0244 -0.0387 0.9989
vn -0.0335 0.0336 0.9989
vn 0.0013 0.0476 0.9988
vn 0.0457 0.0892 0.9949
vn 0.0689 0.0805 0.9944
vn 0.0363 -0.0061 0.9993
vn 0.0367 -0.0442 0.9983
vn 0.0398 -0.0809 0.9959
vn 0.0193 -0.0901 0.9957
vn -0.8819 0.1229 0.4551
vn -0.1062 0.5433 0.8328
vn 0.5247 0.6443 0.5563
vn 0.8044 0.1743 0.5679
vn 0.3351 -0.0123 0.9421
vn -0.4591 0.0187 0.8881
vn -0.3408 0.0385 0.9393
vn -0.4023 0.0557 0.9138
vn -0.4239 0.0801 0.9022
vn -0.4520 0.1119 0.8849
vn -0.2514 0.0266 0.9675
vn -0.1766 -0.0407 0.9834
vn -0.0738 -0.0206 0.9970
vn -0.0211 -0.0274 0.9994
vn -0.0085 -0.0073 0.9999
vn 0.0194 0.0330 0.9992
vn 0.0393 0.0940 0.9948
vn 0.0728 0.0431 0.9964
vn 0.0473 0.0395 0.9981
vn 0.0363 -0.1065 0.9936
vn 0.0275 -0.0998 0.9946
vn -0.7515 -0.0117 0.6597
vn 0.8364 0.1099 0.5370
vn 0.4181 0.0618 0.9063
vn -0.3645 0.4394 0.8210
vn -0.5022 0.0416 0.8637
vn -0.3464 0.0472 0.9369
vn -0.3939 0.0622 0.9170
vn -0.4144 0.0849 0.9061
vn -0.4631 0.1324 0.8763
vn -0.3283 0.0776 0.9414
vn -0.0905 -0.0243 0.9956
vn -0.0876 0.0215 0.9959
vn -0.0415 0.0321 0.9986
vn -0.0048 0.0023 1.0000
vn 0.0354 0.0214 0.9991
vn 0.0352 0.0951 0.9948
vn 0.0584 0.0627 0.9963
vn 0.0154 0.0249 0.9995
vn 0.0302 -0.1430 0.9892
vn -0.7927 0.0538 0.6072
vn -0.5610 0.2905 0.7751
vn 0.6443 0.3150 0.6969
vn 0.5500 0.1333 0.8244
vn -0.2836 0.5139 0.8096
vn -0.5428 0.0442 0.8386
vn -0.3536 0.0430 0.9344
vn -0.3713 0.0616 0.9265
vn -0.4040 0.0988 0.9094
vn -0.4714 0.1675 0.8658
vn -0.3818 0.1017 0.9186
vn -0.1549 0.0432 0.9870
vn -0.0883 0.0094 0.9960
vn -0.0352 -0.0136 0.9993
vn -0.0297 -0.0040 0.9995
vn -0.0117 0.0016 0.9999
vn 0.0408 0.0204 0.9989
vn 0.0682 0.0404 0.9968
vn 0.0157 -0.0302 0.9994
vn 0.0089 -0.1250 0.9921
vn -0.0052 -0.1463 0.9892
vn -0.9214 0.1182 0.3701
vn -0.4394 0.3997 0.8044
vn 0.0739 0.6912 0.7189
vn 0.6440 0.2066 0.7366
vn -0.1955 0.5183 0.8325
vn -0.5670 0.0530 0.8220
vn -0.3926 0.0823 0.9160
vn -0.3898 0.0823 0.9172
vn -0.3861 0.1138 0.9154
vn -0.4580 0.1570 0.8750
vn -0.4340 0.1426 0.8895
vn -0.2068 0.0912 0.9741
vn -0.0492 0.0227 0.9985
vn -0.0153 0.0167 0.9997
vn -0.0125 0.0009 0.9999
vn 0.0399 0.0267 0.9988
vn 0.0672 0.0237 0.9974
vn 0.0081 -0.0613 0.9981
vn -0.0332 -0.1140 0.9929
vn 0.0134 -0.1210 0.9926
vn 0.0915 0.1180 0.9888
vn -0.8143 0.1085 0.5702
vn -0.4417 0.4243 0.7905
vn -0.1170 0.5455 0.8299
vn 0.0227 0.6747 0.7377
vn 0.3731 0.4916 0.7868
vn 0.6663 0.3208 0.6731
vn -0.6233 0.0764 0.7782
vn -0.3996 0.0831 0.9129
vn -0.3912 0.0971 0.9151
vn -0.3703 0.1108 0.9222
vn -0.4283 0.1196 0.8957
vn -0.4766 0.1899 0.8583
vn -0.2659 0.1332 0.9547
vn -0.0835 0.0703 0.9940
vn -0.0618 0.0593 0.9963
vn -0.0233 0.0402 0.9989
vn 0.0288 0.0477 0.9984
vn 0.0522 0.0055 0.9986
vn 0.0030 -0.1448 0.9894
vn 0.0748 0.2426 0.9672
vn -0.8348 0.1693 0.5238
vn -0.4462 0.4497 0.7738
vn -0.4550 0.4484 0.7693
vn -0.1108 0.6426 0.7581
vn 0.2288 0.5199 0.8230
vn -0.0844 0.3927 0.9158
vn -0.6811 0.1355 0.7196
vn -0.4351 0.0965 0.8952
vn -0.3908 0.1008 0.9149
vn -0.3660 0.1061 0.9245
vn -0.4098 0.1171 0.9046
vn -0.4770 0.2077 0.8539
vn -0.3376 0.1835 0.9232
vn -0.1581 0.1408 0.9773
vn -0.1097 0.1032 0.9886
vn -0.0313 0.0513 0.9982
vn 0.0158 0.0609 0.9980
vn 0.0237 -0.0055 0.9997
vn 0.0105 -0.0304 0.9995
vn 0.0074 -0.1040 0.9945
vn 0.0104 -0.1227 0.9924
vn -0.7873 0.2530 0.5623
vn -0.7239 0.2641 0.6373
vn -0.0502 0.5815 0.8119
vn -0.1938 0.5897 0.7840
vn 0.5863 0.4133 0.6967
vn 0.0326 0.1273 0.9913
vn 0.4896 0.1815 0.8528
vn -0.4934 0.0918 0.8649
vn -0.3834 0.0837 0.9197
vn -0.3592 0.0947 0.9284
vn -0.3907 0.1230 0.9122
vn -0.4783 0.2375 0.8455
vn -0.3723 0.1854 0.9094
vn -0.2156 0.1615 0.9630
vn -0.0640 0.0902 0.9938
vn -0.0474 0.0810 0.9956
vn 0.0030 0.0505 0.9987
vn -0.0136 -0.0354 0.9993
vn -0.0369 -0.0420 0.9984
vn -0.0647 -0.0385 0.9971
vn -0.0195 -0.0819 0.9964
vn -0.4516 0.4335 0.7798
vn -0.4347 0.4486 0.7809
vn 0.1573 0.4918 0.8564
vn 0.1529 0.4559 0.8768
vn 0.7727 0.3283 0.5433
vn -0.6963 0.2105 0.6862
vn -0.5434 0.0771 0.8359
vn -0.3735 0.0475 0.9264
vn -0.3447 0.0731 0.9358
vn -0.3499 0.1083 0.9305
vn -0.4661 0.2453 0.8500
vn -0.3926 0.1749 0.9029
vn -0.2393 0.1506 0.9592
vn -0.0977 0.0803 0.9919
vn -0.0678 0.0633 0.9957
vn -0.0190 0.0512 0.9985
vn -0.0309 0.0389 0.9987
vn -0.0467 0.0327 0.9984
vn -0.0763 0.0428 0.9962
vn -0.0733 -0.0576 0.9956
vn -0.7147 0.2494 0.6534
vn -0.7161 0.2862 0.6366
vn 0.0291 0.6047 0.7959
vn -0.3273 0.4603 0.8252
vn 0.0829 0.4486 0.8899
vn 0.5030 0.4551 0.7347
vn 0.5147 0.3882 0.7644
vn -0.6169 0.1150 0.7786
vn -0.3680 0.0018 0.9298
vn -0.3255 0.0359 0.9449
vn -0.2948 0.0634 0.9534
vn -0.3985 0.1241 0.9087
vn -0.4230 0.1610 0.8917
vn -0.2431 0.1051 0.9643
vn -0.1411 0.1058 0.9843
vn -0.0730 -0.1183 0.9903
vn -0.0053 0.2264 0.9740
vn -0.4194 0.4455 0.7909
vn -0.4096 0.4108 0.8145
vn 0.9116 0.3254 0.2510
vn -0.4030 0.3078 0.8618
vn 0.0434 0.3981 0.9163
vn 0.8406 0.3967 0.3688
vn -0.6371 0.1212 0.7612
vn -0.4294 0.0133 0.9030
vn -0.3785 -0.0107 0.9255
vn -0.3021 -0.0167 0.9531
vn -0.2495 0.0008 0.9684
vn -0.3381 0.0122 0.9410
vn -0.4346 0.1569 0.8868
vn -0.2558 0.0649 0.9645
vn -0.1590 0.1020 0.9820
vn -0.1249 0.0594 0.9904
vn -0.1525 0.0442 0.9873
vn 0.0649 0.4842 0.8725
vn -0.7396 0.2978 0.6036
vn -0.4136 0.3726 0.8307
vn -0.0399 0.5630 0.8255
vn -0.9058 -0.2470 0.3443
vn -0.3092 0.2904 0.9055
vn 0.4872 0.3750 0.7886
vn 0.4537 0.3919 0.8003
vn 0.9071 0.3875 0.1646
vn -0.4868 0.0180 0.8733
vn -0.3001 -0.0884 0.9498
vn -0.2909 -0.0619 0.9547
vn -0.2248 -0.0402 0.9736
vn -0.3023 -0.0605 0.9513
vn -0.2529 0.0346 0.9669
vn -0.1640 0.0881 0.9825
vn -0.1497 0.0053 0.9887
vn -0.1604 -0.0256 0.9867
vn -0.1021 0.0098 0.9947
vn -0.7624 0.2664 0.5896
vn 0.0482 0.6604 0.7493
vn 0.0104 0.3744 0.9272
vn -0.0259 0.3685 0.9293
vn 0.7351 0.3045 0.6057
vn -0.5629 0.0448 0.8253
vn -0.3267 -0.1049 0.9393
vn -0.2076 -0.0789 0.9750
vn -0.2516 -0.1039 0.9622
vn -0.3275 0.0972 0.9398
vn -0.1715 0.0750 0.9823
vn -0.1826 0.0604 0.9813
vn -0.2206 0.0562 0.9737
vn -0.1148 0.0146 0.9933
vn -0.7413 0.1581 0.6522
vn -0.4091 0.3945 0.8228
vn -0.3816 0.3049 0.8726
vn -0.1024 0.3854 0.9171
vn 0.4129 0.3997 0.8183
vn 0.6718 0.2680 0.6905
vn -0.6214 0.0972 0.7774
vn -0.3637 -0.0896 0.9272
vn -0.1963 -0.1184 0.9734
vn -0.4132 0.2075 0.8867
vn -0.3535 0.1074 0.9292
vn -0.3708 0.1246 0.9203
vn -0.2047 -0.0801 0.9755
vn -0.7233 0.1631 0.6710
vn -0.3381 0.5889 0.7341
vn -0.4534 0.3029 0.8382
vn 0.3633 0.4080 0.8375
vn 0.6306 0.2724 0.7267
vn -0.4908 0.0437 0.8702
vn -0.2423 -0.0720 0.9675
vn -0.2101 -0.1064 0.9719
vn -0.1827 -0.0992 0.9781
vn -0.3044 -0.0119 0.9525
vn -0.2454 -0.0757 0.9664
vn -0.3374 0.0380 0.9406
vn -0.1941 0.1119 0.9745
vn -0.8983 0.0916 0.4296
vn 0.3808 0.5330 0.7555
vn -0.2840 0.6887 0.6671
vn -0.2079 0.4280 0.8795
vn 0.2938 0.4301 0.8536
vn 0.5483 0.3180 0.7735
vn -0.6595 0.2425 0.7114
vn -0.2976 -0.0169 0.9545
vn -0.1497 -0.0840 0.9851
vn -0.1522 -0.0775 0.9853
vn -0.1996 -0.1255 0.9718
vn -0.3135 -0.0146 0.9495
vn -0.1980 0.3708 0.9073
vn -0.9263 -0.3117 -0.2115
vn -0.3153 0.6413 0.6995
vn -0.4771 0.3100 0.8223
vn 0.2189 0.4204 0.8805
vn 0.4505 0.3933 0.8014
vn 0.7626 0.0253 0.6463
vn -0.4799 0.1854 0.8575
vn -0.2179 -0.0468 0.9748
vn -0.1676 -0.0838 0.9823
vn -0.1700 -0.1438 0.9749
vn -0.2782 -0.0519 0.9591
vn -0.2518 -0.0068 0.9677
vn -0.9774 0.2021 -0.0616
vn -0.0341 0.6541 0.7556
vn 0.6701 -0.2294 -0.7059
vn 0.8251 0.5230 -0.2136
vn 0.6256 0.7672 -0.1415
vn -0.3437 0.4699 0.8130
vn 0.1974 0.3981 0.8958
vn 0.3774 0.4339 0.8181
vn 0.6498 0.1079 0.7524
vn 0.5972 -0.0773 0.7983
vn 0.8460 -0.0234 0.5327
vn -0.6847 0.4738 0.5538
vn -0.4372 0.2550 0.8625
vn -0.1774 -0.1071 0.9783
vn -0.2379 0.0541 0.9698
vn -0.3627 0.6434 0.6741
vn -0.6138 0.6777 0.4048
vn 0.5280 0.5363 0.6585
vn 0.1569 -0.5444 -0.8240
vn -0.4927 0.3652 0.7898
vn 0.0651 0.4470 0.8921
vn 0.3529 0.4088 0.8416
vn 0.5605 0.1932 0.8053
vn 0.4913 0.2295 0.8402
vn 0.7474 -0.3362 0.5730
vn 0.7082 -0.2607 0.6561
vn 0.8816 -0.0190 0.4716
vn -0.7439 0.5678 0.3525
vn -0.6040 0.6027 0.5214
vn -0.3936 0.3112 0.8650
vn -0.6457 0.5459 0.5338
vn -0.7134 0.4441 0.5419
vn 0.1913 -0.2095 -0.9589
vn 0.0928 -0.7644 -0.6381
vn -0.4378 0.4667 0.7684
vn -0.0614 0.4442 0.8938
vn 0.3587 0.3512 0.8648
vn 0.4639 0.2122 0.8601
vn 0.7159 -0.6479 -0.2601
vn 0.7240 -0.2547 0.6410
vn 0.9296 0.1227 0.3476
vn 0.9009 0.2523 0.3530
vn -0.6548 0.6371 0.4064
vn -0.5675 0.5158 0.6418
vn -0.0812 0.3001 0.9504
vn 0.9869 0.1191 -0.1089
vn 0.4496 -0.4704 -0.7593
vn 0.1658 -0.6815 -0.7127
vn -0.4170 0.3018 0.8573
vn -0.4028 0.4375 0.8039
vn 0.3179 0.3048 0.8978
vn 0.4966 0.2280 0.8375
vn 0.2773 -0.0905 0.9565
vn 0.4557 -0.1420 0.8787
vn 0.9670 0.2538 0.0221
vn -0.9297 0.0573 -0.3639
vn 0.0380 -0.6540 -0.7555
vn -0.3924 0.2992 0.8697
vn -0.3243 0.3232 0.8890
vn -0.1359 0.4024 0.9053
vn 0.5142 0.1912 0.8361
vn 0.5695 0.0398 0.8210
vn 0.1036 -0.1337 0.9856
vn 0.9104 -0.0081 0.4136
vn -0.5824 -0.2776 -0.7640
vn -0.6263 -0.5214 0.5795
vn 0.4403 -0.5784 -0.6867
vn -0.3150 0.3022 0.8997
vn 0.2694 0.2465 0.9309
vn 0.2672 0.1978 0.9431
vn 0.4524 0.1852 0.8723
vn 0.6654 0.0200 0.7462
vn 0.5485 0.0003 0.8361
vn -0.3312 -0.2637 -0.9059
vn -0.7294 -0.4169 -0.5423
vn 0.2879 -0.5394 -0.7913
vn -0.3771 0.3502 0.8574
vn -0.1914 0.3626 0.9121
vn 0.1811 0.2009 0.9627
vn 0.3921 0.1982 0.8983
vn 0.5885 0.0707 0.8054
vn 0.6617 -0.0494 0.7481
vn 0.7502 -0.0042 0.6611
vn 0.2734 -0.1655 -0.9475
vn -0.8021 -0.5770 -0.1535
vn 0.3067 -0.6260 -0.7170
vn 0.6352 -0.5122 -0.5780
vn -0.3221 0.3307 0.8871
vn -0.3168 0.3742 0.8715
vn 0.0543 0.2239 0.9731
vn 0.3422 0.1932 0.9195
vn 0.5322 0.0879 0.8420
vn 0.6201 -0.0264 0.7841
vn 0.6542 -0.2147 0.7252
vn 0.6376 -0.3886 0.6651
vn 0.9356 0.0620 0.3475
vn 0.7474 0.4354 0.5018
vn -0.4733 -0.3281 -0.8175
vn -0.9457 -0.2900 0.1465
vn 0.7011 -0.4083 -0.5846
vn 0.7573 0.3706 -0.5377
vn -0.3272 0.3634 0.8722
vn -0.3728 0.3644 0.8534
vn -0.1157 0.3069 0.9447
vn 0.3108 0.1737 0.9344
vn 0.4896 0.0863 0.8676
vn 0.5796 -0.0018 0.8149
vn 0.6031 -0.1694 0.7794
vn 0.5885 -0.3294 0.7383
vn 0.5369 -0.4519 0.7123
vn 0.6858 -0.4255 0.5904
vn -0.3831 0.3474 0.8558
vn 0.7518 -0.4760 0.4562
vn -0.8123 0.2452 -0.5293
vn -0.9269 0.0604 0.3703
vn 0.7504 -0.2763 -0.6004
vn -0.3496 0.3039 0.8862
vn -0.2723 0.3612 0.8918
vn -0.3499 0.2511 0.9025
vn 0.2238 0.1772 0.9584
vn 0.4249 0.1205 0.8972
vn 0.5333 0.0229 0.8456
vn 0.5586 -0.1310 0.8190
vn 0.5289 -0.2649 0.8062
vn 0.5047 -0.3980 0.7660
vn 0.4368 -0.4524 0.7775
vn 0.5622 -0.5024 0.6568
vn 0.5675 -0.5547 0.6084
vn 0.7381 -0.4453 0.5068
vn -0.8456 0.5134 -0.1460
vn 0.4261 -0.4878 -0.7619
vn 0.5070 0.4238 -0.7505
vn -0.3076 0.4373 0.8451
vn 0.0954 0.2376 0.9666
vn 0.2985 0.2132 0.9303
vn 0.4663 0.0512 0.8831
vn 0.5233 -0.0979 0.8465
vn 0.4736 -0.2055 0.8564
vn 0.4506 -0.3175 0.8343
vn 0.4089 -0.3687 0.8348
vn 0.3609 -0.4509 0.8163
vn 0.4540 -0.5177 0.7251
vn 0.4629 -0.5680 0.6805
vn 0.4584 -0.5717 0.6804
vn 0.5520 -0.5864 0.5928
vn 0.5531 -0.3449 -0.7583
vn 0.4316 0.2449 -0.8682
vn 0.6360 0.6729 -0.3777
vn -0.3732 0.1973 0.9065
vn -0.1873 0.4328 0.8818
vn 0.1229 0.3325 0.9351
vn 0.3200 0.1684 0.9323
vn 0.4908 -0.0688 0.8685
vn 0.4358 -0.1655 0.8847
vn 0.3939 -0.2242 0.8914
vn 0.3628 -0.2455 0.8989
vn 0.3355 -0.3552 0.8725
vn 0.3740 -0.5225 0.7662
vn 0.3754 -0.5801 0.7229
vn 0.3650 -0.6037 0.7087
vn 0.4364 -0.5651 0.7001
vn 0.4155 -0.5413 0.7309
vn 0.6872 -0.1925 -0.7005
vn 0.6250 0.6193 -0.4752
vn 0.9214 0.3255 -0.2120
vn 0.7622 0.5080 -0.4013
vn -0.0678 0.3721 0.9257
vn -0.3352 0.4378 0.8342
vn -0.1236 0.2172 0.9683
vn -0.1512 0.4533 0.8784
vn 0.0626 0.3959 0.9161
vn 0.4078 0.0200 0.9128
vn 0.3814 -0.0864 0.9203
vn 0.3351 -0.0968 0.9372
vn 0.2938 -0.0743 0.9530
vn 0.2938 -0.2339 0.9268
vn 0.3100 -0.4390 0.8433
vn 0.3250 -0.5026 0.8011
vn 0.3238 -0.5513 0.7689
vn 0.3080 -0.5850 0.7502
vn 0.3522 -0.6023 0.7163
vn 0.3462 -0.6060 0.7161
vn 0.4892 -0.5298 -0.6928
vn 0.7815 -0.3256 -0.5322
vn 0.5170 0.3819 -0.7660
vn 0.7174 0.3491 -0.6028
vn 0.6817 0.6050 -0.4114
vn 0.5194 0.5662 0.6400
vn -0.2488 0.5445 0.8010
vn -0.1277 0.3223 0.9380
vn -0.2177 0.5111 0.8315
vn 0.2132 0.2482 0.9449
vn 0.2279 0.1679 0.9591
vn 0.2016 0.1627 0.9658
vn 0.1671 0.1751 0.9702
vn 0.2295 -0.0656 0.9711
vn 0.2742 -0.3443 0.8979
vn 0.2901 -0.4232 0.8583
vn 0.2920 -0.4700 0.8329
vn 0.2788 -0.4973 0.8215
vn 0.2548 -0.5163 0.8176
vn 0.2832 -0.5950 0.7521
vn 0.2609 -0.6020 0.7546
vn 0.2401 -0.6089 0.7560
vn 0.3339 -0.5272 0.7813
vn 0.5962 -0.2808 -0.7521
vn 0.8515 -0.1655 -0.4975
vn 0.8839 0.0482 -0.4652
vn 0.4638 0.6511 -0.6008
vn 0.7676 0.5169 -0.3789
vn 0.8047 0.5842 0.1054
vn 0.0170 0.1824 0.9831
vn -0.1256 0.2654 0.9559
vn -0.1510 0.3131 0.9376
vn -0.1015 0.5003 0.8599
vn 0.0331 0.4518 0.8915
vn 0.0505 0.4447 0.8942
vn 0.0435 0.4066 0.9126
vn 0.0426 0.3783 0.9246
vn 0.1102 0.2155 0.9702
vn 0.2094 -0.1894 0.9593
vn 0.2648 -0.3408 0.9021
vn 0.2540 -0.3601 0.8976
vn 0.2435 -0.4010 0.8831
vn 0.2208 -0.4330 0.8739
vn 0.1946 -0.4550 0.8689
vn 0.2268 -0.5364 0.8129
vn 0.2039 -0.5588 0.8038
vn 0.1850 -0.5794 0.7938
vn 0.1661 -0.5848 0.7940
vn 0.2276 -0.5750 0.7858
vn 0.3179 -0.4558 0.8314
vn 0.8185 -0.0461 -0.5726
vn 0.6133 -0.2074 -0.7621
vn 0.6341 0.0747 -0.7696
vn 0.7702 0.3393 -0.5400
vn 0.6836 0.6214 -0.3828
vn 0.7712 0.5152 -0.3738
vn -0.1897 0.4910 0.8502
vn -0.1639 0.3815 0.9097
vn -0.0864 0.4010 0.9120
vn 0.0241 0.4212 0.9066
vn 0.0430 0.4200 0.9065
vn 0.0316 0.4161 0.9087
vn 0.0199 0.4144 0.9098
vn 0.1216 0.0661 0.9904
vn 0.1623 -0.0761 0.9838
vn 0.2556 -0.2473 0.9346
vn 0.2433 -0.1840 0.9523
vn 0.1863 -0.3145 0.9308
vn 0.1571 -0.3598 0.9197
vn 0.1334 -0.3802 0.9152
vn 0.1693 -0.4745 0.8638
vn 0.1524 -0.5040 0.8501
vn 0.1385 -0.5295 0.8369
vn 0.1285 -0.5571 0.8204
vn 0.1294 -0.5930 0.7947
vn 0.1556 -0.5708 0.8061
vn 0.2110 -0.5734 0.7916
vn 0.8284 0.0370 -0.5589
vn 0.8661 -0.1095 -0.4878
vn 0.4630 0.3466 -0.8158
vn 0.7070 0.6461 -0.2876
vn 0.6628 0.6599 -0.3538
vn 0.7766 0.5206 -0.3547
vn -0.0018 0.2500 0.9682
vn 0.1182 0.2687 0.9559
vn 0.1752 0.2076 0.9624
vn 0.1384 0.2693 0.9530
vn 0.1188 0.1988 0.9728
vn 0.0447 0.3221 0.9456
vn 0.1745 0.0910 0.9804
vn 0.0096 0.3405 0.9402
vn 0.0387 0.2196 0.9748
vn 0.2013 0.0484 0.9783
vn 0.2606 0.0329 0.9649
vn 0.1802 0.1780 0.9674
vn 0.1450 0.0317 0.9889
vn 0.1355 -0.1825 0.9738
vn 0.0981 -0.2681 0.9584
vn 0.1117 -0.4276 0.8970
vn 0.0967 -0.4757 0.8742
vn 0.0862 -0.5130 0.8541
vn 0.0862 -0.5410 0.8366
vn -0.1500 -0.5852 0.7969
vn 0.0734 -0.5887 0.8050
vn 0.1626 -0.5860 0.7938
vn 0.5101 0.3517 -0.7849
vn -0.8033 0.0461 -0.5937
vn 0.4801 0.6314 -0.6089
vn 0.4770 0.6563 -0.5845
vn 0.4899 0.6619 -0.5672
vn 0.7911 0.5185 -0.3244
vn -0.1329 0.2968 0.9456
vn 0.0661 0.1462 0.9870
vn 0.1881 0.1885 0.9639
vn 0.1744 0.0478 0.9835
vn 0.2981 -0.0056 0.9545
vn 0.1445 0.2868 0.9470
vn 0.0255 0.2874 0.9575
vn -0.0056 0.2696 0.9630
vn -0.0189 0.3162 0.9485
vn 0.1963 0.2785 0.9401
vn 0.3305 -0.0035 0.9438
vn 0.0247 0.2056 0.9783
vn 0.1122 -0.0730 0.9910
vn 0.1269 -0.1527 0.9801
vn 0.0592 -0.3455 0.9366
vn 0.0495 -0.4316 0.9007
vn -0.1383 -0.5497 0.8238
vn -0.5453 -0.4504 0.7070
vn -0.0565 -0.5815 0.8116
vn 0.1182 -0.6503 0.7504
vn 0.6924 0.1992 -0.6934
vn 0.5037 0.1980 -0.8408
vn 0.0036 0.5644 -0.8255
vn 0.3905 0.2886 -0.8742
vn 0.3083 0.7624 -0.5688
vn 0.6759 0.6282 -0.3854
vn 0.7296 0.5389 -0.4210
vn 0.3617 -0.2814 0.8888
vn 0.1166 0.1100 0.9870
vn 0.0294 0.3268 0.9446
vn 0.1392 0.3755 0.9163
vn 0.3338 -0.0694 0.9401
vn 0.8587 0.0391 -0.5110
vn 0.4587 -0.7425 0.4881
vn -0.3260 -0.4268 0.8435
vn -0.1645 -0.6432 0.7478
vn 0.0189 -0.7763 0.6301
vn 0.8116 -0.5250 0.2560
vn 0.7340 0.6137 -0.2909
vn 0.5142 0.6501 -0.5593
vn 0.5445 0.6321 -0.5512
vn 0.8238 0.4887 -0.2872
vn 0.6255 0.0345 0.7794
vn 0.2802 0.2212 0.9341
vn 0.0607 0.3995 0.9147
vn -0.2658 0.3873 0.8828
vn 0.0320 0.3511 0.9358
vn 0.0109 -0.9657 0.2593
vn -0.2416 -0.7929 0.5593
vn 0.3559 0.7476 -0.5607
vn 0.4002 0.7296 -0.5545
vn 0.5832 0.6052 -0.5418
vn 0.7831 0.4483 -0.4309
vn 0.0875 0.3889 0.9171
vn -0.7239 0.1951 0.6617
vn -0.5496 -0.4541 -0.7012
vn 0.4054 0.7245 -0.5573
vn 0.3131 0.7364 -0.5997
vn 0.4434 0.7013 -0.5582
vn 0.6170 0.5852 -0.5262
vn 0.8269 0.3650 -0.4277
vn 0.9364 0.3404 0.0854
vn 0.2190 0.0363 -0.9750
vn 0.0993 0.6758 -0.7303
vn 0.6943 0.3028 -0.6529
vn 0.6316 0.6037 -0.4864
vn 0.8649 0.3032 -0.3999
vn 0.8993 0.4217 -0.1158
vn 0.4815 -0.7786 -0.4024
vn -0.0856 0.6338 -0.7687
vn 0.2747 0.7809 -0.5610
vn 0.4669 0.6870 -0.5567
vn 0.6478 0.5807 -0.4930
vn 0.6855 0.5308 -0.4983
vn 0.7939 0.1474 -0.5898
vn 0.1257 0.5077 -0.8523
vn 0.9373 0.3344 -0.0984
vn 0.3849 -0.2419 -0.8907
vn 0.9291 0.1227 -0.3487
vn 0.4346 -0.3947 -0.8095
vn 0.4662 -0.4928 -0.7346
vn 0.9167 0.0261 -0.3986
vn 0.4746 -0.5619 -0.6775
vn -0.3238 -0.7969 -0.5100
vn 0.9025 -0.0177 -0.4302
vn 0.3859 -0.6002 -0.7006
vn 0.8727 -0.0251 -0.4875
vn -0.3245 -0.7438 -0.5843
vn 0.2867 -0.4525 -0.8444
vn -0.3157 -0.6539 -0.6876
vn -0.3799 -0.6010 -0.7031
vn 0.8459 0.0240 -0.5327
vn -0.3458 -0.7087 -0.6149
vn -0.2716 -0.6711 -0.6898
vn -0.3946 -0.5949 -0.7003
vn 0.8098 0.1548 -0.5659
vn -0.2354 -0.9012 -0.3637
vn -0.1519 -0.6364 -0.7562
vn -0.1728 -0.7266 -0.6649
vn -0.2865 -0.6035 -0.7441
vn -0.3173 -0.5865 -0.7452
vn 0.1580 -0.4082 -0.8991
vn 0.7354 0.2771 -0.6184
vn -0.1183 -0.8994 -0.4208
vn -0.0547 -0.7599 -0.6477
vn -0.2730 -0.6827 -0.6778
vn -0.4138 -0.5472 -0.7275
vn -0.1283 -0.5414 -0.8309
vn 0.6340 0.4530 -0.6268
vn -0.3597 -0.5351 -0.7643
vn -0.4335 -0.4696 -0.7691
vn 0.4848 0.4034 -0.7760
vn 0.6028 0.5408 -0.5867
vn -0.5736 -0.4793 -0.6643
vn -0.4353 -0.4012 -0.8059
vn -0.1885 -0.4899 -0.8511
vn 0.1385 0.0208 -0.9901
vn -0.4453 -0.3663 -0.8170
vn -0.1955 -0.3645 -0.9104
vn -0.2392 -0.2360 -0.9418
vn -0.4468 -0.4043 -0.7981
vn -0.4537 -0.4220 -0.7848
vn -0.0502 0.0126 -0.9987
vn -0.2963 -0.1184 -0.9477
vn -0.2143 0.0223 -0.9765
vn -0.1686 0.1272 -0.9774
vn -0.1860 0.1388 -0.9727
usemtl Material.001
s 1
f 1/1/1 3/2/2 2/3/3
f 3/2/2 5/4/4 2/3/3
f 2/3/3 5/4/4 4/5/5
f 5/4/4 7/6/6 4/5/5
f 3/2/2 8/7/7 5/4/4
f 4/5/5 7/6/6 6/8/8
f 7/6/6 9/9/9 6/8/8
f 5/4/4 10/10/10 7/6/6
f 8/7/7 10/10/10 5/4/4
f 8/7/7 11/11/11 10/10/10
f 7/6/6 12/12/12 9/9/9
f 10/10/10 12/12/12 7/6/6
f 10/10/10 13/13/13 12/12/12
f 11/11/11 14/14/14 10/10/10
f 10/10/10 14/14/14 13/13/13
f 14/14/14 11/11/11 13/13/13
f 11/11/11 15/15/15 13/13/13
f 11/11/11 16/16/16 15/15/15
f 16/16/16 18/17/17 15/15/15
f 11/11/11 19/18/18 16/16/16
f 15/15/15 20/19/19 17/20/20
f 16/16/16 19/18/18 18/17/17
f 19/18/18 21/21/21 18/17/17
f 15/15/15 23/22/22 20/19/19
f 21/21/21 24/23/23 18/17/17
f 20/19/19 25/24/24 22/25/25
f 23/22/22 25/24/24 20/19/19
f 23/22/22 24/23/23 25/24/24
f 15/15/15 21/21/21 23/22/22
f 21/21/21 26/26/26 24/23/23
f 24/23/23 27/27/27 25/24/24
f 24/23/23 28/28/28 27/27/27
f 26/26/26 29/29/29 24/23/23
f 21/21/21 30/30/30 26/26/26
f 28/28/28 31/31/31 27/27/27
f 28/28/28 32/32/32 31/31/31
f 24/23/23 33/33/33 28/28/28
f 29/29/29 32/32/32 24/23/23
f 26/26/26 34/34/34 29/29/29
f 30/30/30 34/34/34 26/26/26
f 30/30/30 28/28/28 34/34/34
f 32/32/32 35/35/35 31/31/31
f 24/23/23 35/35/35 33/33/33
f 29/29/29 36/36/36 32/32/32
f 34/34/34 37/37/37 29/29/29
f 28/28/28 38/38/38 34/34/34
f 35/35/35 39/39/39 33/33/33
f 36/36/36 40/40/40 32/32/32
f 29/29/29 41/41/41 36/36/36
f 37/37/37 41/41/41 29/29/29
f 37/37/37 42/42/42 41/41/41
f 38/38/38 37/37/37 34/34/34
f 39/39/39 40/40/40 33/33/33
f 35/35/35 43/43/43 39/39/39
f 36/36/36 44/44/44 40/40/40
f 41/41/41 45/45/45 36/36/36
f 42/42/42 45/45/45 41/41/41
f 42/42/42 46/46/46 45/45/45
f 39/39/39 47/47/47 40/40/40
f 43/43/43 48/48/48 39/39/39
f 36/36/36 49/49/49 44/44/44
f 45/45/45 50/50/50 36/36/36
f 39/39/39 48/48/48 47/47/47
f 48/48/48 52/51/51 47/47/47
f 43/43/43 53/52/52 48/48/48
f 49/49/49 54/53/53 44/44/44
f 50/50/50 55/54/54 36/36/36
f 45/45/45 51/55/55 50/50/50
f 51/55/55 56/56/56 50/50/50
f 48/48/48 57/57/57 52/51/51
f 53/52/52 58/58/58 48/48/48
f 43/43/43 59/59/59 53/52/52
f 54/53/53 56/56/56 44/44/44
f 49/49/49 60/60/60 54/53/53
f 50/50/50 44/44/44 55/54/54
f 57/57/57 61/61/61 52/51/51
f 48/48/48 58/58/58 57/57/57
f 58/58/58 61/61/61 57/57/57
f 58/58/58 62/62/62 61/61/61
f 53/52/52 63/63/63 58/58/58
f 59/59/59 64/64/64 53/52/52
f 43/43/43 65/65/65 59/59/59
f 54/53/53 66/66/66 56/56/56
f 60/60/60 67/67/67 54/53/53
f 49/49/49 68/68/68 60/60/60
f 62/62/62 69/69/69 61/61/61
f 58/58/58 63/63/63 62/62/62
f 63/63/63 70/70/70 62/62/62
f 53/52/52 64/64/64 63/63/63
f 64/64/64 70/70/70 63/63/63
f 64/64/64 71/71/71 70/70/70
f 59/59/59 72/72/72 64/64/64
f 65/65/65 73/73/73 59/59/59
f 43/43/43 74/74/74 65/65/65
f 60/60/60 75/75/75 67/67/67
f 68/68/68 75/75/75 60/60/60
f 68/68/68 76/76/76 75/75/75
f 62/62/62 70/70/70 69/69/69
f 70/70/70 77/77/77 69/69/69
f 71/71/71 78/78/78 70/70/70
f 64/64/64 72/72/72 71/71/71
f 72/72/72 79/79/79 71/71/71
f 59/59/59 80/80/80 72/72/72
f 73/73/73 80/80/80 59/59/59
f 73/73/73 81/81/81 80/80/80
f 65/65/65 82/82/82 73/73/73
f 74/74/74 83/83/83 65/65/65
f 68/68/68 85/84/84 76/76/76
f 77/77/77 86/85/85 69/69/69
f 70/70/70 78/78/78 77/77/77
f 78/78/78 87/86/86 77/77/77
f 71/71/71 88/87/87 78/78/78
f 79/79/79 88/87/87 71/71/71
f 79/79/79 89/88/88 88/87/87
f 72/72/72 90/89/89 79/79/79
f 80/80/80 90/89/89 72/72/72
f 80/80/80 81/81/81 90/89/89
f 81/81/81 91/90/90 90/89/89
f 73/73/73 82/82/82 81/81/81
f 82/82/82 92/91/91 81/81/81
f 65/65/65 83/83/83 82/82/82
f 83/83/83 93/92/92 82/82/82
f 76/76/76 85/84/84 84/93/93
f 68/68/68 95/94/94 85/84/84
f 86/85/85 96/95/95 69/69/69
f 77/77/77 87/86/86 86/85/85
f 87/86/86 97/96/96 86/85/85
f 78/78/78 98/97/97 87/86/86
f 88/87/87 98/97/97 78/78/78
f 88/87/87 99/98/98 98/97/97
f 89/88/88 100/99/99 88/87/87
f 79/79/79 101/100/100 89/88/88
f 90/89/89 101/100/100 79/79/79
f 90/89/89 102/101/101 101/100/100
f 91/90/90 102/101/101 90/89/89
f 91/90/90 103/102/102 102/101/101
f 81/81/81 104/103/103 91/90/90
f 92/91/91 104/103/103 81/81/81
f 92/91/91 105/104/104 104/103/103
f 82/82/82 93/92/92 92/91/91
f 93/92/92 106/105/105 92/91/91
f 83/83/83 107/106/106 93/92/92
f 85/84/84 108/107/107 94/108/108
f 95/94/94 108/107/107 85/84/84
f 95/94/94 109/109/109 108/107/107
f 96/95/95 110/110/110 69/69/69
f 86/85/85 111/111/111 96/95/95
f 87/86/86 112/112/112 97/96/96
f 98/97/97 113/113/113 87/86/86
f 99/98/98 114/114/114 98/97/97
f 88/87/87 100/99/99 99/98/98
f 100/99/99 115/115/115 99/98/98
f 89/88/88 116/116/116 100/99/99
f 101/100/100 116/116/116 89/88/88
f 101/100/100 117/117/117 116/116/116
f 102/101/101 117/117/117 101/100/100
f 102/101/101 118/118/118 117/117/117
f 103/102/102 118/118/118 102/101/101
f 103/102/102 119/119/119 118/118/118
f 91/90/90 104/103/103 103/102/102
f 104/103/103 120/120/120 103/102/102
f 105/104/104 120/120/120 104/103/103
f 105/104/104 121/121/121 120/120/120
f 92/91/91 106/105/105 105/104/104
f 106/105/105 122/122/122 105/104/104
f 93/92/92 123/123/123 106/105/105
f 107/106/106 123/123/123 93/92/92
f 107/106/106 124/124/124 123/123/123
f 83/83/83 125/125/125 107/106/106
f 109/109/109 126/126/126 108/107/107
f 109/109/109 127/127/127 126/126/126
f 95/94/94 128/128/128 109/109/109
f 110/110/110 129/129/129 69/69/69
f 111/111/111 130/130/130 96/95/95
f 86/85/85 131/131/131 111/111/111
f 87/86/86 132/132/132 112/112/112
f 113/113/113 132/132/132 87/86/86
f 113/113/113 98/97/97 132/132/132
f 98/97/97 114/114/114 132/132/132
f 114/114/114 133/133/133 132/132/132
f 99/98/98 134/134/134 114/114/114
f 115/115/115 134/134/134 99/98/98
f 115/115/115 135/135/135 134/134/134
f 100/99/99 136/136/136 115/115/115
f 116/116/116 136/136/136 100/99/99
f 116/116/116 137/137/137 136/136/136
f 117/117/117 137/137/137 116/116/116
f 117/117/117 138/138/138 137/137/137
f 118/118/118 138/138/138 117/117/117
f 118/118/118 139/139/139 138/138/138
f 119/119/119 139/139/139 118/118/118
f 119/119/119 140/140/140 139/139/139
f 103/102/102 120/120/120 119/119/119
f 120/120/120 141/141/141 119/119/119
f 121/121/121 141/141/141 120/120/120
f 121/121/121 142/142/142 141/141/141
f 105/104/104 122/122/122 121/121/121
f 122/122/122 143/143/143 121/121/121
f 106/105/105 144/144/144 122/122/122
f 123/123/123 144/144/144 106/105/105
f 123/123/123 145/145/145 144/144/144
f 124/124/124 145/145/145 123/123/123
f 124/124/124 146/146/146 145/145/145
f 107/106/106 125/125/125 124/124/124
f 109/109/109 128/128/128 127/127/127
f 128/128/128 147/147/147 127/127/127
f 129/129/129 148/148/148 69/69/69
f 130/130/130 110/110/110 96/95/95
f 130/130/130 148/148/148 110/110/110
f 111/111/111 149/149/149 130/130/130
f 131/131/131 149/149/149 111/111/111
f 131/131/131 132/132/132 149/149/149
f 86/85/85 150/150/150 131/131/131
f 132/132/132 151/151/151 112/112/112
f 133/133/133 152/152/152 132/132/132
f 114/114/114 153/153/153 133/133/133
f 134/134/134 153/153/153 114/114/114
f 134/134/134 135/135/135 153/153/153
f 135/135/135 154/154/154 153/153/153
f 115/115/115 155/155/155 135/135/135
f 136/136/136 155/155/155 115/115/115
f 136/136/136 156/156/156 155/155/155
f 137/137/137 156/156/156 136/136/136
f 137/137/137 157/157/157 156/156/156
f 138/138/138 157/157/157 137/137/137
f 138/138/138 158/158/158 157/157/157
f 139/139/139 158/158/158 138/138/138
f 139/139/139 159/159/159 158/158/158
f 140/140/140 159/159/159 139/139/139
f 140/140/140 160/160/160 159/159/159
f 119/119/119 141/141/141 140/140/140
f 141/141/141 161/161/161 140/140/140
f 142/142/142 161/161/161 141/141/141
f 142/142/142 162/162/162 161/161/161
f 121/121/121 143/143/143 142/142/142
f 143/143/143 163/163/163 142/142/142
f 122/122/122 144/144/144 143/143/143
f 144/144/144 164/164/164 143/143/143
f 145/145/145 164/164/164 144/144/144
f 145/145/145 165/165/165 164/164/164
f 146/146/146 165/165/165 145/145/145
f 146/146/146 166/166/166 165/165/165
f 128/128/128 167/167/167 147/147/147
f 148/148/148 61/61/61 69/69/69
f 148/148/148 52/51/51 61/61/61
f 148/148/148 129/129/129 110/110/110
f 131/131/131 150/150/150 132/132/132
f 150/150/150 151/151/151 132/132/132
f 150/150/150 97/96/96 151/151/151
f 151/151/151 168/168/168 112/112/112
f 133/133/133 169/169/169 152/152/152
f 153/153/153 170/170/170 133/133/133
f 154/154/154 170/170/170 153/153/153
f 154/154/154 171/171/171 170/170/170
f 135/135/135 172/172/172 154/154/154
f 155/155/155 173/173/173 135/135/135
f 156/156/156 174/174/174 155/155/155
f 157/157/157 175/175/175 156/156/156
f 158/158/158 176/176/176 157/157/157
f 159/159/159 177/177/177 158/158/158
f 160/160/160 177/177/177 159/159/159
f 160/160/160 178/178/178 177/177/177
f 140/140/140 179/179/179 160/160/160
f 161/161/161 179/179/179 140/140/140
f 161/161/161 180/180/180 179/179/179
f 162/162/162 180/180/180 161/161/161
f 162/162/162 181/181/181 180/180/180
f 142/142/142 163/163/163 162/162/162
f 163/163/163 182/182/182 162/162/162
f 143/143/143 183/183/183 163/163/163
f 164/164/164 183/183/183 143/143/143
f 164/164/164 184/184/184 183/183/183
f 165/165/165 184/184/184 164/164/164
f 165/165/165 185/185/185 184/184/184
f 166/166/166 185/185/185 165/165/165
f 166/166/166 186/186/186 185/185/185
f 146/146/146 187/187/187 166/166/166
f 167/167/167 188/188/188 147/147/147
f 167/167/167 189/189/189 188/188/188
f 150/150/150 86/85/85 97/96/96
f 168/168/168 190/190/190 112/112/112
f 151/151/151 191/191/191 168/168/168
f 169/169/169 191/191/191 152/152/152
f 133/133/133 170/170/170 169/169/169
f 170/170/170 192/192/192 169/169/169
f 171/171/171 192/192/192 170/170/170
f 171/171/171 193/193/193 192/192/192
f 154/154/154 194/194/194 171/171/171
f 172/172/172 194/194/194 154/154/154
f 172/172/172 195/195/195 194/194/194
f 135/135/135 173/173/173 172/172/172
f 173/173/173 196/196/196 172/172/172
f 155/155/155 174/174/174 173/173/173
f 174/174/174 196/196/196 173/173/173
f 174/174/174 197/197/197 196/196/196
f 156/156/156 175/175/175 174/174/174
f 175/175/175 197/197/197 174/174/174
f 175/175/175 198/198/198 197/197/197
f 157/157/157 176/176/176 175/175/175
f 176/176/176 198/198/198 175/175/175
f 176/176/176 199/199/199 198/198/198
f 158/158/158 177/177/177 176/176/176
f 177/177/177 199/199/199 176/176/176
f 177/177/177 178/178/178 199/199/199
f 178/178/178 200/200/200 199/199/199
f 160/160/160 201/201/201 178/178/178
f 179/179/179 180/180/180 160/160/160
f 180/180/180 202/202/202 160/160/160
f 181/181/181 203/203/203 180/180/180
f 162/162/162 182/182/182 181/181/181
f 182/182/182 204/204/204 181/181/181
f 163/163/163 205/205/205 182/182/182
f 183/183/183 205/205/205 163/163/163
f 183/183/183 206/206/206 205/205/205
f 184/184/184 206/206/206 183/183/183
f 184/184/184 207/207/207 206/206/206
f 185/185/185 207/207/207 184/184/184
f 185/185/185 186/186/186 207/207/207
f 186/186/186 208/208/208 207/207/207
f 189/189/189 209/209/209 188/188/188
f 167/167/167 209/209/209 189/189/189
f 191/191/191 210/210/210 168/168/168
f 169/169/169 211/211/211 191/191/191
f 192/192/192 211/211/211 169/169/169
f 192/192/192 212/212/212 211/211/211
f 193/193/193 212/212/212 192/192/192
f 193/193/193 213/213/213 212/212/212
f 171/171/171 194/194/194 193/193/193
f 194/194/194 214/214/214 193/193/193
f 195/195/195 215/215/215 194/194/194
f 172/172/172 196/196/196 195/195/195
f 196/196/196 216/216/216 195/195/195
f 197/197/197 216/216/216 196/196/196
f 197/197/197 217/217/217 216/216/216
f 198/198/198 217/217/217 197/197/197
f 198/198/198 218/218/218 217/217/217
f 199/199/199 218/218/218 198/198/198
f 199/199/199 200/200/200 218/218/218
f 200/200/200 219/219/219 218/218/218
f 178/178/178 201/201/201 200/200/200
f 201/201/201 220/220/220 200/200/200
f 160/160/160 202/202/202 201/201/201
f 202/202/202 203/203/203 201/201/201
f 203/203/203 202/202/202 180/180/180
f 181/181/181 221/221/221 203/203/203
f 204/204/204 222/222/222 181/181/181
f 182/182/182 205/205/205 204/204/204
f 205/205/205 223/223/223 204/204/204
f 206/206/206 223/223/223 205/205/205
f 206/206/206 224/224/224 223/223/223
f 207/207/207 224/224/224 206/206/206
f 207/207/207 225/225/225 224/224/224
f 208/208/208 225/225/225 207/207/207
f 191/191/191 226/226/226 210/210/210
f 211/211/211 226/226/226 191/191/191
f 211/211/211 227/227/227 226/226/226
f 212/212/212 227/227/227 211/211/211
f 212/212/212 228/228/228 227/227/227
f 213/213/213 228/228/228 212/212/212
f 213/213/213 229/229/229 228/228/228
f 193/193/193 230/230/230 213/213/213
f 214/214/214 230/230/230 193/193/193
f 214/214/214 231/231/231 230/230/230
f 194/194/194 215/215/215 214/214/214
f 215/215/215 231/231/231 214/214/214
f 215/215/215 232/232/232 231/231/231
f 195/195/195 233/233/233 215/215/215
f 216/216/216 233/233/233 195/195/195
f 216/216/216 234/234/234 233/233/233
f 217/217/217 234/234/234 216/216/216
f 217/217/217 235/235/235 234/234/234
f 218/218/218 235/235/235 217/217/217
f 218/218/218 219/219/219 235/235/235
f 219/219/219 236/236/236 235/235/235
f 200/200/200 237/237/237 219/219/219
f 220/220/220 237/237/237 200/200/200
f 220/220/220 238/238/238 237/237/237
f 201/201/201 239/239/239 220/220/220
f 203/203/203 239/239/239 201/201/201
f 203/203/203 240/240/240 239/239/239
f 221/221/221 240/240/240 203/203/203
f 221/221/221 241/241/241 240/240/240
f 222/222/222 242/242/242 181/181/181
f 204/204/204 243/243/243 222/222/222
f 223/223/223 244/244/244 204/204/204
f 224/224/224 245/245/245 223/223/223
f 226/226/226 246/246/246 210/210/210
f 227/227/227 247/247/247 226/226/226
f 228/228/228 248/248/248 227/227/227
f 229/229/229 249/249/249 228/228/228
f 213/213/213 250/250/250 229/229/229
f 230/230/230 250/250/250 213/213/213
f 230/230/230 251/251/251 250/250/250
f 231/231/231 251/251/251 230/230/230
f 231/231/231 252/252/252 251/251/251
f 232/232/232 252/252/252 231/231/231
f 232/232/232 253/253/253 252/252/252
f 215/215/215 233/233/233 232/232/232
f 233/233/233 254/254/254 232/232/232
f 234/234/234 254/254/254 233/233/233
f 234/234/234 255/255/255 254/254/254
f 235/235/235 255/255/255 234/234/234
f 235/235/235 236/236/236 255/255/255
f 236/236/236 256/256/256 255/255/255
f 219/219/219 237/237/237 236/236/236
f 237/237/237 257/257/257 236/236/236
f 238/238/238 258/258/258 237/237/237
f 220/220/220 239/239/239 238/238/238
f 239/239/239 259/259/259 238/238/238
f 240/240/240 259/259/259 239/239/239
f 240/240/240 241/241/241 259/259/259
f 241/241/241 260/260/260 259/259/259
f 221/221/221 261/261/261 241/241/241
f 242/242/242 262/262/262 181/181/181
f 222/222/222 221/221/221 242/242/242
f 243/243/243 263/263/263 222/222/222
f 204/204/204 244/244/244 243/243/243
f 244/244/244 264/264/264 243/243/243
f 223/223/223 245/245/245 244/244/244
f 245/245/245 265/265/265 244/244/244
f 246/246/246 190/190/190 210/210/210
f 226/226/226 247/247/247 246/246/246
f 247/247/247 266/266/266 246/246/246
f 227/227/227 248/248/248 247/247/247
f 248/248/248 266/266/266 247/247/247
f 248/248/248 267/267/267 266/266/266
f 228/228/228 249/249/249 248/248/248
f 249/249/249 267/267/267 248/248/248
f 249/249/249 268/268/268 267/267/267
f 229/229/229 269/269/269 249/249/249
f 250/250/250 269/269/269 229/229/229
f 250/250/250 270/270/270 269/269/269
f 251/251/251 271/271/271 250/250/250
f 252/252/252 272/272/272 251/251/251
f 253/253/253 273/273/273 252/252/252
f 232/232/232 254/254/254 253/253/253
f 254/254/254 274/274/274 253/253/253
f 255/255/255 274/274/274 254/254/254
f 255/255/255 256/256/256 274/274/274
f 256/256/256 275/275/275 274/274/274
f 236/236/236 257/257/257 256/256/256
f 257/257/257 276/276/276 256/256/256
f 237/237/237 258/258/258 257/257/257
f 258/258/258 277/277/277 257/257/257
f 238/238/238 278/278/278 258/258/258
f 259/259/259 278/278/278 238/238/238
f 259/259/259 279/279/279 278/278/278
f 260/260/260 279/279/279 259/259/259
f 260/260/260 280/280/280 279/279/279
f 241/241/241 281/281/281 260/260/260
f 261/261/261 282/282/282 241/241/241
f 221/221/221 283/283/283 261/261/261
f 262/262/262 284/284/284 181/181/181
f 242/242/242 284/284/284 262/262/262
f 221/221/221 285/285/285 242/242/242
f 222/222/222 283/283/283 221/221/221
f 222/222/222 263/263/263 283/283/283
f 263/263/263 286/286/286 283/283/283
f 243/243/243 264/264/264 263/263/263
f 264/264/264 286/286/286 263/263/263
f 264/264/264 287/287/287 286/286/286
f 244/244/244 265/265/265 264/264/264
f 265/265/265 287/287/287 264/264/264
f 265/265/265 288/288/288 287/287/287
f 246/246/246 289/289/289 190/190/190
f 266/266/266 290/290/290 246/246/246
f 267/267/267 291/291/291 266/266/266
f 268/268/268 292/292/292 267/267/267
f 249/249/249 269/269/269 268/268/268
f 269/269/269 293/293/293 268/268/268
f 270/270/270 293/293/293 269/269/269
f 270/270/270 294/294/294 293/293/293
f 250/250/250 271/271/271 270/270/270
f 271/271/271 295/295/295 270/270/270
f 251/251/251 272/272/272 271/271/271
f 272/272/272 296/296/296 271/271/271
f 252/252/252 273/273/273 272/272/272
f 273/273/273 297/297/297 272/272/272
f 253/253/253 298/298/298 273/273/273
f 274/274/274 298/298/298 253/253/253
f 274/274/274 275/275/275 298/298/298
f 275/275/275 299/299/299 298/298/298
f 256/256/256 276/276/276 275/275/275
f 276/276/276 300/300/300 275/275/275
f 257/257/257 277/277/277 276/276/276
f 277/277/277 301/301/301 276/276/276
f 258/258/258 302/302/302 277/277/277
f 278/278/278 302/302/302 258/258/258
f 278/278/278 303/303/303 302/302/302
f 279/279/279 303/303/303 278/278/278
f 279/279/279 304/304/304 303/303/303
f 280/280/280 304/304/304 279/279/279
f 280/280/280 305/305/305 304/304/304
f 260/260/260 281/281/281 280/280/280
f 281/281/281 306/306/306 280/280/280
f 241/241/241 282/282/282 281/281/281
f 282/282/282 307/307/307 281/281/281
f 261/261/261 308/308/308 282/282/282
f 283/283/283 308/308/308 261/261/261
f 283/283/283 286/286/286 308/308/308
f 286/286/286 309/309/309 308/308/308
f 284/284/284 310/310/310 181/181/181
f 221/221/221 302/302/302 285/285/285
f 287/287/287 309/309/309 286/286/286
f 287/287/287 311/311/311 309/309/309
f 288/288/288 312/312/312 287/287/287
f 289/289/289 313/313/313 190/190/190
f 246/246/246 290/290/290 289/289/289
f 290/290/290 314/314/314 289/289/289
f 266/266/266 291/291/291 290/290/290
f 291/291/291 314/314/314 290/290/290
f 291/291/291 315/315/315 314/314/314
f 267/267/267 316/316/316 291/291/291
f 292/292/292 316/316/316 267/267/267
f 292/292/292 317/317/317 316/316/316
f 268/268/268 293/293/293 292/292/292
f 293/293/293 318/318/318 292/292/292
f 294/294/294 319/319/319 293/293/293
f 270/270/270 295/295/295 294/294/294
f 295/295/295 319/319/319 294/294/294
f 295/295/295 320/320/320 319/319/319
f 271/271/271 296/296/296 295/295/295
f 296/296/296 321/321/321 295/295/295
f 272/272/272 297/297/297 296/296/296
f 297/297/297 322/322/322 296/296/296
f 273/273/273 323/323/323 297/297/297
f 298/298/298 323/323/323 273/273/273
f 298/298/298 299/299/299 323/323/323
f 299/299/299 324/324/324 323/323/323
f 275/275/275 300/300/300 299/299/299
f 300/300/300 325/325/325 299/299/299
f 276/276/276 301/301/301 300/300/300
f 301/301/301 326/326/326 300/300/300
f 277/277/277 327/327/327 301/301/301
f 303/303/303 328/328/328 302/302/302
f 304/304/304 329/329/329 303/303/303
f 305/305/305 330/330/330 304/304/304
f 280/280/280 306/306/306 305/305/305
f 306/306/306 331/331/331 305/305/305
f 281/281/281 307/307/307 306/306/306
f 307/307/307 332/332/332 306/306/306
f 282/282/282 308/308/308 307/307/307
f 308/308/308 309/309/309 307/307/307
f 309/309/309 333/333/333 307/307/307
f 284/284/284 334/334/334 310/310/310
f 311/311/311 333/333/333 309/309/309
f 311/311/311 335/335/335 333/333/333
f 287/287/287 312/312/312 311/311/311
f 312/312/312 336/336/336 311/311/311
f 288/288/288 337/337/337 312/312/312
f 289/289/289 314/314/314 313/313/313
f 315/315/315 338/338/338 314/314/314
f 291/291/291 316/316/316 315/315/315
f 316/316/316 339/339/339 315/315/315
f 317/317/317 339/339/339 316/316/316
f 317/317/317 340/340/340 339/339/339
f 292/292/292 341/341/341 317/317/317
f 318/318/318 341/341/341 292/292/292
f 318/318/318 342/342/342 341/341/341
f 293/293/293 319/319/319 318/318/318
f 319/319/319 342/342/342 318/318/318
f 319/319/319 343/343/343 342/342/342
f 320/320/320 343/343/343 319/319/319
f 320/320/320 344/344/344 343/343/343
f 295/295/295 321/321/321 320/320/320
f 321/321/321 344/344/344 320/320/320
f 321/321/321 345/345/345 344/344/344
f 296/296/296 322/322/322 321/321/321
f 322/322/322 346/346/346 321/321/321
f 297/297/297 347/347/347 322/322/322
f 323/323/323 347/347/347 297/297/297
f 323/323/323 324/324/324 347/347/347
f 324/324/324 348/348/348 347/347/347
f 299/299/299 325/325/325 324/324/324
f 325/325/325 349/349/349 324/324/324
f 300/300/300 326/326/326 325/325/325
f 326/326/326 350/350/350 325/325/325
f 301/301/301 351/351/351 326/326/326
f 327/327/327 351/351/351 301/301/301
f 327/327/327 352/352/352 351/351/351
f 277/277/277 353/353/353 327/327/327
f 328/328/328 351/351/351 302/302/302
f 303/303/303 329/329/329 328/328/328
f 329/329/329 354/354/354 328/328/328
f 304/304/304 330/330/330 329/329/329
f 330/330/330 355/355/355 329/329/329
f 305/305/305 356/356/356 330/330/330
f 331/331/331 356/356/356 305/305/305
f 331/331/331 357/357/357 356/356/356
f 306/306/306 332/332/332 331/331/331
f 332/332/332 358/358/358 331/331/331
f 307/307/307 333/333/333 332/332/332
f 333/333/333 358/358/358 332/332/332
f 333/333/333 335/335/335 358/358/358
f 311/311/311 336/336/336 335/335/335
f 312/312/312 359/359/359 336/336/336
f 337/337/337 359/359/359 312/312/312
f 337/337/337 360/360/360 359/359/359
f 288/288/288 361/361/361 337/337/337
f 338/338/338 362/362/362 314/314/314
f 315/315/315 363/363/363 338/338/338
f 339/339/339 363/363/363 315/315/315
f 339/339/339 364/364/364 363/363/363
f 340/340/340 364/364/364 339/339/339
f 340/340/340 365/365/365 364/364/364
f 317/317/317 366/366/366 340/340/340
f 341/341/341 366/366/366 317/317/317
f 341/341/341 367/367/367 366/366/366
f 342/342/342 367/367/367 341/341/341
f 342/342/342 368/368/368 367/367/367
f 343/343/343 368/368/368 342/342/342
f 343/343/343 344/344/344 368/368/368
f 344/344/344 369/369/369 368/368/368
f 345/345/345 369/369/369 344/344/344
f 345/345/345 370/370/370 369/369/369
f 321/321/321 346/346/346 345/345/345
f 346/346/346 371/371/371 345/345/345
f 322/322/322 372/372/372 346/346/346
f 347/347/347 372/372/372 322/322/322
f 347/347/347 348/348/348 372/372/372
f 348/348/348 373/373/373 372/372/372
f 324/324/324 349/349/349 348/348/348
f 349/349/349 374/374/374 348/348/348
f 325/325/325 350/350/350 349/349/349
f 350/350/350 375/375/375 349/349/349
f 326/326/326 376/376/376 350/350/350
f 351/351/351 376/376/376 326/326/326
f 327/327/327 353/353/353 352/352/352
f 353/353/353 377/377/377 352/352/352
f 277/277/277 377/377/377 353/353/353
f 277/277/277 285/285/285 377/377/377
f 351/351/351 377/377/377 302/302/302
f 328/328/328 378/378/378 351/351/351
f 354/354/354 378/378/378 328/328/328
f 354/354/354 379/379/379 378/378/378
f 329/329/329 355/355/355 354/354/354
f 355/355/355 379/379/379 354/354/354
f 355/355/355 380/380/380 379/379/379
f 330/330/330 381/381/381 355/355/355
f 356/356/356 381/381/381 330/330/330
f 356/356/356 382/382/382 381/381/381
f 357/357/357 382/382/382 356/356/356
f 331/331/331 358/358/358 357/357/357
f 337/337/337 383/383/383 360/360/360
f 361/361/361 383/383/383 337/337/337
f 361/361/361 384/384/384 383/383/383
f 362/362/362 210/210/210 314/314/314
f 338/338/338 385/385/385 362/362/362
f 363/363/363 385/385/385 338/338/338
f 363/363/363 386/386/386 385/385/385
f 364/364/364 386/386/386 363/363/363
f 364/364/364 387/387/387 386/386/386
f 365/365/365 387/387/387 364/364/364
f 365/365/365 388/388/388 387/387/387
f 340/340/340 389/389/389 365/365/365
f 366/366/366 389/389/389 340/340/340
f 366/366/366 390/390/390 389/389/389
f 367/367/367 390/390/390 366/366/366
f 367/367/367 391/391/391 390/390/390
f 368/368/368 391/391/391 367/367/367
f 368/368/368 370/370/370 391/391/391
f 370/370/370 368/368/368 369/369/369
f 345/345/345 392/392/392 370/370/370
f 371/371/371 393/393/393 345/345/345
f 346/346/346 372/372/372 371/371/371
f 372/372/372 394/394/394 371/371/371
f 373/373/373 394/394/394 372/372/372
f 373/373/373 395/395/395 394/394/394
f 348/348/348 374/374/374 373/373/373
f 374/374/374 396/396/396 373/373/373
f 349/349/349 375/375/375 374/374/374
f 375/375/375 397/397/397 374/374/374
f 350/350/350 398/398/398 375/375/375
f 376/376/376 398/398/398 350/350/350
f 376/376/376 352/352/352 398/398/398
f 378/378/378 376/376/376 351/351/351
f 378/378/378 399/399/399 376/376/376
f 379/379/379 399/399/399 378/378/378
f 379/379/379 400/400/400 399/399/399
f 380/380/380 401/401/401 379/379/379
f 355/355/355 402/402/402 380/380/380
f 381/381/381 402/402/402 355/355/355
f 381/381/381 382/382/382 402/402/402
f 382/382/382 403/403/403 402/402/402
f 383/383/383 404/404/404 360/360/360
f 384/384/384 405/405/405 383/383/383
f 385/385/385 406/406/406 362/362/362
f 386/386/386 407/407/407 385/385/385
f 387/387/387 408/408/408 386/386/386
f 388/388/388 408/408/408 387/387/387
f 388/388/388 409/409/409 408/408/408
f 365/365/365 410/410/410 388/388/388
f 389/389/389 410/410/410 365/365/365
f 389/389/389 411/411/411 410/410/410
f 390/390/390 411/411/411 389/389/389
f 390/390/390 412/412/412 411/411/411
f 391/391/391 412/412/412 390/390/390
f 391/391/391 413/413/413 412/412/412
f 370/370/370 413/413/413 391/391/391
f 370/370/370 414/414/414 413/413/413
f 392/392/392 414/414/414 370/370/370
f 392/392/392 415/415/415 414/414/414
f 345/345/345 415/415/415 392/392/392
f 345/345/345 393/393/393 415/415/415
f 393/393/393 416/416/416 415/415/415
f 371/371/371 416/416/416 393/393/393
f 371/371/371 394/394/394 416/416/416
f 394/394/394 395/395/395 416/416/416
f 395/395/395 417/417/417 416/416/416
f 373/373/373 396/396/396 395/395/395
f 396/396/396 418/418/418 395/395/395
f 374/374/374 397/397/397 396/396/396
f 397/397/397 418/418/418 396/396/396
f 397/397/397 419/419/419 418/418/418
f 375/375/375 420/420/420 397/397/397
f 398/398/398 420/420/420 375/375/375
f 398/398/398 421/421/421 420/420/420
f 352/352/352 422/422/422 398/398/398
f 400/400/400 423/423/423 399/399/399
f 379/379/379 401/401/401 400/400/400
f 401/401/401 424/424/424 400/400/400
f 402/402/402 425/425/425 380/380/380
f 403/403/403 425/425/425 402/402/402
f 403/403/403 426/426/426 425/425/425
f 405/405/405 428/427/427 427/428/428
f 406/406/406 429/429/429 362/362/362
f 385/385/385 430/430/430 406/406/406
f 407/407/407 430/430/430 385/385/385
f 407/407/407 431/431/431 430/430/430
f 386/386/386 432/432/432 407/407/407
f 408/408/408 432/432/432 386/386/386
f 408/408/408 433/433/433 432/432/432
f 409/409/409 433/433/433 408/408/408
f 409/409/409 434/434/434 433/433/433
f 388/388/388 435/435/435 409/409/409
f 410/410/410 435/435/435 388/388/388
f 410/410/410 436/436/436 435/435/435
f 411/411/411 436/436/436 410/410/410
f 411/411/411 437/437/437 436/436/436
f 412/412/412 437/437/437 411/411/411
f 412/412/412 438/438/438 437/437/437
f 413/413/413 438/438/438 412/412/412
f 413/413/413 439/439/439 438/438/438
f 414/414/414 439/439/439 413/413/413
f 414/414/414 440/440/440 439/439/439
f 415/415/415 440/440/440 414/414/414
f 415/415/415 441/441/441 440/440/440
f 416/416/416 441/441/441 415/415/415
f 416/416/416 417/417/417 441/441/441
f 417/417/417 442/442/442 441/441/441
f 395/395/395 443/443/443 417/417/417
f 418/418/418 443/443/443 395/395/395
f 418/418/418 444/444/444 443/443/443
f 419/419/419 444/444/444 418/418/418
f 419/419/419 445/445/445 444/444/444
f 397/397/397 420/420/420 419/419/419
f 420/420/420 446/446/446 419/419/419
f 421/421/421 446/446/446 420/420/420
f 421/421/421 447/447/447 446/446/446
f 398/398/398 422/422/422 421/421/421
f 422/422/422 447/447/447 421/421/421
f 423/423/423 376/376/376 399/399/399
f 423/423/423 419/419/419 376/376/376
f 400/400/400 448/448/448 423/423/423
f 424/424/424 448/448/448 400/400/400
f 424/424/424 449/449/449 448/448/448
f 425/425/425 450/450/450 380/380/380
f 426/426/426 450/450/450 425/425/425
f 426/426/426 451/451/451 450/450/450
f 428/427/427 452/452/452 427/428/428
f 405/405/405 384/384/384 428/427/427
f 429/429/429 453/453/453 362/362/362
f 406/406/406 430/430/430 429/429/429
f 430/430/430 431/431/431 429/429/429
f 431/431/431 454/454/454 429/429/429
f 407/407/407 455/455/455 431/431/431
f 432/432/432 455/455/455 407/407/407
f 432/432/432 456/456/456 455/455/455
f 433/433/433 456/456/456 432/432/432
f 433/433/433 457/457/457 456/456/456
f 434/434/434 457/457/457 433/433/433
f 434/434/434 458/458/458 457/457/457
f 409/409/409 459/459/459 434/434/434
f 435/435/435 459/459/459 409/409/409
f 435/435/435 460/460/460 459/459/459
f 436/436/436 460/460/460 435/435/435
f 436/436/436 461/461/461 460/460/460
f 437/437/437 461/461/461 436/436/436
f 437/437/437 462/462/462 461/461/461
f 438/438/438 462/462/462 437/437/437
f 438/438/438 463/463/463 462/462/462
f 439/439/439 463/463/463 438/438/438
f 439/439/439 464/464/464 463/463/463
f 440/440/440 464/464/464 439/439/439
f 440/440/440 465/465/465 464/464/464
f 441/441/441 465/465/465 440/440/440
f 441/441/441 442/442/442 465/465/465
f 442/442/442 466/466/466 465/465/465
f 417/417/417 443/443/443 442/442/442
f 443/443/443 467/467/467 442/442/442
f 444/444/444 468/468/468 443/443/443
f 445/445/445 469/469/469 444/444/444
f 447/447/447 445/445/445 446/446/446
f 448/448/448 449/449/449 423/423/423
f 449/449/449 470/470/470 423/423/423
f 424/424/424 471/471/471 449/449/449
f 450/450/450 401/401/401 380/380/380
f 450/450/450 451/451/451 401/401/401
f 451/451/451 424/424/424 401/401/401
f 451/451/451 472/472/472 424/424/424
f 426/426/426 473/473/473 451/451/451
f 453/453/453 474/474/474 362/362/362
f 429/429/429 475/475/475 453/453/453
f 454/454/454 476/476/476 429/429/429
f 431/431/431 455/455/455 454/454/454
f 455/455/455 477/477/477 454/454/454
f 456/456/456 477/477/477 455/455/455
f 456/456/456 478/478/478 477/477/477
f 457/457/457 478/478/478 456/456/456
f 457/457/457 479/479/479 478/478/478
f 458/458/458 479/479/479 457/457/457
f 458/458/458 480/480/480 479/479/479
f 434/434/434 481/481/481 458/458/458
f 459/459/459 481/481/481 434/434/434
f 459/459/459 482/482/482 481/481/481
f 460/460/460 482/482/482 459/459/459
f 460/460/460 483/483/483 482/482/482
f 461/461/461 483/483/483 460/460/460
f 461/461/461 484/484/484 483/483/483
f 462/462/462 484/484/484 461/461/461
f 462/462/462 485/485/485 484/484/484
f 463/463/463 485/485/485 462/462/462
f 463/463/463 486/486/486 485/485/485
f 464/464/464 486/486/486 463/463/463
f 464/464/464 487/487/487 486/486/486
f 465/465/465 487/487/487 464/464/464
f 465/465/465 466/466/466 487/487/487
f 466/466/466 488/488/488 487/487/487
f 442/442/442 467/467/467 466/466/466
f 467/467/467 489/489/489 466/466/466
f 443/443/443 468/468/468 467/467/467
f 468/468/468 489/489/489 467/467/467
f 468/468/468 490/490/490 489/489/489
f 444/444/444 469/469/469 468/468/468
f 469/469/469 491/491/491 468/468/468
f 445/445/445 447/447/447 469/469/469
f 447/447/447 491/491/491 469/469/469
f 447/447/447 492/492/492 491/491/491
f 449/449/449 471/471/471 470/470/470
f 471/471/471 493/493/493 470/470/470
f 472/472/472 471/471/471 424/424/424
f 472/472/472 494/494/494 471/471/471
f 451/451/451 473/473/473 472/472/472
f 473/473/473 495/495/495 472/472/472
f 474/474/474 496/496/496 362/362/362
f 475/475/475 454/454/454 453/453/453
f 429/429/429 476/476/476 475/475/475
f 476/476/476 497/497/497 475/475/475
f 454/454/454 497/497/497 476/476/476
f 478/478/478 498/498/498 477/477/477
f 479/479/479 499/499/499 478/478/478
f 480/480/480 500/500/500 479/479/479
f 458/458/458 501/501/501 480/480/480
f 481/481/481 501/501/501 458/458/458
f 481/481/481 502/502/502 501/501/501
f 482/482/482 502/502/502 481/481/481
f 482/482/482 503/503/503 502/502/502
f 483/483/483 503/503/503 482/482/482
f 483/483/483 504/504/504 503/503/503
f 484/484/484 504/504/504 483/483/483
f 484/484/484 505/505/505 504/504/504
f 485/485/485 505/505/505 484/484/484
f 485/485/485 506/506/506 505/505/505
f 486/486/486 506/506/506 485/485/485
f 486/486/486 507/507/507 506/506/506
f 487/487/487 507/507/507 486/486/486
f 487/487/487 488/488/488 507/507/507
f 488/488/488 508/508/508 507/507/507
f 466/466/466 489/489/489 488/488/488
f 489/489/489 509/509/509 488/488/488
f 490/490/490 510/510/510 489/489/489
f 468/468/468 491/491/491 490/490/490
f 491/491/491 492/492/492 490/490/490
f 492/492/492 510/510/510 490/490/490
f 492/492/492 511/511/511 510/510/510
f 447/447/447 512/512/512 492/492/492
f 493/493/493 513/513/513 470/470/470
f 494/494/494 514/514/514 471/471/471
f 472/472/472 495/495/495 494/494/494
f 495/495/495 515/515/515 494/494/494
f 496/496/496 516/516/516 362/362/362
f 454/454/454 474/474/474 453/453/453
f 475/475/475 497/497/497 454/454/454
f 498/498/498 454/454/454 477/477/477
f 498/498/498 517/517/517 454/454/454
f 478/478/478 499/499/499 498/498/498
f 499/499/499 518/518/518 498/498/498
f 479/479/479 500/500/500 499/499/499
f 500/500/500 519/519/519 499/499/499
f 480/480/480 520/520/520 500/500/500
f 501/501/501 521/521/521 480/480/480
f 502/502/502 522/522/522 501/501/501
f 503/503/503 523/523/523 502/502/502
f 504/504/504 524/524/524 503/503/503
f 505/505/505 525/525/525 504/504/504
f 506/506/506 526/526/526 505/505/505
f 507/507/507 527/527/527 506/506/506
f 508/508/508 527/527/527 507/507/507
f 508/508/508 528/528/528 527/527/527
f 488/488/488 509/509/509 508/508/508
f 509/509/509 529/529/529 508/508/508
f 489/489/489 510/510/510 509/509/509
f 510/510/510 530/530/530 509/509/509
f 511/511/511 530/530/530 510/510/510
f 511/511/511 531/531/531 530/530/530
f 492/492/492 512/512/512 511/511/511
f 512/512/512 531/531/531 511/511/511
f 512/512/512 532/532/532 531/531/531
f 447/447/447 533/533/533 512/512/512
f 513/513/513 534/534/534 470/470/470
f 514/514/514 493/493/493 471/471/471
f 514/514/514 513/513/513 493/493/493
f 514/514/514 535/535/535 513/513/513
f 517/517/517 536/536/536 454/454/454
f 498/498/498 518/518/518 517/517/517
f 518/518/518 537/537/537 517/517/517
f 499/499/499 519/519/519 518/518/518
f 519/519/519 538/538/538 518/518/518
f 500/500/500 539/539/539 519/519/519
f 520/520/520 539/539/539 500/500/500
f 520/520/520 540/540/540 539/539/539
f 480/480/480 521/521/521 520/520/520
f 521/521/521 541/541/541 520/520/520
f 501/501/501 522/522/522 521/521/521
f 522/522/522 542/542/542 521/521/521
f 502/502/502 523/523/523 522/522/522
f 523/523/523 543/543/543 522/522/522
f 503/503/503 524/524/524 523/523/523
f 524/524/524 544/544/544 523/523/523
f 504/504/504 525/525/525 524/524/524
f 525/525/525 545/545/545 524/524/524
f 505/505/505 526/526/526 525/525/525
f 526/526/526 546/546/546 525/525/525
f 506/506/506 527/527/527 526/526/526
f 527/527/527 547/547/547 526/526/526
f 528/528/528 547/547/547 527/527/527
f 528/528/528 548/548/548 547/547/547
f 508/508/508 529/529/529 528/528/528
f 529/529/529 549/549/549 528/528/528
f 509/509/509 530/530/530 529/529/529
f 530/530/530 549/549/549 529/529/529
f 530/530/530 550/550/550 549/549/549
f 531/531/531 550/550/550 530/530/530
f 531/531/531 551/551/551 550/550/550
f 532/532/532 551/551/551 531/531/531
f 532/532/532 552/552/552 551/551/551
f 512/512/512 553/553/553 532/532/532
f 533/533/533 553/553/553 512/512/512
f 533/533/533 554/554/554 553/553/553
f 513/513/513 535/535/535 534/534/534
f 535/535/535 555/555/555 534/534/534
f 517/517/517 556/556/556 536/536/536
f 518/518/518 538/538/538 537/537/537
f 538/538/538 557/557/557 537/537/537
f 519/519/519 558/558/558 538/538/538
f 539/539/539 558/558/558 519/519/519
f 539/539/539 559/559/559 558/558/558
f 540/540/540 559/559/559 539/539/539
f 540/540/540 560/560/560 559/559/559
f 520/520/520 561/561/561 540/540/540
f 541/541/541 561/561/561 520/520/520
f 541/541/541 562/562/562 561/561/561
f 521/521/521 542/542/542 541/541/541
f 542/542/542 562/562/562 541/541/541
f 542/542/542 563/563/563 562/562/562
f 522/522/522 543/543/543 542/542/542
f 543/543/543 563/563/563 542/542/542
f 543/543/543 564/564/564 563/563/563
f 523/523/523 544/544/544 543/543/543
f 544/544/544 564/564/564 543/543/543
f 544/544/544 565/565/565 564/564/564
f 524/524/524 545/545/545 544/544/544
f 545/545/545 565/565/565 544/544/544
f 545/545/545 566/566/566 565/565/565
f 525/525/525 546/546/546 545/545/545
f 546/546/546 566/566/566 545/545/545
f 546/546/546 567/567/567 566/566/566
f 526/526/526 547/547/547 546/546/546
f 547/547/547 567/567/567 546/546/546
f 547/547/547 548/548/548 567/567/567
f 548/548/548 568/568/568 567/567/567
f 528/528/528 549/549/549 548/548/548
f 549/549/549 569/569/569 548/548/548
f 550/550/550 569/569/569 549/549/549
f 550/550/550 551/551/551 569/569/569
f 551/551/551 570/570/570 569/569/569
f 552/552/552 571/571/571 551/551/551
f 532/532/532 554/554/554 552/552/552
f 554/554/554 532/532/532 553/553/553
f 533/533/533 572/572/572 554/554/554
f 555/555/555 573/573/573 534/534/534
f 535/535/535 574/574/574 555/555/555
f 517/517/517 537/537/537 556/556/556
f 537/537/537 575/575/575 556/556/556
f 557/557/557 576/576/576 537/537/537
f 538/538/538 558/558/558 557/557/557
f 558/558/558 577/577/577 557/557/557
f 559/559/559 577/577/577 558/558/558
f 559/559/559 578/578/578 577/577/577
f 560/560/560 578/578/578 559/559/559
f 560/560/560 579/579/579 578/578/578
f 540/540/540 580/580/580 560/560/560
f 561/561/561 580/580/580 540/540/540
f 561/561/561 581/581/581 580/580/580
f 562/562/562 581/581/581 561/561/561
f 562/562/562 582/582/582 581/581/581
f 563/563/563 582/582/582 562/562/562
f 563/563/563 583/583/583 582/582/582
f 564/564/564 583/583/583 563/563/563
f 564/564/564 584/584/584 583/583/583
f 565/565/565 584/584/584 564/564/564
f 565/565/565 585/585/585 584/584/584
f 566/566/566 585/585/585 565/565/565
f 566/566/566 586/586/586 585/585/585
f 567/567/567 586/586/586 566/566/566
f 567/567/567 568/568/568 586/586/586
f 568/568/568 587/587/587 586/586/586
f 548/548/548 569/569/569 568/568/568
f 569/569/569 570/570/570 568/568/568
f 570/570/570 587/587/587 568/568/568
f 570/570/570 588/588/588 587/587/587
f 551/551/551 571/571/571 570/570/570
f 571/571/571 588/588/588 570/570/570
f 571/571/571 589/589/589 588/588/588
f 552/552/552 589/589/589 571/571/571
f 552/552/552 590/590/590 589/589/589
f 554/554/554 572/572/572 552/552/552
f 572/572/572 591/591/591 552/552/552
f 533/533/533 591/591/591 572/572/572
f 533/533/533 592/592/592 591/591/591
f 573/573/573 593/593/593 534/534/534
f 555/555/555 594/594/594 573/573/573
f 535/535/535 595/595/595 574/574/574
f 537/537/537 596/596/596 575/575/575
f 576/576/576 597/597/597 537/537/537
f 557/557/557 577/577/577 576/576/576
f 577/577/577 598/598/598 576/576/576
f 578/578/578 598/598/598 577/577/577
f 578/578/578 599/599/599 598/598/598
f 579/579/579 599/599/599 578/578/578
f 579/579/579 600/600/600 599/599/599
f 560/560/560 580/580/580 579/579/579
f 580/580/580 601/601/601 579/579/579
f 581/581/581 602/602/602 580/580/580
f 582/582/582 603/603/603 581/581/581
f 583/583/583 604/604/604 582/582/582
f 584/584/584 605/605/605 583/583/583
f 585/585/585 606/606/606 584/584/584
f 586/586/586 607/607/607 585/585/585
f 587/587/587 607/607/607 586/586/586
f 587/587/587 608/608/608 607/607/607
f 588/588/588 608/608/608 587/587/587
f 588/588/588 609/609/609 608/608/608
f 589/589/589 609/609/609 588/588/588
f 589/589/589 610/610/610 609/609/609
f 590/590/590 611/611/611 589/589/589
f 552/552/552 591/591/591 590/590/590
f 591/591/591 612/612/612 590/590/590
f 592/592/592 611/611/611 591/591/591
f 593/593/593 470/470/470 534/534/534
f 573/573/573 613/613/613 593/593/593
f 594/594/594 613/613/613 573/573/573
f 594/594/594 614/614/614 613/613/613
f 555/555/555 615/615/615 594/594/594
f 595/595/595 616/616/616 574/574/574
f 535/535/535 617/617/617 595/595/595
f 537/537/537 618/618/618 596/596/596
f 576/576/576 619/619/619 597/597/597
f 598/598/598 619/619/619 576/576/576
f 598/598/598 620/620/620 619/619/619
f 599/599/599 620/620/620 598/598/598
f 599/599/599 621/621/621 620/620/620
f 600/600/600 621/621/621 599/599/599
f 600/600/600 622/622/622 621/621/621
f 579/579/579 601/601/601 600/600/600
f 601/601/601 623/623/623 600/600/600
f 580/580/580 602/602/602 601/601/601
f 602/602/602 624/624/624 601/601/601
f 581/581/581 625/625/625 602/602/602
f 603/603/603 625/625/625 581/581/581
f 603/603/603 626/626/626 625/625/625
f 582/582/582 604/604/604 603/603/603
f 604/604/604 626/626/626 603/603/603
f 604/604/604 627/627/627 626/626/626
f 583/583/583 605/605/605 604/604/604
f 605/605/605 627/627/627 604/604/604
f 605/605/605 628/628/628 627/627/627
f 584/584/584 606/606/606 605/605/605
f 606/606/606 628/628/628 605/605/605
f 606/606/606 629/629/629 628/628/628
f 585/585/585 607/607/607 606/606/606
f 607/607/607 629/629/629 606/606/606
f 607/607/607 608/608/608 629/629/629
f 608/608/608 630/630/630 629/629/629
f 609/609/609 630/630/630 608/608/608
f 609/609/609 631/631/631 630/630/630
f 610/610/610 632/632/632 609/609/609
f 611/611/611 610/610/610 589/589/589
f 611/611/611 633/633/633 610/610/610
f 590/590/590 612/612/612 611/611/611
f 612/612/612 591/591/591 611/611/611
f 592/592/592 633/633/633 611/611/611
f 592/592/592 634/634/634 633/633/633
f 613/613/613 535/535/535 593/593/593
f 614/614/614 617/617/617 613/613/613
f 594/594/594 615/615/615 614/614/614
f 615/615/615 574/574/574 614/614/614
f 595/595/595 635/635/635 616/616/616
f 617/617/617 636/636/636 595/595/595
f 537/537/537 597/597/597 618/618/618
f 597/597/597 637/637/637 618/618/618
f 619/619/619 638/638/638 597/597/597
f 620/620/620 639/639/639 619/619/619
f 621/621/621 639/639/639 620/620/620
f 621/621/621 640/640/640 639/639/639
f 622/622/622 640/640/640 621/621/621
f 622/622/622 641/641/641 640/640/640
f 600/600/600 623/623/623 622/622/622
f 623/623/623 642/642/642 622/622/622
f 601/601/601 643/643/643 623/623/623
f 624/624/624 643/643/643 601/601/601
f 624/624/624 625/625/625 643/643/643
f 625/625/625 624/624/624 602/602/602
f 626/626/626 644/644/644 625/625/625
f 627/627/627 645/645/645 626/626/626
f 628/628/628 646/646/646 627/627/627
f 629/629/629 647/647/647 628/628/628
f 630/630/630 647/647/647 629/629/629
f 630/630/630 648/648/648 647/647/647
f 631/631/631 648/648/648 630/630/630
f 631/631/631 649/649/649 648/648/648
f 632/632/632 631/631/631 609/609/609
f 632/632/632 649/649/649 631/631/631
f 632/632/632 650/650/650 649/649/649
f 610/610/610 633/633/633 632/632/632
f 633/633/633 651/651/651 632/632/632
f 634/634/634 651/651/651 633/633/633
f 634/634/634 652/652/652 651/651/651
f 535/535/535 470/470/470 593/593/593
f 613/613/613 636/636/636 535/535/535
f 615/615/615 555/555/555 574/574/574
f 635/635/635 653/653/653 616/616/616
f 595/595/595 653/653/653 635/635/635
f 636/636/636 653/653/653 595/595/595
f 636/636/636 654/654/654 653/653/653
f 637/637/637 655/655/655 618/618/618
f 597/597/597 638/638/638 637/637/637
f 619/619/619 637/637/637 638/638/638
f 619/619/619 656/656/656 637/637/637
f 639/639/639 656/656/656 619/619/619
f 639/639/639 657/657/657 656/656/656
f 640/640/640 657/657/657 639/639/639
f 640/640/640 658/658/658 657/657/657
f 641/641/641 658/658/658 640/640/640
f 641/641/641 659/659/659 658/658/658
f 622/622/622 660/660/660 641/641/641
f 642/642/642 660/660/660 622/622/622
f 642/642/642 661/661/661 660/660/660
f 623/623/623 643/643/643 642/642/642
f 643/643/643 661/661/661 642/642/642
f 643/643/643 662/662/662 661/661/661
f 625/625/625 662/662/662 643/643/643
f 625/625/625 644/644/644 662/662/662
f 644/644/644 663/663/663 662/662/662
f 626/626/626 664/664/664 644/644/644
f 645/645/645 664/664/664 626/626/626
f 645/645/645 646/646/646 664/664/664
f 646/646/646 645/645/645 627/627/627
f 628/628/628 647/647/647 646/646/646
f 647/647/647 665/665/665 646/646/646
f 648/648/648 666/666/666 647/647/647
f 649/649/649 650/650/650 648/648/648
f 650/650/650 667/667/667 648/648/648
f 632/632/632 668/668/668 650/650/650
f 651/651/651 668/668/668 632/632/632
f 651/651/651 669/669/669 668/668/668
f 652/652/652 669/669/669 651/651/651
f 652/652/652 670/670/670 669/669/669
f 653/653/653 671/671/671 616/616/616
f 654/654/654 672/672/672 653/653/653
f 636/636/636 673/673/673 654/654/654
f 655/655/655 674/674/674 618/618/618
f 656/656/656 655/655/655 637/637/637
f 656/656/656 675/675/675 655/655/655
f 657/657/657 675/675/675 656/656/656
f 657/657/657 676/676/676 675/675/675
f 658/658/658 676/676/676 657/657/657
f 658/658/658 677/677/677 676/676/676
f 659/659/659 678/678/678 658/658/658
f 641/641/641 679/679/679 659/659/659
f 660/660/660 679/679/679 641/641/641
f 660/660/660 680/680/680 679/679/679
f 661/661/661 680/680/680 660/660/660
f 661/661/661 681/681/681 680/680/680
f 662/662/662 681/681/681 661/661/661
f 662/662/662 682/682/682 681/681/681
f 663/663/663 682/682/682 662/662/662
f 663/663/663 683/683/683 682/682/682
f 644/644/644 664/664/664 663/663/663
f 664/664/664 684/684/684 663/663/663
f 646/646/646 665/665/665 664/664/664
f 665/665/665 685/685/685 664/664/664
f 647/647/647 686/686/686 665/665/665
f 666/666/666 686/686/686 647/647/647
f 666/666/666 648/648/648 686/686/686
f 648/648/648 667/667/667 686/686/686
f 667/667/667 687/687/687 686/686/686
f 650/650/650 687/687/687 667/667/667
f 650/650/650 688/688/688 687/687/687
f 668/668/668 689/689/689 650/650/650
f 669/669/669 690/690/690 668/668/668
f 670/670/670 691/691/691 669/669/669
f 671/671/671 692/692/692 616/616/616
f 653/653/653 693/693/693 671/671/671
f 654/654/654 673/673/673 672/672/672
f 673/673/673 694/694/694 672/672/672
f 674/674/674 695/695/695 618/618/618
f 675/675/675 674/674/674 655/655/655
f 675/675/675 696/696/696 674/674/674
f 676/676/676 696/696/696 675/675/675
f 676/676/676 697/697/697 696/696/696
f 677/677/677 697/697/697 676/676/676
f 677/677/677 698/698/698 697/697/697
f 658/658/658 678/678/678 677/677/677
f 678/678/678 699/699/699 677/677/677
f 659/659/659 679/679/679 678/678/678
f 679/679/679 700/700/700 678/678/678
f 680/680/680 701/701/701 679/679/679
f 681/681/681 702/702/702 680/680/680
f 682/682/682 703/703/703 681/681/681
f 683/683/683 704/704/704 682/682/682
f 663/663/663 684/684/684 683/683/683
f 684/684/684 685/685/685 683/683/683
f 685/685/685 684/684/684 664/664/664
f 665/665/665 686/686/686 685/685/685
f 686/686/686 705/705/705 685/685/685
f 687/687/687 705/705/705 686/686/686
f 687/687/687 706/706/706 705/705/705
f 688/688/688 707/707/707 687/687/687
f 650/650/650 689/689/689 688/688/688
f 689/689/689 708/708/708 688/688/688
f 668/668/668 690/690/690 689/689/689
f 690/690/690 708/708/708 689/689/689
f 690/690/690 709/709/709 708/708/708
f 669/669/669 691/691/691 690/690/690
f 691/691/691 710/710/710 690/690/690
f 692/692/692 711/711/711 616/616/616
f 671/671/671 693/693/693 692/692/692
f 693/693/693 712/712/712 692/692/692
f 653/653/653 673/673/673 693/693/693
f 694/694/694 713/713/713 672/672/672
f 673/673/673 712/712/712 694/694/694
f 695/695/695 714/714/714 618/618/618
f 696/696/696 715/715/715 674/674/674
f 697/697/697 716/716/716 696/696/696
f 698/698/698 717/717/717 697/697/697
f 677/677/677 699/699/699 698/698/698
f 699/699/699 718/718/718 698/698/698
f 678/678/678 700/700/700 699/699/699
f 700/700/700 719/719/719 699/699/699
f 679/679/679 720/720/720 700/700/700
f 701/701/701 720/720/720 679/679/679
f 701/701/701 721/721/721 720/720/720
f 680/680/680 702/702/702 701/701/701
f 702/702/702 722/722/722 701/701/701
f 681/681/681 703/703/703 702/702/702
f 703/703/703 721/721/721 702/702/702
f 682/682/682 723/723/723 703/703/703
f 704/704/704 723/723/723 682/682/682
f 704/704/704 724/724/724 723/723/723
f 683/683/683 725/725/725 704/704/704
f 685/685/685 725/725/725 683/683/683
f 685/685/685 706/706/706 725/725/725
f 706/706/706 685/685/685 705/705/705
f 687/687/687 707/707/707 706/706/706
f 707/707/707 726/726/726 706/706/706
f 688/688/688 727/727/727 707/707/707
f 708/708/708 728/728/728 688/688/688
f 709/709/709 729/729/729 708/708/708
f 690/690/690 710/710/710 709/709/709
f 710/710/710 730/730/730 709/709/709
f 711/711/711 574/574/574 616/616/616
f 711/711/711 731/731/731 574/574/574
f 692/692/692 732/732/732 711/711/711
f 693/693/693 672/672/672 712/712/712
f 713/713/713 733/733/733 672/672/672
f 694/694/694 734/734/734 713/713/713
f 712/712/712 734/734/734 694/694/694
f 712/712/712 732/732/732 734/734/734
f 714/714/714 735/735/735 618/618/618
f 695/695/695 736/736/736 714/714/714
f 696/696/696 737/737/737 715/715/715
f 716/716/716 737/737/737 696/696/696
f 716/716/716 738/738/738 737/737/737
f 697/697/697 717/717/717 716/716/716
f 717/717/717 739/739/739 716/716/716
f 698/698/698 740/740/740 717/717/717
f 718/718/718 740/740/740 698/698/698
f 718/718/718 741/741/741 740/740/740
f 699/699/699 719/719/719 718/718/718
f 719/719/719 742/742/742 718/718/718
f 700/700/700 743/743/743 719/719/719
f 720/720/720 743/743/743 700/700/700
f 721/721/721 743/743/743 720/720/720
f 721/721/721 744/744/744 743/743/743
f 701/701/701 722/722/722 721/721/721
f 722/722/722 702/702/702 721/721/721
f 703/703/703 745/745/745 721/721/721
f 723/723/723 746/746/746 703/703/703
f 724/724/724 747/747/747 723/723/723
f 704/704/704 725/725/725 724/724/724
f 725/725/725 706/706/706 724/724/724
f 706/706/706 726/726/726 724/724/724
f 726/726/726 747/747/747 724/724/724
f 726/726/726 748/748/748 747/747/747
f 707/707/707 749/749/749 726/726/726
f 727/727/727 749/749/749 707/707/707
f 727/727/727 750/750/750 749/749/749
f 688/688/688 728/728/728 727/727/727
f 728/728/728 751/751/751 727/727/727
f 708/708/708 729/729/729 728/728/728
f 729/729/729 752/752/752 728/728/728
f 709/709/709 730/730/730 729/729/729
f 730/730/730 752/752/752 729/729/729
f 730/730/730 753/753/753 752/752/752
f 692/692/692 734/734/734 732/732/732
f 692/692/692 754/754/754 734/734/734
f 733/733/733 755/755/755 672/672/672
f 713/713/713 754/754/754 733/733/733
f 712/712/712 711/711/711 732/732/732
f 712/712/712 731/731/731 711/711/711
f 714/714/714 756/756/756 735/735/735
f 736/736/736 757/757/757 714/714/714
f 695/695/695 758/758/758 736/736/736
f 716/716/716 758/758/758 738/738/738
f 739/739/739 759/759/759 716/716/716
f 717/717/717 740/740/740 739/739/739
f 740/740/740 760/760/760 739/739/739
f 741/741/741 760/760/760 740/740/740
f 741/741/741 761/761/761 760/760/760
f 718/718/718 742/742/742 741/741/741
f 742/742/742 762/762/762 741/741/741
f 719/719/719 763/763/763 742/742/742
f 743/743/743 763/763/763 719/719/719
f 743/743/743 744/744/744 763/763/763
f 744/744/744 764/764/764 763/763/763
f 721/721/721 765/765/765 744/744/744
f 745/745/745 765/765/765 721/721/721
f 745/745/745 703/703/703 765/765/765
f 703/703/703 746/746/746 765/765/765
f 746/746/746 766/766/766 765/765/765
f 723/723/723 767/767/767 746/746/746
f 747/747/747 767/767/767 723/723/723
f 747/747/747 748/748/748 767/767/767
f 748/748/748 768/768/768 767/767/767
f 726/726/726 749/749/749 748/748/748
f 749/749/749 769/769/769 748/748/748
f 750/750/750 769/769/769 749/749/749
f 750/750/750 770/770/770 769/769/769
f 727/727/727 751/751/751 750/750/750
f 751/751/751 770/770/770 750/750/750
f 751/751/751 771/771/771 770/770/770
f 728/728/728 752/752/752 751/751/751
f 752/752/752 753/753/753 751/751/751
f 753/753/753 771/771/771 751/751/751
f 753/753/753 772/772/772 771/771/771
f 730/730/730 772/772/772 753/753/753
f 730/730/730 773/773/773 772/772/772
f 692/692/692 774/774/774 754/754/754
f 733/733/733 775/775/775 755/755/755
f 754/754/754 774/774/774 733/733/733
f 774/774/774 775/775/775 733/733/733
f 774/774/774 776/776/776 775/775/775
f 713/713/713 734/734/734 754/754/754
f 756/756/756 777/777/777 735/735/735
f 757/757/757 778/778/778 714/714/714
f 758/758/758 757/757/757 736/736/736
f 758/758/758 779/779/779 757/757/757
f 695/695/695 738/738/738 758/758/758
f 695/695/695 737/737/737 738/738/738
f 695/695/695 715/715/715 737/737/737
f 695/695/695 674/674/674 715/715/715
f 716/716/716 759/759/759 758/758/758
f 759/759/759 779/779/779 758/758/758
f 759/759/759 780/780/780 779/779/779
f 739/739/739 781/781/781 759/759/759
f 760/760/760 781/781/781 739/739/739
f 760/760/760 782/782/782 781/781/781
f 761/761/761 782/782/782 760/760/760
f 761/761/761 783/783/783 782/782/782
f 741/741/741 784/784/784 761/761/761
f 762/762/762 784/784/784 741/741/741
f 762/762/762 785/785/785 784/784/784
f 742/742/742 786/786/786 762/762/762
f 763/763/763 786/786/786 742/742/742
f 763/763/763 787/787/787 786/786/786
f 764/764/764 787/787/787 763/763/763
f 764/764/764 788/788/788 787/787/787
f 744/744/744 766/766/766 764/764/764
f 766/766/766 744/744/744 765/765/765
f 746/746/746 789/789/789 766/766/766
f 767/767/767 790/790/790 746/746/746
f 768/768/768 790/790/790 767/767/767
f 768/768/768 791/791/791 790/790/790
f 748/748/748 769/769/769 768/768/768
f 769/769/769 792/792/792 768/768/768
f 770/770/770 792/792/792 769/769/769
f 770/770/770 793/793/793 792/792/792
f 771/771/771 793/793/793 770/770/770
f 771/771/771 794/794/794 793/793/793
f 772/772/772 794/794/794 771/771/771
f 772/772/772 795/795/795 794/794/794
f 773/773/773 795/795/795 772/772/772
f 773/773/773 796/796/796 795/795/795
f 730/730/730 797/797/797 773/773/773
f 692/692/692 776/776/776 774/774/774
f 692/692/692 775/775/775 776/776/776
f 775/775/775 798/798/798 755/755/755
f 778/778/778 799/799/799 714/714/714
f 757/757/757 800/800/800 778/778/778
f 779/779/779 801/801/801 757/757/757
f 780/780/780 802/802/802 779/779/779
f 759/759/759 781/781/781 780/780/780
f 781/781/781 803/803/803 780/780/780
f 782/782/782 804/804/804 781/781/781
f 783/783/783 804/804/804 782/782/782
f 783/783/783 805/805/805 804/804/804
f 761/761/761 806/806/806 783/783/783
f 784/784/784 806/806/806 761/761/761
f 784/784/784 807/807/807 806/806/806
f 785/785/785 807/807/807 784/784/784
f 785/785/785 808/808/808 807/807/807
f 762/762/762 786/786/786 785/785/785
f 786/786/786 809/809/809 785/785/785
f 787/787/787 809/809/809 786/786/786
f 787/787/787 810/810/810 809/809/809
f 788/788/788 810/810/810 787/787/787
f 788/788/788 811/811/811 810/810/810
f 764/764/764 766/766/766 788/788/788
f 766/766/766 789/789/789 788/788/788
f 789/789/789 811/811/811 788/788/788
f 789/789/789 812/812/812 811/811/811
f 746/746/746 790/790/790 789/789/789
f 790/790/790 812/812/812 789/789/789
f 790/790/790 791/791/791 812/812/812
f 791/791/791 813/813/813 812/812/812
f 768/768/768 792/792/792 791/791/791
f 792/792/792 814/814/814 791/791/791
f 793/793/793 814/814/814 792/792/792
f 793/793/793 815/815/815 814/814/814
f 794/794/794 795/795/795 793/793/793
f 795/795/795 815/815/815 793/793/793
f 795/795/795 816/816/816 815/815/815
f 796/796/796 816/816/816 795/795/795
f 796/796/796 817/817/817 816/816/816
f 773/773/773 797/797/797 796/796/796
f 797/797/797 817/817/817 796/796/796
f 797/797/797 818/818/818 817/817/817
f 775/775/775 819/819/819 798/798/798
f 799/799/799 756/756/756 714/714/714
f 757/757/757 801/801/801 800/800/800
f 801/801/801 820/820/820 800/800/800
f 779/779/779 802/802/802 801/801/801
f 802/802/802 821/821/821 801/801/801
f 780/780/780 821/821/821 802/802/802
f 780/780/780 822/822/822 821/821/821
f 803/803/803 823/823/823 780/780/780
f 781/781/781 804/804/804 803/803/803
f 804/804/804 824/824/824 803/803/803
f 805/805/805 824/824/824 804/804/804
f 805/805/805 825/825/825 824/824/824
f 783/783/783 826/826/826 805/805/805
f 806/806/806 826/826/826 783/783/783
f 806/806/806 827/827/827 826/826/826
f 807/807/807 827/827/827 806/806/806
f 807/807/807 828/828/828 827/827/827
f 808/808/808 828/828/828 807/807/807
f 808/808/808 829/829/829 828/828/828
f 785/785/785 809/809/809 808/808/808
f 809/809/809 830/830/830 808/808/808
f 810/810/810 830/830/830 809/809/809
f 810/810/810 831/831/831 830/830/830
f 811/811/811 831/831/831 810/810/810
f 811/811/811 832/832/832 831/831/831
f 812/812/812 832/832/832 811/811/811
f 812/812/812 813/813/813 832/832/832
f 813/813/813 833/833/833 832/832/832
f 791/791/791 814/814/814 813/813/813
f 814/814/814 834/834/834 813/813/813
f 815/815/815 816/816/816 814/814/814
f 816/816/816 834/834/834 814/814/814
f 816/816/816 835/835/835 834/834/834
f 817/817/817 836/836/836 816/816/816
f 818/818/818 837/837/837 817/817/817
f 819/819/819 838/838/838 798/798/798
f 775/775/775 839/839/839 819/819/819
f 820/820/820 840/840/840 800/800/800
f 801/801/801 821/821/821 820/820/820
f 821/821/821 841/841/841 820/820/820
f 822/822/822 841/841/841 821/821/821
f 822/822/822 842/842/842 841/841/841
f 823/823/823 822/822/822 780/780/780
f 823/823/823 843/843/843 822/822/822
f 803/803/803 824/824/824 823/823/823
f 824/824/824 844/844/844 823/823/823
f 825/825/825 844/844/844 824/824/824
f 825/825/825 845/845/845 844/844/844
f 805/805/805 826/826/826 825/825/825
f 826/826/826 846/846/846 825/825/825
f 827/827/827 846/846/846 826/826/826
f 827/827/827 847/847/847 846/846/846
f 828/828/828 848/848/848 827/827/827
f 829/829/829 849/849/849 828/828/828
f 808/808/808 850/850/850 829/829/829
f 830/830/830 850/850/850 808/808/808
f 830/830/830 851/851/851 850/850/850
f 831/831/831 852/852/852 830/830/830
f 832/832/832 853/853/853 831/831/831
f 833/833/833 853/853/853 832/832/832
f 833/833/833 854/854/854 853/853/853
f 813/813/813 834/834/834 833/833/833
f 834/834/834 835/835/835 833/833/833
f 835/835/835 854/854/854 833/833/833
f 835/835/835 855/855/855 854/854/854
f 816/816/816 836/836/836 835/835/835
f 836/836/836 855/855/855 835/835/835
f 836/836/836 856/856/856 855/855/855
f 817/817/817 837/837/837 836/836/836
f 837/837/837 856/856/856 836/836/836
f 837/837/837 857/857/857 856/856/856
f 818/818/818 857/857/857 837/837/837
f 818/818/818 858/858/858 857/857/857
f 838/838/838 859/859/859 798/798/798
f 819/819/819 839/839/839 838/838/838
f 839/839/839 860/860/860 838/838/838
f 840/840/840 861/861/861 800/800/800
f 820/820/820 841/841/841 840/840/840
f 841/841/841 862/862/862 840/840/840
f 842/842/842 862/862/862 841/841/841
f 842/842/842 863/863/863 862/862/862
f 843/843/843 842/842/842 822/822/822
f 843/843/843 864/864/864 842/842/842
f 823/823/823 844/844/844 843/843/843
f 844/844/844 845/845/845 843/843/843
f 845/845/845 864/864/864 843/843/843
f 845/845/845 865/865/865 864/864/864
f 825/825/825 866/866/866 845/845/845
f 846/846/846 866/866/866 825/825/825
f 846/846/846 867/867/867 866/866/866
f 847/847/847 867/867/867 846/846/846
f 847/847/847 868/868/868 867/867/867
f 827/827/827 848/848/848 847/847/847
f 848/848/848 869/869/869 847/847/847
f 828/828/828 849/849/849 848/848/848
f 849/849/849 870/870/870 848/848/848
f 829/829/829 871/871/871 849/849/849
f 850/850/850 851/851/851 829/829/829
f 851/851/851 871/871/871 829/829/829
f 851/851/851 872/872/872 871/871/871
f 830/830/830 852/852/852 851/851/851
f 852/852/852 873/873/873 851/851/851
f 831/831/831 853/853/853 852/852/852
f 853/853/853 873/873/873 852/852/852
f 853/853/853 854/854/854 873/873/873
f 854/854/854 874/874/874 873/873/873
f 855/855/855 874/874/874 854/854/854
f 855/855/855 875/875/875 874/874/874
f 856/856/856 875/875/875 855/855/855
f 856/856/856 876/876/876 875/875/875
f 857/857/857 876/876/876 856/856/856
f 857/857/857 877/877/877 876/876/876
f 858/858/858 877/877/877 857/857/857
f 858/858/858 878/878/878 877/877/877
f 818/818/818 879/879/879 858/858/858
f 838/838/838 880/880/880 859/859/859
f 860/860/860 880/880/880 838/838/838
f 860/860/860 881/881/881 880/880/880
f 839/839/839 882/882/882 860/860/860
f 840/840/840 883/883/883 861/861/861
f 862/862/862 884/884/884 840/840/840
f 863/863/863 885/885/885 862/862/862
f 864/864/864 886/886/886 842/842/842
f 865/865/865 886/886/886 864/864/864
f 865/865/865 887/887/887 886/886/886
f 845/845/845 888/888/888 865/865/865
f 866/866/866 888/888/888 845/845/845
f 866/866/866 889/889/889 888/888/888
f 867/867/867 889/889/889 866/866/866
f 867/867/867 890/890/890 889/889/889
f 868/868/868 890/890/890 867/867/867
f 868/868/868 891/891/891 890/890/890
f 847/847/847 869/869/869 868/868/868
f 869/869/869 891/891/891 868/868/868
f 869/869/869 892/892/892 891/891/891
f 848/848/848 870/870/870 869/869/869
f 870/870/870 892/892/892 869/869/869
f 870/870/870 893/893/893 892/892/892
f 849/849/849 893/893/893 870/870/870
f 849/849/849 894/894/894 893/893/893
f 871/871/871 894/894/894 849/849/849
f 871/871/871 895/895/895 894/894/894
f 872/872/872 895/895/895 871/871/871
f 872/872/872 896/896/896 895/895/895
f 851/851/851 873/873/873 872/872/872
f 873/873/873 874/874/874 872/872/872
f 874/874/874 896/896/896 872/872/872
f 874/874/874 875/875/875 896/896/896
f 875/875/875 897/897/897 896/896/896
f 876/876/876 897/897/897 875/875/875
f 876/876/876 878/878/878 897/897/897
f 858/858/858 879/879/879 878/878/878
f 879/879/879 898/898/898 878/878/878
f 818/818/818 899/899/899 879/879/879
f 880/880/880 900/900/900 859/859/859
f 881/881/881 900/900/900 880/880/880
f 881/881/881 901/901/901 900/900/900
f 860/860/860 882/882/882 881/881/881
f 882/882/882 901/901/901 881/881/881
f 882/882/882 902/902/902 901/901/901
f 840/840/840 884/884/884 883/883/883
f 884/884/884 903/903/903 883/883/883
f 862/862/862 885/885/885 884/884/884
f 885/885/885 904/904/904 884/884/884
f 863/863/863 905/905/905 885/885/885
f 886/886/886 863/863/863 842/842/842
f 886/886/886 905/905/905 863/863/863
f 886/886/886 906/906/906 905/905/905
f 887/887/887 907/907/907 886/886/886
f 865/865/865 908/908/908 887/887/887
f 888/888/888 908/908/908 865/865/865
f 888/888/888 909/909/909 908/908/908
f 889/889/889 909/909/909 888/888/888
f 889/889/889 910/910/910 909/909/909
f 890/890/890 910/910/910 889/889/889
f 890/890/890 911/911/911 910/910/910
f 891/891/891 911/911/911 890/890/890
f 891/891/891 912/912/912 911/911/911
f 892/892/892 912/912/912 891/891/891
f 892/892/892 913/913/913 912/912/912
f 893/893/893 914/914/914 892/892/892
f 894/894/894 915/915/915 893/893/893
f 895/895/895 915/915/915 894/894/894
f 895/895/895 916/916/916 915/915/915
f 896/896/896 916/916/916 895/895/895
f 896/896/896 897/897/897 916/916/916
f 897/897/897 917/917/917 916/916/916
f 878/878/878 917/917/917 897/897/897
f 878/878/878 898/898/898 917/917/917
f 898/898/898 918/918/918 917/917/917
f 879/879/879 919/919/919 898/898/898
f 899/899/899 919/919/919 879/879/879
f 899/899/899 920/920/920 919/919/919
f 900/900/900 921/921/921 859/859/859
f 901/901/901 921/921/921 900/900/900
f 901/901/901 902/902/902 921/921/921
f 902/902/902 922/922/922 921/921/921
f 882/882/882 923/923/923 902/902/902
f 884/884/884 904/904/904 903/903/903
f 904/904/904 924/924/924 903/903/903
f 885/885/885 925/925/925 904/904/904
f 905/905/905 926/926/926 885/885/885
f 906/906/906 926/926/926 905/905/905
f 906/906/906 927/927/927 926/926/926
f 886/886/886 907/907/907 906/906/906
f 907/907/907 928/928/928 906/906/906
f 887/887/887 929/929/929 907/907/907
f 908/908/908 929/929/929 887/887/887
f 908/908/908 930/930/930 929/929/929
f 909/909/909 930/930/930 908/908/908
f 909/909/909 910/910/910 930/930/930
f 910/910/910 931/931/931 930/930/930
f 911/911/911 931/931/931 910/910/910
f 911/911/911 932/932/932 931/931/931
f 912/912/912 933/933/933 911/911/911
f 913/913/913 934/934/934 912/912/912
f 892/892/892 914/914/914 913/913/913
f 914/914/914 935/935/935 913/913/913
f 893/893/893 936/936/936 914/914/914
f 915/915/915 936/936/936 893/893/893
f 915/915/915 937/937/937 936/936/936
f 916/916/916 937/937/937 915/915/915
f 916/916/916 917/917/917 937/937/937
f 917/917/917 918/918/918 937/937/937
f 918/918/918 938/938/938 937/937/937
f 898/898/898 919/919/919 918/918/918
f 919/919/919 938/938/938 918/918/918
f 919/919/919 939/939/939 938/938/938
f 920/920/920 939/939/939 919/919/919
f 920/920/920 940/940/940 939/939/939
f 899/899/899 941/941/941 920/920/920
f 902/902/902 942/942/942 922/922/922
f 923/923/923 942/942/942 902/902/902
f 923/923/923 943/943/943 942/942/942
f 904/904/904 944/944/944 924/924/924
f 925/925/925 944/944/944 904/904/904
f 925/925/925 945/945/945 944/944/944
f 885/885/885 926/926/926 925/925/925
f 926/926/926 927/927/927 925/925/925
f 927/927/927 946/946/946 925/925/925
f 906/906/906 947/947/947 927/927/927
f 928/928/928 947/947/947 906/906/906
f 928/928/928 948/948/948 947/947/947
f 907/907/907 949/949/949 928/928/928
f 929/929/929 949/949/949 907/907/907
f 929/929/929 950/950/950 949/949/949
f 930/930/930 950/950/950 929/929/929
f 930/930/930 931/931/931 950/950/950
f 931/931/931 951/951/951 950/950/950
f 932/932/932 951/951/951 931/931/931
f 932/932/932 952/952/952 951/951/951
f 911/911/911 933/933/933 932/932/932
f 933/933/933 953/953/953 932/932/932
f 912/912/912 934/934/934 933/933/933
f 934/934/934 954/954/954 933/933/933
f 913/913/913 955/955/955 934/934/934
f 935/935/935 956/956/956 913/913/913
f 914/914/914 936/936/936 935/935/935
f 936/936/936 957/957/957 935/935/935
f 937/937/937 957/957/957 936/936/936
f 937/937/937 938/938/938 957/957/957
f 938/938/938 958/958/958 957/957/957
f 939/939/939 958/958/958 938/938/938
f 939/939/939 959/959/959 958/958/958
f 940/940/940 959/959/959 939/939/939
f 940/940/940 960/960/960 959/959/959
f 920/920/920 941/941/941 940/940/940
f 941/941/941 961/961/961 940/940/940
f 942/942/942 962/962/962 922/922/922
f 943/943/943 962/962/962 942/942/942
f 943/943/943 963/963/963 962/962/962
f 923/923/923 964/964/964 943/943/943
f 944/944/944 965/965/965 924/924/924
f 945/945/945 965/965/965 944/944/944
f 945/945/945 966/966/966 965/965/965
f 925/925/925 967/967/967 945/945/945
f 946/946/946 967/967/967 925/925/925
f 946/946/946 968/968/968 967/967/967
f 948/948/948 969/969/969 947/947/947
f 928/928/928 970/970/970 948/948/948
f 949/949/949 970/970/970 928/928/928
f 949/949/949 971/971/971 970/970/970
f 950/950/950 971/971/971 949/949/949
f 950/950/950 972/972/972 971/971/971
f 951/951/951 972/972/972 950/950/950
f 951/951/951 952/952/952 972/972/972
f 952/952/952 973/973/973 972/972/972
f 932/932/932 974/974/974 952/952/952
f 953/953/953 974/974/974 932/932/932
f 953/953/953 975/975/975 974/974/974
f 933/933/933 954/954/954 953/953/953
f 954/954/954 975/975/975 953/953/953
f 954/954/954 976/976/976 975/975/975
f 934/934/934 976/976/976 954/954/954
f 934/934/934 955/955/955 976/976/976
f 955/955/955 960/960/960 976/976/976
f 913/913/913 956/956/956 955/955/955
f 956/956/956 959/959/959 955/955/955
f 935/935/935 958/958/958 956/956/956
f 958/958/958 935/935/935 957/957/957
f 959/959/959 956/956/956 958/958/958
f 960/960/960 955/955/955 959/959/959
f 940/940/940 961/961/961 960/960/960
f 961/961/961 977/977/977 960/960/960
f 941/941/941 977/977/977 961/961/961
f 941/941/941 978/978/978 977/977/977
f 943/943/943 979/979/979 963/963/963
f 964/964/964 979/979/979 943/943/943
f 964/964/964 980/980/980 979/979/979
f 923/923/923 981/981/981 964/964/964
f 966/966/966 982/982/982 965/965/965
f 945/945/945 967/967/967 966/966/966
f 967/967/967 968/968/968 966/966/966
f 968/968/968 983/983/983 966/966/966
f 946/946/946 984/984/984 968/968/968
f 969/969/969 985/985/985 947/947/947
f 948/948/948 986/986/986 969/969/969
f 970/970/970 987/987/987 948/948/948
f 971/971/971 988/988/988 970/970/970
f 972/972/972 989/989/989 971/971/971
f 973/973/973 989/989/989 972/972/972
f 973/973/973 990/990/990 989/989/989
f 952/952/952 974/974/974 973/973/973
f 974/974/974 990/990/990 973/973/973
f 974/974/974 991/991/991 990/990/990
f 975/975/975 992/992/992 974/974/974
f 976/976/976 993/993/993 975/975/975
f 960/960/960 994/994/994 976/976/976
f 977/977/977 994/994/994 960/960/960
f 977/977/977 978/978/978 994/994/994
f 978/978/978 995/995/995 994/994/994
f 941/941/941 996/996/996 978/978/978
f 979/979/979 997/997/997 963/963/963
f 980/980/980 997/997/997 979/979/979
f 980/980/980 998/998/998 997/997/997
f 964/964/964 999/999/999 980/980/980
f 982/982/982 1001/1000/1000 965/965/965
f 966/966/966 983/983/983 982/982/982
f 983/983/983 1002/1001/1001 982/982/982
f 968/968/968 1003/1002/1002 983/983/983
f 984/984/984 1003/1002/1002 968/968/968
f 984/984/984 1004/1003/1003 1003/1002/1002
f 946/946/946 1005/1004/1004 984/984/984
f 969/969/969 1006/1005/1005 985/985/985
f 986/986/986 1006/1005/1005 969/969/969
f 986/986/986 1007/1006/1006 1006/1005/1005
f 948/948/948 987/987/987 986/986/986
f 987/987/987 1008/1007/1007 986/986/986
f 970/970/970 988/988/988 987/987/987
f 988/988/988 1008/1007/1007 987/987/987
f 988/988/988 989/989/989 1008/1007/1007
f 989/989/989 988/988/988 971/971/971
f 990/990/990 1009/1008/1008 989/989/989
f 991/991/991 1010/1009/1009 990/990/990
f 974/974/974 992/992/992 991/991/991
f 992/992/992 1011/1010/1010 991/991/991
f 975/975/975 993/993/993 992/992/992
f 993/993/993 1012/1011/1011 992/992/992
f 976/976/976 994/994/994 993/993/993
f 994/994/994 995/995/995 993/993/993
f 995/995/995 1012/1011/1011 993/993/993
f 995/995/995 1013/1012/1012 1012/1011/1011
f 978/978/978 1013/1012/1012 995/995/995
f 978/978/978 1014/1013/1013 1013/1012/1012
f 996/996/996 1015/1014/1014 978/978/978
f 998/998/998 1016/1015/1015 997/997/997
f 980/980/980 999/999/999 998/998/998
f 999/999/999 1017/1016/1016 998/998/998
f 983/983/983 1019/1017/1017 1002/1001/1001
f 1003/1002/1002 1019/1017/1017 983/983/983
f 1003/1002/1002 1004/1003/1003 1019/1017/1017
f 1004/1003/1003 1020/1018/1018 1019/1017/1017
f 984/984/984 1021/1019/1019 1004/1003/1003
f 1005/1004/1004 1021/1019/1019 984/984/984
f 1006/1005/1005 1022/1020/1020 985/985/985
f 1007/1006/1006 1023/1021/1021 1006/1005/1005
f 986/986/986 1008/1007/1007 1007/1006/1006
f 1008/1007/1007 1009/1008/1008 1007/1006/1006
f 1009/1008/1008 1008/1007/1007 989/989/989
f 990/990/990 1010/1009/1009 1009/1008/1008
f 1010/1009/1009 1024/1022/1022 1009/1008/1008
f 991/991/991 1025/1023/1023 1010/1009/1009
f 1011/1010/1010 1026/1024/1024 991/991/991
f 992/992/992 1012/1011/1011 1011/1010/1010
f 1012/1011/1011 1027/1025/1025 1011/1010/1010
f 1013/1012/1012 1027/1025/1025 1012/1011/1011
f 1013/1012/1012 1014/1013/1013 1027/1025/1025
f 1014/1013/1013 1028/1026/1026 1027/1025/1025
f 978/978/978 1015/1014/1014 1014/1013/1013
f 1015/1014/1014 1028/1026/1026 1014/1013/1013
f 1015/1014/1014 1029/1027/1027 1028/1026/1026
f 996/996/996 1030/1028/1028 1015/1014/1014
f 998/998/998 1031/1029/1029 1016/1015/1015
f 1017/1016/1016 1032/1030/1030 998/998/998
f 1019/1017/1017 1033/1031/1031 1002/1001/1001
f 1020/1018/1018 1033/1031/1031 1019/1017/1017
f 1020/1018/1018 1034/1032/1032 1033/1031/1031
f 1004/1003/1003 1035/1033/1033 1020/1018/1018
f 1021/1019/1019 1035/1033/1033 1004/1003/1003
f 1021/1019/1019 1036/1034/1034 1035/1033/1033
f 1022/1020/1020 1037/1035/1035 985/985/985
f 1006/1005/1005 1023/1021/1021 1022/1020/1020
f 1023/1021/1021 1038/1036/1036 1022/1020/1020
f 1007/1006/1006 1024/1022/1022 1023/1021/1021
f 1024/1022/1022 1007/1006/1006 1009/1008/1008
f 1010/1009/1009 1025/1023/1023 1024/1022/1022
f 1025/1023/1023 1039/1037/1037 1024/1022/1022
f 991/991/991 1040/1038/1038 1025/1023/1023
f 1026/1024/1024 1040/1038/1038 991/991/991
f 1026/1024/1024 1041/1039/1039 1040/1038/1038
f 1011/1010/1010 1027/1025/1025 1026/1024/1024
f 1027/1025/1025 1028/1026/1026 1026/1024/1024
f 1028/1026/1026 1029/1027/1027 1026/1024/1024
f 1029/1027/1027 1042/1040/1040 1026/1024/1024
f 1015/1014/1014 1030/1028/1028 1029/1027/1027
f 1030/1028/1028 1043/1041/1041 1029/1027/1027
f 998/998/998 1032/1030/1030 1031/1029/1029
f 1032/1030/1030 1044/1042/1042 1031/1029/1029
f 1017/1016/1016 1045/1043/1043 1032/1030/1030
f 1034/1032/1032 1048/1044/1044 1033/1031/1031
f 1020/1018/1018 1035/1033/1033 1034/1032/1032
f 1035/1033/1033 1049/1045/1045 1034/1032/1032
f 1036/1034/1034 1049/1045/1045 1035/1033/1033
f 1036/1034/1034 1050/1046/1046 1049/1045/1045
f 1022/1020/1020 1051/1047/1047 1037/1035/1035
f 1038/1036/1036 1051/1047/1047 1022/1020/1020
f 1038/1036/1036 1052/1048/1048 1051/1047/1047
f 1023/1021/1021 1053/1049/1049 1038/1036/1036
f 1024/1022/1022 1039/1037/1037 1023/1021/1021
f 1039/1037/1037 1053/1049/1049 1023/1021/1021
f 1039/1037/1037 1054/1050/1050 1053/1049/1049
f 1025/1023/1023 1054/1050/1050 1039/1037/1037
f 1025/1023/1023 1040/1038/1038 1054/1050/1050
f 1040/1038/1038 1041/1039/1039 1054/1050/1050
f 1041/1039/1039 1055/1051/1051 1054/1050/1050
f 1026/1024/1024 1055/1051/1051 1041/1039/1039
f 1026/1024/1024 1042/1040/1040 1055/1051/1051
f 1042/1040/1040 1056/1052/1052 1055/1051/1051
f 1029/1027/1027 1043/1041/1041 1042/1040/1040
f 1043/1041/1041 1057/1053/1053 1042/1040/1040
f 1030/1028/1028 1058/1054/1054 1043/1041/1041
f 1032/1030/1030 1045/1043/1043 1044/1042/1042
f 1045/1043/1043 1059/1055/1055 1044/1042/1042
f 1017/1016/1016 1046/1056/1056 1045/1043/1043
f 1046/1056/1056 1060/1057/1057 1045/1043/1043
f 1034/1032/1032 1062/1058/1058 1048/1044/1044
f 1049/1045/1045 1063/1059/1059 1034/1032/1032
f 1050/1046/1046 1063/1059/1059 1049/1045/1045
f 1050/1046/1046 1064/1060/1060 1063/1059/1059
f 1051/1047/1047 1065/1061/1061 1037/1035/1035
f 1052/1048/1048 1066/1062/1062 1051/1047/1047
f 1038/1036/1036 1053/1049/1049 1052/1048/1048
f 1053/1049/1049 1067/1063/1063 1052/1048/1048
f 1054/1050/1050 1067/1063/1063 1053/1049/1049
f 1054/1050/1050 1055/1051/1051 1067/1063/1063
f 1055/1051/1051 1056/1052/1052 1067/1063/1063
f 1056/1052/1052 1068/1064/1064 1067/1063/1063
f 1042/1040/1040 1057/1053/1053 1056/1052/1052
f 1057/1053/1053 1069/1065/1065 1056/1052/1052
f 1043/1041/1041 1058/1054/1054 1057/1053/1053
f 1058/1054/1054 1070/1066/1066 1057/1053/1053
f 1030/1028/1028 1071/1067/1067 1058/1054/1054
f 1045/1043/1043 1060/1057/1057 1059/1055/1055
f 1060/1057/1057 1072/1068/1068 1059/1055/1055
f 1046/1056/1056 1073/1069/1069 1060/1057/1057
f 1062/1058/1058 1075/1070/1070 1048/1044/1044
f 1034/1032/1032 1063/1059/1059 1062/1058/1058
f 1063/1059/1059 1076/1071/1071 1062/1058/1058
f 1064/1060/1060 1076/1071/1071 1063/1059/1059
f 1064/1060/1060 1077/1072/1072 1076/1071/1071
f 1050/1046/1046 1078/1073/1073 1064/1060/1060
f 1051/1047/1047 1079/1074/1074 1065/1061/1061
f 1066/1062/1062 1079/1074/1074 1051/1047/1047
f 1066/1062/1062 1080/1075/1075 1079/1074/1074
f 1052/1048/1048 1081/1076/1076 1066/1062/1062
f 1067/1063/1063 1068/1064/1064 1052/1048/1048
f 1068/1064/1064 1081/1076/1076 1052/1048/1048
f 1068/1064/1064 1082/1077/1077 1081/1076/1076
f 1056/1052/1052 1069/1065/1065 1068/1064/1064
f 1069/1065/1065 1082/1077/1077 1068/1064/1064
f 1069/1065/1065 1070/1066/1066 1082/1077/1077
f 1070/1066/1066 1069/1065/1065 1057/1053/1053
f 1058/1054/1054 1083/1078/1078 1070/1066/1066
f 1071/1067/1067 1084/1079/1079 1058/1054/1054
f 1060/1057/1057 1073/1069/1069 1072/1068/1068
f 1073/1069/1069 1085/1080/1080 1072/1068/1068
f 1046/1056/1056 1086/1081/1081 1073/1069/1069
f 1074/1082/1082 1087/1083/1083 1061/1084/1084
f 1062/1058/1058 1088/1085/1085 1075/1070/1070
f 1076/1071/1071 1088/1085/1085 1062/1058/1058
f 1076/1071/1071 1089/1086/1086 1088/1085/1085
f 1077/1072/1072 1089/1086/1086 1076/1071/1071
f 1077/1072/1072 1090/1087/1087 1089/1086/1086
f 1064/1060/1060 1091/1088/1088 1077/1072/1072
f 1078/1073/1073 1091/1088/1088 1064/1060/1060
f 1078/1073/1073 1092/1089/1089 1091/1088/1088
f 1050/1046/1046 1093/1090/1090 1078/1073/1073
f 1079/1074/1074 1094/1091/1091 1065/1061/1061
f 1080/1075/1075 1095/1092/1092 1079/1074/1074
f 1066/1062/1062 1081/1076/1076 1080/1075/1075
f 1081/1076/1076 1096/1093/1093 1080/1075/1075
f 1082/1077/1077 1096/1093/1093 1081/1076/1076
f 1082/1077/1077 1083/1078/1078 1096/1093/1093
f 1083/1078/1078 1082/1077/1077 1070/1066/1066
f 1058/1054/1054 1084/1079/1079 1083/1078/1078
f 1084/1079/1079 1096/1093/1093 1083/1078/1078
f 1084/1079/1079 1097/1094/1094 1096/1093/1093
f 1073/1069/1069 1098/1095/1095 1085/1080/1080
f 1086/1081/1081 1098/1095/1095 1073/1069/1069
f 1086/1081/1081 1099/1096/1096 1098/1095/1095
f 1087/1083/1083 1100/1097/1097 1061/1084/1084
f 1074/1082/1082 1101/1098/1098 1087/1083/1083
f 1088/1085/1085 1102/1099/1099 1075/1070/1070
f 1089/1086/1086 1103/1100/1100 1088/1085/1085
f 1090/1087/1087 1103/1100/1100 1089/1086/1086
f 1090/1087/1087 1104/1101/1101 1103/1100/1100
f 1077/1072/1072 1105/1102/1102 1090/1087/1087
f 1091/1088/1088 1105/1102/1102 1077/1072/1072
f 1091/1088/1088 1092/1089/1089 1105/1102/1102
f 1092/1089/1089 1106/1103/1103 1105/1102/1102
f 1078/1073/1073 1107/1104/1104 1092/1089/1089
f 1093/1090/1090 1107/1104/1104 1078/1073/1073
f 1093/1090/1090 1108/1105/1105 1107/1104/1104
f 1050/1046/1046 1036/1034/1034 1093/1090/1090
f 1036/1034/1034 1021/1019/1019 1093/1090/1090
f 1021/1019/1019 1109/1106/1106 1093/1090/1090
f 1094/1091/1091 1110/1107/1107 1065/1061/1061
f 1079/1074/1074 1095/1092/1092 1094/1091/1091
f 1095/1092/1092 1111/1108/1108 1094/1091/1091
f 1080/1075/1075 1097/1094/1094 1095/1092/1092
f 1097/1094/1094 1080/1075/1075 1096/1093/1093
f 1084/1079/1079 1112/1109/1109 1097/1094/1094
f 1098/1095/1095 1113/1110/1110 1085/1080/1080
f 1099/1096/1096 1113/1110/1110 1098/1095/1095
f 1099/1096/1096 1114/1111/1111 1113/1110/1110
f 1086/1081/1081 1100/1097/1097 1099/1096/1096
f 1101/1098/1098 1115/1112/1112 1087/1083/1083
f 1101/1098/1098 1099/1096/1096 1115/1112/1112
f 1074/1082/1082 1116/1113/1113 1101/1098/1098
f 1088/1085/1085 1117/1114/1114 1102/1099/1099
f 1103/1100/1100 1117/1114/1114 1088/1085/1085
f 1103/1100/1100 1118/1115/1115 1117/1114/1114
f 1104/1101/1101 1118/1115/1115 1103/1100/1100
f 1104/1101/1101 1119/1116/1116 1118/1115/1115
f 1090/1087/1087 1106/1103/1103 1104/1101/1101
f 1106/1103/1103 1090/1087/1087 1105/1102/1102
f 1092/1089/1089 1120/1117/1117 1106/1103/1103
f 1107/1104/1104 1121/1118/1118 1092/1089/1089
f 1108/1105/1105 1121/1118/1118 1107/1104/1104
f 1108/1105/1105 1122/1119/1119 1121/1118/1118
f 1093/1090/1090 1122/1119/1119 1108/1105/1105
f 1093/1090/1090 1109/1106/1106 1122/1119/1119
f 1109/1106/1106 1123/1120/1120 1122/1119/1119
f 1021/1019/1019 1124/1121/1121 1109/1106/1106
f 1094/1091/1091 1125/1122/1122 1110/1107/1107
f 1111/1108/1108 1125/1122/1122 1094/1091/1091
f 1111/1108/1108 1112/1109/1109 1125/1122/1122
f 1112/1109/1109 1095/1092/1092 1097/1094/1094
f 1112/1109/1109 1111/1108/1108 1095/1092/1092
f 1099/1096/1096 1126/1123/1123 1114/1111/1111
f 1100/1097/1097 1127/1124/1124 1099/1096/1096
f 1115/1112/1112 1128/1125/1125 1100/1097/1097
f 1101/1098/1098 1116/1113/1113 1099/1096/1096
f 1116/1113/1113 1085/1080/1080 1099/1096/1096
f 1074/1082/1082 1047/1126/1126 1116/1113/1113
f 1047/1126/1126 1018/1127/1127 1116/1113/1113
f 1018/1127/1127 1046/1056/1056 1116/1113/1113
f 1117/1114/1114 1129/1128/1128 1102/1099/1099
f 1118/1115/1115 1130/1129/1129 1117/1114/1114
f 1119/1116/1116 1131/1130/1130 1118/1115/1115
f 1104/1101/1101 1106/1103/1103 1119/1116/1116
f 1106/1103/1103 1120/1117/1117 1119/1116/1116
f 1120/1117/1117 1131/1130/1130 1119/1116/1116
f 1120/1117/1117 1132/1131/1131 1131/1130/1130
f 1092/1089/1089 1132/1131/1131 1120/1117/1117
f 1092/1089/1089 1133/1132/1132 1132/1131/1131
f 1121/1118/1118 1134/1133/1133 1092/1089/1089
f 1123/1120/1120 1135/1134/1134 1122/1119/1119
f 1109/1106/1106 1124/1121/1121 1123/1120/1120
f 1124/1121/1121 1135/1134/1134 1123/1120/1120
f 1021/1019/1019 1005/1004/1004 1124/1121/1121
f 1005/1004/1004 946/946/946 1124/1121/1121
f 946/946/946 927/927/927 1124/1121/1121
f 1126/1123/1123 1136/1135/1135 1114/1111/1111
f 1128/1125/1125 1127/1124/1124 1100/1097/1097
f 1116/1113/1113 1072/1068/1068 1085/1080/1080
f 1116/1113/1113 1059/1055/1055 1072/1068/1068
f 1018/1127/1127 1000/1136/1136 1046/1056/1056
f 1117/1114/1114 1138/1137/1137 1129/1128/1128
f 1130/1129/1129 1138/1137/1137 1117/1114/1114
f 1118/1115/1115 1139/1138/1138 1130/1129/1129
f 1131/1130/1130 1140/1139/1139 1118/1115/1115
f 1132/1131/1131 1141/1140/1140 1131/1130/1130
f 1133/1132/1132 1141/1140/1140 1132/1131/1131
f 1133/1132/1132 1142/1141/1141 1141/1140/1140
f 1092/1089/1089 1134/1133/1133 1133/1132/1132
f 1134/1133/1133 1142/1141/1141 1133/1132/1132
f 1134/1133/1133 1143/1142/1142 1142/1141/1141
f 1121/1118/1118 1144/1143/1143 1134/1133/1133
f 1136/1135/1135 1145/1144/1144 1114/1111/1111
f 1126/1123/1123 1146/1145/1145 1136/1135/1135
f 1128/1125/1125 1146/1145/1145 1137/1146/1146
f 1118/1115/1115 1140/1139/1139 1139/1138/1138
f 1140/1139/1139 1148/1147/1147 1139/1138/1138
f 1131/1130/1130 1149/1148/1148 1140/1139/1139
f 1141/1140/1140 1149/1148/1148 1131/1130/1130
f 1141/1140/1140 1150/1149/1149 1149/1148/1148
f 1142/1141/1141 1151/1150/1150 1141/1140/1140
f 1143/1142/1142 1152/1151/1151 1142/1141/1141
f 1134/1133/1133 1144/1143/1143 1143/1142/1142
f 1144/1143/1143 1153/1152/1152 1143/1142/1142
f 1121/1118/1118 1154/1153/1153 1144/1143/1143
f 1145/1144/1144 1155/1154/1154 1114/1111/1111
f 1146/1145/1145 1156/1155/1155 1136/1135/1135
f 1126/1123/1123 1147/1156/1156 1146/1145/1145
f 1146/1145/1145 1155/1154/1154 1137/1146/1146
f 1140/1139/1139 1158/1157/1157 1148/1147/1147
f 1149/1148/1148 1158/1157/1157 1140/1139/1139
f 1149/1148/1148 1150/1149/1149 1158/1157/1157
f 1150/1149/1149 1159/1158/1158 1158/1157/1157
f 1141/1140/1140 1151/1150/1150 1150/1149/1149
f 1151/1150/1150 1159/1158/1158 1150/1149/1149
f 1151/1150/1150 1160/1159/1159 1159/1158/1158
f 1142/1141/1141 1152/1151/1151 1151/1150/1150
f 1152/1151/1151 1160/1159/1159 1151/1150/1150
f 1152/1151/1151 1161/1160/1160 1160/1159/1159
f 1143/1142/1142 1153/1152/1152 1152/1151/1151
f 1153/1152/1152 1161/1160/1160 1152/1151/1151
f 1153/1152/1152 1162/1161/1161 1161/1160/1160
f 1144/1143/1143 1163/1162/1162 1153/1152/1152
f 1154/1153/1153 1164/1163/1163 1144/1143/1143
f 1121/1118/1118 1165/1164/1164 1154/1153/1153
f 1126/1123/1123 1127/1124/1124 1147/1156/1156
f 1155/1154/1154 1145/1144/1144 1137/1146/1146
f 1145/1144/1144 1136/1135/1135 1137/1146/1146
f 1136/1135/1135 1166/1165/1165 1137/1146/1146
f 1136/1135/1135 1156/1155/1155 1166/1165/1165
f 1156/1155/1155 1167/1166/1166 1166/1165/1165
f 1148/1147/1147 1158/1157/1157 1157/1167/1167
f 1158/1157/1157 1169/1168/1168 1157/1167/1167
f 1159/1158/1158 1169/1168/1168 1158/1157/1157
f 1159/1158/1158 1170/1169/1169 1169/1168/1168
f 1160/1159/1159 1170/1169/1169 1159/1158/1158
f 1160/1159/1159 1171/1170/1170 1170/1169/1169
f 1161/1160/1160 1171/1170/1170 1160/1159/1159
f 1161/1160/1160 1172/1171/1171 1171/1170/1170
f 1162/1161/1161 1172/1171/1171 1161/1160/1160
f 1162/1161/1161 1173/1172/1172 1172/1171/1171
f 1153/1152/1152 1174/1173/1173 1162/1161/1161
f 1163/1162/1162 1174/1173/1173 1153/1152/1152
f 1163/1162/1162 1175/1174/1174 1174/1173/1173
f 1144/1143/1143 1176/1175/1175 1163/1162/1162
f 1164/1163/1163 1177/1176/1176 1144/1143/1143
f 1154/1153/1153 1178/1177/1177 1164/1163/1163
f 1165/1164/1164 1179/1178/1178 1154/1153/1153
f 1121/1118/1118 1122/1119/1119 1165/1164/1164
f 1167/1166/1166 1180/1179/1179 1166/1165/1165
f 1156/1155/1155 1181/1180/1180 1167/1166/1166
f 1157/1167/1167 1169/1168/1168 1168/1181/1181
f 1169/1168/1168 1183/1182/1182 1168/1181/1181
f 1170/1169/1169 1183/1182/1182 1169/1168/1168
f 1170/1169/1169 1184/1183/1183 1183/1182/1182
f 1171/1170/1170 1184/1183/1183 1170/1169/1169
f 1171/1170/1170 1185/1184/1184 1184/1183/1183
f 1172/1171/1171 1185/1184/1184 1171/1170/1170
f 1172/1171/1171 1186/1185/1185 1185/1184/1184
f 1173/1172/1172 1186/1185/1185 1172/1171/1171
f 1173/1172/1172 1187/1186/1186 1186/1185/1185
f 1162/1161/1161 1188/1187/1187 1173/1172/1172
f 1174/1173/1173 1188/1187/1187 1162/1161/1161
f 1174/1173/1173 1189/1188/1188 1188/1187/1187
f 1175/1174/1174 1189/1188/1188 1174/1173/1173
f 1175/1174/1174 1190/1189/1189 1189/1188/1188
f 1163/1162/1162 1191/1190/1190 1175/1174/1174
f 1176/1175/1175 1191/1190/1190 1163/1162/1162
f 1176/1175/1175 1178/1177/1177 1191/1190/1190
f 1177/1176/1176 1192/1191/1191 1144/1143/1143
f 1164/1163/1163 1176/1175/1175 1177/1176/1176
f 1178/1177/1177 1193/1192/1192 1164/1163/1163
f 1154/1153/1153 1194/1193/1193 1178/1177/1177
f 1179/1178/1178 1195/1194/1194 1154/1153/1153
f 1167/1166/1166 1181/1180/1180 1180/1179/1179
f 1181/1180/1180 1197/1195/1195 1180/1179/1179
f 1183/1182/1182 1198/1196/1196 1182/1197/1197
f 1184/1183/1183 1198/1196/1196 1183/1182/1182
f 1184/1183/1183 1199/1198/1198 1198/1196/1196
f 1185/1184/1184 1200/1199/1199 1184/1183/1183
f 1186/1185/1185 1200/1199/1199 1185/1184/1184
f 1186/1185/1185 1201/1200/1200 1200/1199/1199
f 1187/1186/1186 1201/1200/1200 1186/1185/1185
f 1187/1186/1186 1202/1201/1201 1201/1200/1200
f 1173/1172/1172 1203/1202/1202 1187/1186/1186
f 1188/1187/1187 1203/1202/1202 1173/1172/1172
f 1188/1187/1187 1204/1203/1203 1203/1202/1202
f 1189/1188/1188 1204/1203/1203 1188/1187/1187
f 1189/1188/1188 1205/1204/1204 1204/1203/1203
f 1190/1189/1189 1205/1204/1204 1189/1188/1188
f 1190/1189/1189 1206/1205/1205 1205/1204/1204
f 1175/1174/1174 1207/1206/1206 1190/1189/1189
f 1191/1190/1190 1207/1206/1206 1175/1174/1174
f 1191/1190/1190 1208/1207/1207 1207/1206/1206
f 1178/1177/1177 1209/1208/1208 1191/1190/1190
f 1177/1176/1176 1210/1209/1209 1192/1191/1191
f 1194/1193/1193 1210/1209/1209 1178/1177/1177
f 1154/1153/1153 1195/1194/1194 1194/1193/1193
f 1180/1179/1179 1197/1195/1195 1196/1210/1210
f 1181/1180/1180 1212/1211/1211 1197/1195/1195
f 1198/1196/1196 1199/1198/1198 1182/1197/1197
f 1184/1183/1183 1213/1212/1212 1199/1198/1198
f 1200/1199/1199 1213/1212/1212 1184/1183/1183
f 1200/1199/1199 1214/1213/1213 1213/1212/1212
f 1201/1200/1200 1214/1213/1213 1200/1199/1199
f 1201/1200/1200 1215/1214/1214 1214/1213/1213
f 1202/1201/1201 1215/1214/1214 1201/1200/1200
f 1202/1201/1201 1216/1215/1215 1215/1214/1214
f 1187/1186/1186 1217/1216/1216 1202/1201/1201
f 1203/1202/1202 1217/1216/1216 1187/1186/1186
f 1203/1202/1202 1218/1217/1217 1217/1216/1216
f 1204/1203/1203 1218/1217/1217 1203/1202/1202
f 1204/1203/1203 1219/1218/1218 1218/1217/1217
f 1205/1204/1204 1219/1218/1218 1204/1203/1203
f 1205/1204/1204 1220/1219/1219 1219/1218/1218
f 1206/1205/1205 1220/1219/1219 1205/1204/1204
f 1206/1205/1205 1221/1220/1220 1220/1219/1219
f 1190/1189/1189 1222/1221/1221 1206/1205/1205
f 1207/1206/1206 1222/1221/1221 1190/1189/1189
f 1207/1206/1206 1223/1222/1222 1222/1221/1221
f 1208/1207/1207 1223/1222/1222 1207/1206/1206
f 1208/1207/1207 1224/1223/1223 1223/1222/1222
f 1191/1190/1190 1209/1208/1208 1208/1207/1207
f 1209/1208/1208 1225/1224/1224 1208/1207/1207
f 1210/1209/1209 1195/1194/1194 1192/1191/1191
f 1197/1195/1195 1212/1211/1211 1211/1225/1225
f 1212/1211/1211 1226/1226/1226 1211/1225/1225
f 1181/1180/1180 1227/1227/1227 1212/1211/1211
f 1213/1212/1212 1228/1228/1228 1199/1198/1198
f 1214/1213/1213 1229/1229/1229 1213/1212/1212
f 1215/1214/1214 1229/1229/1229 1214/1213/1213
f 1215/1214/1214 1230/1230/1230 1229/1229/1229
f 1216/1215/1215 1230/1230/1230 1215/1214/1214
f 1216/1215/1215 1231/1231/1231 1230/1230/1230
f 1202/1201/1201 1232/1232/1232 1216/1215/1215
f 1217/1216/1216 1232/1232/1232 1202/1201/1201
f 1217/1216/1216 1218/1217/1217 1232/1232/1232
f 1218/1217/1217 1233/1233/1233 1232/1232/1232
f 1219/1218/1218 1233/1233/1233 1218/1217/1217
f 1219/1218/1218 1234/1234/1234 1233/1233/1233
f 1220/1219/1219 1234/1234/1234 1219/1218/1218
f 1220/1219/1219 1235/1235/1235 1234/1234/1234
f 1221/1220/1220 1236/1236/1236 1220/1219/1219
f 1206/1205/1205 1237/1237/1237 1221/1220/1220
f 1222/1221/1221 1237/1237/1237 1206/1205/1205
f 1222/1221/1221 1238/1238/1238 1237/1237/1237
f 1223/1222/1222 1238/1238/1238 1222/1221/1221
f 1223/1222/1222 1224/1223/1223 1238/1238/1238
f 1224/1223/1223 1239/1239/1239 1238/1238/1238
f 1208/1207/1207 1240/1240/1240 1224/1223/1223
f 1225/1224/1224 1240/1240/1240 1208/1207/1207
f 1225/1224/1224 1241/1241/1241 1240/1240/1240
f 1209/1208/1208 1193/1192/1192 1225/1224/1224
f 1195/1194/1194 1179/1178/1178 1192/1191/1191
f 1179/1178/1178 1165/1164/1164 1192/1191/1191
f 1165/1164/1164 1122/1119/1119 1192/1191/1191
f 1210/1209/1209 1194/1193/1193 1195/1194/1194
f 1226/1226/1226 1242/1242/1242 1211/1225/1225
f 1212/1211/1211 1243/1243/1243 1226/1226/1226
f 1227/1227/1227 1243/1243/1243 1212/1211/1211
f 1227/1227/1227 1244/1244/1244 1243/1243/1243
f 1181/1180/1180 1245/1245/1245 1227/1227/1227
f 1213/1212/1212 1246/1246/1246 1228/1228/1228
f 1213/1212/1212 1247/1247/1247 1246/1246/1246
f 1229/1229/1229 1247/1247/1247 1213/1212/1212
f 1229/1229/1229 1248/1248/1248 1247/1247/1247
f 1230/1230/1230 1249/1249/1249 1229/1229/1229
f 1231/1231/1231 1249/1249/1249 1230/1230/1230
f 1231/1231/1231 1250/1250/1250 1249/1249/1249
f 1216/1215/1215 1251/1251/1251 1231/1231/1231
f 1232/1232/1232 1251/1251/1251 1216/1215/1215
f 1232/1232/1232 1233/1233/1233 1251/1251/1251
f 1233/1233/1233 1252/1252/1252 1251/1251/1251
f 1234/1234/1234 1252/1252/1252 1233/1233/1233
f 1234/1234/1234 1253/1253/1253 1252/1252/1252
f 1235/1235/1235 1253/1253/1253 1234/1234/1234
f 1235/1235/1235 1254/1254/1254 1253/1253/1253
f 1220/1219/1219 1236/1236/1236 1235/1235/1235
f 1236/1236/1236 1255/1255/1255 1235/1235/1235
f 1221/1220/1220 1256/1256/1256 1236/1236/1236
f 1237/1237/1237 1257/1257/1257 1221/1220/1220
f 1238/1238/1238 1258/1258/1258 1237/1237/1237
f 1239/1239/1239 1259/1259/1259 1238/1238/1238
f 1224/1223/1223 1240/1240/1240 1239/1239/1239
f 1240/1240/1240 1260/1260/1260 1239/1239/1239
f 1241/1241/1241 1261/1261/1261 1240/1240/1240
f 1209/1208/1208 1164/1163/1163 1193/1192/1192
f 1242/1242/1242 1262/1262/1262 1211/1225/1225
f 1226/1226/1226 1243/1243/1243 1242/1242/1242
f 1243/1243/1243 1263/1263/1263 1242/1242/1242
f 1244/1244/1244 1264/1264/1264 1243/1243/1243
f 1227/1227/1227 1265/1265/1265 1244/1244/1244
f 1245/1245/1245 1266/1266/1266 1227/1227/1227
f 1247/1247/1247 1267/1267/1267 1246/1246/1246
f 1248/1248/1248 1267/1267/1267 1247/1247/1247
f 1229/1229/1229 1268/1268/1268 1248/1248/1248
f 1249/1249/1249 1268/1268/1268 1229/1229/1229
f 1249/1249/1249 1269/1269/1269 1268/1268/1268
f 1250/1250/1250 1270/1270/1270 1249/1249/1249
f 1231/1231/1231 1251/1251/1251 1250/1250/1250
f 1251/1251/1251 1271/1271/1271 1250/1250/1250
f 1252/1252/1252 1271/1271/1271 1251/1251/1251
f 1252/1252/1252 1272/1272/1272 1271/1271/1271
f 1253/1253/1253 1272/1272/1272 1252/1252/1252
f 1253/1253/1253 1273/1273/1273 1272/1272/1272
f 1254/1254/1254 1273/1273/1273 1253/1253/1253
f 1254/1254/1254 1274/1274/1274 1273/1273/1273
f 1235/1235/1235 1255/1255/1255 1254/1254/1254
f 1255/1255/1255 1275/1275/1275 1254/1254/1254
f 1236/1236/1236 1276/1276/1276 1255/1255/1255
f 1256/1256/1256 1276/1276/1276 1236/1236/1236
f 1256/1256/1256 1277/1277/1277 1276/1276/1276
f 1221/1220/1220 1257/1257/1257 1256/1256/1256
f 1257/1257/1257 1278/1278/1278 1256/1256/1256
f 1237/1237/1237 1258/1258/1258 1257/1257/1257
f 1258/1258/1258 1279/1279/1279 1257/1257/1257
f 1238/1238/1238 1259/1259/1259 1258/1258/1258
f 1259/1259/1259 1280/1280/1280 1258/1258/1258
f 1239/1239/1239 1281/1281/1281 1259/1259/1259
f 1260/1260/1260 1281/1281/1281 1239/1239/1239
f 1260/1260/1260 1282/1282/1282 1281/1281/1281
f 1240/1240/1240 1261/1261/1261 1260/1260/1260
f 1261/1261/1261 1282/1282/1282 1260/1260/1260
f 1261/1261/1261 1283/1283/1283 1282/1282/1282
f 1241/1241/1241 1284/1284/1284 1261/1261/1261
f 1242/1242/1242 1263/1263/1263 1262/1262/1262
f 1243/1243/1243 1264/1264/1264 1263/1263/1263
f 1264/1264/1264 1285/1285/1285 1263/1263/1263
f 1244/1244/1244 1286/1286/1286 1264/1264/1264
f 1265/1265/1265 1287/1287/1287 1244/1244/1244
f 1227/1227/1227 1266/1266/1266 1265/1265/1265
f 1266/1266/1266 1288/1288/1288 1265/1265/1265
f 1245/1245/1245 1289/1289/1289 1266/1266/1266
f 1267/1267/1267 1290/1290/1290 1246/1246/1246
f 1268/1268/1268 1291/1291/1291 1248/1248/1248
f 1268/1268/1268 1269/1269/1269 1291/1291/1291
f 1269/1269/1269 1292/1292/1292 1291/1291/1291
f 1249/1249/1249 1292/1292/1292 1269/1269/1269
f 1249/1249/1249 1270/1270/1270 1292/1292/1292
f 1270/1270/1270 1293/1293/1293 1292/1292/1292
f 1250/1250/1250 1294/1294/1294 1270/1270/1270
f 1271/1271/1271 1294/1294/1294 1250/1250/1250
f 1271/1271/1271 1295/1295/1295 1294/1294/1294
f 1272/1272/1272 1295/1295/1295 1271/1271/1271
f 1272/1272/1272 1296/1296/1296 1295/1295/1295
f 1273/1273/1273 1296/1296/1296 1272/1272/1272
f 1273/1273/1273 1297/1297/1297 1296/1296/1296
f 1274/1274/1274 1297/1297/1297 1273/1273/1273
f 1274/1274/1274 1298/1298/1298 1297/1297/1297
f 1254/1254/1254 1275/1275/1275 1274/1274/1274
f 1275/1275/1275 1299/1299/1299 1274/1274/1274
f 1255/1255/1255 1300/1300/1300 1275/1275/1275
f 1276/1276/1276 1300/1300/1300 1255/1255/1255
f 1276/1276/1276 1301/1301/1301 1300/1300/1300
f 1277/1277/1277 1301/1301/1301 1276/1276/1276
f 1277/1277/1277 1302/1302/1302 1301/1301/1301
f 1256/1256/1256 1278/1278/1278 1277/1277/1277
f 1278/1278/1278 1303/1303/1303 1277/1277/1277
f 1257/1257/1257 1279/1279/1279 1278/1278/1278
f 1279/1279/1279 1304/1304/1304 1278/1278/1278
f 1258/1258/1258 1280/1280/1280 1279/1279/1279
f 1280/1280/1280 1305/1305/1305 1279/1279/1279
f 1259/1259/1259 1306/1306/1306 1280/1280/1280
f 1281/1281/1281 1306/1306/1306 1259/1259/1259
f 1281/1281/1281 1307/1307/1307 1306/1306/1306
f 1282/1282/1282 1307/1307/1307 1281/1281/1281
f 1282/1282/1282 1308/1308/1308 1307/1307/1307
f 1283/1283/1283 1308/1308/1308 1282/1282/1282
f 1283/1283/1283 1309/1309/1309 1308/1308/1308
f 1261/1261/1261 1284/1284/1284 1283/1283/1283
f 1284/1284/1284 1310/1310/1310 1283/1283/1283
f 1241/1241/1241 1311/1311/1311 1284/1284/1284
f 1264/1264/1264 1312/1312/1312 1285/1285/1285
f 1286/1286/1286 1312/1312/1312 1264/1264/1264
f 1286/1286/1286 1285/1285/1285 1312/1312/1312
f 1286/1286/1286 1313/1313/1313 1285/1285/1285
f 1244/1244/1244 1287/1287/1287 1286/1286/1286
f 1265/1265/1265 1315/1314/1314 1287/1287/1287
f 1288/1288/1288 1316/1315/1315 1265/1265/1265
f 1266/1266/1266 1317/1316/1316 1288/1288/1288
f 1289/1289/1289 1317/1316/1316 1266/1266/1266
f 1289/1289/1289 1318/1317/1317 1317/1316/1316
f 1270/1270/1270 1319/1318/1318 1293/1293/1293
f 1294/1294/1294 1319/1318/1318 1270/1270/1270
f 1294/1294/1294 1320/1319/1319 1319/1318/1318
f 1295/1295/1295 1321/1320/1320 1294/1294/1294
f 1296/1296/1296 1322/1321/1321 1295/1295/1295
f 1297/1297/1297 1323/1322/1322 1296/1296/1296
f 1298/1298/1298 1324/1323/1323 1297/1297/1297
f 1274/1274/1274 1299/1299/1299 1298/1298/1298
f 1299/1299/1299 1325/1324/1324 1298/1298/1298
f 1275/1275/1275 1326/1325/1325 1299/1299/1299
f 1300/1300/1300 1326/1325/1325 1275/1275/1275
f 1300/1300/1300 1327/1326/1326 1326/1325/1325
f 1301/1301/1301 1327/1326/1326 1300/1300/1300
f 1301/1301/1301 1328/1327/1327 1327/1326/1326
f 1302/1302/1302 1328/1327/1327 1301/1301/1301
f 1302/1302/1302 1329/1328/1328 1328/1327/1327
f 1277/1277/1277 1303/1303/1303 1302/1302/1302
f 1303/1303/1303 1329/1328/1328 1302/1302/1302
f 1303/1303/1303 1330/1329/1329 1329/1328/1328
f 1278/1278/1278 1304/1304/1304 1303/1303/1303
f 1304/1304/1304 1330/1329/1329 1303/1303/1303
f 1304/1304/1304 1331/1330/1330 1330/1329/1329
f 1279/1279/1279 1305/1305/1305 1304/1304/1304
f 1305/1305/1305 1331/1330/1330 1304/1304/1304
f 1305/1305/1305 1332/1331/1331 1331/1330/1330
f 1280/1280/1280 1333/1332/1332 1305/1305/1305
f 1306/1306/1306 1333/1332/1332 1280/1280/1280
f 1306/1306/1306 1334/1333/1333 1333/1332/1332
f 1307/1307/1307 1334/1333/1333 1306/1306/1306
f 1307/1307/1307 1335/1334/1334 1334/1333/1333
f 1308/1308/1308 1335/1334/1334 1307/1307/1307
f 1308/1308/1308 1336/1335/1335 1335/1334/1334
f 1309/1309/1309 1336/1335/1335 1308/1308/1308
f 1309/1309/1309 1337/1336/1336 1336/1335/1335
f 1283/1283/1283 1310/1310/1310 1309/1309/1309
f 1310/1310/1310 1338/1337/1337 1309/1309/1309
f 1284/1284/1284 1311/1311/1311 1310/1310/1310
f 1311/1311/1311 1339/1338/1338 1310/1310/1310
f 1287/1287/1287 1340/1339/1339 1314/1340/1340
f 1315/1314/1314 1340/1339/1339 1287/1287/1287
f 1315/1314/1314 1341/1341/1341 1340/1339/1339
f 1316/1315/1315 1341/1341/1341 1265/1265/1265
f 1288/1288/1288 1342/1342/1342 1316/1315/1315
f 1317/1316/1316 1343/1343/1343 1288/1288/1288
f 1318/1317/1317 1344/1344/1344 1317/1316/1316
f 1294/1294/1294 1321/1320/1320 1320/1319/1319
f 1321/1320/1320 1346/1345/1345 1320/1319/1319
f 1295/1295/1295 1346/1345/1345 1321/1320/1320
f 1295/1295/1295 1322/1321/1321 1346/1345/1345
f 1322/1321/1321 1347/1346/1346 1346/1345/1345
f 1296/1296/1296 1347/1346/1346 1322/1321/1321
f 1296/1296/1296 1323/1322/1322 1347/1346/1346
f 1323/1322/1322 1348/1347/1347 1347/1346/1346
f 1297/1297/1297 1349/1348/1348 1323/1322/1322
f 1324/1323/1323 1349/1348/1348 1297/1297/1297
f 1324/1323/1323 1350/1349/1349 1349/1348/1348
f 1298/1298/1298 1351/1350/1350 1324/1323/1323
f 1325/1324/1324 1351/1350/1350 1298/1298/1298
f 1325/1324/1324 1352/1351/1351 1351/1350/1350
f 1299/1299/1299 1353/1352/1352 1325/1324/1324
f 1326/1325/1325 1353/1352/1352 1299/1299/1299
f 1326/1325/1325 1354/1353/1353 1353/1352/1352
f 1327/1326/1326 1354/1353/1353 1326/1325/1325
f 1327/1326/1326 1355/1354/1354 1354/1353/1353
f 1328/1327/1327 1355/1354/1354 1327/1326/1326
f 1328/1327/1327 1356/1355/1355 1355/1354/1354
f 1329/1328/1328 1356/1355/1355 1328/1327/1327
f 1329/1328/1328 1357/1356/1356 1356/1355/1355
f 1330/1329/1329 1358/1357/1357 1329/1328/1328
f 1331/1330/1330 1359/1358/1358 1330/1329/1329
f 1332/1331/1331 1359/1358/1358 1331/1330/1330
f 1332/1331/1331 1360/1359/1359 1359/1358/1358
f 1305/1305/1305 1333/1332/1332 1332/1331/1331
f 1333/1332/1332 1361/1360/1360 1332/1331/1331
f 1334/1333/1333 1361/1360/1360 1333/1332/1332
f 1334/1333/1333 1362/1361/1361 1361/1360/1360
f 1335/1334/1334 1362/1361/1361 1334/1333/1333
f 1335/1334/1334 1363/1362/1362 1362/1361/1361
f 1336/1335/1335 1363/1362/1362 1335/1334/1334
f 1336/1335/1335 1364/1363/1363 1363/1362/1362
f 1337/1336/1336 1364/1363/1363 1336/1335/1335
f 1337/1336/1336 1365/1364/1364 1364/1363/1363
f 1309/1309/1309 1338/1337/1337 1337/1336/1336
f 1338/1337/1337 1366/1365/1365 1337/1336/1336
f 1310/1310/1310 1339/1338/1338 1338/1337/1337
f 1339/1338/1338 1367/1366/1366 1338/1337/1337
f 1341/1341/1341 1369/1367/1367 1340/1339/1339
f 1315/1314/1314 1370/1368/1368 1341/1341/1341
f 1316/1315/1315 1342/1342/1342 1341/1341/1341
f 1342/1342/1342 1371/1369/1369 1341/1341/1341
f 1288/1288/1288 1372/1370/1370 1342/1342/1342
f 1343/1343/1343 1372/1370/1370 1288/1288/1288
f 1343/1343/1343 1373/1371/1371 1372/1370/1370
f 1344/1344/1344 1343/1343/1343 1317/1316/1316
f 1344/1344/1344 1374/1372/1372 1343/1343/1343
f 1320/1319/1319 1346/1345/1345 1345/1373/1373
f 1346/1345/1345 1375/1374/1374 1345/1373/1373
f 1347/1346/1346 1375/1374/1374 1346/1345/1345
f 1347/1346/1346 1348/1347/1347 1375/1374/1374
f 1323/1322/1322 1349/1348/1348 1348/1347/1347
f 1349/1348/1348 1376/1375/1375 1348/1347/1347
f 1350/1349/1349 1376/1375/1375 1349/1348/1348
f 1350/1349/1349 1377/1376/1376 1376/1375/1375
f 1324/1323/1323 1351/1350/1350 1350/1349/1349
f 1351/1350/1350 1352/1351/1351 1350/1349/1349
f 1352/1351/1351 1377/1376/1376 1350/1349/1349
f 1352/1351/1351 1378/1377/1377 1377/1376/1376
f 1325/1324/1324 1379/1378/1378 1352/1351/1351
f 1353/1352/1352 1380/1379/1379 1325/1324/1324
f 1354/1353/1353 1381/1380/1380 1353/1352/1352
f 1355/1354/1354 1382/1381/1381 1354/1353/1353
f 1356/1355/1355 1383/1382/1382 1355/1354/1354
f 1357/1356/1356 1384/1383/1383 1356/1355/1355
f 1329/1328/1328 1358/1357/1357 1357/1356/1356
f 1358/1357/1357 1385/1384/1384 1357/1356/1356
f 1330/1329/1329 1359/1358/1358 1358/1357/1357
f 1359/1358/1358 1386/1385/1385 1358/1357/1357
f 1360/1359/1359 1387/1386/1386 1359/1358/1358
f 1332/1331/1331 1361/1360/1360 1360/1359/1359
f 1361/1360/1360 1388/1387/1387 1360/1359/1359
f 1362/1361/1361 1388/1387/1387 1361/1360/1360
f 1362/1361/1361 1389/1388/1388 1388/1387/1387
f 1363/1362/1362 1389/1388/1388 1362/1361/1361
f 1363/1362/1362 1390/1389/1389 1389/1388/1388
f 1364/1363/1363 1390/1389/1389 1363/1362/1362
f 1364/1363/1363 1370/1368/1368 1390/1389/1389
f 1337/1336/1336 1366/1365/1365 1365/1364/1364
f 1366/1365/1365 1391/1390/1390 1365/1364/1364
f 1338/1337/1337 1367/1366/1366 1366/1365/1365
f 1367/1366/1366 1392/1391/1391 1366/1365/1365
f 1339/1338/1338 1393/1392/1392 1367/1366/1366
f 1340/1339/1339 1369/1367/1367 1368/1393/1393
f 1369/1367/1367 1394/1394/1394 1368/1393/1393
f 1341/1341/1341 1390/1389/1389 1369/1367/1367
f 1315/1314/1314 1395/1395/1395 1370/1368/1368
f 1371/1369/1369 1396/1396/1396 1341/1341/1341
f 1342/1342/1342 1372/1370/1370 1371/1369/1369
f 1372/1370/1370 1373/1371/1371 1371/1369/1369
f 1373/1371/1371 1397/1397/1397 1371/1369/1369
f 1343/1343/1343 1398/1398/1398 1373/1371/1371
f 1374/1372/1372 1398/1398/1398 1343/1343/1343
f 1374/1372/1372 1399/1399/1399 1398/1398/1398
f 1379/1378/1378 1400/1400/1400 1352/1351/1351
f 1325/1324/1324 1401/1401/1401 1379/1378/1378
f 1380/1379/1379 1401/1401/1401 1325/1324/1324
f 1380/1379/1379 1381/1380/1380 1401/1401/1401
f 1381/1380/1380 1380/1379/1379 1353/1352/1352
f 1354/1353/1353 1382/1381/1381 1381/1380/1380
f 1382/1381/1381 1402/1402/1402 1381/1380/1380
f 1355/1354/1354 1383/1382/1382 1382/1381/1381
f 1383/1382/1382 1403/1403/1403 1382/1381/1381
f 1356/1355/1355 1404/1404/1404 1383/1382/1382
f 1384/1383/1383 1404/1404/1404 1356/1355/1355
f 1359/1358/1358 1387/1386/1386 1386/1385/1385
f 1360/1359/1359 1405/1405/1405 1387/1386/1386
f 1388/1387/1387 1394/1394/1394 1360/1359/1359
f 1389/1388/1388 1369/1367/1367 1388/1387/1387
f 1370/1368/1368 1406/1406/1406 1390/1389/1389
f 1391/1390/1390 1407/1407/1407 1365/1364/1364
f 1366/1365/1365 1407/1407/1407 1391/1390/1390
f 1366/1365/1365 1392/1391/1391 1407/1407/1407
f 1392/1391/1391 1408/1408/1408 1407/1407/1407
f 1367/1366/1366 1393/1392/1392 1392/1391/1391
f 1393/1392/1392 1408/1408/1408 1392/1391/1391
f 1393/1392/1392 1409/1409/1409 1408/1408/1408
f 1339/1338/1338 1409/1409/1409 1393/1392/1392
f 1394/1394/1394 1405/1405/1405 1368/1393/1393
f 1395/1395/1395 1365/1364/1364 1370/1368/1368
f 1315/1314/1314 1396/1396/1396 1395/1395/1395
f 1371/1369/1369 1410/1410/1410 1396/1396/1396
f 1397/1397/1397 1410/1410/1410 1371/1369/1369
f 1397/1397/1397 1411/1411/1411 1410/1410/1410
f 1373/1371/1371 1412/1412/1412 1397/1397/1397
f 1398/1398/1398 1412/1412/1412 1373/1371/1371
f 1398/1398/1398 1399/1399/1399 1412/1412/1412
f 1399/1399/1399 1413/1413/1413 1412/1412/1412
f 1374/1372/1372 1414/1414/1414 1399/1399/1399
f 1379/1378/1378 1416/1415/1415 1400/1400/1400
f 1401/1401/1401 1416/1415/1415 1379/1378/1378
f 1401/1401/1401 1400/1400/1400 1416/1415/1415
f 1401/1401/1401 1417/1416/1416 1400/1400/1400
f 1381/1380/1380 1402/1402/1402 1401/1401/1401
f 1402/1402/1402 1417/1416/1416 1401/1401/1401
f 1402/1402/1402 1418/1417/1417 1417/1416/1416
f 1382/1381/1381 1419/1418/1418 1402/1402/1402
f 1383/1382/1382 1421/1419/1419 1403/1403/1403
f 1407/1407/1407 1406/1406/1406 1365/1364/1364
f 1408/1408/1408 1422/1420/1420 1407/1407/1407
f 1409/1409/1409 1423/1421/1421 1408/1408/1408
f 1394/1394/1394 1389/1388/1388 1405/1405/1405
f 1315/1314/1314 1411/1411/1411 1396/1396/1396
f 1397/1397/1397 1424/1422/1422 1411/1411/1411
f 1412/1412/1412 1424/1422/1422 1397/1397/1397
f 1412/1412/1412 1413/1413/1413 1424/1422/1422
f 1413/1413/1413 1425/1423/1423 1424/1422/1422
f 1399/1399/1399 1426/1424/1424 1413/1413/1413
f 1414/1414/1414 1427/1425/1425 1399/1399/1399
f 1402/1402/1402 1428/1426/1426 1418/1417/1417
f 1419/1418/1418 1428/1426/1426 1402/1402/1402
f 1420/1427/1427 1419/1418/1418 1382/1381/1381
f 1407/1407/1407 1410/1410/1410 1406/1406/1406
f 1408/1408/1408 1423/1421/1421 1422/1420/1420
f 1423/1421/1421 1429/1428/1428 1422/1420/1420
f 1409/1409/1409 1429/1428/1428 1423/1421/1421
f 1411/1411/1411 1430/1429/1429 1396/1396/1396
f 1424/1422/1422 1430/1429/1429 1411/1411/1411
f 1424/1422/1422 1425/1423/1423 1430/1429/1429
f 1425/1423/1423 1431/1430/1430 1430/1429/1429
f 1413/1413/1413 1426/1424/1424 1425/1423/1423
f 1426/1424/1424 1432/1431/1431 1425/1423/1423
f 1399/1399/1399 1427/1425/1425 1426/1424/1424
f 1427/1425/1425 1433/1432/1432 1426/1424/1424
f 1414/1414/1414 1434/1433/1433 1427/1425/1425
f 1378/1377/1377 1352/1351/1351 1415/1434/1434
f 1410/1410/1410 1315/1314/1314 1406/1406/1406
f 1429/1428/1428 1435/1435/1435 1422/1420/1420
f 1430/1429/1429 1436/1436/1436 1396/1396/1396
f 1431/1430/1430 1436/1436/1436 1430/1429/1429
f 1431/1430/1430 1435/1435/1435 1436/1436/1436
f 1425/1423/1423 1432/1431/1431 1431/1430/1430
f 1432/1431/1431 1437/1437/1437 1431/1430/1430
f 1426/1424/1424 1433/1432/1432 1432/1431/1431
f 1433/1432/1432 1438/1438/1438 1432/1431/1431
f 1427/1425/1425 1434/1433/1433 1433/1432/1432
f 1434/1433/1433 1438/1438/1438 1433/1432/1432
f 1434/1433/1433 1439/1439/1439 1438/1438/1438
f 1414/1414/1414 1440/1440/1440 1434/1433/1433
f 1315/1314/1314 1441/1441/1441 1406/1406/1406
f 1410/1410/1410 1411/1411/1411 1315/1314/1314
f 1435/1435/1435 1437/1437/1437 1422/1420/1420
f 1429/1428/1428 1436/1436/1436 1435/1435/1435
f 1429/1428/1428 1442/1442/1442 1436/1436/1436
f 1436/1436/1436 1443/1443/1443 1396/1396/1396
f 1437/1437/1437 1435/1435/1435 1431/1430/1430
f 1432/1431/1431 1444/1444/1444 1437/1437/1437
f 1438/1438/1438 1444/1444/1444 1432/1431/1431
f 1438/1438/1438 1445/1445/1445 1444/1444/1444
f 1439/1439/1439 1445/1445/1445 1438/1438/1438
f 1439/1439/1439 1446/1446/1446 1445/1445/1445
f 1440/1440/1440 1439/1439/1439 1434/1433/1433
f 1440/1440/1440 1447/1447/1447 1439/1439/1439
f 1315/1314/1314 1265/1265/1265 1441/1441/1441
f 1437/1437/1437 1410/1410/1410 1422/1420/1420
f 1442/1442/1442 1448/1448/1448 1436/1436/1436
f 1429/1428/1428 1409/1409/1409 1442/1442/1442
f 1443/1443/1443 1448/1448/1448 1396/1396/1396
f 1445/1445/1445 1446/1446/1446 1444/1444/1444
f 1439/1439/1439 1447/1447/1447 1446/1446/1446
f 1440/1440/1440 1449/1449/1449 1447/1447/1447
f 1410/1410/1410 1407/1407/1407 1422/1420/1420
f 1448/1448/1448 1443/1443/1443 1436/1436/1436
f 1449/1449/1449 1450/1450/1450 1447/1447/1447
f 1440/1440/1440 1451/1451/1451 1449/1449/1449
f 1449/1449/1449 1452/1452/1452 1450/1450/1450
f 1451/1451/1451 1452/1452/1452 1449/1449/1449
f 1451/1451/1451 1453/1453/1453 1452/1452/1452
f 1440/1440/1440 1414/1414/1414 1451/1451/1451
f 1451/1451/1451 1454/1454/1454 1453/1453/1453
f 1454/1454/1454 1455/1455/1455 1453/1453/1453
f 1455/1455/1455 1456/1456/1456 1453/1453/1453
f 1454/1454/1454 1457/1457/1457 1455/1455/1455
f 1456/1456/1456 1452/1452/1452 1453/1453/1453
f 1456/1456/1456 1450/1450/1450 1452/1452/1452
f 1456/1456/1456 1447/1447/1447 1450/1450/1450
f 1455/1455/1455 1458/1458/1458 1456/1456/1456
f 1457/1457/1457 1458/1458/1458 1455/1455/1455
f 1457/1457/1457 1459/1459/1459 1458/1458/1458
f 1458/1458/1458 1460/1460/1460 1456/1456/1456
f 1459/1459/1459 1461/1461/1461 1458/1458/1458
f 1460/1460/1460 1462/1462/1462 1456/1456/1456
f 1458/1458/1458 1463/1463/1463 1460/1460/1460
f 1459/1459/1459 1464/1464/1464 1461/1461/1461
f 1462/1462/1462 1465/1465/1465 1456/1456/1456
f 1460/1460/1460 1463/1463/1463 1462/1462/1462
f 1463/1463/1463 1466/1466/1466 1462/1462/1462
f 1458/1458/1458 1461/1461/1461 1463/1463/1463
f 1461/1461/1461 1467/1467/1467 1463/1463/1463
f 1464/1464/1464 1468/1468/1468 1461/1461/1461
f 1465/1465/1465 1469/1469/1469 1456/1456/1456
f 1462/1462/1462 1470/1470/1470 1465/1465/1465
f 1466/1466/1466 1470/1470/1470 1462/1462/1462
f 1466/1466/1466 1471/1471/1471 1470/1470/1470
f 1463/1463/1463 1472/1472/1472 1466/1466/1466
f 1467/1467/1467 1472/1472/1472 1463/1463/1463
f 1467/1467/1467 1473/1473/1473 1472/1472/1472
f 1461/1461/1461 1474/1474/1474 1467/1467/1467
f 1468/1468/1468 1475/1475/1475 1461/1461/1461
f 1465/1465/1465 1476/1476/1476 1469/1469/1469
f 1470/1470/1470 1477/1477/1477 1465/1465/1465
f 1471/1471/1471 1478/1478/1478 1470/1470/1470
f 1466/1466/1466 1472/1472/1472 1471/1471/1471
f 1472/1472/1472 1473/1473/1473 1471/1471/1471
f 1467/1467/1467 1479/1479/1479 1473/1473/1473
f 1474/1474/1474 1479/1479/1479 1467/1467/1467
f 1474/1474/1474 1480/1480/1480 1479/1479/1479
f 1461/1461/1461 1475/1475/1475 1474/1474/1474
f 1475/1475/1475 1481/1481/1481 1474/1474/1474
f 1465/1465/1465 1477/1477/1477 1476/1476/1476
f 1477/1477/1477 1478/1478/1478 1476/1476/1476
f 1478/1478/1478 1477/1477/1477 1470/1470/1470
f 1479/1479/1479 1482/1482/1482 1473/1473/1473
f 1480/1480/1480 1483/1483/1483 1479/1479/1479
f 1474/1474/1474 1484/1484/1484 1480/1480/1480
f 1481/1481/1481 1485/1485/1485 1474/1474/1474
f 1478/1478/1478 1486/1486/1486 1476/1476/1476
f 1479/1479/1479 1483/1483/1483 1482/1482/1482
f 1483/1483/1483 1487/1487/1487 1482/1482/1482
f 1480/1480/1480 1487/1487/1487 1483/1483/1483
f 1480/1480/1480 1488/1488/1488 1487/1487/1487
f 1484/1484/1484 1489/1489/1489 1480/1480/1480
f 1474/1474/1474 1485/1485/1485 1484/1484/1484
f 1487/1487/1487 1490/1490/1490 1482/1482/1482
f 1488/1488/1488 1490/1490/1490 1487/1487/1487
f 1488/1488/1488 1491/1491/1491 1490/1490/1490
f 1480/1480/1480 1489/1489/1489 1488/1488/1488
f 1489/1489/1489 1491/1491/1491 1488/1488/1488
f 1489/1489/1489 1492/1492/1492 1491/1491/1491
f 1491/1491/1491 1493/1493/1493 1490/1490/1490
f 1492/1492/1492 1493/1493/1493 1491/1491/1491
f 1492/1492/1492 1494/1494/1494 1493/1493/1493
f 1489/1489/1489 1495/1495/1495 1492/1492/1492
f 1492/1492/1492 1496/1496/1496 1494/1494/1494
f 1495/1495/1495 1496/1496/1496 1492/1492/1492
f 1495/1495/1495 1497/1497/1497 1496/1496/1496
f 1496/1496/1496 1497/1497/1497 1494/1494/1494
f 1495/1495/1495 1498/1498/1498 1497/1497/1497
f 1495/1495/1495 1499/1499/1499 1498/1498/1498
