# Blender v2.79 (sub 0) OBJ File: ''
# www.blender.org
mtllib 3.mtl
o 3
v 0.036251 0.224452 0.104529
v 0.034221 0.230169 0.095249
v 0.012460 0.243793 0.096063
v 0.017391 0.226166 0.104822
v 0.011366 0.252020 0.092638
v 0.052874 0.236160 0.096789
v 0.019130 0.216220 0.126806
v -0.001320 0.225135 0.115745
v -0.005097 0.239321 0.101085
v 0.030197 0.241537 0.061522
v 0.054225 0.228086 0.101891
v 0.038022 0.216736 0.114334
v 0.000258 0.214244 0.143534
v -0.003274 0.233050 0.104215
v -0.023026 0.232387 0.115900
v -0.007578 0.246348 0.095605
v -0.011715 0.260710 0.073524
v 0.075030 0.237523 0.091704
v 0.056241 0.220990 0.107553
v 0.039254 0.206465 0.139514
v 0.020553 0.205977 0.150912
v -0.020255 0.220252 0.144900
v -0.039430 0.223540 0.139221
v -0.025392 0.241750 0.101915
v -0.027770 0.249372 0.096000
v -0.045953 0.252741 0.088288
v 0.075502 0.229117 0.096009
v 0.076371 0.222116 0.101871
v 0.058116 0.215255 0.113679
v 0.059809 0.207748 0.125430
v 0.040476 0.196982 0.161260
v 0.001962 0.205600 0.161061
v -0.017993 0.212418 0.159273
v -0.036482 0.214412 0.158579
v -0.042382 0.234520 0.114490
v -0.044318 0.242767 0.103353
v -0.063167 0.244409 0.104319
v 0.097459 0.224328 0.092227
v 0.079718 0.208666 0.110648
v 0.081448 0.202655 0.114950
v 0.060055 0.197948 0.148597
v 0.061344 0.190453 0.159803
v 0.021881 0.197653 0.166557
v 0.003689 0.198175 0.172514
v -0.016017 0.205589 0.168370
v -0.034145 0.207056 0.168761
v -0.055170 0.219425 0.144101
v -0.058531 0.230433 0.118313
v -0.060809 0.237026 0.110298
v -0.078282 0.233549 0.111654
v -0.082155 0.248738 0.096548
v 0.098076 0.216086 0.096237
v 0.078185 0.215671 0.103204
v 0.102363 0.195885 0.114319
v 0.082502 0.195235 0.126678
v 0.082369 0.186453 0.147136
v 0.083035 0.179261 0.159716
v 0.041863 0.189718 0.172289
v 0.023381 0.190756 0.175910
v 0.005356 0.191635 0.180855
v -0.014115 0.199388 0.174885
v -0.032031 0.200952 0.174851
v -0.052592 0.210984 0.160269
v -0.069072 0.207656 0.161948
v -0.072792 0.217537 0.140259
v -0.076421 0.227333 0.116638
v -0.080806 0.240183 0.104463
v -0.100950 0.241693 0.094122
v 0.101556 0.203531 0.101638
v 0.103569 0.189585 0.122351
v 0.104054 0.181789 0.137734
v 0.103838 0.173616 0.155770
v 0.062554 0.183968 0.168181
v 0.043391 0.183163 0.180781
v 0.024863 0.184253 0.184521
v 0.007069 0.185518 0.188121
v -0.012306 0.193582 0.180660
v -0.030057 0.195105 0.180183
v -0.045573 0.190875 0.187684
v -0.047928 0.197139 0.179283
v -0.050300 0.203876 0.170175
v -0.066759 0.201287 0.168848
v -0.088737 0.209887 0.138026
v -0.092998 0.220699 0.111198
v -0.094808 0.227111 0.104056
v -0.114354 0.228827 0.094313
v -0.104127 0.252108 0.084634
v 0.122237 0.210725 0.094036
v 0.122105 0.202990 0.098371
v 0.127293 0.179534 0.113715
v 0.130117 0.160052 0.141264
v 0.084174 0.172836 0.167889
v 0.063734 0.177810 0.175465
v 0.044967 0.177231 0.187051
v 0.026373 0.178066 0.192418
v 0.008837 0.179628 0.194295
v -0.010516 0.187137 0.188764
v -0.028135 0.189141 0.186329
v -0.043548 0.185055 0.193523
v -0.061932 0.188664 0.184212
v -0.064356 0.194885 0.176826
v -0.081339 0.192398 0.174875
v -0.084070 0.199377 0.165522
v -0.100443 0.194413 0.152710
v -0.105244 0.204668 0.126225
v -0.108921 0.213825 0.107969
v -0.111328 0.220524 0.099962
v -0.116838 0.236423 0.087775
v 0.146987 0.193315 0.092692
v 0.125847 0.185913 0.102010
v 0.128731 0.173414 0.119761
v 0.130013 0.167073 0.127978
v 0.131074 0.153940 0.149395
v 0.104581 0.166987 0.164205
v 0.065117 0.172357 0.179459
v 0.046491 0.171553 0.192595
v 0.027938 0.172272 0.198522
v 0.010533 0.173830 0.200244
v -0.008715 0.181209 0.195517
v -0.026216 0.182847 0.194655
v -0.041656 0.179351 0.199018
v -0.059745 0.182727 0.190973
v -0.076861 0.180945 0.185564
v -0.079050 0.186498 0.180414
v -0.093290 0.179126 0.181919
v -0.096294 0.185714 0.172299
v -0.111676 0.180385 0.163450
v -0.115863 0.189146 0.143733
v -0.121380 0.199693 0.113726
v -0.124385 0.206980 0.101988
v -0.127689 0.214396 0.095198
v -0.129991 0.221720 0.088908
v 0.147882 0.186895 0.094784
v 0.149064 0.181406 0.097291
v 0.150677 0.176224 0.098684
v 0.158814 0.146704 0.117148
v 0.159238 0.140460 0.126402
v 0.105871 0.161510 0.168949
v 0.085496 0.166977 0.173691
v 0.066330 0.166680 0.185014
v 0.047960 0.166034 0.197755
v 0.029539 0.166598 0.204077
v 0.012229 0.168163 0.205961
v -0.006958 0.175540 0.201213
v -0.024379 0.177248 0.200713
v -0.039781 0.173922 0.204185
v -0.057709 0.176915 0.197571
v -0.074660 0.175485 0.190865
v -0.091085 0.173748 0.186163
v -0.105626 0.167230 0.183021
v -0.108469 0.173410 0.174630
v -0.124204 0.166991 0.168293
v -0.127455 0.174140 0.155710
v -0.134660 0.185652 0.117056
v -0.141032 0.199841 0.100257
v -0.133935 0.229548 0.079029
v 0.158237 0.153443 0.109066
v 0.132367 0.148370 0.153959
v 0.107357 0.156258 0.172361
v 0.086901 0.161444 0.178448
v 0.067660 0.161326 0.189286
v 0.049515 0.160846 0.201462
v 0.031227 0.161127 0.209355
v 0.013936 0.162541 0.212081
v -0.005222 0.170014 0.206436
v -0.022570 0.171877 0.205718
v -0.037958 0.168670 0.208776
v -0.055494 0.171097 0.204510
v -0.072372 0.169805 0.196869
v -0.088996 0.168390 0.190723
v -0.103009 0.161530 0.190000
v -0.118679 0.155451 0.181641
v -0.121367 0.161082 0.175524
v -0.137657 0.155588 0.164428
v -0.141187 0.162092 0.153311
v -0.155614 0.186848 0.096433
v 0.156772 0.159365 0.101215
v 0.160550 0.135159 0.130356
v 0.108957 0.151297 0.174529
v 0.088326 0.156168 0.182388
v 0.069152 0.156205 0.192786
v 0.051073 0.155882 0.204461
v 0.032893 0.155969 0.213896
v 0.015537 0.158026 0.212923
v -0.003479 0.164446 0.211679
v -0.020795 0.166703 0.210088
v -0.036157 0.163539 0.213139
v -0.053332 0.165579 0.210803
v -0.067751 0.158431 0.209524
v -0.070105 0.164139 0.202915
v -0.086670 0.162986 0.195887
v -0.100647 0.156170 0.195245
v -0.116236 0.149983 0.187085
v -0.132044 0.144298 0.176891
v -0.134795 0.149925 0.170439
v -0.148723 0.139036 0.162381
v -0.149809 0.174188 0.105382
v 0.161581 0.129897 0.135675
v 0.133768 0.142928 0.157782
v 0.089755 0.150987 0.185854
v 0.070750 0.151146 0.196022
v 0.052667 0.150991 0.207300
v 0.034653 0.151024 0.217011
v 0.019110 0.148126 0.219490
v 0.003388 0.145118 0.221334
v -0.001841 0.159951 0.213273
v -0.019051 0.161388 0.215061
v -0.034386 0.158563 0.216768
v -0.051428 0.160505 0.214646
v -0.065505 0.153209 0.215245
v -0.084356 0.157489 0.201245
v -0.113935 0.144711 0.191698
v -0.129168 0.138758 0.183377
v -0.145389 0.133169 0.171307
v -0.153390 0.146285 0.144308
v -0.159807 0.155310 0.115147
v -0.164500 0.163370 0.092920
v 0.135146 0.137560 0.161205
v 0.110642 0.146408 0.176070
v 0.091074 0.145756 0.190085
v 0.072361 0.145998 0.199451
v 0.054276 0.146113 0.209996
v 0.036382 0.146178 0.219778
v 0.020804 0.143141 0.222756
v 0.005241 0.140154 0.224874
v 0.001623 0.150726 0.216184
v -0.013802 0.147691 0.218517
v -0.027584 0.139833 0.222862
v -0.042674 0.137288 0.222194
v -0.049773 0.155867 0.216544
v -0.060460 0.139991 0.215858
v -0.082151 0.152095 0.206426
v -0.098550 0.150941 0.199225
v -0.111669 0.139527 0.195893
v -0.126558 0.133463 0.188338
v -0.142991 0.127934 0.175418
v -0.157314 0.117592 0.165558
v -0.160489 0.123499 0.156656
v -0.172341 0.139159 0.107355
v -0.167983 0.169016 0.080274
v 0.162614 0.124358 0.141248
v 0.112092 0.141096 0.180463
v 0.092269 0.140464 0.194773
v 0.073938 0.140922 0.202901
v 0.055906 0.141266 0.212516
v 0.038111 0.141456 0.221875
v 0.022474 0.138301 0.225669
v 0.007071 0.135211 0.228264
v -0.010203 0.137473 0.225669
v -0.012029 0.142526 0.222238
v -0.025936 0.135060 0.225210
v -0.058553 0.135153 0.218344
v -0.074287 0.132827 0.214960
v -0.080099 0.146837 0.210598
v -0.094227 0.140548 0.206979
v -0.096364 0.145710 0.203081
v -0.109272 0.134330 0.200221
v -0.124239 0.128248 0.192110
v -0.140720 0.122826 0.179106
v -0.154476 0.112187 0.171517
v -0.167273 0.096604 0.161858
v -0.170577 0.102164 0.154292
v -0.166172 0.130957 0.136022
v -0.179659 0.114913 0.124910
v -0.176898 0.146416 0.087108
v -0.182834 0.158804 0.078585
v 0.136431 0.132263 0.164521
v 0.113217 0.135742 0.185375
v 0.093608 0.135382 0.198407
v 0.075412 0.135991 0.206306
v 0.057547 0.136504 0.214869
v 0.039810 0.136849 0.223627
v 0.024107 0.133558 0.228306
v 0.008791 0.130391 0.231255
v -0.008452 0.132817 0.228331
v -0.039033 0.128123 0.225488
v -0.056589 0.130465 0.220763
v -0.070589 0.123547 0.218962
v -0.088456 0.126371 0.210193
v -0.106868 0.129122 0.204702
v -0.122047 0.123173 0.195685
v -0.138099 0.117701 0.183922
v -0.151766 0.106973 0.176621
v -0.164327 0.091372 0.167481
v -0.181033 0.080893 0.149710
v -0.184115 0.086216 0.143548
v -0.174935 0.108274 0.141797
v -0.187885 0.092043 0.134179
v -0.184413 0.121905 0.105967
v -0.189278 0.129034 0.086478
v -0.180195 0.152809 0.081481
v -0.193085 0.135534 0.078077
v 0.163481 0.119087 0.145383
v 0.114720 0.130594 0.187803
v 0.095018 0.130388 0.201695
v 0.076868 0.131119 0.209402
v 0.059157 0.131740 0.217297
v 0.041429 0.132217 0.225659
v 0.025684 0.128934 0.230572
v 0.027199 0.124420 0.232472
v -0.004874 0.123800 0.231908
v -0.024043 0.130746 0.226480
v -0.037272 0.123265 0.228499
v -0.054664 0.125460 0.223919
v -0.068531 0.118641 0.222212
v -0.082720 0.112323 0.217794
v -0.084692 0.117096 0.214975
v -0.086789 0.122029 0.211669
v -0.104670 0.124232 0.207765
v -0.117530 0.113376 0.203097
v -0.119760 0.118163 0.199297
v -0.135362 0.112624 0.188861
v -0.149300 0.102071 0.180682
v -0.161560 0.086309 0.172386
v -0.178445 0.075934 0.153283
v -0.196233 0.065342 0.131312
v -0.200344 0.070580 0.121981
v -0.193493 0.098366 0.116376
v -0.199062 0.105208 0.094717
v -0.205335 0.112609 0.072158
v 0.137758 0.127077 0.167050
v 0.116302 0.125694 0.189553
v 0.096500 0.125487 0.204404
v 0.078338 0.126251 0.212355
v 0.060770 0.127039 0.219732
v 0.043041 0.127648 0.227519
v 0.044637 0.123122 0.229142
v 0.013865 0.117521 0.234430
v -0.003134 0.119142 0.234520
v -0.020392 0.121057 0.233001
v -0.022234 0.125826 0.229502
v -0.035478 0.118439 0.231545
v -0.052770 0.120648 0.226848
v -0.066545 0.113926 0.225153
v -0.080824 0.107690 0.220246
v -0.095069 0.101299 0.215302
v -0.097074 0.106004 0.213136
v -0.099202 0.110839 0.210219
v -0.115631 0.108860 0.204891
v -0.133073 0.107690 0.192359
v -0.144901 0.092517 0.186160
v -0.147378 0.097256 0.182389
v -0.159153 0.081591 0.175780
v -0.176781 0.071533 0.151824
v -0.194290 0.060795 0.129855
v -0.205171 0.076401 0.109677
v -0.209653 0.082496 0.097247
v -0.214727 0.088688 0.083830
v -0.208907 0.119200 0.065049
v 0.139188 0.122133 0.169279
v 0.117871 0.120843 0.191366
v 0.098125 0.120739 0.206131
v 0.079811 0.121399 0.215157
v 0.062330 0.122346 0.222016
v 0.046277 0.118651 0.230624
v 0.030452 0.115812 0.233812
v 0.015497 0.112770 0.236873
v -0.001433 0.114464 0.237140
v -0.016812 0.111577 0.238826
v -0.018596 0.116278 0.236149
v -0.033623 0.113555 0.235333
v -0.048936 0.111207 0.232795
v -0.050851 0.115893 0.229762
v -0.064582 0.109341 0.228030
v -0.078882 0.103128 0.222566
v -0.093153 0.096722 0.217006
v -0.109852 0.095097 0.208950
v -0.103118 0.119961 0.206099
v -0.128358 0.097956 0.199448
v -0.130693 0.102770 0.195941
v -0.141758 0.087426 0.191224
v -0.171316 0.061793 0.158213
v -0.174109 0.066876 0.153716
v -0.188957 0.050531 0.136341
v -0.192359 0.056081 0.130182
v -0.208288 0.038764 0.108843
v -0.212786 0.044101 0.098308
v -0.218026 0.049361 0.081633
v -0.219871 0.094586 0.067487
v 0.164825 0.113866 0.148273
v 0.140550 0.117355 0.171819
v 0.099873 0.116142 0.206747
v 0.081305 0.116611 0.217783
v 0.063840 0.117633 0.224233
v 0.065293 0.112908 0.226429
v 0.032069 0.111106 0.235791
v 0.017094 0.108117 0.239421
v 0.001882 0.105220 0.242769
v 0.000258 0.109845 0.239873
v -0.015021 0.106976 0.241582
v -0.030137 0.104429 0.241020
v -0.031860 0.108900 0.238703
v -0.047064 0.106590 0.235881
v -0.060671 0.100272 0.233962
v -0.062602 0.104806 0.230932
v -0.076995 0.098601 0.224929
v -0.091272 0.092209 0.218454
v -0.107783 0.090418 0.211011
v -0.122867 0.084616 0.202020
v -0.111982 0.099861 0.206055
v -0.090857 0.131763 0.206296
v -0.124903 0.089297 0.199535
v -0.139801 0.082841 0.192953
v -0.151344 0.063007 0.179970
v -0.156335 0.072807 0.174125
v -0.186228 0.045416 0.140353
v -0.201923 0.028943 0.119520
v -0.205020 0.033714 0.115162
v 0.166191 0.108992 0.151185
v 0.119407 0.116096 0.193017
v 0.120970 0.111497 0.194314
v 0.082861 0.112041 0.219289
v 0.066735 0.108290 0.228659
v 0.049710 0.110009 0.231737
v 0.033699 0.106434 0.238149
v 0.018631 0.103406 0.242371
v 0.003500 0.100568 0.246050
v -0.011466 0.097846 0.247576
v -0.013221 0.102407 0.244484
v -0.028407 0.100041 0.243484
v -0.043502 0.097786 0.240700
v -0.045262 0.102122 0.238753
v -0.058795 0.095853 0.237242
v -0.072949 0.089526 0.231019
v -0.075119 0.094068 0.227352
v -0.089401 0.087741 0.219882
v -0.105759 0.085883 0.212585
v -0.120794 0.079928 0.204110
v -0.092754 0.136302 0.204840
v -0.076766 0.138419 0.208648
v -0.136655 0.073907 0.192280
v -0.153755 0.067811 0.176535
v -0.169105 0.056956 0.160969
v -0.183446 0.040519 0.144134
v -0.199216 0.024257 0.122645
v 0.141948 0.112590 0.173574
v 0.123087 0.107521 0.191854
v 0.103305 0.107316 0.206703
v 0.086011 0.103619 0.218681
v 0.069995 0.100313 0.226238
v 0.051297 0.105351 0.233762
v 0.035367 0.102013 0.239327
v 0.020132 0.098939 0.244580
v 0.005088 0.096160 0.248565
v -0.009754 0.093283 0.251776
v -0.026662 0.095645 0.246061
v -0.040138 0.089344 0.243367
v -0.056994 0.091480 0.239192
v -0.070975 0.085096 0.233580
v -0.085350 0.078874 0.224880
v -0.103845 0.081426 0.213793
v -0.118794 0.075284 0.205754
v -0.132288 0.064367 0.197409
v -0.134515 0.069114 0.195043
v -0.078593 0.143208 0.205100
v -0.148909 0.058234 0.183287
v -0.161806 0.042327 0.170628
v -0.166874 0.052052 0.163594
v -0.180852 0.035793 0.147444
v -0.196707 0.019573 0.125262
v 0.167270 0.103962 0.154832
v 0.143447 0.107833 0.175181
v 0.127120 0.099072 0.190465
v 0.106786 0.098819 0.206393
v 0.089546 0.095207 0.217246
v 0.073066 0.091660 0.226941
v 0.055953 0.092555 0.234361
v 0.038908 0.093733 0.239042
v 0.023205 0.090828 0.244292
v -0.008166 0.088952 0.254830
v -0.024950 0.091286 0.248506
v -0.023247 0.086931 0.250759
v -0.055242 0.087144 0.240757
v -0.069207 0.080774 0.235289
v -0.083432 0.074516 0.227070
v -0.098315 0.068255 0.216948
v -0.087474 0.083314 0.221618
v -0.102009 0.077023 0.214728
v -0.116867 0.070694 0.207118
v -0.130164 0.059666 0.199390
v -0.146508 0.053528 0.186162
v -0.064226 0.149329 0.212027
v -0.159392 0.037653 0.173772
v -0.164453 0.047134 0.166651
v -0.178429 0.031143 0.150427
v -0.194318 0.014780 0.127229
v 0.168446 0.098846 0.158306
v 0.145004 0.103052 0.176605
v 0.146520 0.098246 0.177972
v 0.108227 0.094221 0.208458
v 0.091112 0.090639 0.218645
v 0.076267 0.082814 0.228885
v 0.059066 0.083972 0.235308
v 0.042459 0.085312 0.239487
v 0.026628 0.082621 0.243501
v 0.008451 0.088126 0.246727
v -0.004863 0.080685 0.257215
v -0.036827 0.080773 0.246113
v -0.053505 0.082852 0.242113
v -0.067429 0.076495 0.236877
v -0.081674 0.070205 0.228200
v -0.096437 0.063877 0.218560
v -0.100166 0.072635 0.215569
v -0.114923 0.066176 0.208294
v -0.127974 0.055079 0.201529
v -0.142077 0.044220 0.190673
v -0.144283 0.048861 0.188463
v -0.157214 0.033040 0.176142
v -0.173658 0.021822 0.155921
v -0.176068 0.026514 0.152998
v -0.192113 0.009939 0.128293
v 0.169799 0.093860 0.160729
v 0.148035 0.093488 0.179315
v 0.109670 0.089665 0.209983
v 0.092661 0.086074 0.220185
v 0.094198 0.081494 0.221753
v 0.062329 0.075281 0.236425
v 0.045722 0.076736 0.240181
v 0.030148 0.074139 0.243393
v 0.011825 0.080151 0.245724
v -0.019750 0.078312 0.254526
v -0.035066 0.076390 0.247796
v -0.050126 0.074402 0.243709
v -0.063840 0.067917 0.239972
v -0.065636 0.072220 0.238463
v -0.078132 0.061557 0.230338
v -0.094655 0.059492 0.219386
v -0.111058 0.057197 0.211550
v -0.112971 0.061687 0.209724
v -0.125804 0.050591 0.204230
v -0.139694 0.039645 0.193809
v -0.154921 0.028437 0.178266
v -0.168341 0.012304 0.163502
v -0.170797 0.017092 0.160422
v -0.190222 0.005079 0.128695
v 0.171186 0.088862 0.162785
v 0.130637 0.090347 0.187952
v 0.111020 0.085208 0.211318
v 0.095738 0.076931 0.223245
v 0.077912 0.078272 0.230273
v 0.079622 0.073702 0.231809
v 0.048928 0.068096 0.240439
v 0.033550 0.065558 0.243848
v 0.015234 0.071958 0.246067
v -0.001583 0.072295 0.257208
v 0.001852 0.063782 0.258425
v -0.016377 0.069945 0.255103
v -0.033219 0.072015 0.250002
v -0.046675 0.065843 0.244928
v -0.062066 0.063581 0.241334
v -0.076272 0.057172 0.231946
v -0.091172 0.050746 0.220454
v -0.109233 0.052754 0.212118
v -0.123876 0.046167 0.205116
v -0.137699 0.035142 0.194976
v -0.152608 0.023844 0.181309
v -0.166258 0.007568 0.164914
v -0.164437 0.002910 0.165149
v -0.188378 0.000347 0.128638
v 0.177097 0.075211 0.160498
v 0.149691 0.088800 0.180322
v 0.132144 0.085592 0.189310
v 0.116044 0.076691 0.203225
v 0.112803 0.080748 0.212019
v 0.065714 0.066579 0.237283
v 0.052132 0.059425 0.241423
v 0.036900 0.056748 0.245326
v 0.016309 0.066471 0.253188
v 0.019832 0.057695 0.258894
v -0.012890 0.061494 0.256889
v -0.031382 0.067682 0.252393
v -0.044860 0.061421 0.246767
v -0.060284 0.059207 0.242538
v -0.074413 0.052747 0.233610
v -0.089359 0.046381 0.221399
v -0.107410 0.048370 0.212829
v -0.122028 0.041756 0.205555
v -0.136014 0.030654 0.195231
v -0.150577 0.019241 0.182557
v -0.148647 0.014639 0.183266
v -0.178478 -0.017933 0.140100
v 0.179501 0.070794 0.157280
v 0.174852 0.079571 0.162668
v 0.153784 0.080246 0.176910
v 0.133663 0.080881 0.190364
v 0.135266 0.076260 0.191190
v 0.097281 0.072378 0.224675
v 0.081341 0.069278 0.233160
v 0.069081 0.057857 0.238966
v 0.055338 0.051005 0.242928
v 0.040202 0.048356 0.244168
v 0.017951 0.062000 0.256495
v 0.023364 0.049286 0.260258
v 0.005341 0.055312 0.258854
v -0.009541 0.053101 0.255256
v -0.028021 0.059158 0.253931
v -0.043009 0.057037 0.249754
v -0.058488 0.054807 0.243610
v -0.072534 0.048342 0.235264
v -0.087513 0.042039 0.222532
v -0.103821 0.039643 0.213987
v -0.118473 0.033006 0.206409
v -0.134181 0.026182 0.195926
v -0.132384 0.021682 0.196577
v -0.146737 0.010072 0.184283
v -0.162709 -0.001648 0.164770
v -0.181756 -0.013655 0.133590
v 0.165137 0.053122 0.171307
v 0.161405 0.062160 0.173622
v 0.172859 0.084145 0.163523
v 0.155788 0.075774 0.176258
v 0.136956 0.071663 0.191654
v 0.119184 0.068110 0.203778
v 0.122661 0.059291 0.204637
v 0.105304 0.103376 0.204430
v 0.098763 0.067969 0.225935
v 0.085021 0.061187 0.231582
v 0.086573 0.056669 0.232640
v 0.072434 0.049377 0.240650
v 0.043750 0.040482 0.242710
v 0.008740 0.047018 0.257844
v -0.006216 0.044653 0.254231
v -0.024627 0.050818 0.252249
v -0.039520 0.048437 0.250301
v -0.054901 0.046047 0.246533
v -0.056697 0.050415 0.244646
v -0.070675 0.043979 0.236815
v -0.085659 0.037708 0.223640
v -0.100290 0.030895 0.214559
v -0.115073 0.024191 0.206974
v -0.130610 0.017159 0.197017
v -0.144904 0.005517 0.184681
v -0.143336 0.000964 0.182815
v -0.160945 -0.006141 0.163960
v -0.176542 -0.022452 0.140811
v -0.186524 -0.004365 0.128830
v 0.167191 0.048773 0.169789
v 0.163192 0.057572 0.172627
v 0.145569 0.049169 0.191997
v 0.159487 0.066687 0.174629
v 0.157622 0.071245 0.175575
v 0.140350 0.062558 0.192086
v 0.138672 0.067115 0.191926
v 0.102296 0.059593 0.224312
v 0.103612 0.055255 0.226373
v 0.075866 0.041061 0.238980
v 0.058826 0.042775 0.240451
v 0.062325 0.034423 0.240063
v 0.028194 0.037190 0.258970
v 0.012083 0.038852 0.256360
v -0.019527 0.038152 0.251977
v -0.036196 0.039958 0.249903
v -0.051467 0.037543 0.246692
v -0.065245 0.031190 0.241150
v -0.083824 0.033349 0.224535
v -0.096793 0.022283 0.215016
v -0.111644 0.015331 0.207150
v -0.128844 0.012688 0.197089
v -0.125282 0.003840 0.196149
v -0.139777 -0.007933 0.181301
v -0.141609 -0.003509 0.181446
v -0.159213 -0.010617 0.163024
v -0.157363 -0.015042 0.162255
v -0.174455 -0.027121 0.140419
v -0.184369 -0.009049 0.129598
v 0.181896 0.066301 0.154105
v 0.151406 0.036239 0.188335
v 0.147580 0.044859 0.190307
v 0.133604 0.033079 0.201351
v 0.143674 0.053530 0.193190
v 0.142001 0.058005 0.192340
v 0.107723 0.047005 0.224302
v 0.088675 0.052494 0.230910
v 0.092055 0.044047 0.229353
v 0.065804 0.026125 0.238754
v 0.031482 0.028990 0.257229
v 0.015225 0.030721 0.254640
v -0.002987 0.036400 0.254396
v -0.032842 0.031613 0.249015
v -0.048187 0.029214 0.245005
v -0.061879 0.022838 0.241002
v -0.067115 0.035347 0.239373
v -0.080221 0.024732 0.226262
v -0.092995 0.013661 0.217086
v -0.108015 0.006650 0.207871
v -0.121679 -0.004900 0.194967
v -0.135988 -0.016664 0.180843
v -0.155576 -0.019570 0.161244
v -0.153775 -0.024160 0.160201
v -0.172655 -0.031971 0.139442
v 0.184149 0.061765 0.151527
v 0.153451 0.031915 0.186797
v 0.149486 0.040539 0.189293
v 0.135510 0.028769 0.200422
v 0.129944 0.041830 0.202337
v 0.126240 0.050496 0.204090
v 0.111379 0.042850 0.212070
v 0.079314 0.032763 0.237585
v 0.082803 0.024459 0.235858
v 0.034976 0.020688 0.255974
v 0.018387 0.022428 0.253679
v 0.003580 0.020100 0.251378
v 0.000243 0.028379 0.252050
v -0.016153 0.029844 0.251718
v -0.029599 0.023312 0.247185
v -0.043060 0.016704 0.242849
v -0.058446 0.014514 0.240866
v -0.076392 0.016297 0.229187
v -0.078291 0.020507 0.227839
v -0.091100 0.009361 0.218394
v -0.104883 -0.002023 0.204867
v -0.120153 -0.009340 0.193197
v -0.134519 -0.021148 0.178767
v -0.152011 -0.028705 0.159489
v -0.150135 -0.033194 0.159069
v -0.170899 -0.036816 0.137646
v 0.169390 0.044414 0.167673
v 0.155498 0.027564 0.184811
v 0.137489 0.024469 0.198996
v 0.122387 0.017292 0.205532
v 0.120405 0.021672 0.207058
v 0.116558 0.030217 0.209069
v 0.095176 0.035640 0.229618
v 0.098734 0.027516 0.228200
v 0.069439 0.017643 0.236577
v 0.038318 0.012436 0.257130
v 0.021624 0.014070 0.254025
v 0.006956 0.011579 0.251157
v -0.009888 0.013347 0.248081
v -0.013002 0.021681 0.250121
v -0.026397 0.014968 0.245900
v -0.039758 0.008341 0.241728
v -0.055045 0.006046 0.240107
v -0.073254 0.007674 0.227773
v -0.087653 0.000737 0.217242
v -0.103627 -0.006756 0.200402
v -0.118860 -0.013896 0.189994
v -0.117358 -0.018406 0.188031
v -0.132966 -0.025665 0.176925
v -0.131326 -0.030135 0.175487
v -0.148310 -0.037737 0.158216
v 0.186306 0.057158 0.149441
v 0.157719 0.023199 0.181905
v 0.139540 0.020066 0.196794
v 0.124397 0.012831 0.203652
v 0.109918 0.005660 0.207036
v 0.108002 0.009977 0.208729
v 0.104374 0.018794 0.211591
v 0.086347 0.015943 0.233694
v 0.071207 0.013296 0.235268
v 0.025052 0.005721 0.253745
v 0.010199 0.003134 0.250826
v -0.006537 0.004805 0.247336
v -0.023135 0.006530 0.244891
v -0.036463 0.000006 0.242122
v -0.069986 -0.000961 0.226427
v -0.084235 -0.007649 0.215754
v -0.082695 -0.012053 0.214160
v -0.101954 -0.011088 0.198488
v -0.100316 -0.015465 0.196969
v -0.115693 -0.022826 0.187232
v -0.112232 -0.031528 0.186066
v -0.129740 -0.034689 0.173686
v -0.146700 -0.042410 0.156053
v 0.171791 0.040003 0.164529
v 0.160517 0.018646 0.176243
v 0.143850 0.011123 0.191121
v 0.141653 0.015595 0.194095
v 0.126444 0.008374 0.201472
v 0.111958 0.001415 0.205117
v 0.096384 -0.005518 0.220535
v 0.106124 0.014406 0.210175
v 0.090770 0.007001 0.224877
v 0.088382 0.011508 0.230972
v 0.072953 0.009026 0.233891
v 0.041690 0.004071 0.253993
v 0.026745 0.001463 0.251495
v -0.003106 -0.003525 0.248089
v -0.018061 -0.005880 0.245361
v -0.033284 -0.008352 0.240884
v -0.053404 0.001740 0.238599
v -0.066392 -0.009345 0.226188
v -0.062948 -0.017657 0.225265
v -0.098723 -0.019906 0.195780
v -0.095346 -0.028696 0.194596
v -0.128321 -0.039506 0.170903
v -0.127315 -0.044444 0.164829
v -0.169222 -0.041562 0.135558
v 0.188452 0.052567 0.147389
v 0.174126 0.035512 0.161607
v 0.146117 0.006683 0.187609
v 0.132740 -0.004675 0.193812
v 0.128477 0.003971 0.199130
v 0.114086 -0.002743 0.202751
v 0.100032 -0.013953 0.216815
v 0.098255 -0.009709 0.218690
v 0.082836 -0.012373 0.216646
v 0.094512 -0.001354 0.222087
v 0.074717 0.004802 0.232009
v 0.061847 -0.006139 0.245374
v 0.060190 -0.001869 0.248828
v 0.052975 0.014799 0.258850
v 0.028461 -0.002664 0.249297
v 0.013378 -0.005208 0.246776
v -0.001506 -0.007707 0.244954
v -0.014723 -0.014201 0.242697
v -0.030002 -0.016939 0.238490
v -0.050294 -0.006846 0.235215
v -0.047060 -0.015317 0.232893
v -0.059576 -0.026409 0.222787
v -0.082092 -0.017117 0.206822
v -0.080625 -0.021660 0.204152
v -0.091939 -0.037310 0.194379
v -0.110106 -0.041528 0.175653
v -0.125784 -0.049135 0.162397
v -0.145260 -0.047253 0.153356
v -0.167579 -0.046406 0.133287
v 0.190961 0.047904 0.144571
v 0.176636 0.031070 0.158358
v 0.148539 0.002225 0.183070
v 0.134982 -0.009118 0.190668
v 0.130570 -0.000323 0.196678
v 0.116206 -0.007103 0.200045
v 0.101844 -0.018205 0.214810
v 0.086576 -0.020940 0.212486
v 0.084719 -0.016670 0.214487
v 0.080987 -0.008222 0.218705
v 0.076717 0.000566 0.228002
v 0.063747 -0.010351 0.243327
v 0.058416 0.002292 0.251855
v 0.056545 0.006613 0.254572
v 0.049740 0.022927 0.259545
v 0.043394 -0.000050 0.251912
v 0.014997 -0.009407 0.244171
v 0.001861 -0.016037 0.241414
v -0.013017 -0.018484 0.241178
v -0.026826 -0.025391 0.235307
v -0.043690 -0.023805 0.231098
v -0.077117 -0.030114 0.203342
v -0.073744 -0.038564 0.203381
v -0.090230 -0.041793 0.193613
v -0.108622 -0.046514 0.170859
v -0.106928 -0.050832 0.169561
v -0.143775 -0.052097 0.150524
v -0.166018 -0.051314 0.131509
v 0.179197 0.026442 0.154640
v 0.163126 0.014049 0.170963
v 0.151150 -0.002206 0.177964
v 0.137374 -0.013664 0.187209
v 0.120387 -0.016015 0.194697
v 0.118320 -0.011518 0.197398
v 0.103832 -0.022533 0.212635
v 0.088391 -0.025221 0.210867
v 0.069245 -0.022624 0.237533
v 0.046910 -0.008302 0.247563
v 0.045139 -0.004149 0.249772
v 0.046404 0.030985 0.256143
v 0.030165 -0.006758 0.247123
v 0.031846 -0.010957 0.244721
v 0.005218 -0.024133 0.239773
v -0.011316 -0.022696 0.239468
v -0.025239 -0.029569 0.233501
v -0.040379 -0.032261 0.229482
v -0.057824 -0.030863 0.221323
v -0.070242 -0.047252 0.203690
v -0.088483 -0.046335 0.191862
v -0.124213 -0.053744 0.160258
v -0.122611 -0.058426 0.157996
v -0.142375 -0.056941 0.147330
v 0.193769 0.043343 0.140812
v 0.165509 0.009558 0.167360
v 0.153553 -0.006630 0.175226
v 0.139770 -0.018240 0.183244
v 0.122402 -0.020572 0.191912
v 0.107974 -0.031229 0.207159
v 0.105767 -0.026874 0.210300
v 0.090240 -0.029582 0.208634
v 0.071289 -0.027173 0.234105
v 0.052238 -0.021080 0.240232
v 0.048680 -0.012505 0.245245
v 0.016660 -0.013671 0.241408
v 0.022040 -0.026123 0.237655
v -0.009667 -0.026833 0.237492
v -0.008052 -0.031053 0.235200
v -0.023626 -0.033924 0.230489
v -0.054192 -0.039423 0.219939
v -0.066110 -0.055748 0.205475
v -0.062279 -0.064448 0.203883
v -0.105268 -0.055290 0.167921
v -0.103646 -0.059852 0.166265
v -0.120979 -0.063045 0.156350
v -0.164298 -0.056077 0.129341
v 0.196145 0.038788 0.137927
v 0.168004 0.005037 0.163915
v 0.155887 -0.011192 0.172578
v 0.142308 -0.022901 0.177908
v 0.126386 -0.029606 0.186352
v 0.124392 -0.025074 0.189176
v 0.110373 -0.035850 0.202868
v 0.092223 -0.033996 0.205769
v 0.073060 -0.031997 0.229202
v 0.055854 -0.029633 0.234892
v 0.054020 -0.025375 0.237608
v 0.050458 -0.016783 0.242822
v 0.033568 -0.015249 0.242032
v 0.008599 -0.032563 0.235890
v -0.006440 -0.035479 0.232191
v -0.021921 -0.038475 0.226875
v -0.038975 -0.036780 0.225445
v -0.050927 -0.048156 0.217842
v -0.049306 -0.052566 0.216302
v -0.047641 -0.056910 0.214953
v -0.085149 -0.061181 0.174735
v -0.088667 -0.052498 0.177759
v -0.119288 -0.067604 0.154797
v -0.141037 -0.061845 0.143997
v -0.162806 -0.060887 0.127066
v 0.181982 0.021799 0.150092
v 0.170499 0.000521 0.160392
v 0.158360 -0.015869 0.168840
v 0.144829 -0.027521 0.172814
v 0.128505 -0.034153 0.183163
v 0.114591 -0.041075 0.184224
v 0.096375 -0.042910 0.200425
v 0.094270 -0.038423 0.203068
v 0.074885 -0.036288 0.224859
v 0.059597 -0.038230 0.228270
v 0.057710 -0.033876 0.232073
v 0.037106 -0.023859 0.235740
v 0.035331 -0.019580 0.239115
v 0.025610 -0.034516 0.234414
v 0.010296 -0.037048 0.233010
v -0.004786 -0.040048 0.228862
v -0.020201 -0.042937 0.224295
v -0.035717 -0.045565 0.220781
v -0.037338 -0.041185 0.222527
v -0.034068 -0.049924 0.219369
v -0.046067 -0.061239 0.213495
v -0.060585 -0.068909 0.201404
v -0.101972 -0.064294 0.164578
v -0.100215 -0.068703 0.162834
v -0.139746 -0.066769 0.140508
v -0.161038 -0.065683 0.125406
v 0.198742 0.034270 0.135256
v 0.173047 -0.004038 0.156537
v 0.160802 -0.020522 0.164986
v 0.147203 -0.032171 0.169120
v 0.130821 -0.038869 0.179362
v 0.116925 -0.045815 0.179970
v 0.098513 -0.047449 0.197762
v 0.077008 -0.040193 0.222927
v 0.061657 -0.042748 0.223068
v 0.048000 -0.049232 0.224375
v 0.044349 -0.040775 0.226287
v 0.027316 -0.038784 0.232054
v -0.003106 -0.044518 0.226174
v -0.018483 -0.047340 0.222477
v -0.032366 -0.054267 0.218092
v -0.030674 -0.058574 0.216759
v -0.044551 -0.065557 0.211922
v -0.042986 -0.069974 0.210183
v -0.083349 -0.065460 0.173074
v -0.098383 -0.073193 0.161558
v -0.117664 -0.072176 0.152724
v -0.138517 -0.071723 0.136648
v -0.159366 -0.070563 0.123751
v 0.185074 0.017211 0.143889
v 0.175667 -0.008623 0.152532
v 0.163310 -0.025199 0.160932
v 0.149542 -0.036821 0.165621
v 0.133484 -0.043870 0.172101
v 0.119371 -0.050677 0.175219
v 0.102821 -0.056571 0.192538
v 0.100680 -0.052018 0.195111
v 0.085222 -0.057684 0.210393
v 0.078867 -0.044406 0.220733
v 0.063752 -0.047217 0.218912
v 0.049820 -0.053520 0.222736
v 0.034241 -0.056113 0.223374
v 0.029015 -0.043168 0.229420
v 0.012024 -0.041635 0.229448
v 0.038925 -0.028180 0.230904
v -0.016767 -0.051631 0.221139
v -0.013363 -0.060094 0.218804
v -0.029050 -0.062842 0.215206
v -0.027437 -0.067211 0.213308
v -0.041355 -0.074709 0.207828
v -0.081551 -0.069951 0.170702
v -0.096551 -0.077755 0.160652
v -0.116086 -0.076841 0.150221
v -0.114503 -0.081603 0.147555
v -0.157718 -0.075401 0.121636
v 0.203654 0.025178 0.130838
v 0.190418 0.008004 0.136160
v 0.178373 -0.013316 0.148004
v 0.151949 -0.041543 0.161873
v 0.136043 -0.048683 0.166930
v 0.107156 -0.066131 0.186326
v 0.104852 -0.061279 0.189510
v 0.082882 -0.053228 0.214398
v 0.080788 -0.048761 0.217829
v 0.065787 -0.051537 0.216393
v 0.067764 -0.055759 0.214358
v 0.035989 -0.060428 0.222022
v 0.030785 -0.047586 0.226545
v 0.017143 -0.054542 0.223189
v 0.013767 -0.046084 0.226189
v 0.018451 -0.017937 0.238594
v 0.040730 -0.032492 0.227823
v -0.001467 -0.048837 0.224171
v 0.001856 -0.057251 0.221543
v -0.011719 -0.064385 0.217270
v -0.025807 -0.071746 0.211136
v -0.039753 -0.079582 0.203730
v -0.061884 -0.076480 0.175211
v -0.079764 -0.074528 0.168651
v -0.094818 -0.082511 0.158966
v -0.093094 -0.087329 0.157401
v -0.137403 -0.076764 0.132349
v -0.156118 -0.080222 0.119145
v 0.201363 0.029844 0.132090
v 0.188148 0.012722 0.138365
v 0.206508 0.020665 0.127453
v 0.192585 0.003296 0.134903
v 0.194924 -0.001361 0.133669
v 0.165960 -0.029890 0.156349
v 0.154439 -0.046381 0.157470
v 0.138491 -0.053410 0.162934
v 0.121817 -0.055616 0.169461
v 0.109564 -0.070850 0.182791
v 0.092234 -0.072598 0.191845
v 0.090142 -0.067926 0.195562
v 0.087820 -0.062861 0.200634
v 0.069612 -0.060342 0.211217
v 0.051861 -0.058437 0.217426
v 0.037900 -0.065040 0.218993
v 0.020547 -0.063132 0.220740
v 0.005307 -0.065835 0.218567
v -0.010074 -0.068805 0.215251
v -0.024136 -0.076434 0.208174
v -0.022413 -0.081194 0.204906
v -0.038185 -0.084431 0.199632
v -0.057609 -0.085279 0.172250
v -0.077986 -0.079142 0.167140
v -0.076237 -0.083853 0.165912
v -0.074479 -0.088575 0.164853
v -0.112898 -0.086489 0.144777
v -0.136070 -0.081732 0.128111
v -0.154534 -0.085192 0.116765
v 0.181136 -0.018025 0.143037
v 0.168750 -0.034638 0.151157
v 0.157066 -0.051269 0.152441
v 0.140974 -0.058191 0.158684
v 0.124194 -0.060575 0.164080
v 0.112284 -0.075200 0.177490
v 0.099847 -0.087565 0.172484
v 0.079709 -0.083709 0.193208
v 0.077871 -0.079149 0.194372
v 0.074142 -0.070806 0.195462
v 0.061636 -0.081236 0.201921
v 0.055920 -0.067657 0.209402
v 0.039973 -0.069753 0.214893
v 0.022324 -0.067720 0.217966
v 0.007130 -0.070429 0.215645
v -0.008364 -0.073519 0.211668
v -0.006637 -0.078199 0.208196
v -0.020670 -0.085929 0.201790
v -0.038125 -0.091218 0.181997
v -0.091403 -0.092106 0.155965
v -0.111348 -0.091434 0.142084
v -0.134587 -0.086772 0.124111
v -0.153036 -0.090244 0.113546
v 0.209981 0.016375 0.122354
v 0.197689 -0.006087 0.130114
v 0.171644 -0.039477 0.145465
v 0.159818 -0.056168 0.146935
v 0.143591 -0.063074 0.153974
v 0.126735 -0.065597 0.158053
v 0.129140 -0.070588 0.152740
v 0.101715 -0.092293 0.171409
v 0.082010 -0.088825 0.188434
v 0.063647 -0.086215 0.197122
v 0.059693 -0.076497 0.205226
v 0.057744 -0.071992 0.207534
v 0.041890 -0.074369 0.211945
v 0.026107 -0.077094 0.210814
v 0.024221 -0.072447 0.213955
v 0.008996 -0.075277 0.211274
v -0.004986 -0.082880 0.204893
v -0.018960 -0.090739 0.198031
v -0.015578 -0.100040 0.192372
v -0.055739 -0.089867 0.171674
v -0.072704 -0.093286 0.163742
v -0.089753 -0.096890 0.154443
v -0.109794 -0.096474 0.139417
v -0.133163 -0.091969 0.120124
v 0.214016 0.011890 0.114466
v 0.184433 -0.022688 0.136751
v 0.174584 -0.044372 0.139344
v 0.162772 -0.061083 0.140983
v 0.146195 -0.067985 0.149515
v 0.119356 -0.087560 0.146620
v 0.104197 -0.097120 0.168273
v 0.084576 -0.094833 0.178239
v 0.053693 -0.102764 0.186683
v 0.043710 -0.079096 0.208257
v 0.096655 -0.078558 0.176047
v 0.027822 -0.081893 0.206893
v 0.010749 -0.080122 0.207658
v -0.003322 -0.087718 0.200754
v -0.017239 -0.095458 0.194762
v -0.034962 -0.100372 0.175325
v -0.053929 -0.094531 0.170725
v -0.070918 -0.098018 0.162406
v -0.088177 -0.101733 0.152417
v -0.108258 -0.101562 0.136360
v -0.151541 -0.095367 0.109745
v 0.200866 -0.011052 0.122888
v 0.188213 -0.027639 0.127568
v 0.177795 -0.049460 0.132026
v 0.165906 -0.066138 0.134007
v 0.148852 -0.072996 0.145049
v 0.135832 -0.084888 0.145143
v 0.133793 -0.080184 0.146269
v 0.121269 -0.092129 0.145940
v 0.123393 -0.096906 0.143480
v 0.087062 -0.099955 0.173121
v 0.074562 -0.111373 0.167496
v 0.066093 -0.093241 0.179829
v 0.055601 -0.107700 0.183172
v 0.035513 -0.100351 0.193472
v 0.046211 -0.086130 0.190853
v 0.098482 -0.082973 0.173414
v 0.017748 -0.098710 0.193801
v -0.001557 -0.092634 0.196308
v 0.002056 -0.101752 0.192628
v -0.013873 -0.104602 0.190549
v -0.036401 -0.095838 0.177707
v -0.059589 -0.080815 0.172608
v -0.052197 -0.099144 0.169409
v -0.069149 -0.102747 0.160741
v -0.086652 -0.106658 0.149685
v -0.106732 -0.106656 0.132995
v -0.131665 -0.097076 0.116644
v -0.130106 -0.102147 0.113680
v 0.204922 -0.016069 0.112393
v 0.192829 -0.033232 0.111979
v 0.181403 -0.054623 0.122900
v 0.168952 -0.071154 0.127636
v 0.152055 -0.078347 0.137156
v 0.138696 -0.090053 0.139737
v 0.110871 -0.109685 0.140875
v 0.091233 -0.109575 0.164442
v 0.076622 -0.116006 0.165995
v 0.072816 -0.106738 0.168937
v 0.070807 -0.102234 0.170676
v 0.037420 -0.104947 0.191225
v 0.021322 -0.107621 0.191107
v 0.050388 -0.094598 0.183442
v 0.031775 -0.092217 0.193163
v 0.005467 -0.110790 0.190019
v -0.012162 -0.109302 0.188654
v -0.033098 -0.104909 0.172919
v -0.050506 -0.103758 0.168037
v -0.067348 -0.107596 0.158331
v -0.085112 -0.111733 0.146025
v -0.128461 -0.107212 0.110807
v -0.150059 -0.100513 0.105464
v 0.218681 0.007183 0.101436
v 0.195776 -0.038155 0.106256
v 0.198603 -0.043170 0.102106
v 0.171919 -0.076266 0.121930
v 0.155164 -0.083544 0.130714
v 0.141660 -0.095263 0.133441
v 0.125672 -0.101912 0.139989
v 0.112907 -0.114463 0.138192
v 0.093762 -0.114838 0.158275
v 0.078688 -0.121106 0.163217
v 0.059719 -0.117935 0.174260
v 0.057664 -0.112898 0.177987
v 0.039590 -0.110481 0.184778
v 0.023193 -0.112947 0.185099
v 0.007244 -0.116028 0.185429
v -0.010351 -0.114319 0.186060
v -0.031186 -0.109669 0.170780
v -0.048890 -0.108547 0.165198
v -0.065538 -0.112606 0.155244
v -0.105302 -0.111780 0.129328
v -0.126757 -0.112260 0.108272
v -0.125071 -0.117364 0.105907
v 0.209313 -0.020925 0.101517
v 0.213827 -0.025911 0.090711
v 0.185597 -0.059914 0.111315
v 0.175046 -0.081611 0.115572
v 0.157895 -0.088550 0.126155
v 0.144316 -0.100286 0.128486
v 0.128222 -0.107198 0.135654
v 0.115443 -0.120313 0.131298
v 0.097137 -0.121144 0.146441
v 0.061750 -0.123056 0.170715
v 0.045880 -0.126019 0.170747
v 0.043688 -0.120587 0.175037
v 0.025339 -0.118474 0.177262
v 0.014209 -0.090799 0.191960
v -0.008528 -0.119820 0.181314
v -0.029503 -0.114907 0.167021
v -0.047363 -0.113841 0.160896
v -0.063883 -0.117680 0.151666
v -0.083525 -0.116986 0.141405
v -0.103870 -0.116974 0.125300
v -0.102478 -0.122254 0.120843
v -0.151305 -0.108311 0.088051
v 0.202051 -0.048160 0.096536
v 0.189881 -0.065491 0.098473
v 0.178894 -0.087305 0.105992
v 0.160588 -0.093702 0.121312
v 0.147014 -0.105520 0.123550
v 0.130965 -0.112875 0.128956
v 0.120921 -0.129564 0.104198
v 0.101612 -0.131640 0.136820
v 0.099233 -0.126166 0.142356
v 0.083403 -0.132520 0.148953
v 0.081446 -0.127159 0.153463
v 0.064456 -0.129907 0.160723
v 0.052013 -0.141943 0.154736
v 0.027299 -0.123965 0.171159
v 0.089086 -0.104756 0.167371
v 0.000249 -0.097369 0.193396
v 0.012622 -0.086696 0.194555
v 0.009063 -0.121740 0.176838
v -0.025831 -0.126772 0.147880
v -0.044133 -0.124644 0.149375
v -0.062304 -0.122953 0.146971
v -0.081901 -0.122303 0.136700
v -0.080271 -0.127661 0.132119
v -0.123477 -0.122497 0.103371
v -0.121837 -0.127527 0.100842
v 0.206400 -0.053315 0.089017
v 0.194143 -0.071504 0.085818
v 0.183890 -0.093956 0.089181
v 0.163508 -0.099208 0.115129
v 0.151796 -0.113556 0.102459
v 0.135900 -0.121337 0.105477
v 0.138208 -0.126466 0.101398
v 0.107667 -0.143809 0.117239
v 0.104376 -0.138002 0.126853
v 0.086255 -0.138686 0.140123
v 0.070876 -0.144733 0.148164
v 0.068675 -0.139607 0.152378
v 0.066534 -0.134792 0.155384
v 0.049967 -0.137246 0.156564
v 0.048181 -0.090729 0.185424
v -0.020305 -0.140812 0.144299
v -0.042473 -0.129383 0.147223
v -0.045928 -0.119753 0.152683
v -0.060757 -0.128219 0.142528
v -0.059222 -0.133496 0.137895
v -0.101102 -0.127641 0.116189
v -0.120213 -0.132644 0.098519
v -0.150624 -0.114200 0.077886
v 0.210209 -0.058905 0.076325
v 0.198682 -0.077897 0.069927
v 0.188632 -0.100452 0.064845
v 0.167570 -0.105461 0.103853
v 0.155123 -0.119237 0.096142
v 0.141074 -0.132080 0.096085
v 0.123117 -0.134441 0.100530
v 0.125495 -0.139579 0.096710
v 0.091076 -0.149921 0.127268
v 0.088732 -0.144010 0.134315
v 0.073182 -0.150362 0.142011
v 0.056364 -0.152818 0.145987
v 0.054159 -0.147194 0.151192
v 0.035324 -0.145332 0.152571
v 0.033282 -0.139605 0.158277
v 0.031224 -0.134434 0.162043
v 0.012661 -0.135315 0.146303
v -0.005578 -0.133693 0.143745
v -0.040945 -0.134301 0.144249
v -0.022169 -0.135953 0.146086
v -0.078697 -0.133104 0.127020
v -0.099672 -0.133158 0.111385
v -0.118565 -0.137827 0.095897
v -0.149287 -0.119686 0.072227
v 0.172739 -0.112274 0.081621
v 0.158493 -0.125282 0.088222
v 0.144216 -0.138104 0.088031
v 0.111822 -0.152023 0.097271
v 0.094358 -0.156995 0.114625
v 0.075569 -0.156322 0.134557
v 0.058490 -0.158663 0.140458
v 0.014646 -0.140403 0.143968
v -0.001971 -0.143241 0.142050
v 0.010976 -0.130480 0.148575
v -0.003693 -0.138384 0.143375
v -0.039632 -0.140242 0.135309
v -0.007931 -0.129063 0.144569
v -0.024024 -0.131282 0.147229
v -0.057759 -0.138912 0.132366
v -0.077162 -0.138639 0.121459
v -0.098100 -0.138711 0.106402
v -0.116884 -0.143086 0.092758
v -0.147985 -0.125244 0.067598
v 0.128238 -0.145363 0.091480
v 0.114683 -0.158580 0.088119
v 0.098123 -0.164966 0.095970
v 0.078366 -0.163128 0.125276
v 0.060867 -0.165344 0.131852
v 0.045529 -0.175076 0.120258
v 0.022454 -0.161479 0.130307
v 0.003567 -0.158733 0.133554
v -0.000315 -0.148415 0.138646
v -0.018472 -0.146000 0.140698
v -0.038058 -0.146013 0.128255
v -0.056372 -0.144636 0.125580
v -0.027907 -0.122226 0.149480
v -0.075718 -0.144440 0.115045
v -0.096512 -0.144350 0.101224
v -0.115262 -0.148502 0.088802
v -0.146414 -0.130407 0.064026
v -0.177241 -0.115720 0.038886
v 0.131725 -0.151962 0.081269
v 0.117694 -0.165766 0.073317
v 0.081812 -0.170898 0.107708
v 0.065608 -0.178875 0.113253
v 0.047542 -0.180723 0.116628
v 0.028447 -0.177839 0.118636
v 0.024409 -0.166391 0.129126
v 0.026424 -0.171908 0.124578
v 0.001546 -0.153588 0.135808
v -0.016648 -0.151914 0.133586
v -0.055015 -0.150812 0.117104
v -0.074302 -0.150499 0.107526
v -0.094936 -0.150052 0.096147
v -0.093282 -0.155671 0.091544
v -0.144743 -0.135551 0.061060
v -0.175303 -0.121300 0.036369
v -0.178985 -0.110156 0.041451
v 0.068195 -0.184647 0.103753
v 0.050128 -0.187623 0.107389
v 0.030669 -0.184257 0.111382
v 0.009679 -0.176700 0.111414
v 0.005496 -0.164358 0.128871
v 0.037057 -0.155489 0.121517
v -0.036363 -0.152036 0.120768
v -0.053708 -0.157203 0.107777
v -0.072897 -0.156586 0.100123
v -0.091548 -0.161184 0.087525
v -0.113941 -0.154434 0.081830
v -0.143172 -0.140837 0.058251
v -0.173467 -0.127030 0.033716
v -0.180524 -0.104546 0.044538
v 0.033026 -0.191256 0.102100
v 0.007553 -0.170295 0.121462
v -0.015679 -0.160411 0.113577
v 0.017088 -0.148380 0.125835
v -0.034742 -0.158464 0.111281
v -0.071413 -0.162419 0.093774
v -0.089618 -0.166710 0.083593
v -0.087720 -0.172500 0.078544
v -0.141580 -0.146187 0.055390
v -0.171641 -0.132582 0.031029
v -0.170315 -0.138061 0.025941
v -0.182274 -0.099177 0.047420
v -0.013948 -0.167757 0.100272
v -0.052383 -0.163450 0.099259
v -0.069883 -0.168021 0.088467
v -0.068299 -0.173641 0.083177
v -0.114457 -0.162755 0.064389
v -0.140054 -0.151645 0.051914
v -0.138810 -0.157794 0.047540
v -0.183941 -0.093868 0.050994
v -0.011969 -0.174091 0.090575
v -0.033015 -0.165118 0.101359
v -0.050821 -0.169482 0.092034
v -0.049119 -0.175447 0.085474
v -0.066756 -0.179624 0.077220
v -0.113129 -0.168826 0.057678
v -0.137432 -0.163939 0.042611
v -0.010137 -0.180361 0.082031
v -0.031185 -0.171502 0.092886
v -0.029315 -0.177729 0.085235
v -0.047329 -0.181454 0.079244
v 0.010839 -0.189228 0.073985
v -0.027440 -0.183862 0.078399
v 0.209617 0.073385 0.101304
v 0.214215 0.062945 0.105335
v 0.217115 0.057971 0.101474
v 0.211715 0.068159 0.105389
vt 0.582274 0.902624
vt 0.577777 0.909971
vt 0.537516 0.936475
vt 0.547114 0.906056
vt 0.535340 0.950817
vt 0.612477 0.922103
vt 0.551598 0.895359
vt 0.512495 0.908417
vt 0.505086 0.929953
vt 0.568013 0.918200
vt 0.615518 0.908601
vt 0.586392 0.891481
vt 0.516280 0.898120
vt 0.508549 0.919127
vt 0.471658 0.922630
vt 0.500379 0.941192
vt 0.492480 0.959180
vt 0.652874 0.922652
vt 0.619886 0.897107
vt 0.590908 0.881042
vt 0.555760 0.884526
vt 0.476834 0.910665
vt 0.440095 0.914863
vt 0.467328 0.934986
vt 0.462972 0.947169
vt 0.429570 0.950340
vt 0.654324 0.908252
vt 0.656735 0.897070
vt 0.624081 0.888342
vt 0.628631 0.878160
vt 0.595263 0.870447
vt 0.520137 0.887799
vt 0.481219 0.900853
vt 0.445234 0.904593
vt 0.435285 0.926206
vt 0.432049 0.937554
vt 0.396865 0.941136
vt 0.664219 0.874370
vt 0.668093 0.864264
vt 0.631883 0.867539
vt 0.635779 0.856694
vt 0.559340 0.873865
vt 0.523924 0.877269
vt 0.485115 0.890719
vt 0.449545 0.893863
vt 0.409665 0.908685
vt 0.404714 0.919809
vt 0.400904 0.929337
vt 0.368054 0.923141
vt 0.362154 0.946184
vt 0.696189 0.883298
vt 0.694382 0.897583
vt 0.660298 0.885136
vt 0.707305 0.850838
vt 0.671838 0.854013
vt 0.674736 0.843995
vt 0.678022 0.834051
vt 0.599040 0.859921
vt 0.562918 0.863430
vt 0.527538 0.867149
vt 0.488901 0.880689
vt 0.453570 0.883875
vt 0.413792 0.898364
vt 0.381544 0.892316
vt 0.376077 0.903354
vt 0.371129 0.913067
vt 0.363960 0.933024
vt 0.327595 0.931636
vt 0.703570 0.861112
vt 0.711023 0.841368
vt 0.714783 0.831370
vt 0.717786 0.821282
vt 0.639221 0.846664
vt 0.602907 0.849709
vt 0.566461 0.853365
vt 0.531247 0.857351
vt 0.492535 0.871074
vt 0.457371 0.874014
vt 0.426318 0.868255
vt 0.422016 0.877834
vt 0.417774 0.887961
vt 0.385540 0.882157
vt 0.345731 0.887260
vt 0.340505 0.897970
vt 0.337891 0.907579
vt 0.302769 0.907024
vt 0.322847 0.947583
vt 0.740523 0.872183
vt 0.741150 0.858893
vt 0.754026 0.818771
vt 0.765472 0.789333
vt 0.681578 0.823919
vt 0.642505 0.836769
vt 0.606689 0.839822
vt 0.570057 0.843545
vt 0.535060 0.847494
vt 0.496199 0.860947
vt 0.461090 0.864143
vt 0.430121 0.858473
vt 0.393958 0.862338
vt 0.389680 0.872241
vt 0.356330 0.866390
vt 0.351910 0.876960
vt 0.321494 0.862006
vt 0.315650 0.872405
vt 0.311073 0.883374
vt 0.307630 0.893259
vt 0.299071 0.918963
vt 0.748851 0.827236
vt 0.758040 0.808809
vt 0.762279 0.799012
vt 0.769185 0.779671
vt 0.720870 0.810772
vt 0.645779 0.827031
vt 0.610327 0.830096
vt 0.573668 0.833757
vt 0.538756 0.837645
vt 0.499910 0.851245
vt 0.464816 0.854321
vt 0.433706 0.848708
vt 0.397856 0.852665
vt 0.364164 0.846936
vt 0.360310 0.856423
vt 0.331919 0.841833
vt 0.327155 0.851753
vt 0.298183 0.837664
vt 0.292959 0.848142
vt 0.286921 0.858045
vt 0.283059 0.867896
vt 0.277957 0.879661
vt 0.274676 0.891319
vt 0.785997 0.838320
vt 0.788146 0.826711
vt 0.790934 0.816990
vt 0.794263 0.807467
vt 0.814130 0.755789
vt 0.817371 0.746149
vt 0.724335 0.801238
vt 0.685143 0.813992
vt 0.648955 0.817313
vt 0.613844 0.820474
vt 0.577344 0.823922
vt 0.542475 0.827887
vt 0.503553 0.841579
vt 0.468448 0.844960
vt 0.437300 0.839307
vt 0.401505 0.843082
vt 0.368061 0.837617
vt 0.335796 0.832305
vt 0.307296 0.817748
vt 0.302862 0.827469
vt 0.272900 0.812170
vt 0.268665 0.822316
vt 0.261414 0.831831
vt 0.252373 0.853499
vt 0.268986 0.902432
vt 0.810950 0.766591
vt 0.772756 0.769891
vt 0.727943 0.791657
vt 0.688726 0.804286
vt 0.652210 0.807733
vt 0.617397 0.810954
vt 0.581207 0.814324
vt 0.546276 0.818275
vt 0.507177 0.831946
vt 0.472065 0.835590
vt 0.440839 0.829984
vt 0.405534 0.833507
vt 0.372104 0.828012
vt 0.339432 0.822864
vt 0.311535 0.808401
vt 0.281605 0.793042
vt 0.277285 0.802561
vt 0.247236 0.787731
vt 0.242456 0.797274
vt 0.226008 0.827170
vt 0.806216 0.775751
vt 0.820922 0.736791
vt 0.731538 0.782221
vt 0.692233 0.794764
vt 0.655699 0.798310
vt 0.620893 0.801603
vt 0.584994 0.805045
vt 0.549583 0.809048
vt 0.510847 0.822148
vt 0.475645 0.826325
vt 0.444367 0.820762
vt 0.409541 0.824218
vt 0.380352 0.808710
vt 0.376143 0.818355
vt 0.343503 0.813467
vt 0.315545 0.799067
vt 0.285589 0.783547
vt 0.255969 0.768637
vt 0.251731 0.778126
vt 0.226016 0.753567
vt 0.235098 0.805676
vt 0.824332 0.727814
vt 0.776386 0.760078
vt 0.695686 0.785222
vt 0.659382 0.788875
vt 0.624461 0.792303
vt 0.588868 0.795660
vt 0.557290 0.790357
vt 0.525187 0.784586
vt 0.514225 0.813235
vt 0.479189 0.816910
vt 0.447878 0.811541
vt 0.413198 0.814894
vt 0.384459 0.799679
vt 0.347563 0.803862
vt 0.289453 0.774110
vt 0.260495 0.759236
vt 0.230739 0.744230
vt 0.220668 0.762825
vt 0.214448 0.772006
vt 0.210261 0.780993
vt 0.779896 0.750238
vt 0.735183 0.772704
vt 0.699079 0.775765
vt 0.663140 0.779265
vt 0.628058 0.782939
vt 0.592666 0.786319
vt 0.560985 0.780853
vt 0.529137 0.775185
vt 0.521382 0.794747
vt 0.489925 0.789106
vt 0.461680 0.773847
vt 0.430737 0.768216
vt 0.416472 0.805753
vt 0.394703 0.771922
vt 0.351459 0.794327
vt 0.319225 0.789506
vt 0.293342 0.764655
vt 0.264807 0.749791
vt 0.234639 0.734702
vt 0.208552 0.710972
vt 0.204314 0.720590
vt 0.192611 0.738407
vt 0.206452 0.787984
vt 0.827844 0.718276
vt 0.738979 0.763162
vt 0.702332 0.766256
vt 0.666854 0.769757
vt 0.631691 0.773543
vt 0.596415 0.776978
vt 0.564626 0.771491
vt 0.533057 0.765725
vt 0.497398 0.769725
vt 0.493598 0.779373
vt 0.465036 0.764430
vt 0.398426 0.762463
vt 0.366577 0.756487
vt 0.355182 0.784663
vt 0.326945 0.770263
vt 0.323124 0.779837
vt 0.297501 0.755146
vt 0.268779 0.740091
vt 0.238397 0.725254
vt 0.212825 0.701495
vt 0.189925 0.667544
vt 0.185268 0.677053
vt 0.197924 0.730008
vt 0.174811 0.695533
vt 0.188631 0.746912
vt 0.179645 0.768113
vt 0.783217 0.740457
vt 0.742269 0.753619
vt 0.705701 0.756792
vt 0.670375 0.760485
vt 0.635340 0.764233
vt 0.600080 0.767740
vt 0.568186 0.762203
vt 0.536752 0.756348
vt 0.501052 0.760626
vt 0.438092 0.749721
vt 0.402286 0.753263
vt 0.373763 0.738035
vt 0.338254 0.741431
vt 0.301682 0.745592
vt 0.272554 0.730566
vt 0.242654 0.716015
vt 0.217069 0.692109
vt 0.194384 0.658167
vt 0.166136 0.633380
vt 0.161741 0.642810
vt 0.179809 0.686388
vt 0.156888 0.652486
vt 0.170377 0.704626
vt 0.165997 0.713584
vt 0.183825 0.757547
vt 0.161024 0.723860
vt 0.830665 0.708825
vt 0.745793 0.743703
vt 0.709166 0.747351
vt 0.673828 0.751190
vt 0.638951 0.754905
vt 0.603620 0.758507
vt 0.571617 0.753014
vt 0.574904 0.743915
vt 0.508521 0.742415
vt 0.468918 0.755623
vt 0.441620 0.740250
vt 0.406036 0.743570
vt 0.377696 0.728554
vt 0.349075 0.713905
vt 0.345362 0.723231
vt 0.341469 0.732710
vt 0.305683 0.736223
vt 0.280398 0.712155
vt 0.276537 0.721130
vt 0.247152 0.706834
vt 0.221086 0.683036
vt 0.198695 0.648897
vt 0.170257 0.624106
vt 0.141716 0.599163
vt 0.136401 0.607918
vt 0.150789 0.661213
vt 0.145915 0.669877
vt 0.140147 0.679119
vt 0.786442 0.730633
vt 0.749337 0.734069
vt 0.712683 0.737885
vt 0.677303 0.741814
vt 0.642584 0.745674
vt 0.607141 0.749325
vt 0.610612 0.740136
vt 0.547428 0.729676
vt 0.512195 0.733187
vt 0.476423 0.736854
vt 0.472628 0.746031
vt 0.445233 0.730810
vt 0.409755 0.734171
vt 0.381527 0.719342
vt 0.352689 0.704736
vt 0.324164 0.689913
vt 0.320364 0.699302
vt 0.316430 0.708730
vt 0.283939 0.703168
vt 0.251062 0.697510
vt 0.228680 0.664629
vt 0.224539 0.673536
vt 0.202670 0.639953
vt 0.173838 0.615000
vt 0.145798 0.589955
vt 0.130623 0.617160
vt 0.125627 0.626733
vt 0.119907 0.636126
vt 0.135483 0.689960
vt 0.789807 0.721181
vt 0.752879 0.724525
vt 0.716310 0.728422
vt 0.680776 0.732381
vt 0.646101 0.736378
vt 0.614168 0.730998
vt 0.581754 0.725825
vt 0.550962 0.720151
vt 0.515805 0.723877
vt 0.483861 0.718130
vt 0.480146 0.727499
vt 0.448973 0.721406
vt 0.417341 0.715649
vt 0.413546 0.724842
vt 0.385336 0.710343
vt 0.356426 0.695644
vt 0.327854 0.680649
vt 0.294999 0.675277
vt 0.309064 0.726780
vt 0.259209 0.679000
vt 0.255162 0.688181
vt 0.233917 0.655220
vt 0.182905 0.596495
vt 0.178556 0.605976
vt 0.154288 0.570620
vt 0.149387 0.580704
vt 0.125014 0.543974
vt 0.119524 0.553015
vt 0.114458 0.560973
vt 0.114975 0.644220
vt 0.834071 0.699106
vt 0.793129 0.712115
vt 0.719972 0.718943
vt 0.684279 0.722990
vt 0.649520 0.726985
vt 0.652830 0.717524
vt 0.585285 0.716265
vt 0.554446 0.710827
vt 0.522907 0.705478
vt 0.519414 0.714683
vt 0.487609 0.708954
vt 0.456095 0.703294
vt 0.452555 0.712319
vt 0.421064 0.706571
vt 0.392966 0.692477
vt 0.389197 0.701415
vt 0.360060 0.686603
vt 0.331516 0.671433
vt 0.298886 0.665908
vt 0.269812 0.651716
vt 0.291134 0.684587
vt 0.333852 0.751607
vt 0.266146 0.660948
vt 0.237484 0.646079
vt 0.217188 0.602640
vt 0.208596 0.621665
vt 0.158491 0.561015
vt 0.134079 0.526026
vt 0.129422 0.534875
vt 0.837543 0.690043
vt 0.756329 0.715126
vt 0.759759 0.705917
vt 0.687725 0.713715
vt 0.656136 0.708266
vt 0.621396 0.712786
vt 0.588891 0.706849
vt 0.557847 0.701444
vt 0.526421 0.696269
vt 0.495109 0.690754
vt 0.491396 0.699844
vt 0.459661 0.694452
vt 0.428249 0.688851
vt 0.424671 0.697709
vt 0.396623 0.683803
vt 0.367806 0.668688
vt 0.363681 0.677526
vt 0.335169 0.662285
vt 0.302766 0.656702
vt 0.273636 0.642349
vt 0.330193 0.760685
vt 0.362143 0.766316
vt 0.243911 0.627403
vt 0.213160 0.611886
vt 0.186559 0.587169
vt 0.162880 0.551755
vt 0.138357 0.517163
vt 0.796333 0.702838
vt 0.763421 0.697032
vt 0.726912 0.700399
vt 0.694060 0.695687
vt 0.662480 0.690586
vt 0.624932 0.703337
vt 0.592475 0.697625
vt 0.561137 0.692349
vt 0.529857 0.687342
vt 0.498772 0.681891
vt 0.463272 0.685583
vt 0.435160 0.671250
vt 0.400234 0.674855
vt 0.371652 0.659780
vt 0.342888 0.644530
vt 0.306485 0.647558
vt 0.277400 0.632950
vt 0.251685 0.608531
vt 0.247665 0.617977
vt 0.358794 0.775246
vt 0.221311 0.593386
vt 0.198611 0.558889
vt 0.190299 0.577646
vt 0.167050 0.542724
vt 0.142415 0.508213
vt 0.840687 0.680795
vt 0.799707 0.693515
vt 0.771150 0.679179
vt 0.733893 0.682483
vt 0.701019 0.677498
vt 0.668915 0.672283
vt 0.634657 0.675992
vt 0.599815 0.679681
vt 0.567540 0.674690
vt 0.502176 0.673189
vt 0.466832 0.676722
vt 0.470389 0.667786
vt 0.403779 0.665865
vt 0.375163 0.650876
vt 0.346586 0.635693
vt 0.317320 0.620346
vt 0.338908 0.653271
vt 0.310092 0.638452
vt 0.281073 0.623585
vt 0.255585 0.599078
vt 0.225481 0.584149
vt 0.387314 0.790391
vt 0.202651 0.549767
vt 0.194328 0.568116
vt 0.170992 0.533760
vt 0.146431 0.498958
vt 0.843988 0.671280
vt 0.803155 0.684074
vt 0.806516 0.674547
vt 0.737258 0.673318
vt 0.704485 0.668148
vt 0.675835 0.653824
vt 0.641241 0.657760
vt 0.607254 0.661610
vt 0.574630 0.656717
vt 0.536820 0.669418
vt 0.509208 0.655652
vt 0.441989 0.653304
vt 0.407316 0.656899
vt 0.378714 0.642012
vt 0.350083 0.626710
vt 0.320941 0.611373
vt 0.313732 0.629345
vt 0.284820 0.614315
vt 0.259602 0.589859
vt 0.233391 0.565582
vt 0.229438 0.574863
vt 0.206416 0.540629
vt 0.178901 0.515615
vt 0.174933 0.524752
vt 0.150342 0.489509
vt 0.847339 0.661745
vt 0.809875 0.665092
vt 0.740518 0.664086
vt 0.707952 0.658814
vt 0.711408 0.649430
vt 0.648173 0.639301
vt 0.614128 0.643246
vt 0.581974 0.638318
vt 0.543832 0.651866
vt 0.477738 0.649842
vt 0.445628 0.644155
vt 0.414278 0.638955
vt 0.385923 0.624152
vt 0.382308 0.633133
vt 0.357165 0.608615
vt 0.324477 0.602221
vt 0.292147 0.595995
vt 0.288549 0.605133
vt 0.263493 0.580903
vt 0.237527 0.556531
vt 0.210479 0.531448
vt 0.187454 0.497088
vt 0.183390 0.506504
vt 0.153833 0.479962
vt 0.850660 0.652072
vt 0.777554 0.660546
vt 0.743556 0.654997
vt 0.714865 0.640041
vt 0.679466 0.644406
vt 0.683267 0.634936
vt 0.620838 0.624633
vt 0.589123 0.619820
vt 0.550988 0.634154
vt 0.516142 0.637256
vt 0.523452 0.618834
vt 0.484856 0.631662
vt 0.449445 0.635108
vt 0.421428 0.620651
vt 0.389513 0.615050
vt 0.360845 0.599507
vt 0.331472 0.583834
vt 0.295769 0.586721
vt 0.267232 0.571766
vt 0.241294 0.547328
vt 0.214395 0.522354
vt 0.191197 0.487600
vt 0.194705 0.478167
vt 0.157352 0.470631
vt 0.861496 0.623997
vt 0.813428 0.655687
vt 0.780896 0.651007
vt 0.751907 0.635387
vt 0.747338 0.645746
vt 0.655331 0.620732
vt 0.627640 0.606079
vt 0.596274 0.600995
vt 0.553703 0.623672
vt 0.561537 0.605562
vt 0.492235 0.613514
vt 0.453252 0.626155
vt 0.425140 0.611409
vt 0.393140 0.605814
vt 0.364528 0.590299
vt 0.335070 0.574708
vt 0.299370 0.577585
vt 0.270892 0.562580
vt 0.244623 0.538027
vt 0.218155 0.513014
vt 0.221836 0.503608
vt 0.173417 0.434995
vt 0.865179 0.614489
vt 0.857784 0.633233
vt 0.820580 0.637428
vt 0.784194 0.641475
vt 0.787606 0.632068
vt 0.718324 0.630638
vt 0.687063 0.625718
vt 0.662593 0.602242
vt 0.634528 0.588126
vt 0.603058 0.582594
vt 0.557389 0.614546
vt 0.569123 0.587333
vt 0.530855 0.600323
vt 0.499283 0.594828
vt 0.460303 0.607835
vt 0.428889 0.602430
vt 0.396813 0.596479
vt 0.368264 0.581105
vt 0.338720 0.565645
vt 0.306506 0.559330
vt 0.277940 0.544334
vt 0.248166 0.528805
vt 0.251649 0.519510
vt 0.225417 0.494290
vt 0.198172 0.468895
vt 0.168730 0.443236
vt 0.841345 0.580995
vt 0.834677 0.599818
vt 0.854151 0.642669
vt 0.824354 0.628140
vt 0.791104 0.622628
vt 0.758376 0.617525
vt 0.765604 0.599203
vt 0.730479 0.691555
vt 0.721631 0.621485
vt 0.694391 0.608052
vt 0.697798 0.598552
vt 0.669848 0.584221
vt 0.610308 0.565307
vt 0.537999 0.581944
vt 0.506276 0.576173
vt 0.467474 0.589312
vt 0.436197 0.583789
vt 0.404120 0.577970
vt 0.400485 0.587138
vt 0.371978 0.571960
vt 0.342396 0.556585
vt 0.313619 0.540922
vt 0.284730 0.525894
vt 0.255129 0.510137
vt 0.228978 0.484932
vt 0.232473 0.475417
vt 0.201803 0.459736
vt 0.176960 0.426028
vt 0.160827 0.461355
vt 0.844932 0.571904
vt 0.837906 0.590283
vt 0.808419 0.576037
vt 0.831188 0.609245
vt 0.827780 0.618740
vt 0.798004 0.603824
vt 0.794606 0.613247
vt 0.728556 0.603318
vt 0.731704 0.594428
vt 0.676714 0.565998
vt 0.641463 0.569923
vt 0.648696 0.551823
vt 0.579248 0.560552
vt 0.544983 0.563808
vt 0.478209 0.561623
vt 0.443194 0.565251
vt 0.411303 0.559521
vt 0.382900 0.544983
vt 0.346064 0.547419
vt 0.320686 0.522770
vt 0.291647 0.507303
vt 0.258663 0.500831
vt 0.265983 0.482331
vt 0.239834 0.457021
vt 0.236173 0.466125
vt 0.205396 0.450619
vt 0.209176 0.441624
vt 0.181057 0.416729
vt 0.164734 0.452159
vt 0.868839 0.604886
vt 0.819061 0.548743
vt 0.811974 0.566853
vt 0.786874 0.543843
vt 0.804951 0.585274
vt 0.801374 0.594422
vt 0.739706 0.576490
vt 0.701818 0.589298
vt 0.708496 0.570956
vt 0.655742 0.533739
vt 0.586045 0.542317
vt 0.551511 0.545763
vt 0.513089 0.558150
vt 0.450261 0.546951
vt 0.418262 0.541209
vt 0.389929 0.526909
vt 0.379154 0.553723
vt 0.353286 0.529254
vt 0.328167 0.504737
vt 0.298888 0.489128
vt 0.273415 0.464069
vt 0.247432 0.439053
vt 0.212881 0.432425
vt 0.216614 0.423114
vt 0.184737 0.407069
vt 0.872394 0.595343
vt 0.822702 0.539614
vt 0.815499 0.557766
vt 0.790475 0.534723
vt 0.779745 0.562275
vt 0.772703 0.580681
vt 0.744454 0.565824
vt 0.683643 0.547904
vt 0.690580 0.529800
vt 0.593306 0.523970
vt 0.558114 0.527508
vt 0.526811 0.522158
vt 0.519816 0.540304
vt 0.485308 0.543457
vt 0.457103 0.528664
vt 0.429078 0.513843
vt 0.397094 0.508900
vt 0.360874 0.511547
vt 0.357096 0.520408
vt 0.331875 0.495745
vt 0.305671 0.470700
vt 0.276770 0.454744
vt 0.250731 0.429773
vt 0.220200 0.413916
vt 0.223940 0.404844
vt 0.188516 0.397430
vt 0.848615 0.562731
vt 0.826210 0.530401
vt 0.794086 0.525582
vt 0.765265 0.511260
vt 0.761617 0.520612
vt 0.754291 0.538807
vt 0.714991 0.552999
vt 0.722041 0.535434
vt 0.662959 0.515207
vt 0.600487 0.506013
vt 0.564962 0.509276
vt 0.533901 0.503549
vt 0.498426 0.507096
vt 0.491919 0.525460
vt 0.463829 0.510397
vt 0.436013 0.495635
vt 0.404232 0.490532
vt 0.367484 0.492971
vt 0.339059 0.477374
vt 0.308843 0.460521
vt 0.279886 0.445143
vt 0.283201 0.435733
vt 0.254142 0.420462
vt 0.257641 0.411281
vt 0.227666 0.395668
vt 0.875905 0.585772
vt 0.829786 0.521091
vt 0.797627 0.516168
vt 0.768874 0.501730
vt 0.740374 0.486981
vt 0.736860 0.496196
vt 0.730106 0.515036
vt 0.697528 0.511249
vt 0.666419 0.505717
vt 0.572167 0.490998
vt 0.540703 0.485105
vt 0.505437 0.488455
vt 0.470665 0.491991
vt 0.442874 0.477634
vt 0.374338 0.474420
vt 0.346207 0.459524
vt 0.349523 0.450128
vt 0.312477 0.451377
vt 0.315976 0.442186
vt 0.286647 0.426572
vt 0.293719 0.408578
vt 0.261090 0.401948
vt 0.231229 0.386249
vt 0.852369 0.553351
vt 0.833686 0.511170
vt 0.804744 0.497048
vt 0.801146 0.506600
vt 0.772472 0.492212
vt 0.744078 0.477926
vt 0.715645 0.464326
vt 0.733360 0.505649
vt 0.704979 0.491287
vt 0.701224 0.501466
vt 0.669815 0.496408
vt 0.607262 0.487412
vt 0.575544 0.481514
vt 0.512650 0.470399
vt 0.481278 0.465103
vt 0.449538 0.459476
vt 0.407741 0.481114
vt 0.381757 0.456507
vt 0.388916 0.438728
vt 0.319333 0.432896
vt 0.326258 0.414584
vt 0.264371 0.392104
vt 0.267391 0.382085
vt 0.192199 0.388016
vt 0.879393 0.576271
vt 0.856043 0.543883
vt 0.808318 0.487567
vt 0.783218 0.464467
vt 0.775989 0.482829
vt 0.747848 0.469054
vt 0.722350 0.446236
vt 0.719102 0.455324
vt 0.687207 0.449573
vt 0.712118 0.473279
vt 0.673156 0.487178
vt 0.648478 0.464542
vt 0.645510 0.474054
vt 0.631700 0.511373
vt 0.578962 0.472357
vt 0.547145 0.466653
vt 0.515904 0.461114
vt 0.488240 0.446920
vt 0.456424 0.440813
vt 0.414398 0.462386
vt 0.421219 0.444060
vt 0.396025 0.420002
vt 0.351536 0.439134
vt 0.354783 0.429510
vt 0.333113 0.396678
vt 0.299485 0.387968
vt 0.270794 0.372606
vt 0.234554 0.376526
vt 0.195845 0.378440
vt 0.883323 0.566550
vt 0.859940 0.534520
vt 0.811897 0.478031
vt 0.786905 0.455072
vt 0.779587 0.473702
vt 0.751510 0.459776
vt 0.725631 0.437154
vt 0.694085 0.431295
vt 0.690665 0.440386
vt 0.683789 0.458478
vt 0.676614 0.477796
vt 0.652146 0.455289
vt 0.642217 0.483351
vt 0.638659 0.493021
vt 0.624941 0.529303
vt 0.610614 0.478245
vt 0.550374 0.457382
vt 0.522811 0.442888
vt 0.491784 0.437587
vt 0.463073 0.422497
vt 0.428273 0.425785
vt 0.361949 0.411783
vt 0.368756 0.394091
vt 0.336627 0.387364
vt 0.303100 0.377819
vt 0.306611 0.369040
vt 0.237978 0.366847
vt 0.199215 0.368764
vt 0.863770 0.524783
vt 0.837291 0.501285
vt 0.815667 0.468585
vt 0.790792 0.445500
vt 0.758680 0.440947
vt 0.755157 0.450427
vt 0.729224 0.427938
vt 0.697480 0.422221
vt 0.662708 0.428520
vt 0.617487 0.459978
vt 0.614034 0.469156
vt 0.617460 0.546543
vt 0.582344 0.463307
vt 0.585643 0.454052
vt 0.529739 0.425333
vt 0.495306 0.428426
vt 0.466384 0.413476
vt 0.435176 0.407638
vt 0.399718 0.410499
vt 0.375800 0.375895
vt 0.340326 0.377951
vt 0.274214 0.363324
vt 0.277702 0.353930
vt 0.241291 0.357221
vt 0.887503 0.556952
vt 0.840913 0.491836
vt 0.819654 0.459363
vt 0.794532 0.435901
vt 0.762064 0.431382
vt 0.736463 0.409506
vt 0.732662 0.418725
vt 0.700819 0.412992
vt 0.666402 0.418636
vt 0.627708 0.431942
vt 0.620911 0.450722
vt 0.553671 0.448005
vt 0.564611 0.420981
vt 0.498704 0.419447
vt 0.502014 0.410315
vt 0.469747 0.404089
vt 0.407246 0.392302
vt 0.384004 0.358051
vt 0.391868 0.339872
vt 0.310095 0.360004
vt 0.313497 0.350781
vt 0.281138 0.344674
vt 0.202961 0.359410
vt 0.891117 0.547531
vt 0.844781 0.482392
vt 0.823513 0.449904
vt 0.798171 0.426152
vt 0.768697 0.412549
vt 0.765395 0.421976
vt 0.740381 0.399770
vt 0.704298 0.403680
vt 0.669270 0.408199
vt 0.634523 0.413364
vt 0.631075 0.422593
vt 0.624326 0.441335
vt 0.588987 0.444620
vt 0.536585 0.407076
vt 0.505288 0.400771
vt 0.473285 0.394331
vt 0.438213 0.397943
vt 0.414046 0.373791
vt 0.417438 0.364480
vt 0.420902 0.355326
vt 0.348831 0.347782
vt 0.341556 0.365474
vt 0.284665 0.335558
vt 0.244494 0.347529
vt 0.206285 0.350000
vt 0.867753 0.514991
vt 0.848604 0.473006
vt 0.827319 0.440208
vt 0.801809 0.416575
vt 0.772145 0.403132
vt 0.744750 0.388876
vt 0.711655 0.385007
vt 0.707921 0.394385
vt 0.672318 0.398989
vt 0.641359 0.394858
vt 0.637986 0.404209
vt 0.595733 0.425805
vt 0.592379 0.435140
vt 0.571771 0.402859
vt 0.539955 0.397409
vt 0.508625 0.390970
vt 0.476831 0.384816
vt 0.445047 0.379252
vt 0.441671 0.388554
vt 0.448461 0.370016
vt 0.424177 0.346229
vt 0.395461 0.330653
vt 0.316996 0.341828
vt 0.320655 0.332969
vt 0.247618 0.337855
vt 0.209991 0.340626
vt 0.895208 0.538251
vt 0.852408 0.463568
vt 0.831009 0.430617
vt 0.805499 0.407035
vt 0.775815 0.393415
vt 0.748445 0.379151
vt 0.715436 0.375562
vt 0.676358 0.390665
vt 0.644869 0.385225
vt 0.616988 0.371400
vt 0.609698 0.389420
vt 0.575112 0.393680
vt 0.512014 0.381430
vt 0.480359 0.375458
vt 0.451973 0.360833
vt 0.455458 0.351748
vt 0.427332 0.337183
vt 0.430585 0.327961
vt 0.352551 0.339103
vt 0.324392 0.323945
vt 0.288133 0.326467
vt 0.250674 0.328193
vt 0.213504 0.331111
vt 0.871779 0.505230
vt 0.856283 0.454127
vt 0.834747 0.421031
vt 0.809151 0.397552
vt 0.779298 0.383200
vt 0.752224 0.369253
vt 0.723032 0.356703
vt 0.719260 0.366096
vt 0.690956 0.353835
vt 0.679798 0.381715
vt 0.648570 0.375767
vt 0.620530 0.362302
vt 0.588619 0.356764
vt 0.578401 0.384292
vt 0.543335 0.387573
vt 0.599007 0.416404
vt 0.483873 0.366356
vt 0.490825 0.348454
vt 0.458799 0.342774
vt 0.462115 0.333627
vt 0.433985 0.318135
vt 0.356328 0.330050
vt 0.328076 0.314771
vt 0.291565 0.317244
vt 0.295016 0.307876
vt 0.217057 0.321728
vt 0.903109 0.519791
vt 0.879592 0.486282
vt 0.860140 0.444509
vt 0.812848 0.387978
vt 0.783052 0.373455
vt 0.730410 0.337145
vt 0.726474 0.347045
vt 0.686905 0.363125
vt 0.683230 0.372510
vt 0.652362 0.366656
vt 0.656092 0.357777
vt 0.592078 0.347626
vt 0.581800 0.374877
vt 0.553499 0.360114
vt 0.546742 0.378088
vt 0.557214 0.438665
vt 0.602411 0.407122
vt 0.515324 0.372245
vt 0.522055 0.354399
vt 0.494168 0.339420
vt 0.465457 0.324176
vt 0.437373 0.308181
vt 0.394674 0.316467
vt 0.360037 0.320839
vt 0.331653 0.305273
vt 0.335190 0.295667
vt 0.253569 0.318444
vt 0.220583 0.312433
vt 0.899162 0.529139
vt 0.875946 0.495817
vt 0.907399 0.510564
vt 0.883333 0.476863
vt 0.887401 0.467565
vt 0.838583 0.411472
vt 0.816506 0.378235
vt 0.786850 0.363939
vt 0.755746 0.359301
vt 0.734459 0.327589
vt 0.701720 0.323484
vt 0.698212 0.332994
vt 0.694462 0.343327
vt 0.659379 0.348207
vt 0.624063 0.352015
vt 0.595696 0.337954
vt 0.560318 0.341929
vt 0.529003 0.336288
vt 0.497495 0.330162
vt 0.468877 0.314488
vt 0.472387 0.304719
vt 0.440669 0.298344
vt 0.403288 0.298691
vt 0.363667 0.311548
vt 0.367205 0.302063
vt 0.370739 0.292561
vt 0.298512 0.298308
vt 0.256850 0.308901
vt 0.224044 0.302875
vt 0.863944 0.434913
vt 0.842485 0.401863
vt 0.820231 0.368472
vt 0.790628 0.354383
vt 0.759187 0.349388
vt 0.738725 0.318951
vt 0.713186 0.294007
vt 0.676896 0.300339
vt 0.673404 0.309727
vt 0.666101 0.327008
vt 0.641893 0.304847
vt 0.631319 0.332879
vt 0.599517 0.328176
vt 0.563758 0.332320
vt 0.532596 0.326705
vt 0.500915 0.320407
vt 0.504350 0.310776
vt 0.475917 0.295043
vt 0.441335 0.285731
vt 0.338640 0.286156
vt 0.301874 0.288657
vt 0.260353 0.299262
vt 0.227494 0.293257
vt 0.912257 0.501676
vt 0.891518 0.458028
vt 0.846409 0.392152
vt 0.824038 0.358777
vt 0.794523 0.344705
vt 0.762769 0.339461
vt 0.766218 0.329656
vt 0.716654 0.284450
vt 0.680704 0.290118
vt 0.645280 0.294822
vt 0.638415 0.314546
vt 0.634776 0.323862
vt 0.603115 0.318598
vt 0.570931 0.312926
vt 0.567334 0.322535
vt 0.536191 0.316726
vt 0.507617 0.301185
vt 0.479363 0.285319
vt 0.486125 0.266519
vt 0.407002 0.289376
vt 0.374305 0.283102
vt 0.342011 0.276661
vt 0.305226 0.278857
vt 0.263720 0.289375
vt 0.917181 0.492259
vt 0.868333 0.425449
vt 0.850258 0.382420
vt 0.828074 0.349151
vt 0.798429 0.335031
vt 0.745954 0.296030
vt 0.720917 0.274904
vt 0.684092 0.278643
vt 0.624026 0.261479
vt 0.606420 0.308886
vt 0.707568 0.312162
vt 0.574100 0.303107
vt 0.539568 0.306771
vt 0.510869 0.291389
vt 0.482810 0.275796
vt 0.447778 0.267579
vt 0.410614 0.279948
vt 0.377904 0.273638
vt 0.345285 0.267121
vt 0.308581 0.269041
vt 0.231032 0.283597
vt 0.895193 0.447911
vt 0.872699 0.415455
vt 0.854233 0.372418
vt 0.832130 0.339379
vt 0.802406 0.325228
vt 0.777362 0.301477
vt 0.773701 0.310797
vt 0.749494 0.286952
vt 0.753049 0.277631
vt 0.688131 0.268653
vt 0.662671 0.246002
vt 0.647762 0.281765
vt 0.627394 0.251691
vt 0.588439 0.265759
vt 0.609577 0.295500
vt 0.710675 0.303314
vt 0.552886 0.269133
vt 0.514292 0.281526
vt 0.521413 0.262939
vt 0.489519 0.257256
vt 0.444873 0.276632
vt 0.399369 0.307777
vt 0.414087 0.270675
vt 0.381488 0.264235
vt 0.348523 0.257523
vt 0.311942 0.259292
vt 0.267122 0.279680
vt 0.270538 0.270060
vt 0.899410 0.437689
vt 0.876591 0.404286
vt 0.858376 0.362426
vt 0.836145 0.329762
vt 0.806512 0.315025
vt 0.781571 0.291595
vt 0.728453 0.252437
vt 0.694816 0.250007
vt 0.666481 0.236772
vt 0.659460 0.255265
vt 0.655768 0.264252
vt 0.592047 0.256466
vt 0.559863 0.250937
vt 0.617075 0.278644
vt 0.580928 0.282678
vt 0.528131 0.244501
vt 0.492915 0.247745
vt 0.451508 0.258558
vt 0.417475 0.261425
vt 0.385180 0.254697
vt 0.351869 0.247773
vt 0.274084 0.260486
vt 0.234616 0.273994
vt 0.921462 0.482167
vt 0.880335 0.394695
vt 0.884314 0.385003
vt 0.840159 0.320016
vt 0.810766 0.305154
vt 0.785721 0.281784
vt 0.756658 0.267992
vt 0.731820 0.243244
vt 0.698663 0.240090
vt 0.670095 0.226787
vt 0.634430 0.231785
vt 0.630842 0.241626
vt 0.595759 0.245772
vt 0.563182 0.240648
vt 0.531479 0.234251
vt 0.496488 0.237696
vt 0.455313 0.249086
vt 0.420778 0.252007
vt 0.388925 0.244952
vt 0.315142 0.249569
vt 0.277672 0.250951
vt 0.281187 0.241326
vt 0.904058 0.427933
vt 0.908879 0.418091
vt 0.862826 0.352400
vt 0.844252 0.309943
vt 0.814758 0.295616
vt 0.789571 0.272313
vt 0.760578 0.257939
vt 0.735274 0.232496
vt 0.703091 0.228915
vt 0.637973 0.221808
vt 0.606784 0.215764
vt 0.602910 0.226260
vt 0.566880 0.230289
vt 0.545694 0.285728
vt 0.500032 0.226985
vt 0.458682 0.238876
vt 0.423955 0.241786
vt 0.392385 0.235187
vt 0.355380 0.237843
vt 0.318372 0.239808
vt 0.321559 0.229994
vt 0.235556 0.260660
vt 0.888972 0.375439
vt 0.866990 0.342049
vt 0.848731 0.299521
vt 0.818574 0.285884
vt 0.793476 0.262500
vt 0.764307 0.247452
vt 0.740123 0.217932
vt 0.709941 0.209333
vt 0.706389 0.219437
vt 0.677018 0.205804
vt 0.673943 0.215909
vt 0.641963 0.209324
vt 0.617036 0.185982
vt 0.570295 0.219893
vt 0.691121 0.259467
vt 0.517822 0.271959
vt 0.542659 0.294028
vt 0.534700 0.223654
vt 0.466070 0.217466
vt 0.430698 0.221521
vt 0.395752 0.225229
vt 0.358944 0.227870
vt 0.362482 0.217872
vt 0.284543 0.231700
vt 0.287970 0.222309
vt 0.894635 0.365679
vt 0.871088 0.331061
vt 0.853195 0.287987
vt 0.822429 0.275655
vt 0.797264 0.249078
vt 0.768338 0.233685
vt 0.771723 0.224284
vt 0.717816 0.188343
vt 0.713376 0.198238
vt 0.681097 0.194843
vt 0.652715 0.181476
vt 0.649041 0.191062
vt 0.645296 0.200271
vt 0.613263 0.195145
vt 0.612911 0.286441
vt 0.476738 0.189947
vt 0.433981 0.212335
vt 0.427094 0.230896
vt 0.399016 0.215323
vt 0.402247 0.205493
vt 0.324717 0.220065
vt 0.291325 0.212760
vt 0.238667 0.250505
vt 0.897600 0.355345
vt 0.874646 0.319740
vt 0.854952 0.277683
vt 0.827011 0.264574
vt 0.801887 0.238851
vt 0.775839 0.214177
vt 0.743468 0.209018
vt 0.747100 0.199675
vt 0.688204 0.174710
vt 0.684896 0.185205
vt 0.656293 0.171291
vt 0.624453 0.165686
vt 0.620795 0.176029
vt 0.584472 0.179531
vt 0.580985 0.190114
vt 0.577280 0.199967
vt 0.540266 0.200611
vt 0.505063 0.204234
vt 0.437027 0.202946
vt 0.473144 0.199369
vt 0.365934 0.207853
vt 0.327971 0.209976
vt 0.294754 0.203161
vt 0.242122 0.240753
vt 0.830612 0.253766
vt 0.806143 0.228225
vt 0.779802 0.203761
vt 0.721857 0.175657
vt 0.692312 0.163051
vt 0.659804 0.160787
vt 0.627891 0.155049
vt 0.543970 0.190815
vt 0.511955 0.185468
vt 0.537125 0.209945
vt 0.508679 0.194936
vt 0.439828 0.192508
vt 0.500552 0.213352
vt 0.469562 0.208536
vt 0.405368 0.195599
vt 0.369324 0.197805
vt 0.331487 0.199919
vt 0.298302 0.193532
vt 0.245304 0.230824
vt 0.751093 0.189365
vt 0.725430 0.164638
vt 0.696232 0.151002
vt 0.663786 0.149088
vt 0.631407 0.143453
vt 0.601064 0.126644
vt 0.558124 0.151382
vt 0.522296 0.156200
vt 0.515036 0.175746
vt 0.480260 0.180200
vt 0.443033 0.182241
vt 0.408386 0.185388
vt 0.462043 0.226352
vt 0.372584 0.187459
vt 0.335027 0.189804
vt 0.301834 0.183780
vt 0.248768 0.221570
vt 0.198285 0.251746
vt 0.755372 0.178391
vt 0.728160 0.153596
vt 0.667712 0.137317
vt 0.638100 0.120688
vt 0.604508 0.116368
vt 0.568700 0.121577
vt 0.561767 0.141920
vt 0.565288 0.131972
vt 0.518511 0.165978
vt 0.483730 0.169685
vt 0.411405 0.174686
vt 0.375847 0.176899
vt 0.338506 0.179631
vt 0.342052 0.169615
vt 0.252292 0.212319
vt 0.202236 0.241750
vt 0.194655 0.261745
vt 0.641754 0.111515
vt 0.608442 0.104958
vt 0.572359 0.110616
vt 0.533004 0.125304
vt 0.525801 0.145978
vt 0.585175 0.164772
vt 0.446442 0.171668
vt 0.414333 0.163858
vt 0.379043 0.166388
vt 0.345662 0.159770
vt 0.305189 0.173602
vt 0.255594 0.202823
vt 0.206019 0.231532
vt 0.191265 0.271820
vt 0.576076 0.099112
vt 0.529414 0.135765
vt 0.485469 0.156584
vt 0.547670 0.177984
vt 0.449717 0.160788
vt 0.382271 0.156292
vt 0.349601 0.149943
vt 0.353563 0.139887
vt 0.258929 0.193254
vt 0.209776 0.221684
vt 0.213102 0.212321
vt 0.187527 0.281512
vt 0.488616 0.144826
vt 0.417214 0.153315
vt 0.385479 0.146541
vt 0.388759 0.136831
vt 0.306518 0.160835
vt 0.262230 0.183620
vt 0.265151 0.172899
vt 0.183771 0.291082
vt 0.492193 0.134531
vt 0.453149 0.149711
vt 0.420438 0.143074
vt 0.423856 0.132943
vt 0.391981 0.126644
vt 0.309767 0.150655
vt 0.268379 0.162349
vt 0.495462 0.124276
vt 0.456697 0.139040
vt 0.460260 0.128641
vt 0.427388 0.122766
vt 0.533581 0.109141
vt 0.463782 0.118372
vt 0.904554 0.609888
vt 0.914460 0.590362
vt 0.918561 0.580173
vt 0.909813 0.600461
vn 0.0620 0.7901 0.6098
vn 0.1557 0.8878 0.4331
vn 0.2199 0.4784 0.8501
vn 0.1939 0.7005 0.6868
vn 0.3079 0.8035 0.5094
vn -0.0531 0.6964 0.7157
vn 0.2046 0.9006 0.3835
vn 0.2461 0.8357 0.4908
vn 0.1652 0.6268 0.7615
vn 0.3872 0.9116 0.1376
vn 0.1042 0.6032 0.7907
vn 0.1841 0.8295 0.5273
vn 0.2486 0.8917 0.3782
vn 0.4982 0.6837 0.5331
vn 0.1491 0.8654 0.4783
vn 0.0127 0.7250 0.6886
vn 0.1285 0.9278 0.3503
vn 0.2005 0.4799 0.8541
vn 0.1333 0.6913 0.7101
vn 0.2037 0.9050 0.3734
vn 0.2081 0.8903 0.4051
vn 0.1671 0.8997 0.4032
vn -0.0329 0.9110 0.4111
vn 0.0980 0.7354 0.6705
vn 0.0465 0.7855 0.6171
vn -0.0040 0.8607 0.5091
vn 0.1985 0.5463 0.8137
vn 0.3122 0.5430 0.7795
vn 0.1692 0.7776 0.6055
vn 0.2883 0.8533 0.4344
vn 0.2209 0.8578 0.4642
vn 0.2205 0.8560 0.4675
vn 0.1644 0.8474 0.5048
vn -0.0285 0.8560 0.5162
vn -0.0009 0.8569 0.5155
vn 0.0396 0.7940 0.6066
vn -0.0034 0.7576 0.6527
vn 0.3358 0.6566 0.6753
vn 0.3369 0.7059 0.6230
vn 0.3333 0.8452 0.4178
vn 0.3572 0.7857 0.5051
vn 0.1874 0.8399 0.5094
vn 0.1685 0.8039 0.5703
vn 0.1317 0.7786 0.6135
vn 0.0027 0.7739 0.6333
vn -0.1434 0.8903 0.4321
vn -0.1238 0.8379 0.5315
vn -0.0311 0.7107 0.7027
vn -0.3151 0.6006 0.7348
vn -0.2202 0.6824 0.6970
vn 0.3261 0.5206 0.7891
vn 0.3372 0.4321 0.8364
vn 0.6636 0.4860 0.5687
vn 0.3564 0.7263 0.5877
vn 0.3701 0.8254 0.4262
vn 0.3864 0.8283 0.4057
vn 0.3598 0.7869 0.5013
vn 0.2384 0.8030 0.5461
vn 0.1786 0.8014 0.5708
vn 0.1381 0.7862 0.6024
vn 0.0959 0.7234 0.6837
vn 0.0604 0.7144 0.6971
vn -0.1173 0.8353 0.5371
vn -0.2375 0.8001 0.5508
vn -0.3169 0.8498 0.4210
vn -0.3302 0.7193 0.6112
vn -0.2998 0.6058 0.7369
vn -0.3874 0.5031 0.7725
vn 0.5724 0.6044 0.5541
vn 0.4056 0.7872 0.4645
vn 0.4465 0.8037 0.3932
vn 0.4537 0.7645 0.4580
vn 0.3606 0.7540 0.5490
vn 0.2599 0.7636 0.5910
vn 0.1660 0.7897 0.5906
vn 0.1410 0.7565 0.6386
vn 0.0657 0.7548 0.6526
vn 0.0948 0.7075 0.7003
vn -0.0710 0.7322 0.6774
vn -0.1269 0.7688 0.6267
vn -0.1310 0.7767 0.6161
vn -0.1828 0.7190 0.6705
vn -0.4764 0.7845 0.3970
vn -0.4644 0.6896 0.5556
vn -0.4351 0.5158 0.7380
vn -0.4274 0.4516 0.7832
vn -0.3926 0.5510 0.7363
vn 0.1591 0.4636 0.8716
vn 0.3229 0.5174 0.7925
vn 0.4652 0.6814 0.5649
vn 0.6062 0.6890 0.3971
vn 0.3493 0.7258 0.5925
vn 0.3832 0.6806 0.6245
vn 0.3012 0.7147 0.6312
vn 0.1662 0.7591 0.6294
vn 0.1329 0.7369 0.6628
vn 0.0533 0.7749 0.6298
vn 0.0606 0.7634 0.6430
vn -0.0551 0.7053 0.7068
vn -0.2413 0.6945 0.6778
vn -0.1964 0.7230 0.6623
vn -0.2742 0.6848 0.6751
vn -0.3928 0.7608 0.5166
vn -0.5186 0.7503 0.4100
vn -0.5139 0.7559 0.4055
vn -0.4772 0.6707 0.5678
vn -0.4193 0.5114 0.7501
vn -0.4786 0.5009 0.7211
vn 0.5921 0.6105 0.5260
vn 0.4942 0.6950 0.5221
vn 0.5734 0.6895 0.4424
vn 0.6254 0.6171 0.4774
vn 0.4563 0.6819 0.5715
vn 0.3904 0.6521 0.6499
vn 0.3221 0.6982 0.6393
vn 0.1827 0.7236 0.6656
vn 0.1182 0.7241 0.6794
vn 0.0739 0.7382 0.6705
vn 0.0335 0.7638 0.6446
vn -0.0579 0.6909 0.7206
vn -0.2636 0.6732 0.6908
vn -0.2635 0.6080 0.7489
vn -0.2267 0.6246 0.7473
vn -0.3821 0.5906 0.7107
vn -0.4911 0.6838 0.5396
vn -0.5145 0.7028 0.4913
vn -0.5445 0.7456 0.3840
vn -0.5239 0.6935 0.4946
vn -0.4131 0.6294 0.6581
vn -0.3746 0.5229 0.7656
vn -0.4719 0.5155 0.7151
vn 0.3888 0.4373 0.8109
vn 0.5526 0.3721 0.7457
vn 0.5492 0.4403 0.7102
vn 0.6485 0.4524 0.6121
vn 0.6313 0.6431 0.4333
vn 0.6595 0.6000 0.4528
vn 0.4738 0.6074 0.6376
vn 0.3469 0.6798 0.6462
vn 0.3921 0.6604 0.6404
vn 0.3479 0.6560 0.6698
vn 0.1972 0.7146 0.6711
vn 0.1091 0.7307 0.6739
vn 0.0785 0.7082 0.7017
vn 0.0305 0.7112 0.7023
vn -0.0334 0.6762 0.7359
vn -0.2634 0.6814 0.6829
vn -0.3059 0.6134 0.7280
vn -0.3131 0.5415 0.7802
vn -0.4975 0.5721 0.6521
vn -0.5174 0.6181 0.5917
vn -0.5606 0.5881 0.5829
vn -0.5906 0.6836 0.4287
vn -0.6207 0.5905 0.5156
vn -0.4739 0.5737 0.6681
vn -0.5452 0.5373 0.6434
vn 0.6941 0.5411 0.4748
vn 0.6305 0.5596 0.5379
vn 0.5025 0.5326 0.6810
vn 0.3651 0.6360 0.6799
vn 0.4082 0.6119 0.6774
vn 0.3904 0.5939 0.7035
vn 0.2241 0.6922 0.6860
vn 0.0913 0.5830 0.8073
vn 0.0669 0.6949 0.7160
vn 0.0295 0.6699 0.7418
vn -0.0078 0.6511 0.7589
vn -0.2524 0.6828 0.6856
vn -0.3396 0.6180 0.7090
vn -0.3085 0.5687 0.7624
vn -0.4559 0.5421 0.7059
vn -0.5664 0.4633 0.6815
vn -0.5589 0.5013 0.6606
vn -0.6679 0.4598 0.5852
vn -0.7233 0.5439 0.4253
vn -0.7158 0.2801 0.6396
vn 0.9321 0.3506 0.0905
vn 0.6686 0.5672 0.4808
vn 0.5438 0.4922 0.6796
vn 0.3781 0.6001 0.7049
vn 0.4122 0.5853 0.6982
vn 0.4134 0.5608 0.7173
vn 0.2064 0.6041 0.7696
vn 0.5907 0.4408 0.6758
vn 0.0692 0.5617 0.8244
vn 0.0205 0.6687 0.7432
vn -0.0154 0.6188 0.7854
vn -0.1981 0.6337 0.7478
vn -0.3833 0.6092 0.6941
vn -0.3656 0.6187 0.6953
vn -0.3288 0.5828 0.7431
vn -0.4346 0.4834 0.7599
vn -0.5567 0.4250 0.7137
vn -0.6201 0.4387 0.6504
vn -0.6331 0.4187 0.6509
vn -0.7589 0.4287 0.4902
vn -0.7364 0.3925 0.5511
vn 0.6527 0.5897 0.4756
vn 0.6234 0.5364 0.5688
vn 0.3822 0.6077 0.6961
vn 0.4036 0.5870 0.7018
vn 0.4154 0.5506 0.7240
vn 0.2186 0.5595 0.7994
vn 0.0335 0.5374 0.8426
vn -0.0334 0.5508 0.8339
vn 0.0652 0.3601 0.9306
vn 0.0581 0.4991 0.8646
vn -0.0246 0.4317 0.9017
vn -0.1222 0.4789 0.8693
vn -0.2709 0.3264 0.9055
vn -0.3592 0.5677 0.7407
vn -0.5408 0.3906 0.7449
vn -0.6136 0.3837 0.6901
vn -0.6861 0.3594 0.6324
vn -0.8151 0.4571 0.3558
vn -0.7929 0.5054 0.3403
vn -0.7752 0.4269 0.4656
vn 0.6205 0.5296 0.5783
vn 0.7737 0.4686 0.4263
vn 0.3866 0.6390 0.6649
vn 0.3843 0.5965 0.7046
vn 0.4107 0.5353 0.7380
vn 0.2496 0.5127 0.8214
vn 0.0334 0.5400 0.8410
vn -0.0338 0.5583 0.8289
vn 0.4366 0.6017 0.6688
vn 0.0251 0.4286 0.9031
vn -0.0545 0.3808 0.9230
vn -0.1610 0.2831 0.9455
vn -0.1228 0.2668 0.9559
vn -0.2486 0.1880 0.9502
vn -0.4024 0.5064 0.7626
vn -0.4415 0.4252 0.7901
vn -0.5325 0.3758 0.7584
vn -0.5983 0.3289 0.7306
vn -0.6387 0.2675 0.7214
vn -0.7538 0.3229 0.5722
vn -0.8000 0.3945 0.4521
vn -0.7990 0.4916 0.3462
vn -0.7114 0.5477 0.4404
vn 0.6432 0.5672 0.5143
vn 0.5225 0.6077 0.5980
vn 0.3851 0.6294 0.6749
vn 0.3665 0.5965 0.7140
vn 0.3967 0.5206 0.7560
vn 0.2842 0.4612 0.8405
vn 0.0678 0.5141 0.8550
vn -0.0272 0.5358 0.8439
vn -0.0638 0.5059 0.8602
vn -0.0546 0.5593 0.8271
vn -0.0998 0.3770 0.9208
vn -0.2862 0.3095 0.9068
vn -0.3005 0.1985 0.9329
vn -0.3862 0.3090 0.8691
vn -0.3851 0.3038 0.8714
vn -0.4501 0.4080 0.7943
vn -0.5387 0.3797 0.7520
vn -0.5810 0.2981 0.7573
vn -0.6383 0.2915 0.7125
vn -0.7080 0.2897 0.6440
vn -0.7751 0.2475 0.5813
vn -0.8021 0.3119 0.5093
vn -0.8155 0.4582 0.3536
vn -0.8037 0.4606 0.3767
vn -0.7287 0.4097 0.5488
vn -0.5856 0.2846 0.7590
vn 0.6305 0.4978 0.5956
vn 0.5288 0.5659 0.6326
vn 0.3891 0.5902 0.7073
vn 0.3576 0.5842 0.7286
vn 0.3789 0.5162 0.7680
vn 0.2957 0.4550 0.8400
vn 0.1039 0.4824 0.8697
vn -0.0042 0.4155 0.9095
vn -0.0802 0.4335 0.8975
vn -0.1709 0.3860 0.9065
vn -0.2900 0.3857 0.8758
vn -0.3416 0.3386 0.8767
vn -0.2974 0.1852 0.9366
vn -0.5159 0.3415 0.7856
vn -0.5811 0.2894 0.7606
vn -0.6473 0.3133 0.6949
vn -0.6828 0.2651 0.6808
vn -0.7577 0.2000 0.6212
vn -0.7847 0.1386 0.6042
vn -0.8074 0.2518 0.5336
vn -0.8113 0.3971 0.4290
vn -0.8256 0.3357 0.4534
vn -0.7885 0.4882 0.3740
vn -0.7663 0.4370 0.4710
vn -0.5963 0.2105 0.7746
vn -0.6991 0.3285 0.6350
vn 0.6448 0.5081 0.5710
vn 0.5744 0.4613 0.6761
vn 0.4086 0.5538 0.7254
vn 0.3489 0.5641 0.7484
vn 0.3659 0.5182 0.7730
vn 0.2890 0.4597 0.8397
vn 0.1234 0.4406 0.8892
vn 0.1351 0.3398 0.9307
vn -0.0737 0.4143 0.9071
vn 0.4352 0.4943 0.7525
vn -0.1703 0.4639 0.8694
vn -0.2597 0.4142 0.8723
vn -0.3695 0.3832 0.8465
vn -0.4105 0.3106 0.8573
vn -0.4244 0.3159 0.8486
vn -0.6649 0.1119 0.7384
vn -0.3887 0.2130 0.8964
vn -0.5389 0.2289 0.8107
vn -0.5933 0.2941 0.7493
vn -0.6269 0.2830 0.7259
vn -0.6598 0.1795 0.7296
vn -0.7316 0.1511 0.6647
vn -0.7660 -0.1209 0.6313
vn -0.8891 -0.1450 0.4340
vn -0.8792 0.1194 0.4611
vn -0.8276 0.4019 0.3917
vn -0.8054 0.4571 0.3774
vn -0.7540 0.3891 0.5292
vn 0.6402 0.4615 0.6140
vn 0.5874 0.4393 0.6797
vn 0.4473 0.4865 0.7505
vn 0.3443 0.5499 0.7609
vn 0.3544 0.5113 0.7829
vn 0.2888 0.4332 0.8538
vn 0.2671 0.3893 0.8815
vn 0.0231 0.3710 0.9283
vn -0.0832 0.4641 0.8819
vn -0.1218 0.5174 0.8470
vn -0.1489 0.4899 0.8589
vn -0.1784 0.5183 0.8364
vn -0.2371 0.4367 0.8678
vn -0.3754 0.3672 0.8510
vn -0.4169 0.2790 0.8650
vn -0.4273 0.1977 0.8822
vn -0.4064 0.2590 0.8762
vn -0.3570 0.2786 0.8916
vn -0.4317 0.0909 0.8974
vn -0.6195 0.2380 0.7480
vn -0.6746 0.2154 0.7060
vn -0.8224 -0.0616 0.5655
vn -0.7102 -0.0251 0.7036
vn -0.7738 -0.3416 0.5334
vn -0.8885 -0.2889 0.3565
vn -0.8841 0.1930 0.4256
vn -0.8825 0.2323 0.4089
vn -0.8315 0.3572 0.4255
vn -0.7157 0.2949 0.6330
vn 0.6328 0.4786 0.6087
vn 0.5809 0.4343 0.6884
vn 0.5029 0.3879 0.7724
vn 0.3522 0.5323 0.7698
vn 0.3406 0.4930 0.8005
vn 0.2559 0.3510 0.9007
vn 0.1765 0.3236 0.9296
vn -0.0108 0.4708 0.8821
vn 0.0034 0.4719 0.8816
vn -0.0503 0.4861 0.8725
vn -0.0669 0.5050 0.8605
vn -0.1903 0.5349 0.8232
vn -0.2583 0.4599 0.8495
vn -0.2421 0.4443 0.8625
vn -0.3871 0.3643 0.8470
vn -0.4341 0.2611 0.8622
vn -0.4282 0.1393 0.8928
vn -0.4833 0.1368 0.8647
vn -0.3279 0.2821 0.9015
vn -0.5382 0.0934 0.8376
vn -0.6294 0.2394 0.7392
vn -0.6470 0.1344 0.7505
vn -0.7772 -0.0378 0.6280
vn -0.8798 -0.2169 0.4229
vn -0.8067 -0.0127 0.5908
vn -0.8355 -0.1937 0.5142
vn -0.8804 0.0499 0.4715
vn -0.9250 0.0733 0.3727
vn -0.9387 0.0792 0.3353
vn -0.7414 0.4752 0.4737
vn 0.6369 0.5052 0.5823
vn 0.6311 0.4637 0.6218
vn 0.5390 0.2671 0.7988
vn 0.3843 0.4724 0.7932
vn 0.3290 0.4850 0.8102
vn 0.2928 0.4649 0.8355
vn 0.1095 0.4550 0.8837
vn 0.0802 0.5022 0.8610
vn 0.0279 0.5572 0.8299
vn 0.0280 0.5248 0.8508
vn -0.0628 0.5035 0.8617
vn -0.1538 0.4213 0.8938
vn -0.1629 0.4687 0.8682
vn -0.2674 0.4566 0.8485
vn -0.4184 0.4000 0.8154
vn -0.4027 0.3699 0.8372
vn -0.4641 0.2524 0.8490
vn -0.4433 0.1061 0.8900
vn -0.4827 0.1270 0.8665
vn -0.5244 0.1117 0.8441
vn -0.7705 -0.0705 0.6335
vn -0.2767 0.2707 0.9220
vn -0.7709 -0.1559 0.6175
vn -0.5797 -0.0522 0.8131
vn -0.7341 0.0181 0.6788
vn -0.7823 -0.2563 0.5676
vn -0.7964 0.0305 0.6039
vn -0.7960 -0.0046 0.6053
vn -0.8294 0.0422 0.5570
vn 0.6232 0.5276 0.5772
vn 0.5782 0.4132 0.7035
vn 0.6373 0.2517 0.7284
vn 0.4656 0.2511 0.8486
vn 0.3804 0.2390 0.8934
vn 0.2598 0.3458 0.9016
vn 0.1939 0.4023 0.8947
vn 0.1209 0.5130 0.8498
vn 0.0538 0.5583 0.8278
vn -0.0956 0.5996 0.7946
vn -0.0758 0.5233 0.8488
vn -0.1732 0.4408 0.8807
vn -0.2254 0.2888 0.9304
vn -0.2404 0.3872 0.8901
vn -0.3835 0.3385 0.8592
vn -0.5330 0.2902 0.7948
vn -0.5100 0.3040 0.8047
vn -0.4925 0.1300 0.8605
vn -0.4554 0.0766 0.8870
vn -0.5295 0.0844 0.8441
vn -0.2435 0.2513 0.9368
vn -0.3784 0.4042 0.8327
vn -0.8072 -0.2019 0.5546
vn -0.8726 -0.1587 0.4618
vn -0.7479 0.0230 0.6634
vn -0.7903 0.0053 0.6127
vn -0.7829 -0.0498 0.6201
vn 0.6247 0.4147 0.6616
vn 0.8374 0.2330 0.4944
vn 0.5263 0.2110 0.8237
vn 0.4982 0.1419 0.8553
vn 0.4541 0.0815 0.8872
vn 0.2565 0.2946 0.9205
vn 0.2784 0.2168 0.9357
vn 0.2196 0.2712 0.9371
vn 0.2304 0.3226 0.9180
vn -0.1122 0.5690 0.8146
vn -0.2344 0.4112 0.8809
vn -0.2610 0.2153 0.9410
vn -0.3352 0.2314 0.9133
vn -0.5053 0.1887 0.8420
vn -0.5744 0.1717 0.8004
vn -0.4458 0.0396 0.8942
vn -0.5244 0.0520 0.8498
vn -0.6097 0.0747 0.7891
vn -0.6479 0.0407 0.7606
vn -0.3926 0.4461 0.8043
vn -0.7112 0.0916 0.6969
vn -0.7708 0.0571 0.6344
vn -0.7490 0.0298 0.6618
vn -0.7862 -0.0113 0.6178
vn -0.7736 -0.0909 0.6271
vn 0.6048 0.5377 0.5874
vn 0.5965 0.4151 0.6870
vn 0.6126 0.1542 0.7752
vn 0.6853 0.4043 0.6057
vn 0.7386 0.3293 0.5882
vn 0.3904 0.2575 0.8839
vn 0.3250 0.1698 0.9303
vn 0.2787 0.1196 0.9529
vn 0.2486 0.0199 0.9684
vn -0.0513 0.4026 0.9139
vn -0.2916 0.3625 0.8852
vn -0.3260 0.2932 0.8987
vn -0.3110 0.1888 0.9314
vn -0.4828 0.1275 0.8664
vn -0.5532 0.0785 0.8293
vn -0.5182 0.0775 0.8517
vn -0.8122 -0.0473 0.5815
vn -0.4626 0.0068 0.8865
vn -0.4986 0.0378 0.8660
vn -0.5992 0.0759 0.7970
vn -0.6890 0.0585 0.7223
vn -0.5262 0.3674 0.7668
vn -0.7469 0.0273 0.6644
vn -0.7688 0.0543 0.6371
vn -0.7807 -0.0297 0.6241
vn -0.7640 -0.1530 0.6268
vn 0.5906 0.4987 0.6344
vn 0.5795 0.3809 0.7205
vn 0.5576 0.3880 0.7338
vn 0.4960 0.3714 0.7849
vn 0.4325 0.3592 0.8270
vn 0.3529 0.3507 0.8674
vn 0.3092 0.2287 0.9231
vn 0.2343 0.1541 0.9599
vn 0.2092 0.0516 0.9765
vn 0.3899 -0.0028 0.9208
vn 0.1270 0.1509 0.9803
vn -0.3162 0.1899 0.9295
vn -0.2862 0.1471 0.9468
vn -0.4811 0.1192 0.8685
vn -0.5363 0.0016 0.8440
vn -0.5049 0.0255 0.8628
vn -0.4915 0.0123 0.8708
vn -0.4717 0.0552 0.8800
vn -0.6094 0.1217 0.7835
vn -0.6880 0.0695 0.7223
vn -0.6722 0.0376 0.7394
vn -0.7187 -0.0055 0.6952
vn -0.8157 -0.0085 0.5784
vn -0.7877 -0.0401 0.6147
vn -0.7577 -0.2170 0.6154
vn 0.6387 0.4502 0.6239
vn 0.5196 0.3433 0.7824
vn 0.4969 0.3975 0.7714
vn 0.3858 0.4093 0.8268
vn 0.3889 0.4073 0.8263
vn 0.2628 0.2158 0.9404
vn 0.2134 0.1420 0.9666
vn 0.2663 0.1841 0.9461
vn 0.3453 0.2217 0.9119
vn -0.2760 0.1465 0.9499
vn -0.3465 0.2606 0.9011
vn -0.2745 0.0816 0.9581
vn -0.4610 0.0911 0.8827
vn -0.4835 0.1029 0.8692
vn -0.5702 0.0057 0.8214
vn -0.4826 -0.0536 0.8742
vn -0.4564 0.0459 0.8885
vn -0.4738 0.1088 0.8738
vn -0.5557 0.0598 0.8292
vn -0.6587 0.0284 0.7519
vn -0.7291 0.0177 0.6841
vn -0.8607 -0.1899 0.4723
vn -0.8154 -0.0382 0.5776
vn -0.7635 -0.2626 0.5900
vn 0.7581 0.3615 0.5427
vn 0.7284 0.2473 0.6390
vn 0.7027 0.3946 0.5920
vn 0.4006 0.3966 0.8260
vn 0.3178 0.3938 0.8625
vn 0.2978 0.3756 0.8776
vn 0.2058 0.1534 0.9665
vn 0.3585 0.2651 0.8951
vn 0.3894 0.1917 0.9009
vn 0.1904 0.1618 0.9683
vn 0.2642 0.2477 0.9321
vn -0.1776 0.0562 0.9825
vn -0.4038 0.2630 0.8762
vn -0.3322 0.1306 0.9341
vn -0.4198 0.0837 0.9037
vn -0.5993 0.0377 0.7996
vn -0.5032 -0.0557 0.8624
vn -0.4223 -0.0432 0.9054
vn -0.4834 -0.0721 0.8724
vn -0.5766 -0.1111 0.8094
vn -0.7052 -0.0259 0.7085
vn -0.8327 -0.2630 0.4872
vn -0.7205 -0.2462 0.6482
vn -0.8264 -0.2367 0.5109
vn 0.8502 0.1576 0.5022
vn 0.5524 0.2142 0.8055
vn 0.5009 0.2980 0.8125
vn 0.8118 0.3290 0.4824
vn 0.7731 0.3164 0.5497
vn 0.2069 0.2247 0.9522
vn 0.1916 0.2160 0.9574
vn 0.4155 0.2180 0.8831
vn 0.3021 0.4559 0.8372
vn 0.1618 0.5415 0.8249
vn -0.1621 -0.0480 0.9856
vn -0.3375 0.1767 0.9246
vn -0.3835 0.3189 0.8667
vn -0.4182 0.0929 0.9036
vn -0.6030 0.0373 0.7968
vn -0.5362 -0.0195 0.8438
vn -0.4234 -0.0456 0.9048
vn -0.4695 -0.1057 0.8766
vn -0.5589 -0.1310 0.8188
vn -0.6497 -0.1212 0.7505
vn -0.6467 -0.1323 0.7512
vn -0.8508 -0.2693 0.4511
vn 0.7854 -0.0092 0.6189
vn 0.8007 0.1976 0.5655
vn 0.6141 0.0836 0.7847
vn 0.4505 0.3178 0.8343
vn 0.4669 0.2766 0.8399
vn 0.4113 0.3854 0.8260
vn 0.3288 0.2544 0.9095
vn 0.2255 0.2453 0.9428
vn 0.1535 0.0091 0.9881
vn 0.4280 0.0390 0.9029
vn 0.5446 0.4142 0.7292
vn 0.3399 0.2308 0.9117
vn 0.2998 0.1571 0.9409
vn -0.1689 -0.2062 0.9638
vn -0.1915 -0.0602 0.9796
vn -0.3398 0.1505 0.9283
vn -0.4418 0.0390 0.8963
vn -0.5988 0.0296 0.8003
vn -0.5490 -0.0150 0.8356
vn -0.4361 -0.0754 0.8967
vn -0.4666 -0.1104 0.8775
vn -0.5618 -0.1043 0.8206
vn -0.5491 -0.1177 0.8274
vn -0.6388 -0.1490 0.7548
vn -0.6513 -0.3413 0.6777
vn -0.9082 -0.3586 0.2159
vn 0.6861 0.0741 0.7236
vn 0.6463 0.0976 0.7568
vn 0.7602 0.2875 0.5825
vn 0.5932 0.1389 0.7930
vn 0.5245 0.2425 0.8161
vn 0.7778 0.3437 0.5263
vn 0.5913 0.2020 0.7807
vn 0.9138 0.3592 0.1892
vn 0.4844 0.2394 0.8414
vn 0.6535 0.2828 0.7021
vn 0.4146 0.0907 0.9055
vn 0.2699 0.0771 0.9598
vn 0.4714 0.1865 0.8619
vn 0.0363 -0.1246 0.9915
vn -0.1615 -0.1128 0.9804
vn -0.1369 -0.1648 0.9768
vn -0.1908 -0.0870 0.9778
vn -0.3899 0.0399 0.9200
vn -0.4606 0.1052 0.8813
vn -0.5942 0.0106 0.8042
vn -0.5656 -0.0587 0.8226
vn -0.4509 -0.1248 0.8838
vn -0.4507 -0.1347 0.8824
vn -0.5233 -0.1569 0.8376
vn -0.5743 -0.3236 0.7519
vn -0.5480 -0.4311 0.7168
vn -0.6222 -0.3777 0.6856
vn -0.8161 -0.3549 0.4561
vn -0.9090 -0.3526 0.2222
vn 0.7203 0.0558 0.6914
vn 0.6661 0.0818 0.7414
vn 0.6475 0.0552 0.7601
vn 0.6283 0.0956 0.7721
vn 0.6144 0.1150 0.7805
vn 0.5651 0.2392 0.7896
vn 0.5539 0.2407 0.7970
vn 0.8011 0.3262 0.5017
vn 0.5388 0.1736 0.8243
vn 0.3277 -0.0443 0.9437
vn 0.1070 -0.1117 0.9879
vn 0.1058 -0.0839 0.9908
vn 0.2959 -0.0310 0.9547
vn -0.1303 -0.2371 0.9627
vn -0.1509 -0.0978 0.9837
vn -0.1615 -0.1411 0.9767
vn -0.2310 -0.1631 0.9592
vn -0.5277 -0.0783 0.8458
vn -0.5877 -0.0874 0.8043
vn -0.4852 -0.0776 0.8709
vn -0.4731 -0.1469 0.8686
vn -0.4945 -0.2302 0.8381
vn -0.5019 -0.3001 0.8112
vn -0.5970 -0.3117 0.7392
vn -0.7996 -0.3969 0.4506
vn -0.6201 -0.3732 0.6900
vn -0.6165 -0.3819 0.6885
vn -0.7879 -0.3856 0.4801
vn -0.9081 -0.3951 0.1386
vn 0.7486 -0.0356 0.6620
vn 0.6529 0.0796 0.7532
vn 0.6625 0.0652 0.7462
vn 0.4833 0.0506 0.8740
vn 0.5846 0.1964 0.7872
vn 0.5593 0.2833 0.7790
vn 0.6239 0.0383 0.7805
vn 0.4258 -0.0864 0.9007
vn 0.3822 0.0626 0.9220
vn 0.4342 0.0885 0.8965
vn 0.3178 -0.0230 0.9479
vn -0.1668 -0.2138 0.9625
vn -0.1153 -0.1773 0.9774
vn -0.1810 -0.2117 0.9604
vn -0.1719 -0.2295 0.9580
vn -0.4035 -0.1938 0.8942
vn -0.6200 0.0101 0.7845
vn -0.6229 -0.0502 0.7807
vn -0.5391 -0.0142 0.8421
vn -0.4855 -0.2652 0.8330
vn -0.4624 -0.3847 0.7988
vn -0.5156 -0.4155 0.7494
vn -0.6107 -0.3963 0.6855
vn -0.6135 -0.3733 0.6959
vn -0.7830 -0.4176 0.4610
vn 0.7305 0.0070 0.6829
vn 0.6789 0.0176 0.7340
vn 0.6396 0.1103 0.7607
vn 0.5079 -0.0064 0.8614
vn 0.4799 0.0555 0.8755
vn 0.4855 0.0995 0.8686
vn 0.7897 0.2114 0.5759
vn 0.3101 -0.0338 0.9501
vn 0.2982 -0.0958 0.9497
vn 0.2517 0.1219 0.9601
vn -0.1839 -0.1134 0.9764
vn -0.1389 -0.1275 0.9821
vn -0.0774 -0.2141 0.9737
vn -0.1503 -0.1848 0.9712
vn -0.1851 -0.2528 0.9496
vn -0.1446 -0.2051 0.9680
vn -0.3544 -0.2159 0.9098
vn -0.5719 -0.1859 0.7989
vn -0.6418 -0.0254 0.7664
vn -0.5187 -0.1613 0.8396
vn -0.4397 -0.5147 0.7360
vn -0.3505 -0.5255 0.7752
vn -0.4803 -0.4693 0.7410
vn -0.6199 -0.3424 0.7060
vn -0.6101 -0.3575 0.7070
vn -0.6526 -0.4697 0.5946
vn 0.7526 0.0059 0.6584
vn 0.7034 -0.0565 0.7085
vn 0.5386 -0.0935 0.8373
vn 0.3830 -0.1731 0.9073
vn 0.3627 -0.1081 0.9256
vn 0.5438 -0.1061 0.8325
vn 0.3879 0.0757 0.9186
vn 0.5875 -0.1627 0.7927
vn 0.5090 -0.0372 0.8600
vn -0.0604 -0.1377 0.9886
vn -0.1807 -0.0727 0.9808
vn -0.1774 -0.0899 0.9800
vn -0.1362 -0.2077 0.9687
vn -0.1208 -0.2384 0.9636
vn -0.1929 -0.1915 0.9623
vn -0.1655 -0.0987 0.9812
vn -0.3338 -0.2888 0.8973
vn -0.5051 -0.3129 0.8043
vn -0.4779 -0.3284 0.8147
vn -0.5854 -0.5796 0.5668
vn -0.3447 -0.5299 0.7748
vn -0.7031 -0.4239 0.5709
vn -0.4854 -0.4434 0.7535
vn -0.4922 -0.4310 0.7562
vn -0.5711 -0.4451 0.6897
vn 0.7196 0.0165 0.6941
vn 0.7501 -0.1619 0.6412
vn 0.5676 -0.1709 0.8054
vn 0.4068 -0.2186 0.8870
vn 0.5312 -0.1104 0.8400
vn 0.5156 -0.0822 0.8528
vn 0.5731 -0.2520 0.7797
vn 0.3547 -0.2296 0.9063
vn 0.4914 -0.0796 0.8673
vn -0.1245 -0.3105 0.9424
vn -0.1041 -0.2648 0.9586
vn -0.1975 -0.0696 0.9778
vn -0.1561 -0.1216 0.9802
vn -0.2305 -0.1755 0.9571
vn -0.5126 -0.2916 0.8075
vn -0.4937 -0.3883 0.7781
vn -0.5317 -0.5170 0.6708
vn -0.4407 -0.4890 0.7528
vn -0.4677 -0.4189 0.7783
vn -0.4221 -0.3326 0.8433
vn -0.4328 -0.4604 0.7750
vn -0.4690 -0.5030 0.7259
vn -0.5134 -0.5291 0.6756
vn 0.7596 -0.0448 0.6489
vn 0.7754 -0.2228 0.5907
vn 0.6099 -0.2344 0.7570
vn 0.5862 -0.2102 0.7824
vn 0.4292 -0.2499 0.8679
vn 0.5506 -0.1461 0.8219
vn 0.4118 -0.2339 0.8807
vn 0.5708 -0.1112 0.8135
vn 0.7771 -0.0227 0.6290
vn 0.4850 -0.3600 0.7970
vn 0.4971 -0.1411 0.8561
vn -0.0266 -0.4275 0.9036
vn -0.0677 -0.4857 0.8715
vn -0.0809 -0.3027 0.9496
vn -0.1712 -0.2030 0.9641
vn -0.2761 -0.3026 0.9122
vn -0.3429 -0.4203 0.8401
vn -0.4969 -0.2950 0.8161
vn -0.4597 -0.3590 0.8123
vn -0.4530 -0.3591 0.8160
vn -0.4277 -0.2502 0.8686
vn -0.3846 -0.6378 0.6672
vn -0.6645 -0.5746 0.4778
vn -0.5931 -0.4956 0.6345
vn 0.7178 -0.0099 0.6962
vn 0.7456 -0.0521 0.6644
vn 0.6601 -0.2782 0.6978
vn 0.4838 -0.3161 0.8161
vn 0.4422 -0.2686 0.8557
vn 0.5674 -0.1904 0.8011
vn 0.3651 -0.2558 0.8951
vn 0.3675 -0.2397 0.8986
vn 0.4574 -0.2293 0.8592
vn 0.5169 -0.1765 0.8376
vn 0.5626 -0.2756 0.7794
vn 0.8716 0.0518 0.4874
vn 0.5901 -0.2498 0.7676
vn 0.4060 -0.0886 0.9095
vn -0.0670 -0.4921 0.8679
vn -0.0189 -0.4863 0.8736
vn 0.0375 -0.4951 0.8680
vn -0.1042 -0.3726 0.9221
vn -0.2380 -0.3672 0.8991
vn -0.3336 -0.3876 0.8593
vn -0.3468 -0.3530 0.8690
vn -0.4733 -0.4228 0.7727
vn -0.5956 -0.6206 0.5099
vn -0.6501 -0.4580 0.6063
vn -0.4350 -0.2544 0.8637
vn -0.4136 -0.6726 0.6135
vn -0.3853 -0.5431 0.7460
vn -0.4883 -0.5346 0.6897
vn -0.6012 -0.4663 0.6489
vn 0.7335 -0.0663 0.6765
vn 0.7507 -0.0927 0.6540
vn 0.7007 -0.2709 0.6600
vn 0.5165 -0.3221 0.7934
vn 0.4567 -0.2907 0.8408
vn 0.5722 -0.2042 0.7943
vn 0.3758 -0.2629 0.8886
vn 0.3953 -0.2102 0.8942
vn 0.4314 -0.2464 0.8678
vn 0.4913 -0.3659 0.7904
vn 0.5800 -0.3557 0.7328
vn 0.5772 -0.1520 0.8023
vn 0.3259 -0.4356 0.8390
vn 0.4279 -0.3124 0.8481
vn 0.2317 0.2712 0.9342
vn -0.0060 -0.4637 0.8860
vn 0.0222 -0.4984 0.8667
vn -0.0233 -0.3118 0.9499
vn -0.0716 -0.3836 0.9207
vn -0.1691 -0.4228 0.8903
vn -0.3661 -0.3241 0.8723
vn -0.5752 -0.3147 0.7550
vn -0.5741 -0.2257 0.7871
vn -0.5041 -0.4132 0.7584
vn -0.6384 -0.5450 0.5435
vn -0.5148 -0.4765 0.7126
vn -0.4819 -0.5560 0.6772
vn -0.5828 -0.4788 0.6565
vn 0.7547 -0.1255 0.6439
vn 0.7470 -0.2037 0.6328
vn 0.8844 0.1095 0.4536
vn 0.5513 -0.3228 0.7693
vn 0.5874 -0.2134 0.7806
vn 0.5768 -0.2053 0.7906
vn 0.3988 -0.2755 0.8747
vn 0.4034 -0.2380 0.8835
vn 0.5158 -0.2850 0.8079
vn 0.0355 -0.4842 0.8742
vn 0.0139 -0.4729 0.8810
vn 0.4151 0.5988 0.6848
vn -0.0716 -0.5036 0.8610
vn -0.0495 -0.5013 0.8639
vn -0.0043 -0.3412 0.9400
vn -0.0799 -0.4094 0.9088
vn -0.1377 -0.5171 0.8448
vn -0.2385 -0.4742 0.8475
vn -0.4951 -0.3845 0.7791
vn -0.5900 -0.1788 0.7873
vn -0.5680 -0.5538 0.6088
vn -0.3868 -0.4971 0.7767
vn -0.4069 -0.4705 0.7830
vn -0.4900 -0.5693 0.6601
vn 0.7691 -0.0132 0.6390
vn 0.7151 -0.1421 0.6843
vn 0.6534 -0.1458 0.7428
vn 0.5916 -0.3641 0.7193
vn 0.5926 -0.2215 0.7744
vn 0.5338 -0.4292 0.7286
vn 0.4139 -0.3335 0.8470
vn 0.4248 -0.3043 0.8526
vn 0.5701 -0.3743 0.7313
vn 0.0048 -0.5094 0.8605
vn 0.0404 -0.4744 0.8793
vn 0.0548 -0.4229 0.9045
vn 0.0408 -0.3478 0.9367
vn -0.0919 -0.4804 0.8722
vn -0.0985 -0.5387 0.8367
vn -0.1154 -0.6097 0.7842
vn -0.4815 -0.3396 0.8079
vn -0.5622 -0.3030 0.7695
vn -0.5358 -0.4956 0.6836
vn -0.4227 -0.4882 0.7635
vn -0.3911 -0.4413 0.8076
vn -0.4322 -0.4385 0.7880
vn -0.5535 -0.5018 0.6646
vn 0.7742 0.0287 0.6323
vn 0.7216 -0.1258 0.6808
vn 0.6377 -0.2014 0.7435
vn 0.6068 -0.4111 0.6803
vn 0.5766 -0.3371 0.7442
vn 0.5902 -0.2187 0.7771
vn 0.5676 -0.4125 0.7125
vn 0.4346 -0.3342 0.8363
vn 0.5818 -0.4037 0.7060
vn 0.0023 -0.5383 0.8427
vn -0.0237 -0.5371 0.8432
vn 0.0426 -0.4948 0.8679
vn 0.0317 -0.5277 0.8488
vn -0.0206 -0.4801 0.8770
vn -0.1108 -0.5954 0.7957
vn -0.0999 -0.5839 0.8056
vn -0.0218 -0.6264 0.7792
vn -0.3140 -0.4075 0.8575
vn -0.2794 -0.3883 0.8781
vn -0.2686 -0.3845 0.8832
vn -0.5769 -0.5158 0.6334
vn -0.5345 -0.6875 0.4915
vn -0.4378 -0.4713 0.7656
vn -0.4934 -0.5706 0.6565
vn -0.5547 -0.4699 0.6866
vn 0.7750 -0.1744 0.6074
vn 0.7349 -0.1337 0.6649
vn 0.6367 -0.2655 0.7240
vn 0.5835 -0.3688 0.7235
vn 0.4224 -0.4191 0.8037
vn 0.6394 -0.4983 0.5856
vn 0.5251 -0.2542 0.8121
vn 0.5717 -0.2176 0.7911
vn 0.9283 0.2164 0.3022
vn 0.2499 -0.5954 0.7635
vn 0.0798 -0.5518 0.8301
vn 0.1041 -0.5339 0.8391
vn 0.0516 -0.5461 0.8361
vn 0.1620 -0.3766 0.9121
vn -0.0399 -0.5771 0.8157
vn -0.1077 -0.5637 0.8189
vn -0.1228 -0.4862 0.8652
vn -0.1635 -0.3989 0.9023
vn -0.1336 -0.4974 0.8572
vn -0.1399 -0.3544 0.9246
vn -0.2654 -0.4007 0.8769
vn -0.5397 -0.6290 0.5595
vn -0.3819 -0.4591 0.8021
vn -0.3935 -0.4346 0.8101
vn -0.4807 -0.5904 0.6483
vn -0.5454 -0.4500 0.7071
vn 0.7575 0.0309 0.6521
vn 0.7502 -0.1402 0.6462
vn 0.6325 -0.2730 0.7248
vn 0.5349 -0.3509 0.7686
vn 0.5234 -0.4283 0.7366
vn 0.5585 -0.3914 0.7313
vn 0.4324 -0.2926 0.8528
vn 0.4923 -0.2521 0.8331
vn 0.2839 -0.6196 0.7317
vn 0.0435 -0.3263 0.9442
vn 0.0278 -0.3328 0.9426
vn 0.2114 -0.4348 0.8754
vn -0.0838 -0.5020 0.8608
vn -0.1617 -0.3864 0.9080
vn -0.1321 -0.3352 0.9328
vn -0.1330 -0.3574 0.9244
vn -0.2679 -0.4279 0.8632
vn -0.2614 -0.4691 0.8435
vn -0.5464 -0.5102 0.6641
vn -0.4208 -0.3647 0.8306
vn -0.4538 -0.5097 0.7309
vn -0.4678 -0.6121 0.6375
vn -0.5039 -0.4701 0.7246
vn 0.7634 -0.1965 0.6152
vn 0.7392 -0.1492 0.6567
vn 0.6492 -0.2856 0.7049
vn 0.5017 -0.3683 0.7827
vn 0.5011 -0.5306 0.6836
vn 0.6413 -0.3813 0.6658
vn 0.6259 -0.3169 0.7125
vn 0.5238 -0.3370 0.7823
vn 0.4855 -0.5401 0.6874
vn 0.4434 -0.3134 0.8397
vn 0.2171 -0.5147 0.8294
vn 0.2370 -0.4693 0.8506
vn 0.0266 -0.3104 0.9502
vn 0.0840 -0.4592 0.8843
vn -0.0439 -0.5950 0.8025
vn 0.3892 -0.2898 0.8744
vn -0.1411 -0.3482 0.9267
vn -0.1288 -0.3532 0.9266
vn -0.1261 -0.4064 0.9049
vn -0.1184 -0.4459 0.8872
vn -0.2474 -0.5889 0.7694
vn -0.4045 -0.5862 0.7019
vn -0.3964 -0.4086 0.8221
vn -0.4759 -0.5365 0.6969
vn -0.4932 -0.5441 0.6787
vn -0.4473 -0.5166 0.7301
vn 0.8052 0.0957 0.5852
vn 0.6375 -0.0200 0.7701
vn 0.7295 -0.2253 0.6457
vn 0.5110 -0.3937 0.7641
vn 0.4305 -0.4889 0.7587
vn 0.6043 -0.2453 0.7580
vn 0.5972 -0.2344 0.7670
vn 0.4792 -0.3983 0.7821
vn 0.4649 -0.3611 0.8083
vn 0.1812 -0.3869 0.9041
vn 0.1631 -0.4819 0.8609
vn 0.0761 -0.4101 0.9088
vn 0.0407 -0.4574 0.8883
vn -0.0569 -0.3446 0.9370
vn -0.0743 -0.4594 0.8851
vn 0.3014 -0.1086 0.9473
vn 0.4392 -0.3933 0.8077
vn -0.1053 -0.4041 0.9086
vn -0.0787 -0.3477 0.9343
vn -0.1261 -0.4103 0.9032
vn -0.1054 -0.5096 0.8539
vn -0.2566 -0.6667 0.6998
vn -0.5800 -0.6399 0.5040
vn -0.3316 -0.4530 0.8275
vn -0.3979 -0.4225 0.8144
vn -0.4237 -0.4069 0.8092
vn -0.4538 -0.6326 0.6275
vn -0.4005 -0.5242 0.7515
vn 0.8798 0.2626 0.3960
vn 0.8114 -0.0053 0.5845
vn 0.7550 -0.0276 0.6551
vn 0.5792 0.0638 0.8126
vn 0.6580 -0.0690 0.7498
vn 0.6711 -0.3061 0.6752
vn 0.5406 -0.4217 0.7280
vn 0.4013 -0.4823 0.7786
vn 0.6392 -0.4035 0.6547
vn 0.6166 -0.3778 0.6906
vn 0.4875 -0.4615 0.7411
vn 0.4708 -0.4438 0.7624
vn 0.4728 -0.5830 0.6607
vn 0.2518 -0.5890 0.7679
vn 0.2981 -0.5904 0.7500
vn 0.1722 -0.5640 0.8076
vn -0.0329 -0.4118 0.9107
vn -0.0631 -0.4524 0.8896
vn -0.0993 -0.5301 0.8421
vn -0.0885 -0.5803 0.8095
vn -0.0972 -0.5859 0.8045
vn -0.3570 -0.7522 0.5538
vn -0.4564 -0.3324 0.8253
vn -0.3502 -0.3843 0.8542
vn -0.3688 -0.3471 0.8622
vn -0.3619 -0.3444 0.8662
vn -0.5186 -0.5359 0.6662
vn -0.4435 -0.6325 0.6350
vn -0.3502 -0.5469 0.7604
vn 0.7349 -0.2598 0.6264
vn 0.6887 -0.3243 0.6484
vn 0.5683 -0.4315 0.7006
vn 0.3883 -0.5204 0.7605
vn 0.6224 -0.4269 0.6560
vn 0.6533 -0.4261 0.6258
vn 0.3734 -0.2856 0.8826
vn 0.3544 -0.4174 0.8368
vn 0.3018 -0.2403 0.9226
vn 0.2596 -0.6012 0.7558
vn 0.3152 -0.5611 0.7653
vn 0.2400 -0.4342 0.8682
vn 0.1652 -0.5352 0.8284
vn 0.0089 -0.5841 0.8116
vn -0.0317 -0.6100 0.7917
vn -0.0676 -0.6131 0.7870
vn -0.0536 -0.6015 0.7971
vn -0.0971 -0.6074 0.7884
vn -0.4696 -0.6821 0.5604
vn -0.4448 -0.4057 0.7984
vn -0.5434 -0.5218 0.6576
vn -0.4415 -0.6215 0.6471
vn -0.3064 -0.6032 0.7363
vn 0.8026 -0.1203 0.5842
vn 0.7357 -0.2412 0.6328
vn 0.7030 -0.3368 0.6264
vn 0.6001 -0.4292 0.6749
vn 0.3703 -0.5253 0.7661
vn 0.5999 -0.4441 0.6654
vn 0.4662 -0.5238 0.7129
vn 0.2987 -0.3759 0.8771
vn 0.4194 -0.5612 0.7135
vn 0.1630 -0.7153 0.6795
vn 0.2312 -0.4482 0.8635
vn 0.1860 -0.3719 0.9095
vn 0.1729 -0.5271 0.8320
vn 0.0057 -0.5954 0.8034
vn 0.0127 -0.6029 0.7977
vn -0.0243 -0.6354 0.7718
vn -0.0308 -0.6194 0.7844
vn -0.0826 -0.6083 0.7894
vn -0.2699 -0.5431 0.7951
vn -0.4249 -0.3106 0.8502
vn -0.3614 -0.3587 0.8606
vn -0.4530 -0.4389 0.7760
vn -0.5574 -0.5309 0.6383
vn -0.4469 -0.6039 0.6599
vn 0.8277 -0.2820 0.4851
vn 0.7567 -0.3235 0.5681
vn 0.7284 -0.3483 0.5900
vn 0.6307 -0.4466 0.6346
vn 0.3923 -0.4672 0.7923
vn 0.7435 -0.0683 0.6652
vn 0.5585 -0.4631 0.6882
vn 0.2126 -0.7107 0.6706
vn 0.2428 -0.5345 0.8095
vn 0.1493 -0.6601 0.7362
vn 0.7154 -0.2947 0.6335
vn 0.0037 -0.6084 0.7936
vn -0.0381 -0.6062 0.7944
vn 0.0074 -0.6465 0.7628
vn -0.0696 -0.5153 0.8542
vn -0.4218 -0.5579 0.7147
vn -0.4176 -0.3656 0.8318
vn -0.3610 -0.4033 0.8408
vn -0.4509 -0.5011 0.7386
vn -0.5592 -0.5548 0.6159
vn -0.3125 -0.6288 0.7119
vn 0.7822 -0.3479 0.5168
vn 0.7968 -0.3751 0.4737
vn 0.7590 -0.3519 0.5477
vn 0.6292 -0.4499 0.6337
vn 0.5301 -0.4846 0.6958
vn 0.2963 -0.3905 0.8716
vn 0.1359 -0.3231 0.9365
vn 0.6009 -0.1232 0.7898
vn 0.4668 -0.4232 0.7765
vn 0.2931 -0.5660 0.7705
vn 0.1986 -0.2637 0.9439
vn 0.2241 -0.6638 0.7135
vn 0.2600 -0.5820 0.7704
vn 0.2488 -0.3536 0.9017
vn 0.1165 -0.7876 0.6050
vn 0.6829 -0.0524 0.7285
vn -0.0032 -0.4629 0.8864
vn -0.0797 -0.5403 0.8377
vn -0.0657 -0.3930 0.9172
vn -0.3305 -0.4569 0.8258
vn -0.6998 -0.5723 0.4275
vn -0.4715 -0.2763 0.8374
vn -0.4123 -0.3948 0.8210
vn -0.3457 -0.4374 0.8302
vn -0.4424 -0.5746 0.6885
vn -0.5514 -0.5748 0.6046
vn -0.4593 -0.5680 0.6829
vn -0.4743 -0.5533 0.6847
vn 0.7898 -0.3811 0.4805
vn 0.7653 -0.3647 0.5303
vn 0.7995 -0.3376 0.4968
vn 0.6346 -0.4094 0.6554
vn 0.5829 -0.5058 0.6359
vn 0.4990 -0.5016 0.7066
vn 0.5695 -0.4107 0.7120
vn 0.3583 -0.5486 0.7554
vn 0.3062 -0.3294 0.8931
vn 0.2759 -0.5170 0.8103
vn 0.2438 -0.4533 0.8574
vn 0.1855 -0.5339 0.8249
vn 0.0636 -0.3704 0.9267
vn 0.3242 -0.4592 0.8270
vn 0.3222 -0.3226 0.8900
vn -0.0193 -0.4905 0.8712
vn -0.3433 -0.4792 0.8077
vn -0.4278 -0.5315 0.7310
vn -0.3267 -0.5008 0.8015
vn -0.3373 -0.5618 0.7554
vn -0.4273 -0.6330 0.6456
vn -0.4785 -0.5312 0.6991
vn -0.4182 -0.6901 0.5907
vn 0.8488 -0.2975 0.4371
vn 0.7231 -0.2347 0.6496
vn 0.7371 -0.2229 0.6379
vn 0.6745 -0.3663 0.6409
vn 0.5438 -0.4459 0.7109
vn 0.5359 -0.4689 0.7021
vn 0.3600 -0.4443 0.8203
vn 0.5096 -0.4517 0.7323
vn 0.5502 -0.6119 0.5681
vn 0.3814 -0.5078 0.7724
vn 0.3694 -0.3735 0.8509
vn 0.3277 -0.5719 0.7519
vn 0.2558 -0.5921 0.7642
vn 0.1348 -0.7623 0.6330
vn 0.0616 -0.7435 0.6659
vn -0.3146 -0.6053 0.7311
vn -0.4425 -0.5681 0.6938
vn -0.2866 -0.5512 0.7836
vn -0.3291 -0.5970 0.7317
vn -0.5342 -0.5954 0.6001
vn -0.4707 -0.5071 0.7220
vn -0.5488 -0.5321 0.6448
vn 0.7980 -0.3382 0.4987
vn 0.8077 -0.3010 0.5070
vn 0.8045 -0.3565 0.4750
vn 0.7233 -0.3659 0.5856
vn 0.5302 -0.4135 0.7402
vn 0.5031 -0.4568 0.7336
vn 0.4398 -0.5236 0.7296
vn 0.5755 -0.6103 0.5442
vn 0.5575 -0.5462 0.6251
vn 0.2958 -0.5743 0.7633
vn 0.0253 -0.6728 0.7394
vn 0.0483 -0.6577 0.7517
vn 0.0825 -0.7432 0.6639
vn 0.0587 -0.3159 0.9469
vn -0.2683 -0.7416 0.6148
vn -0.3769 -0.7178 0.5853
vn -0.2534 -0.7213 0.6446
vn -0.2723 -0.6686 0.6919
vn -0.4179 -0.6674 0.6164
vn -0.5102 -0.6181 0.5980
vn -0.4883 -0.6332 0.6005
vn -0.5822 -0.7080 0.3998
vn 0.7278 -0.2909 0.6210
vn 0.7934 -0.3945 0.4636
vn 0.7837 -0.4051 0.4708
vn 0.5591 -0.4367 0.7047
vn 0.5046 -0.6279 0.5925
vn 0.4694 -0.6908 0.5500
vn 0.5875 -0.5260 0.6149
vn 0.5426 -0.5504 0.6346
vn 0.5163 -0.4640 0.7198
vn 0.4690 -0.5635 0.6800
vn 0.4219 -0.5995 0.6801
vn 0.3349 -0.6867 0.6451
vn 0.0776 -0.5678 0.8195
vn 0.0623 -0.6775 0.7328
vn 0.5261 -0.5079 0.6821
vn 0.1573 -0.1200 0.9802
vn 0.1194 -0.4973 0.8593
vn 0.0270 -0.8173 0.5755
vn -0.1293 -0.4412 0.8880
vn -0.3245 -0.5534 0.7671
vn -0.2656 -0.6641 0.6989
vn -0.4145 -0.6648 0.6214
vn -0.4106 -0.6711 0.6173
vn -0.5647 -0.5113 0.6478
vn -0.5918 -0.5098 0.6243
vn 0.7721 -0.3800 0.5094
vn 0.7861 -0.4418 0.4322
vn 0.8058 -0.4712 0.3586
vn 0.5748 -0.5783 0.5789
vn 0.4069 -0.6850 0.6043
vn 0.3957 -0.6893 0.6068
vn 0.3370 -0.5182 0.7860
vn 0.6645 -0.5771 0.4748
vn 0.5930 -0.5804 0.5580
vn 0.4971 -0.5658 0.6578
vn 0.3719 -0.5683 0.7340
vn 0.2780 -0.5176 0.8092
vn 0.1779 -0.5658 0.8051
vn -0.4323 -0.6225 0.6523
vn 0.5439 -0.0143 0.8390
vn -0.1648 -0.6201 0.7670
vn -0.1706 -0.5685 0.8047
vn -0.5495 -0.6609 0.5110
vn -0.3041 -0.6657 0.6814
vn -0.3096 -0.6983 0.6453
vn -0.4621 -0.6384 0.6156
vn -0.5982 -0.5035 0.6233
vn -0.6493 -0.6331 0.4213
vn 0.7642 -0.4794 0.4314
vn 0.8069 -0.4587 0.3720
vn 0.8119 -0.5050 0.2930
vn 0.5860 -0.6341 0.5044
vn 0.3976 -0.6058 0.6891
vn 0.4176 -0.5680 0.7092
vn 0.5265 -0.3410 0.7787
vn 0.4584 -0.4991 0.7354
vn 0.5474 -0.6022 0.5811
vn 0.5085 -0.5604 0.6536
vn 0.4206 -0.6033 0.6775
vn 0.1172 -0.6600 0.7421
vn 0.1035 -0.5994 0.7937
vn -0.1799 -0.7094 0.6814
vn -0.1922 -0.6903 0.6975
vn -0.1943 -0.7074 0.6795
vn -0.3444 -0.5720 0.7444
vn 0.0553 -0.3501 0.9351
vn -0.1907 -0.6535 0.7324
vn 0.0218 -0.3207 0.9469
vn -0.3986 -0.6931 0.6005
vn -0.4194 -0.6587 0.6247
vn -0.5696 -0.5375 0.6217
vn -0.6696 -0.5789 0.4653
vn 0.7318 -0.5930 0.3358
vn 0.5466 -0.6125 0.5709
vn 0.4643 -0.6230 0.6294
vn 0.5590 -0.6468 0.5188
vn 0.5751 -0.6820 0.4518
vn 0.4303 -0.6451 0.6313
vn 0.1161 -0.7120 0.6925
vn -0.2557 -0.5495 0.7954
vn -0.0044 -0.4397 0.8981
vn -0.7122 -0.4506 0.5382
vn -0.0486 -0.2109 0.9763
vn -0.2286 -0.7946 0.5624
vn 0.0385 -0.1719 0.9843
vn -0.1084 -0.3212 0.9408
vn -0.2668 -0.7511 0.6039
vn -0.3786 -0.7166 0.5857
vn -0.3827 -0.6758 0.6299
vn -0.5342 -0.5814 0.6137
vn -0.6753 -0.5508 0.4905
vn 0.4325 -0.6041 0.6693
vn 0.4947 -0.6886 0.5302
vn 0.5642 -0.6894 0.4543
vn 0.4675 -0.6954 0.5458
vn 0.1871 -0.7501 0.6343
vn -0.0796 -0.6439 0.7609
vn 0.0912 -0.3150 0.9447
vn -0.0251 -0.4856 0.8738
vn 0.0024 -0.5071 0.8619
vn -0.1224 -0.6227 0.7728
vn -0.2516 -0.7805 0.5722
vn -0.2325 -0.7833 0.5765
vn 0.1415 -0.2705 0.9522
vn -0.3484 -0.7469 0.5663
vn -0.3476 -0.6831 0.6422
vn -0.4951 -0.6527 0.5734
vn -0.6799 -0.5315 0.5052
vn -0.6950 -0.4799 0.5354
vn 0.4678 -0.6882 0.5545
vn 0.4854 -0.7436 0.4598
vn 0.5495 -0.7085 0.4428
vn 0.3398 -0.7516 0.5653
vn 0.0361 -0.7223 0.6906
vn -0.1141 -0.7425 0.6601
vn 0.2457 -0.3403 0.9077
vn -0.1076 -0.6481 0.7539
vn -0.0974 -0.4803 0.8717
vn -0.2771 -0.8098 0.5171
vn -0.2208 -0.8079 0.5463
vn -0.3069 -0.7611 0.5714
vn -0.3352 -0.6649 0.6674
vn -0.3379 -0.6522 0.6786
vn -0.6849 -0.5054 0.5248
vn -0.6841 -0.4833 0.5462
vn -0.7022 -0.4748 0.5305
vn 0.4106 -0.7363 0.5378
vn 0.1020 -0.7923 0.6015
vn -0.1554 -0.7898 0.5933
vn -0.3703 -0.8310 0.4151
vn -0.2397 -0.7396 0.6290
vn 0.3939 0.3095 0.8654
vn -0.2367 -0.8154 0.5283
vn -0.2034 -0.8071 0.5542
vn -0.2667 -0.7496 0.6058
vn -0.3272 -0.6293 0.7049
vn -0.5028 -0.7162 0.4840
vn -0.6791 -0.4975 0.5397
vn -0.6919 -0.4818 0.5376
vn -0.7053 -0.4969 0.5054
vn -0.2357 -0.8466 0.4771
vn -0.3334 -0.7960 0.5052
vn -0.3186 -0.8522 0.4150
vn 0.3330 0.4240 0.8422
vn -0.1474 -0.8295 0.5386
vn -0.2372 -0.7232 0.6486
vn -0.3087 -0.6598 0.6850
vn -0.3220 -0.7119 0.6241
vn -0.6467 -0.5364 0.5423
vn -0.7937 -0.4815 0.3718
vn -0.6813 -0.5684 0.4612
vn -0.7079 -0.5182 0.4799
vn -0.2792 -0.8379 0.4690
vn -0.1697 -0.7902 0.5888
vn -0.2058 -0.7059 0.6777
vn -0.1826 -0.7124 0.6775
vn -0.5279 -0.7118 0.4632
vn -0.6135 -0.5375 0.5785
vn -0.5740 -0.5693 0.5885
vn -0.7037 -0.5354 0.4671
vn -0.2721 -0.8111 0.5177
vn -0.1146 -0.8240 0.5549
vn -0.1410 -0.7629 0.6310
vn -0.1171 -0.7428 0.6592
vn -0.1679 -0.7195 0.6739
vn -0.5106 -0.6786 0.5279
vn -0.5035 -0.6065 0.6153
vn -0.2205 -0.8502 0.4779
vn -0.0754 -0.7954 0.6014
vn -0.0426 -0.7667 0.6405
vn -0.1004 -0.7340 0.6716
vn -0.3383 -0.8955 0.2892
vn -0.0236 -0.7473 0.6640
vn 0.8958 0.4331 0.0998
vn 0.8642 0.3172 0.3905
vn 0.8800 0.1874 0.4364
vn 0.8692 0.4140 0.2704
usemtl Material.001
s 1
f 1/1/1 2/2/2 3/3/3
f 3/3/3 4/4/4 1/1/1
f 2/2/2 5/5/5 3/3/3
f 1/1/1 6/6/6 2/2/2
f 4/4/4 7/7/7 1/1/1
f 3/3/3 8/8/8 4/4/4
f 5/5/5 9/9/9 3/3/3
f 2/2/2 10/10/10 5/5/5
f 6/6/6 10/10/10 2/2/2
f 1/1/1 11/11/11 6/6/6
f 7/7/7 12/12/12 1/1/1
f 4/4/4 8/8/8 7/7/7
f 8/8/8 13/13/13 7/7/7
f 3/3/3 14/14/14 8/8/8
f 9/9/9 14/14/14 3/3/3
f 9/9/9 8/8/8 14/14/14
f 9/9/9 15/15/15 8/8/8
f 5/5/5 16/16/16 9/9/9
f 10/10/10 17/17/17 5/5/5
f 11/11/11 18/18/18 6/6/6
f 1/1/1 12/12/12 11/11/11
f 12/12/12 19/19/19 11/11/11
f 7/7/7 20/20/20 12/12/12
f 13/13/13 21/21/21 7/7/7
f 8/8/8 22/22/22 13/13/13
f 15/15/15 22/22/22 8/8/8
f 15/15/15 23/23/23 22/22/22
f 9/9/9 24/24/24 15/15/15
f 16/16/16 24/24/24 9/9/9
f 16/16/16 25/25/25 24/24/24
f 5/5/5 17/17/17 16/16/16
f 17/17/17 25/25/25 16/16/16
f 17/17/17 26/26/26 25/25/25
f 11/11/11 27/27/27 18/18/18
f 19/19/19 28/28/28 11/11/11
f 12/12/12 29/29/29 19/19/19
f 20/20/20 30/30/30 12/12/12
f 7/7/7 21/21/21 20/20/20
f 21/21/21 31/31/31 20/20/20
f 13/13/13 32/32/32 21/21/21
f 22/22/22 33/33/33 13/13/13
f 23/23/23 34/34/34 22/22/22
f 15/15/15 35/35/35 23/23/23
f 24/24/24 35/35/35 15/15/15
f 24/24/24 36/36/36 35/35/35
f 25/25/25 36/36/36 24/24/24
f 25/25/25 26/26/26 36/36/36
f 26/26/26 37/37/37 36/36/36
f 11/11/11 28/28/28 27/27/27
f 19/19/19 29/29/29 28/28/28
f 29/29/29 39/38/38 28/28/28
f 12/12/12 30/30/30 29/29/29
f 30/30/30 39/38/38 29/29/29
f 30/30/30 40/39/39 39/38/38
f 20/20/20 41/40/40 30/30/30
f 31/31/31 41/40/40 20/20/20
f 31/31/31 42/41/41 41/40/40
f 21/21/21 43/42/42 31/31/31
f 32/32/32 43/42/42 21/21/21
f 32/32/32 44/43/43 43/42/42
f 13/13/13 33/33/33 32/32/32
f 33/33/33 45/44/44 32/32/32
f 22/22/22 34/34/34 33/33/33
f 34/34/34 46/45/45 33/33/33
f 23/23/23 47/46/46 34/34/34
f 35/35/35 48/47/47 23/23/23
f 36/36/36 49/48/48 35/35/35
f 37/37/37 49/48/48 36/36/36
f 37/37/37 50/49/49 49/48/48
f 26/26/26 51/50/50 37/37/37
f 28/28/28 52/51/51 38/52/52
f 39/38/38 53/53/53 28/28/28
f 40/39/39 54/54/54 39/38/38
f 30/30/30 55/55/55 40/39/39
f 41/40/40 55/55/55 30/30/30
f 41/40/40 56/56/56 55/55/55
f 42/41/41 56/56/56 41/40/40
f 42/41/41 57/57/57 56/56/56
f 31/31/31 58/58/58 42/41/41
f 43/42/42 58/58/58 31/31/31
f 43/42/42 59/59/59 58/58/58
f 44/43/43 59/59/59 43/42/42
f 44/43/43 60/60/60 59/59/59
f 32/32/32 45/44/44 44/43/43
f 45/44/44 61/61/61 44/43/43
f 33/33/33 46/45/45 45/44/44
f 46/45/45 62/62/62 45/44/44
f 34/34/34 63/63/63 46/45/45
f 47/46/46 63/63/63 34/34/34
f 47/46/46 64/64/64 63/63/63
f 23/23/23 48/47/47 47/46/46
f 48/47/47 65/65/65 47/46/46
f 35/35/35 49/48/48 48/47/47
f 49/48/48 50/49/49 48/47/47
f 50/49/49 66/66/66 48/47/47
f 37/37/37 67/67/67 50/49/49
f 51/50/50 67/67/67 37/37/37
f 51/50/50 68/68/68 67/67/67
f 28/28/28 53/53/53 52/51/51
f 53/53/53 39/38/38 52/51/51
f 39/38/38 54/54/54 52/51/51
f 54/54/54 69/69/69 52/51/51
f 40/39/39 55/55/55 54/54/54
f 55/55/55 70/70/70 54/54/54
f 56/56/56 71/71/71 55/55/55
f 57/57/57 72/72/72 56/56/56
f 42/41/41 73/73/73 57/57/57
f 58/58/58 73/73/73 42/41/41
f 58/58/58 74/74/74 73/73/73
f 59/59/59 75/75/75 58/58/58
f 60/60/60 75/75/75 59/59/59
f 60/60/60 76/76/76 75/75/75
f 44/43/43 77/77/77 60/60/60
f 61/61/61 77/77/77 44/43/43
f 61/61/61 78/78/78 77/77/77
f 45/44/44 62/62/62 61/61/61
f 62/62/62 78/78/78 61/61/61
f 62/62/62 79/79/79 78/78/78
f 46/45/45 80/80/80 62/62/62
f 63/63/63 81/81/81 46/45/45
f 64/64/64 81/81/81 63/63/63
f 64/64/64 82/82/82 81/81/81
f 47/46/46 65/65/65 64/64/64
f 65/65/65 83/83/83 64/64/64
f 48/47/47 66/66/66 65/65/65
f 66/66/66 83/83/83 65/65/65
f 66/66/66 84/84/84 83/83/83
f 50/49/49 84/84/84 66/66/66
f 50/49/49 85/85/85 84/84/84
f 67/67/67 85/85/85 50/49/49
f 67/67/67 68/68/68 85/85/85
f 68/68/68 86/86/86 85/85/85
f 51/50/50 87/87/87 68/68/68
f 69/69/69 88/88/88 52/51/51
f 69/69/69 89/89/89 88/88/88
f 54/54/54 89/89/89 69/69/69
f 54/54/54 90/90/90 89/89/89
f 70/70/70 90/90/90 54/54/54
f 70/70/70 71/71/71 90/90/90
f 71/71/71 70/70/70 55/55/55
f 56/56/56 72/72/72 71/71/71
f 72/72/72 91/91/91 71/71/71
f 57/57/57 92/92/92 72/72/72
f 73/73/73 92/92/92 57/57/57
f 73/73/73 93/93/93 92/92/92
f 74/74/74 93/93/93 73/73/73
f 74/74/74 94/94/94 93/93/93
f 58/58/58 75/75/75 74/74/74
f 75/75/75 95/95/95 74/74/74
f 76/76/76 96/96/96 75/75/75
f 60/60/60 97/97/97 76/76/76
f 77/77/77 97/97/97 60/60/60
f 77/77/77 98/98/98 97/97/97
f 78/78/78 98/98/98 77/77/77
f 78/78/78 79/79/79 98/98/98
f 79/79/79 99/99/99 98/98/98
f 62/62/62 80/80/80 79/79/79
f 80/80/80 100/100/100 79/79/79
f 46/45/45 81/81/81 80/80/80
f 81/81/81 101/101/101 80/80/80
f 82/82/82 101/101/101 81/81/81
f 82/82/82 102/102/102 101/101/101
f 64/64/64 103/103/103 82/82/82
f 83/83/83 103/103/103 64/64/64
f 83/83/83 104/104/104 103/103/103
f 84/84/84 105/105/105 83/83/83
f 85/85/85 106/106/106 84/84/84
f 86/86/86 107/107/107 85/85/85
f 68/68/68 108/108/108 86/86/86
f 87/87/87 108/108/108 68/68/68
f 90/90/90 110/109/109 89/89/89
f 71/71/71 111/110/110 90/90/90
f 91/91/91 112/111/111 71/71/71
f 72/72/72 113/112/112 91/91/91
f 92/92/92 114/113/113 72/72/72
f 93/93/93 115/114/114 92/92/92
f 94/94/94 115/114/114 93/93/93
f 94/94/94 116/115/115 115/114/114
f 74/74/74 95/95/95 94/94/94
f 95/95/95 117/116/116 94/94/94
f 75/75/75 96/96/96 95/95/95
f 96/96/96 118/117/117 95/95/95
f 76/76/76 119/118/118 96/96/96
f 97/97/97 119/118/118 76/76/76
f 97/97/97 120/119/119 119/118/118
f 98/98/98 120/119/119 97/97/97
f 98/98/98 99/99/99 120/119/119
f 99/99/99 121/120/120 120/119/119
f 79/79/79 122/121/121 99/99/99
f 100/100/100 122/121/121 79/79/79
f 100/100/100 123/122/122 122/121/121
f 80/80/80 101/101/101 100/100/100
f 101/101/101 124/123/123 100/100/100
f 102/102/102 124/123/123 101/101/101
f 102/102/102 125/124/124 124/123/123
f 82/82/82 103/103/103 102/102/102
f 103/103/103 126/125/125 102/102/102
f 104/104/104 126/125/125 103/103/103
f 104/104/104 127/126/126 126/125/125
f 83/83/83 105/105/105 104/104/104
f 105/105/105 128/127/127 104/104/104
f 84/84/84 106/106/106 105/105/105
f 106/106/106 129/128/128 105/105/105
f 85/85/85 107/107/107 106/106/106
f 107/107/107 130/129/129 106/106/106
f 86/86/86 131/130/130 107/107/107
f 108/108/108 132/131/131 86/86/86
f 89/89/89 110/109/109 109/132/132
f 110/109/109 90/90/90 109/132/132
f 90/90/90 133/133/133 109/132/132
f 111/110/110 134/134/134 90/90/90
f 71/71/71 112/111/111 111/110/110
f 112/111/111 135/135/135 111/110/110
f 91/91/91 136/136/136 112/111/111
f 113/112/112 137/137/137 91/91/91
f 72/72/72 114/113/113 113/112/112
f 114/113/113 138/138/138 113/112/112
f 92/92/92 139/139/139 114/113/113
f 115/114/114 139/139/139 92/92/92
f 115/114/114 140/140/140 139/139/139
f 116/115/115 140/140/140 115/114/114
f 116/115/115 141/141/141 140/140/140
f 94/94/94 117/116/116 116/115/115
f 117/116/116 142/142/142 116/115/115
f 95/95/95 118/117/117 117/116/116
f 118/117/117 143/143/143 117/116/116
f 96/96/96 144/144/144 118/117/117
f 119/118/118 144/144/144 96/96/96
f 119/118/118 145/145/145 144/144/144
f 120/119/119 145/145/145 119/118/118
f 120/119/119 121/120/120 145/145/145
f 121/120/120 146/146/146 145/145/145
f 99/99/99 147/147/147 121/120/120
f 122/121/121 147/147/147 99/99/99
f 122/121/121 148/148/148 147/147/147
f 123/122/122 148/148/148 122/121/121
f 123/122/122 149/149/149 148/148/148
f 100/100/100 124/123/123 123/122/122
f 124/123/123 125/124/124 123/122/122
f 125/124/124 149/149/149 123/122/122
f 125/124/124 150/150/150 149/149/149
f 102/102/102 126/125/125 125/124/124
f 126/125/125 151/151/151 125/124/124
f 127/126/126 151/151/151 126/125/125
f 127/126/126 152/152/152 151/151/151
f 104/104/104 128/127/127 127/126/126
f 128/127/127 153/153/153 127/126/126
f 105/105/105 129/128/128 128/127/127
f 129/128/128 154/154/154 128/127/127
f 106/106/106 130/129/129 129/128/128
f 130/129/129 155/155/155 129/128/128
f 107/107/107 131/130/130 130/129/129
f 131/130/130 155/155/155 130/129/129
f 131/130/130 132/131/131 155/155/155
f 132/131/131 131/130/130 86/86/86
f 108/108/108 156/156/156 132/131/131
f 90/90/90 134/134/134 133/133/133
f 111/110/110 135/135/135 134/134/134
f 112/111/111 157/157/157 135/135/135
f 136/136/136 157/157/157 112/111/111
f 91/91/91 137/137/137 136/136/136
f 113/112/112 158/158/158 137/137/137
f 138/138/138 158/158/158 113/112/112
f 138/138/138 159/159/159 158/158/158
f 114/113/113 139/139/139 138/138/138
f 139/139/139 160/160/160 138/138/138
f 140/140/140 160/160/160 139/139/139
f 140/140/140 161/161/161 160/160/160
f 141/141/141 161/161/161 140/140/140
f 141/141/141 162/162/162 161/161/161
f 116/115/115 142/142/142 141/141/141
f 142/142/142 163/163/163 141/141/141
f 117/116/116 143/143/143 142/142/142
f 143/143/143 164/164/164 142/142/142
f 118/117/117 165/165/165 143/143/143
f 144/144/144 165/165/165 118/117/117
f 144/144/144 166/166/166 165/165/165
f 145/145/145 166/166/166 144/144/144
f 145/145/145 146/146/146 166/166/166
f 146/146/146 167/167/167 166/166/166
f 121/120/120 168/168/168 146/146/146
f 147/147/147 168/168/168 121/120/120
f 147/147/147 169/169/169 168/168/168
f 148/148/148 169/169/169 147/147/147
f 148/148/148 170/170/170 169/169/169
f 149/149/149 170/170/170 148/148/148
f 149/149/149 171/171/171 170/170/170
f 150/150/150 171/171/171 149/149/149
f 150/150/150 172/172/172 171/171/171
f 125/124/124 151/151/151 150/150/150
f 151/151/151 173/173/173 150/150/150
f 152/152/152 173/173/173 151/151/151
f 152/152/152 174/174/174 173/173/173
f 127/126/126 153/153/153 152/152/152
f 153/153/153 175/175/175 152/152/152
f 128/127/127 154/154/154 153/153/153
f 154/154/154 175/175/175 153/153/153
f 129/128/128 155/155/155 154/154/154
f 155/155/155 176/176/176 154/154/154
f 157/157/157 177/177/177 135/135/135
f 158/158/158 178/178/178 137/137/137
f 159/159/159 179/179/179 158/158/158
f 138/138/138 160/160/160 159/159/159
f 160/160/160 180/180/180 159/159/159
f 161/161/161 180/180/180 160/160/160
f 161/161/161 181/181/181 180/180/180
f 162/162/162 181/181/181 161/161/161
f 162/162/162 182/182/182 181/181/181
f 141/141/141 163/163/163 162/162/162
f 163/163/163 183/183/183 162/162/162
f 142/142/142 164/164/164 163/163/163
f 164/164/164 183/183/183 163/163/163
f 164/164/164 184/184/184 183/183/183
f 143/143/143 185/185/185 164/164/164
f 165/165/165 185/185/185 143/143/143
f 165/165/165 186/186/186 185/185/185
f 166/166/166 186/186/186 165/165/165
f 166/166/166 167/167/167 186/186/186
f 167/167/167 187/187/187 186/186/186
f 146/146/146 188/188/188 167/167/167
f 168/168/168 188/188/188 146/146/146
f 168/168/168 189/189/189 188/188/188
f 169/169/169 190/190/190 168/168/168
f 170/170/170 191/191/191 169/169/169
f 171/171/171 192/192/192 170/170/170
f 172/172/172 193/193/193 171/171/171
f 150/150/150 173/173/173 172/172/172
f 173/173/173 194/194/194 172/172/172
f 174/174/174 195/195/195 173/173/173
f 152/152/152 175/175/175 174/174/174
f 175/175/175 196/196/196 174/174/174
f 176/176/176 197/197/197 154/154/154
f 158/158/158 198/198/198 178/178/178
f 179/179/179 199/199/199 158/158/158
f 159/159/159 200/200/200 179/179/179
f 180/180/180 200/200/200 159/159/159
f 180/180/180 181/181/181 200/200/200
f 181/181/181 201/201/201 200/200/200
f 182/182/182 201/201/201 181/181/181
f 182/182/182 202/202/202 201/201/201
f 162/162/162 183/183/183 182/182/182
f 183/183/183 203/203/203 182/182/182
f 184/184/184 204/204/204 183/183/183
f 164/164/164 204/204/204 184/184/184
f 164/164/164 205/205/205 204/204/204
f 185/185/185 206/206/206 164/164/164
f 186/186/186 207/207/207 185/185/185
f 187/187/187 207/207/207 186/186/186
f 187/187/187 208/208/208 207/207/207
f 167/167/167 188/188/188 187/187/187
f 188/188/188 209/209/209 187/187/187
f 189/189/189 210/210/210 188/188/188
f 168/168/168 190/190/190 189/189/189
f 190/190/190 211/211/211 189/189/189
f 169/169/169 191/191/191 190/190/190
f 191/191/191 211/211/211 190/190/190
f 191/191/191 192/192/192 211/211/211
f 192/192/192 191/191/191 170/170/170
f 171/171/171 193/193/193 192/192/192
f 193/193/193 212/212/212 192/192/192
f 172/172/172 213/213/213 193/193/193
f 194/194/194 213/213/213 172/172/172
f 194/194/194 214/214/214 213/213/213
f 173/173/173 195/195/195 194/194/194
f 195/195/195 214/214/214 194/194/194
f 195/195/195 196/196/196 214/214/214
f 196/196/196 195/195/195 174/174/174
f 175/175/175 215/215/215 196/196/196
f 197/197/197 216/216/216 154/154/154
f 176/176/176 217/217/217 197/197/197
f 158/158/158 199/199/199 198/198/198
f 199/199/199 218/218/218 198/198/198
f 179/179/179 219/219/219 199/199/199
f 200/200/200 220/220/220 179/179/179
f 201/201/201 220/220/220 200/200/200
f 201/201/201 221/221/221 220/220/220
f 202/202/202 221/221/221 201/201/201
f 202/202/202 222/222/222 221/221/221
f 182/182/182 203/203/203 202/202/202
f 203/203/203 223/223/223 202/202/202
f 183/183/183 204/204/204 203/203/203
f 204/204/204 224/224/224 203/203/203
f 205/205/205 225/225/225 204/204/204
f 164/164/164 226/226/226 205/205/205
f 206/206/206 226/226/226 164/164/164
f 206/206/206 205/205/205 226/226/226
f 206/206/206 227/227/227 205/205/205
f 185/185/185 207/207/207 206/206/206
f 207/207/207 227/227/227 206/206/206
f 207/207/207 228/228/228 227/227/227
f 208/208/208 228/228/228 207/207/207
f 208/208/208 229/229/229 228/228/228
f 187/187/187 209/209/209 208/208/208
f 209/209/209 230/230/230 208/208/208
f 188/188/188 210/210/210 209/209/209
f 210/210/210 230/230/230 209/209/209
f 210/210/210 231/231/231 230/230/230
f 189/189/189 232/232/232 210/210/210
f 211/211/211 232/232/232 189/189/189
f 211/211/211 233/233/233 232/232/232
f 192/192/192 233/233/233 211/211/211
f 192/192/192 212/212/212 233/233/233
f 212/212/212 234/234/234 233/233/233
f 193/193/193 213/213/213 212/212/212
f 213/213/213 235/235/235 212/212/212
f 214/214/214 236/236/236 213/213/213
f 196/196/196 237/237/237 214/214/214
f 215/215/215 238/238/238 196/196/196
f 175/175/175 216/216/216 215/215/215
f 197/197/197 217/217/217 216/216/216
f 217/217/217 239/239/239 216/216/216
f 176/176/176 240/240/240 217/217/217
f 218/218/218 241/241/241 198/198/198
f 199/199/199 219/219/219 218/218/218
f 219/219/219 242/242/242 218/218/218
f 179/179/179 242/242/242 219/219/219
f 179/179/179 220/220/220 242/242/242
f 220/220/220 243/243/243 242/242/242
f 221/221/221 243/243/243 220/220/220
f 221/221/221 244/244/244 243/243/243
f 222/222/222 244/244/244 221/221/221
f 222/222/222 245/245/245 244/244/244
f 202/202/202 223/223/223 222/222/222
f 223/223/223 246/246/246 222/222/222
f 203/203/203 224/224/224 223/223/223
f 224/224/224 247/247/247 223/223/223
f 204/204/204 225/225/225 224/224/224
f 225/225/225 248/248/248 224/224/224
f 205/205/205 249/249/249 225/225/225
f 227/227/227 250/250/250 205/205/205
f 228/228/228 250/250/250 227/227/227
f 228/228/228 249/249/249 250/250/250
f 229/229/229 251/251/251 228/228/228
f 208/208/208 230/230/230 229/229/229
f 230/230/230 252/252/252 229/229/229
f 231/231/231 252/252/252 230/230/230
f 231/231/231 253/253/253 252/252/252
f 210/210/210 253/253/253 231/231/231
f 210/210/210 254/254/254 253/253/253
f 232/232/232 254/254/254 210/210/210
f 232/232/232 255/255/255 254/254/254
f 233/233/233 256/256/256 232/232/232
f 234/234/234 256/256/256 233/233/233
f 234/234/234 257/257/257 256/256/256
f 212/212/212 235/235/235 234/234/234
f 235/235/235 258/258/258 234/234/234
f 213/213/213 259/259/259 235/235/235
f 236/236/236 259/259/259 213/213/213
f 236/236/236 260/260/260 259/259/259
f 214/214/214 237/237/237 236/236/236
f 237/237/237 260/260/260 236/236/236
f 237/237/237 261/261/261 260/260/260
f 196/196/196 238/238/238 237/237/237
f 238/238/238 262/262/262 237/237/237
f 215/215/215 263/263/263 238/238/238
f 216/216/216 263/263/263 215/215/215
f 216/216/216 239/239/239 263/263/263
f 239/239/239 264/264/264 263/263/263
f 217/217/217 265/265/265 239/239/239
f 240/240/240 266/266/266 217/217/217
f 218/218/218 267/267/267 241/241/241
f 242/242/242 267/267/267 218/218/218
f 242/242/242 268/268/268 267/267/267
f 243/243/243 268/268/268 242/242/242
f 243/243/243 269/269/269 268/268/268
f 244/244/244 269/269/269 243/243/243
f 244/244/244 270/270/270 269/269/269
f 245/245/245 270/270/270 244/244/244
f 245/245/245 271/271/271 270/270/270
f 222/222/222 246/246/246 245/245/245
f 246/246/246 272/272/272 245/245/245
f 223/223/223 247/247/247 246/246/246
f 247/247/247 273/273/273 246/246/246
f 224/224/224 248/248/248 247/247/247
f 248/248/248 274/274/274 247/247/247
f 225/225/225 275/275/275 248/248/248
f 249/249/249 275/275/275 225/225/225
f 249/249/249 251/251/251 275/275/275
f 205/205/205 250/250/250 249/249/249
f 251/251/251 249/249/249 228/228/228
f 229/229/229 276/276/276 251/251/251
f 252/252/252 277/277/277 229/229/229
f 253/253/253 278/278/278 252/252/252
f 254/254/254 255/255/255 253/253/253
f 255/255/255 279/279/279 253/253/253
f 232/232/232 256/256/256 255/255/255
f 256/256/256 257/257/257 255/255/255
f 257/257/257 280/280/280 255/255/255
f 234/234/234 258/258/258 257/257/257
f 258/258/258 281/281/281 257/257/257
f 235/235/235 282/282/282 258/258/258
f 259/259/259 282/282/282 235/235/235
f 259/259/259 283/283/283 282/282/282
f 260/260/260 283/283/283 259/259/259
f 260/260/260 284/284/284 283/283/283
f 261/261/261 284/284/284 260/260/260
f 261/261/261 285/285/285 284/284/284
f 237/237/237 262/262/262 261/261/261
f 262/262/262 285/285/285 261/261/261
f 262/262/262 286/286/286 285/285/285
f 238/238/238 287/287/287 262/262/262
f 263/263/263 287/287/287 238/238/238
f 263/263/263 264/264/264 287/287/287
f 264/264/264 288/288/288 287/287/287
f 239/239/239 289/289/289 264/264/264
f 265/265/265 290/290/290 239/239/239
f 217/217/217 291/291/291 265/265/265
f 266/266/266 291/291/291 217/217/217
f 266/266/266 292/292/292 291/291/291
f 267/267/267 293/293/293 241/241/241
f 268/268/268 294/294/294 267/267/267
f 269/269/269 295/295/295 268/268/268
f 270/270/270 296/296/296 269/269/269
f 271/271/271 296/296/296 270/270/270
f 271/271/271 297/297/297 296/296/296
f 245/245/245 272/272/272 271/271/271
f 272/272/272 298/298/298 271/271/271
f 246/246/246 273/273/273 272/272/272
f 273/273/273 299/299/299 272/272/272
f 247/247/247 274/274/274 273/273/273
f 274/274/274 299/299/299 273/273/273
f 274/274/274 300/300/300 299/299/299
f 248/248/248 275/275/275 274/274/274
f 275/275/275 301/301/301 274/274/274
f 251/251/251 302/302/302 275/275/275
f 276/276/276 303/303/303 251/251/251
f 229/229/229 304/304/304 276/276/276
f 277/277/277 304/304/304 229/229/229
f 277/277/277 305/305/305 304/304/304
f 252/252/252 278/278/278 277/277/277
f 278/278/278 305/305/305 277/277/277
f 278/278/278 306/306/306 305/305/305
f 253/253/253 307/307/307 278/278/278
f 279/279/279 307/307/307 253/253/253
f 279/279/279 308/308/308 307/307/307
f 255/255/255 309/309/309 279/279/279
f 280/280/280 309/309/309 255/255/255
f 280/280/280 310/310/310 309/309/309
f 257/257/257 281/281/281 280/280/280
f 281/281/281 311/311/311 280/280/280
f 258/258/258 312/312/312 281/281/281
f 282/282/282 312/312/312 258/258/258
f 282/282/282 313/313/313 312/312/312
f 283/283/283 313/313/313 282/282/282
f 283/283/283 284/284/284 313/313/313
f 284/284/284 314/314/314 313/313/313
f 285/285/285 315/315/315 284/284/284
f 286/286/286 316/316/316 285/285/285
f 262/262/262 287/287/287 286/286/286
f 287/287/287 288/288/288 286/286/286
f 288/288/288 316/316/316 286/286/286
f 288/288/288 317/317/317 316/316/316
f 264/264/264 318/318/318 288/288/288
f 289/289/289 318/318/318 264/264/264
f 289/289/289 319/319/319 318/318/318
f 239/239/239 290/290/290 289/289/289
f 290/290/290 319/319/319 289/289/289
f 290/290/290 320/320/320 319/319/319
f 265/265/265 292/292/292 290/290/290
f 292/292/292 265/265/265 291/291/291
f 267/267/267 321/321/321 293/293/293
f 294/294/294 321/321/321 267/267/267
f 294/294/294 322/322/322 321/321/321
f 268/268/268 295/295/295 294/294/294
f 295/295/295 323/323/323 294/294/294
f 269/269/269 296/296/296 295/295/295
f 296/296/296 324/324/324 295/295/295
f 297/297/297 325/325/325 296/296/296
f 271/271/271 298/298/298 297/297/297
f 298/298/298 326/326/326 297/297/297
f 272/272/272 299/299/299 298/298/298
f 299/299/299 300/300/300 298/298/298
f 300/300/300 326/326/326 298/298/298
f 300/300/300 327/327/327 326/326/326
f 274/274/274 328/328/328 300/300/300
f 301/301/301 329/329/329 274/274/274
f 275/275/275 330/330/330 301/301/301
f 302/302/302 331/331/331 275/275/275
f 251/251/251 331/331/331 302/302/302
f 251/251/251 303/303/303 331/331/331
f 303/303/303 332/332/332 331/331/331
f 276/276/276 333/333/333 303/303/303
f 304/304/304 333/333/333 276/276/276
f 304/304/304 334/334/334 333/333/333
f 305/305/305 334/334/334 304/304/304
f 305/305/305 335/335/335 334/334/334
f 306/306/306 335/335/335 305/305/305
f 306/306/306 336/336/336 335/335/335
f 278/278/278 307/307/307 306/306/306
f 307/307/307 337/337/337 306/306/306
f 308/308/308 338/338/338 307/307/307
f 279/279/279 309/309/309 308/308/308
f 310/310/310 339/339/339 309/309/309
f 280/280/280 311/311/311 310/310/310
f 311/311/311 340/340/340 310/310/310
f 281/281/281 340/340/340 311/311/311
f 281/281/281 312/312/312 340/340/340
f 312/312/312 313/313/313 340/340/340
f 313/313/313 341/341/341 340/340/340
f 314/314/314 342/342/342 313/313/313
f 284/284/284 315/315/315 314/314/314
f 315/315/315 343/343/343 314/314/314
f 285/285/285 316/316/316 315/315/315
f 316/316/316 344/344/344 315/315/315
f 317/317/317 345/345/345 316/316/316
f 288/288/288 318/318/318 317/317/317
f 318/318/318 346/346/346 317/317/317
f 319/319/319 347/347/347 318/318/318
f 320/320/320 348/348/348 319/319/319
f 290/290/290 292/292/292 320/320/320
f 292/292/292 349/349/349 320/320/320
f 321/321/321 350/350/350 293/293/293
f 322/322/322 350/350/350 321/321/321
f 322/322/322 351/351/351 350/350/350
f 294/294/294 323/323/323 322/322/322
f 323/323/323 352/352/352 322/322/322
f 295/295/295 324/324/324 323/323/323
f 324/324/324 353/353/353 323/323/323
f 296/296/296 325/325/325 324/324/324
f 325/325/325 354/354/354 324/324/324
f 297/297/297 326/326/326 325/325/325
f 326/326/326 327/327/327 325/325/325
f 327/327/327 354/354/354 325/325/325
f 327/327/327 355/355/355 354/354/354
f 300/300/300 356/356/356 327/327/327
f 328/328/328 357/357/357 300/300/300
f 274/274/274 358/358/358 328/328/328
f 329/329/329 358/358/358 274/274/274
f 329/329/329 359/359/359 358/358/358
f 301/301/301 360/360/360 329/329/329
f 330/330/330 360/360/360 301/301/301
f 330/330/330 361/361/361 360/360/360
f 275/275/275 331/331/331 330/330/330
f 331/331/331 332/332/332 330/330/330
f 332/332/332 361/361/361 330/330/330
f 332/332/332 362/362/362 361/361/361
f 303/303/303 363/363/363 332/332/332
f 333/333/333 363/363/363 303/303/303
f 333/333/333 364/364/364 363/363/363
f 334/334/334 364/364/364 333/333/333
f 334/334/334 365/365/365 364/364/364
f 335/335/335 365/365/365 334/334/334
f 335/335/335 336/336/336 365/365/365
f 336/336/336 366/366/366 365/365/365
f 306/306/306 337/337/337 336/336/336
f 337/337/337 367/367/367 336/336/336
f 307/307/307 338/338/338 337/337/337
f 338/338/338 339/339/339 337/337/337
f 308/308/308 368/368/368 338/338/338
f 339/339/339 338/338/338 309/309/309
f 310/310/310 369/369/369 339/339/339
f 340/340/340 370/370/370 310/310/310
f 341/341/341 370/370/370 340/340/340
f 341/341/341 371/371/371 370/370/370
f 313/313/313 342/342/342 341/341/341
f 342/342/342 343/343/343 341/341/341
f 343/343/343 342/342/342 314/314/314
f 315/315/315 372/372/372 343/343/343
f 344/344/344 373/373/373 315/315/315
f 316/316/316 374/374/374 344/344/344
f 345/345/345 374/374/374 316/316/316
f 345/345/345 375/375/375 374/374/374
f 317/317/317 376/376/376 345/345/345
f 346/346/346 377/377/377 317/317/317
f 318/318/318 347/347/347 346/346/346
f 347/347/347 377/377/377 346/346/346
f 347/347/347 378/378/378 377/377/377
f 319/319/319 348/348/348 347/347/347
f 348/348/348 378/378/378 347/347/347
f 320/320/320 379/379/379 348/348/348
f 349/349/349 379/379/379 320/320/320
f 350/350/350 380/380/380 293/293/293
f 351/351/351 381/381/381 350/350/350
f 322/322/322 352/352/352 351/351/351
f 352/352/352 382/382/382 351/351/351
f 323/323/323 353/353/353 352/352/352
f 353/353/353 383/383/383 352/352/352
f 324/324/324 354/354/354 353/353/353
f 354/354/354 384/384/384 353/353/353
f 355/355/355 384/384/384 354/354/354
f 355/355/355 385/385/385 384/384/384
f 327/327/327 356/356/356 355/355/355
f 356/356/356 386/386/386 355/355/355
f 300/300/300 387/387/387 356/356/356
f 357/357/357 387/387/387 300/300/300
f 357/357/357 388/388/388 387/387/387
f 328/328/328 389/389/389 357/357/357
f 358/358/358 389/389/389 328/328/328
f 358/358/358 390/390/390 389/389/389
f 359/359/359 390/390/390 358/358/358
f 359/359/359 391/391/391 390/390/390
f 329/329/329 360/360/360 359/359/359
f 360/360/360 392/392/392 359/359/359
f 361/361/361 392/392/392 360/360/360
f 361/361/361 393/393/393 392/392/392
f 362/362/362 393/393/393 361/361/361
f 362/362/362 394/394/394 393/393/393
f 332/332/332 363/363/363 362/362/362
f 363/363/363 395/395/395 362/362/362
f 364/364/364 395/395/395 363/363/363
f 364/364/364 396/396/396 395/395/395
f 365/365/365 396/396/396 364/364/364
f 365/365/365 366/366/366 396/396/396
f 366/366/366 397/397/397 396/396/396
f 336/336/336 398/398/398 366/366/366
f 367/367/367 398/398/398 336/336/336
f 367/367/367 399/399/399 398/398/398
f 337/337/337 339/339/339 367/367/367
f 339/339/339 400/400/400 367/367/367
f 308/308/308 401/401/401 368/368/368
f 369/369/369 400/400/400 339/339/339
f 369/369/369 367/367/367 400/400/400
f 369/369/369 399/399/399 367/367/367
f 369/369/369 402/402/402 399/399/399
f 310/310/310 370/370/370 369/369/369
f 370/370/370 371/371/371 369/369/369
f 371/371/371 403/403/403 369/369/369
f 341/341/341 343/343/343 371/371/371
f 343/343/343 403/403/403 371/371/371
f 343/343/343 404/404/404 403/403/403
f 372/372/372 405/405/405 343/343/343
f 315/315/315 373/373/373 372/372/372
f 373/373/373 406/406/406 372/372/372
f 344/344/344 374/374/374 373/373/373
f 374/374/374 406/406/406 373/373/373
f 374/374/374 407/407/407 406/406/406
f 375/375/375 408/408/408 374/374/374
f 345/345/345 408/408/408 375/375/375
f 345/345/345 376/376/376 408/408/408
f 317/317/317 377/377/377 376/376/376
f 350/350/350 381/381/381 380/380/380
f 381/381/381 409/409/409 380/380/380
f 351/351/351 410/410/410 381/381/381
f 382/382/382 410/410/410 351/351/351
f 382/382/382 411/411/411 410/410/410
f 352/352/352 412/412/412 382/382/382
f 383/383/383 412/412/412 352/352/352
f 383/383/383 413/413/413 412/412/412
f 353/353/353 384/384/384 383/383/383
f 384/384/384 385/385/385 383/383/383
f 385/385/385 413/413/413 383/383/383
f 385/385/385 414/414/414 413/413/413
f 355/355/355 414/414/414 385/385/385
f 355/355/355 415/415/415 414/414/414
f 386/386/386 415/415/415 355/355/355
f 386/386/386 416/416/416 415/415/415
f 356/356/356 387/387/387 386/386/386
f 387/387/387 416/416/416 386/386/386
f 387/387/387 417/417/417 416/416/416
f 388/388/388 417/417/417 387/387/387
f 388/388/388 418/418/418 417/417/417
f 357/357/357 389/389/389 388/388/388
f 389/389/389 419/419/419 388/388/388
f 390/390/390 419/419/419 389/389/389
f 390/390/390 420/420/420 419/419/419
f 391/391/391 420/420/420 390/390/390
f 391/391/391 421/421/421 420/420/420
f 359/359/359 392/392/392 391/391/391
f 392/392/392 422/422/422 391/391/391
f 393/393/393 422/422/422 392/392/392
f 393/393/393 423/423/423 422/422/422
f 394/394/394 423/423/423 393/393/393
f 394/394/394 424/424/424 423/423/423
f 362/362/362 395/395/395 394/394/394
f 395/395/395 425/425/425 394/394/394
f 396/396/396 425/425/425 395/395/395
f 396/396/396 397/397/397 425/425/425
f 397/397/397 426/426/426 425/425/425
f 366/366/366 427/427/427 397/397/397
f 398/398/398 427/427/427 366/366/366
f 398/398/398 428/428/428 427/427/427
f 399/399/399 428/428/428 398/398/398
f 399/399/399 403/403/403 428/428/428
f 401/401/401 429/429/429 368/368/368
f 308/308/308 430/430/430 401/401/401
f 403/403/403 402/402/402 369/369/369
f 403/403/403 399/399/399 402/402/402
f 404/404/404 431/431/431 403/403/403
f 343/343/343 432/432/432 404/404/404
f 405/405/405 432/432/432 343/343/343
f 405/405/405 433/433/433 432/432/432
f 372/372/372 433/433/433 405/405/405
f 372/372/372 434/434/434 433/433/433
f 406/406/406 434/434/434 372/372/372
f 406/406/406 435/435/435 434/434/434
f 407/407/407 435/435/435 406/406/406
f 374/374/374 408/408/408 407/407/407
f 381/381/381 436/436/436 409/409/409
f 410/410/410 436/436/436 381/381/381
f 410/410/410 411/411/411 436/436/436
f 411/411/411 437/437/437 436/436/436
f 382/382/382 438/438/438 411/411/411
f 412/412/412 439/439/439 382/382/382
f 413/413/413 440/440/440 412/412/412
f 414/414/414 441/441/441 413/413/413
f 415/415/415 441/441/441 414/414/414
f 415/415/415 442/442/442 441/441/441
f 416/416/416 443/443/443 415/415/415
f 417/417/417 444/444/444 416/416/416
f 418/418/418 445/445/445 417/417/417
f 388/388/388 419/419/419 418/418/418
f 419/419/419 446/446/446 418/418/418
f 420/420/420 446/446/446 419/419/419
f 420/420/420 421/421/421 446/446/446
f 421/421/421 447/447/447 446/446/446
f 391/391/391 422/422/422 421/421/421
f 422/422/422 423/423/423 421/421/421
f 423/423/423 448/448/448 421/421/421
f 424/424/424 449/449/449 423/423/423
f 394/394/394 425/425/425 424/424/424
f 425/425/425 426/426/426 424/424/424
f 426/426/426 450/450/450 424/424/424
f 397/397/397 451/451/451 426/426/426
f 427/427/427 451/451/451 397/397/397
f 427/427/427 452/452/452 451/451/451
f 428/428/428 452/452/452 427/427/427
f 428/428/428 453/453/453 452/452/452
f 403/403/403 454/454/454 428/428/428
f 401/401/401 430/430/430 429/429/429
f 430/430/430 455/455/455 429/429/429
f 431/431/431 454/454/454 403/403/403
f 431/431/431 456/456/456 454/454/454
f 404/404/404 456/456/456 431/431/431
f 404/404/404 457/457/457 456/456/456
f 432/432/432 458/458/458 404/404/404
f 433/433/433 458/458/458 432/432/432
f 433/433/433 459/459/459 458/458/458
f 434/434/434 459/459/459 433/433/433
f 434/434/434 460/460/460 459/459/459
f 435/435/435 460/460/460 434/434/434
f 436/436/436 461/461/461 409/409/409
f 437/437/437 462/462/462 436/436/436
f 411/411/411 463/463/463 437/437/437
f 438/438/438 464/464/464 411/411/411
f 382/382/382 439/439/439 438/438/438
f 439/439/439 465/465/465 438/438/438
f 412/412/412 440/440/440 439/439/439
f 440/440/440 466/466/466 439/439/439
f 413/413/413 467/467/467 440/440/440
f 441/441/441 467/467/467 413/413/413
f 441/441/441 468/468/468 467/467/467
f 442/442/442 468/468/468 441/441/441
f 442/442/442 469/469/469 468/468/468
f 415/415/415 443/443/443 442/442/442
f 443/443/443 469/469/469 442/442/442
f 443/443/443 444/444/444 469/469/469
f 444/444/444 443/443/443 416/416/416
f 417/417/417 445/445/445 444/444/444
f 445/445/445 470/470/470 444/444/444
f 418/418/418 446/446/446 445/445/445
f 446/446/446 471/471/471 445/445/445
f 447/447/447 471/471/471 446/446/446
f 447/447/447 472/472/472 471/471/471
f 421/421/421 473/473/473 447/447/447
f 448/448/448 473/473/473 421/421/421
f 448/448/448 474/474/474 473/473/473
f 423/423/423 449/449/449 448/448/448
f 449/449/449 474/474/474 448/448/448
f 449/449/449 475/475/475 474/474/474
f 424/424/424 450/450/450 449/449/449
f 450/450/450 475/475/475 449/449/449
f 450/450/450 476/476/476 475/475/475
f 426/426/426 477/477/477 450/450/450
f 451/451/451 477/477/477 426/426/426
f 451/451/451 478/478/478 477/477/477
f 452/452/452 479/479/479 451/451/451
f 453/453/453 479/479/479 452/452/452
f 453/453/453 480/480/480 479/479/479
f 428/428/428 454/454/454 453/453/453
f 454/454/454 481/481/481 453/453/453
f 430/430/430 482/482/482 455/455/455
f 456/456/456 481/481/481 454/454/454
f 456/456/456 457/457/457 481/481/481
f 457/457/457 483/483/483 481/481/481
f 404/404/404 484/484/484 457/457/457
f 458/458/458 484/484/484 404/404/404
f 458/458/458 485/485/485 484/484/484
f 459/459/459 485/485/485 458/458/458
f 459/459/459 486/486/486 485/485/485
f 460/460/460 486/486/486 459/459/459
f 436/436/436 462/462/462 461/461/461
f 462/462/462 487/487/487 461/461/461
f 437/437/437 488/488/488 462/462/462
f 463/463/463 488/488/488 437/437/437
f 463/463/463 489/489/489 488/488/488
f 411/411/411 490/490/490 463/463/463
f 464/464/464 490/490/490 411/411/411
f 464/464/464 438/438/438 490/490/490
f 438/438/438 465/465/465 490/490/490
f 465/465/465 491/491/491 490/490/490
f 439/439/439 491/491/491 465/465/465
f 439/439/439 466/466/466 491/491/491
f 466/466/466 492/492/492 491/491/491
f 440/440/440 467/467/467 466/466/466
f 467/467/467 493/493/493 466/466/466
f 468/468/468 494/494/494 467/467/467
f 469/469/469 495/495/495 468/468/468
f 444/444/444 496/496/496 469/469/469
f 470/470/470 497/497/497 444/444/444
f 445/445/445 472/472/472 470/470/470
f 472/472/472 445/445/445 471/471/471
f 447/447/447 498/498/498 472/472/472
f 473/473/473 499/499/499 447/447/447
f 474/474/474 500/500/500 473/473/473
f 475/475/475 501/501/501 474/474/474
f 476/476/476 502/502/502 475/475/475
f 450/450/450 503/503/503 476/476/476
f 477/477/477 478/478/478 450/450/450
f 478/478/478 503/503/503 450/450/450
f 478/478/478 504/504/504 503/503/503
f 451/451/451 479/479/479 478/478/478
f 479/479/479 504/504/504 478/478/478
f 479/479/479 505/505/505 504/504/504
f 480/480/480 505/505/505 479/479/479
f 480/480/480 506/506/506 505/505/505
f 453/453/453 507/507/507 480/480/480
f 481/481/481 507/507/507 453/453/453
f 481/481/481 483/483/483 507/507/507
f 483/483/483 508/508/508 507/507/507
f 457/457/457 509/509/509 483/483/483
f 484/484/484 510/510/510 457/457/457
f 485/485/485 510/510/510 484/484/484
f 486/486/486 510/510/510 485/485/485
f 486/486/486 511/511/511 510/510/510
f 462/462/462 488/488/488 487/487/487
f 488/488/488 489/489/489 487/487/487
f 489/489/489 512/512/512 487/487/487
f 463/463/463 513/513/513 489/489/489
f 490/490/490 514/514/514 463/463/463
f 491/491/491 514/514/514 490/490/490
f 491/491/491 515/515/515 514/514/514
f 492/492/492 515/515/515 491/491/491
f 492/492/492 516/516/516 515/515/515
f 466/466/466 493/493/493 492/492/492
f 493/493/493 517/517/517 492/492/492
f 467/467/467 494/494/494 493/493/493
f 494/494/494 518/518/518 493/493/493
f 468/468/468 495/495/495 494/494/494
f 495/495/495 519/519/519 494/494/494
f 469/469/469 520/520/520 495/495/495
f 496/496/496 520/520/520 469/469/469
f 496/496/496 497/497/497 520/520/520
f 497/497/497 496/496/496 444/444/444
f 470/470/470 521/521/521 497/497/497
f 472/472/472 521/521/521 470/470/470
f 472/472/472 522/522/522 521/521/521
f 498/498/498 522/522/522 472/472/472
f 498/498/498 523/523/523 522/522/522
f 447/447/447 499/499/499 498/498/498
f 499/499/499 523/523/523 498/498/498
f 499/499/499 524/524/524 523/523/523
f 473/473/473 500/500/500 499/499/499
f 500/500/500 525/525/525 499/499/499
f 474/474/474 501/501/501 500/500/500
f 501/501/501 525/525/525 500/500/500
f 501/501/501 526/526/526 525/525/525
f 475/475/475 502/502/502 501/501/501
f 502/502/502 527/527/527 501/501/501
f 476/476/476 528/528/528 502/502/502
f 503/503/503 529/529/529 476/476/476
f 504/504/504 529/529/529 503/503/503
f 504/504/504 530/530/530 529/529/529
f 505/505/505 530/530/530 504/504/504
f 505/505/505 531/531/531 530/530/530
f 506/506/506 531/531/531 505/505/505
f 506/506/506 532/532/532 531/531/531
f 480/480/480 507/507/507 506/506/506
f 507/507/507 508/508/508 506/506/506
f 508/508/508 532/532/532 506/506/506
f 508/508/508 533/533/533 532/532/532
f 483/483/483 534/534/534 508/508/508
f 509/509/509 534/534/534 483/483/483
f 457/457/457 510/510/510 509/509/509
f 511/511/511 509/509/509 510/510/510
f 511/511/511 535/535/535 509/509/509
f 489/489/489 513/513/513 512/512/512
f 513/513/513 536/536/536 512/512/512
f 463/463/463 537/537/537 513/513/513
f 514/514/514 538/538/538 463/463/463
f 515/515/515 538/538/538 514/514/514
f 515/515/515 516/516/516 538/538/538
f 516/516/516 539/539/539 538/538/538
f 492/492/492 540/540/540 516/516/516
f 517/517/517 540/540/540 492/492/492
f 517/517/517 541/541/541 540/540/540
f 493/493/493 518/518/518 517/517/517
f 518/518/518 542/542/542 517/517/517
f 494/494/494 519/519/519 518/518/518
f 519/519/519 543/543/543 518/518/518
f 495/495/495 544/544/544 519/519/519
f 520/520/520 544/544/544 495/495/495
f 520/520/520 545/545/545 544/544/544
f 497/497/497 546/546/546 520/520/520
f 521/521/521 547/547/547 497/497/497
f 522/522/522 548/548/548 521/521/521
f 523/523/523 548/548/548 522/522/522
f 523/523/523 549/549/549 548/548/548
f 524/524/524 550/550/550 523/523/523
f 499/499/499 525/525/525 524/524/524
f 525/525/525 526/526/526 524/524/524
f 526/526/526 551/551/551 524/524/524
f 501/501/501 527/527/527 526/526/526
f 527/527/527 552/552/552 526/526/526
f 502/502/502 528/528/528 527/527/527
f 528/528/528 553/553/553 527/527/527
f 476/476/476 529/529/529 528/528/528
f 529/529/529 530/530/530 528/528/528
f 530/530/530 554/554/554 528/528/528
f 531/531/531 554/554/554 530/530/530
f 531/531/531 555/555/555 554/554/554
f 532/532/532 556/556/556 531/531/531
f 533/533/533 556/556/556 532/532/532
f 533/533/533 557/557/557 556/556/556
f 508/508/508 534/534/534 533/533/533
f 534/534/534 557/557/557 533/533/533
f 534/534/534 558/558/558 557/557/557
f 535/535/535 534/534/534 509/509/509
f 535/535/535 559/559/559 534/534/534
f 536/536/536 560/560/560 512/512/512
f 513/513/513 561/561/561 536/536/536
f 537/537/537 562/562/562 513/513/513
f 463/463/463 562/562/562 537/537/537
f 463/463/463 563/563/563 562/562/562
f 539/539/539 564/564/564 538/538/538
f 516/516/516 541/541/541 539/539/539
f 541/541/541 516/516/516 540/540/540
f 517/517/517 565/565/565 541/541/541
f 542/542/542 565/565/565 517/517/517
f 542/542/542 566/566/566 565/565/565
f 518/518/518 543/543/543 542/542/542
f 543/543/543 567/567/567 542/542/542
f 519/519/519 568/568/568 543/543/543
f 545/545/545 546/546/546 544/544/544
f 546/546/546 569/569/569 520/520/520
f 497/497/497 570/570/570 546/546/546
f 547/547/547 545/545/545 497/497/497
f 521/521/521 571/571/571 547/547/547
f 548/548/548 571/571/571 521/521/521
f 548/548/548 549/549/549 571/571/571
f 549/549/549 572/572/572 571/571/571
f 523/523/523 550/550/550 549/549/549
f 550/550/550 573/573/573 549/549/549
f 524/524/524 551/551/551 550/550/550
f 551/551/551 574/574/574 550/550/550
f 526/526/526 552/552/552 551/551/551
f 552/552/552 575/575/575 551/551/551
f 527/527/527 576/576/576 552/552/552
f 553/553/553 576/576/576 527/527/527
f 553/553/553 554/554/554 576/576/576
f 554/554/554 553/553/553 528/528/528
f 555/555/555 577/577/577 554/554/554
f 531/531/531 556/556/556 555/555/555
f 556/556/556 578/578/578 555/555/555
f 557/557/557 579/579/579 556/556/556
f 558/558/558 580/580/580 557/557/557
f 559/559/559 581/581/581 534/534/534
f 560/560/560 582/582/582 512/512/512
f 536/536/536 583/583/583 560/560/560
f 561/561/561 584/584/584 536/536/536
f 513/513/513 562/562/562 561/561/561
f 562/562/562 585/585/585 561/561/561
f 563/563/563 585/585/585 562/562/562
f 563/563/563 586/586/586 585/585/585
f 564/564/564 563/563/563 538/538/538
f 539/539/539 587/587/587 564/564/564
f 541/541/541 588/588/588 539/539/539
f 565/565/565 588/588/588 541/541/541
f 565/565/565 589/589/589 588/588/588
f 566/566/566 589/589/589 565/565/565
f 566/566/566 590/590/590 589/589/589
f 542/542/542 567/567/567 566/566/566
f 567/567/567 590/590/590 566/566/566
f 567/567/567 591/591/591 590/590/590
f 543/543/543 592/592/592 567/567/567
f 568/568/568 593/593/593 543/543/543
f 519/519/519 520/520/520 568/568/568
f 546/546/546 594/594/594 544/544/544
f 570/570/570 594/594/594 546/546/546
f 570/570/570 595/595/595 594/594/594
f 547/547/547 570/570/570 545/545/545
f 571/571/571 596/596/596 547/547/547
f 572/572/572 597/597/597 571/571/571
f 549/549/549 573/573/573 572/572/572
f 573/573/573 597/597/597 572/572/572
f 573/573/573 598/598/598 597/597/597
f 550/550/550 574/574/574 573/573/573
f 574/574/574 599/599/599 573/573/573
f 551/551/551 575/575/575 574/574/574
f 575/575/575 600/600/600 574/574/574
f 552/552/552 601/601/601 575/575/575
f 576/576/576 601/601/601 552/552/552
f 576/576/576 577/577/577 601/601/601
f 577/577/577 576/576/576 554/554/554
f 555/555/555 578/578/578 577/577/577
f 578/578/578 602/602/602 577/577/577
f 556/556/556 579/579/579 578/578/578
f 579/579/579 603/603/603 578/578/578
f 557/557/557 580/580/580 579/579/579
f 580/580/580 603/603/603 579/579/579
f 580/580/580 604/604/604 603/603/603
f 558/558/558 605/605/605 580/580/580
f 581/581/581 558/558/558 534/534/534
f 581/581/581 606/606/606 558/558/558
f 559/559/559 607/607/607 581/581/581
f 560/560/560 608/608/608 582/582/582
f 583/583/583 609/609/609 560/560/560
f 536/536/536 610/610/610 583/583/583
f 584/584/584 610/610/610 536/536/536
f 584/584/584 611/611/611 610/610/610
f 561/561/561 612/612/612 584/584/584
f 585/585/585 586/586/586 561/561/561
f 586/586/586 612/612/612 561/561/561
f 586/586/586 613/613/613 612/612/612
f 563/563/563 613/613/613 586/586/586
f 563/563/563 564/564/564 613/613/613
f 564/564/564 614/614/614 613/613/613
f 563/563/563 615/615/615 538/538/538
f 587/587/587 616/616/616 564/564/564
f 539/539/539 588/588/588 587/587/587
f 588/588/588 616/616/616 587/587/587
f 588/588/588 617/617/617 616/616/616
f 589/589/589 618/618/618 588/588/588
f 590/590/590 619/619/619 589/589/589
f 591/591/591 620/620/620 590/590/590
f 592/592/592 593/593/593 567/567/567
f 568/568/568 594/594/594 593/593/593
f 594/594/594 621/621/621 544/544/544
f 595/595/595 622/622/622 594/594/594
f 570/570/570 623/623/623 595/595/595
f 547/547/547 596/596/596 570/570/570
f 596/596/596 623/623/623 570/570/570
f 596/596/596 624/624/624 623/623/623
f 571/571/571 597/597/597 596/596/596
f 597/597/597 624/624/624 596/596/596
f 597/597/597 625/625/625 624/624/624
f 598/598/598 626/626/626 597/597/597
f 573/573/573 599/599/599 598/598/598
f 599/599/599 627/627/627 598/598/598
f 574/574/574 600/600/600 599/599/599
f 600/600/600 628/628/628 599/599/599
f 575/575/575 601/601/601 600/600/600
f 601/601/601 628/628/628 600/600/600
f 601/601/601 629/629/629 628/628/628
f 577/577/577 602/602/602 601/601/601
f 602/602/602 629/629/629 601/601/601
f 602/602/602 630/630/630 629/629/629
f 578/578/578 603/603/603 602/602/602
f 603/603/603 604/604/604 602/602/602
f 604/604/604 630/630/630 602/602/602
f 604/604/604 631/631/631 630/630/630
f 580/580/580 605/605/605 604/604/604
f 605/605/605 631/631/631 604/604/604
f 605/605/605 632/632/632 631/631/631
f 558/558/558 632/632/632 605/605/605
f 558/558/558 606/606/606 632/632/632
f 606/606/606 633/633/633 632/632/632
f 581/581/581 634/634/634 606/606/606
f 607/607/607 635/635/635 581/581/581
f 559/559/559 636/636/636 607/607/607
f 608/608/608 637/637/637 582/582/582
f 560/560/560 638/638/638 608/608/608
f 609/609/609 638/638/638 560/560/560
f 609/609/609 639/639/639 638/638/638
f 583/583/583 640/640/640 609/609/609
f 610/610/610 641/641/641 583/583/583
f 611/611/611 641/641/641 610/610/610
f 611/611/611 642/642/642 641/641/641
f 584/584/584 643/643/643 611/611/611
f 612/612/612 643/643/643 584/584/584
f 612/612/612 614/614/614 643/643/643
f 614/614/614 612/612/612 613/613/613
f 564/564/564 644/644/644 614/614/614
f 616/616/616 644/644/644 564/564/564
f 616/616/616 645/645/645 644/644/644
f 617/617/617 618/618/618 616/616/616
f 618/618/618 617/617/617 588/588/588
f 589/589/589 619/619/619 618/618/618
f 619/619/619 646/646/646 618/618/618
f 590/590/590 647/647/647 619/619/619
f 620/620/620 647/647/647 590/590/590
f 620/620/620 648/648/648 647/647/647
f 591/591/591 649/649/649 620/620/620
f 593/593/593 591/591/591 567/567/567
f 593/593/593 649/649/649 591/591/591
f 593/593/593 650/650/650 649/649/649
f 595/595/595 651/651/651 622/622/622
f 623/623/623 651/651/651 595/595/595
f 623/623/623 652/652/652 651/651/651
f 624/624/624 652/652/652 623/623/623
f 624/624/624 653/653/653 652/652/652
f 625/625/625 653/653/653 624/624/624
f 625/625/625 654/654/654 653/653/653
f 597/597/597 626/626/626 625/625/625
f 626/626/626 627/627/627 625/625/625
f 627/627/627 626/626/626 598/598/598
f 599/599/599 628/628/628 627/627/627
f 628/628/628 655/655/655 627/627/627
f 629/629/629 655/655/655 628/628/628
f 629/629/629 656/656/656 655/655/655
f 630/630/630 656/656/656 629/629/629
f 630/630/630 657/657/657 656/656/656
f 631/631/631 658/658/658 630/630/630
f 632/632/632 658/658/658 631/631/631
f 632/632/632 659/659/659 658/658/658
f 633/633/633 659/659/659 632/632/632
f 633/633/633 660/660/660 659/659/659
f 606/606/606 634/634/634 633/633/633
f 634/634/634 661/661/661 633/633/633
f 581/581/581 662/662/662 634/634/634
f 635/635/635 662/662/662 581/581/581
f 635/635/635 663/663/663 662/662/662
f 607/607/607 664/664/664 635/635/635
f 636/636/636 665/665/665 607/607/607
f 637/637/637 666/666/666 582/582/582
f 608/608/608 667/667/667 637/637/637
f 638/638/638 668/668/668 608/608/608
f 639/639/639 668/668/668 638/638/638
f 639/639/639 669/669/669 668/668/668
f 609/609/609 670/670/670 639/639/639
f 640/640/640 671/671/671 609/609/609
f 583/583/583 641/641/641 640/640/640
f 641/641/641 671/671/671 640/640/640
f 641/641/641 642/642/642 671/671/671
f 642/642/642 614/614/614 671/671/671
f 611/611/611 643/643/643 642/642/642
f 614/614/614 642/642/642 643/643/643
f 644/644/644 645/645/645 614/614/614
f 645/645/645 672/672/672 614/614/614
f 616/616/616 618/618/618 645/645/645
f 618/618/618 673/673/673 645/645/645
f 646/646/646 673/673/673 618/618/618
f 646/646/646 674/674/674 673/673/673
f 619/619/619 648/648/648 646/646/646
f 648/648/648 619/619/619 647/647/647
f 620/620/620 675/675/675 648/648/648
f 649/649/649 676/676/676 620/620/620
f 650/650/650 677/677/677 649/649/649
f 593/593/593 621/621/621 650/650/650
f 651/651/651 678/678/678 622/622/622
f 652/652/652 679/679/679 651/651/651
f 653/653/653 680/680/680 652/652/652
f 654/654/654 681/681/681 653/653/653
f 625/625/625 682/682/682 654/654/654
f 627/627/627 682/682/682 625/625/625
f 627/627/627 655/655/655 682/682/682
f 655/655/655 683/683/683 682/682/682
f 656/656/656 683/683/683 655/655/655
f 656/656/656 684/684/684 683/683/683
f 657/657/657 684/684/684 656/656/656
f 657/657/657 685/685/685 684/684/684
f 630/630/630 658/658/658 657/657/657
f 658/658/658 659/659/659 657/657/657
f 659/659/659 685/685/685 657/657/657
f 659/659/659 686/686/686 685/685/685
f 660/660/660 686/686/686 659/659/659
f 660/660/660 687/687/687 686/686/686
f 633/633/633 661/661/661 660/660/660
f 634/634/634 662/662/662 661/661/661
f 662/662/662 660/660/660 661/661/661
f 662/662/662 663/663/663 660/660/660
f 663/663/663 687/687/687 660/660/660
f 663/663/663 688/688/688 687/687/687
f 635/635/635 688/688/688 663/663/663
f 635/635/635 664/664/664 688/688/688
f 664/664/664 689/689/689 688/688/688
f 607/607/607 690/690/690 664/664/664
f 637/637/637 691/691/691 666/666/666
f 667/667/667 692/692/692 637/637/637
f 608/608/608 693/693/693 667/667/667
f 668/668/668 693/693/693 608/608/608
f 668/668/668 669/669/669 693/693/693
f 669/669/669 694/694/694 693/693/693
f 639/639/639 695/695/695 669/669/669
f 670/670/670 695/695/695 639/639/639
f 670/670/670 696/696/696 695/695/695
f 609/609/609 671/671/671 670/670/670
f 671/671/671 696/696/696 670/670/670
f 671/671/671 614/614/614 696/696/696
f 614/614/614 697/697/697 696/696/696
f 645/645/645 674/674/674 672/672/672
f 674/674/674 645/645/645 673/673/673
f 646/646/646 698/698/698 674/674/674
f 648/648/648 698/698/698 646/646/646
f 648/648/648 675/675/675 698/698/698
f 675/675/675 699/699/699 698/698/698
f 676/676/676 700/700/700 620/620/620
f 649/649/649 701/701/701 676/676/676
f 677/677/677 701/701/701 649/649/649
f 677/677/677 702/702/702 701/701/701
f 650/650/650 703/703/703 677/677/677
f 621/621/621 678/678/678 650/650/650
f 651/651/651 704/704/704 678/678/678
f 679/679/679 704/704/704 651/651/651
f 679/679/679 705/705/705 704/704/704
f 652/652/652 680/680/680 679/679/679
f 680/680/680 706/706/706 679/679/679
f 653/653/653 681/681/681 680/680/680
f 681/681/681 707/707/707 680/680/680
f 654/654/654 708/708/708 681/681/681
f 682/682/682 709/709/709 654/654/654
f 684/684/684 709/709/709 683/683/683
f 685/685/685 710/710/710 684/684/684
f 686/686/686 711/711/711 685/685/685
f 687/687/687 712/712/712 686/686/686
f 688/688/688 713/713/713 687/687/687
f 689/689/689 713/713/713 688/688/688
f 689/689/689 714/714/714 713/713/713
f 664/664/664 690/690/690 689/689/689
f 690/690/690 714/714/714 689/689/689
f 690/690/690 715/715/715 714/714/714
f 607/607/607 716/716/716 690/690/690
f 637/637/637 717/717/717 691/691/691
f 692/692/692 717/717/717 637/637/637
f 692/692/692 718/718/718 717/717/717
f 667/667/667 719/719/719 692/692/692
f 693/693/693 694/694/694 667/667/667
f 694/694/694 719/719/719 667/667/667
f 694/694/694 720/720/720 719/719/719
f 669/669/669 721/721/721 694/694/694
f 695/695/695 722/722/722 669/669/669
f 696/696/696 697/697/697 695/695/695
f 697/697/697 722/722/722 695/695/695
f 697/697/697 672/672/672 722/722/722
f 674/674/674 723/723/723 672/672/672
f 698/698/698 723/723/723 674/674/674
f 698/698/698 699/699/699 723/723/723
f 699/699/699 724/724/724 723/723/723
f 675/675/675 725/725/725 699/699/699
f 700/700/700 726/726/726 620/620/620
f 676/676/676 727/727/727 700/700/700
f 701/701/701 727/727/727 676/676/676
f 701/701/701 728/728/728 727/727/727
f 702/702/702 728/728/728 701/701/701
f 702/702/702 729/729/729 728/728/728
f 677/677/677 703/703/703 702/702/702
f 703/703/703 730/730/730 702/702/702
f 678/678/678 703/703/703 650/650/650
f 678/678/678 730/730/730 703/703/703
f 678/678/678 704/704/704 730/730/730
f 704/704/704 705/705/705 730/730/730
f 705/705/705 731/731/731 730/730/730
f 621/621/621 622/622/622 678/678/678
f 679/679/679 706/706/706 705/705/705
f 706/706/706 731/731/731 705/705/705
f 706/706/706 732/732/732 731/731/731
f 680/680/680 707/707/707 706/706/706
f 707/707/707 733/733/733 706/706/706
f 681/681/681 708/708/708 707/707/707
f 708/708/708 734/734/734 707/707/707
f 709/709/709 708/708/708 654/654/654
f 709/709/709 710/710/710 708/708/708
f 709/709/709 682/682/682 683/683/683
f 710/710/710 709/709/709 684/684/684
f 685/685/685 735/735/735 710/710/710
f 686/686/686 712/712/712 711/711/711
f 712/712/712 736/736/736 711/711/711
f 687/687/687 737/737/737 712/712/712
f 713/713/713 738/738/738 687/687/687
f 714/714/714 739/739/739 713/713/713
f 715/715/715 739/739/739 714/714/714
f 715/715/715 740/740/740 739/739/739
f 690/690/690 716/716/716 715/715/715
f 716/716/716 741/741/741 715/715/715
f 717/717/717 742/742/742 691/691/691
f 718/718/718 743/743/743 717/717/717
f 692/692/692 744/744/744 718/718/718
f 719/719/719 744/744/744 692/692/692
f 719/719/719 745/745/745 744/744/744
f 720/720/720 745/745/745 719/719/719
f 720/720/720 746/746/746 745/745/745
f 694/694/694 721/721/721 720/720/720
f 721/721/721 747/747/747 720/720/720
f 669/669/669 722/722/722 721/721/721
f 722/722/722 748/748/748 721/721/721
f 672/672/672 724/724/724 722/722/722
f 699/699/699 749/749/749 724/724/724
f 725/725/725 750/750/750 699/699/699
f 700/700/700 727/727/727 726/726/726
f 727/727/727 751/751/751 726/726/726
f 728/728/728 752/752/752 727/727/727
f 729/729/729 753/753/753 728/728/728
f 702/702/702 730/730/730 729/729/729
f 730/730/730 754/754/754 729/729/729
f 731/731/731 754/754/754 730/730/730
f 731/731/731 755/755/755 754/754/754
f 732/732/732 755/755/755 731/731/731
f 732/732/732 733/733/733 755/755/755
f 733/733/733 732/732/732 706/706/706
f 707/707/707 734/734/734 733/733/733
f 734/734/734 756/756/756 733/733/733
f 708/708/708 710/710/710 734/734/734
f 710/710/710 735/735/735 734/734/734
f 735/735/735 756/756/756 734/734/734
f 735/735/735 757/757/757 756/756/756
f 685/685/685 711/711/711 735/735/735
f 711/711/711 757/757/757 735/735/735
f 711/711/711 758/758/758 757/757/757
f 736/736/736 759/759/759 711/711/711
f 712/712/712 759/759/759 736/736/736
f 712/712/712 760/760/760 759/759/759
f 737/737/737 760/760/760 712/712/712
f 737/737/737 761/761/761 760/760/760
f 687/687/687 738/738/738 737/737/737
f 738/738/738 761/761/761 737/737/737
f 738/738/738 713/713/713 761/761/761
f 713/713/713 739/739/739 761/761/761
f 739/739/739 740/740/740 761/761/761
f 740/740/740 762/762/762 761/761/761
f 715/715/715 741/741/741 740/740/740
f 741/741/741 763/763/763 740/740/740
f 716/716/716 764/764/764 741/741/741
f 717/717/717 765/765/765 742/742/742
f 743/743/743 765/765/765 717/717/717
f 743/743/743 766/766/766 765/765/765
f 718/718/718 767/767/767 743/743/743
f 744/744/744 768/768/768 718/718/718
f 745/745/745 769/769/769 744/744/744
f 746/746/746 770/770/770 745/745/745
f 720/720/720 747/747/747 746/746/746
f 747/747/747 771/771/771 746/746/746
f 721/721/721 772/772/772 747/747/747
f 748/748/748 772/772/772 721/721/721
f 748/748/748 773/773/773 772/772/772
f 724/724/724 748/748/748 722/722/722
f 672/672/672 723/723/723 724/724/724
f 749/749/749 774/774/774 724/724/724
f 699/699/699 750/750/750 749/749/749
f 750/750/750 775/775/775 749/749/749
f 751/751/751 776/776/776 726/726/726
f 727/727/727 752/752/752 751/751/751
f 752/752/752 777/777/777 751/751/751
f 728/728/728 778/778/778 752/752/752
f 753/753/753 778/778/778 728/728/728
f 753/753/753 779/779/779 778/778/778
f 729/729/729 754/754/754 753/753/753
f 754/754/754 779/779/779 753/753/753
f 754/754/754 755/755/755 779/779/779
f 755/755/755 780/780/780 779/779/779
f 733/733/733 781/781/781 755/755/755
f 756/756/756 781/781/781 733/733/733
f 756/756/756 782/782/782 781/781/781
f 757/757/757 782/782/782 756/756/756
f 757/757/757 758/758/758 782/782/782
f 758/758/758 783/783/783 782/782/782
f 711/711/711 759/759/759 758/758/758
f 759/759/759 760/760/760 758/758/758
f 760/760/760 784/784/784 758/758/758
f 761/761/761 784/784/784 760/760/760
f 761/761/761 762/762/762 784/784/784
f 762/762/762 785/785/785 784/784/784
f 740/740/740 763/763/763 762/762/762
f 763/763/763 786/786/786 762/762/762
f 741/741/741 786/786/786 763/763/763
f 741/741/741 764/764/764 786/786/786
f 764/764/764 787/787/787 786/786/786
f 716/716/716 788/788/788 764/764/764
f 765/765/765 789/789/789 742/742/742
f 766/766/766 790/790/790 765/765/765
f 743/743/743 791/791/791 766/766/766
f 767/767/767 791/791/791 743/743/743
f 767/767/767 792/792/792 791/791/791
f 718/718/718 768/768/768 767/767/767
f 768/768/768 793/793/793 767/767/767
f 744/744/744 769/769/769 768/768/768
f 769/769/769 793/793/793 768/768/768
f 769/769/769 794/794/794 793/793/793
f 745/745/745 770/770/770 769/769/769
f 770/770/770 794/794/794 769/769/769
f 770/770/770 795/795/795 794/794/794
f 746/746/746 796/796/796 770/770/770
f 771/771/771 796/796/796 746/746/746
f 771/771/771 797/797/797 796/796/796
f 747/747/747 798/798/798 771/771/771
f 772/772/772 798/798/798 747/747/747
f 772/772/772 724/724/724 798/798/798
f 748/748/748 774/774/774 773/773/773
f 749/749/749 799/799/799 774/774/774
f 775/775/775 799/799/799 749/749/749
f 775/775/775 800/800/800 799/799/799
f 750/750/750 801/801/801 775/775/775
f 776/776/776 802/802/802 726/726/726
f 751/751/751 777/777/777 776/776/776
f 777/777/777 803/803/803 776/776/776
f 752/752/752 804/804/804 777/777/777
f 778/778/778 804/804/804 752/752/752
f 778/778/778 805/805/805 804/804/804
f 779/779/779 806/806/806 778/778/778
f 780/780/780 807/807/807 779/779/779
f 755/755/755 808/808/808 780/780/780
f 781/781/781 808/808/808 755/755/755
f 781/781/781 782/782/782 808/808/808
f 782/782/782 783/783/783 808/808/808
f 783/783/783 809/809/809 808/808/808
f 758/758/758 810/810/810 783/783/783
f 784/784/784 811/811/811 758/758/758
f 785/785/785 811/811/811 784/784/784
f 785/785/785 812/812/812 811/811/811
f 762/762/762 813/813/813 785/785/785
f 786/786/786 814/814/814 762/762/762
f 787/787/787 815/815/815 786/786/786
f 764/764/764 816/816/816 787/787/787
f 788/788/788 816/816/816 764/764/764
f 788/788/788 817/817/817 816/816/816
f 765/765/765 790/790/790 789/789/789
f 790/790/790 818/818/818 789/789/789
f 766/766/766 819/819/819 790/790/790
f 791/791/791 820/820/820 766/766/766
f 792/792/792 821/821/821 791/791/791
f 767/767/767 822/822/822 792/792/792
f 793/793/793 822/822/822 767/767/767
f 793/793/793 823/823/823 822/822/822
f 794/794/794 823/823/823 793/793/793
f 794/794/794 824/824/824 823/823/823
f 795/795/795 824/824/824 794/794/794
f 795/795/795 825/825/825 824/824/824
f 770/770/770 796/796/796 795/795/795
f 796/796/796 826/826/826 795/795/795
f 797/797/797 826/826/826 796/796/796
f 771/771/771 827/827/827 797/797/797
f 798/798/798 828/828/828 771/771/771
f 724/724/724 773/773/773 798/798/798
f 774/774/774 798/798/798 773/773/773
f 774/774/774 828/828/828 798/798/798
f 774/774/774 799/799/799 828/828/828
f 799/799/799 829/829/829 828/828/828
f 800/800/800 829/829/829 799/799/799
f 800/800/800 801/801/801 829/829/829
f 775/775/775 830/830/830 800/800/800
f 750/750/750 831/831/831 801/801/801
f 802/802/802 832/832/832 726/726/726
f 776/776/776 831/831/831 802/802/802
f 803/803/803 833/833/833 776/776/776
f 777/777/777 804/804/804 803/803/803
f 804/804/804 834/834/834 803/803/803
f 805/805/805 835/835/835 804/804/804
f 778/778/778 806/806/806 805/805/805
f 806/806/806 836/836/836 805/805/805
f 779/779/779 807/807/807 806/806/806
f 807/807/807 836/836/836 806/806/806
f 807/807/807 837/837/837 836/836/836
f 780/780/780 809/809/809 807/807/807
f 809/809/809 780/780/780 808/808/808
f 783/783/783 810/810/810 809/809/809
f 810/810/810 838/838/838 809/809/809
f 758/758/758 839/839/839 810/810/810
f 811/811/811 812/812/812 758/758/758
f 812/812/812 839/839/839 758/758/758
f 812/812/812 785/785/785 839/839/839
f 785/785/785 813/813/813 839/839/839
f 813/813/813 840/840/840 839/839/839
f 762/762/762 841/841/841 813/813/813
f 786/786/786 842/842/842 814/814/814
f 815/815/815 842/842/842 786/786/786
f 815/815/815 843/843/843 842/842/842
f 787/787/787 816/816/816 815/815/815
f 816/816/816 844/844/844 815/815/815
f 817/817/817 845/845/845 816/816/816
f 790/790/790 819/819/819 818/818/818
f 819/819/819 846/846/846 818/818/818
f 766/766/766 847/847/847 819/819/819
f 820/820/820 847/847/847 766/766/766
f 820/820/820 848/848/848 847/847/847
f 791/791/791 821/821/821 820/820/820
f 821/821/821 849/849/849 820/820/820
f 792/792/792 850/850/850 821/821/821
f 822/822/822 851/851/851 792/792/792
f 823/823/823 851/851/851 822/822/822
f 823/823/823 852/852/852 851/851/851
f 824/824/824 852/852/852 823/823/823
f 824/824/824 853/853/853 852/852/852
f 825/825/825 853/853/853 824/824/824
f 795/795/795 826/826/826 825/825/825
f 771/771/771 828/828/828 827/827/827
f 829/829/829 854/854/854 828/828/828
f 830/830/830 855/855/855 800/800/800
f 831/831/831 856/856/856 801/801/801
f 750/750/750 725/725/725 831/831/831
f 725/725/725 802/802/802 831/831/831
f 725/725/725 675/675/675 802/802/802
f 675/675/675 832/832/832 802/802/802
f 675/675/675 857/857/857 832/832/832
f 832/832/832 857/857/857 726/726/726
f 776/776/776 833/833/833 831/831/831
f 833/833/833 830/830/830 831/831/831
f 803/803/803 858/858/858 833/833/833
f 834/834/834 858/858/858 803/803/803
f 834/834/834 859/859/859 858/858/858
f 804/804/804 835/835/835 834/834/834
f 835/835/835 860/860/860 834/834/834
f 805/805/805 836/836/836 835/835/835
f 836/836/836 861/861/861 835/835/835
f 837/837/837 861/861/861 836/836/836
f 837/837/837 862/862/862 861/861/861
f 807/807/807 863/863/863 837/837/837
f 809/809/809 838/838/838 807/807/807
f 838/838/838 863/863/863 807/807/807
f 838/838/838 864/864/864 863/863/863
f 810/810/810 864/864/864 838/838/838
f 839/839/839 840/840/840 810/810/810
f 840/840/840 864/864/864 810/810/810
f 840/840/840 865/865/865 864/864/864
f 813/813/813 841/841/841 840/840/840
f 841/841/841 865/865/865 840/840/840
f 841/841/841 866/866/866 865/865/865
f 762/762/762 814/814/814 841/841/841
f 814/814/814 866/866/866 841/841/841
f 814/814/814 843/843/843 866/866/866
f 843/843/843 814/814/814 842/842/842
f 815/815/815 867/867/867 843/843/843
f 844/844/844 867/867/867 815/815/815
f 844/844/844 868/868/868 867/867/867
f 845/845/845 844/844/844 816/816/816
f 845/845/845 869/869/869 844/844/844
f 846/846/846 870/870/870 818/818/818
f 819/819/819 871/871/871 846/846/846
f 847/847/847 871/871/871 819/819/819
f 847/847/847 848/848/848 871/871/871
f 848/848/848 872/872/872 871/871/871
f 820/820/820 872/872/872 848/848/848
f 820/820/820 849/849/849 872/872/872
f 849/849/849 873/873/873 872/872/872
f 821/821/821 874/874/874 849/849/849
f 850/850/850 874/874/874 821/821/821
f 850/850/850 875/875/875 874/874/874
f 792/792/792 851/851/851 850/850/850
f 851/851/851 876/876/876 850/850/850
f 852/852/852 876/876/876 851/851/851
f 852/852/852 877/877/877 876/876/876
f 853/853/853 877/877/877 852/852/852
f 854/854/854 827/827/827 828/828/828
f 854/854/854 797/797/797 827/827/827
f 854/854/854 878/878/878 797/797/797
f 829/829/829 879/879/879 854/854/854
f 855/855/855 880/880/880 800/800/800
f 830/830/830 856/856/856 855/855/855
f 675/675/675 620/620/620 857/857/857
f 834/834/834 881/881/881 859/859/859
f 860/860/860 881/881/881 834/834/834
f 860/860/860 882/882/882 881/881/881
f 835/835/835 861/861/861 860/860/860
f 861/861/861 883/883/883 860/860/860
f 862/862/862 883/883/883 861/861/861
f 862/862/862 884/884/884 883/883/883
f 837/837/837 863/863/863 862/862/862
f 863/863/863 885/885/885 862/862/862
f 864/864/864 886/886/886 863/863/863
f 865/865/865 886/886/886 864/864/864
f 865/865/865 887/887/887 886/886/886
f 866/866/866 887/887/887 865/865/865
f 866/866/866 888/888/888 887/887/887
f 843/843/843 889/889/889 866/866/866
f 867/867/867 889/889/889 843/843/843
f 867/867/867 868/868/868 889/889/889
f 868/868/868 890/890/890 889/889/889
f 844/844/844 869/869/869 868/868/868
f 869/869/869 891/891/891 868/868/868
f 845/845/845 892/892/892 869/869/869
f 846/846/846 893/893/893 870/870/870
f 871/871/871 894/894/894 846/846/846
f 872/872/872 894/894/894 871/871/871
f 872/872/872 895/895/895 894/894/894
f 873/873/873 895/895/895 872/872/872
f 873/873/873 896/896/896 895/895/895
f 849/849/849 897/897/897 873/873/873
f 874/874/874 898/898/898 849/849/849
f 875/875/875 899/899/899 874/874/874
f 850/850/850 876/876/876 875/875/875
f 876/876/876 900/900/900 875/875/875
f 877/877/877 900/900/900 876/876/876
f 878/878/878 826/826/826 797/797/797
f 878/878/878 901/901/901 826/826/826
f 854/854/854 902/902/902 878/878/878
f 879/879/879 903/903/903 854/854/854
f 829/829/829 904/904/904 879/879/879
f 855/855/855 905/905/905 880/880/880
f 856/856/856 859/859/859 855/855/855
f 830/830/830 833/833/833 856/856/856
f 833/833/833 858/858/858 856/856/856
f 881/881/881 882/882/882 859/859/859
f 882/882/882 905/905/905 859/859/859
f 860/860/860 906/906/906 882/882/882
f 883/883/883 884/884/884 860/860/860
f 884/884/884 906/906/906 860/860/860
f 884/884/884 907/907/907 906/906/906
f 862/862/862 885/885/885 884/884/884
f 885/885/885 907/907/907 884/884/884
f 885/885/885 908/908/908 907/907/907
f 863/863/863 909/909/909 885/885/885
f 886/886/886 910/910/910 863/863/863
f 887/887/887 910/910/910 886/886/886
f 887/887/887 911/911/911 910/910/910
f 888/888/888 911/911/911 887/887/887
f 888/888/888 912/912/912 911/911/911
f 866/866/866 913/913/913 888/888/888
f 889/889/889 914/914/914 866/866/866
f 890/890/890 914/914/914 889/889/889
f 890/890/890 913/913/913 914/914/914
f 868/868/868 891/891/891 890/890/890
f 891/891/891 915/915/915 890/890/890
f 869/869/869 916/916/916 891/891/891
f 892/892/892 916/916/916 869/869/869
f 892/892/892 917/917/917 916/916/916
f 846/846/846 918/918/918 893/893/893
f 894/894/894 918/918/918 846/846/846
f 894/894/894 919/919/919 918/918/918
f 895/895/895 919/919/919 894/894/894
f 895/895/895 920/920/920 919/919/919
f 896/896/896 920/920/920 895/895/895
f 896/896/896 921/921/921 920/920/920
f 873/873/873 922/922/922 896/896/896
f 897/897/897 922/922/922 873/873/873
f 897/897/897 923/923/923 922/922/922
f 849/849/849 898/898/898 897/897/897
f 898/898/898 899/899/899 897/897/897
f 899/899/899 898/898/898 874/874/874
f 875/875/875 924/924/924 899/899/899
f 900/900/900 925/925/925 875/875/875
f 901/901/901 825/825/825 826/826/826
f 901/901/901 853/853/853 825/825/825
f 901/901/901 926/926/926 853/853/853
f 878/878/878 927/927/927 901/901/901
f 902/902/902 928/928/928 878/878/878
f 854/854/854 903/903/903 902/902/902
f 903/903/903 929/929/929 902/902/902
f 879/879/879 929/929/929 903/903/903
f 879/879/879 930/930/930 929/929/929
f 904/904/904 930/930/930 879/879/879
f 829/829/829 880/880/880 904/904/904
f 905/905/905 904/904/904 880/880/880
f 905/905/905 930/930/930 904/904/904
f 905/905/905 882/882/882 930/930/930
f 882/882/882 931/931/931 930/930/930
f 859/859/859 905/905/905 855/855/855
f 856/856/856 858/858/858 859/859/859
f 906/906/906 931/931/931 882/882/882
f 906/906/906 932/932/932 931/931/931
f 907/907/907 932/932/932 906/906/906
f 907/907/907 933/933/933 932/932/932
f 908/908/908 934/934/934 907/907/907
f 885/885/885 935/935/935 908/908/908
f 909/909/909 936/936/936 885/885/885
f 910/910/910 909/909/909 863/863/863
f 910/910/910 936/936/936 909/909/909
f 910/910/910 935/935/935 936/936/936
f 912/912/912 937/937/937 911/911/911
f 888/888/888 938/938/938 912/912/912
f 913/913/913 939/939/939 888/888/888
f 866/866/866 914/914/914 913/913/913
f 890/890/890 940/940/940 913/913/913
f 915/915/915 940/940/940 890/890/890
f 915/915/915 941/941/941 940/940/940
f 891/891/891 916/916/916 915/915/915
f 916/916/916 942/942/942 915/915/915
f 917/917/917 943/943/943 916/916/916
f 918/918/918 944/944/944 893/893/893
f 919/919/919 945/945/945 918/918/918
f 920/920/920 945/945/945 919/919/919
f 920/920/920 946/946/946 945/945/945
f 921/921/921 946/946/946 920/920/920
f 921/921/921 947/947/947 946/946/946
f 896/896/896 948/948/948 921/921/921
f 922/922/922 948/948/948 896/896/896
f 922/922/922 923/923/923 948/948/948
f 923/923/923 949/949/949 948/948/948
f 897/897/897 875/875/875 923/923/923
f 899/899/899 948/948/948 897/897/897
f 924/924/924 950/950/950 899/899/899
f 926/926/926 951/951/951 853/853/853
f 901/901/901 951/951/951 926/926/926
f 927/927/927 951/951/951 901/901/901
f 927/927/927 952/952/952 951/951/951
f 878/878/878 928/928/928 927/927/927
f 928/928/928 953/953/953 927/927/927
f 902/902/902 954/954/954 928/928/928
f 929/929/929 954/954/954 902/902/902
f 929/929/929 931/931/931 954/954/954
f 931/931/931 929/929/929 930/930/930
f 932/932/932 955/955/955 931/931/931
f 933/933/933 956/956/956 932/932/932
f 907/907/907 934/934/934 933/933/933
f 934/934/934 957/957/957 933/933/933
f 908/908/908 937/937/937 934/934/934
f 885/885/885 936/936/936 935/935/935
f 910/910/910 911/911/911 935/935/935
f 937/937/937 935/935/935 911/911/911
f 937/937/937 908/908/908 935/935/935
f 912/912/912 958/958/958 937/937/937
f 938/938/938 958/958/958 912/912/912
f 938/938/938 959/959/959 958/958/958
f 888/888/888 960/960/960 938/938/938
f 939/939/939 960/960/960 888/888/888
f 939/939/939 961/961/961 960/960/960
f 913/913/913 962/962/962 939/939/939
f 940/940/940 962/962/962 913/913/913
f 940/940/940 941/941/941 962/962/962
f 941/941/941 963/963/963 962/962/962
f 915/915/915 964/964/964 941/941/941
f 942/942/942 964/964/964 915/915/915
f 942/942/942 965/965/965 964/964/964
f 916/916/916 943/943/943 942/942/942
f 943/943/943 966/966/966 942/942/942
f 918/918/918 967/967/967 944/944/944
f 945/945/945 967/967/967 918/918/918
f 945/945/945 968/968/968 967/967/967
f 946/946/946 968/968/968 945/945/945
f 946/946/946 969/969/969 968/968/968
f 947/947/947 970/970/970 946/946/946
f 948/948/948 947/947/947 921/921/921
f 948/948/948 971/971/971 947/947/947
f 949/949/949 972/972/972 948/948/948
f 923/923/923 973/973/973 949/949/949
f 875/875/875 974/974/974 923/923/923
f 950/950/950 974/974/974 899/899/899
f 924/924/924 975/975/975 950/950/950
f 951/951/951 877/877/877 853/853/853
f 951/951/951 976/976/976 877/877/877
f 952/952/952 976/976/976 951/951/951
f 952/952/952 977/977/977 976/976/976
f 927/927/927 978/978/978 952/952/952
f 953/953/953 978/978/978 927/927/927
f 953/953/953 979/979/979 978/978/978
f 928/928/928 954/954/954 953/953/953
f 954/954/954 980/980/980 953/953/953
f 931/931/931 980/980/980 954/954/954
f 931/931/931 981/981/981 980/980/980
f 955/955/955 982/982/982 931/931/931
f 932/932/932 981/981/981 955/955/955
f 933/933/933 983/983/983 956/956/956
f 957/957/957 983/983/983 933/933/933
f 957/957/957 958/958/958 983/983/983
f 934/934/934 937/937/937 957/957/957
f 958/958/958 957/957/957 937/937/937
f 959/959/959 983/983/983 958/958/958
f 959/959/959 984/984/984 983/983/983
f 938/938/938 960/960/960 959/959/959
f 960/960/960 985/985/985 959/959/959
f 961/961/961 985/985/985 960/960/960
f 961/961/961 986/986/986 985/985/985
f 939/939/939 987/987/987 961/961/961
f 962/962/962 988/988/988 939/939/939
f 963/963/963 989/989/989 962/962/962
f 941/941/941 964/964/964 963/963/963
f 964/964/964 989/989/989 963/963/963
f 964/964/964 990/990/990 989/989/989
f 965/965/965 990/990/990 964/964/964
f 965/965/965 991/991/991 990/990/990
f 942/942/942 966/966/966 965/965/965
f 966/966/966 992/992/992 965/965/965
f 967/967/967 993/993/993 944/944/944
f 968/968/968 994/994/994 967/967/967
f 969/969/969 995/995/995 968/968/968
f 946/946/946 970/970/970 969/969/969
f 970/970/970 996/996/996 969/969/969
f 947/947/947 971/971/971 970/970/970
f 971/971/971 997/997/997 970/970/970
f 949/949/949 998/998/998 972/972/972
f 973/973/973 999/999/999 949/949/949
f 923/923/923 899/899/899 973/973/973
f 974/974/974 973/973/973 899/899/899
f 974/974/974 975/975/975 973/973/973
f 924/924/924 1000/1000/1000 975/975/975
f 976/976/976 900/900/900 877/877/877
f 976/976/976 1001/1001/1001 900/900/900
f 977/977/977 1002/1002/1002 976/976/976
f 952/952/952 978/978/978 977/977/977
f 978/978/978 1002/1002/1002 977/977/977
f 978/978/978 1003/1003/1003 1002/1002/1002
f 979/979/979 1004/1004/1004 978/978/978
f 953/953/953 1005/1005/1005 979/979/979
f 980/980/980 1005/1005/1005 953/953/953
f 980/980/980 1006/1006/1006 1005/1005/1005
f 981/981/981 1007/1007/1007 980/980/980
f 982/982/982 1008/1008/1008 931/931/931
f 955/955/955 1009/1009/1009 982/982/982
f 932/932/932 956/956/956 981/981/981
f 956/956/956 1010/1010/1010 981/981/981
f 983/983/983 1010/1010/1010 956/956/956
f 983/983/983 984/984/984 1010/1010/1010
f 984/984/984 1011/1011/1011 1010/1010/1010
f 959/959/959 985/985/985 984/984/984
f 985/985/985 986/986/986 984/984/984
f 986/986/986 1012/1012/1012 984/984/984
f 961/961/961 987/987/987 986/986/986
f 987/987/987 1013/1013/1013 986/986/986
f 939/939/939 1014/1014/1014 987/987/987
f 988/988/988 1015/1015/1015 939/939/939
f 962/962/962 989/989/989 988/988/988
f 989/989/989 1016/1016/1016 988/988/988
f 990/990/990 1017/1017/1017 989/989/989
f 991/991/991 1017/1017/1017 990/990/990
f 991/991/991 1018/1018/1018 1017/1017/1017
f 965/965/965 1019/1019/1019 991/991/991
f 992/992/992 1019/1019/1019 965/965/965
f 992/992/992 1020/1020/1020 1019/1019/1019
f 993/993/993 1021/1021/1021 944/944/944
f 967/967/967 1022/1022/1022 993/993/993
f 994/994/994 1022/1022/1022 967/967/967
f 994/994/994 993/993/993 1022/1022/1022
f 994/994/994 1023/1023/1023 993/993/993
f 968/968/968 1024/1024/1024 994/994/994
f 995/995/995 1025/1025/1025 968/968/968
f 969/969/969 1026/1026/1026 995/995/995
f 996/996/996 1026/1026/1026 969/969/969
f 996/996/996 1027/1027/1027 1026/1026/1026
f 970/970/970 997/997/997 996/996/996
f 997/997/997 1028/1028/1028 996/996/996
f 971/971/971 1029/1029/1029 997/997/997
f 998/998/998 1030/1030/1030 972/972/972
f 949/949/949 999/999/999 998/998/998
f 999/999/999 1031/1031/1031 998/998/998
f 973/973/973 1032/1032/1032 999/999/999
f 975/975/975 1033/1033/1033 973/973/973
f 974/974/974 950/950/950 975/975/975
f 1000/1000/1000 1034/1034/1034 975/975/975
f 924/924/924 925/925/925 1000/1000/1000
f 976/976/976 1003/1003/1003 1001/1001/1001
f 1003/1003/1003 976/976/976 1002/1002/1002
f 978/978/978 1035/1035/1035 1003/1003/1003
f 1004/1004/1004 1036/1036/1036 978/978/978
f 979/979/979 1037/1037/1037 1004/1004/1004
f 1005/1005/1005 1006/1006/1006 979/979/979
f 1006/1006/1006 1037/1037/1037 979/979/979
f 1006/1006/1006 1038/1038/1038 1037/1037/1037
f 980/980/980 1007/1007/1007 1006/1006/1006
f 1007/1007/1007 1011/1011/1011 1006/1006/1006
f 984/984/984 1012/1012/1012 1011/1011/1011
f 1012/1012/1012 1038/1038/1038 1011/1011/1011
f 986/986/986 1013/1013/1013 1012/1012/1012
f 1013/1013/1013 1039/1039/1039 1012/1012/1012
f 987/987/987 1040/1040/1040 1013/1013/1013
f 1014/1014/1014 1040/1040/1040 987/987/987
f 1014/1014/1014 1041/1041/1041 1040/1040/1040
f 939/939/939 1042/1042/1042 1014/1014/1014
f 1015/1015/1015 1043/1043/1043 939/939/939
f 988/988/988 1016/1016/1016 1015/1015/1015
f 1016/1016/1016 1044/1044/1044 1015/1015/1015
f 989/989/989 1044/1044/1044 1016/1016/1016
f 989/989/989 1017/1017/1017 1044/1044/1044
f 1017/1017/1017 1045/1045/1045 1044/1044/1044
f 1018/1018/1018 1045/1045/1045 1017/1017/1017
f 1018/1018/1018 1046/1046/1046 1045/1045/1045
f 991/991/991 1047/1047/1047 1018/1018/1018
f 1019/1019/1019 1047/1047/1047 991/991/991
f 1019/1019/1019 1048/1048/1048 1047/1047/1047
f 1020/1020/1020 1048/1048/1048 1019/1019/1019
f 1020/1020/1020 1049/1049/1049 1048/1048/1048
f 993/993/993 1023/1023/1023 1021/1021/1021
f 994/994/994 1024/1024/1024 1023/1023/1023
f 1024/1024/1024 1025/1025/1025 1023/1023/1023
f 1025/1025/1025 1024/1024/1024 968/968/968
f 995/995/995 1050/1050/1050 1025/1025/1025
f 1026/1026/1026 1050/1050/1050 995/995/995
f 1026/1026/1026 1051/1051/1051 1050/1050/1050
f 1027/1027/1027 1051/1051/1051 1026/1026/1026
f 1027/1027/1027 1052/1052/1052 1051/1051/1051
f 996/996/996 1028/1028/1028 1027/1027/1027
f 1028/1028/1028 1053/1053/1053 1027/1027/1027
f 997/997/997 1029/1029/1029 1028/1028/1028
f 1029/1029/1029 1054/1054/1054 1028/1028/1028
f 971/971/971 972/972/972 1029/1029/1029
f 1030/1030/1030 1029/1029/1029 972/972/972
f 1030/1030/1030 1055/1055/1055 1029/1029/1029
f 998/998/998 1031/1031/1031 1030/1030/1030
f 1031/1031/1031 1056/1056/1056 1030/1030/1030
f 999/999/999 1032/1032/1032 1031/1031/1031
f 1032/1032/1032 1057/1057/1057 1031/1031/1031
f 973/973/973 1033/1033/1033 1032/1032/1032
f 1033/1033/1033 1058/1058/1058 1032/1032/1032
f 975/975/975 1059/1059/1059 1033/1033/1033
f 1034/1034/1034 1059/1059/1059 975/975/975
f 1034/1034/1034 1060/1060/1060 1059/1059/1059
f 1000/1000/1000 1003/1003/1003 1034/1034/1034
f 925/925/925 1001/1001/1001 1000/1000/1000
f 1003/1003/1003 1000/1000/1000 1001/1001/1001
f 1035/1035/1035 1034/1034/1034 1003/1003/1003
f 1035/1035/1035 1061/1061/1061 1034/1034/1034
f 978/978/978 1036/1036/1036 1035/1035/1035
f 1036/1036/1036 1062/1062/1062 1035/1035/1035
f 1004/1004/1004 1063/1063/1063 1036/1036/1036
f 1037/1037/1037 1063/1063/1063 1004/1004/1004
f 1037/1037/1037 1064/1064/1064 1063/1063/1063
f 1038/1038/1038 1064/1064/1064 1037/1037/1037
f 1038/1038/1038 1039/1039/1039 1064/1064/1064
f 1038/1038/1038 1006/1006/1006 1011/1011/1011
f 1039/1039/1039 1038/1038/1038 1012/1012/1012
f 1013/1013/1013 1040/1040/1040 1039/1039/1039
f 1040/1040/1040 1065/1065/1065 1039/1039/1039
f 1041/1041/1041 1065/1065/1065 1040/1040/1040
f 1041/1041/1041 1066/1066/1066 1065/1065/1065
f 1014/1014/1014 1042/1042/1042 1041/1041/1041
f 1042/1042/1042 1067/1067/1067 1041/1041/1041
f 939/939/939 1068/1068/1068 1042/1042/1042
f 1015/1015/1015 1046/1046/1046 1043/1043/1043
f 1044/1044/1044 1045/1045/1045 1015/1015/1015
f 1046/1046/1046 1015/1015/1015 1045/1045/1045
f 1018/1018/1018 1069/1069/1069 1046/1046/1046
f 1047/1047/1047 1069/1069/1069 1018/1018/1018
f 1047/1047/1047 1070/1070/1070 1069/1069/1069
f 1048/1048/1048 1070/1070/1070 1047/1047/1047
f 1048/1048/1048 1071/1071/1071 1070/1070/1070
f 1049/1049/1049 1071/1071/1071 1048/1048/1048
f 1049/1049/1049 1072/1072/1072 1071/1071/1071
f 1025/1025/1025 1073/1073/1073 1023/1023/1023
f 1050/1050/1050 1074/1074/1074 1025/1025/1025
f 1051/1051/1051 1075/1075/1075 1050/1050/1050
f 1052/1052/1052 1075/1075/1075 1051/1051/1051
f 1052/1052/1052 1076/1076/1076 1075/1075/1075
f 1027/1027/1027 1053/1053/1053 1052/1052/1052
f 1053/1053/1053 1077/1077/1077 1052/1052/1052
f 1028/1028/1028 1054/1054/1054 1053/1053/1053
f 1054/1054/1054 1078/1078/1078 1053/1053/1053
f 1029/1029/1029 1055/1055/1055 1054/1054/1054
f 1055/1055/1055 1078/1078/1078 1054/1054/1054
f 1055/1055/1055 1079/1079/1079 1078/1078/1078
f 1030/1030/1030 1056/1056/1056 1055/1055/1055
f 1056/1056/1056 1080/1080/1080 1055/1055/1055
f 1031/1031/1031 1081/1081/1081 1056/1056/1056
f 1057/1057/1057 1081/1081/1081 1031/1031/1031
f 1057/1057/1057 1082/1082/1082 1081/1081/1081
f 1032/1032/1032 1058/1058/1058 1057/1057/1057
f 1058/1058/1058 1060/1060/1060 1057/1057/1057
f 1033/1033/1033 1034/1034/1034 1058/1058/1058
f 1059/1059/1059 1081/1081/1081 1033/1033/1033
f 1034/1034/1034 1083/1083/1083 1060/1060/1060
f 925/925/925 900/900/900 1001/1001/1001
f 1061/1061/1061 1084/1084/1084 1034/1034/1034
f 1035/1035/1035 1085/1085/1085 1061/1061/1061
f 1062/1062/1062 1085/1085/1085 1035/1035/1035
f 1062/1062/1062 1086/1086/1086 1085/1085/1085
f 1036/1036/1036 1087/1087/1087 1062/1062/1062
f 1063/1063/1063 1087/1087/1087 1036/1036/1036
f 1063/1063/1063 1088/1088/1088 1087/1087/1087
f 1064/1064/1064 1088/1088/1088 1063/1063/1063
f 1064/1064/1064 1066/1066/1066 1088/1088/1088
f 1039/1039/1039 1065/1065/1065 1064/1064/1064
f 1066/1066/1066 1064/1064/1064 1065/1065/1065
f 1041/1041/1041 1067/1067/1067 1066/1066/1066
f 1067/1067/1067 1089/1089/1089 1066/1066/1066
f 1042/1042/1042 1090/1090/1090 1067/1067/1067
f 1068/1068/1068 1091/1091/1091 1042/1042/1042
f 1046/1046/1046 1092/1092/1092 1043/1043/1043
f 1069/1069/1069 1093/1093/1093 1046/1046/1046
f 1070/1070/1070 1094/1094/1094 1069/1069/1069
f 1071/1071/1071 1095/1095/1095 1070/1070/1070
f 1072/1072/1072 1096/1096/1096 1071/1071/1071
f 1025/1025/1025 1074/1074/1074 1073/1073/1073
f 1074/1074/1074 1097/1097/1097 1073/1073/1073
f 1050/1050/1050 1098/1098/1098 1074/1074/1074
f 1075/1075/1075 1098/1098/1098 1050/1050/1050
f 1075/1075/1075 1099/1099/1099 1098/1098/1098
f 1076/1076/1076 1099/1099/1099 1075/1075/1075
f 1076/1076/1076 1100/1100/1100 1099/1099/1099
f 1052/1052/1052 1101/1101/1101 1076/1076/1076
f 1077/1077/1077 1101/1101/1101 1052/1052/1052
f 1077/1077/1077 1079/1079/1079 1101/1101/1101
f 1053/1053/1053 1078/1078/1078 1077/1077/1077
f 1079/1079/1079 1077/1077/1077 1078/1078/1078
f 1055/1055/1055 1102/1102/1102 1079/1079/1079
f 1080/1080/1080 1103/1103/1103 1055/1055/1055
f 1081/1081/1081 1080/1080/1080 1056/1056/1056
f 1081/1081/1081 1104/1104/1104 1080/1080/1080
f 1082/1082/1082 1105/1105/1105 1081/1081/1081
f 1060/1060/1060 1082/1082/1082 1057/1057/1057
f 1060/1060/1060 1106/1106/1106 1082/1082/1082
f 1081/1081/1081 1107/1107/1107 1033/1033/1033
f 1083/1083/1083 1106/1106/1106 1060/1060/1060
f 1083/1083/1083 1084/1084/1084 1106/1106/1106
f 1084/1084/1084 1083/1083/1083 1034/1034/1034
f 1061/1061/1061 1085/1085/1085 1084/1084/1084
f 1085/1085/1085 1106/1106/1106 1084/1084/1084
f 1085/1085/1085 1108/1108/1108 1106/1106/1106
f 1086/1086/1086 1108/1108/1108 1085/1085/1085
f 1086/1086/1086 1109/1109/1109 1108/1108/1108
f 1062/1062/1062 1087/1087/1087 1086/1086/1086
f 1087/1087/1087 1088/1088/1088 1086/1086/1086
f 1088/1088/1088 1109/1109/1109 1086/1086/1086
f 1088/1088/1088 1089/1089/1089 1109/1109/1109
f 1089/1089/1089 1088/1088/1088 1066/1066/1066
f 1067/1067/1067 1090/1090/1090 1089/1089/1089
f 1090/1090/1090 1110/1110/1110 1089/1089/1089
f 1042/1042/1042 1111/1111/1111 1090/1090/1090
f 1091/1091/1091 1111/1111/1111 1042/1042/1042
f 1091/1091/1091 1110/1110/1110 1111/1111/1111
f 1068/1068/1068 1112/1112/1112 1091/1091/1091
f 1092/1092/1092 1068/1068/1068 1043/1043/1043
f 1046/1046/1046 1093/1093/1093 1092/1092/1092
f 1093/1093/1093 1113/1113/1113 1092/1092/1092
f 1069/1069/1069 1094/1094/1094 1093/1093/1093
f 1094/1094/1094 1114/1114/1114 1093/1093/1093
f 1070/1070/1070 1095/1095/1095 1094/1094/1094
f 1095/1095/1095 1115/1115/1115 1094/1094/1094
f 1071/1071/1071 1096/1096/1096 1095/1095/1095
f 1096/1096/1096 1116/1116/1116 1095/1095/1095
f 1072/1072/1072 1117/1117/1117 1096/1096/1096
f 1074/1074/1074 1118/1118/1118 1097/1097/1097
f 1098/1098/1098 1118/1118/1118 1074/1074/1074
f 1098/1098/1098 1119/1119/1119 1118/1118/1118
f 1099/1099/1099 1119/1119/1119 1098/1098/1098
f 1099/1099/1099 1120/1120/1120 1119/1119/1119
f 1100/1100/1100 1120/1120/1120 1099/1099/1099
f 1100/1100/1100 1121/1121/1121 1120/1120/1120
f 1076/1076/1076 1122/1122/1122 1100/1100/1100
f 1101/1101/1101 1122/1122/1122 1076/1076/1076
f 1101/1101/1101 1123/1123/1123 1122/1122/1122
f 1079/1079/1079 1124/1124/1124 1101/1101/1101
f 1102/1102/1102 1124/1124/1124 1079/1079/1079
f 1102/1102/1102 1125/1125/1125 1124/1124/1124
f 1055/1055/1055 1125/1125/1125 1102/1102/1102
f 1055/1055/1055 1103/1103/1103 1125/1125/1125
f 1103/1103/1103 1126/1126/1126 1125/1125/1125
f 1080/1080/1080 1127/1127/1127 1103/1103/1103
f 1104/1104/1104 1127/1127/1127 1080/1080/1080
f 1104/1104/1104 1128/1128/1128 1127/1127/1127
f 1081/1081/1081 1129/1129/1129 1104/1104/1104
f 1105/1105/1105 1130/1130/1130 1081/1081/1081
f 1082/1082/1082 1131/1131/1131 1105/1105/1105
f 1106/1106/1106 1132/1132/1132 1082/1082/1082
f 1107/1107/1107 974/974/974 1033/1033/1033
f 1081/1081/1081 1133/1133/1133 1107/1107/1107
f 1108/1108/1108 1131/1131/1131 1106/1106/1106
f 1109/1109/1109 1134/1134/1134 1108/1108/1108
f 1110/1110/1110 1109/1109/1109 1089/1089/1089
f 1110/1110/1110 1135/1135/1135 1109/1109/1109
f 1090/1090/1090 1111/1111/1111 1110/1110/1110
f 1091/1091/1091 1135/1135/1135 1110/1110/1110
f 1091/1091/1091 1136/1136/1136 1135/1135/1135
f 1112/1112/1112 1137/1137/1137 1091/1091/1091
f 1068/1068/1068 1138/1138/1138 1112/1112/1112
f 1068/1068/1068 1139/1139/1139 1043/1043/1043
f 1092/1092/1092 1113/1113/1113 1068/1068/1068
f 1113/1113/1113 1140/1140/1140 1068/1068/1068
f 1093/1093/1093 1114/1114/1114 1113/1113/1113
f 1114/1114/1114 1140/1140/1140 1113/1113/1113
f 1114/1114/1114 1141/1141/1141 1140/1140/1140
f 1094/1094/1094 1115/1115/1115 1114/1114/1114
f 1115/1115/1115 1141/1141/1141 1114/1114/1114
f 1115/1115/1115 1142/1142/1142 1141/1141/1141
f 1095/1095/1095 1116/1116/1116 1115/1115/1115
f 1116/1116/1116 1142/1142/1142 1115/1115/1115
f 1116/1116/1116 1143/1143/1143 1142/1142/1142
f 1096/1096/1096 1144/1144/1144 1116/1116/1116
f 1117/1117/1117 1144/1144/1144 1096/1096/1096
f 1117/1117/1117 1145/1145/1145 1144/1144/1144
f 1118/1118/1118 1146/1146/1146 1097/1097/1097
f 1119/1119/1119 1146/1146/1146 1118/1118/1118
f 1119/1119/1119 1147/1147/1147 1146/1146/1146
f 1120/1120/1120 1148/1148/1148 1119/1119/1119
f 1121/1121/1121 1149/1149/1149 1120/1120/1120
f 1100/1100/1100 1150/1150/1150 1121/1121/1121
f 1122/1122/1122 1150/1150/1150 1100/1100/1100
f 1122/1122/1122 1151/1151/1151 1150/1150/1150
f 1123/1123/1123 1151/1151/1151 1122/1122/1122
f 1123/1123/1123 1126/1126/1126 1151/1151/1151
f 1101/1101/1101 1124/1124/1124 1123/1123/1123
f 1124/1124/1124 1125/1125/1125 1123/1123/1123
f 1126/1126/1126 1123/1123/1123 1125/1125/1125
f 1103/1103/1103 1152/1152/1152 1126/1126/1126
f 1127/1127/1127 1153/1153/1153 1103/1103/1103
f 1128/1128/1128 1154/1154/1154 1127/1127/1127
f 1104/1104/1104 1155/1155/1155 1128/1128/1128
f 1129/1129/1129 1156/1156/1156 1104/1104/1104
f 1105/1105/1105 1157/1157/1157 1130/1130/1130
f 1131/1131/1131 1157/1157/1157 1105/1105/1105
f 1131/1131/1131 1158/1158/1158 1157/1157/1157
f 1132/1132/1132 1159/1159/1159 1082/1082/1082
f 1106/1106/1106 1160/1160/1160 1132/1132/1132
f 974/974/974 924/924/924 1033/1033/1033
f 1081/1081/1081 1103/1103/1103 1133/1133/1133
f 1108/1108/1108 1134/1134/1134 1131/1131/1131
f 1134/1134/1134 1158/1158/1158 1131/1131/1131
f 1134/1134/1134 1161/1161/1161 1158/1158/1158
f 1109/1109/1109 1136/1136/1136 1134/1134/1134
f 1091/1091/1091 1137/1137/1137 1136/1136/1136
f 1137/1137/1137 1162/1162/1162 1136/1136/1136
f 1112/1112/1112 1163/1163/1163 1137/1137/1137
f 1138/1138/1138 1164/1164/1164 1112/1112/1112
f 1068/1068/1068 1164/1164/1164 1138/1138/1138
f 1068/1068/1068 1140/1140/1140 1164/1164/1164
f 1140/1140/1140 1141/1141/1141 1164/1164/1164
f 1141/1141/1141 1165/1165/1165 1164/1164/1164
f 1139/1139/1139 1141/1141/1141 1043/1043/1043
f 1143/1143/1143 1166/1166/1166 1142/1142/1142
f 1144/1144/1144 1145/1145/1145 1116/1116/1116
f 1145/1145/1145 1143/1143/1143 1116/1116/1116
f 1145/1145/1145 1167/1167/1167 1143/1143/1143
f 1117/1117/1117 1168/1168/1168 1145/1145/1145
f 1146/1146/1146 1169/1169/1169 1097/1097/1097
f 1147/1147/1147 1170/1170/1170 1146/1146/1146
f 1119/1119/1119 1148/1148/1148 1147/1147/1147
f 1148/1148/1148 1170/1170/1170 1147/1147/1147
f 1148/1148/1148 1171/1171/1171 1170/1170/1170
f 1120/1120/1120 1149/1149/1149 1148/1148/1148
f 1149/1149/1149 1172/1172/1172 1148/1148/1148
f 1121/1121/1121 1173/1173/1173 1149/1149/1149
f 1150/1150/1150 1173/1173/1173 1121/1121/1121
f 1150/1150/1150 1151/1151/1151 1173/1173/1173
f 1151/1151/1151 1174/1174/1174 1173/1173/1173
f 1126/1126/1126 1175/1175/1175 1151/1151/1151
f 1152/1152/1152 1175/1175/1175 1126/1126/1126
f 1152/1152/1152 1176/1176/1176 1175/1175/1175
f 1103/1103/1103 1177/1177/1177 1152/1152/1152
f 1127/1127/1127 1154/1154/1154 1153/1153/1153
f 1154/1154/1154 1178/1178/1178 1153/1153/1153
f 1128/1128/1128 1179/1179/1179 1154/1154/1154
f 1155/1155/1155 1180/1180/1180 1128/1128/1128
f 1104/1104/1104 1180/1180/1180 1155/1155/1155
f 1104/1104/1104 1130/1130/1130 1180/1180/1180
f 1129/1129/1129 1179/1179/1179 1156/1156/1156
f 1157/1157/1157 1181/1181/1181 1130/1130/1130
f 1158/1158/1158 1182/1182/1182 1157/1157/1157
f 1159/1159/1159 1129/1129/1129 1082/1082/1082
f 1132/1132/1132 1160/1160/1160 1159/1159/1159
f 1160/1160/1160 1158/1158/1158 1159/1159/1159
f 1161/1161/1161 1183/1183/1183 1158/1158/1158
f 1136/1136/1136 1161/1161/1161 1134/1134/1134
f 1136/1136/1136 1162/1162/1162 1161/1161/1161
f 1162/1162/1162 1184/1184/1184 1161/1161/1161
f 1109/1109/1109 1135/1135/1135 1136/1136/1136
f 1137/1137/1137 1163/1163/1163 1162/1162/1162
f 1163/1163/1163 1185/1185/1185 1162/1162/1162
f 1112/1112/1112 1164/1164/1164 1163/1163/1163
f 1164/1164/1164 1186/1186/1186 1163/1163/1163
f 1165/1165/1165 1186/1186/1186 1164/1164/1164
f 1165/1165/1165 1187/1187/1187 1186/1186/1186
f 1141/1141/1141 1186/1186/1186 1043/1043/1043
f 1166/1166/1166 1165/1165/1165 1142/1142/1142
f 1143/1143/1143 1188/1188/1188 1166/1166/1166
f 1167/1167/1167 1188/1188/1188 1143/1143/1143
f 1167/1167/1167 1189/1189/1189 1188/1188/1188
f 1145/1145/1145 1168/1168/1168 1167/1167/1167
f 1168/1168/1168 1189/1189/1189 1167/1167/1167
f 1168/1168/1168 1190/1190/1190 1189/1189/1189
f 1146/1146/1146 1191/1191/1191 1169/1169/1169
f 1170/1170/1170 1191/1191/1191 1146/1146/1146
f 1170/1170/1170 1171/1171/1171 1191/1191/1191
f 1171/1171/1171 1192/1192/1192 1191/1191/1191
f 1148/1148/1148 1193/1193/1193 1171/1171/1171
f 1172/1172/1172 1193/1193/1193 1148/1148/1148
f 1172/1172/1172 1194/1194/1194 1193/1193/1193
f 1149/1149/1149 1195/1195/1195 1172/1172/1172
f 1173/1173/1173 1195/1195/1195 1149/1149/1149
f 1173/1173/1173 1174/1174/1174 1195/1195/1195
f 1174/1174/1174 1196/1196/1196 1195/1195/1195
f 1151/1151/1151 1197/1197/1197 1174/1174/1174
f 1175/1175/1175 1197/1197/1197 1151/1151/1151
f 1175/1175/1175 1176/1176/1176 1197/1197/1197
f 1176/1176/1176 1198/1198/1198 1197/1197/1197
f 1152/1152/1152 1177/1177/1177 1176/1176/1176
f 1177/1177/1177 1199/1199/1199 1176/1176/1176
f 1178/1178/1178 1177/1177/1177 1153/1153/1153
f 1154/1154/1154 1200/1200/1200 1178/1178/1178
f 1179/1179/1179 1200/1200/1200 1154/1154/1154
f 1179/1179/1179 1201/1201/1201 1200/1200/1200
f 1128/1128/1128 1180/1180/1180 1179/1179/1179
f 1180/1180/1180 1202/1202/1202 1179/1179/1179
f 1130/1130/1130 1202/1202/1202 1180/1180/1180
f 1130/1130/1130 1181/1181/1181 1202/1202/1202
f 1181/1181/1181 1203/1203/1203 1202/1202/1202
f 1179/1179/1179 1178/1178/1178 1156/1156/1156
f 1129/1129/1129 1159/1159/1159 1179/1179/1179
f 1159/1159/1159 1181/1181/1181 1179/1179/1179
f 1157/1157/1157 1182/1182/1182 1181/1181/1181
f 1160/1160/1160 1204/1204/1204 1158/1158/1158
f 1161/1161/1161 1184/1184/1184 1183/1183/1183
f 1184/1184/1184 1205/1205/1205 1183/1183/1183
f 1162/1162/1162 1185/1185/1185 1184/1184/1184
f 1185/1185/1185 1206/1206/1206 1184/1184/1184
f 1186/1186/1186 1185/1185/1185 1163/1163/1163
f 1186/1186/1186 1207/1207/1207 1185/1185/1185
f 1165/1165/1165 1166/1166/1166 1187/1187/1187
f 1166/1166/1166 1208/1208/1208 1187/1187/1187
f 1188/1188/1188 1209/1209/1209 1166/1166/1166
f 1189/1189/1189 1210/1210/1210 1188/1188/1188
f 1190/1190/1190 1210/1210/1210 1189/1189/1189
f 1190/1190/1190 1211/1211/1211 1210/1210/1210
f 1168/1168/1168 1212/1212/1212 1190/1190/1190
f 1191/1191/1191 1192/1192/1192 1169/1169/1169
f 1171/1171/1171 1213/1213/1213 1192/1192/1192
f 1193/1193/1193 1213/1213/1213 1171/1171/1171
f 1193/1193/1193 1214/1214/1214 1213/1213/1213
f 1194/1194/1194 1215/1215/1215 1193/1193/1193
f 1172/1172/1172 1216/1216/1216 1194/1194/1194
f 1195/1195/1195 1216/1216/1216 1172/1172/1172
f 1195/1195/1195 1196/1196/1196 1216/1216/1216
f 1196/1196/1196 1217/1217/1217 1216/1216/1216
f 1174/1174/1174 1197/1197/1197 1196/1196/1196
f 1197/1197/1197 1218/1218/1218 1196/1196/1196
f 1198/1198/1198 1218/1218/1218 1197/1197/1197
f 1198/1198/1198 1219/1219/1219 1218/1218/1218
f 1176/1176/1176 1220/1220/1220 1198/1198/1198
f 1199/1199/1199 1221/1221/1221 1176/1176/1176
f 1177/1177/1177 1222/1222/1222 1199/1199/1199
f 1178/1178/1178 1223/1223/1223 1177/1177/1177
f 1200/1200/1200 1224/1224/1224 1178/1178/1178
f 1201/1201/1201 1225/1225/1225 1200/1200/1200
f 1203/1203/1203 1226/1226/1226 1202/1202/1202
f 1178/1178/1178 1104/1104/1104 1156/1156/1156
f 1178/1178/1178 1227/1227/1227 1104/1104/1104
f 1159/1159/1159 1131/1131/1131 1181/1181/1181
f 1204/1204/1204 1228/1228/1228 1158/1158/1158
f 1160/1160/1160 1229/1229/1229 1204/1204/1204
f 1205/1205/1205 1230/1230/1230 1183/1183/1183
f 1184/1184/1184 1206/1206/1206 1205/1205/1205
f 1206/1206/1206 1231/1231/1231 1205/1205/1205
f 1185/1185/1185 1207/1207/1207 1206/1206/1206
f 1207/1207/1207 1232/1232/1232 1206/1206/1206
f 1208/1208/1208 1207/1207/1207 1187/1187/1187
f 1166/1166/1166 1209/1209/1209 1208/1208/1208
f 1209/1209/1209 1233/1233/1233 1208/1208/1208
f 1188/1188/1188 1210/1210/1210 1209/1209/1209
f 1210/1210/1210 1234/1234/1234 1209/1209/1209
f 1211/1211/1211 1234/1234/1234 1210/1210/1210
f 1211/1211/1211 1235/1235/1235 1234/1234/1234
f 1190/1190/1190 1236/1236/1236 1211/1211/1211
f 1212/1212/1212 1236/1236/1236 1190/1190/1190
f 1212/1212/1212 1237/1237/1237 1236/1236/1236
f 1213/1213/1213 1238/1238/1238 1192/1192/1192
f 1214/1214/1214 1238/1238/1238 1213/1213/1213
f 1214/1214/1214 1239/1239/1239 1238/1238/1238
f 1193/1193/1193 1215/1215/1215 1214/1214/1214
f 1215/1215/1215 1239/1239/1239 1214/1214/1214
f 1215/1215/1215 1240/1240/1240 1239/1239/1239
f 1194/1194/1194 1241/1241/1241 1215/1215/1215
f 1216/1216/1216 1241/1241/1241 1194/1194/1194
f 1216/1216/1216 1217/1217/1217 1241/1241/1241
f 1217/1217/1217 1242/1242/1242 1241/1241/1241
f 1196/1196/1196 1218/1218/1218 1217/1217/1217
f 1218/1218/1218 1243/1243/1243 1217/1217/1217
f 1219/1219/1219 1243/1243/1243 1218/1218/1218
f 1219/1219/1219 1244/1244/1244 1243/1243/1243
f 1198/1198/1198 1245/1245/1245 1219/1219/1219
f 1220/1220/1220 1246/1246/1246 1198/1198/1198
f 1176/1176/1176 1221/1221/1221 1220/1220/1220
f 1221/1221/1221 1247/1247/1247 1220/1220/1220
f 1199/1199/1199 1222/1222/1222 1221/1221/1221
f 1222/1222/1222 1247/1247/1247 1221/1221/1221
f 1222/1222/1222 1248/1248/1248 1247/1247/1247
f 1177/1177/1177 1223/1223/1223 1222/1222/1222
f 1223/1223/1223 1249/1249/1249 1222/1222/1222
f 1178/1178/1178 1249/1249/1249 1223/1223/1223
f 1178/1178/1178 1250/1250/1250 1249/1249/1249
f 1200/1200/1200 1225/1225/1225 1224/1224/1224
f 1225/1225/1225 1250/1250/1250 1224/1224/1224
f 1201/1201/1201 1251/1251/1251 1225/1225/1225
f 1226/1226/1226 1201/1201/1201 1202/1202/1202
f 1203/1203/1203 1230/1230/1230 1226/1226/1226
f 1159/1159/1159 1252/1252/1252 1131/1131/1131
f 1204/1204/1204 1229/1229/1229 1228/1228/1228
f 1230/1230/1230 1182/1182/1182 1183/1183/1183
f 1231/1231/1231 1253/1253/1253 1205/1205/1205
f 1206/1206/1206 1254/1254/1254 1231/1231/1231
f 1232/1232/1232 1254/1254/1254 1206/1206/1206
f 1232/1232/1232 1233/1233/1233 1254/1254/1254
f 1207/1207/1207 1255/1255/1255 1232/1232/1232
f 1208/1208/1208 1255/1255/1255 1207/1207/1207
f 1233/1233/1233 1255/1255/1255 1208/1208/1208
f 1233/1233/1233 1232/1232/1232 1255/1255/1255
f 1209/1209/1209 1234/1234/1234 1233/1233/1233
f 1234/1234/1234 1256/1256/1256 1233/1233/1233
f 1235/1235/1235 1256/1256/1256 1234/1234/1234
f 1235/1235/1235 1257/1257/1257 1256/1256/1256
f 1211/1211/1211 1258/1258/1258 1235/1235/1235
f 1236/1236/1236 1258/1258/1258 1211/1211/1211
f 1236/1236/1236 1237/1237/1237 1258/1258/1258
f 1237/1237/1237 1259/1259/1259 1258/1258/1258
f 1212/1212/1212 1260/1260/1260 1237/1237/1237
f 1238/1238/1238 1261/1261/1261 1192/1192/1192
f 1239/1239/1239 1261/1261/1261 1238/1238/1238
f 1239/1239/1239 1262/1262/1262 1261/1261/1261
f 1240/1240/1240 1262/1262/1262 1239/1239/1239
f 1240/1240/1240 1263/1263/1263 1262/1262/1262
f 1215/1215/1215 1264/1264/1264 1240/1240/1240
f 1241/1241/1241 1264/1264/1264 1215/1215/1215
f 1241/1241/1241 1242/1242/1242 1264/1264/1264
f 1242/1242/1242 1265/1265/1265 1264/1264/1264
f 1217/1217/1217 1243/1243/1243 1242/1242/1242
f 1243/1243/1243 1244/1244/1244 1242/1242/1242
f 1244/1244/1244 1265/1265/1265 1242/1242/1242
f 1244/1244/1244 1266/1266/1266 1265/1265/1265
f 1219/1219/1219 1267/1267/1267 1244/1244/1244
f 1245/1245/1245 1267/1267/1267 1219/1219/1219
f 1245/1245/1245 1268/1268/1268 1267/1267/1267
f 1198/1198/1198 1246/1246/1246 1245/1245/1245
f 1246/1246/1246 1269/1269/1269 1245/1245/1245
f 1220/1220/1220 1270/1270/1270 1246/1246/1246
f 1247/1247/1247 1270/1270/1270 1220/1220/1220
f 1247/1247/1247 1271/1271/1271 1270/1270/1270
f 1248/1248/1248 1271/1271/1271 1247/1247/1247
f 1248/1248/1248 1272/1272/1272 1271/1271/1271
f 1222/1222/1222 1249/1249/1249 1248/1248/1248
f 1249/1249/1249 1273/1273/1273 1248/1248/1248
f 1250/1250/1250 1225/1225/1225 1249/1249/1249
f 1225/1225/1225 1273/1273/1273 1249/1249/1249
f 1225/1225/1225 1274/1274/1274 1273/1273/1273
f 1178/1178/1178 1224/1224/1224 1250/1250/1250
f 1251/1251/1251 1275/1275/1275 1225/1225/1225
f 1201/1201/1201 1275/1275/1275 1251/1251/1251
f 1201/1201/1201 1276/1276/1276 1275/1275/1275
f 1226/1226/1226 1276/1276/1276 1201/1201/1201
f 1230/1230/1230 1276/1276/1276 1226/1226/1226
f 1230/1230/1230 1277/1277/1277 1276/1276/1276
f 1252/1252/1252 1160/1160/1160 1131/1131/1131
f 1230/1230/1230 1203/1203/1203 1182/1182/1182
f 1253/1253/1253 1278/1278/1278 1205/1205/1205
f 1231/1231/1231 1279/1279/1279 1253/1253/1253
f 1254/1254/1254 1280/1280/1280 1231/1231/1231
f 1233/1233/1233 1256/1256/1256 1254/1254/1254
f 1256/1256/1256 1279/1279/1279 1254/1254/1254
f 1235/1235/1235 1281/1281/1281 1257/1257/1257
f 1258/1258/1258 1281/1281/1281 1235/1235/1235
f 1258/1258/1258 1282/1282/1282 1281/1281/1281
f 1259/1259/1259 1282/1282/1282 1258/1258/1258
f 1259/1259/1259 1283/1283/1283 1282/1282/1282
f 1260/1260/1260 1284/1284/1284 1237/1237/1237
f 1240/1240/1240 1285/1285/1285 1263/1263/1263
f 1264/1264/1264 1285/1285/1285 1240/1240/1240
f 1264/1264/1264 1286/1286/1286 1285/1285/1285
f 1265/1265/1265 1286/1286/1286 1264/1264/1264
f 1265/1265/1265 1266/1266/1266 1286/1286/1286
f 1266/1266/1266 1287/1287/1287 1286/1286/1286
f 1244/1244/1244 1268/1268/1268 1266/1266/1266
f 1268/1268/1268 1244/1244/1244 1267/1267/1267
f 1245/1245/1245 1288/1288/1288 1268/1268/1268
f 1269/1269/1269 1289/1289/1289 1245/1245/1245
f 1246/1246/1246 1270/1270/1270 1269/1269/1269
f 1270/1270/1270 1290/1290/1290 1269/1269/1269
f 1271/1271/1271 1290/1290/1290 1270/1270/1270
f 1271/1271/1271 1291/1291/1291 1290/1290/1290
f 1272/1272/1272 1291/1291/1291 1271/1271/1271
f 1272/1272/1272 1274/1274/1274 1291/1291/1291
f 1248/1248/1248 1273/1273/1273 1272/1272/1272
f 1274/1274/1274 1272/1272/1272 1273/1273/1273
f 1225/1225/1225 1275/1275/1275 1274/1274/1274
f 1275/1275/1275 1292/1292/1292 1274/1274/1274
f 1276/1276/1276 1292/1292/1292 1275/1275/1275
f 1276/1276/1276 1277/1277/1277 1292/1292/1292
f 1277/1277/1277 1293/1293/1293 1292/1292/1292
f 1230/1230/1230 1294/1294/1294 1277/1277/1277
f 1253/1253/1253 1295/1295/1295 1278/1278/1278
f 1279/1279/1279 1296/1296/1296 1253/1253/1253
f 1280/1280/1280 1297/1297/1297 1231/1231/1231
f 1279/1279/1279 1298/1298/1298 1254/1254/1254
f 1256/1256/1256 1257/1257/1257 1279/1279/1279
f 1257/1257/1257 1299/1299/1299 1279/1279/1279
f 1281/1281/1281 1299/1299/1299 1257/1257/1257
f 1281/1281/1281 1300/1300/1300 1299/1299/1299
f 1282/1282/1282 1300/1300/1300 1281/1281/1281
f 1282/1282/1282 1301/1301/1301 1300/1300/1300
f 1283/1283/1283 1301/1301/1301 1282/1282/1282
f 1283/1283/1283 1302/1302/1302 1301/1301/1301
f 1284/1284/1284 1259/1259/1259 1237/1237/1237
f 1284/1284/1284 1303/1303/1303 1259/1259/1259
f 1266/1266/1266 1304/1304/1304 1287/1287/1287
f 1268/1268/1268 1304/1304/1304 1266/1266/1266
f 1268/1268/1268 1288/1288/1288 1304/1304/1304
f 1288/1288/1288 1305/1305/1305 1304/1304/1304
f 1245/1245/1245 1289/1289/1289 1288/1288/1288
f 1289/1289/1289 1306/1306/1306 1288/1288/1288
f 1269/1269/1269 1307/1307/1307 1289/1289/1289
f 1290/1290/1290 1307/1307/1307 1269/1269/1269
f 1290/1290/1290 1308/1308/1308 1307/1307/1307
f 1291/1291/1291 1308/1308/1308 1290/1290/1290
f 1291/1291/1291 1309/1309/1309 1308/1308/1308
f 1274/1274/1274 1310/1310/1310 1291/1291/1291
f 1292/1292/1292 1310/1310/1310 1274/1274/1274
f 1292/1292/1292 1311/1311/1311 1310/1310/1310
f 1293/1293/1293 1312/1312/1312 1292/1292/1292
f 1277/1277/1277 1295/1295/1295 1293/1293/1293
f 1295/1295/1295 1294/1294/1294 1278/1278/1278
f 1253/1253/1253 1293/1293/1293 1295/1295/1295
f 1253/1253/1253 1313/1313/1313 1293/1293/1293
f 1296/1296/1296 1313/1313/1313 1253/1253/1253
f 1296/1296/1296 1314/1314/1314 1313/1313/1313
f 1279/1279/1279 1299/1299/1299 1296/1296/1296
f 1299/1299/1299 1315/1315/1315 1296/1296/1296
f 1297/1297/1297 1316/1316/1316 1231/1231/1231
f 1280/1280/1280 1278/1278/1278 1297/1297/1297
f 1279/1279/1279 1280/1280/1280 1298/1298/1298
f 1300/1300/1300 1315/1315/1315 1299/1299/1299
f 1300/1300/1300 1317/1317/1317 1315/1315/1315
f 1301/1301/1301 1317/1317/1317 1300/1300/1300
f 1301/1301/1301 1318/1318/1318 1317/1317/1317
f 1302/1302/1302 1318/1318/1318 1301/1301/1301
f 1302/1302/1302 1319/1319/1319 1318/1318/1318
f 1303/1303/1303 1283/1283/1283 1259/1259/1259
f 1303/1303/1303 1320/1320/1320 1283/1283/1283
f 1284/1284/1284 1321/1321/1321 1303/1303/1303
f 1304/1304/1304 1322/1322/1322 1287/1287/1287
f 1305/1305/1305 1322/1322/1322 1304/1304/1304
f 1305/1305/1305 1323/1323/1323 1322/1322/1322
f 1288/1288/1288 1306/1306/1306 1305/1305/1305
f 1306/1306/1306 1323/1323/1323 1305/1305/1305
f 1289/1289/1289 1324/1324/1324 1306/1306/1306
f 1307/1307/1307 1324/1324/1324 1289/1289/1289
f 1307/1307/1307 1325/1325/1325 1324/1324/1324
f 1308/1308/1308 1325/1325/1325 1307/1307/1307
f 1308/1308/1308 1326/1326/1326 1325/1325/1325
f 1309/1309/1309 1326/1326/1326 1308/1308/1308
f 1309/1309/1309 1327/1327/1327 1326/1326/1326
f 1291/1291/1291 1328/1328/1328 1309/1309/1309
f 1310/1310/1310 1329/1329/1329 1291/1291/1291
f 1311/1311/1311 1328/1328/1328 1310/1310/1310
f 1292/1292/1292 1330/1330/1330 1311/1311/1311
f 1312/1312/1312 1330/1330/1330 1292/1292/1292
f 1312/1312/1312 1313/1313/1313 1330/1330/1330
f 1294/1294/1294 1297/1297/1297 1278/1278/1278
f 1295/1295/1295 1277/1277/1277 1294/1294/1294
f 1313/1313/1313 1312/1312/1312 1293/1293/1293
f 1314/1314/1314 1331/1331/1331 1313/1313/1313
f 1296/1296/1296 1315/1315/1315 1314/1314/1314
f 1315/1315/1315 1332/1332/1332 1314/1314/1314
f 1280/1280/1280 1313/1313/1313 1278/1278/1278
f 1317/1317/1317 1332/1332/1332 1315/1315/1315
f 1317/1317/1317 1333/1333/1333 1332/1332/1332
f 1318/1318/1318 1333/1333/1333 1317/1317/1317
f 1318/1318/1318 1334/1334/1334 1333/1333/1333
f 1319/1319/1319 1334/1334/1334 1318/1318/1318
f 1319/1319/1319 1335/1335/1335 1334/1334/1334
f 1320/1320/1320 1302/1302/1302 1283/1283/1283
f 1320/1320/1320 1336/1336/1336 1302/1302/1302
f 1303/1303/1303 1337/1337/1337 1320/1320/1320
f 1321/1321/1321 1337/1337/1337 1303/1303/1303
f 1284/1284/1284 1338/1338/1338 1321/1321/1321
f 1324/1324/1324 1339/1339/1339 1306/1306/1306
f 1325/1325/1325 1339/1339/1339 1324/1324/1324
f 1325/1325/1325 1340/1340/1340 1339/1339/1339
f 1326/1326/1326 1340/1340/1340 1325/1325/1325
f 1326/1326/1326 1341/1341/1341 1340/1340/1340
f 1327/1327/1327 1341/1341/1341 1326/1326/1326
f 1327/1327/1327 1342/1342/1342 1341/1341/1341
f 1309/1309/1309 1329/1329/1329 1327/1327/1327
f 1310/1310/1310 1343/1343/1343 1329/1329/1329
f 1328/1328/1328 1344/1344/1344 1310/1310/1310
f 1311/1311/1311 1343/1343/1343 1328/1328/1328
f 1330/1330/1330 1331/1331/1331 1311/1311/1311
f 1331/1331/1331 1330/1330/1330 1313/1313/1313
f 1314/1314/1314 1345/1345/1345 1331/1331/1331
f 1332/1332/1332 1345/1345/1345 1314/1314/1314
f 1332/1332/1332 1346/1346/1346 1345/1345/1345
f 1313/1313/1313 1311/1311/1311 1278/1278/1278
f 1280/1280/1280 1279/1279/1279 1313/1313/1313
f 1279/1279/1279 1345/1345/1345 1313/1313/1313
f 1333/1333/1333 1346/1346/1346 1332/1332/1332
f 1333/1333/1333 1347/1347/1347 1346/1346/1346
f 1334/1334/1334 1335/1335/1335 1333/1333/1333
f 1335/1335/1335 1347/1347/1347 1333/1333/1333
f 1335/1335/1335 1348/1348/1348 1347/1347/1347
f 1319/1319/1319 1349/1349/1349 1335/1335/1335
f 1336/1336/1336 1319/1319/1319 1302/1302/1302
f 1336/1336/1336 1350/1350/1350 1319/1319/1319
f 1320/1320/1320 1351/1351/1351 1336/1336/1336
f 1337/1337/1337 1351/1351/1351 1320/1320/1320
f 1284/1284/1284 1352/1352/1352 1338/1338/1338
f 1341/1341/1341 1353/1353/1353 1340/1340/1340
f 1342/1342/1342 1353/1353/1353 1341/1341/1341
f 1327/1327/1327 1354/1354/1354 1342/1342/1342
f 1329/1329/1329 1354/1354/1354 1327/1327/1327
f 1343/1343/1343 1354/1354/1354 1329/1329/1329
f 1343/1343/1343 1355/1355/1355 1354/1354/1354
f 1344/1344/1344 1356/1356/1356 1310/1310/1310
f 1345/1345/1345 1355/1355/1355 1331/1331/1331
f 1346/1346/1346 1357/1357/1357 1345/1345/1345
f 1347/1347/1347 1358/1358/1358 1346/1346/1346
f 1348/1348/1348 1358/1358/1358 1347/1347/1347
f 1348/1348/1348 1359/1359/1359 1358/1358/1358
f 1335/1335/1335 1349/1349/1349 1348/1348/1348
f 1349/1349/1349 1359/1359/1359 1348/1348/1348
f 1349/1349/1349 1360/1360/1360 1359/1359/1359
f 1350/1350/1350 1349/1349/1349 1319/1319/1319
f 1350/1350/1350 1361/1361/1361 1349/1349/1349
f 1336/1336/1336 1362/1362/1362 1350/1350/1350
f 1351/1351/1351 1362/1362/1362 1336/1336/1336
f 1351/1351/1351 1363/1363/1363 1362/1362/1362
f 1284/1284/1284 1260/1260/1260 1352/1352/1352
f 1260/1260/1260 1364/1364/1364 1352/1352/1352
f 1355/1355/1355 1342/1342/1342 1354/1354/1354
f 1355/1355/1355 1365/1365/1365 1342/1342/1342
f 1343/1343/1343 1331/1331/1331 1355/1355/1355
f 1346/1346/1346 1366/1366/1366 1357/1357/1357
f 1358/1358/1358 1366/1366/1366 1346/1346/1346
f 1358/1358/1358 1367/1367/1367 1366/1366/1366
f 1359/1359/1359 1367/1367/1367 1358/1358/1358
f 1359/1359/1359 1360/1360/1360 1367/1367/1367
f 1360/1360/1360 1368/1368/1368 1367/1367/1367
f 1349/1349/1349 1369/1369/1369 1360/1360/1360
f 1361/1361/1361 1369/1369/1369 1349/1349/1349
f 1361/1361/1361 1370/1370/1370 1369/1369/1369
f 1350/1350/1350 1362/1362/1362 1361/1361/1361
f 1362/1362/1362 1363/1363/1363 1361/1361/1361
f 1363/1363/1363 1370/1370/1370 1361/1361/1361
f 1363/1363/1363 1371/1371/1371 1370/1370/1370
f 1260/1260/1260 1372/1372/1372 1364/1364/1364
f 1365/1365/1365 1373/1373/1373 1342/1342/1342
f 1355/1355/1355 1374/1374/1374 1365/1365/1365
f 1366/1366/1366 1374/1374/1374 1357/1357/1357
f 1367/1367/1367 1375/1375/1375 1366/1366/1366
f 1368/1368/1368 1375/1375/1375 1367/1367/1367
f 1368/1368/1368 1376/1376/1376 1375/1375/1375
f 1360/1360/1360 1377/1377/1377 1368/1368/1368
f 1369/1369/1369 1378/1378/1378 1360/1360/1360
f 1370/1370/1370 1371/1371/1371 1369/1369/1369
f 1371/1371/1371 1378/1378/1378 1369/1369/1369
f 1371/1371/1371 1379/1379/1379 1378/1378/1378
f 1373/1373/1373 1380/1380/1380 1342/1342/1342
f 1365/1365/1365 1381/1381/1381 1373/1373/1373
f 1374/1374/1374 1381/1381/1381 1365/1365/1365
f 1374/1374/1374 1375/1375/1375 1381/1381/1381
f 1355/1355/1355 1357/1357/1357 1374/1374/1374
f 1375/1375/1375 1374/1374/1374 1366/1366/1366
f 1376/1376/1376 1381/1381/1381 1375/1375/1375
f 1376/1376/1376 1382/1382/1382 1381/1381/1381
f 1368/1368/1368 1377/1377/1377 1376/1376/1376
f 1377/1377/1377 1383/1383/1383 1376/1376/1376
f 1380/1380/1380 1384/1384/1384 1342/1342/1342
f 1373/1373/1373 1382/1382/1382 1380/1380/1380
f 1382/1382/1382 1373/1373/1373 1381/1381/1381
f 1376/1376/1376 1383/1383/1383 1382/1382/1382
f 1383/1383/1383 1385/1385/1385 1382/1382/1382
f 1384/1384/1384 1353/1353/1353 1342/1342/1342
f 1382/1382/1382 1385/1385/1385 1380/1380/1380
f 1386/1386/1386 1387/1387/1387 1388/1388/1388
f 1387/1387/1387 1021/1021/1021 1388/1388/1388
f 1386/1386/1386 1389/1389/1389 1387/1387/1387
f 1021/1021/1021 1023/1023/1023 1388/1388/1388
f 1023/1023/1023 1073/1073/1073 1388/1388/1388
f 1387/1387/1387 944/944/944 1021/1021/1021
f 1387/1387/1387 893/893/893 944/944/944
f 1387/1387/1387 870/870/870 893/893/893
f 1387/1387/1387 1389/1389/1389 870/870/870
