# Blender v2.79 (sub 0) OBJ File: ''
# www.blender.org
mtllib 1.mtl
o 1
v 0.077987 0.151214 1.049406
v 0.078805 0.140670 1.049771
v 0.081051 0.148150 1.052650
v 0.082015 0.140661 1.052387
v 0.078698 0.064359 1.000945
v 0.079765 0.054843 0.999802
v 0.080272 0.042586 0.998845
v 0.102462 0.085839 1.050239
v 0.090642 0.112597 1.050155
v 0.081249 0.128383 1.048160
v 0.079531 0.112414 1.034550
v 0.084337 0.116591 1.045106
v 0.090190 0.086012 1.025847
v 0.080653 0.101650 1.023079
v 0.079444 0.087999 1.012130
v 0.084134 0.091091 1.020377
v 0.090446 0.098447 1.037130
v 0.091831 0.103067 1.045439
v 0.091967 0.090704 1.032721
v 0.097966 0.090600 1.045489
v 0.084177 0.104134 1.031754
v 0.087702 0.106618 1.041984
v 0.088824 0.094183 1.028959
v 0.107504 0.090213 1.055624
v 0.094427 0.115383 1.053150
v 0.084180 0.128383 1.051885
v 0.085507 0.117426 1.052249
v 0.095415 0.103869 1.053685
v 0.097157 0.091790 1.053596
v 0.083912 0.103869 1.054494
v 0.083912 0.091613 1.055812
v 0.102300 0.073234 1.038359
v 0.103377 0.078134 1.045489
v 0.102994 0.067099 1.037012
v 0.106458 0.067099 1.044492
v 0.102328 0.036772 1.026052
v 0.104127 0.054843 1.034688
v 0.108950 0.054843 1.044492
v 0.104504 0.041549 1.031599
v 0.110547 0.042586 1.044492
v 0.091537 0.079356 1.023764
v 0.090252 0.061953 1.013562
v 0.092807 0.066463 1.019486
v 0.081503 0.079356 1.009701
v 0.087631 0.079356 1.017636
v 0.083976 0.067242 1.007715
v 0.089253 0.070125 1.015072
v 0.097734 0.078134 1.033458
v 0.100868 0.081405 1.042068
v 0.099469 0.067099 1.030884
v 0.090937 0.054843 1.012587
v 0.095538 0.054843 1.019979
v 0.092095 0.042586 1.011112
v 0.098734 0.041549 1.021171
v 0.085894 0.054843 1.006459
v 0.086401 0.042586 1.004984
v 0.100769 0.054843 1.028560
v 0.101791 0.044943 1.027090
v 0.108745 0.079712 1.056429
v 0.108692 0.067099 1.056593
v 0.119042 0.056087 1.061243
v 0.120793 0.054337 1.065743
v 0.116455 0.042586 1.058656
v 0.119907 0.042586 1.067804
v 0.110306 0.055513 1.057574
v 0.108426 0.051420 1.063949
v 0.113940 0.042586 1.052527
v 0.108426 0.042586 1.067779
v 0.096169 0.079356 1.056203
v 0.096169 0.067099 1.059572
v 0.083912 0.079356 1.057594
v 0.083912 0.067099 1.059838
v 0.096169 0.057891 1.062067
v 0.096169 0.051763 1.063751
v 0.096169 0.042586 1.066309
v 0.083345 0.054523 1.062034
v 0.087053 0.050225 1.063223
v 0.078882 0.047788 1.062750
v 0.083345 0.043256 1.064114
v 0.018484 0.134867 1.000799
v 0.010372 0.135480 1.000023
v -0.001885 0.135949 0.999385
v -0.014141 0.135474 0.999800
v 0.072904 0.151775 1.048214
v 0.071850 0.141840 1.047989
v 0.056408 0.137074 1.034980
v 0.059868 0.141290 1.043862
v 0.041969 0.134935 1.013025
v 0.044517 0.136346 1.019979
v 0.034886 0.135957 1.010853
v 0.034886 0.139762 1.019979
v 0.042329 0.147357 1.037876
v 0.045757 0.151148 1.042862
v 0.047615 0.140889 1.032342
v 0.047800 0.144042 1.044376
v 0.034886 0.148567 1.036400
v 0.034886 0.152053 1.043177
v 0.034886 0.144445 1.030272
v 0.034886 0.143190 1.048554
v 0.076196 0.148611 1.051353
v 0.072904 0.141019 1.051109
v 0.059399 0.138322 1.051074
v 0.047142 0.137692 1.051345
v 0.034886 0.137061 1.051616
v 0.022593 0.136889 1.007045
v 0.022629 0.142267 1.019979
v 0.010372 0.139091 1.007722
v 0.010372 0.143766 1.019979
v 0.022629 0.149311 1.034482
v 0.023178 0.153242 1.045672
v 0.022629 0.145690 1.028353
v 0.027995 0.144172 1.049308
v 0.010372 0.148621 1.033672
v 0.010372 0.152795 1.044492
v 0.010372 0.146283 1.027544
v -0.001885 0.140038 1.007722
v -0.001885 0.143738 1.019979
v -0.014141 0.138828 1.007722
v -0.014141 0.141752 1.019979
v 0.001458 0.147657 1.035155
v -0.002330 0.148814 1.044165
v -0.002330 0.145803 1.031536
v -0.006713 0.146479 1.039861
v -0.009353 0.147267 1.048032
v -0.014141 0.143210 1.032236
v -0.013720 0.145101 1.044165
v 0.018495 0.153797 1.051738
v 0.023397 0.140308 1.052078
v 0.009733 0.154210 1.055688
v 0.010372 0.140639 1.053862
v -0.000405 0.153068 1.056137
v -0.001885 0.140639 1.054398
v -0.012769 0.151103 1.053135
v -0.014811 0.142171 1.052772
v 0.055049 0.112147 0.999653
v 0.065889 0.098345 1.001210
v 0.067406 0.091613 0.999724
v 0.059240 0.103006 0.997802
v 0.054811 0.089343 0.987688
v 0.059098 0.092702 0.992798
v 0.042134 0.122998 1.000388
v 0.041783 0.111026 0.988882
v 0.046045 0.115672 0.995934
v 0.034886 0.125502 0.998235
v 0.034886 0.112986 0.986844
v 0.034886 0.119115 0.992107
v 0.041046 0.085589 0.977064
v 0.034886 0.087395 0.975951
v 0.044561 0.103869 0.987135
v 0.050690 0.103869 0.991013
v 0.047096 0.091552 0.983187
v 0.053145 0.097514 0.989428
v 0.034886 0.103869 0.982139
v 0.034886 0.093523 0.978503
v 0.070031 0.079356 0.997165
v 0.066248 0.064041 0.988957
v 0.071904 0.068285 0.995286
v 0.057211 0.079356 0.985959
v 0.063340 0.079356 0.991037
v 0.060401 0.067715 0.985373
v 0.065155 0.072212 0.989627
v 0.067031 0.054843 0.988326
v 0.073159 0.054843 0.993674
v 0.067091 0.042586 0.988109
v 0.073219 0.042586 0.992717
v 0.059399 0.054843 0.983567
v 0.059399 0.042586 0.983268
v 0.041135 0.079884 0.977036
v 0.043342 0.067099 0.975990
v 0.036111 0.079884 0.974975
v 0.034886 0.067099 0.972376
v 0.046038 0.079884 0.979281
v 0.049470 0.067099 0.978539
v 0.044801 0.054843 0.975234
v 0.044889 0.042586 0.975303
v 0.034886 0.054843 0.971409
v 0.034886 0.042586 0.971710
v 0.050930 0.054843 0.978449
v 0.051018 0.042586 0.978367
v 0.006092 0.110716 0.976404
v 0.018452 0.123717 0.987898
v 0.022553 0.128865 0.995475
v 0.022574 0.116674 0.984371
v 0.026623 0.121126 0.990151
v 0.010372 0.124695 0.986574
v 0.010372 0.130823 0.993894
v 0.010255 0.115331 0.979842
v 0.019471 0.101627 0.975524
v 0.023185 0.091853 0.973859
v 0.010255 0.104975 0.974544
v 0.010372 0.091613 0.970327
v 0.023185 0.104975 0.978055
v 0.027642 0.096098 0.977373
v 0.014263 0.109798 0.977196
v -0.001885 0.111919 0.975862
v -0.014141 0.112047 0.976103
v -0.001885 0.125297 0.985732
v -0.001885 0.131425 0.993257
v -0.001885 0.118048 0.979603
v -0.014141 0.124815 0.985992
v -0.014141 0.130943 0.993671
v -0.014141 0.118175 0.979864
v -0.001885 0.103869 0.972555
v -0.001885 0.091613 0.969068
v -0.014141 0.103869 0.972647
v -0.014141 0.091613 0.968994
v 0.022629 0.079356 0.970510
v 0.022629 0.067099 0.968625
v 0.010372 0.079356 0.967772
v 0.005384 0.064390 0.964540
v 0.009831 0.067925 0.965931
v 0.022629 0.054843 0.968298
v 0.022629 0.042586 0.968484
v 0.006320 0.054843 0.964299
v 0.012448 0.054843 0.965995
v 0.005871 0.045052 0.964408
v 0.010123 0.041614 0.965798
v -0.001885 0.079356 0.966378
v -0.002511 0.065364 0.964648
v -0.002511 0.070267 0.964929
v -0.016546 0.073465 0.964783
v -0.013133 0.078273 0.966050
v -0.013133 0.068215 0.964488
v -0.008375 0.073045 0.964870
v -0.003428 0.056862 0.964311
v -0.000844 0.041614 0.964250
v 0.003935 0.036881 0.964947
v -0.012916 0.056040 0.963845
v -0.013564 0.041360 0.963838
v 0.066274 0.122966 1.024816
v 0.067100 0.112111 1.012405
v 0.069275 0.116169 1.020430
v 0.055470 0.124032 1.011320
v 0.059493 0.126011 1.020430
v 0.059345 0.116215 1.007777
v 0.063641 0.120283 1.016645
v 0.068047 0.125080 1.032236
v 0.071998 0.128990 1.041645
v 0.074802 0.116350 1.031173
v 0.076311 0.120585 1.040057
v 0.060056 0.131681 1.031431
v 0.064579 0.133481 1.038942
v 0.068676 0.103006 1.008081
v 0.075718 0.104989 1.019387
v 0.073921 0.091896 1.007916
v 0.077012 0.096170 1.014907
v 0.063220 0.106516 1.004234
v 0.077625 0.109821 1.026379
v 0.046137 0.127600 1.008087
v 0.050645 0.132545 1.019979
v 0.050306 0.120318 1.003149
v 0.034886 0.131631 1.004725
v 0.052901 0.134198 1.026808
v 0.071656 0.128383 1.051731
v 0.071656 0.116126 1.053222
v 0.059399 0.128383 1.052080
v 0.059399 0.116126 1.053185
v 0.071656 0.103869 1.054712
v 0.071656 0.091613 1.056202
v 0.059399 0.103869 1.054289
v 0.059399 0.091613 1.055394
v 0.047142 0.128383 1.052429
v 0.047142 0.116126 1.053148
v 0.034886 0.128383 1.052778
v 0.034886 0.116126 1.053111
v 0.047142 0.103869 1.053867
v 0.047142 0.091613 1.054586
v 0.034886 0.103869 1.053445
v 0.034886 0.091613 1.053778
v 0.076160 0.079356 1.003573
v 0.077561 0.072530 1.001868
v 0.071656 0.079356 1.057692
v 0.071656 0.067099 1.059182
v 0.059399 0.079356 1.056499
v 0.059399 0.067099 1.057603
v 0.071656 0.054843 1.060672
v 0.071627 0.043256 1.062045
v 0.075693 0.039617 1.063311
v 0.059399 0.054843 1.058708
v 0.059399 0.042586 1.059812
v 0.047142 0.079356 1.055305
v 0.047142 0.067099 1.056024
v 0.034886 0.079356 1.054111
v 0.034886 0.067099 1.054445
v 0.047142 0.054843 1.056743
v 0.047142 0.042586 1.057462
v 0.034886 0.054843 1.054778
v 0.034886 0.042586 1.055112
v 0.026655 0.134012 1.002509
v -0.007285 0.086004 1.050561
v -0.014141 0.088451 1.050281
v 0.022629 0.128383 1.053127
v 0.022629 0.116126 1.053075
v 0.010372 0.128383 1.053476
v 0.010372 0.116126 1.053038
v 0.022629 0.103869 1.053023
v 0.022629 0.091613 1.052970
v 0.010372 0.103869 1.052600
v 0.010372 0.091613 1.052162
v -0.001885 0.128383 1.053825
v -0.001885 0.116126 1.053001
v -0.014141 0.128383 1.054173
v -0.014141 0.116126 1.052965
v -0.001885 0.103869 1.052184
v -0.002674 0.090699 1.051249
v -0.014141 0.103869 1.051762
v -0.014141 0.094579 1.050892
v 0.005453 0.051958 1.050370
v 0.007199 0.042586 1.050008
v -0.005780 0.079356 1.050315
v -0.003496 0.067099 1.049881
v -0.014141 0.079356 1.049375
v -0.014141 0.067099 1.048241
v -0.000847 0.055563 1.049472
v -0.001885 0.042586 1.048177
v -0.014141 0.054843 1.047032
v -0.014141 0.042586 1.045748
v 0.022629 0.079356 1.052950
v 0.022629 0.067099 1.052963
v 0.010372 0.079356 1.051821
v 0.010372 0.067099 1.051577
v 0.022629 0.054843 1.052910
v 0.022629 0.042586 1.052794
v 0.009872 0.055563 1.051198
v 0.013327 0.042586 1.051136
v 0.000349 0.079356 1.050939
v 0.002632 0.067099 1.050752
v 0.003930 0.060130 1.050646
v 0.081000 0.030329 0.998335
v 0.081912 0.018072 0.998235
v 0.081880 0.005816 0.998673
v 0.080622 -0.006441 0.999478
v 0.078734 -0.018698 1.000783
v 0.077921 -0.025666 1.001498
v 0.102777 0.030329 1.025268
v 0.103054 0.018072 1.024914
v 0.105964 0.030329 1.032236
v 0.111129 0.030329 1.044492
v 0.106041 0.018072 1.032236
v 0.110499 0.018072 1.044492
v 0.102918 0.005816 1.025000
v 0.102725 -0.002582 1.025158
v 0.105894 0.005816 1.032236
v 0.110060 0.005816 1.044492
v 0.104766 -0.006577 1.031380
v 0.109419 -0.006441 1.044492
v 0.092842 0.030329 1.010114
v 0.098971 0.030329 1.019139
v 0.093353 0.018072 1.009743
v 0.099481 0.018072 1.018786
v 0.087129 0.030329 1.003986
v 0.088041 0.018072 1.003615
v 0.093577 0.005816 1.010000
v 0.099705 0.005816 1.018872
v 0.092858 -0.006441 1.010993
v 0.099509 -0.006577 1.020635
v 0.088008 0.005816 1.003872
v 0.086750 -0.006441 1.004865
v 0.102065 -0.010753 1.026723
v 0.116678 0.030329 1.057984
v 0.121020 0.029865 1.069846
v 0.116042 0.018072 1.059213
v 0.121371 0.016885 1.070601
v 0.114070 0.030329 1.051856
v 0.108426 0.030329 1.070013
v 0.113641 0.018072 1.053085
v 0.108426 0.018072 1.068966
v 0.115484 0.005816 1.060242
v 0.120976 0.005816 1.070052
v 0.115050 -0.002571 1.061397
v 0.120575 -0.005480 1.069465
v 0.113212 0.005816 1.054114
v 0.108426 0.005816 1.067369
v 0.113047 -0.006570 1.057086
v 0.110394 -0.007570 1.064648
v 0.096169 0.030329 1.067380
v 0.096169 0.018072 1.066154
v 0.078977 0.025915 1.062564
v 0.083403 0.030132 1.064363
v 0.081181 0.018072 1.061847
v 0.087310 0.018072 1.063626
v 0.090800 0.001907 1.062594
v 0.095399 0.005922 1.064687
v 0.092020 -0.006441 1.062061
v 0.098148 -0.006441 1.064517
v 0.084688 0.005922 1.060986
v 0.089291 0.010078 1.063116
v 0.083912 -0.006441 1.058788
v 0.104017 -0.018698 1.034357
v 0.107507 -0.018698 1.044492
v 0.103005 -0.027362 1.036491
v 0.104470 -0.031250 1.044145
v 0.103115 -0.043211 1.048561
v 0.102365 -0.049481 1.050496
v 0.091435 -0.018698 1.012232
v 0.096706 -0.018698 1.019979
v 0.090422 -0.027012 1.013119
v 0.093363 -0.031040 1.019313
v 0.084862 -0.018698 1.006104
v 0.083647 -0.030424 1.007758
v 0.089373 -0.035183 1.014783
v 0.101441 -0.018698 1.028229
v 0.100182 -0.031250 1.032338
v 0.101788 -0.035533 1.039827
v 0.092199 -0.043211 1.022407
v 0.090939 -0.052737 1.024327
v 0.082028 -0.043211 1.009797
v 0.088157 -0.043211 1.016279
v 0.080261 -0.055468 1.011647
v 0.086974 -0.056280 1.020137
v 0.096758 -0.043211 1.032236
v 0.100728 -0.043211 1.042432
v 0.092877 -0.056280 1.031305
v 0.098893 -0.054327 1.045643
v 0.079030 -0.045447 1.049909
v 0.089798 -0.060908 1.026599
v 0.080635 -0.055468 1.048992
v 0.110051 -0.020824 1.059614
v 0.110916 -0.018502 1.063476
v 0.109351 -0.030510 1.059154
v 0.105989 -0.043211 1.057023
v 0.104341 -0.053496 1.056805
v 0.096071 -0.019606 1.061277
v 0.100091 -0.016126 1.063823
v 0.096169 -0.030954 1.058582
v 0.083912 -0.018698 1.056589
v 0.083912 -0.030954 1.054093
v 0.096169 -0.043211 1.056051
v 0.097546 -0.055538 1.053737
v 0.083434 -0.042102 1.052207
v 0.086763 -0.055468 1.052147
v 0.078846 -0.064465 1.013034
v 0.082139 -0.068220 1.019092
v 0.080494 -0.079981 1.022452
v 0.091193 -0.067724 1.035058
v 0.093006 -0.068711 1.045796
v 0.090250 -0.074716 1.037550
v 0.091150 -0.076822 1.043429
v 0.088560 -0.067724 1.028930
v 0.084219 -0.067682 1.047534
v 0.086730 -0.079273 1.032973
v 0.085476 -0.080413 1.042047
v 0.079043 -0.088555 1.024756
v 0.081117 -0.092480 1.031855
v 0.082813 -0.091012 1.040323
v 0.078953 -0.100467 1.035686
v 0.078953 -0.100467 1.038748
v 0.096323 -0.066668 1.054090
v 0.088510 -0.063569 1.051495
v 0.067317 0.030329 0.988108
v 0.073446 0.030329 0.992207
v 0.066910 0.018072 0.988483
v 0.073038 0.018072 0.992107
v 0.059399 0.030329 0.983180
v 0.059399 0.018072 0.984016
v 0.065785 0.007882 0.989168
v 0.070584 0.004604 0.991910
v 0.071656 -0.006441 0.993831
v 0.060614 0.004604 0.986367
v 0.065509 -0.000289 0.989349
v 0.058502 -0.006441 0.986864
v 0.064631 -0.006441 0.989818
v 0.044681 0.030329 0.975669
v 0.043362 0.018072 0.976350
v 0.034886 0.030329 0.972385
v 0.034886 0.018072 0.973730
v 0.050810 0.030329 0.978281
v 0.049491 0.018072 0.978742
v 0.042307 0.011203 0.976682
v 0.034995 0.006597 0.975357
v 0.030982 -0.002843 0.976282
v 0.046692 0.006597 0.979559
v 0.047142 -0.006441 0.982262
v 0.039153 0.003032 0.977822
v 0.034995 -0.006733 0.978373
v 0.071656 -0.018698 0.996275
v 0.072025 -0.030232 0.998891
v 0.056309 -0.018698 0.987859
v 0.062438 -0.018698 0.990957
v 0.054414 -0.027923 0.988748
v 0.058859 -0.031587 0.991816
v 0.068420 -0.043211 0.999640
v 0.066725 -0.051560 1.000841
v 0.059399 -0.043211 0.994893
v 0.059921 -0.055575 0.998817
v 0.047142 -0.018698 0.984246
v 0.047561 -0.031587 0.987265
v 0.051925 -0.036094 0.989707
v 0.034886 -0.018698 0.980304
v 0.034886 -0.030954 0.983283
v 0.043754 -0.039335 0.988497
v 0.047561 -0.043337 0.990560
v 0.047142 -0.055468 0.993859
v 0.035604 -0.043337 0.987346
v 0.040169 -0.047506 0.989533
v 0.031997 -0.051162 0.988805
v 0.035604 -0.055336 0.990785
v 0.022629 0.030329 0.968739
v 0.022629 0.018072 0.970376
v 0.010372 0.030329 0.966315
v 0.010372 0.018072 0.967920
v 0.022629 0.005816 0.972285
v 0.023181 -0.006733 0.974962
v 0.010372 0.005816 0.969883
v 0.010372 -0.006441 0.972278
v 0.027634 -0.011014 0.977199
v -0.003279 0.030329 0.964595
v 0.002849 0.030329 0.965243
v -0.005478 0.023168 0.964743
v -0.001590 0.018679 0.966226
v -0.013564 0.031555 0.964343
v -0.014141 0.022669 0.964622
v -0.014141 0.016541 0.965999
v -0.001885 0.005816 0.968349
v -0.001885 -0.006441 0.971024
v -0.014141 0.005816 0.967823
v -0.014141 -0.006441 0.970264
v 0.019463 -0.016075 0.976048
v 0.011183 -0.019575 0.975398
v 0.007638 -0.026206 0.976419
v 0.023181 -0.019575 0.977806
v 0.022629 -0.030954 0.980447
v 0.015809 -0.024246 0.977345
v 0.011183 -0.030556 0.978465
v 0.022629 -0.043211 0.984149
v 0.021734 -0.055336 0.987993
v 0.025223 -0.059333 0.990017
v 0.010372 -0.043211 0.982229
v 0.010372 -0.055468 0.986319
v -0.001885 -0.018698 0.974437
v -0.001885 -0.026362 0.976464
v -0.014141 -0.018698 0.974177
v -0.014141 -0.025928 0.976690
v -0.001885 -0.032490 0.978118
v -0.014141 -0.032056 0.978561
v -0.001885 -0.043211 0.981467
v -0.001885 -0.055468 0.985865
v -0.014141 -0.043211 0.982169
v -0.014042 -0.055581 0.987115
v -0.018061 -0.059742 0.989925
v 0.029253 0.012522 1.050535
v 0.044437 -0.008581 1.050028
v 0.032131 0.005816 1.050036
v 0.036061 -0.005274 1.049069
v 0.071627 0.030132 1.061765
v 0.075693 0.034086 1.063311
v 0.071656 0.018072 1.059623
v 0.059399 0.030329 1.059322
v 0.059399 0.018072 1.057238
v 0.071656 0.005816 1.057434
v 0.071656 -0.006441 1.055244
v 0.059399 0.005816 1.055153
v 0.059399 -0.006441 1.053069
v 0.047142 0.030329 1.056830
v 0.047142 0.018072 1.054847
v 0.034886 0.030329 1.054339
v 0.033957 0.017193 1.052145
v 0.047142 0.005816 1.052844
v 0.047970 -0.005274 1.051174
v 0.038259 0.005816 1.051148
v 0.040930 -0.000410 1.050637
v 0.076357 -0.033837 1.002396
v 0.069408 -0.033408 1.050014
v 0.056923 -0.021368 1.050050
v 0.060364 -0.029975 1.049167
v 0.074548 -0.043211 1.003668
v 0.071149 -0.055575 1.005189
v 0.064355 -0.059731 1.002353
v 0.072759 -0.042102 1.049039
v 0.071656 -0.055468 1.046485
v 0.059399 -0.043211 1.046804
v 0.059399 -0.055468 1.044727
v 0.047970 -0.017849 1.049181
v 0.047142 -0.030954 1.046921
v 0.034886 -0.018698 1.046842
v 0.034886 -0.030954 1.044966
v 0.047142 -0.043211 1.044946
v 0.047142 -0.055468 1.042972
v 0.034886 -0.043211 1.043092
v 0.034886 -0.055468 1.041219
v 0.071656 -0.018698 1.053028
v 0.072759 -0.029975 1.051157
v 0.060364 -0.017849 1.051228
v 0.065094 -0.025237 1.050696
v 0.077580 -0.037276 1.050656
v 0.052608 -0.013197 1.050735
v 0.018073 0.026396 1.050319
v 0.022347 0.017193 1.049870
v 0.010785 0.030420 1.049437
v 0.010372 0.018072 1.047688
v 0.022629 0.005816 1.048312
v 0.022629 -0.006441 1.046543
v 0.010372 0.005816 1.046031
v 0.010372 -0.006441 1.044367
v -0.001885 0.030329 1.046870
v -0.001885 0.018072 1.045310
v -0.014141 0.030329 1.044379
v -0.014141 0.018072 1.042925
v -0.001885 0.005816 1.043751
v -0.001885 -0.006441 1.042192
v -0.014141 0.005816 1.041471
v -0.020007 -0.012172 1.038319
v -0.015210 -0.007428 1.039713
v 0.022347 0.030420 1.051779
v 0.026244 0.020693 1.051142
v 0.015146 0.034567 1.050902
v 0.022629 -0.018698 1.044773
v 0.022629 -0.030954 1.043004
v 0.010372 -0.018698 1.042703
v 0.010372 -0.030954 1.041038
v 0.022629 -0.043211 1.041234
v 0.018024 -0.060085 1.038152
v 0.022317 -0.055787 1.039372
v 0.005884 -0.047499 1.038122
v 0.010131 -0.043333 1.039317
v 0.010131 -0.055787 1.037624
v 0.014056 -0.051914 1.038725
v -0.001885 -0.018698 1.040632
v -0.005819 -0.034298 1.038022
v -0.001794 -0.030509 1.039137
v -0.017737 -0.018698 1.037945
v -0.011609 -0.018698 1.038981
v -0.013498 -0.030509 1.037263
v -0.008984 -0.026127 1.038524
v -0.001794 -0.043333 1.037507
v 0.002352 -0.039328 1.038659
v -0.001885 -0.055468 1.035954
v -0.014141 -0.043211 1.035653
v -0.014141 -0.055468 1.034199
v 0.055707 -0.067724 1.000564
v 0.053606 -0.074103 1.001484
v 0.047142 -0.067724 0.997810
v 0.045978 -0.078906 1.000840
v 0.034886 -0.067724 0.994721
v 0.034886 -0.079981 0.998751
v 0.041116 -0.086170 1.001571
v 0.034886 -0.087370 1.001159
v 0.017052 -0.061847 0.989242
v 0.021734 -0.066649 0.991568
v 0.022629 -0.079981 0.996392
v 0.010372 -0.063122 0.988830
v 0.010372 -0.069250 0.990853
v 0.010372 -0.079981 0.994843
v 0.022629 -0.089705 1.000241
v 0.010372 -0.090640 0.999455
v -0.001885 -0.063660 0.988644
v -0.001885 -0.069788 0.991286
v -0.001885 -0.079981 0.995343
v -0.009890 -0.062564 0.988994
v -0.014042 -0.067080 0.991993
v -0.014141 -0.079981 0.997320
v -0.001885 -0.089963 0.999522
v -0.014141 -0.088122 1.000570
v 0.072547 -0.068220 1.010021
v 0.077227 -0.072636 1.014415
v 0.069071 -0.079981 1.011706
v 0.075199 -0.079981 1.016324
v 0.061836 -0.067724 1.003547
v 0.058375 -0.078906 1.005592
v 0.071656 -0.067724 1.044113
v 0.071656 -0.079981 1.041557
v 0.059399 -0.067724 1.042096
v 0.056755 -0.083162 1.037523
v 0.060264 -0.079438 1.039307
v 0.066723 -0.088171 1.013231
v 0.071887 -0.092449 1.019763
v 0.068363 -0.104495 1.023391
v 0.059875 -0.092249 1.011062
v 0.064277 -0.096343 1.014771
v 0.056106 -0.101157 1.012556
v 0.059875 -0.104943 1.016889
v 0.073223 -0.095910 1.032647
v 0.072751 -0.091500 1.039361
v 0.072541 -0.103750 1.033584
v 0.076719 -0.103006 1.038652
v 0.060264 -0.091500 1.036304
v 0.064926 -0.086923 1.038509
v 0.059399 -0.104495 1.033055
v 0.049288 -0.082274 1.002947
v 0.043610 -0.072300 1.037798
v 0.047474 -0.068019 1.040008
v 0.047474 -0.079438 1.036286
v 0.051781 -0.074991 1.038689
v 0.034886 -0.070226 1.036847
v 0.034886 -0.064098 1.039324
v 0.034886 -0.079981 1.032853
v 0.045978 -0.091048 1.004914
v 0.047640 -0.104943 1.010889
v 0.047577 -0.108906 1.019762
v 0.034885 -0.093498 1.003188
v 0.030946 -0.096119 1.025110
v 0.034885 -0.104495 1.007358
v 0.034973 -0.104437 1.023254
v 0.047142 -0.092238 1.032113
v 0.047167 -0.104437 1.028294
v 0.034973 -0.092115 1.028208
v 0.039117 -0.100313 1.026762
v 0.065956 -0.111067 1.025650
v 0.059399 -0.110956 1.023087
v 0.068011 -0.110956 1.031251
v 0.059949 -0.113341 1.030769
v 0.043886 -0.112756 1.012905
v 0.047577 -0.111690 1.019762
v 0.034885 -0.114379 1.011892
v 0.034885 -0.114379 1.017160
v 0.051269 -0.110623 1.027019
v 0.022317 -0.066980 1.036350
v 0.026195 -0.062398 1.038720
v 0.022629 -0.079981 1.031179
v 0.010372 -0.067724 1.034915
v 0.010372 -0.079981 1.030990
v 0.022629 -0.095833 1.002451
v 0.022629 -0.095685 1.024986
v 0.022629 -0.104495 1.005957
v 0.022629 -0.104495 1.021355
v 0.010372 -0.096768 1.002179
v 0.010372 -0.097065 1.025648
v 0.010372 -0.104495 1.006002
v 0.010372 -0.104495 1.023184
v 0.022629 -0.089557 1.027410
v 0.010372 -0.090936 1.027568
v -0.001885 -0.067724 1.033717
v -0.001885 -0.079981 1.030801
v -0.014141 -0.067724 1.032519
v -0.014141 -0.079981 1.030612
v -0.001885 -0.096092 1.002805
v 0.003646 -0.097958 1.025993
v -0.001885 -0.104495 1.007457
v -0.001018 -0.104697 1.025001
v -0.014141 -0.094251 1.003956
v -0.014009 -0.105046 1.010403
v -0.014259 -0.109208 1.020310
v -0.001018 -0.093219 1.027652
v -0.004525 -0.100746 1.026524
v -0.014141 -0.092238 1.028773
v -0.014415 -0.104697 1.027000
v 0.022629 -0.114761 1.011228
v 0.022629 -0.114761 1.016348
v 0.010372 -0.114554 1.011545
v 0.010372 -0.114554 1.017515
v -0.001885 -0.113298 1.012375
v -0.001885 -0.113298 1.018682
v -0.009835 -0.111591 1.013126
v -0.014259 -0.112427 1.020310
v -0.018683 -0.113264 1.026409
v -0.021208 0.134815 1.000847
v -0.021515 0.136037 1.007722
v -0.025981 0.141298 1.022571
v -0.025797 0.141679 1.029685
v -0.021487 0.140371 1.045718
v -0.021312 0.141251 1.051768
v -0.022317 0.110886 0.976726
v -0.026398 0.123621 0.987248
v -0.025735 0.130030 0.996243
v -0.026401 0.115433 0.980579
v -0.034199 0.122929 0.988450
v -0.038432 0.124725 0.995970
v -0.038432 0.116470 0.985100
v -0.042370 0.120786 0.992221
v -0.026401 0.104617 0.974666
v -0.026398 0.091613 0.969862
v -0.038655 0.101203 0.975335
v -0.038655 0.091613 0.971268
v -0.030488 0.109201 0.977525
v -0.038655 0.107332 0.978578
v -0.050075 0.123355 1.000550
v -0.048228 0.112615 0.986803
v -0.051791 0.117125 0.995794
v -0.062782 0.123402 0.996720
v -0.062252 0.116731 0.998311
v -0.047487 0.099069 0.976229
v -0.051308 0.092403 0.974038
v -0.063168 0.088859 0.975354
v -0.051943 0.104356 0.982238
v -0.056399 0.109643 0.989801
v -0.055658 0.097016 0.977673
v -0.063168 0.101235 0.985849
v -0.063498 0.107283 0.994518
v -0.063168 0.094987 0.979721
v -0.023987 0.073465 0.964783
v -0.027403 0.078273 0.966163
v -0.027403 0.067187 0.964388
v -0.032158 0.071332 0.964840
v -0.038655 0.079356 0.967086
v -0.038655 0.064784 0.964483
v -0.038655 0.070912 0.965024
v -0.026398 0.054843 0.963517
v -0.026398 0.042586 0.963551
v -0.038655 0.054843 0.963914
v -0.038655 0.042586 0.963780
v -0.050911 0.079356 0.968707
v -0.046745 0.063865 0.964545
v -0.050863 0.067610 0.965794
v -0.063168 0.079356 0.971429
v -0.063168 0.067099 0.968075
v -0.049131 0.054843 0.964242
v -0.055259 0.054843 0.965150
v -0.051139 0.043177 0.964345
v -0.056042 0.043177 0.964924
v -0.063168 0.054843 0.966476
v -0.061942 0.043177 0.965889
v -0.070597 0.086623 0.976503
v -0.070848 0.098669 0.988179
v -0.076636 0.104562 0.996999
v -0.074808 0.091343 0.983393
v -0.079019 0.096063 0.991300
v -0.083723 0.103613 0.999681
v -0.087682 0.087330 0.987374
v -0.088192 0.093739 0.995417
v -0.093896 0.085538 0.989279
v -0.098764 0.088127 0.995870
v -0.108060 0.086710 1.000225
v -0.074980 0.079434 0.975103
v -0.075425 0.067099 0.971229
v -0.082937 0.075401 0.976485
v -0.087286 0.066751 0.975204
v -0.078768 0.083572 0.978607
v -0.087286 0.079434 0.981431
v -0.091108 0.070605 0.978778
v -0.075425 0.054843 0.968793
v -0.075425 0.042586 0.968191
v -0.087682 0.054843 0.972658
v -0.087682 0.042586 0.971557
v -0.094999 0.062434 0.976553
v -0.098764 0.078887 0.987460
v -0.102067 0.082660 0.992054
v -0.099426 0.066751 0.981212
v -0.107284 0.074489 0.988655
v -0.111758 0.079108 0.995776
v -0.111700 0.065936 0.987534
v -0.115455 0.069246 0.991326
v -0.096927 0.054843 0.976142
v -0.098255 0.042586 0.975525
v -0.103055 0.054843 0.978848
v -0.104383 0.042586 0.977989
v -0.112195 0.054843 0.984050
v -0.112195 0.042586 0.982754
v -0.027644 0.130970 1.007722
v -0.027657 0.127447 1.019231
v -0.031351 0.120256 1.022818
v -0.037864 0.124611 1.006732
v -0.036225 0.127447 1.018680
v -0.042101 0.116126 1.010831
v -0.036020 0.116153 1.019231
v -0.024164 0.128383 1.032236
v -0.021699 0.128383 1.044492
v -0.029410 0.116153 1.032149
v -0.023445 0.116126 1.044492
v -0.033754 0.112085 1.028006
v -0.044568 0.109593 1.013518
v -0.042528 0.104852 1.020569
v -0.044098 0.096453 1.025048
v -0.031064 0.103869 1.036261
v -0.024960 0.103869 1.044492
v -0.031991 0.096137 1.037747
v -0.026132 0.092529 1.044773
v -0.035998 0.103869 1.030133
v -0.039024 0.092209 1.033078
v -0.033949 0.087966 1.039318
v -0.050143 0.123507 1.005876
v -0.052335 0.125822 1.016630
v -0.051128 0.117314 1.007688
v -0.054853 0.121228 1.014390
v -0.058287 0.123775 1.007722
v -0.057304 0.122925 1.014390
v -0.061700 0.115505 1.005667
v -0.057304 0.121228 1.014390
v -0.050911 0.107400 1.011965
v -0.050911 0.101272 1.016670
v -0.051745 0.092066 1.023198
v -0.064076 0.104751 1.007496
v -0.058609 0.098768 1.014584
v -0.066780 0.095437 1.012675
v -0.062884 0.091456 1.017024
v -0.048215 0.088282 1.028408
v -0.020368 0.128383 1.052484
v -0.020331 0.116126 1.051783
v -0.020294 0.103869 1.051083
v -0.020274 0.097091 1.050695
v -0.026398 0.079356 1.045111
v -0.026398 0.067099 1.044666
v -0.041362 0.079356 1.036293
v -0.035234 0.079356 1.039923
v -0.043007 0.067099 1.037506
v -0.036879 0.067099 1.040179
v -0.026398 0.054843 1.044221
v -0.026398 0.042586 1.043776
v -0.044314 0.060122 1.038196
v -0.039599 0.055559 1.040405
v -0.038655 0.042586 1.042257
v -0.056386 0.084626 1.025669
v -0.063416 0.080066 1.023283
v -0.067667 0.071086 1.025015
v -0.051745 0.080066 1.030003
v -0.050911 0.067099 1.034031
v -0.059495 0.076455 1.027190
v -0.063416 0.067040 1.028825
v -0.051588 0.055559 1.037174
v -0.047954 0.051951 1.039004
v -0.056125 0.048192 1.038179
v -0.051588 0.043498 1.040375
v -0.063168 0.054843 1.033924
v -0.063168 0.046838 1.037468
v -0.063168 0.040710 1.040116
v -0.075041 0.105235 1.004294
v -0.075755 0.091456 1.011402
v -0.071890 0.087266 1.014759
v -0.084446 0.101485 1.003297
v -0.088192 0.092262 1.006032
v -0.099938 0.088747 1.003716
v -0.108060 0.086710 1.002293
v -0.080061 0.084597 1.013327
v -0.075755 0.080049 1.017323
v -0.075425 0.068824 1.023638
v -0.087682 0.082606 1.011992
v -0.087682 0.076477 1.015829
v -0.087007 0.066088 1.022411
v -0.075425 0.062696 1.026987
v -0.082471 0.061327 1.026289
v -0.090642 0.060023 1.025480
v -0.075425 0.054843 1.031227
v -0.075425 0.045300 1.036475
v -0.075425 0.039171 1.039835
v -0.087007 0.055500 1.029010
v -0.087682 0.044512 1.035728
v -0.087682 0.038384 1.039554
v -0.100224 0.078811 1.010365
v -0.096329 0.074362 1.014602
v -0.104501 0.072574 1.013384
v -0.100224 0.067933 1.017848
v -0.112165 0.079528 1.005390
v -0.112195 0.070932 1.011943
v -0.112195 0.064804 1.016776
v -0.099938 0.058758 1.024412
v -0.112195 0.057175 1.022904
v -0.099938 0.052630 1.028831
v -0.099938 0.043893 1.034959
v -0.099938 0.037765 1.039273
v -0.112195 0.051047 1.027936
v -0.112195 0.043384 1.034065
v -0.112195 0.037255 1.038992
v -0.120455 0.075557 0.999497
v -0.118397 0.061075 0.989315
v -0.123512 0.065716 0.996212
v -0.131276 0.062185 1.001098
v -0.119776 0.054843 0.988411
v -0.125904 0.054843 0.993428
v -0.121208 0.042586 0.987974
v -0.127337 0.042586 0.991753
v -0.132903 0.054843 0.999557
v -0.134281 0.042586 0.997882
v -0.125462 0.074860 1.007966
v -0.130468 0.074164 1.014002
v -0.125462 0.070588 1.007966
v -0.125610 0.066881 1.015296
v -0.131499 0.074164 1.012329
v -0.131499 0.074164 1.014002
v -0.133889 0.066602 1.008035
v -0.135923 0.065874 1.014654
v -0.124452 0.056063 1.021673
v -0.139681 0.055830 1.007542
v -0.138659 0.057073 1.018530
v -0.140410 0.042586 1.004226
v -0.124452 0.049935 1.027178
v -0.124452 0.042983 1.033306
v -0.124452 0.036854 1.038711
v -0.136708 0.049294 1.026636
v -0.137280 0.041452 1.033854
v -0.133576 0.036610 1.038501
v -0.144331 0.052403 1.011508
v -0.145689 0.053482 1.018980
v -0.145594 0.042586 1.010354
v -0.151901 0.042503 1.020486
v -0.155743 0.038362 1.024909
v -0.149695 0.049791 1.030170
v -0.150595 0.043538 1.031392
v -0.159470 0.041768 1.033942
v -0.026398 0.030329 0.964158
v -0.026398 0.023229 0.964639
v -0.026398 0.017101 0.966070
v -0.037938 0.030869 0.964408
v -0.041546 0.027143 0.965374
v -0.033375 0.023914 0.964764
v -0.037938 0.019126 0.966286
v -0.026398 0.005816 0.968057
v -0.026398 -0.006441 0.970952
v -0.038655 0.005816 0.969213
v -0.038655 -0.006441 0.972746
v -0.047456 0.035314 0.964523
v -0.051290 0.030869 0.965604
v -0.050911 0.018072 0.967399
v -0.063168 0.030329 0.967205
v -0.063168 0.018072 0.969302
v -0.050911 0.005816 0.970365
v -0.050938 -0.007418 0.974847
v -0.063168 0.005816 0.972598
v -0.063168 -0.003237 0.975901
v -0.055041 -0.012155 0.977402
v -0.063168 -0.009366 0.978239
v -0.026784 -0.019649 0.975274
v -0.022955 -0.025627 0.976719
v -0.038655 -0.016584 0.975900
v -0.031127 -0.024368 0.977356
v -0.026784 -0.030209 0.979240
v -0.038655 -0.022712 0.978005
v -0.038655 -0.030954 0.981466
v -0.026398 -0.043211 0.984346
v -0.026398 -0.051956 0.987981
v -0.026398 -0.058084 0.990662
v -0.037893 -0.043690 0.986953
v -0.041471 -0.048094 0.989889
v -0.033299 -0.050597 0.988920
v -0.037893 -0.054997 0.991896
v -0.046869 -0.014295 0.976397
v -0.050938 -0.018507 0.979090
v -0.051555 -0.031521 0.985398
v -0.056069 -0.035985 0.989673
v -0.063168 -0.018698 0.982094
v -0.063168 -0.028853 0.987064
v -0.063168 -0.034982 0.990218
v -0.047898 -0.039923 0.987915
v -0.051555 -0.043690 0.990836
v -0.050911 -0.055468 0.995902
v -0.063168 -0.043211 0.994472
v -0.062045 -0.054270 1.000077
v -0.075425 0.030329 0.969283
v -0.075425 0.018072 0.971660
v -0.088468 0.029419 0.973481
v -0.086003 0.018072 0.974829
v -0.093078 0.024727 0.977201
v -0.092131 0.018072 0.977660
v -0.074341 0.005359 0.975363
v -0.069533 -0.000541 0.976938
v -0.084133 0.009141 0.976079
v -0.077704 0.000969 0.977669
v -0.074341 -0.005352 0.979657
v -0.088004 0.005359 0.979410
v -0.087682 -0.006441 0.984384
v -0.096770 0.032898 0.975730
v -0.100488 0.029419 0.978122
v -0.099938 0.018072 0.980127
v -0.112195 0.030329 0.983467
v -0.112864 0.018339 0.986009
v -0.117395 0.014431 0.990245
v -0.100542 0.005129 0.985348
v -0.105029 0.000585 0.989650
v -0.096186 -0.006441 0.988209
v -0.102314 -0.006441 0.991427
v -0.109224 0.008756 0.987566
v -0.112864 0.005129 0.991330
v -0.112195 -0.006441 0.996027
v -0.075891 -0.019273 0.986049
v -0.080287 -0.023741 0.989885
v -0.072116 -0.027208 0.988322
v -0.075891 -0.031158 0.991914
v -0.087682 -0.014900 0.988089
v -0.087682 -0.021028 0.991340
v -0.088361 -0.031564 0.997587
v -0.074246 -0.043650 0.998924
v -0.069375 -0.049386 1.001569
v -0.084728 -0.039857 1.000416
v -0.093929 -0.012676 0.989275
v -0.098784 -0.017536 0.994426
v -0.099938 -0.027326 0.999971
v -0.111183 -0.017528 1.000475
v -0.106423 -0.025100 1.001394
v -0.026398 0.030329 1.043011
v -0.026398 0.018072 1.041926
v -0.038655 0.030329 1.042766
v -0.038655 0.018072 1.042314
v -0.026398 0.005816 1.040841
v -0.020552 -0.012172 1.038319
v -0.025342 -0.007428 1.039505
v -0.038655 0.005816 1.041862
v -0.038655 -0.006441 1.041410
v -0.050911 0.030329 1.042520
v -0.050911 0.018072 1.042702
v -0.063168 0.030329 1.042275
v -0.063168 0.018072 1.043090
v -0.050911 0.005816 1.042883
v -0.050911 -0.006441 1.043065
v -0.063168 0.005816 1.043904
v -0.063168 -0.006441 1.044719
v -0.022291 -0.018698 1.037945
v -0.028420 -0.018698 1.039089
v -0.024862 -0.030954 1.037245
v -0.030990 -0.030954 1.038705
v -0.038655 -0.018698 1.040958
v -0.038655 -0.030954 1.040506
v -0.027398 -0.042935 1.036813
v -0.032151 -0.038666 1.038463
v -0.026398 -0.055468 1.035415
v -0.033023 -0.046837 1.038207
v -0.037727 -0.042935 1.039811
v -0.033742 -0.055468 1.037936
v -0.039870 -0.055468 1.040030
v -0.050911 -0.018698 1.043246
v -0.050911 -0.030954 1.043427
v -0.063168 -0.018698 1.045534
v -0.063168 -0.030954 1.046348
v -0.065382 -0.057558 1.003088
v -0.050911 -0.043211 1.043609
v -0.050911 -0.055468 1.043790
v -0.063168 -0.043211 1.047163
v -0.064385 -0.056657 1.048503
v -0.069281 -0.061536 1.050626
v -0.075425 0.030329 1.042030
v -0.075425 0.018072 1.043477
v -0.087682 0.030329 1.041784
v -0.087682 0.018072 1.043865
v -0.075425 0.005816 1.044925
v -0.075425 -0.006441 1.046373
v -0.087682 0.005816 1.045947
v -0.087682 -0.006441 1.048028
v -0.099938 0.030329 1.041539
v -0.099938 0.018072 1.044253
v -0.112195 0.030329 1.041293
v -0.112195 0.018072 1.044641
v -0.099938 0.005816 1.046930
v -0.099417 -0.006727 1.049559
v -0.112195 0.005816 1.047951
v -0.112195 -0.002444 1.050104
v -0.103156 -0.011004 1.051089
v -0.112195 -0.008572 1.051816
v -0.092899 -0.036056 1.002240
v -0.075425 -0.018698 1.047663
v -0.075425 -0.030954 1.048795
v -0.088205 -0.018700 1.049718
v -0.084167 -0.030954 1.050200
v -0.077546 -0.048028 1.002357
v -0.074246 -0.054270 1.005092
v -0.088361 -0.043650 1.004433
v -0.087023 -0.054701 1.011092
v -0.090669 -0.058276 1.015370
v -0.075586 -0.042581 1.049893
v -0.071607 -0.053365 1.050249
v -0.082123 -0.038076 1.050529
v -0.099938 -0.033454 1.003978
v -0.114594 -0.020834 1.004350
v -0.111691 -0.030684 1.008324
v -0.116959 -0.036269 1.014636
v -0.094984 -0.014616 1.050432
v -0.100061 -0.043552 1.010398
v -0.104229 -0.047864 1.014697
v -0.096058 -0.050104 1.013088
v -0.100061 -0.054701 1.017695
v -0.108788 -0.039693 1.012298
v -0.112602 -0.043552 1.016822
v -0.111043 -0.055041 1.023678
v -0.114361 -0.058841 1.028970
v -0.092639 -0.022787 1.051050
v -0.090295 -0.030954 1.051909
v -0.079778 -0.046247 1.051270
v -0.075586 -0.056657 1.051918
v -0.086798 -0.042581 1.053073
v -0.087682 -0.055468 1.056105
v -0.099417 -0.018700 1.052028
v -0.099938 -0.030954 1.054817
v -0.112195 -0.018698 1.054662
v -0.112195 -0.030954 1.057964
v -0.099938 -0.043211 1.057622
v -0.100471 -0.055694 1.060699
v -0.104912 -0.059931 1.063302
v -0.112114 -0.043024 1.061203
v -0.116145 -0.046985 1.063581
v -0.107974 -0.051760 1.062261
v -0.112114 -0.055694 1.064710
v -0.026398 -0.067724 0.994936
v -0.025395 -0.079831 0.999985
v -0.038551 -0.068438 0.998554
v -0.034397 -0.075645 1.000986
v -0.020641 -0.086521 1.001385
v -0.050911 -0.064064 1.000408
v -0.057211 -0.061654 1.001565
v -0.028812 -0.083817 1.002936
v -0.042568 -0.073000 1.002015
v -0.038551 -0.079831 1.004693
v -0.026398 -0.067724 1.034519
v -0.026398 -0.079981 1.033811
v -0.034021 -0.067724 1.037741
v -0.040150 -0.067724 1.040340
v -0.033712 -0.079981 1.037734
v -0.039840 -0.079981 1.041027
v -0.026249 -0.092271 1.007305
v -0.031856 -0.098021 1.014188
v -0.023685 -0.101328 1.011674
v -0.027222 -0.105046 1.016999
v -0.038655 -0.089921 1.011280
v -0.038655 -0.096049 1.015687
v -0.037721 -0.104367 1.022485
v -0.026398 -0.092238 1.033103
v -0.026398 -0.104495 1.032395
v -0.033513 -0.092238 1.037727
v -0.039641 -0.092238 1.041713
v -0.036721 -0.106154 1.033939
v -0.039503 -0.104495 1.042400
v -0.050911 -0.070193 1.003660
v -0.050469 -0.080505 1.010190
v -0.054260 -0.084940 1.014750
v -0.063195 -0.067710 1.007593
v -0.069179 -0.073765 1.013907
v -0.061008 -0.076769 1.012098
v -0.064323 -0.080505 1.016434
v -0.050911 -0.067724 1.044671
v -0.050911 -0.079981 1.046250
v -0.061883 -0.067724 1.048823
v -0.059357 -0.079981 1.049716
v -0.046089 -0.087451 1.013167
v -0.051176 -0.092638 1.019442
v -0.048091 -0.100196 1.024133
v -0.063168 -0.089294 1.023166
v -0.056262 -0.097825 1.026660
v -0.051549 -0.092036 1.048214
v -0.051172 -0.104676 1.031865
v -0.050781 -0.106492 1.045566
v -0.063168 -0.095422 1.029077
v -0.057743 -0.087816 1.050315
v -0.063168 -0.100638 1.035206
v -0.062353 -0.106521 1.045218
v -0.068011 -0.067724 1.051666
v -0.065486 -0.079981 1.053741
v -0.056059 -0.095987 1.051425
v -0.054306 -0.104495 1.052863
v -0.063478 -0.092990 1.056494
v -0.069213 -0.098163 1.062946
v -0.063543 -0.106395 1.056929
v -0.067907 -0.104495 1.064018
v -0.026398 -0.112777 1.023661
v -0.033013 -0.110854 1.025792
v -0.027624 -0.113988 1.030932
v -0.036462 -0.112204 1.034122
v -0.039473 -0.116960 1.043859
v -0.046082 -0.111344 1.037070
v -0.049451 -0.112442 1.046262
v -0.057724 -0.110988 1.049787
v -0.052396 -0.116527 1.055090
v -0.061005 -0.114291 1.059172
v -0.065347 -0.116631 1.066465
v -0.075425 -0.065246 1.011522
v -0.075425 -0.071374 1.015943
v -0.075038 -0.080177 1.022438
v -0.082498 -0.062464 1.013338
v -0.087581 -0.067677 1.020063
v -0.084493 -0.076222 1.024755
v -0.078866 -0.084393 1.027739
v -0.092664 -0.072890 1.026995
v -0.088230 -0.080735 1.031452
v -0.091968 -0.085248 1.039575
v -0.070695 -0.086811 1.025372
v -0.074413 -0.091488 1.032712
v -0.078131 -0.096164 1.042422
v -0.069960 -0.098778 1.037686
v -0.074597 -0.100056 1.045702
v -0.083797 -0.087993 1.035910
v -0.086771 -0.091894 1.045084
v -0.081574 -0.098380 1.050593
v -0.099938 -0.063968 1.024149
v -0.106190 -0.061636 1.026062
v -0.101156 -0.070844 1.031543
v -0.106054 -0.073845 1.038377
v -0.097883 -0.077077 1.035166
v -0.100968 -0.080847 1.043062
v -0.111043 -0.064690 1.032727
v -0.113080 -0.071753 1.043275
v -0.109584 -0.076447 1.046548
v -0.095881 -0.087624 1.047746
v -0.075425 -0.067724 1.054929
v -0.076485 -0.081032 1.059726
v -0.081278 -0.085819 1.062972
v -0.088547 -0.068545 1.059939
v -0.093210 -0.073177 1.063091
v -0.085039 -0.077648 1.061636
v -0.088547 -0.081032 1.063965
v -0.073106 -0.089992 1.061563
v -0.076485 -0.093342 1.063309
v -0.074762 -0.105755 1.057659
v -0.075894 -0.105364 1.064799
v -0.089819 -0.095825 1.056749
v -0.089096 -0.093872 1.064294
v -0.083691 -0.099681 1.056749
v -0.088742 -0.105146 1.068589
v -0.096741 -0.065006 1.061800
v -0.100471 -0.068545 1.064268
v -0.104053 -0.084618 1.053545
v -0.099938 -0.079981 1.067628
v -0.117755 -0.073409 1.051411
v -0.112195 -0.067724 1.068260
v -0.112244 -0.080028 1.056563
v -0.113674 -0.081753 1.070307
v -0.099956 -0.089315 1.057278
v -0.100811 -0.093000 1.068573
v -0.106733 -0.086669 1.061716
v -0.111259 -0.088417 1.071051
v -0.070235 -0.111009 1.062351
v -0.074407 -0.116680 1.070292
v -0.120490 0.030329 0.988384
v -0.126618 0.030329 0.992326
v -0.119228 0.022602 0.988671
v -0.123769 0.018339 0.993572
v -0.134455 0.030329 0.998455
v -0.133126 0.018072 1.000078
v -0.124283 0.006159 0.998158
v -0.119714 -0.006441 1.000066
v -0.131342 0.010473 1.001030
v -0.118416 -0.012663 1.001541
v -0.140583 0.030329 1.003859
v -0.139255 0.018072 1.004604
v -0.124452 0.030329 1.040868
v -0.124452 0.018072 1.044489
v -0.141747 0.036282 1.038314
v -0.137280 0.031450 1.039913
v -0.136708 0.018072 1.043798
v -0.128256 0.002302 1.002773
v -0.125842 -0.006441 1.004431
v -0.135940 0.006159 1.006183
v -0.136386 -0.005996 1.010992
v -0.140257 -0.009785 1.015583
v -0.124452 0.005816 1.048107
v -0.124452 -0.001522 1.050267
v -0.136708 0.005816 1.047330
v -0.136708 -0.002973 1.049857
v -0.146297 0.030329 1.009987
v -0.152426 0.030329 1.017598
v -0.145876 0.018072 1.010732
v -0.152004 0.018072 1.017593
v -0.156456 0.030329 1.023726
v -0.156759 0.018072 1.023721
v -0.148965 0.035478 1.038149
v -0.148965 0.029349 1.039664
v -0.148965 0.018072 1.042481
v -0.160730 0.032297 1.035052
v -0.162508 0.029951 1.040002
v -0.161363 0.018072 1.032236
v -0.162248 0.018072 1.040996
v -0.144483 0.005816 1.012574
v -0.150611 0.005816 1.018507
v -0.143412 -0.001614 1.013474
v -0.148400 -0.005648 1.020466
v -0.156305 0.005816 1.024635
v -0.155654 -0.001512 1.025349
v -0.148965 0.005816 1.045963
v -0.153388 -0.009683 1.028014
v -0.148965 -0.004424 1.049275
v -0.160747 0.005816 1.032236
v -0.161099 0.007041 1.041917
v -0.158084 -0.005935 1.032154
v -0.159929 -0.007150 1.045027
v -0.124452 -0.007650 1.052204
v -0.136708 -0.009101 1.051996
v -0.148965 -0.010552 1.051787
v -0.160885 -0.011923 1.052017
v -0.123924 -0.018274 1.008359
v -0.129433 -0.023885 1.014271
v -0.121262 -0.028097 1.012521
v -0.124989 -0.031692 1.016411
v -0.132086 -0.015713 1.012368
v -0.136386 -0.019358 1.017042
v -0.135875 -0.030469 1.022742
v -0.139405 -0.034231 1.028590
v -0.124043 -0.042684 1.023053
v -0.119684 -0.050670 1.025342
v -0.131234 -0.038247 1.025083
v -0.127856 -0.046418 1.028522
v -0.123580 -0.054649 1.032831
v -0.127475 -0.058627 1.041710
v -0.135711 -0.042441 1.032642
v -0.140757 -0.047215 1.044492
v -0.132017 -0.050456 1.036693
v -0.134084 -0.054912 1.045274
v -0.145360 -0.018698 1.023652
v -0.143821 -0.026059 1.025187
v -0.152123 -0.019801 1.032154
v -0.154949 -0.024622 1.038576
v -0.146333 -0.030469 1.032500
v -0.152618 -0.031530 1.043394
v -0.156863 -0.016451 1.036185
v -0.159444 -0.019801 1.043394
v -0.156938 -0.027828 1.046747
v -0.143738 -0.038465 1.036762
v -0.145979 -0.041086 1.044492
v -0.124452 -0.018698 1.055636
v -0.124452 -0.030954 1.059333
v -0.136708 -0.018698 1.055252
v -0.136708 -0.030954 1.059013
v -0.124452 -0.039483 1.062029
v -0.124452 -0.045611 1.064224
v -0.124452 -0.055468 1.067766
v -0.139281 -0.043891 1.057150
v -0.136708 -0.046031 1.064113
v -0.139488 -0.055626 1.055652
v -0.137845 -0.056621 1.066645
v -0.148965 -0.018698 1.053985
v -0.150609 -0.032455 1.054688
v -0.162537 -0.019150 1.055271
v -0.158257 -0.030412 1.056030
v -0.147889 -0.042969 1.057249
v -0.148947 -0.046579 1.065657
v -0.144850 -0.051646 1.059006
v -0.148007 -0.053836 1.069689
v -0.119304 -0.062634 1.037141
v -0.123814 -0.064641 1.045274
v -0.131022 -0.061991 1.049881
v -0.124527 -0.070222 1.055997
v -0.125536 -0.068809 1.068303
v -0.120492 -0.075438 1.059582
v -0.122466 -0.080221 1.070720
v -0.132616 -0.063519 1.056749
v -0.135802 -0.066766 1.069148
vt 0.174234 0.802988
vt 0.161669 0.795389
vt 0.158815 0.776814
vt 0.171308 0.776836
vt 0.144944 0.672114
vt 0.133409 0.683573
vt 0.113766 0.652651
vt 0.143858 0.652909
vt 0.169568 0.686219
vt 0.149554 0.692380
vt 0.157118 0.661539
vt 0.182018 0.706755
vt 0.157630 0.717115
vt 0.133168 0.707208
vt 0.188252 0.680059
vt 0.179444 0.653870
vt 0.155418 0.641273
vt 0.150951 0.685562
vt 0.149823 0.655163
vt 0.109412 0.655603
vt 0.114900 0.685562
vt 0.147780 0.719185
vt 0.118515 0.714118
vt 0.106027 0.609581
vt 0.096483 0.621734
vt 0.087496 0.594365
vt 0.104961 0.594365
vt 0.103332 0.563966
vt 0.079534 0.563966
vt 0.074434 0.533567
vt 0.104772 0.530995
vt 0.196987 0.624764
vt 0.170620 0.624764
vt 0.167633 0.601868
vt 0.190788 0.594719
vt 0.165734 0.581602
vt 0.152501 0.592787
vt 0.152899 0.624764
vt 0.164379 0.563966
vt 0.143359 0.563966
vt 0.132128 0.530995
vt 0.161945 0.533567
vt 0.185378 0.533567
vt 0.185735 0.563966
vt 0.124805 0.621734
vt 0.107424 0.629847
vt 0.121468 0.594365
vt 0.117298 0.539414
vt 0.119303 0.563966
vt 0.116471 0.519148
vt 0.032962 0.567054
vt 0.023517 0.562711
vt 0.024584 0.533567
vt 0.043441 0.533567
vt 0.064005 0.565629
vt 0.064556 0.555477
vt 0.056719 0.533567
vt 0.061278 0.533567
vt 0.148298 0.624764
vt 0.146377 0.594365
vt 0.107454 0.594365
vt 0.110337 0.624764
vt 0.159953 0.546470
vt 0.144528 0.535229
vt 0.133447 0.552513
vt 0.146308 0.563174
vt 0.105318 0.571527
vt 0.103877 0.556327
vt 0.101687 0.533567
vt 0.070002 0.594365
vt 0.069973 0.625646
vt 0.201482 0.646201
vt 0.095340 0.640843
vt 0.074624 0.651693
vt 0.164880 0.746361
vt 0.152331 0.746361
vt 0.320424 0.762613
vt 0.344908 0.765147
vt 0.337097 0.774585
vt 0.306333 0.766111
vt 0.298003 0.793420
vt 0.282786 0.802823
vt 0.274965 0.785198
vt 0.285855 0.777380
vt 0.323042 0.796422
vt 0.317242 0.805068
vt 0.328288 0.786198
vt 0.312640 0.783086
vt 0.255510 0.767918
vt 0.236855 0.778373
vt 0.387432 0.767459
vt 0.425890 0.772920
vt 0.415399 0.784514
vt 0.376248 0.780798
vt 0.363836 0.798268
vt 0.403679 0.796555
vt 0.394418 0.806909
vt 0.352504 0.808017
vt 0.369081 0.789286
vt 0.408925 0.790758
vt 0.465041 0.775267
vt 0.504192 0.772268
vt 0.493702 0.779520
vt 0.454551 0.784445
vt 0.446083 0.789566
vt 0.452958 0.791243
vt 0.435274 0.797035
vt 0.430885 0.794166
vt 0.483211 0.783135
vt 0.471654 0.787825
vt 0.454396 0.793198
vt 0.386879 0.810418
vt 0.386399 0.776760
vt 0.346319 0.775938
vt 0.362271 0.809394
vt 0.460939 0.802712
vt 0.467774 0.780558
vt 0.425091 0.776760
vt 0.418878 0.807586
vt 0.334004 0.785522
vt 0.195047 0.779738
vt 0.189011 0.777702
vt 0.178288 0.796532
vt 0.191489 0.804379
vt 0.232180 0.771013
vt 0.310019 0.767886
vt 0.271100 0.769450
vt 0.254128 0.671860
vt 0.250555 0.655163
vt 0.283021 0.657865
vt 0.278284 0.683421
vt 0.341679 0.703312
vt 0.365457 0.708175
vt 0.360953 0.723374
vt 0.322032 0.714836
vt 0.330710 0.733006
vt 0.355708 0.739216
vt 0.334301 0.685562
vt 0.311407 0.685562
vt 0.304920 0.669800
vt 0.329585 0.655012
vt 0.372596 0.659902
vt 0.369485 0.685562
vt 0.301086 0.649533
vt 0.354149 0.640224
vt 0.374781 0.644703
vt 0.290089 0.706093
vt 0.294900 0.624764
vt 0.270979 0.624764
vt 0.266387 0.607045
vt 0.285212 0.595893
vt 0.263470 0.586779
vt 0.239984 0.597307
vt 0.244358 0.624764
vt 0.261507 0.563966
vt 0.237355 0.563966
vt 0.237983 0.533566
vt 0.261501 0.533566
vt 0.290216 0.533566
vt 0.289960 0.563966
vt 0.353888 0.626075
vt 0.347735 0.594365
vt 0.377840 0.594365
vt 0.371701 0.626075
vt 0.343720 0.563966
vt 0.343381 0.533566
vt 0.378411 0.533567
vt 0.378668 0.563966
vt 0.325977 0.594365
vt 0.336306 0.626075
vt 0.321183 0.533567
vt 0.321393 0.563966
vt 0.417049 0.734790
vt 0.397463 0.747556
vt 0.389020 0.728362
vt 0.406901 0.717322
vt 0.443991 0.737214
vt 0.437726 0.752413
vt 0.450126 0.713990
vt 0.424384 0.680001
vt 0.413945 0.655759
vt 0.457896 0.655163
vt 0.454660 0.688305
vt 0.483863 0.738707
vt 0.522791 0.737512
vt 0.516218 0.752712
vt 0.477422 0.753907
vt 0.489108 0.720727
vt 0.528036 0.721044
vt 0.495141 0.685562
vt 0.498126 0.655163
vt 0.537339 0.655163
vt 0.534213 0.685562
vt 0.492311 0.705528
vt 0.531255 0.705844
vt 0.410353 0.688305
vt 0.439588 0.700267
vt 0.396701 0.666288
vt 0.466367 0.702543
vt 0.418589 0.624764
vt 0.420202 0.594365
vt 0.463389 0.596413
vt 0.460084 0.624764
vt 0.476000 0.563966
vt 0.454973 0.563966
vt 0.462569 0.531157
vt 0.477340 0.539683
vt 0.420482 0.563966
vt 0.420323 0.533567
vt 0.548625 0.610154
vt 0.536638 0.622078
vt 0.522450 0.609112
vt 0.537975 0.597133
vt 0.503910 0.590061
vt 0.503670 0.602221
vt 0.500428 0.624764
vt 0.507127 0.568974
vt 0.498925 0.531157
vt 0.539910 0.530527
vt 0.537832 0.566935
vt 0.478783 0.587645
vt 0.483062 0.519417
vt 0.278756 0.735569
vt 0.258108 0.740479
vt 0.248097 0.726271
vt 0.269411 0.716182
vt 0.240678 0.706005
vt 0.226862 0.716067
vt 0.232694 0.732926
vt 0.220680 0.738168
vt 0.200007 0.747868
vt 0.187588 0.727021
vt 0.200013 0.716518
vt 0.246896 0.754541
vt 0.226018 0.759006
vt 0.239345 0.683421
vt 0.207174 0.688340
vt 0.206874 0.666467
vt 0.222732 0.655866
vt 0.311335 0.744421
vt 0.286757 0.756685
vt 0.302246 0.726359
vt 0.260066 0.692126
vt 0.195097 0.700325
vt 0.273707 0.760784
vt 0.231319 0.746361
vt 0.230374 0.715962
vt 0.191191 0.715962
vt 0.192467 0.746361
vt 0.229428 0.685562
vt 0.228483 0.655163
vt 0.188640 0.655163
vt 0.189916 0.685562
vt 0.309024 0.746361
vt 0.308739 0.715962
vt 0.269556 0.715962
vt 0.270172 0.746361
vt 0.308454 0.685562
vt 0.308168 0.655163
vt 0.268326 0.655163
vt 0.268941 0.685562
vt 0.227538 0.624764
vt 0.226592 0.594365
vt 0.186090 0.594365
vt 0.187365 0.624764
vt 0.225647 0.563966
vt 0.224702 0.533567
vt 0.183732 0.535229
vt 0.184814 0.563966
vt 0.307883 0.624764
vt 0.307598 0.594365
vt 0.267095 0.594365
vt 0.267710 0.624764
vt 0.307312 0.563966
vt 0.307027 0.533567
vt 0.265864 0.533567
vt 0.266480 0.563966
vt 0.386730 0.746361
vt 0.387104 0.715962
vt 0.347921 0.715962
vt 0.347877 0.746361
vt 0.387479 0.685562
vt 0.387854 0.655163
vt 0.348011 0.655163
vt 0.347966 0.685562
vt 0.464435 0.746361
vt 0.465469 0.715962
vt 0.426287 0.715962
vt 0.425582 0.746361
vt 0.466499 0.685562
vt 0.467243 0.662521
vt 0.430308 0.652896
vt 0.426986 0.685562
vt 0.468542 0.624764
vt 0.469513 0.594365
vt 0.434106 0.594365
vt 0.441029 0.624764
vt 0.470547 0.563966
vt 0.471646 0.533567
vt 0.430416 0.533567
vt 0.425993 0.565754
vt 0.399835 0.533567
vt 0.405102 0.556813
vt 0.388146 0.624764
vt 0.388355 0.594365
vt 0.348018 0.594365
vt 0.348028 0.624764
vt 0.390278 0.565754
vt 0.379294 0.533567
vt 0.348162 0.533567
vt 0.348062 0.563966
vt 0.420919 0.624764
vt 0.413785 0.594365
vt 0.409728 0.577079
vt 0.467766 0.647321
vt 0.445627 0.641252
vt 0.211008 0.563966
vt 0.210208 0.533566
vt 0.213438 0.587569
vt 0.216282 0.607835
vt 0.219298 0.624764
vt 0.169659 0.526204
vt 0.405905 0.762442
vt 0.432480 0.763964
vt 0.472177 0.765127
vt 0.510973 0.763950
vt 0.350153 0.754416
vt 0.378341 0.760323
vt 0.099562 0.503167
vt 0.072574 0.503167
vt 0.074587 0.472768
vt 0.099319 0.472768
vt 0.099786 0.442369
vt 0.075990 0.442369
vt 0.078035 0.411970
vt 0.104121 0.411633
vt 0.160411 0.503167
vt 0.133111 0.503167
vt 0.131782 0.472768
vt 0.159097 0.472768
vt 0.181311 0.472768
vt 0.183907 0.503167
vt 0.158162 0.442369
vt 0.130994 0.442369
vt 0.130111 0.411633
vt 0.159609 0.411970
vt 0.184365 0.411970
vt 0.181196 0.442369
vt 0.115706 0.503167
vt 0.115124 0.472768
vt 0.115486 0.442369
vt 0.115967 0.421541
vt 0.116735 0.401275
vt 0.043303 0.503167
vt 0.019278 0.502017
vt 0.017512 0.469822
vt 0.044281 0.472768
vt 0.057196 0.472768
vt 0.056876 0.503167
vt 0.059366 0.503167
vt 0.060263 0.472768
vt 0.045182 0.442369
vt 0.019245 0.442369
vt 0.021029 0.414354
vt 0.045582 0.421569
vt 0.057670 0.409170
vt 0.055668 0.411649
vt 0.057687 0.442369
vt 0.061629 0.442369
vt 0.153382 0.472768
vt 0.132283 0.472768
vt 0.144133 0.502678
vt 0.159808 0.492218
vt 0.101820 0.472768
vt 0.100771 0.503167
vt 0.118578 0.411970
vt 0.096900 0.411970
vt 0.105535 0.442633
vt 0.122017 0.432675
vt 0.126389 0.452941
vt 0.142915 0.442633
vt 0.147276 0.411970
vt 0.103965 0.381571
vt 0.084143 0.381571
vt 0.094141 0.350438
vt 0.105373 0.360082
vt 0.163094 0.381571
vt 0.139625 0.381571
vt 0.150876 0.350959
vt 0.165569 0.360950
vt 0.167497 0.340684
vt 0.191800 0.352486
vt 0.189333 0.381571
vt 0.195226 0.320772
vt 0.170102 0.320772
vt 0.170577 0.288357
vt 0.199286 0.290373
vt 0.151944 0.320772
vt 0.154324 0.297147
vt 0.128969 0.320772
vt 0.107561 0.320772
vt 0.110673 0.293203
vt 0.142162 0.288357
vt 0.106406 0.339816
vt 0.117946 0.350438
vt 0.117441 0.381571
vt 0.094691 0.320772
vt 0.095430 0.305222
vt 0.156027 0.276881
vt 0.149158 0.381571
vt 0.151294 0.351171
vt 0.108301 0.351171
vt 0.106308 0.379317
vt 0.154435 0.323524
vt 0.143854 0.290373
vt 0.108049 0.290198
vt 0.110467 0.320772
vt 0.057008 0.382057
vt 0.091288 0.387948
vt 0.063075 0.376296
vt 0.065705 0.352274
vt 0.083719 0.295264
vt 0.078269 0.320772
vt 0.166130 0.290373
vt 0.170470 0.315226
vt 0.144332 0.259974
vt 0.129349 0.257527
vt 0.137302 0.237410
vt 0.145209 0.242634
vt 0.156611 0.228504
vt 0.160370 0.231330
vt 0.157986 0.259974
vt 0.155927 0.260078
vt 0.179259 0.198576
vt 0.166592 0.202215
vt 0.180269 0.178765
vt 0.182890 0.178765
vt 0.186916 0.258744
vt 0.189296 0.229575
vt 0.191960 0.208309
vt 0.111653 0.262594
vt 0.138832 0.270281
vt 0.260780 0.503167
vt 0.237696 0.503167
vt 0.239083 0.472768
vt 0.261760 0.472768
vt 0.289575 0.472768
vt 0.290291 0.503167
vt 0.283683 0.439364
vt 0.265493 0.427228
vt 0.267898 0.411970
vt 0.290002 0.411970
vt 0.247090 0.439364
vt 0.264768 0.447494
vt 0.242024 0.411970
vt 0.343731 0.503167
vt 0.347362 0.472768
vt 0.376681 0.472768
vt 0.377833 0.503167
vt 0.333979 0.444306
vt 0.330228 0.411970
vt 0.372358 0.411245
vt 0.359547 0.435465
vt 0.325739 0.472768
vt 0.321921 0.503167
vt 0.350450 0.455731
vt 0.374940 0.444306
vt 0.386965 0.420894
vt 0.296155 0.381571
vt 0.273928 0.381571
vt 0.284622 0.349602
vt 0.301447 0.358689
vt 0.239932 0.381571
vt 0.236512 0.352962
vt 0.247387 0.320772
vt 0.251772 0.300065
vt 0.275239 0.290108
vt 0.280266 0.320772
vt 0.328530 0.381571
vt 0.324610 0.349602
vt 0.368505 0.351171
vt 0.371055 0.381571
vt 0.362733 0.320460
vt 0.346281 0.310119
vt 0.359789 0.290700
vt 0.373005 0.301051
vt 0.321789 0.320460
vt 0.335714 0.330385
vt 0.320302 0.290373
vt 0.308578 0.338423
vt 0.420105 0.503167
vt 0.418704 0.472768
vt 0.459957 0.472768
vt 0.461331 0.503167
vt 0.417070 0.442369
vt 0.413015 0.411245
vt 0.456227 0.411970
vt 0.458276 0.442369
vt 0.506409 0.503167
vt 0.486278 0.503167
vt 0.499616 0.474272
vt 0.513307 0.485407
vt 0.539904 0.468970
vt 0.541082 0.484170
vt 0.539477 0.506207
vt 0.498741 0.442369
vt 0.496451 0.411970
vt 0.536253 0.411970
vt 0.538342 0.442369
vt 0.410582 0.379394
vt 0.410084 0.351171
vt 0.448341 0.352158
vt 0.434522 0.367809
vt 0.406915 0.320772
vt 0.406483 0.290700
vt 0.444209 0.290373
vt 0.447710 0.320772
vt 0.493530 0.381571
vt 0.491795 0.362562
vt 0.530753 0.363639
vt 0.532904 0.381571
vt 0.487513 0.320772
vt 0.483749 0.290373
vt 0.521512 0.290093
vt 0.526064 0.320772
vt 0.450966 0.379394
vt 0.461415 0.362949
vt 0.490379 0.347362
vt 0.529152 0.348439
vt 0.423961 0.388075
vt 0.396875 0.400628
vt 0.393605 0.280785
vt 0.225121 0.503167
vt 0.226905 0.472768
vt 0.185712 0.472768
vt 0.183971 0.502678
vt 0.228689 0.442369
vt 0.230473 0.411970
vt 0.189460 0.411970
vt 0.187586 0.442369
vt 0.307688 0.503167
vt 0.312531 0.470588
vt 0.268102 0.472768
vt 0.266405 0.503167
vt 0.299644 0.442369
vt 0.291548 0.426928
vt 0.268601 0.414865
vt 0.269817 0.442369
vt 0.235835 0.320772
vt 0.237613 0.290373
vt 0.196957 0.290373
vt 0.191247 0.323524
vt 0.314105 0.381571
vt 0.315711 0.351171
vt 0.274886 0.351171
vt 0.270308 0.383677
vt 0.317315 0.320772
vt 0.318918 0.290373
vt 0.278266 0.290373
vt 0.276577 0.320772
vt 0.230729 0.353600
vt 0.240967 0.374948
vt 0.201115 0.345087
vt 0.228965 0.383677
vt 0.214314 0.365353
vt 0.189435 0.353600
vt 0.191357 0.381571
vt 0.388867 0.503394
vt 0.391683 0.472768
vt 0.351566 0.470588
vt 0.364833 0.493412
vt 0.393101 0.442369
vt 0.394526 0.411970
vt 0.353513 0.411970
vt 0.351998 0.442369
vt 0.472818 0.503167
vt 0.474063 0.472768
vt 0.432870 0.472768
vt 0.431535 0.503167
vt 0.475307 0.442369
vt 0.480224 0.409521
vt 0.435539 0.411970
vt 0.434204 0.442369
vt 0.395950 0.381571
vt 0.397375 0.351171
vt 0.356542 0.351171
vt 0.355027 0.381571
vt 0.401068 0.289582
vt 0.387589 0.299188
vt 0.399618 0.320471
vt 0.414206 0.310137
vt 0.360645 0.289582
vt 0.375402 0.278921
vt 0.358056 0.320772
vt 0.476855 0.352275
vt 0.461357 0.363144
vt 0.469349 0.381571
vt 0.489811 0.381571
vt 0.437865 0.352275
vt 0.451677 0.342878
vt 0.436873 0.381571
vt 0.480286 0.320772
vt 0.481531 0.290373
vt 0.440877 0.290373
vt 0.439260 0.320471
vt 0.425030 0.330403
vt 0.308444 0.414865
vt 0.320171 0.442369
vt 0.328936 0.459001
vt 0.349932 0.503394
vt 0.338028 0.479268
vt 0.280870 0.406662
vt 0.496743 0.397756
vt 0.254163 0.395214
vt 0.174465 0.335492
vt 0.373684 0.513678
vt 0.316920 0.259974
vt 0.318046 0.232243
vt 0.355267 0.229575
vt 0.358715 0.259974
vt 0.287203 0.259974
vt 0.293128 0.244154
vt 0.332949 0.214226
vt 0.353206 0.211250
vt 0.403423 0.262640
vt 0.440328 0.256189
vt 0.442060 0.271389
vt 0.420369 0.274551
vt 0.396436 0.229575
vt 0.436914 0.229575
vt 0.479109 0.254855
vt 0.517337 0.261573
vt 0.506640 0.272773
vt 0.481370 0.270055
vt 0.475637 0.229575
vt 0.513096 0.229575
vt 0.393142 0.205458
vt 0.432966 0.203139
vt 0.472060 0.204817
vt 0.510314 0.209383
vt 0.225319 0.258744
vt 0.206610 0.247792
vt 0.211453 0.229575
vt 0.234981 0.229575
vt 0.274380 0.232243
vt 0.265075 0.259974
vt 0.239865 0.259974
vt 0.239489 0.230921
vt 0.201175 0.229575
vt 0.198987 0.259974
vt 0.264908 0.199147
vt 0.247670 0.188995
vt 0.259920 0.167663
vt 0.275667 0.177054
vt 0.219089 0.198652
vt 0.241174 0.209261
vt 0.227242 0.168776
vt 0.205171 0.170622
vt 0.187488 0.172468
vt 0.199557 0.201005
vt 0.203795 0.190068
vt 0.225279 0.212358
vt 0.242059 0.201005
vt 0.247603 0.168776
vt 0.282929 0.230921
vt 0.267115 0.241952
vt 0.279744 0.259244
vt 0.293979 0.248625
vt 0.320540 0.268969
vt 0.322660 0.253770
vt 0.326079 0.229575
vt 0.314559 0.202126
vt 0.304137 0.167663
vt 0.347900 0.168776
vt 0.351469 0.196050
vt 0.329774 0.199479
vt 0.317774 0.179148
vt 0.290750 0.168919
vt 0.287561 0.199176
vt 0.252224 0.221686
vt 0.296742 0.157835
vt 0.334014 0.168919
vt 0.345288 0.189549
vt 0.305671 0.223888
vt 0.296742 0.150931
vt 0.339510 0.144260
vt 0.344019 0.144260
vt 0.314402 0.148285
vt 0.221638 0.152751
vt 0.247802 0.146836
vt 0.256135 0.152751
vt 0.232996 0.152475
vt 0.278739 0.153577
vt 0.402616 0.259974
vt 0.405975 0.229575
vt 0.366662 0.229575
vt 0.363231 0.261820
vt 0.391251 0.190258
vt 0.388250 0.168776
vt 0.427363 0.168776
vt 0.430634 0.187940
vt 0.410547 0.187204
vt 0.412657 0.168776
vt 0.375071 0.168776
vt 0.371963 0.190625
vt 0.482969 0.259974
vt 0.484601 0.229575
vt 0.445288 0.229575
vt 0.442792 0.259974
vt 0.469250 0.189617
vt 0.465268 0.168776
vt 0.501475 0.167409
vt 0.507416 0.194183
vt 0.486175 0.199176
vt 0.488567 0.168274
vt 0.457384 0.178073
vt 0.445214 0.196743
vt 0.431737 0.184988
vt 0.447483 0.168274
vt 0.408904 0.202403
vt 0.369888 0.205824
vt 0.493795 0.157085
vt 0.379356 0.143314
vt 0.417509 0.143828
vt 0.422618 0.143828
vt 0.383738 0.143314
vt 0.455661 0.146942
vt 0.493795 0.149101
vt 0.485813 0.151176
vt 0.461059 0.146942
vt 0.348816 0.273184
vt 0.502706 0.147026
vt 0.208319 0.503167
vt 0.205491 0.472768
vt 0.205221 0.442369
vt 0.208550 0.411970
vt 0.213463 0.381571
vt 0.215447 0.364289
vt 0.169659 0.512485
vt 0.233921 0.290108
vt 0.224364 0.320772
vt 0.219675 0.344022
vt 0.202620 0.268058
vt 0.531944 0.279773
vt 0.258049 0.279799
vt 0.601147 0.716816
vt 0.607629 0.727518
vt 0.591843 0.737289
vt 0.584756 0.732833
vt 0.560868 0.734551
vt 0.551051 0.750446
vt 0.566585 0.714243
vt 0.571645 0.687417
vt 0.575748 0.655163
vt 0.613696 0.655163
vt 0.610215 0.678951
vt 0.625114 0.733892
vt 0.634664 0.718439
vt 0.665927 0.717463
vt 0.668981 0.734009
vt 0.646753 0.686770
vt 0.679518 0.679030
vt 0.673152 0.694030
vt 0.654515 0.699884
vt 0.662527 0.668564
vt 0.684763 0.663533
vt 0.630980 0.707252
vt 0.651743 0.657124
vt 0.637662 0.673656
vt 0.582255 0.698786
vt 0.607439 0.694150
vt 0.688501 0.648333
vt 0.556838 0.702965
vt 0.583643 0.594583
vt 0.598447 0.604862
vt 0.582124 0.622078
vt 0.572394 0.610154
vt 0.619503 0.588622
vt 0.619040 0.603821
vt 0.617276 0.624764
vt 0.581179 0.563966
vt 0.581150 0.533567
vt 0.620105 0.533567
vt 0.619990 0.563966
vt 0.655039 0.624764
vt 0.657377 0.595631
vt 0.694731 0.594365
vt 0.691860 0.624764
vt 0.659501 0.535034
vt 0.674666 0.535034
vt 0.671972 0.563966
vt 0.653174 0.563966
vt 0.692687 0.535034
vt 0.696100 0.563966
vt 0.645293 0.586343
vt 0.718802 0.654495
vt 0.725486 0.666201
vt 0.712997 0.687281
vt 0.702056 0.672664
vt 0.756515 0.644542
vt 0.751261 0.660436
vt 0.733337 0.684927
vt 0.774735 0.640097
vt 0.784644 0.646518
vt 0.726444 0.624959
vt 0.731183 0.594365
vt 0.765669 0.593502
vt 0.750679 0.614956
vt 0.733268 0.563966
vt 0.733783 0.533567
vt 0.770053 0.533567
vt 0.769111 0.563966
vt 0.833100 0.591480
vt 0.841850 0.599690
vt 0.826230 0.624150
vt 0.818036 0.612692
vt 0.791842 0.623601
vt 0.798460 0.632958
vt 0.799305 0.593502
vt 0.812921 0.563966
vt 0.817897 0.533567
vt 0.838772 0.533567
vt 0.837663 0.563966
vt 0.760338 0.624959
vt 0.774817 0.603059
vt 0.800430 0.533567
vt 0.795660 0.563966
vt 0.735548 0.635222
vt 0.789151 0.582793
vt 0.711248 0.642788
vt 0.810610 0.643004
vt 0.590842 0.715962
vt 0.564228 0.716029
vt 0.565356 0.744041
vt 0.580816 0.737006
vt 0.547322 0.752778
vt 0.537515 0.744041
vt 0.546245 0.726206
vt 0.532059 0.716029
vt 0.502441 0.715962
vt 0.496861 0.746361
vt 0.515228 0.746361
vt 0.535511 0.666384
vt 0.510783 0.657435
vt 0.507278 0.685562
vt 0.533821 0.685562
vt 0.561972 0.656643
vt 0.540422 0.646118
vt 0.554827 0.685562
vt 0.620771 0.734268
vt 0.618571 0.740009
vt 0.628529 0.728615
vt 0.622366 0.718909
vt 0.657866 0.714420
vt 0.636358 0.728615
vt 0.636358 0.732825
vt 0.645206 0.734933
vt 0.668096 0.664649
vt 0.651928 0.654775
vt 0.640362 0.672911
vt 0.663891 0.687750
vt 0.618015 0.694320
vt 0.613987 0.679121
vt 0.611064 0.656287
vt 0.596422 0.699758
vt 0.583872 0.688000
vt 0.585053 0.667169
vt 0.549480 0.705940
vt 0.595329 0.646903
vt 0.570906 0.594365
vt 0.549043 0.594365
vt 0.544007 0.624764
vt 0.566689 0.624764
vt 0.511723 0.594365
vt 0.511342 0.624764
vt 0.557538 0.565742
vt 0.552936 0.533567
vt 0.512485 0.533567
vt 0.512104 0.563966
vt 0.632403 0.617568
vt 0.643527 0.594218
vt 0.599129 0.594365
vt 0.605239 0.626526
vt 0.612232 0.547472
vt 0.595861 0.535830
vt 0.585425 0.556794
vt 0.598601 0.565742
vt 0.635338 0.544113
vt 0.633072 0.528913
vt 0.638371 0.563966
vt 0.574489 0.577060
vt 0.660366 0.604253
vt 0.648270 0.626526
vt 0.623774 0.637834
vt 0.732552 0.679649
vt 0.742176 0.656773
vt 0.697853 0.654775
vt 0.701657 0.688950
vt 0.709959 0.637764
vt 0.735445 0.632824
vt 0.732161 0.617625
vt 0.692786 0.626484
vt 0.724372 0.591856
vt 0.686325 0.598644
vt 0.675339 0.540297
vt 0.715130 0.538345
vt 0.711855 0.523145
vt 0.672463 0.525098
vt 0.718723 0.565596
vt 0.679831 0.563966
vt 0.787978 0.607944
vt 0.770498 0.596432
vt 0.760834 0.612378
vt 0.776902 0.623412
vt 0.813789 0.603871
vt 0.809653 0.588672
vt 0.819304 0.625190
vt 0.754939 0.536809
vt 0.794855 0.535545
vt 0.790638 0.520345
vt 0.751247 0.521609
vt 0.800101 0.554551
vt 0.760184 0.558477
vt 0.804407 0.569751
vt 0.763966 0.573677
vt 0.706564 0.580050
vt 0.683459 0.583444
vt 0.733358 0.576815
vt 0.682633 0.644383
vt 0.808841 0.643004
vt 0.781680 0.648057
vt 0.486251 0.715962
vt 0.485770 0.746361
vt 0.487000 0.668752
vt 0.486733 0.685562
vt 0.863096 0.533567
vt 0.879437 0.533567
vt 0.873427 0.563966
vt 0.858145 0.563966
vt 0.896374 0.533567
vt 0.890538 0.563966
vt 0.863402 0.590933
vt 0.852968 0.579424
vt 0.884021 0.582177
vt 0.859570 0.613614
vt 0.870395 0.611887
vt 0.853770 0.593823
vt 0.859570 0.603019
vt 0.886431 0.593132
vt 0.887262 0.591325
vt 0.873688 0.611887
vt 0.875120 0.611887
vt 0.834656 0.534551
vt 0.875165 0.530753
vt 0.859355 0.518745
vt 0.830030 0.519351
vt 0.879516 0.550203
vt 0.839901 0.551794
vt 0.921835 0.533567
vt 0.933310 0.533360
vt 0.914757 0.560592
vt 0.916814 0.557914
vt 0.905355 0.566415
vt 0.892683 0.569498
vt 0.910520 0.533567
vt 0.917975 0.551438
vt 0.919803 0.535928
vt 0.844613 0.566993
vt 0.941796 0.523090
vt 0.945968 0.531538
vt 0.850827 0.615342
vt 0.529303 0.778395
vt 0.527747 0.765345
vt 0.495137 0.776095
vt 0.522626 0.779338
vt 0.489397 0.778277
vt 0.532649 0.762314
vt 0.602398 0.487258
vt 0.615672 0.475382
vt 0.627977 0.495265
vt 0.617279 0.504506
vt 0.578993 0.470358
vt 0.580219 0.485558
vt 0.580630 0.503167
vt 0.577293 0.442369
vt 0.574816 0.411970
vt 0.612431 0.411970
vt 0.615455 0.442369
vt 0.658903 0.504506
vt 0.656159 0.472768
vt 0.693681 0.472768
vt 0.695476 0.503167
vt 0.653620 0.442369
vt 0.649867 0.409546
vt 0.688033 0.419915
vt 0.690860 0.442369
vt 0.647584 0.515531
vt 0.660787 0.397797
vt 0.686032 0.404716
vt 0.584439 0.367507
vt 0.568954 0.353020
vt 0.604968 0.351171
vt 0.607930 0.371613
vt 0.581481 0.302453
vt 0.593607 0.291541
vt 0.606753 0.308661
vt 0.597838 0.319585
vt 0.557945 0.283883
vt 0.560240 0.299083
vt 0.563352 0.320772
vt 0.653570 0.338694
vt 0.675779 0.341183
vt 0.678478 0.356382
vt 0.642808 0.349765
vt 0.646236 0.382043
vt 0.682732 0.381571
vt 0.638154 0.319585
vt 0.631763 0.290373
vt 0.663755 0.293343
vt 0.672138 0.320772
vt 0.628974 0.328927
vt 0.558883 0.364385
vt 0.572349 0.379212
vt 0.609732 0.386813
vt 0.635545 0.392491
vt 0.732848 0.503167
vt 0.730814 0.472768
vt 0.761892 0.472768
vt 0.770919 0.500910
vt 0.732952 0.430349
vt 0.720508 0.414670
vt 0.759075 0.411970
vt 0.764361 0.441237
vt 0.805343 0.500910
vt 0.801869 0.472768
vt 0.838122 0.473430
vt 0.838161 0.503167
vt 0.782966 0.411970
vt 0.799787 0.411970
vt 0.809981 0.429397
vt 0.799328 0.440665
vt 0.833568 0.440665
vt 0.825164 0.449663
vt 0.827412 0.411970
vt 0.782459 0.489272
vt 0.779044 0.472768
vt 0.724183 0.441237
vt 0.754848 0.450615
vt 0.848971 0.463737
vt 0.707477 0.426603
vt 0.795511 0.509539
vt 0.705984 0.360463
vt 0.714967 0.350667
vt 0.730747 0.369061
vt 0.719987 0.380145
vt 0.753121 0.375791
vt 0.755904 0.390990
vt 0.749945 0.349659
vt 0.785945 0.384452
vt 0.784885 0.360171
vt 0.804382 0.365691
vt 0.820373 0.384471
vt 0.774846 0.396507
vt 0.703714 0.319684
vt 0.735919 0.329092
vt 0.685890 0.305456
vt 0.552501 0.503167
vt 0.552888 0.472768
vt 0.514069 0.472768
vt 0.513140 0.503167
vt 0.553274 0.442369
vt 0.553661 0.411970
vt 0.512767 0.409521
vt 0.514997 0.442369
vt 0.631224 0.503167
vt 0.630526 0.472768
vt 0.591707 0.472768
vt 0.591862 0.503167
vt 0.629829 0.442369
vt 0.629132 0.411970
vt 0.591396 0.411970
vt 0.591552 0.442369
vt 0.504358 0.381571
vt 0.522954 0.381571
vt 0.531494 0.351171
vt 0.513168 0.351171
vt 0.554048 0.381571
vt 0.554435 0.351171
vt 0.538414 0.311780
vt 0.552067 0.321457
vt 0.558726 0.290373
vt 0.540942 0.290373
vt 0.535408 0.332046
vt 0.521639 0.321457
vt 0.519641 0.290373
vt 0.628434 0.381571
vt 0.627737 0.351171
vt 0.591086 0.351171
vt 0.591241 0.381571
vt 0.627040 0.320772
vt 0.629779 0.287422
vt 0.590775 0.290373
vt 0.590931 0.320772
vt 0.709946 0.503167
vt 0.708165 0.472768
vt 0.669345 0.472768
vt 0.670585 0.503167
vt 0.706383 0.442369
vt 0.704602 0.411970
vt 0.666867 0.411970
vt 0.668106 0.442369
vt 0.788668 0.503167
vt 0.785803 0.472768
vt 0.746984 0.472768
vt 0.749307 0.503167
vt 0.782970 0.442369
vt 0.781127 0.421883
vt 0.740778 0.411260
vt 0.744692 0.442369
vt 0.704827 0.381565
vt 0.691516 0.351171
vt 0.664795 0.351171
vt 0.665763 0.381571
vt 0.711317 0.308826
vt 0.698435 0.293343
vt 0.734112 0.292275
vt 0.744085 0.319684
vt 0.761262 0.303675
vt 0.770108 0.292275
vt 0.785985 0.309231
vt 0.776353 0.319927
vt 0.810914 0.319927
vt 0.802603 0.329497
vt 0.800067 0.291432
vt 0.742097 0.283409
vt 0.826703 0.337991
vt 0.815278 0.351841
vt 0.781455 0.344972
vt 0.684706 0.333508
vt 0.664367 0.322334
vt 0.760459 0.338518
vt 0.697461 0.322334
vt 0.697688 0.290373
vt 0.662635 0.287422
vt 0.676582 0.313242
vt 0.777226 0.381571
vt 0.774400 0.351171
vt 0.737942 0.351171
vt 0.738665 0.381565
vt 0.771368 0.321237
vt 0.782209 0.311413
vt 0.768366 0.289811
vt 0.757239 0.299570
vt 0.734611 0.289811
vt 0.746569 0.279304
vt 0.735541 0.320772
vt 0.709629 0.351171
vt 0.717852 0.371429
vt 0.651355 0.295588
vt 0.498483 0.397756
vt 0.725872 0.391695
vt 0.779662 0.406683
vt 0.751410 0.400654
vt 0.643603 0.275322
vt 0.554287 0.259974
vt 0.546762 0.229947
vt 0.574659 0.240328
vt 0.590011 0.258203
vt 0.542001 0.259974
vt 0.559352 0.259974
vt 0.557776 0.229575
vt 0.541019 0.229575
vt 0.521015 0.229575
vt 0.520408 0.259974
vt 0.531295 0.176631
vt 0.538035 0.167409
vt 0.555244 0.184833
vt 0.543223 0.199093
vt 0.575677 0.189723
vt 0.579450 0.204922
vt 0.566877 0.169093
vt 0.540390 0.199176
vt 0.556553 0.199176
vt 0.555523 0.168776
vt 0.553880 0.164659
vt 0.522226 0.168776
vt 0.521621 0.199176
vt 0.650151 0.237542
vt 0.657030 0.228275
vt 0.674704 0.244992
vt 0.660994 0.260010
vt 0.626327 0.217276
vt 0.618121 0.228275
vt 0.625123 0.253852
vt 0.621513 0.259974
vt 0.612682 0.229575
vt 0.588670 0.229575
vt 0.590022 0.259974
vt 0.588840 0.163822
vt 0.626101 0.163751
vt 0.637274 0.178341
vt 0.601814 0.168327
vt 0.622530 0.185318
vt 0.642519 0.191277
vt 0.599879 0.246890
vt 0.584757 0.229947
vt 0.612459 0.198183
vt 0.601582 0.211047
vt 0.598591 0.179437
vt 0.589025 0.199676
vt 0.555151 0.220062
vt 0.647578 0.206477
vt 0.607012 0.210143
vt 0.620043 0.197311
vt 0.632839 0.184479
vt 0.627750 0.168776
vt 0.619877 0.164064
vt 0.593854 0.168776
vt 0.600684 0.189877
vt 0.554179 0.137859
vt 0.583994 0.149066
vt 0.581099 0.151789
vt 0.552896 0.149656
vt 0.527393 0.145230
vt 0.549007 0.153005
vt 0.529702 0.148234
vt 0.692912 0.250922
vt 0.728217 0.260091
vt 0.717736 0.273020
vt 0.696696 0.266122
vt 0.686119 0.229089
vt 0.714336 0.238898
vt 0.656847 0.182955
vt 0.664799 0.179786
vt 0.678894 0.189438
vt 0.675328 0.201036
vt 0.704212 0.200028
vt 0.702564 0.209704
vt 0.682896 0.183943
vt 0.748195 0.236778
vt 0.751292 0.227427
vt 0.771547 0.244793
vt 0.761753 0.252238
vt 0.789798 0.249981
vt 0.792322 0.267500
vt 0.775830 0.238341
vt 0.725528 0.216512
vt 0.720542 0.227705
vt 0.738520 0.247162
vt 0.693809 0.218632
vt 0.782524 0.275074
vt 0.764191 0.269290
vt 0.669734 0.212635
vt 0.731036 0.210618
vt 0.697173 0.257940
vt 0.709370 0.246451
vt 0.693727 0.226967
vt 0.684514 0.235362
vt 0.658826 0.226967
vt 0.671355 0.215096
vt 0.659544 0.259974
vt 0.684391 0.180715
vt 0.690392 0.167160
vt 0.695200 0.195123
vt 0.703966 0.190279
vt 0.652595 0.166619
vt 0.655091 0.165650
vt 0.655759 0.196437
vt 0.765587 0.259974
vt 0.768560 0.225180
vt 0.726977 0.229575
vt 0.731556 0.257940
vt 0.728956 0.197286
vt 0.760209 0.208653
vt 0.753741 0.212988
vt 0.735891 0.206425
vt 0.721753 0.266717
vt 0.646460 0.204745
vt 0.775755 0.229458
vt 0.752173 0.218075
vt 0.628813 0.229575
vt 0.638655 0.259974
vt 0.617477 0.138676
vt 0.643145 0.138553
vt 0.636613 0.152619
vt 0.609852 0.144479
vt 0.607405 0.152671
vt 0.585846 0.138934
vt 0.797769 0.245876
vt 0.856172 0.484003
vt 0.866482 0.473430
vt 0.876651 0.503167
vt 0.860449 0.503167
vt 0.890805 0.472768
vt 0.896438 0.503167
vt 0.864200 0.443220
vt 0.884290 0.453921
vt 0.869979 0.505946
vt 0.864827 0.472768
vt 0.825084 0.472768
vt 0.828184 0.503167
vt 0.872941 0.433655
vt 0.863812 0.411970
vt 0.891877 0.413074
vt 0.894567 0.443220
vt 0.861804 0.442369
vt 0.859641 0.420572
vt 0.820139 0.424171
vt 0.821988 0.442369
vt 0.922410 0.472768
vt 0.936114 0.472768
vt 0.937458 0.503167
vt 0.924396 0.503167
vt 0.946058 0.472768
vt 0.945086 0.503167
vt 0.953477 0.472768
vt 0.948807 0.472768
vt 0.950486 0.502230
vt 0.949045 0.508047
vt 0.908813 0.515936
vt 0.907516 0.500737
vt 0.905105 0.472768
vt 0.912195 0.423943
vt 0.922143 0.413936
vt 0.930882 0.442369
vt 0.916385 0.442369
vt 0.941135 0.424195
vt 0.943825 0.442369
vt 0.943072 0.413225
vt 0.937948 0.410211
vt 0.944347 0.445409
vt 0.951510 0.442369
vt 0.899290 0.416973
vt 0.902125 0.442369
vt 0.911389 0.503167
vt 0.906507 0.472768
vt 0.885616 0.517932
vt 0.900311 0.403676
vt 0.931616 0.403929
vt 0.842257 0.358257
vt 0.850833 0.349343
vt 0.866859 0.368706
vt 0.854324 0.382622
vt 0.886698 0.379932
vt 0.876962 0.388972
vt 0.880188 0.352376
vt 0.855924 0.302803
vt 0.855179 0.291751
vt 0.877164 0.310843
vt 0.871191 0.322681
vt 0.837121 0.282537
vt 0.832277 0.292404
vt 0.849623 0.312819
vt 0.905241 0.352376
vt 0.915992 0.349744
vt 0.927561 0.366877
vt 0.924031 0.378834
vt 0.937797 0.378834
vt 0.935724 0.387143
vt 0.926922 0.358926
vt 0.903478 0.363312
vt 0.909707 0.381571
vt 0.893846 0.326043
vt 0.893305 0.332543
vt 0.842125 0.322080
vt 0.863359 0.333085
vt 0.826245 0.302272
vt 0.886458 0.343046
vt 0.855024 0.381571
vt 0.851804 0.351171
vt 0.812379 0.351171
vt 0.815543 0.381571
vt 0.810071 0.330020
vt 0.861617 0.319086
vt 0.847439 0.313779
vt 0.808193 0.314820
vt 0.848903 0.287513
vt 0.805161 0.290373
vt 0.937511 0.380449
vt 0.923191 0.352516
vt 0.899909 0.347449
vt 0.895259 0.381571
vt 0.877816 0.299852
vt 0.878758 0.294421
vt 0.885212 0.312420
vt 0.889028 0.321373
vt 0.863560 0.289981
vt 0.857810 0.405372
vt 0.818481 0.408971
vt 0.935019 0.398372
vt 0.897140 0.401773
vt 0.799519 0.240842
vt 0.796292 0.228980
vt 0.808166 0.257283
vt 0.815476 0.253779
vt 0.840235 0.262350
vt 0.840671 0.270403
vt 0.841456 0.274194
vt 0.822377 0.267622
vt 0.847973 0.411970
vt 0.842564 0.396538
vt 0.827952 0.376272
vt 0.806136 0.282005
vt 0.814931 0.272598
vt 0.627906 0.269052
vt 0.647039 0.275029
vt 0.671837 0.285190
vt 0.530378 0.213354
vn 0.4053 0.8676 -0.2879
vn 0.7783 0.4097 0.4758
vn 0.8733 0.1957 0.4460
vn 0.5504 0.1568 -0.8201
vn 0.8102 0.4401 -0.3872
vn 0.8329 0.3646 -0.4162
vn 0.8224 0.4353 -0.3662
vn 0.8206 0.3772 -0.4293
vn 0.7640 0.4770 -0.4345
vn 0.7564 0.4562 -0.4687
vn 0.7923 0.3982 -0.4623
vn 0.7260 0.5422 -0.4230
vn 0.7201 0.4584 -0.5208
vn 0.6905 0.4550 -0.5622
vn 0.7377 0.4315 -0.5192
vn 0.7540 0.3758 -0.5387
vn 0.8026 0.3347 -0.4936
vn 0.0483 0.1065 0.9931
vn 0.0758 0.1190 0.9900
vn 0.5710 0.4726 0.6712
vn 0.7942 0.2839 0.5371
vn 0.5670 0.4948 0.6585
vn 0.7135 0.5793 0.3941
vn 0.8658 0.2674 -0.4229
vn 0.8798 0.2585 -0.3987
vn 0.9313 0.1793 -0.3170
vn 0.8701 0.2070 -0.4472
vn 0.8799 0.1525 -0.4499
vn 0.9349 0.1756 -0.3084
vn 0.9247 0.1192 -0.3616
vn 0.8915 0.1085 -0.4398
vn 0.7371 0.3081 -0.6015
vn 0.7792 0.3061 -0.5469
vn 0.7899 0.2446 -0.5623
vn 0.7468 0.2135 -0.6298
vn 0.7986 0.1806 -0.5741
vn 0.8284 0.2123 -0.5183
vn 0.8150 0.2983 -0.4967
vn 0.7967 0.1549 -0.5841
vn 0.8405 0.1639 -0.5164
vn 0.8434 0.1293 -0.5214
vn 0.7873 0.1213 -0.6044
vn 0.7212 0.1027 -0.6851
vn 0.7383 0.1434 -0.6590
vn 0.8340 0.3074 -0.4581
vn 0.8457 0.3609 -0.3931
vn 0.8411 0.2103 -0.4983
vn 0.8630 0.1401 -0.4853
vn 0.8556 0.1647 -0.4906
vn 0.8737 0.1110 -0.4736
vn 0.5990 0.7822 -0.1710
vn 0.6877 0.5370 0.4885
vn 0.7921 0.1753 0.5846
vn 0.8700 0.0619 -0.4892
vn 0.7489 0.6159 0.2444
vn -0.0472 0.5254 0.8495
vn 0.8940 0.1419 -0.4249
vn -0.0811 0.2282 0.9702
vn 0.0499 0.1690 0.9843
vn -0.0140 0.1839 0.9828
vn 0.1107 0.1898 0.9755
vn 0.0589 0.1697 0.9837
vn -0.1406 0.1524 0.9782
vn -0.1493 0.1205 0.9814
vn -0.1061 0.2196 0.9698
vn -0.0837 0.1836 0.9794
vn 0.0990 0.3063 0.9467
vn -0.0174 0.3574 0.9338
vn -0.1389 0.1878 0.9723
vn 0.8206 0.2193 0.5276
vn 0.8161 0.2995 0.4942
vn 0.7257 0.3663 -0.5824
vn 0.7470 0.4417 -0.4969
vn 0.6626 0.6385 0.3914
vn 0.6905 0.2843 -0.6651
vn 0.8356 0.2620 0.4828
vn 0.4079 0.7866 -0.4634
vn 0.2811 0.8450 -0.4548
vn 0.2373 0.8952 -0.3771
vn 0.4254 0.8120 -0.3996
vn 0.4102 0.7452 -0.5258
vn 0.5140 0.8336 0.2023
vn 0.3941 0.8514 0.3460
vn 0.4324 0.7915 -0.4320
vn 0.1586 0.8459 -0.5092
vn 0.1969 0.9462 0.2568
vn 0.2293 0.8486 -0.4767
vn 0.1573 0.4972 0.8532
vn 0.4618 0.7611 -0.4554
vn 0.2579 0.9571 -0.1316
vn 0.1820 0.8825 -0.4336
vn 0.0890 0.9198 -0.3821
vn 0.0495 0.9464 -0.3192
vn 0.1439 0.9170 -0.3721
vn 0.0570 0.9026 -0.4265
vn -0.0902 0.9291 -0.3587
vn -0.1165 0.9617 -0.2480
vn 0.2404 0.9497 0.2005
vn 0.1096 0.8976 -0.4269
vn -0.0180 0.9413 -0.3370
vn -0.0244 0.9334 -0.3580
vn -0.1578 0.9334 -0.3223
vn -0.1535 0.9651 -0.2119
vn -0.0837 0.9666 -0.2420
vn -0.1820 0.9588 -0.2181
vn -0.2690 0.9440 -0.1912
vn -0.2380 0.9313 -0.2756
vn -0.2117 0.9335 -0.2893
vn -0.2171 0.9720 -0.0892
vn -0.4102 0.9067 -0.0976
vn -0.4245 0.8437 -0.3286
vn 0.0195 0.7162 0.6976
vn 0.1096 -0.0373 0.9933
vn 0.2241 0.1791 0.9579
vn 0.2842 0.7476 0.6002
vn -0.5955 0.6921 0.4078
vn -0.4281 0.4317 0.7939
vn -0.0376 -0.0506 0.9980
vn -0.2196 0.7154 0.6633
vn 0.3034 0.4433 0.8434
vn -0.0238 0.8619 -0.5065
vn -0.2830 0.2612 0.9228
vn -0.3634 0.3374 0.8684
vn -0.5868 0.7138 -0.3822
vn -0.0104 0.5388 0.8423
vn 0.0802 0.3141 0.9460
vn 0.0633 0.4458 0.8928
vn 0.6804 0.3640 -0.6361
vn 0.6827 0.3164 -0.6586
vn 0.6192 0.3092 -0.7218
vn 0.6203 0.4067 -0.6707
vn 0.4498 0.4941 -0.7440
vn 0.3631 0.5239 -0.7705
vn 0.3683 0.6287 -0.6849
vn 0.4781 0.5655 -0.6720
vn 0.4207 0.6447 -0.6383
vn 0.3772 0.6526 -0.6571
vn 0.4625 0.3909 -0.7958
vn 0.5435 0.4120 -0.7313
vn 0.5683 0.3391 -0.7497
vn 0.4815 0.3029 -0.8224
vn 0.3392 0.3595 -0.8693
vn 0.3576 0.3640 -0.8600
vn 0.5769 0.2721 -0.7701
vn 0.4071 0.2345 -0.8827
vn 0.3055 0.2897 -0.9070
vn 0.5732 0.4976 -0.6510
vn 0.5578 0.2369 -0.7954
vn 0.6290 0.2690 -0.7294
vn 0.6328 0.2151 -0.7438
vn 0.5561 0.1444 -0.8184
vn 0.6200 0.1228 -0.7749
vn 0.6770 0.1916 -0.7106
vn 0.6767 0.2824 -0.6799
vn 0.5968 0.0701 -0.7993
vn 0.6629 0.1006 -0.7419
vn 0.6296 0.0493 -0.7753
vn 0.5681 0.0237 -0.8226
vn 0.5181 0.0110 -0.8552
vn 0.5260 0.0485 -0.8491
vn 0.4048 0.1388 -0.9038
vn 0.3938 0.1162 -0.9118
vn 0.3301 0.1097 -0.9375
vn 0.3142 0.1514 -0.9372
vn 0.4021 0.0398 -0.9147
vn 0.3891 -0.0173 -0.9210
vn 0.2994 -0.0278 -0.9537
vn 0.3108 0.0263 -0.9501
vn 0.4668 0.1230 -0.8758
vn 0.4910 0.1805 -0.8522
vn 0.4725 0.0009 -0.8813
vn 0.4804 0.0435 -0.8759
vn 0.2717 0.6494 -0.7102
vn 0.2715 0.7125 -0.6469
vn 0.3468 0.6308 -0.6941
vn 0.3051 0.5468 -0.7797
vn 0.1541 0.6775 -0.7192
vn 0.1277 0.7697 -0.6254
vn 0.1798 0.5310 -0.8280
vn 0.2861 0.3000 -0.9100
vn 0.2818 0.2710 -0.9204
vn 0.1712 0.2478 -0.9535
vn 0.1686 0.3456 -0.9231
vn 0.0302 0.7090 -0.7046
vn -0.1007 0.7233 -0.6831
vn -0.1112 0.7898 -0.6032
vn 0.0107 0.7887 -0.6147
vn 0.0529 0.5815 -0.8118
vn -0.0896 0.5966 -0.7974
vn 0.0549 0.3315 -0.9418
vn 0.0562 0.2476 -0.9672
vn -0.0331 0.2635 -0.9640
vn -0.0593 0.3409 -0.9382
vn 0.0573 0.4544 -0.8889
vn -0.0768 0.4612 -0.8839
vn 0.3128 0.3758 -0.8723
vn 0.2305 0.4425 -0.8666
vn 0.3262 0.3139 -0.8916
vn 0.1285 0.4472 -0.8852
vn 0.2561 0.1832 -0.9491
vn 0.2487 0.0949 -0.9639
vn 0.1799 0.1086 -0.9777
vn 0.1669 0.1818 -0.9691
vn 0.1445 0.0117 -0.9894
vn 0.2394 0.0079 -0.9709
vn 0.1981 -0.0453 -0.9791
vn 0.1444 -0.0420 -0.9886
vn 0.2372 0.0111 -0.9714
vn 0.2349 -0.0261 -0.9716
vn 0.0046 0.1608 -0.9870
vn 0.0024 0.2129 -0.9771
vn 0.0323 0.1397 -0.9897
vn 0.0194 0.0766 -0.9969
vn 0.0348 0.0744 -0.9966
vn 0.0627 0.1293 -0.9896
vn 0.0660 0.1916 -0.9792
vn 0.0217 0.0225 -0.9995
vn 0.0600 -0.0368 -0.9975
vn 0.0268 -0.0236 -0.9994
vn 0.0273 0.0282 -0.9992
vn 0.1168 0.0854 -0.9895
vn 0.1316 -0.0658 -0.9891
vn 0.5407 0.6638 -0.5166
vn 0.5774 0.6968 -0.4254
vn 0.6384 0.6053 -0.4754
vn 0.6062 0.5455 -0.5787
vn 0.6963 0.4736 -0.5392
vn 0.7061 0.5460 -0.4508
vn 0.6583 0.6464 -0.3857
vn 0.6564 0.6191 -0.4312
vn 0.5552 0.4824 -0.6774
vn 0.6621 0.4987 -0.5593
vn 0.7172 0.5579 -0.4176
vn 0.5548 0.6994 -0.4505
vn 0.5025 0.6125 -0.6101
vn 0.7167 0.4048 -0.5679
vn 0.7398 0.4377 -0.5109
vn 0.7305 0.3891 -0.5612
vn 0.7299 0.3526 -0.5856
vn 0.4665 0.6829 -0.5622
vn 0.5266 0.7399 -0.4187
vn 0.4898 0.6113 -0.6215
vn 0.6551 0.4465 -0.6095
vn 0.7383 0.5203 -0.4290
vn 0.5217 0.7452 -0.4152
vn 0.0131 0.0898 0.9958
vn -0.0030 0.0897 0.9959
vn 0.0150 0.1091 0.9939
vn -0.0043 0.0663 0.9978
vn -0.0343 0.0897 0.9954
vn -0.0655 0.0895 0.9938
vn -0.0216 0.1141 0.9932
vn -0.0014 0.1163 0.9932
vn 0.0239 0.0708 0.9972
vn -0.0030 0.0272 0.9996
vn -0.0030 0.0585 0.9983
vn 0.0174 0.0873 0.9960
vn -0.0344 0.0272 0.9990
vn -0.0654 0.0274 0.9975
vn -0.0656 0.0584 0.9961
vn -0.0344 0.0585 0.9977
vn -0.0965 0.0893 0.9913
vn -0.1272 0.0890 0.9879
vn -0.0895 0.1270 0.9878
vn -0.0490 0.1233 0.9911
vn -0.1572 0.0882 0.9836
vn -0.1816 0.0241 0.9831
vn -0.1922 0.0682 0.9789
vn -0.1332 0.1252 0.9832
vn -0.0952 0.0280 0.9951
vn -0.1245 0.0276 0.9918
vn -0.1275 0.0580 0.9901
vn -0.0967 0.0583 0.9936
vn -0.1550 0.0262 0.9875
vn -0.1821 -0.0186 0.9831
vn -0.1836 0.0037 0.9830
vn -0.1580 0.0578 0.9857
vn 0.0365 -0.0215 0.9991
vn -0.0029 -0.0356 0.9994
vn -0.0030 -0.0042 1.0000
vn 0.0399 0.0294 0.9987
vn -0.0344 -0.0358 0.9987
vn -0.0636 -0.0312 0.9975
vn -0.0648 -0.0026 0.9979
vn -0.0344 -0.0042 0.9994
vn -0.1168 -0.0163 0.9930
vn -0.0955 -0.0797 0.9922
vn -0.0029 -0.0668 0.9977
vn 0.0032 -0.0357 0.9993
vn -0.0751 -0.0789 0.9940
vn -0.1670 -0.1579 0.9732
vn -0.0656 -0.0618 0.9959
vn -0.0333 -0.0657 0.9973
vn -0.2290 -0.0596 0.9716
vn -0.2144 -0.0720 0.9741
vn -0.1446 -0.0675 0.9872
vn -0.1118 -0.0649 0.9916
vn -0.1984 -0.0781 0.9770
vn -0.1765 -0.0885 0.9803
vn -0.1919 -0.0956 0.9767
vn -0.1719 -0.0772 0.9821
vn -0.1879 -0.0830 0.9787
vn -0.1721 -0.0665 0.9828
vn -0.0881 -0.0219 0.9958
vn -0.1079 -0.0204 0.9939
vn -0.1170 0.0001 0.9931
vn -0.0920 0.0006 0.9957
vn -0.1419 -0.0379 0.9891
vn -0.1729 -0.0624 0.9829
vn -0.1709 -0.0405 0.9844
vn -0.1450 -0.0059 0.9894
vn -0.0973 -0.0415 0.9944
vn -0.1221 -0.0418 0.9916
vn -0.1403 -0.0501 0.9888
vn -0.2332 -0.1176 0.9653
vn -0.0857 -0.0756 0.9934
vn 0.7000 0.1247 -0.7031
vn 0.6796 0.0782 -0.7294
vn 0.7083 0.1681 -0.6856
vn 0.7110 0.2361 -0.6624
vn 0.7113 0.2968 -0.6371
vn -0.2127 0.0416 0.9762
vn 0.1659 0.8290 -0.5340
vn 0.1074 0.8453 -0.5234
vn 0.0021 0.8576 -0.5142
vn -0.1367 0.8636 -0.4853
vn 0.3547 0.7255 -0.5897
vn 0.2749 0.7782 -0.5646
vn 0.9160 0.0412 -0.3989
vn 0.9258 0.0063 -0.3778
vn 0.9379 -0.0372 -0.3449
vn 0.9297 -0.0092 -0.3683
vn 0.9363 -0.0346 -0.3495
vn 0.9464 -0.0480 -0.3193
vn 0.9488 -0.1159 -0.2937
vn 0.9244 -0.1090 -0.3654
vn 0.7835 0.0799 -0.6162
vn 0.8399 0.0784 -0.5371
vn 0.8463 0.0251 -0.5320
vn 0.7871 0.0283 -0.6162
vn 0.7046 0.0239 -0.7092
vn 0.7074 0.0779 -0.7025
vn 0.7809 -0.0521 -0.6225
vn 0.8469 -0.0378 -0.5304
vn 0.8480 -0.1276 -0.5143
vn 0.7633 -0.1317 -0.6324
vn 0.6761 -0.1440 -0.7225
vn 0.6948 -0.0666 -0.7161
vn 0.8821 0.0696 -0.4658
vn 0.8954 0.0123 -0.4451
vn 0.9013 -0.0305 -0.4320
vn 0.8972 -0.0860 -0.4332
vn 0.8853 -0.1574 -0.4375
vn 0.9272 -0.0133 -0.3743
vn 0.8130 0.0593 0.5793
vn 0.7994 -0.0980 0.5927
vn 0.9180 -0.0577 -0.3922
vn 0.9333 -0.0627 -0.3537
vn 0.9270 -0.0158 -0.3748
vn -0.1072 0.0510 0.9929
vn -0.1629 -0.0754 0.9837
vn 0.9045 -0.0658 -0.4213
vn 0.7864 -0.2027 0.5835
vn 0.6589 -0.5550 0.5077
vn 0.8490 -0.3276 -0.4145
vn 0.3914 -0.3852 0.8357
vn 0.9480 -0.2388 -0.2102
vn 0.9421 -0.0684 -0.3283
vn -0.1966 -0.1202 0.9731
vn -0.2526 -0.1527 0.9554
vn -0.2715 -0.1300 0.9536
vn -0.2098 -0.0700 0.9752
vn -0.2293 -0.1617 0.9598
vn -0.2401 -0.1085 0.9647
vn -0.2068 -0.0056 0.9784
vn -0.3666 -0.1389 0.9199
vn -0.2249 -0.1262 0.9662
vn -0.2536 -0.1167 0.9602
vn -0.3461 -0.1166 0.9309
vn -0.3004 -0.1241 0.9457
vn -0.2933 -0.1428 0.9453
vn -0.3151 -0.1575 0.9359
vn 0.9188 -0.1763 -0.3532
vn 0.9455 -0.1740 -0.2752
vn 0.9296 -0.2110 -0.3021
vn 0.9124 -0.2266 -0.3408
vn 0.7525 -0.1671 -0.6370
vn 0.8390 -0.1821 -0.5128
vn 0.8282 -0.2138 -0.5181
vn 0.7498 -0.1916 -0.6333
vn 0.7545 -0.2183 -0.6189
vn 0.6640 -0.1950 -0.7218
vn 0.6636 -0.1680 -0.7289
vn 0.6643 -0.2206 -0.7142
vn 0.7647 -0.2221 -0.6048
vn 0.7917 -0.2475 -0.5584
vn 0.6641 -0.2337 -0.7101
vn 0.8496 -0.2219 -0.4783
vn 0.8551 -0.2314 -0.4639
vn 0.8941 -0.2347 -0.3814
vn 0.9039 -0.2433 -0.3517
vn 0.8957 -0.3477 -0.2771
vn 0.8954 -0.2589 -0.3621
vn 0.9061 -0.2511 -0.3403
vn 0.8870 -0.2345 -0.3978
vn 0.8811 -0.1876 -0.4342
vn 0.9153 -0.2151 -0.3404
vn 0.8668 -0.3591 -0.3458
vn 0.8502 -0.2705 -0.4517
vn -0.3161 -0.1817 0.9311
vn -0.3128 -0.1880 0.9310
vn -0.1776 -0.1771 0.9680
vn -0.2382 -0.2646 0.9345
vn -0.3130 -0.1512 0.9376
vn -0.3458 -0.1311 0.9291
vn 0.4292 -0.4594 0.7776
vn -0.2096 -0.1462 0.9668
vn 0.5620 -0.3815 0.7339
vn -0.1594 -0.3547 0.9213
vn 0.7997 -0.4072 0.4410
vn 0.7675 -0.2734 0.5798
vn 0.6185 -0.5450 0.5659
vn 0.7423 -0.3094 0.5943
vn -0.3528 -0.1694 0.9202
vn -0.3165 -0.1378 0.9385
vn 0.9125 -0.2647 -0.3118
vn 0.7330 -0.6027 0.3153
vn 0.7032 -0.5513 0.4490
vn 0.8868 -0.3909 -0.2465
vn 0.4813 -0.5370 0.6927
vn 0.8746 -0.3763 -0.3055
vn 0.8526 -0.2771 -0.4430
vn -0.2072 -0.3849 0.8993
vn 0.7875 -0.4866 -0.3782
vn 0.6566 -0.3496 0.6683
vn 0.6084 -0.5393 0.5821
vn 0.6772 -0.5463 -0.4929
vn 0.7677 -0.2743 -0.5791
vn 0.7780 -0.3054 -0.5490
vn 0.7074 -0.4888 -0.5105
vn 0.4906 -0.5502 0.6757
vn -0.3418 -0.3789 0.8600
vn 0.5410 -0.0105 -0.8409
vn 0.5890 0.0192 -0.8079
vn 0.5401 -0.0393 -0.8406
vn 0.5120 -0.0689 -0.8562
vn 0.4872 -0.0935 -0.8682
vn 0.5078 -0.0284 -0.8610
vn 0.4513 -0.1132 -0.8851
vn 0.4748 -0.0959 -0.8748
vn 0.4664 -0.1409 -0.8733
vn 0.4082 -0.1439 -0.9015
vn 0.5095 -0.0800 -0.8567
vn 0.4944 -0.0780 -0.8657
vn 0.5130 -0.1379 -0.8472
vn 0.3591 -0.0596 -0.9314
vn 0.3394 -0.1093 -0.9342
vn 0.2765 -0.1172 -0.9538
vn 0.2943 -0.0727 -0.9529
vn 0.3757 -0.1720 -0.9106
vn 0.3442 -0.1569 -0.9257
vn 0.2886 -0.1852 -0.9394
vn 0.3173 -0.2134 -0.9240
vn 0.4230 -0.1092 -0.8995
vn 0.4464 -0.0427 -0.8938
vn 0.3318 -0.1645 -0.9289
vn 0.2856 -0.1827 -0.9408
vn 0.2801 -0.2059 -0.9376
vn 0.3991 -0.1662 -0.9017
vn 0.4657 -0.1724 -0.8680
vn 0.4317 -0.2063 -0.8781
vn 0.3823 -0.1942 -0.9033
vn 0.5051 -0.1719 -0.8457
vn 0.5168 -0.1891 -0.8350
vn 0.4945 -0.2184 -0.8413
vn 0.4836 -0.2561 -0.8369
vn 0.3969 -0.2669 -0.8782
vn 0.4045 -0.2387 -0.8828
vn 0.3246 -0.1758 -0.9293
vn 0.3016 -0.2333 -0.9245
vn 0.2510 -0.2542 -0.9340
vn 0.2612 -0.1921 -0.9460
vn 0.2324 -0.2741 -0.9332
vn 0.2416 -0.2602 -0.9348
vn 0.2171 -0.2899 -0.9321
vn 0.2026 -0.2871 -0.9362
vn 0.2940 -0.2586 -0.9201
vn 0.2572 -0.2608 -0.9305
vn 0.2906 -0.2784 -0.9154
vn 0.3315 -0.2489 -0.9100
vn 0.2349 -0.0779 -0.9689
vn 0.2284 -0.1349 -0.9642
vn 0.1618 -0.1438 -0.9763
vn 0.1724 -0.0855 -0.9813
vn 0.2224 -0.1709 -0.9598
vn 0.2301 -0.2028 -0.9518
vn 0.1397 -0.2116 -0.9673
vn 0.1556 -0.1770 -0.9718
vn 0.0795 -0.0642 -0.9948
vn 0.1343 -0.0894 -0.9869
vn 0.1023 -0.1620 -0.9814
vn 0.0757 -0.1349 -0.9879
vn 0.0150 -0.1986 -0.9799
vn 0.0148 -0.1402 -0.9900
vn 0.0184 -0.0429 -0.9989
vn 0.0829 -0.1829 -0.9796
vn 0.0696 -0.2347 -0.9696
vn -0.0004 -0.2524 -0.9676
vn 0.0106 -0.1882 -0.9821
vn 0.2182 -0.2212 -0.9505
vn 0.1926 -0.2655 -0.9446
vn 0.1228 -0.2849 -0.9506
vn 0.1812 -0.2526 -0.9504
vn 0.1831 -0.2956 -0.9376
vn 0.1712 -0.2996 -0.9385
vn 0.0891 -0.3128 -0.9456
vn 0.1008 -0.3050 -0.9470
vn 0.0367 -0.2606 -0.9647
vn 0.0086 -0.2765 -0.9610
vn -0.0368 -0.3065 -0.9511
vn -0.0155 -0.2958 -0.9551
vn -0.0028 -0.3194 -0.9476
vn -0.0211 -0.3290 -0.9441
vn -0.1455 -0.3668 -0.9188
vn -0.1054 -0.3420 -0.9337
vn 0.1303 -0.2346 -0.9633
vn 0.0802 -0.2688 -0.9598
vn 0.0055 -0.2977 -0.9546
vn -0.0724 -0.3187 -0.9451
vn 0.2104 -0.2158 -0.9535
vn 0.2520 -0.1952 -0.9478
vn 0.1875 -0.2979 -0.9360
vn -0.1918 -0.1008 0.9762
vn -0.1887 -0.1648 0.9681
vn -0.2087 -0.1635 0.9642
vn -0.2169 -0.1141 0.9695
vn -0.1816 -0.1654 0.9693
vn -0.1741 -0.1671 0.9704
vn -0.2220 -0.1687 0.9603
vn -0.2181 -0.1636 0.9621
vn -0.1939 -0.1062 0.9752
vn -0.1893 -0.1499 0.9704
vn -0.1896 -0.1579 0.9691
vn -0.1934 -0.1037 0.9756
vn -0.1802 -0.1538 0.9715
vn -0.1771 -0.1525 0.9723
vn -0.1758 -0.1571 0.9718
vn -0.1845 -0.1601 0.9697
vn -0.1476 -0.1641 0.9753
vn -0.1471 -0.1870 0.9713
vn -0.1988 -0.1761 0.9640
vn -0.1950 -0.1582 0.9679
vn -0.1638 -0.1481 0.9753
vn -0.1561 -0.1494 0.9763
vn -0.1545 -0.1567 0.9755
vn -0.1626 -0.1565 0.9742
vn -0.1480 -0.1494 0.9776
vn -0.1359 -0.1792 0.9744
vn -0.1422 -0.1895 0.9715
vn -0.1476 -0.1571 0.9765
vn -0.1537 -0.1627 0.9746
vn -0.1570 -0.1637 0.9739
vn -0.1546 -0.1661 0.9739
vn -0.1647 -0.1694 0.9717
vn -0.1610 -0.1701 0.9722
vn -0.2128 -0.1786 0.9606
vn -0.2192 -0.1775 0.9594
vn -0.1955 -0.1201 0.9733
vn -0.1877 -0.1307 0.9735
vn -0.1882 -0.1383 0.9723
vn -0.1931 -0.1372 0.9715
vn -0.1809 -0.1318 0.9746
vn -0.1732 -0.1325 0.9759
vn -0.1718 -0.1402 0.9751
vn -0.1792 -0.1393 0.9739
vn -0.1551 -0.1038 0.9824
vn -0.1354 -0.1114 0.9845
vn -0.1892 -0.1238 0.9741
vn -0.1946 -0.1145 0.9742
vn -0.1185 -0.1148 0.9863
vn -0.1175 -0.1369 0.9836
vn -0.1735 -0.1244 0.9769
vn -0.1813 -0.1239 0.9756
vn -0.1652 -0.1328 0.9773
vn -0.1574 -0.1333 0.9785
vn -0.1567 -0.1411 0.9775
vn -0.1646 -0.1407 0.9763
vn -0.1363 -0.1724 0.9755
vn -0.1438 -0.1364 0.9801
vn -0.1495 -0.1337 0.9797
vn -0.1451 -0.1296 0.9809
vn -0.1397 -0.1746 0.9747
vn -0.1408 -0.2243 0.9643
vn -0.1488 -0.1416 0.9786
vn -0.0777 -0.0998 0.9919
vn -0.1613 -0.1200 0.9796
vn -0.1661 -0.1189 0.9789
vn -0.0828 -0.0869 0.9927
vn -0.1579 -0.1256 0.9794
vn -0.1536 -0.1215 0.9806
vn -0.1659 -0.1253 0.9781
vn -0.0380 -0.1101 0.9932
vn -0.0105 -0.1238 0.9922
vn -0.1310 -0.1511 0.9798
vn -0.1481 -0.1240 0.9811
vn -0.1525 -0.1280 0.9799
vn -0.1703 -0.1462 0.9745
vn -0.1764 -0.1468 0.9733
vn -0.1835 -0.1452 0.9722
vn -0.1909 -0.1123 0.9752
vn -0.1942 -0.1429 0.9705
vn -0.1700 -0.1500 0.9739
vn -0.0613 -0.1538 0.9862
vn -0.1680 -0.1619 0.9724
vn -0.2599 -0.1718 0.9502
vn -0.1892 -0.1000 0.9768
vn 0.2655 -0.2799 -0.9226
vn 0.2629 -0.2947 -0.9187
vn 0.1836 -0.3018 -0.9355
vn 0.2094 -0.3030 -0.9297
vn 0.3676 -0.2709 -0.8896
vn 0.3441 -0.2893 -0.8932
vn 0.2138 -0.3082 -0.9270
vn 0.1618 -0.3248 -0.9318
vn 0.1636 -0.3147 -0.9350
vn 0.0584 -0.3440 -0.9371
vn 0.0745 -0.3226 -0.9436
vn 0.1442 -0.3037 -0.9418
vn 0.1442 -0.3434 -0.9280
vn 0.0425 -0.3679 -0.9289
vn -0.0736 -0.3774 -0.9231
vn -0.1785 -0.3869 -0.9047
vn -0.1473 -0.3735 -0.9159
vn -0.0458 -0.3565 -0.9332
vn -0.0859 -0.3752 -0.9229
vn -0.1758 -0.3713 -0.9117
vn 0.1126 -0.3543 -0.9283
vn 0.0219 -0.3976 -0.9173
vn -0.0930 -0.4219 -0.9018
vn -0.1980 -0.4316 -0.8800
vn 0.5412 -0.2664 -0.7975
vn 0.6555 -0.2895 -0.6975
vn 0.6445 -0.3214 -0.6938
vn 0.5145 -0.3041 -0.8017
vn 0.4136 -0.3023 -0.8588
vn 0.4561 -0.2743 -0.8466
vn -0.1640 -0.2241 0.9606
vn -0.2016 -0.2388 0.9499
vn -0.1512 -0.2304 0.9613
vn -0.1821 -0.2300 0.9560
vn 0.4301 -0.3250 -0.8422
vn 0.5379 -0.3706 -0.7571
vn 0.3887 -0.5685 -0.7250
vn 0.3638 -0.5052 -0.7826
vn 0.6742 -0.4288 -0.6012
vn 0.5300 -0.3139 -0.7877
vn 0.7440 -0.4330 -0.5088
vn 0.5461 -0.7366 0.3988
vn -0.0967 -0.8718 0.4801
vn -0.2622 -0.3235 0.9091
vn 0.3002 -0.9493 0.0932
vn -0.2105 -0.3570 0.9100
vn -0.1839 -0.3126 0.9319
vn -0.1652 -0.2496 0.9541
vn -0.2338 -0.3033 0.9238
vn -0.1981 -0.2747 0.9409
vn -0.1651 -0.2683 0.9490
vn -0.1951 -0.3349 0.9218
vn -0.1385 -0.2844 0.9486
vn -0.1599 -0.3600 0.9191
vn -0.1853 -0.3493 0.9185
vn 0.2887 -0.3339 -0.8973
vn 0.3862 -0.4989 -0.7759
vn 0.1593 -0.3834 -0.9097
vn 0.1660 -0.3498 -0.9220
vn -0.2348 -0.3518 0.9061
vn -0.3136 -0.4644 0.8282
vn -0.4185 -0.4574 0.7846
vn -0.2878 -0.2843 0.9145
vn -0.2364 -0.2606 0.9360
vn 0.0601 -0.9960 0.0662
vn -0.1626 -0.4876 0.8578
vn -0.1823 -0.3778 0.9077
vn 0.3338 -0.3212 -0.8862
vn 0.1313 -0.9883 0.0769
vn 0.0456 -0.8655 0.4988
vn 0.1488 -0.8385 -0.5241
vn 0.4597 -0.7447 -0.4837
vn 0.5397 -0.7398 0.4017
vn -0.0766 -0.8531 0.5161
vn 0.1840 -0.8508 -0.4922
vn 0.5081 -0.7497 -0.4240
vn -0.4776 -0.7481 0.4606
vn -0.0908 -0.2692 0.9588
vn -0.0172 -0.3002 0.9537
vn -0.0741 -0.3508 0.9335
vn -0.1161 -0.3227 0.9393
vn 0.0834 -0.3676 -0.9262
vn 0.0514 -0.4192 -0.9064
vn -0.0465 -0.4565 -0.8885
vn -0.0118 -0.4224 -0.9063
vn 0.0962 -0.3110 0.9455
vn 0.1078 -0.4107 0.9054
vn 0.0081 -0.4098 0.9121
vn -0.0054 -0.3655 0.9308
vn 0.0414 -0.1406 0.9892
vn 0.1197 -0.1482 0.9817
vn -0.0150 -0.2280 0.9735
vn -0.0865 -0.2049 0.9749
vn -0.1142 -0.4683 -0.8762
vn -0.1370 -0.4804 -0.8662
vn -0.3305 -0.6006 -0.7280
vn -0.2253 -0.4911 -0.8414
vn 0.1958 -0.1387 0.9708
vn 0.3631 -0.3424 0.8665
vn 0.1147 -0.3453 0.9314
vn 0.0666 -0.2224 0.9727
vn 0.1124 -0.2636 0.9580
vn 0.0888 -0.4552 0.8860
vn 0.0443 -0.3019 0.9523
vn -0.0386 -0.3659 0.9298
vn -0.0323 -0.9957 0.0870
vn 0.0087 -0.8719 0.4897
vn 0.0171 -0.8703 0.4923
vn -0.0691 -0.8580 -0.5089
vn 0.0233 -0.8488 -0.5282
vn -0.0577 -0.8813 0.4690
vn -0.0207 -0.9997 0.0093
vn -0.3958 -0.7539 -0.5243
vn -0.1494 -0.8422 -0.5180
vn -0.1325 -0.2720 0.9531
vn 0.4324 -0.7964 0.4228
vn 0.6499 0.0559 -0.7579
vn 0.6168 0.0001 -0.7871
vn 0.5950 -0.0765 -0.8000
vn 0.5892 -0.1426 -0.7953
vn 0.5883 -0.1687 -0.7908
vn 0.5879 -0.1754 -0.7897
vn -0.2256 -0.0544 0.9727
vn 0.5334 -0.2513 -0.8076
vn 0.5733 -0.2200 -0.7892
vn 0.5831 -0.2036 -0.7864
vn 0.6645 -0.2413 -0.7072
vn -0.1945 -0.3906 -0.8997
vn 0.4664 -0.2756 -0.8405
vn -0.3321 0.6271 -0.7046
vn -0.4211 0.7058 -0.5696
vn -0.3515 0.8751 -0.3326
vn -0.3056 0.7313 -0.6097
vn -0.2050 0.7255 -0.6569
vn -0.3438 0.8526 -0.3934
vn -0.1924 0.5670 -0.8009
vn -0.1429 0.3904 -0.9095
vn -0.0862 0.3037 -0.9489
vn -0.1348 0.3484 -0.9276
vn -0.1968 0.4328 -0.8797
vn -0.1316 0.9151 -0.3812
vn -0.3069 0.5715 -0.7611
vn -0.8251 0.3802 -0.4180
vn -0.5530 0.6755 -0.4877
vn -0.3703 0.5986 -0.7103
vn -0.3975 0.6646 -0.6327
vn -0.5293 0.7266 -0.4381
vn -0.4427 0.6269 -0.6410
vn -0.3135 0.5561 -0.7696
vn -0.3600 0.5944 -0.7190
vn -0.4117 0.6346 -0.6540
vn -0.2169 0.4234 -0.8795
vn -0.2453 0.4840 -0.8400
vn -0.2050 0.4915 -0.8463
vn -0.2640 0.5207 -0.8118
vn -0.2827 0.4617 -0.8408
vn -0.1537 0.4627 -0.8731
vn -0.0180 0.0857 -0.9961
vn -0.0423 0.1555 -0.9869
vn -0.0472 0.2409 -0.9694
vn -0.0168 0.1634 -0.9864
vn -0.0386 0.0872 -0.9954
vn -0.0717 0.1773 -0.9815
vn -0.1032 0.2783 -0.9549
vn -0.0041 0.0310 -0.9995
vn -0.0012 -0.0242 -0.9997
vn -0.0322 -0.0239 -0.9992
vn -0.0287 0.0302 -0.9991
vn -0.1707 0.2996 -0.9387
vn -0.1541 0.1770 -0.9720
vn -0.2130 0.1996 -0.9564
vn -0.2327 0.3126 -0.9209
vn -0.0972 -0.0335 -0.9947
vn -0.1440 -0.0360 -0.9889
vn -0.1616 0.0679 -0.9845
vn -0.0954 0.0442 -0.9944
vn -0.1611 -0.0277 -0.9865
vn -0.1837 0.0872 -0.9791
vn -0.0894 0.1009 -0.9908
vn -0.4117 0.6093 -0.6776
vn -0.4277 0.6207 -0.6571
vn -0.3258 0.8842 -0.3347
vn -0.3939 0.6605 -0.6391
vn -0.4165 0.6255 -0.6597
vn -0.5579 0.7318 -0.3913
vn -0.5720 0.7904 -0.2192
vn -0.4128 0.6173 -0.6697
vn -0.4031 0.8260 -0.3938
vn -0.3301 0.3760 -0.8658
vn -0.2739 0.2322 -0.9333
vn -0.3591 0.2957 -0.8852
vn -0.3874 0.3642 -0.8469
vn -0.2454 0.1154 -0.9625
vn -0.2270 -0.0220 -0.9736
vn -0.3108 -0.0130 -0.9503
vn -0.3135 0.1319 -0.9404
vn -0.4828 0.3595 -0.7985
vn -0.5434 0.4298 -0.7211
vn -0.5737 0.6385 -0.5129
vn -0.4505 0.4654 -0.7619
vn -0.4259 0.5061 -0.7499
vn -0.4377 0.6035 -0.6664
vn -0.4353 0.3609 -0.8247
vn -0.4589 0.1893 -0.8680
vn -0.4464 -0.0019 -0.8948
vn -0.4939 0.0096 -0.8694
vn -0.4821 0.1895 -0.8553
vn -0.4311 0.4753 -0.7669
vn -0.4312 0.4127 -0.8023
vn -0.3725 -0.0065 -0.9280
vn -0.3896 0.1572 -0.9075
vn -0.4164 0.5120 -0.7512
vn -0.3977 0.2779 -0.8744
vn -0.3385 0.4907 -0.8029
vn -0.5732 0.7730 -0.2716
vn -0.5652 0.4234 0.7080
vn -0.7570 0.3978 0.5184
vn -0.6131 0.6233 0.4853
vn -0.4781 0.8459 0.2365
vn -0.6203 0.7783 -0.0973
vn -0.8174 0.5174 0.2530
vn -0.7125 0.4241 0.5589
vn -0.8471 0.3382 0.4098
vn -0.9065 0.1395 0.3985
vn -0.9695 0.0607 0.2372
vn -0.9538 0.1580 0.2555
vn -0.7008 0.2446 0.6701
vn -0.6044 0.0417 0.7956
vn -0.8177 0.1064 0.5658
vn -0.7721 0.2358 0.5900
vn -0.6183 0.3441 0.7066
vn -0.6007 0.2028 0.7733
vn -0.7355 0.3548 0.5772
vn 0.1176 0.9177 0.3793
vn 0.4798 0.6202 0.6206
vn 0.2996 -0.5726 0.7631
vn 0.0323 0.0159 0.9993
vn -0.8428 0.1078 0.5272
vn -0.5398 -0.3769 0.7527
vn -0.6339 0.5043 0.5863
vn -0.5987 0.7945 0.1017
vn -0.3414 0.4805 0.8078
vn -0.4114 0.4851 0.7716
vn -0.3914 0.5336 0.7497
vn -0.4651 0.5997 0.6511
vn -0.3697 0.4783 0.7966
vn -0.4422 0.5501 0.7083
vn -0.4747 0.4996 0.7246
vn -0.5167 0.5044 0.6918
vn -0.6430 0.4848 0.5928
vn -0.5904 0.4743 0.6530
vn -0.7719 0.4093 0.4864
vn -0.4971 0.4340 0.7513
vn -0.4046 0.1642 0.8996
vn -0.3990 0.0714 0.9142
vn -0.5147 0.1139 0.8498
vn -0.5026 0.2167 0.8369
vn -0.3348 -0.0186 0.9421
vn -0.4226 0.0044 0.9063
vn -0.2628 0.1101 0.9585
vn -0.1315 0.0743 0.9885
vn -0.1507 -0.0297 0.9881
vn -0.2438 -0.0145 0.9697
vn -0.4378 0.3175 0.8411
vn -0.3398 0.3618 0.8681
vn -0.3813 0.2522 0.8894
vn -0.4582 0.3109 0.8327
vn -0.1905 0.3206 0.9278
vn -0.1225 0.2037 0.9713
vn -0.2101 0.2063 0.9557
vn -0.2736 0.2691 0.9234
vn -0.1544 0.3959 0.9052
vn -0.0753 0.2988 0.9513
vn -0.2390 0.3772 0.8947
vn -0.3231 0.1858 0.9279
vn -0.3633 0.4096 0.8368
vn -0.4302 0.4087 0.8049
vn -0.4718 0.4209 0.7747
vn -0.6408 0.6246 0.4464
vn -0.4871 0.6346 0.6000
vn -0.3072 0.4497 0.8387
vn -0.2411 0.8346 0.4953
vn -0.2871 0.4700 0.8347
vn -0.2776 0.5023 0.8189
vn -0.2424 0.5101 0.8252
vn -0.3081 0.4616 0.8318
vn -0.2022 0.5158 0.8325
vn -0.2677 0.4639 0.8444
vn -0.1096 0.4724 0.8745
vn -0.0870 0.5269 0.8454
vn -0.0475 0.4010 0.9148
vn -0.0581 0.3555 0.9328
vn -0.1349 0.5236 0.8412
vn -0.1658 0.4609 0.8718
vn -0.2534 0.5690 0.7823
vn -0.2168 0.5593 0.8001
vn -0.2395 0.5328 0.8116
vn -0.2713 0.5392 0.7973
vn -0.1827 0.6121 0.7693
vn -0.1455 0.6243 0.7675
vn -0.4616 0.7325 0.5004
vn -0.0855 0.5737 0.8145
vn -0.0781 0.6203 0.7804
vn -0.0446 0.4729 0.8800
vn -0.0458 0.4392 0.8972
vn -0.1174 0.6218 0.7743
vn -0.1293 0.5755 0.8075
vn -0.1347 0.6002 0.7884
vn -0.1727 0.5761 0.7989
vn -0.1711 0.4970 0.8507
vn -0.2186 0.4602 0.8604
vn -0.1682 0.5448 0.8215
vn -0.3525 0.4498 0.8206
vn -0.5541 0.7726 0.3099
vn -0.3319 0.8353 0.4382
vn -0.6301 -0.0156 0.7764
vn -0.6987 0.0055 0.7154
vn -0.4536 -0.1211 0.8829
vn -0.5193 -0.0195 0.8543
vn -0.5317 0.0276 -0.8465
vn -0.6043 0.0495 -0.7952
vn -0.6218 0.2293 -0.7489
vn -0.5477 0.1971 -0.8131
vn -0.6797 0.0797 -0.7291
vn -0.6825 0.2572 -0.6841
vn -0.6356 0.4270 -0.6431
vn -0.5463 0.3109 -0.7778
vn -0.6283 0.4784 -0.6134
vn -0.3724 0.9215 0.1105
vn 0.1953 0.7180 0.6681
vn 0.0568 0.5491 0.8338
vn -0.3605 0.9327 -0.0092
vn -0.7448 0.5069 -0.4339
vn -0.7194 0.5017 0.4803
vn -0.4825 0.7101 0.5126
vn -0.5439 0.7682 -0.3375
vn -0.0605 0.6554 0.7528
vn -0.0202 0.6070 0.7945
vn -0.0410 0.4993 0.8654
vn -0.0425 0.4917 0.8697
vn -0.0299 0.6991 0.7143
vn -0.0887 0.6622 0.7440
vn -0.7993 0.1657 -0.5776
vn -0.8524 0.3613 -0.3778
vn -0.6417 0.7662 0.0326
vn -0.7641 0.4951 -0.4136
vn -0.7923 0.4107 -0.4512
vn -0.4184 0.7861 0.4548
vn -0.7268 0.1078 -0.6783
vn -0.5061 0.6954 0.5101
vn -0.4197 0.7307 0.5384
vn -0.1014 0.6017 0.7922
vn -0.8108 0.3999 -0.4274
vn -0.7133 0.6178 0.3308
vn -0.6301 0.6620 -0.4057
vn -0.7003 0.7092 -0.0812
vn -0.5189 0.8149 -0.2579
vn -0.8252 0.5454 0.1467
vn -0.7696 0.6296 0.1056
vn -0.6905 0.4764 0.5442
vn -0.3807 0.8488 -0.3669
vn -0.0666 -0.1547 -0.9857
vn -0.0829 -0.1905 -0.9781
vn -0.0978 -0.1544 -0.9832
vn -0.0631 -0.0992 -0.9930
vn -0.0395 -0.2061 -0.9777
vn -0.0212 -0.1465 -0.9890
vn -0.0051 -0.0545 -0.9985
vn -0.0602 -0.2072 -0.9764
vn -0.0850 -0.2681 -0.9596
vn -0.1249 -0.2866 -0.9499
vn -0.0952 -0.2416 -0.9657
vn -0.1167 -0.1336 -0.9841
vn -0.1130 -0.1917 -0.9749
vn -0.1690 -0.2120 -0.9625
vn -0.1550 -0.1288 -0.9795
vn -0.1333 -0.2721 -0.9529
vn -0.1659 -0.3205 -0.9326
vn -0.2174 -0.3335 -0.9173
vn -0.1955 -0.3022 -0.9330
vn -0.0859 -0.1001 -0.9912
vn -0.2084 -0.3560 -0.9109
vn -0.2301 -0.3522 -0.9072
vn -0.1399 -0.3516 -0.9256
vn -0.1321 -0.3632 -0.9223
vn -0.2007 -0.3908 -0.8983
vn -0.1787 -0.3638 -0.9141
vn -0.2051 -0.3880 -0.8985
vn -0.2357 -0.4049 -0.8834
vn -0.2442 -0.3964 -0.8849
vn -0.2145 -0.3898 -0.8956
vn -0.1950 -0.4006 -0.8952
vn -0.1838 -0.3880 -0.9031
vn -0.1648 -0.3683 -0.9149
vn -0.2608 -0.4218 -0.8683
vn -0.2383 -0.4600 -0.8553
vn -0.2215 -0.4519 -0.8641
vn -0.2503 -0.4174 -0.8736
vn -0.2120 -0.3825 -0.8993
vn -0.2309 -0.3945 -0.8894
vn -0.2893 -0.3969 -0.8711
vn -0.2964 -0.4165 -0.8594
vn -0.3523 -0.4214 -0.8356
vn -0.3025 -0.4476 -0.8415
vn -0.2857 -0.3923 -0.8743
vn -0.0761 -0.3347 -0.9392
vn -0.0985 -0.3128 -0.9447
vn -0.1494 -0.3163 -0.9368
vn -0.1729 -0.3307 -0.9277
vn -0.2272 -0.1358 -0.9643
vn -0.2233 -0.2186 -0.9499
vn -0.3553 -0.2112 -0.9106
vn -0.3327 -0.1698 -0.9276
vn -0.2376 -0.3820 -0.8931
vn -0.2483 -0.3681 -0.8960
vn -0.3300 -0.3684 -0.8691
vn -0.3516 -0.3360 -0.8737
vn -0.3854 -0.1734 -0.9063
vn -0.3561 -0.2321 -0.9051
vn -0.4632 -0.2447 -0.8517
vn -0.4668 -0.1160 -0.8767
vn -0.4114 -0.3542 -0.8398
vn -0.4220 -0.3618 -0.8312
vn -0.4057 -0.3808 -0.8309
vn -0.3906 -0.3468 -0.8527
vn -0.4623 -0.3478 -0.8156
vn -0.4230 -0.3501 -0.8357
vn -0.4233 -0.3499 -0.8357
vn -0.3540 -0.2080 -0.9118
vn -0.3822 -0.2183 -0.8979
vn -0.2148 -0.3256 -0.9207
vn -0.3131 -0.2891 -0.9046
vn -0.5264 -0.3024 -0.7946
vn -0.2187 -0.3524 -0.9099
vn -0.3616 -0.1734 -0.9160
vn -0.2681 -0.4335 -0.8603
vn -0.3081 -0.4590 -0.8332
vn -0.3339 -0.4352 -0.8361
vn -0.2835 -0.4000 -0.8715
vn -0.3402 -0.4482 -0.8267
vn -0.3250 -0.4066 -0.8538
vn -0.3526 -0.4624 -0.8135
vn -0.3880 -0.4040 -0.8284
vn -0.3686 -0.4681 -0.8031
vn -0.4167 -0.4498 -0.7899
vn -0.4289 -0.4034 -0.8083
vn -0.3893 -0.3832 -0.8376
vn -0.2930 -0.4866 -0.8231
vn -0.3450 -0.4671 -0.8141
vn -0.3109 -0.4597 -0.8319
vn -0.0352 0.0043 0.9994
vn 0.0316 -0.0368 0.9988
vn -0.0246 -0.0828 0.9962
vn -0.0741 -0.0655 0.9951
vn 0.0836 -0.0374 0.9958
vn 0.1330 -0.0360 0.9904
vn 0.0760 -0.1064 0.9914
vn 0.0183 -0.0861 0.9961
vn -0.0163 0.1333 0.9909
vn 0.0315 0.0662 0.9973
vn 0.0316 0.0148 0.9994
vn -0.0280 0.0769 0.9966
vn 0.0828 0.0660 0.9944
vn 0.1318 0.0641 0.9892
vn 0.1336 0.0146 0.9909
vn 0.0829 0.0147 0.9964
vn 0.0952 -0.0734 0.9927
vn 0.1831 -0.0715 0.9805
vn 0.2246 -0.0669 0.9721
vn 0.1260 -0.0797 0.9888
vn 0.1808 -0.0332 0.9829
vn 0.2277 -0.0308 0.9732
vn 0.2991 -0.0582 0.9524
vn 0.2772 -0.0327 0.9602
vn 0.3279 -0.0035 0.9447
vn 0.3331 -0.0409 0.9420
vn 0.2550 -0.0623 0.9649
vn 0.1842 -0.0834 0.9793
vn 0.2203 -0.0836 0.9718
vn 0.1754 0.0605 0.9826
vn 0.2133 0.0584 0.9752
vn 0.2317 0.0143 0.9727
vn 0.1833 0.0145 0.9829
vn 0.2528 0.0626 0.9655
vn 0.3036 0.0958 0.9479
vn 0.3212 0.0387 0.9462
vn 0.2784 0.0150 0.9603
vn -0.0113 0.2169 0.9761
vn 0.0308 0.1668 0.9855
vn 0.0314 0.1172 0.9926
vn -0.0131 0.1775 0.9840
vn 0.0799 0.1656 0.9829
vn 0.1256 0.1498 0.9807
vn 0.1283 0.1086 0.9857
vn 0.0824 0.1168 0.9897
vn -0.0191 0.2829 0.9590
vn 0.0098 0.2557 0.9667
vn 0.0305 0.2149 0.9761
vn -0.0108 0.2537 0.9672
vn 0.0446 0.2503 0.9671
vn 0.0732 0.2562 0.9638
vn 0.1277 0.2032 0.9708
vn 0.0775 0.2104 0.9745
vn 0.1747 0.1239 0.9768
vn 0.2141 0.1211 0.9693
vn 0.1766 0.0840 0.9807
vn 0.1597 0.0924 0.9828
vn -0.2805 -0.4996 -0.8195
vn -0.3252 -0.4527 -0.8302
vn -0.3930 -0.4932 -0.7760
vn -0.3742 -0.4917 -0.7862
vn -0.3699 -0.5101 -0.7765
vn -0.3856 -0.5192 -0.7627
vn -0.3777 -0.5058 -0.7755
vn -0.3812 -0.4935 -0.7818
vn -0.4236 -0.4888 -0.7626
vn -0.4072 -0.4738 -0.7808
vn -0.4359 -0.5550 -0.7085
vn -0.4123 -0.4993 -0.7620
vn -0.4374 -0.4711 -0.7660
vn -0.4325 -0.4683 -0.7705
vn -0.3812 -0.4977 -0.7790
vn 0.2370 0.1356 0.9620
vn 0.2249 0.1124 0.9679
vn -0.3800 -0.4767 -0.7927
vn 0.3062 0.1864 0.9335
vn 0.3282 0.2218 0.9182
vn 0.3152 0.1901 0.9298
vn 0.2868 0.1673 0.9432
vn 0.1376 0.2574 0.9565
vn 0.1743 0.2540 0.9514
vn 0.2622 0.2145 0.9409
vn 0.2057 0.1994 0.9580
vn 0.2270 0.2679 0.9363
vn 0.2102 0.2994 0.9307
vn 0.2441 0.2343 0.9410
vn 0.3009 0.2394 0.9231
vn 0.3146 0.2324 0.9203
vn 0.3243 0.2537 0.9113
vn 0.2929 0.2170 0.9312
vn 0.2730 0.1717 0.9465
vn 0.2354 0.1552 0.9594
vn 0.2561 0.1183 0.9594
vn 0.0502 -0.1459 0.9880
vn 0.1695 0.1600 0.9724
vn 0.1023 0.2655 0.9586
vn 0.1581 0.2305 0.9601
vn 0.3461 0.1779 0.9212
vn -0.2171 -0.3964 -0.8920
vn -0.2592 -0.4065 -0.8761
vn -0.2723 -0.4258 -0.8628
vn -0.2582 -0.4266 -0.8668
vn 0.3955 -0.0083 0.9184
vn 0.3848 0.0410 0.9221
vn 0.4497 0.0615 0.8910
vn 0.4717 0.0065 0.8817
vn 0.3632 -0.0616 0.9297
vn 0.2836 -0.0690 0.9564
vn -0.3411 -0.6222 -0.7046
vn -0.3178 -0.6427 -0.6970
vn -0.3848 -0.5578 -0.7354
vn -0.3357 -0.5085 -0.7929
vn -0.3645 -0.5734 -0.7338
vn -0.3528 -0.5345 -0.7679
vn -0.4464 -0.6948 -0.5638
vn 0.5501 -0.0905 0.8302
vn 0.5510 -0.0254 0.8341
vn 0.6562 -0.0221 0.7542
vn 0.3758 -0.8140 0.4429
vn 0.3498 -0.1591 0.9232
vn 0.3799 -0.1056 0.9189
vn -0.3497 -0.5146 -0.7829
vn -0.3854 -0.5572 -0.7355
vn -0.3926 -0.5238 -0.7559
vn -0.3567 -0.4728 -0.8057
vn -0.3500 -0.5647 -0.7474
vn -0.3376 -0.5256 -0.7808
vn -0.3268 -0.4718 -0.8189
vn 0.3855 0.1417 0.9117
vn 0.4551 0.1753 0.8730
vn 0.4015 0.1108 0.9091
vn 0.3618 0.0863 0.9282
vn 0.3778 -0.7415 0.5544
vn -0.3741 -0.8375 -0.3984
vn -0.3694 -0.7961 -0.4792
vn -0.3598 -0.7905 -0.4956
vn -0.4048 -0.6611 -0.6317
vn -0.4163 -0.6618 -0.6234
vn -0.2959 -0.4686 -0.8324
vn -0.3203 -0.4870 -0.8125
vn -0.3743 -0.5958 -0.7105
vn -0.3468 -0.5424 -0.7652
vn -0.3370 -0.7369 -0.5860
vn 0.5135 0.0864 0.8537
vn -0.3230 -0.4654 -0.8241
vn -0.4035 -0.6074 -0.6843
vn 0.4994 0.1932 0.8445
vn 0.5529 0.2143 0.8052
vn 0.4567 0.1997 0.8669
vn 0.5260 0.2437 0.8148
vn 0.4080 -0.7220 0.5588
vn 0.6731 0.1691 0.7199
vn 0.6178 0.1334 0.7750
vn 0.3917 -0.8068 0.4423
vn 0.0788 -0.9602 0.2679
vn -0.4726 -0.6882 -0.5504
vn 0.1108 -0.9924 0.0534
vn 0.0864 -0.8441 0.5292
vn -0.5564 -0.7237 -0.4083
vn -0.1909 -0.8432 -0.5025
vn -0.4068 -0.5359 -0.7398
vn -0.4205 -0.5450 -0.7253
vn -0.4063 -0.4921 -0.7698
vn -0.3811 -0.4847 -0.7873
vn -0.4158 -0.5768 -0.7031
vn -0.4290 -0.5661 -0.7039
vn -0.4486 -0.7444 -0.4945
vn -0.4390 -0.8130 -0.3825
vn -0.4923 -0.7374 -0.4625
vn -0.4472 -0.6808 -0.5800
vn -0.4944 -0.7488 -0.4415
vn -0.4724 -0.7002 -0.5352
vn -0.4964 -0.7784 -0.3843
vn -0.4887 -0.6493 -0.5827
vn -0.5237 -0.7056 -0.4772
vn -0.5149 -0.6671 -0.5383
vn -0.4746 -0.6250 -0.6197
vn -0.5319 -0.6966 -0.4815
vn -0.4873 -0.6390 -0.5951
vn -0.5379 -0.7231 -0.4332
vn -0.4938 -0.7024 -0.5126
vn -0.4684 -0.6354 -0.6138
vn -0.4489 -0.5930 -0.6684
vn -0.4343 -0.6234 -0.6501
vn -0.4312 -0.5911 -0.6817
vn -0.4244 -0.5668 -0.7061
vn -0.4028 -0.6193 -0.6739
vn -0.5183 -0.7499 -0.4111
vn 0.3251 0.2714 0.9059
vn 0.3225 0.2862 0.9022
vn 0.2901 0.1868 0.9386
vn 0.3197 0.2934 0.9009
vn 0.3719 0.2822 0.8843
vn 0.2247 0.1861 0.9565
vn 0.3683 0.2595 0.8927
vn -0.5527 -0.7555 -0.3517
vn -0.5197 -0.5932 0.6148
vn -0.2473 -0.4371 0.8647
vn -0.5820 -0.7584 -0.2933
vn -0.3424 -0.4754 0.8103
vn -0.4200 -0.8009 -0.4268
vn 0.2390 0.2282 0.9438
vn 0.1824 0.1982 0.9630
vn -0.3428 -0.4841 0.8050
vn 0.2803 0.1560 0.9471
vn 0.3051 0.2524 0.9182
vn -0.1406 -0.7534 0.6423
vn -0.4775 -0.6267 0.6158
vn -0.5927 -0.7322 -0.3353
vn -0.4820 -0.8206 -0.3072
vn 0.3238 0.2592 0.9099
vn 0.4011 0.3029 0.8645
vn -0.5550 -0.7494 -0.3610
vn -0.5492 -0.7378 -0.3923
vn 0.4888 0.2438 0.8376
vn 0.4076 0.2125 0.8881
vn 0.4150 -0.7862 0.4579
vn -0.5411 -0.5517 0.6347
vn -0.4638 -0.6266 -0.6262
vn 0.2816 -0.9066 0.3142
vn -0.4788 -0.6884 -0.5448
vn 0.4600 -0.7943 0.3966
vn -0.5580 -0.7208 -0.4112
vn -0.5388 -0.1962 -0.8192
vn -0.5549 -0.2440 -0.7953
vn -0.5843 -0.1233 -0.8021
vn -0.5295 -0.1112 -0.8410
vn -0.5816 -0.2128 -0.7851
vn -0.6359 -0.0953 -0.7658
vn -0.5271 -0.3135 -0.7898
vn -0.5488 -0.2912 -0.7836
vn -0.0562 0.3265 0.9435
vn -0.0744 0.2733 0.9590
vn -0.0326 0.2762 0.9605
vn -0.0362 0.2924 0.9556
vn -0.5340 -0.3241 -0.7809
vn -0.5379 -0.3201 -0.7798
vn -0.5334 -0.3280 -0.7797
vn -0.5574 -0.2759 -0.7830
vn -0.0794 0.2811 0.9564
vn -0.0726 0.3097 0.9481
vn -0.0149 0.2858 0.9582
vn -0.0244 0.2743 0.9613
vn -0.7016 -0.1314 -0.7003
vn -0.7635 -0.0782 -0.6411
vn -0.8057 0.0561 -0.5896
vn -0.7600 0.0062 -0.6498
vn -0.8430 -0.0225 -0.5374
vn -0.8678 0.0847 -0.4896
vn -0.9545 -0.0067 -0.2981
vn -0.7943 0.0973 0.5997
vn -0.6969 0.3309 0.6362
vn -0.8921 0.3909 0.2265
vn -0.0946 0.4865 0.8685
vn -0.0845 0.3268 0.9413
vn -0.1086 0.2174 0.9700
vn -0.6040 -0.2951 -0.7403
vn -0.6630 -0.3113 -0.6808
vn -0.7121 -0.1730 -0.6803
vn -0.6442 -0.2163 -0.7336
vn -0.7621 -0.2533 -0.5958
vn -0.8004 -0.1337 -0.5842
vn -0.8919 -0.2310 -0.3887
vn -0.9184 0.1984 0.3422
vn -0.8329 0.0455 0.5515
vn -0.9521 -0.1174 -0.2821
vn -0.1938 0.3839 0.9028
vn -0.1910 0.2433 0.9510
vn -0.6943 -0.0461 -0.7182
vn -0.6351 -0.1788 -0.7514
vn -0.0537 0.4805 0.8753
vn -0.5716 -0.3606 -0.7370
vn -0.7193 -0.3473 -0.6016
vn -0.4327 -0.4435 -0.7849
vn -0.4602 -0.4627 -0.7576
vn -0.4820 -0.4156 -0.7713
vn -0.4824 -0.3980 -0.7803
vn -0.5394 -0.3651 -0.7588
vn -0.5214 -0.3451 -0.7803
vn -0.5290 -0.4781 -0.7011
vn -0.6061 -0.5975 -0.5249
vn -0.7224 -0.5607 -0.4046
vn -0.7191 -0.6335 -0.2853
vn -0.5926 -0.5639 -0.5752
vn -0.5885 -0.6271 -0.5101
vn -0.5471 -0.6032 -0.5804
vn -0.5549 -0.5449 -0.6286
vn -0.6750 -0.4930 -0.5488
vn -0.7549 -0.5745 -0.3163
vn -0.7610 -0.4340 -0.4822
vn -0.7395 -0.3654 -0.5654
vn -0.9210 -0.2377 -0.3085
vn -0.8607 -0.2497 -0.4437
vn -0.7659 -0.5893 -0.2572
vn -0.6220 -0.4240 -0.6582
vn -0.6460 -0.3469 -0.6800
vn -0.7215 -0.6516 -0.2338
vn -0.6577 -0.5633 -0.5001
vn -0.4894 -0.5054 -0.7107
vn -0.5248 -0.5112 -0.6806
vn -0.4798 -0.5416 -0.6902
vn -0.5684 -0.5455 -0.6159
vn -0.0908 0.2682 0.9591
vn -0.1575 0.1447 0.9768
vn -0.0023 0.2279 0.9737
vn 0.0218 0.2894 0.9569
vn -0.0447 0.3417 0.9387
vn -0.7566 0.2221 0.6150
vn -0.0363 0.6019 0.7977
vn 0.0058 0.4202 0.9074
vn -0.5019 -0.2911 0.8144
vn 0.0587 0.2148 0.9749
vn -0.7708 0.0070 0.6370
vn -0.5647 -0.5498 0.6154
vn -0.5593 -0.3541 0.7494
vn -0.0398 0.2256 0.9734
vn -0.6203 -0.5036 -0.6013
vn -0.5724 -0.4111 0.7094
vn -0.7669 0.4073 0.4959
vn -0.9383 -0.1726 0.2998
vn -0.7684 -0.5362 -0.3493
vn -0.0619 0.3184 0.9459
vn 0.0005 0.2985 0.9544
vn -0.7111 0.4115 0.5700
vn -0.0963 0.4201 0.9023
vn -0.6514 -0.7016 -0.2886
vn -0.5857 -0.5755 0.5708
vn -0.4505 -0.3634 0.8155
vn -0.6198 -0.7234 -0.3041
vn -0.5973 -0.5422 0.5909
vn -0.6726 -0.6947 -0.2550
vn -0.6290 -0.6590 -0.4123
vn -0.5700 -0.6757 -0.4675
vn -0.5052 -0.3286 -0.7979
vn -0.4756 -0.3762 -0.7951
vn -0.4663 -0.4496 -0.7619
vn -0.4772 -0.6128 -0.6298
vn -0.5335 -0.6516 -0.5392
vn -0.3109 -0.4346 -0.8452
vn -0.3515 -0.4339 -0.8295
vn -0.3607 -0.4041 -0.8406
vn -0.2649 -0.4386 -0.8587
usemtl Material.001
s 1
f 1/1/1 3/2/2 4/3/3 2/4/4
f 17/5/5 18/6/6 20/7/7 19/8/8
f 17/5/5 21/9/9 22/10/10 18/6/6
f 17/5/5 19/8/8 23/11/11 21/9/9
f 11/12/12 12/13/13 22/10/10 21/9/9
f 9/14/14 18/6/6 22/10/10 12/13/13
f 14/15/15 21/9/9 23/11/11 16/16/16
f 13/17/17 16/16/16 23/11/11 19/8/8
f 30/18/18 31/19/19 29/20/20 28/21/21
f 27/22/22 30/18/18 28/21/21 25/23/23
f 32/24/24 33/25/25 35/26/26 34/27/27
f 37/28/28 38/29/29 40/30/30 39/31/31
f 44/32/32 45/33/33 47/34/34 46/35/35
f 42/36/36 46/35/35 47/34/34 43/37/37
f 41/38/38 43/37/37 47/34/34 45/33/33
f 51/39/39 52/40/40 54/41/41 53/42/42
f 51/39/39 53/42/42 56/43/43 55/44/44
f 32/24/24 48/45/45 49/46/46 33/25/25
f 32/24/24 34/27/27 50/47/47 48/45/45
f 37/28/28 39/31/31 58/48/48 57/49/49
f 42/36/36 43/37/37 52/40/40 51/39/39
f 42/36/36 51/39/39 55/44/44 46/35/35
f 34/27/27 35/26/26 38/29/29 37/28/28
f 41/38/38 48/45/45 50/47/47 43/37/37
f 52/40/40 57/49/49 58/48/48 54/41/41
f 43/37/37 50/47/47 57/49/49 52/40/40
f 36/50/50 54/41/41 58/48/48 39/31/31
f 34/27/27 37/28/28 57/49/49 50/47/47
f 61/51/51 62/52/52 64/53/53 63/54/54
f 61/51/51 65/55/55 66/56/56 62/52/52
f 61/51/51 63/54/54 67/57/57 65/55/55
f 66/56/56 68/58/58 64/53/53 62/52/52
f 71/59/59 72/60/60 70/61/61 69/62/62
f 78/63/63 79/64/64 77/65/65 76/66/66
f 73/67/67 76/66/66 77/65/65 74/68/68
f 77/65/65 79/64/64 75/69/69 74/68/68
f 69/62/62 70/61/61 60/70/70 59/71/71
f 65/55/55 73/67/67 74/68/68 66/56/56
f 74/68/68 75/69/69 68/58/58 66/56/56
f 72/60/60 76/66/66 73/67/67 70/61/61
f 70/61/61 73/67/67 65/55/55 60/70/70
f 15/72/72 16/16/16 45/33/33 44/32/32
f 13/17/17 41/38/38 45/33/33 16/16/16
f 19/8/8 20/7/7 49/46/46 48/45/45
f 13/17/17 19/8/8 48/45/45 41/38/38
f 8/73/73 33/25/25 49/46/46 20/7/7
f 31/19/19 71/59/59 69/62/62 29/20/20
f 29/20/20 69/62/62 59/71/71 24/74/74
f 10/75/75 26/76/76 27/22/22 12/13/13
f 9/14/14 12/13/13 27/22/22 25/23/23
f 18/6/6 28/21/21 29/20/20 20/7/7
f 9/14/14 25/23/23 28/21/21 18/6/6
f 8/73/73 20/7/7 29/20/20 24/74/74
f 33/25/25 59/71/71 60/70/70 35/26/26
f 38/29/29 65/55/55 67/57/57 40/30/30
f 35/26/26 60/70/70 65/55/55 38/29/29
f 8/73/73 24/74/74 59/71/71 33/25/25
f 88/77/77 90/78/78 91/79/79 89/80/80
f 92/81/81 93/82/82 95/83/83 94/84/84
f 92/81/81 96/85/85 97/86/86 93/82/82
f 92/81/81 94/84/84 98/87/87 96/85/85
f 97/86/86 99/88/88 95/83/83 93/82/82
f 86/89/89 94/84/84 95/83/83 87/90/90
f 89/80/80 91/79/79 98/87/87 94/84/84
f 105/91/91 107/92/92 108/93/93 106/94/94
f 109/95/95 113/96/96 114/97/97 110/98/98
f 109/95/95 111/99/99 115/100/100 113/96/96
f 116/101/101 118/102/102 119/103/103 117/104/104
f 122/105/105 123/106/106 121/107/107 120/108/108
f 122/105/105 125/109/109 126/110/110 123/106/106
f 121/107/107 123/106/106 126/110/110 124/111/111
f 107/92/92 116/101/101 117/104/104 108/93/93
f 113/96/96 120/108/108 121/107/107 114/97/97
f 113/96/96 115/100/100 122/105/105 120/108/108
f 106/94/94 108/93/93 115/100/100 111/99/99
f 117/104/104 119/103/103 125/109/109 122/105/105
f 108/93/93 117/104/104 122/105/105 115/100/100
f 129/112/112 130/113/113 128/114/114 127/115/115
f 133/116/116 134/117/117 132/118/118 131/119/119
f 131/119/119 132/118/118 130/113/113 129/112/112
f 90/78/78 105/91/91 106/94/94 91/79/79
f 96/85/85 109/95/95 110/98/98 97/86/86
f 96/85/85 98/87/87 111/99/99 109/95/95
f 110/98/98 112/120/120 99/88/88 97/86/86
f 91/79/79 106/94/94 111/99/99 98/87/87
f 85/121/121 101/122/122 100/123/123 84/124/124
f 85/121/121 87/90/90 102/125/125 101/122/122
f 95/83/83 99/88/88 104/126/126 103/127/127
f 87/90/90 95/83/83 103/127/127 102/125/125
f 110/98/98 127/115/115 128/114/114 112/120/120
f 110/98/98 114/97/97 129/112/112 127/115/115
f 126/110/110 134/117/117 133/116/116 124/111/111
f 121/107/107 124/111/111 133/116/116 131/119/119
f 114/97/97 121/107/107 131/119/119 129/112/112
f 99/88/88 112/120/120 128/114/114 104/126/126
f 136/128/128 137/129/129 140/130/130 138/131/131
f 142/132/132 145/133/133 146/134/134 143/135/135
f 141/136/136 143/135/135 146/134/134 144/137/137
f 149/138/138 150/139/139 152/140/140 151/141/141
f 149/138/138 151/141/141 154/142/142 153/143/143
f 139/144/144 151/141/141 152/140/140 140/130/130
f 138/131/131 140/130/130 152/140/140 150/139/139
f 142/132/132 143/135/135 150/139/139 149/138/138
f 142/132/132 149/138/138 153/143/143 145/133/133
f 147/145/145 148/146/146 154/142/142 151/141/141
f 135/147/147 138/131/131 150/139/139 143/135/135
f 158/148/148 159/149/149 161/150/150 160/151/151
f 156/152/152 160/151/151 161/150/150 157/153/153
f 155/154/154 157/153/153 161/150/150 159/149/149
f 162/155/155 163/156/156 165/157/157 164/158/158
f 162/155/155 164/158/158 167/159/159 166/160/160
f 168/161/161 169/162/162 171/163/163 170/164/164
f 174/165/165 175/166/166 177/167/167 176/168/168
f 158/148/148 160/151/151 173/169/169 172/170/170
f 166/160/160 167/159/159 179/171/171 178/172/172
f 169/162/162 174/165/165 176/168/168 171/163/163
f 156/152/152 157/153/153 163/156/156 162/155/155
f 156/152/152 162/155/155 166/160/160 160/151/151
f 168/161/161 172/170/170 173/169/169 169/162/162
f 174/165/165 178/172/172 179/171/171 175/166/166
f 169/162/162 173/169/169 178/172/172 174/165/165
f 160/151/151 166/160/160 178/172/172 173/169/169
f 181/173/173 182/174/174 184/175/175 183/176/176
f 181/173/173 185/177/177 186/178/178 182/174/174
f 181/173/173 183/176/176 187/179/179 185/177/177
f 188/180/180 189/181/181 191/182/182 190/183/183
f 197/184/184 200/185/185 201/186/186 198/187/187
f 197/184/184 199/188/188 202/189/189 200/185/185
f 203/190/190 204/191/191 206/192/192 205/193/193
f 185/177/177 197/184/184 198/187/187 186/178/178
f 185/177/177 187/179/179 199/188/188 197/184/184
f 190/183/183 191/182/182 204/191/191 203/190/190
f 195/194/194 203/190/190 205/193/193 196/195/195
f 183/176/176 192/196/196 194/197/197 187/179/179
f 188/180/180 192/196/196 193/198/198 189/181/181
f 188/180/180 190/183/183 194/197/197 192/196/196
f 195/194/194 196/195/195 202/189/189 199/188/188
f 180/199/199 187/179/179 194/197/197 190/183/183
f 180/199/199 195/194/194 199/188/188 187/179/179
f 180/199/199 190/183/183 203/190/190 195/194/194
f 207/200/200 208/201/201 211/202/202 209/203/203
f 214/204/204 215/205/205 217/206/206 216/207/207
f 212/208/208 213/209/209 217/206/206 215/205/205
f 221/210/210 222/211/211 224/212/212 223/213/213
f 219/214/214 223/213/213 224/212/212 220/215/215
f 218/216/216 220/215/215 224/212/212 222/211/211
f 225/217/217 226/218/218 229/219/219 228/220/220
f 210/221/221 219/214/214 220/215/215 211/202/202
f 209/203/203 211/202/202 220/215/215 218/216/216
f 217/206/206 227/222/222 226/218/218 216/207/207
f 214/204/204 216/207/207 226/218/218 225/217/217
f 210/221/221 211/202/202 215/205/205 214/204/204
f 208/201/201 212/208/208 215/205/205 211/202/202
f 219/214/214 225/217/217 228/220/220 223/213/213
f 210/221/221 214/204/204 225/217/217 219/214/214
f 145/133/133 183/176/176 184/175/175 146/134/134
f 144/137/137 146/134/134 184/175/175 182/174/174
f 153/143/143 154/142/142 193/198/198 192/196/196
f 148/146/146 189/181/181 193/198/198 154/142/142
f 145/133/133 153/143/143 192/196/196 183/176/176
f 170/164/164 171/163/163 208/201/201 207/200/200
f 176/168/168 177/167/167 213/209/209 212/208/208
f 171/163/163 176/168/168 212/208/208 208/201/201
f 147/145/145 168/161/161 170/164/164 148/146/146
f 139/144/144 140/130/130 159/149/149 158/148/148
f 137/129/129 155/154/154 159/149/149 140/130/130
f 147/145/145 151/141/141 172/170/170 168/161/161
f 139/144/144 158/148/148 172/170/170 151/141/141
f 189/181/181 207/200/200 209/203/203 191/182/182
f 204/191/191 218/216/216 222/211/211 206/192/192
f 191/182/182 209/203/203 218/216/216 204/191/191
f 148/146/146 170/164/164 207/200/200 189/181/181
f 233/223/223 234/224/224 236/225/225 235/226/226
f 231/227/227 235/226/226 236/225/225 232/228/228
f 230/229/229 232/228/228 236/225/225 234/224/224
f 237/230/230 238/231/231 240/232/232 239/233/233
f 237/230/230 241/234/234 242/235/235 238/231/231
f 243/236/236 244/237/237 246/238/238 245/239/239
f 233/223/223 249/240/240 250/241/241 234/224/224
f 233/223/223 235/226/226 251/242/242 249/240/240
f 231/227/227 232/228/228 244/237/237 243/236/236
f 231/227/227 243/236/236 247/243/243 235/226/226
f 230/229/229 237/230/230 239/233/233 232/228/228
f 230/229/229 234/224/224 241/234/234 237/230/230
f 232/228/228 239/233/233 248/244/244 244/237/237
f 234/224/224 250/241/241 253/245/245 241/234/234
f 256/246/246 257/247/247 255/248/248 254/249/249
f 260/250/250 261/251/251 259/252/252 258/253/253
f 264/254/254 265/255/255 263/256/256 262/257/257
f 268/258/258 269/259/259 267/260/260 266/261/261
f 262/257/257 263/256/256 257/247/247 256/246/246
f 266/261/261 267/260/260 261/251/251 260/250/250
f 257/247/247 260/250/250 258/253/253 255/248/248
f 265/255/255 268/258/258 266/261/261 263/256/256
f 263/256/256 266/261/261 260/250/250 257/247/247
f 274/262/262 275/263/263 273/264/264 272/265/265
f 279/266/266 280/267/267 277/268/268 276/269/269
f 283/270/270 284/271/271 282/272/272 281/273/273
f 287/274/274 288/275/275 286/276/276 285/277/277
f 281/273/273 282/272/272 275/263/263 274/262/262
f 285/277/277 286/276/276 280/267/267 279/266/266
f 275/263/263 279/266/266 276/269/269 273/264/264
f 284/271/271 287/274/274 285/277/277 282/272/272
f 282/272/272 285/277/277 279/266/266 275/263/263
f 294/278/278 295/279/279 293/280/280 292/281/281
f 298/282/282 299/283/283 297/284/284 296/285/285
f 302/286/286 303/287/287 301/288/288 300/289/289
f 306/290/290 307/291/291 305/292/292 304/293/293
f 300/289/289 301/288/288 295/279/279 294/278/278
f 304/293/293 305/292/292 299/283/283 298/282/282
f 295/279/279 298/282/282 296/285/285 293/280/280
f 303/287/287 306/290/290 304/293/293 301/288/288
f 301/288/288 304/293/293 298/282/282 295/279/279
f 312/294/294 313/295/295 311/296/296 310/297/297
f 316/298/298 317/299/299 315/300/300 314/301/301
f 314/301/301 315/300/300 309/302/302 308/303/303
f 313/295/295 316/298/298 314/301/301 311/296/296
f 320/304/304 321/305/305 319/306/306 318/307/307
f 324/308/308 325/309/309 323/310/310 322/311/311
f 326/312/312 327/313/313 321/305/305 320/304/304
f 321/305/305 324/308/308 322/311/311 319/306/306
f 327/313/313 328/314/314 324/308/308 321/305/305
f 292/281/281 293/280/280 265/255/255 264/254/254
f 296/285/285 297/284/284 269/259/259 268/258/258
f 293/280/280 296/285/285 268/258/258 265/255/255
f 318/307/307 319/306/306 284/271/271 283/270/270
f 322/311/311 323/310/310 288/275/275 287/274/274
f 319/306/306 322/311/311 287/274/274 284/271/271
f 291/315/315 312/294/294 310/297/297 290/316/316
f 261/251/251 274/262/262 272/265/265 259/252/252
f 269/259/259 283/270/270 281/273/273 267/260/260
f 267/260/260 281/273/273 274/262/262 261/251/251
f 299/283/283 320/304/304 318/307/307 297/284/284
f 305/292/292 326/312/312 320/304/304 299/283/283
f 305/292/292 307/291/291 291/315/315 290/316/316
f 309/302/302 325/309/309 324/308/308 308/303/303
f 311/296/296 327/313/313 326/312/312 310/297/297
f 314/301/301 328/314/314 327/313/313 311/296/296
f 324/308/308 328/314/314 314/301/301 308/303/303
f 310/297/297 326/312/312 305/292/292 290/316/316
f 297/284/284 318/307/307 283/270/270 269/259/259
f 1/1/1 2/4/4 85/121/121 84/124/124
f 100/123/123 101/122/122 4/3/3 3/2/2
f 1/1/1 84/124/124 100/123/123 3/2/2
f 6/317/317 7/318/318 165/157/157 163/156/156
f 5/319/319 6/317/317 163/156/156 157/153/153
f 11/12/12 239/233/233 240/232/232 12/13/13
f 10/75/75 12/13/13 240/232/232 238/231/231
f 15/72/72 245/239/239 246/238/238 16/16/16
f 14/15/15 16/16/16 246/238/238 244/237/237
f 14/15/15 244/237/237 248/244/244 21/9/9
f 11/12/12 21/9/9 248/244/244 239/233/233
f 254/249/249 255/248/248 27/22/22 26/76/76
f 258/253/253 259/252/252 31/19/19 30/18/18
f 255/248/248 258/253/253 30/18/18 27/22/22
f 44/32/32 46/35/35 271/320/320 270/321/321
f 272/265/265 273/264/264 72/60/60 71/59/59
f 78/63/63 277/268/268 278/322/322 79/64/64
f 276/269/269 277/268/268 78/63/63 76/66/66
f 273/264/264 276/269/269 76/66/66 72/60/60
f 15/72/72 44/32/32 270/321/321 245/239/239
f 259/252/252 272/265/265 71/59/59 31/19/19
f 80/323/323 182/174/174 186/178/178 81/324/324
f 82/325/325 198/187/187 201/186/186 83/326/326
f 81/324/324 186/178/178 198/187/187 82/325/325
f 2/4/4 4/3/3 26/76/76 10/75/75
f 88/77/77 89/80/80 250/241/241 249/240/240
f 88/77/77 249/240/240 252/327/327 90/78/78
f 86/89/89 87/90/90 242/235/235 241/234/234
f 85/121/121 238/231/231 242/235/235 87/90/90
f 89/80/80 94/84/84 253/245/245 250/241/241
f 86/89/89 241/234/234 253/245/245 94/84/84
f 102/125/125 256/246/246 254/249/249 101/122/122
f 104/126/126 264/254/254 262/257/257 103/127/127
f 103/127/127 262/257/257 256/246/246 102/125/125
f 130/113/113 294/278/278 292/281/281 128/114/114
f 134/117/117 302/286/286 300/289/289 132/118/118
f 132/118/118 300/289/289 294/278/278 130/113/113
f 90/78/78 252/327/327 289/328/328 105/91/91
f 128/114/114 292/281/281 264/254/254 104/126/126
f 6/317/317 55/44/44 56/43/43 7/318/318
f 5/319/319 46/35/35 55/44/44 6/317/317
f 80/323/323 81/324/324 107/92/92 105/91/91
f 82/325/325 83/326/326 118/102/102 116/101/101
f 81/324/324 82/325/325 116/101/101 107/92/92
f 136/128/128 243/236/236 245/239/239 137/129/129
f 136/128/128 138/131/131 247/243/243 243/236/236
f 141/136/136 249/240/240 251/242/242 143/135/135
f 141/136/136 144/137/137 252/327/327 249/240/240
f 135/147/147 235/226/226 247/243/243 138/131/131
f 135/147/147 143/135/135 251/242/242 235/226/226
f 155/154/154 270/321/321 271/320/320 157/153/153
f 137/129/129 245/239/239 270/321/321 155/154/154
f 144/137/137 182/174/174 289/328/328 252/327/327
f 80/323/323 105/91/91 289/328/328 182/174/174
f 5/319/319 157/153/153 271/320/320 46/35/35
f 2/4/4 10/75/75 238/231/231 85/121/121
f 101/122/122 254/249/249 26/76/76 4/3/3
f 337/329/329 338/330/330 340/331/331 339/332/332
f 343/333/333 344/334/334 346/335/335 345/336/336
f 347/337/337 348/338/338 350/339/339 349/340/340
f 347/337/337 349/340/340 352/341/341 351/342/342
f 353/343/343 354/344/344 356/345/345 355/346/346
f 353/343/343 355/346/346 358/347/347 357/348/348
f 335/349/349 336/350/350 350/339/339 348/338/338
f 341/351/351 342/352/352 356/345/345 354/344/344
f 349/340/340 350/339/339 354/344/344 353/343/343
f 349/340/340 353/343/343 357/348/348 352/341/341
f 339/332/332 340/331/331 344/334/334 343/333/333
f 335/349/349 337/329/329 339/332/332 336/350/350
f 341/351/351 343/333/333 345/336/336 342/352/352
f 336/350/350 339/332/332 343/333/333 341/351/351
f 345/336/336 359/353/353 356/345/345 342/352/352
f 336/350/350 341/351/351 354/344/344 350/339/339
f 360/354/354 361/355/355 363/356/356 362/357/357
f 360/354/354 362/357/357 366/358/358 364/359/359
f 365/360/360 367/361/361 363/356/356 361/355/355
f 368/362/362 369/363/363 371/364/364 370/365/365
f 371/364/364 375/366/366 374/367/367 370/365/365
f 368/362/362 370/365/365 374/367/367 372/368/368
f 373/369/369 375/366/366 371/364/364 369/363/363
f 380/370/370 381/371/371 379/372/372 378/373/373
f 379/372/372 381/371/371 377/374/374 376/375/375
f 384/376/376 385/377/377 383/378/378 382/379/379
f 383/378/378 387/380/380 386/381/381 382/379/379
f 386/381/381 388/382/382 384/376/376 382/379/379
f 376/375/375 377/374/374 367/361/361 365/360/360
f 383/378/378 385/377/377 375/366/366 373/369/369
f 362/357/357 363/356/356 369/363/363 368/362/362
f 362/357/357 368/362/362 372/368/368 366/358/358
f 367/361/361 373/369/369 369/363/363 363/356/356
f 386/381/381 387/380/380 381/371/371 380/370/370
f 381/371/371 387/380/380 383/378/378 377/374/374
f 377/374/374 383/378/378 373/369/369 367/361/361
f 389/383/383 390/384/384 392/385/385 391/386/386
f 395/387/387 396/388/388 398/389/389 397/390/390
f 398/389/389 401/391/391 400/392/392 397/390/390
f 395/387/387 397/390/390 400/392/392 399/393/393
f 407/394/394 408/395/395 410/396/396 409/397/397
f 405/398/398 406/399/399 410/396/396 408/395/395
f 411/400/400 412/401/401 414/402/402 413/403/403
f 392/385/385 404/404/404 403/405/405 391/386/386
f 389/383/383 391/386/386 403/405/405 402/406/406
f 393/407/407 394/408/408 414/402/402 412/401/401
f 400/392/392 401/391/391 408/395/395 407/394/394
f 398/389/389 405/398/398 408/395/395 401/391/391
f 403/405/405 404/404/404 412/401/401 411/400/400
f 396/388/388 402/406/406 403/405/405 398/389/389
f 405/398/398 411/400/400 413/403/403 406/399/399
f 413/403/403 416/409/409 410/396/396 406/399/399
f 398/389/389 403/405/405 411/400/400 405/398/398
f 392/385/385 393/407/407 412/401/401 404/404/404
f 426/410/410 427/411/411 425/412/412 423/413/413
f 430/414/414 431/415/415 429/416/416 428/417/417
f 419/418/418 424/419/419 423/413/413 418/420/420
f 423/413/413 425/412/412 420/421/421 418/420/420
f 428/417/417 429/416/416 422/422/422 421/423/423
f 427/411/411 430/414/414 428/417/417 425/412/412
f 425/412/412 428/417/417 421/423/423 420/421/421
f 355/346/346 356/345/345 396/388/388 395/387/387
f 355/346/346 395/387/387 399/393/393 358/347/347
f 345/336/336 346/335/335 390/384/384 389/383/383
f 356/345/345 359/353/353 402/406/406 396/388/388
f 345/336/336 389/383/383 402/406/406 359/353/353
f 374/367/367 375/366/366 419/418/418 418/420/420
f 423/413/413 424/419/419 385/377/377 384/376/376
f 388/382/382 426/410/410 423/413/413 384/376/376
f 385/377/377 424/419/419 419/418/418 375/366/366
f 338/330/330 364/359/359 366/358/358 340/331/331
f 344/334/334 372/368/368 374/367/367 346/335/335
f 340/331/331 366/358/358 372/368/368 344/334/334
f 390/384/384 418/420/420 420/421/421 392/385/385
f 393/407/407 421/423/423 422/422/422 394/408/408
f 417/424/424 431/415/415 430/414/414 415/425/425
f 392/385/385 420/421/421 421/423/423 393/407/407
f 422/422/422 429/416/416 414/402/402 394/408/408
f 346/335/335 374/367/367 418/420/420 390/384/384
f 435/426/426 436/427/427 438/428/428 437/429/429
f 438/428/428 442/430/430 441/431/431 437/429/429
f 435/426/426 437/429/429 441/431/431 439/432/432
f 440/433/433 442/430/430 438/428/428 436/427/427
f 444/434/434 445/435/435 447/436/436 446/437/437
f 441/431/431 442/430/430 445/435/435 444/434/434
f 433/438/438 439/432/432 441/431/431 434/439/439
f 434/439/439 441/431/431 444/434/434 443/440/440
f 448/441/441 449/442/442 440/433/433 436/427/427
f 450/443/443 451/444/444 453/445/445 452/446/446
f 450/443/443 452/446/446 455/447/447 454/448/448
f 459/449/449 460/450/450 462/451/451 461/452/452
f 457/453/453 460/450/450 459/449/449 456/454/454
f 457/453/453 458/455/455 462/451/451 460/450/450
f 463/456/456 464/457/457 466/458/458 465/459/459
f 472/460/460 473/461/461 475/462/462 474/463/463
f 454/448/448 455/447/447 468/464/464 467/465/465
f 459/449/449 461/452/452 473/461/461 472/460/460
f 464/457/457 469/466/466 470/467/467 466/458/458
f 452/446/446 453/445/445 457/453/453 456/454/454
f 452/446/446 456/454/454 459/449/449 455/447/447
f 463/456/456 467/465/465 468/464/464 464/457/457
f 470/467/467 474/463/463 475/462/462 471/468/468
f 472/460/460 474/463/463 470/467/467 469/466/466
f 464/457/457 468/464/464 472/460/460 469/466/466
f 455/447/447 459/449/449 472/460/460 468/464/464
f 478/469/469 479/470/470 481/471/471 480/472/472
f 476/473/473 477/474/474 481/471/471 479/470/470
f 482/475/475 483/476/476 485/477/477 484/478/478
f 486/479/479 487/480/480 490/481/481 489/482/482
f 494/483/483 495/484/484 497/485/485 496/486/486
f 492/487/487 495/484/484 494/483/483 491/488/488
f 492/487/487 493/489/489 497/485/485 495/484/484
f 481/471/471 488/490/490 487/480/480 480/472/472
f 478/469/469 480/472/472 487/480/480 486/479/479
f 484/478/478 485/477/477 493/489/489 492/487/487
f 477/474/474 482/475/475 484/478/478 481/471/471
f 487/480/480 488/490/490 492/487/487 491/488/488
f 487/480/480 491/488/488 494/483/483 490/481/481
f 481/471/471 484/478/478 492/487/487 488/490/490
f 498/491/491 499/492/492 501/493/493 500/494/494
f 502/495/495 503/496/496 505/497/497 504/498/498
f 507/499/499 508/500/500 510/501/501 509/502/502
f 510/501/501 513/503/503 512/504/504 509/502/502
f 507/499/499 509/502/502 512/504/504 511/505/505
f 514/506/506 515/507/507 517/508/508 516/509/509
f 500/494/494 501/493/493 510/501/501 508/500/500
f 504/498/498 505/497/497 515/507/507 514/506/506
f 499/492/492 502/495/495 504/498/498 501/493/493
f 510/501/501 514/506/506 516/509/509 513/503/503
f 501/493/493 504/498/498 514/506/506 510/501/501
f 521/510/510 522/511/511 524/512/512 523/513/513
f 525/514/514 526/515/515 529/516/516 528/517/517
f 530/518/518 531/519/519 533/520/520 532/521/521
f 536/522/522 537/523/523 539/524/524 538/525/525
f 519/526/526 520/527/527 531/519/519 530/518/518
f 528/517/517 529/516/516 537/523/523 536/522/522
f 522/511/511 525/514/514 528/517/517 524/512/512
f 534/528/528 536/522/522 538/525/525 535/529/529
f 519/526/526 523/513/513 524/512/512 520/527/527
f 521/510/510 523/513/513 519/526/526 518/530/530
f 534/528/528 535/529/529 533/520/520 531/519/519
f 524/512/512 534/528/528 531/519/519 520/527/527
f 524/512/512 528/517/517 536/522/522 534/528/528
f 465/459/459 466/458/458 499/492/492 498/491/491
f 470/467/467 471/468/468 503/496/496 502/495/495
f 475/462/462 506/531/531 503/496/496 471/468/468
f 466/458/458 470/467/467 502/495/495 499/492/492
f 489/482/482 490/481/481 522/511/511 521/510/510
f 497/485/485 527/532/532 526/515/515 496/486/486
f 494/483/483 496/486/486 526/515/515 525/514/514
f 490/481/481 494/483/483 525/514/514 522/511/511
f 461/452/452 462/451/451 479/470/470 478/469/469
f 458/455/455 476/473/473 479/470/470 462/451/451
f 473/461/461 486/479/479 489/482/482 475/462/462
f 461/452/452 478/469/469 486/479/479 473/461/461
f 503/496/496 518/530/530 519/526/526 505/497/497
f 515/507/507 530/518/518 532/521/521 517/508/508
f 503/496/496 506/531/531 521/510/510 518/530/530
f 505/497/497 519/526/526 530/518/518 515/507/507
f 475/462/462 489/482/482 521/510/510 506/531/531
f 548/533/533 549/534/534 547/535/535 545/536/536
f 552/537/537 553/538/538 551/539/539 550/540/540
f 556/541/541 557/542/542 555/543/543 554/544/544
f 560/545/545 561/546/546 559/547/547 558/548/548
f 554/544/544 555/543/543 549/534/534 548/533/533
f 558/548/548 559/547/547 553/538/538 552/537/537
f 549/534/534 552/537/537 550/540/540 547/535/535
f 557/542/542 560/545/545 558/548/548 555/543/543
f 555/543/543 558/548/548 552/537/537 549/534/534
f 571/549/549 572/550/550 570/551/551 569/552/552
f 575/553/553 576/554/554 574/555/555 573/556/556
f 579/557/557 580/558/558 578/559/559 577/560/560
f 573/556/556 574/555/555 565/561/561 564/562/562
f 577/560/560 578/559/559 572/550/550 571/549/549
f 565/561/561 571/549/549 569/552/552 563/563/563
f 576/554/554 579/557/557 577/560/560 574/555/555
f 574/555/555 577/560/560 571/549/549 565/561/561
f 583/564/564 584/565/565 582/566/566 581/567/567
f 589/568/568 590/569/569 588/570/570 587/571/571
f 593/572/572 594/573/573 592/574/574 591/575/575
f 597/576/576 598/577/577 596/578/578 595/579/579
f 601/580/580 603/581/581 600/582/582 599/583/583
f 595/579/579 596/578/578 590/569/569 589/568/568
f 599/583/583 600/582/582 594/573/573 593/572/572
f 590/569/569 593/572/572 591/575/575 588/570/570
f 598/577/577 601/580/580 599/583/583 596/578/578
f 596/578/578 599/583/583 593/572/572 590/569/569
f 609/584/584 610/585/585 608/586/586 607/587/587
f 616/588/588 617/589/589 615/590/590 614/591/591
f 613/592/592 617/589/589 616/588/588 612/593/593
f 615/590/590 617/589/589 613/592/592 611/594/594
f 623/595/595 624/596/596 622/597/597 621/598/598
f 620/599/599 624/596/596 623/595/595 619/600/600
f 622/597/597 624/596/596 620/599/599 618/601/601
f 628/602/602 629/603/603 627/604/604 625/605/605
f 618/601/601 620/599/599 610/585/585 609/584/584
f 615/590/590 626/606/606 625/605/605 614/591/591
f 625/605/605 627/604/604 616/588/588 614/591/591
f 610/585/585 615/590/590 611/594/594 608/586/586
f 625/605/605 626/606/606 620/599/599 619/600/600
f 623/595/595 628/602/602 625/605/605 619/600/600
f 620/599/599 626/606/606 615/590/590 610/585/585
f 591/575/575 592/574/574 544/607/607 543/608/608
f 588/570/570 591/575/575 543/608/608 541/609/609
f 604/610/610 605/611/611 557/542/542 556/541/541
f 607/587/587 608/586/586 576/554/554 575/553/553
f 611/594/594 613/592/592 580/558/558 579/557/557
f 608/586/586 611/594/594 579/557/557 576/554/554
f 544/607/607 575/553/553 573/556/556 542/612/612
f 594/573/573 609/584/584 607/587/587 592/574/574
f 621/598/598 622/597/597 603/581/581 602/613/613
f 603/581/581 622/597/597 618/601/601 600/582/582
f 600/582/582 618/601/601 609/584/584 594/573/573
f 553/538/538 583/564/564 581/567/567 551/539/539
f 559/547/547 586/614/614 583/564/564 553/538/538
f 544/607/607 561/546/546 560/545/545 543/608/608
f 559/547/547 561/546/546 544/607/607 542/612/612
f 543/608/608 560/545/545 557/542/542 541/609/609
f 565/561/561 584/565/565 583/564/564 564/562/562
f 582/566/566 584/565/565 565/561/561 563/563/563
f 569/552/552 585/615/615 582/566/566 563/563/563
f 583/564/564 586/614/614 573/556/556 564/562/562
f 588/570/570 605/611/611 604/610/610 587/571/571
f 604/610/610 606/616/616 589/568/568 587/571/571
f 573/556/556 586/614/614 559/547/547 542/612/612
f 557/542/542 605/611/611 588/570/570 541/609/609
f 592/574/574 607/587/587 575/553/553 544/607/607
f 632/617/617 633/618/618 635/619/619 634/620/620
f 630/621/621 631/622/622 633/618/618 632/617/617
f 633/618/618 636/623/623 637/624/624 635/619/619
f 639/625/625 642/626/626 641/627/627 638/628/628
f 639/625/625 640/629/629 643/630/630 642/626/626
f 647/631/631 650/632/632 649/633/633 646/634/634
f 647/631/631 648/635/635 651/636/636 650/632/632
f 642/626/626 647/631/631 646/634/634 641/627/627
f 642/626/626 643/630/630 648/635/635 647/631/631
f 640/629/629 644/637/637 645/638/638 643/630/630
f 648/635/635 652/639/639 653/640/640 651/636/636
f 643/630/630 645/638/638 652/639/639 648/635/635
f 634/620/620 635/619/619 640/629/629 639/625/625
f 635/619/619 637/624/624 644/637/637 640/629/629
f 654/641/641 655/642/642 657/643/643 656/644/644
f 654/641/641 656/644/644 659/645/645 658/646/646
f 662/647/647 664/648/648 661/649/649 660/650/650
f 668/651/651 669/652/652 671/653/653 670/654/654
f 666/655/655 669/652/652 668/651/651 665/656/656
f 666/655/655 667/657/657 671/653/653 669/652/652
f 674/658/658 675/659/659 673/660/660 672/661/661
f 673/660/660 677/662/662 676/663/663 672/661/661
f 676/663/663 678/664/664 674/658/658 672/661/661
f 682/665/665 683/666/666 681/667/667 680/668/668
f 681/667/667 685/669/669 684/670/670 680/668/668
f 684/670/670 686/671/671 682/665/665 680/668/668
f 687/672/672 688/673/673 692/674/674 690/675/675
f 696/676/676 697/677/677 695/678/678 694/679/679
f 664/648/648 683/666/666 682/665/665 663/680/680
f 681/667/667 683/666/666 664/648/648 662/647/647
f 671/653/653 689/681/681 688/673/673 670/654/654
f 668/651/651 670/654/654 688/673/673 687/672/672
f 694/679/679 695/678/678 678/664/664 676/663/663
f 656/644/644 657/643/643 666/655/655 665/656/656
f 656/644/644 665/656/656 668/651/651 659/645/645
f 676/663/663 677/662/662 664/648/648 663/680/680
f 664/648/648 677/662/662 673/660/660 661/649/649
f 686/671/671 696/676/676 694/679/679 682/665/665
f 666/655/655 672/661/661 674/658/658 667/657/657
f 693/682/682 697/677/677 696/676/676 691/683/683
f 695/678/678 697/677/677 693/682/682 689/681/681
f 659/645/645 668/651/651 687/672/672 679/684/684
f 682/665/665 694/679/679 676/663/663 663/680/680
f 703/685/685 705/686/686 704/687/687 702/688/688
f 700/689/689 701/690/690 699/691/691 698/692/692
f 701/690/690 706/693/693 703/685/685 699/691/691
f 710/694/694 711/695/695 709/696/696 707/697/697
f 712/698/698 714/699/699 718/700/700 716/701/701
f 717/702/702 719/703/703 715/704/704 713/705/705
f 724/706/706 725/707/707 723/708/708 722/709/709
f 726/710/710 728/711/711 731/712/712 730/713/713
f 735/714/714 736/715/715 734/716/716 733/717/717
f 722/709/709 723/708/708 711/695/695 710/694/694
f 716/701/701 718/700/700 728/711/711 726/710/710
f 727/718/718 729/719/719 719/703/703 717/702/702
f 711/695/695 721/720/720 720/721/721 709/696/696
f 725/707/707 735/714/714 733/717/717 723/708/708
f 720/721/721 721/720/720 717/702/702 713/705/705
f 727/718/718 733/717/717 734/716/716 729/719/719
f 734/716/716 736/715/715 732/722/722 729/719/719
f 721/720/720 733/717/717 727/718/718 717/702/702
f 723/708/708 733/717/717 721/720/720 711/695/695
f 738/723/723 740/724/724 739/725/725 737/726/726
f 742/727/727 744/728/728 743/729/729 741/730/730
f 740/724/724 742/727/727 741/730/730 739/725/725
f 685/669/669 708/731/731 707/697/697 684/670/670
f 707/697/697 709/696/696 686/671/671 684/670/670
f 690/675/675 692/674/674 714/699/699 712/698/698
f 713/705/705 715/704/704 693/682/682 691/683/683
f 696/676/676 720/721/721 713/705/705 691/683/683
f 709/696/696 720/721/721 696/676/676 686/671/671
f 705/686/686 738/723/723 737/726/726 704/687/687
f 667/657/657 698/692/692 699/691/691 671/653/653
f 688/673/673 689/681/681 703/685/685 702/688/688
f 688/673/673 702/688/688 704/687/687 692/674/674
f 693/682/682 705/686/686 703/685/685 689/681/681
f 678/664/664 701/690/690 700/689/689 674/658/658
f 667/657/657 674/658/658 700/689/689 698/692/692
f 703/685/685 706/693/693 695/678/678 689/681/681
f 671/653/653 699/691/691 703/685/685 689/681/681
f 695/678/678 706/693/693 701/690/690 678/664/664
f 714/699/699 737/726/726 739/725/725 718/700/700
f 719/703/703 740/724/724 738/723/723 715/704/704
f 743/729/729 744/728/728 732/722/722 731/712/712
f 728/711/711 741/730/730 743/729/729 731/712/712
f 732/722/722 744/728/728 742/727/727 729/719/719
f 732/722/722 736/715/715 745/732/732 744/728/728
f 718/700/700 739/725/725 741/730/730 728/711/711
f 729/719/719 742/727/727 740/724/724 719/703/703
f 692/674/674 704/687/687 737/726/726 714/699/699
f 715/704/704 738/723/723 705/686/686 693/682/682
f 329/733/733 330/734/734 453/445/445 451/444/444
f 331/735/735 332/736/736 458/455/455 457/453/453
f 330/734/734 331/735/735 457/453/453 453/445/445
f 333/737/737 334/738/738 477/474/474 476/473/473
f 332/736/736 333/737/737 476/473/473 458/455/455
f 379/372/372 546/739/739 545/536/536 378/373/373
f 545/536/536 547/535/535 380/370/370 378/373/373
f 550/540/540 551/539/539 388/382/382 386/381/381
f 547/535/535 550/540/540 386/381/381 380/370/370
f 407/394/394 409/397/397 567/740/740 566/741/741
f 569/552/552 570/551/551 417/424/424 415/425/425
f 400/392/392 407/394/394 566/741/741 562/742/742
f 581/567/567 582/566/566 427/411/411 426/410/410
f 582/566/566 585/615/615 430/414/414 427/411/411
f 430/414/414 585/615/615 569/552/552 415/425/425
f 551/539/539 581/567/567 426/410/410 388/382/382
f 433/438/438 655/642/642 654/641/641 432/743/743
f 433/438/438 434/439/439 657/643/643 655/642/642
f 660/650/650 661/649/649 442/430/430 440/433/433
f 447/436/436 675/659/659 674/658/658 446/437/437
f 444/434/434 446/437/437 674/658/658 672/661/661
f 673/660/660 675/659/659 447/436/436 445/435/435
f 444/434/434 672/661/661 666/655/655 443/440/440
f 434/439/439 443/440/440 666/655/655 657/643/643
f 661/649/649 673/660/660 445/435/435 442/430/430
f 493/489/489 632/617/617 634/620/620 497/485/485
f 485/477/477 630/621/621 632/617/617 493/489/489
f 526/515/515 527/532/532 639/625/625 638/628/628
f 526/515/515 638/628/628 641/627/627 529/516/516
f 649/633/633 650/632/632 540/744/744 539/524/524
f 537/523/523 646/634/634 649/633/633 539/524/524
f 529/516/516 641/627/627 646/634/634 537/523/523
f 497/485/485 634/620/620 639/625/625 527/532/532
f 409/397/397 410/396/396 433/438/438 432/743/743
f 413/403/403 414/402/402 436/427/427 435/426/426
f 413/403/403 435/426/426 439/432/432 416/409/409
f 410/396/396 416/409/409 439/432/432 433/438/438
f 431/415/415 449/442/442 448/441/441 429/416/416
f 414/402/402 429/416/416 448/441/441 436/427/427
f 440/433/433 449/442/442 431/415/415 417/424/424
f 567/740/740 654/641/641 658/646/646 568/745/745
f 572/550/550 662/647/647 660/650/650 570/551/551
f 580/558/558 685/669/669 681/667/667 578/559/559
f 578/559/559 681/667/667 662/647/647 572/550/550
f 707/697/697 708/731/731 613/592/592 612/593/593
f 616/588/588 710/694/694 707/697/697 612/593/593
f 629/603/603 724/706/706 722/709/709 627/604/604
f 627/604/604 722/709/709 710/694/694 616/588/588
f 613/592/592 708/731/731 685/669/669 580/558/558
f 329/733/733 351/342/342 352/341/341 330/734/734
f 331/735/735 357/348/348 358/347/347 332/736/736
f 330/734/734 352/341/341 357/348/348 331/735/735
f 333/737/737 399/393/393 400/392/392 334/738/738
f 332/736/736 358/347/347 399/393/393 333/737/737
f 482/475/475 566/741/741 567/740/740 483/476/476
f 567/740/740 568/745/745 485/477/477 483/476/476
f 477/474/474 562/742/742 566/741/741 482/475/475
f 630/621/621 658/646/646 659/645/645 631/622/622
f 687/672/672 690/675/675 637/624/624 636/623/623
f 633/618/618 679/684/684 687/672/672 636/623/623
f 659/645/645 679/684/684 633/618/618 631/622/622
f 712/698/698 716/701/701 645/638/638 644/637/637
f 726/710/710 730/713/713 653/640/640 652/639/639
f 716/701/701 726/710/710 652/639/639 645/638/638
f 690/675/675 712/698/698 644/637/637 637/624/624
f 485/477/477 568/745/745 658/646/646 630/621/621
f 400/392/392 562/742/742 477/474/474 334/738/738
f 409/397/397 432/743/743 654/641/641 567/740/740
f 570/551/551 660/650/650 440/433/433 417/424/424
f 758/746/746 759/747/747 757/748/748 756/749/749
f 753/750/750 756/749/749 757/748/748 754/751/751
f 753/750/750 755/752/752 758/746/746 756/749/749
f 760/753/753 761/754/754 763/755/755 762/756/756
f 766/757/757 768/758/758 770/759/759 769/760/760
f 774/761/761 777/762/762 778/763/763 775/764/764
f 774/761/761 776/765/765 779/766/766 777/762/762
f 758/746/746 767/767/767 768/758/758 759/747/747
f 757/748/748 759/747/747 768/758/758 766/757/757
f 762/756/756 763/755/755 772/768/768 771/769/769
f 755/752/752 764/770/770 765/771/771 758/746/746
f 774/761/761 775/764/764 768/758/758 767/767/767
f 768/758/758 775/764/764 778/763/763 770/759/759
f 760/753/753 762/756/756 765/771/771 764/770/770
f 772/768/768 776/765/765 774/761/761 771/769/769
f 772/768/768 773/772/772 779/766/766 776/765/765
f 760/753/753 764/770/770 755/752/752 752/773/773
f 762/756/756 771/769/769 774/761/761 765/771/771
f 758/746/746 765/771/771 774/761/761 767/767/767
f 782/774/774 783/775/775 781/776/776 780/777/777
f 782/774/774 785/778/778 786/779/779 783/775/775
f 781/776/776 783/775/775 786/779/779 784/780/780
f 787/781/781 788/782/782 790/783/783 789/784/784
f 791/785/785 793/786/786 795/787/787 794/788/788
f 798/789/789 799/790/790 797/791/791 796/792/792
f 797/791/791 799/790/790 801/793/793 800/794/794
f 785/778/778 792/795/795 793/786/786 786/779/779
f 784/780/780 786/779/779 793/786/786 791/785/785
f 789/784/784 790/783/783 798/789/789 796/792/792
f 782/774/774 787/781/781 789/784/784 785/778/778
f 796/792/792 797/791/791 793/786/786 792/795/795
f 793/786/786 797/791/791 800/794/794 795/787/787
f 785/778/778 789/784/784 796/792/792 792/795/795
f 805/796/796 806/797/797 804/798/798 803/799/799
f 805/796/796 808/800/800 809/801/801 806/797/797
f 804/798/798 806/797/797 809/801/801 807/802/802
f 808/800/800 810/803/803 811/804/804 809/801/801
f 813/805/805 814/806/806 816/807/807 815/808/808
f 820/809/809 821/810/810 823/811/811 822/812/812
f 830/813/813 831/814/814 829/815/815 828/816/816
f 825/817/817 828/816/816 829/815/815 826/818/818
f 825/817/817 827/819/819 830/813/813 828/816/816
f 834/820/820 835/821/821 837/822/822 836/823/823
f 818/824/824 819/825/825 827/819/819 825/817/817
f 822/812/812 823/811/811 833/826/826 832/827/827
f 814/806/806 820/809/809 822/812/812 816/807/807
f 827/819/819 834/820/820 836/823/823 830/813/813
f 816/807/807 819/825/825 818/824/824 815/808/808
f 813/805/805 815/808/808 818/824/824 817/828/828
f 833/826/826 835/821/821 834/820/820 832/827/827
f 832/827/827 834/820/820 827/819/819 824/829/829
f 816/807/807 824/829/829 827/819/819 819/825/825
f 816/807/807 822/812/812 832/827/827 824/829/829
f 777/762/762 803/799/799 804/798/798 778/763/763
f 777/762/762 779/766/766 805/796/796 803/799/799
f 773/772/772 802/830/830 805/796/796 779/766/766
f 794/788/788 795/787/787 814/806/806 813/805/805
f 800/794/794 801/793/793 821/810/810 820/809/809
f 795/787/787 800/794/794 820/809/809 814/806/806
f 761/754/754 781/776/776 784/780/780 763/755/755
f 772/768/768 791/785/785 794/788/788 773/772/772
f 763/755/755 784/780/780 791/785/785 772/768/768
f 805/796/796 817/828/828 818/824/824 808/800/800
f 825/817/817 826/818/818 811/804/804 810/803/803
f 811/804/804 826/818/818 829/815/815 812/831/831
f 813/805/805 817/828/828 805/796/796 802/830/830
f 808/800/800 818/824/824 825/817/817 810/803/803
f 773/772/772 794/788/788 813/805/805 802/830/830
f 843/832/832 844/833/833 842/834/834 841/835/835
f 838/836/836 841/835/835 842/834/834 839/837/837
f 842/834/834 844/833/833 840/838/838 839/837/837
f 847/839/839 848/840/840 846/841/841 845/842/842
f 855/843/843 856/844/844 854/845/845 853/846/846
f 855/843/843 858/847/847 859/848/848 856/844/844
f 857/849/849 858/847/847 855/843/843 853/846/846
f 860/850/850 861/851/851 863/852/852 862/853/853
f 866/854/854 867/855/855 865/856/856 864/857/857
f 860/850/850 864/857/857 865/856/856 861/851/851
f 863/852/852 867/855/855 866/854/854 862/853/853
f 865/856/856 867/855/855 863/852/852 861/851/851
f 873/858/858 874/859/859 872/860/860 871/861/861
f 868/862/862 871/861/861 872/860/860 869/863/863
f 872/860/860 874/859/859 870/864/864 869/863/863
f 860/850/850 862/853/853 843/832/832 841/835/835
f 850/865/865 868/862/862 869/863/863 851/866/866
f 869/863/863 870/864/864 852/867/867 851/866/866
f 850/865/865 851/866/866 844/833/833 843/832/832
f 866/854/854 871/861/861 868/862/862 862/853/853
f 853/846/846 854/845/845 848/840/840 847/839/839
f 849/868/868 857/849/849 853/846/846 847/839/839
f 840/838/838 847/839/839 845/842/842 839/837/837
f 840/838/838 844/833/833 849/868/868 847/839/839
f 852/867/867 858/847/847 857/849/849 851/866/866
f 851/866/866 857/849/849 849/868/868 844/833/833
f 852/867/867 870/864/864 875/869/869 858/847/847
f 862/853/853 868/862/862 850/865/865 843/832/832
f 884/870/870 885/871/871 883/872/872 882/873/873
f 883/872/872 885/871/871 881/874/874 880/875/875
f 889/876/876 890/877/877 887/878/878 886/879/879
f 896/880/880 897/881/881 895/882/882 894/883/883
f 900/884/884 901/885/885 899/886/886 898/887/887
f 900/884/884 903/888/888 904/889/889 901/885/885
f 902/890/890 903/888/888 900/884/884 898/887/887
f 894/883/883 895/882/882 884/870/870 882/873/873
f 888/891/891 898/887/887 899/886/886 889/876/876
f 899/886/886 901/885/885 890/877/877 889/876/876
f 888/891/891 889/876/876 885/871/871 884/870/870
f 885/871/871 889/876/876 886/879/879 881/874/874
f 897/881/881 902/890/890 898/887/887 895/882/882
f 893/892/892 897/881/881 896/880/880 892/893/893
f 891/894/894 892/893/893 896/880/880 894/883/883
f 895/882/882 898/887/887 888/891/891 884/870/870
f 908/895/895 909/896/896 906/897/897 905/898/898
f 912/899/899 915/900/900 916/901/901 913/902/902
f 916/901/901 917/903/903 914/904/904 913/902/902
f 922/905/905 925/906/906 926/907/907 923/908/908
f 924/909/909 925/906/906 922/905/905 921/910/910
f 929/911/911 930/912/912 928/913/913 927/914/914
f 929/911/911 932/915/915 933/916/916 930/912/912
f 931/917/917 932/915/915 929/911/911 927/914/914
f 937/918/918 940/919/919 941/920/920 938/921/921
f 939/922/922 940/919/919 937/918/918 936/923/923
f 915/900/900 927/914/914 928/913/913 916/901/901
f 928/913/913 930/912/912 917/903/903 916/901/901
f 925/906/906 937/918/918 938/921/921 926/907/907
f 936/923/923 937/918/918 925/906/906 924/909/909
f 933/916/916 935/924/924 934/925/925 930/912/912
f 919/926/926 924/909/909 921/910/910 918/927/927
f 914/904/904 917/903/903 919/926/926 918/927/927
f 934/925/925 935/924/924 939/922/922 936/923/923
f 920/928/928 924/909/909 919/926/926 917/903/903
f 920/928/928 934/925/925 936/923/923 924/909/909
f 930/912/912 934/925/925 920/928/928 917/903/903
f 873/858/858 906/897/897 907/929/929 874/859/859
f 905/898/898 906/897/897 873/858/858 871/861/861
f 913/902/902 914/904/904 893/892/892 892/893/893
f 903/888/888 922/905/905 923/908/908 904/889/889
f 921/910/910 922/905/905 903/888/888 902/890/890
f 893/892/892 914/904/904 918/927/927 897/881/881
f 918/927/927 921/910/910 902/890/890 897/881/881
f 874/859/859 892/893/893 891/894/894 870/864/864
f 882/873/873 883/872/872 859/848/848 858/847/847
f 859/848/848 883/872/872 880/875/875 856/844/844
f 891/894/894 894/883/883 875/869/869 870/864/864
f 875/869/869 894/883/883 882/873/873 858/847/847
f 912/899/899 913/902/902 907/929/929 906/897/897
f 909/896/896 915/900/900 912/899/899 906/897/897
f 911/930/930 931/917/917 927/914/914 910/931/931
f 910/931/931 927/914/914 915/900/900 909/896/896
f 848/840/840 877/932/932 876/933/933 846/841/841
f 856/844/844 879/934/934 878/935/935 854/845/845
f 854/845/845 878/935/935 877/932/932 848/840/840
f 907/929/929 913/902/902 892/893/893 874/859/859
f 948/936/936 949/937/937 947/938/938 946/939/939
f 947/938/938 949/937/937 951/940/940 950/941/941
f 946/939/939 947/938/938 944/942/942 943/943/943
f 944/942/942 947/938/938 950/941/941 945/944/944
f 952/945/945 953/946/946 955/947/947 954/948/948
f 958/949/949 959/950/950 957/951/951 956/952/952
f 952/945/945 956/952/952 957/951/951 953/946/946
f 952/945/945 954/948/948 958/949/949 956/952/952
f 957/951/951 959/950/950 955/947/947 953/946/946
f 965/953/953 968/954/954 969/955/955 966/956/956
f 967/957/957 968/954/954 965/953/953 964/958/958
f 972/959/959 973/960/960 971/961/961 970/962/962
f 961/963/963 970/962/962 971/961/961 962/964/964
f 961/963/963 963/965/965 972/959/959 970/962/962
f 975/966/966 976/967/967 968/954/954 967/957/957
f 961/963/963 962/964/964 959/950/950 958/949/949
f 959/950/950 962/964/964 960/968/968 955/947/947
f 960/968/968 962/964/964 967/957/957 964/958/958
f 973/960/960 976/967/967 975/966/966 971/961/961
f 973/960/960 974/969/969 977/970/970 976/967/967
f 962/964/964 971/961/961 975/966/966 967/957/957
f 830/813/813 943/943/943 944/942/942 831/814/814
f 829/815/815 831/814/814 944/942/942 942/971/971
f 836/823/823 837/822/822 948/936/936 946/939/939
f 830/813/813 836/823/823 946/939/939 943/943/943
f 932/915/915 954/948/948 955/947/947 933/916/916
f 952/945/945 954/948/948 932/915/915 931/917/917
f 940/919/919 965/953/953 966/956/956 941/920/920
f 964/958/958 965/953/953 940/919/919 939/922/922
f 935/924/924 960/968/968 964/958/958 939/922/922
f 955/947/947 960/968/968 935/924/924 933/916/916
f 838/836/836 839/837/837 748/972/972 747/973/973
f 845/842/842 846/841/841 750/974/974 749/975/975
f 839/837/837 845/842/842 749/975/975 748/972/972
f 846/841/841 876/933/933 751/976/976 750/974/974
f 754/751/751 757/748/748 841/835/835 838/836/836
f 770/759/759 866/854/854 864/857/857 769/760/760
f 766/757/757 769/760/760 864/857/857 860/850/850
f 778/763/763 871/861/861 866/854/854 770/759/759
f 757/748/748 766/757/757 860/850/850 841/835/835
f 809/801/801 909/896/896 908/895/895 807/802/802
f 804/798/798 807/802/802 908/895/895 905/898/898
f 811/804/804 812/831/831 911/930/930 910/931/931
f 809/801/801 811/804/804 910/931/931 909/896/896
f 829/815/815 931/917/917 911/930/930 812/831/831
f 778/763/763 804/798/798 905/898/898 871/861/861
f 944/942/942 954/948/948 952/945/945 942/971/971
f 944/942/942 945/944/944 958/949/949 954/948/948
f 951/940/940 963/965/965 961/963/963 950/941/941
f 950/941/941 961/963/963 958/949/949 945/944/944
f 754/751/751 838/836/836 747/973/973 746/977/977
f 829/815/815 942/971/971 952/945/945 931/917/917
f 983/978/978 984/979/979 982/980/980 981/981/981
f 980/982/982 984/979/979 983/978/978 979/983/983
f 978/984/984 979/983/983 983/978/978 981/981/981
f 985/985/985 986/986/986 988/987/987 987/988/988
f 990/989/989 991/990/990 993/991/991 992/992/992
f 994/993/993 995/994/994 997/995/995 996/996/996
f 982/980/980 990/989/989 989/997/997 981/981/981
f 982/980/980 984/979/979 991/990/990 990/989/989
f 987/988/988 988/987/987 995/994/994 994/993/993
f 980/982/982 985/985/985 987/988/988 984/979/979
f 991/990/990 994/993/993 996/996/996 993/991/991
f 998/998/998 999/999/999 997/995/995 995/994/994
f 984/979/979 987/988/988 994/993/993 991/990/990
f 1003/1000/1000 1004/1001/1001 1006/1002/1002 1005/1003/1003
f 1012/1004/1004 1013/1005/1005 1011/1006/1006 1010/1007/1007
f 1009/1008/1008 1013/1005/1005 1012/1004/1004 1008/1009/1009
f 1007/1010/1010 1008/1009/1009 1012/1004/1004 1010/1007/1007
f 1017/1011/1011 1020/1012/1012 1019/1013/1013 1016/1014/1014
f 1015/1015/1015 1016/1014/1014 1019/1013/1013 1018/1016/1016
f 1022/1017/1017 1023/1018/1018 1025/1019/1019 1024/1020/1020
f 1005/1003/1003 1006/1002/1002 1016/1014/1014 1015/1015/1015
f 1011/1006/1006 1022/1017/1017 1021/1021/1021 1010/1007/1007
f 1011/1006/1006 1013/1005/1005 1023/1018/1018 1022/1017/1017
f 1004/1001/1001 1007/1010/1010 1010/1007/1007 1006/1002/1002
f 1021/1021/1021 1022/1017/1017 1017/1011/1011 1016/1014/1014
f 1017/1011/1011 1022/1017/1017 1024/1020/1020 1020/1012/1012
f 1001/1022/1022 1004/1001/1001 1003/1000/1000 1000/1023/1023
f 1003/1000/1000 1005/1003/1003 1002/1024/1024 1000/1023/1023
f 1005/1003/1003 1015/1015/1015 1014/1025/1025 1002/1024/1024
f 1006/1002/1002 1010/1007/1007 1021/1021/1021 1016/1014/1014
f 1026/1026/1026 1027/1027/1027 1029/1028/1028 1028/1029/1029
f 1035/1030/1030 1036/1031/1031 1038/1032/1032 1037/1033/1033
f 1040/1034/1034 1041/1035/1035 1043/1036/1036 1042/1037/1037
f 1047/1038/1038 1048/1039/1039 1046/1040/1040 1045/1041/1041
f 1046/1040/1040 1050/1042/1042 1049/1043/1043 1045/1041/1041
f 1046/1040/1040 1048/1039/1039 1051/1044/1044 1050/1042/1042
f 1030/1045/1045 1031/1046/1046 1041/1035/1035 1040/1034/1034
f 1037/1033/1033 1038/1032/1032 1047/1038/1038 1045/1041/1041
f 1027/1027/1027 1032/1047/1047 1034/1048/1048 1029/1028/1028
f 1049/1043/1043 1050/1042/1042 1044/1049/1049 1043/1036/1036
f 1041/1035/1035 1045/1041/1041 1049/1043/1043 1043/1036/1036
f 1029/1028/1028 1031/1046/1046 1030/1045/1045 1028/1029/1029
f 1033/1050/1050 1036/1031/1031 1035/1030/1030 1032/1047/1047
f 1035/1030/1030 1037/1033/1033 1034/1048/1048 1032/1047/1047
f 1034/1048/1048 1037/1033/1033 1031/1046/1046 1029/1028/1028
f 1030/1045/1045 1040/1034/1034 1039/1051/1051 1028/1029/1029
f 1031/1046/1046 1037/1033/1033 1045/1041/1041 1041/1035/1035
f 1054/1052/1052 1055/1053/1053 1053/1054/1054 1052/1055/1055
f 1053/1054/1054 1057/1056/1056 1056/1057/1057 1052/1055/1055
f 1053/1054/1054 1055/1053/1053 1058/1058/1058 1057/1056/1056
f 1063/1059/1059 1064/1060/1060 1066/1061/1061 1065/1062/1062
f 1057/1056/1056 1063/1059/1059 1062/1063/1063 1056/1057/1057
f 1057/1056/1056 1058/1058/1058 1064/1060/1060 1063/1059/1059
f 1055/1053/1053 1059/1064/1064 1061/1065/1065 1058/1058/1058
f 992/992/992 993/991/991 1027/1027/1027 1026/1026/1026
f 996/996/996 997/995/995 1033/1050/1050 1032/1047/1047
f 999/999/999 1036/1031/1031 1033/1050/1050 997/995/995
f 993/991/991 996/996/996 1032/1047/1047 1027/1027/1027
f 1020/1012/1012 1055/1053/1053 1054/1052/1052 1019/1013/1013
f 1018/1016/1016 1019/1013/1013 1054/1052/1052 1052/1055/1055
f 1024/1020/1020 1025/1019/1019 1060/1066/1066 1059/1064/1064
f 1020/1012/1012 1024/1020/1020 1059/1064/1064 1055/1053/1053
f 986/986/986 1000/1023/1023 1002/1024/1024 988/987/987
f 998/998/998 1015/1015/1015 1018/1016/1016 999/999/999
f 1014/1025/1025 1015/1015/1015 998/998/998 995/994/994
f 988/987/987 1002/1024/1024 1014/1025/1025 995/994/994
f 1036/1031/1031 1052/1055/1055 1056/1057/1057 1038/1032/1032
f 1062/1063/1063 1063/1059/1059 1048/1039/1039 1047/1038/1038
f 1048/1039/1039 1063/1059/1059 1065/1062/1062 1051/1044/1044
f 1038/1032/1032 1056/1057/1057 1062/1063/1063 1047/1038/1038
f 999/999/999 1018/1016/1016 1052/1055/1055 1036/1031/1031
f 1069/1067/1067 1070/1068/1068 1068/1069/1069 1067/1070/1070
f 1074/1071/1071 1075/1072/1072 1073/1073/1073 1071/1074/1074
f 1078/1075/1075 1079/1076/1076 1077/1077/1077 1076/1078/1078
f 1082/1079/1079 1083/1080/1080 1081/1081/1081 1080/1082/1082
f 1076/1078/1078 1077/1077/1077 1070/1068/1068 1069/1067/1067
f 1080/1082/1082 1081/1081/1081 1075/1072/1072 1074/1071/1071
f 1070/1068/1068 1074/1071/1071 1071/1074/1074 1068/1069/1069
f 1079/1076/1076 1082/1079/1079 1080/1082/1082 1077/1077/1077
f 1077/1077/1077 1080/1082/1082 1074/1071/1071 1070/1068/1068
f 1084/1083/1083 1085/1084/1084 1087/1085/1085 1086/1086/1086
f 1088/1087/1087 1089/1088/1088 1087/1085/1085 1085/1084/1084
f 1093/1089/1089 1094/1090/1090 1096/1091/1091 1095/1092/1092
f 1091/1093/1093 1094/1090/1090 1093/1089/1089 1090/1094/1094
f 1093/1089/1089 1095/1092/1092 1092/1095/1095 1090/1094/1094
f 1099/1096/1096 1100/1097/1097 1098/1098/1098 1097/1099/1099
f 1104/1100/1100 1105/1101/1101 1103/1102/1102 1102/1103/1103
f 1097/1099/1099 1098/1098/1098 1089/1088/1088 1088/1087/1087
f 1102/1103/1103 1103/1102/1102 1096/1091/1091 1094/1090/1090
f 1086/1086/1086 1087/1085/1085 1091/1093/1093 1090/1094/1094
f 1089/1088/1088 1094/1090/1090 1091/1093/1093 1087/1085/1085
f 1100/1097/1097 1104/1100/1100 1102/1103/1103 1098/1098/1098
f 1098/1098/1098 1102/1103/1103 1094/1090/1090 1089/1088/1088
f 1109/1104/1104 1110/1105/1105 1108/1106/1106 1107/1107/1107
f 1113/1108/1108 1114/1109/1109 1112/1110/1110 1111/1111/1111
f 1117/1112/1112 1118/1113/1113 1116/1114/1114 1115/1115/1115
f 1121/1116/1116 1122/1117/1117 1120/1118/1118 1119/1119/1119
f 1115/1115/1115 1116/1114/1114 1110/1105/1105 1109/1104/1104
f 1119/1119/1119 1120/1118/1118 1114/1109/1109 1113/1108/1108
f 1110/1105/1105 1113/1108/1108 1111/1111/1111 1108/1106/1106
f 1118/1113/1113 1121/1116/1116 1119/1119/1119 1116/1114/1114
f 1116/1114/1114 1119/1119/1119 1113/1108/1108 1110/1105/1105
f 1128/1120/1120 1129/1121/1121 1127/1122/1122 1126/1123/1123
f 1130/1124/1124 1131/1125/1125 1133/1126/1126 1132/1127/1127
f 1145/1128/1128 1146/1129/1129 1144/1130/1130 1143/1131/1131
f 1144/1130/1130 1148/1132/1132 1147/1133/1133 1143/1131/1131
f 1144/1130/1130 1146/1129/1129 1149/1134/1134 1148/1132/1132
f 1134/1135/1135 1146/1129/1129 1145/1128/1128 1133/1126/1126
f 1132/1127/1127 1133/1126/1126 1145/1128/1128 1143/1131/1131
f 1147/1133/1133 1148/1132/1132 1141/1136/1136 1140/1137/1137
f 1138/1138/1138 1143/1131/1131 1147/1133/1133 1140/1137/1137
f 1129/1121/1121 1137/1139/1139 1135/1140/1140 1127/1122/1122
f 1125/1141/1141 1132/1127/1127 1143/1131/1131 1138/1138/1138
f 1155/1142/1142 1156/1143/1143 1154/1144/1144 1153/1145/1145
f 1159/1146/1146 1160/1147/1147 1158/1148/1148 1157/1149/1149
f 1164/1150/1150 1165/1151/1151 1167/1152/1152 1166/1153/1153
f 1162/1154/1154 1166/1153/1153 1167/1152/1152 1163/1155/1155
f 1164/1150/1150 1166/1153/1153 1162/1154/1154 1161/1156/1156
f 1157/1149/1149 1158/1148/1148 1152/1157/1157 1151/1158/1158
f 1161/1156/1156 1162/1154/1154 1156/1143/1143 1155/1142/1142
f 1160/1147/1147 1164/1150/1150 1161/1156/1156 1158/1148/1148
f 1158/1148/1148 1161/1156/1156 1155/1142/1142 1152/1157/1157
f 1107/1107/1107 1108/1106/1106 1079/1076/1076 1078/1075/1075
f 1111/1111/1111 1112/1110/1110 1083/1080/1080 1082/1079/1079
f 1108/1106/1106 1111/1111/1111 1082/1079/1079 1079/1076/1076
f 1126/1123/1123 1127/1122/1122 1100/1097/1097 1099/1096/1096
f 1135/1140/1140 1136/1159/1159 1105/1101/1101 1104/1100/1100
f 1127/1122/1122 1135/1140/1140 1104/1100/1100 1100/1097/1097
f 1072/1160/1160 1073/1073/1073 1085/1084/1084 1084/1083/1083
f 1075/1072/1072 1088/1087/1087 1085/1084/1084 1073/1073/1073
f 1083/1080/1080 1099/1096/1096 1097/1099/1099 1081/1081/1081
f 1081/1081/1081 1097/1099/1099 1088/1087/1087 1075/1072/1072
f 1114/1109/1109 1128/1120/1120 1126/1123/1123 1112/1110/1110
f 1120/1118/1118 1142/1161/1161 1128/1120/1120 1114/1109/1109
f 1124/1162/1162 1159/1146/1146 1157/1149/1149 1123/1163/1163
f 1120/1118/1118 1122/1117/1117 1124/1162/1162 1123/1163/1163
f 1128/1120/1120 1151/1158/1158 1152/1157/1157 1129/1121/1121
f 1135/1140/1140 1153/1145/1145 1154/1144/1144 1136/1159/1159
f 1135/1140/1140 1137/1139/1139 1155/1142/1142 1153/1145/1145
f 1129/1121/1121 1152/1157/1157 1155/1142/1142 1137/1139/1139
f 1128/1120/1120 1142/1161/1161 1157/1149/1149 1151/1158/1158
f 1120/1118/1118 1123/1163/1163 1157/1149/1149 1142/1161/1161
f 1105/1101/1101 1136/1159/1159 1154/1144/1144 1106/1164/1164
f 1112/1110/1110 1126/1123/1123 1099/1096/1096 1083/1080/1080
f 1168/1165/1165 1169/1166/1166 1171/1167/1167 1170/1168/1168
f 1180/1169/1169 1181/1170/1170 1183/1171/1171 1182/1172/1172
f 1180/1169/1169 1182/1172/1172 1179/1173/1173 1178/1174/1174
f 1186/1175/1175 1187/1176/1176 1185/1177/1177 1184/1178/1178
f 1185/1177/1177 1189/1179/1179 1188/1180/1180 1184/1178/1178
f 1185/1177/1177 1187/1176/1176 1190/1181/1181 1189/1179/1179
f 1193/1182/1182 1194/1183/1183 1196/1184/1184 1195/1185/1185
f 1193/1182/1182 1195/1185/1185 1192/1186/1186 1191/1187/1187
f 1202/1188/1188 1203/1189/1189 1201/1190/1190 1200/1191/1191
f 1199/1192/1192 1203/1189/1189 1202/1188/1188 1198/1193/1193
f 1197/1194/1194 1198/1193/1193 1202/1188/1188 1200/1191/1191
f 1206/1195/1195 1207/1196/1196 1205/1197/1197 1204/1198/1198
f 1215/1199/1199 1219/1200/1200 1218/1201/1201 1214/1202/1202
f 1212/1203/1203 1214/1202/1202 1218/1201/1201 1216/1204/1204
f 1176/1205/1205 1177/1206/1206 1198/1193/1193 1197/1194/1194
f 1204/1198/1198 1205/1197/1197 1183/1171/1171 1181/1170/1170
f 1189/1179/1179 1209/1207/1207 1208/1208/1208 1188/1180/1180
f 1189/1179/1179 1190/1181/1181 1210/1209/1209 1209/1207/1207
f 1213/1210/1210 1215/1199/1199 1196/1184/1184 1194/1183/1183
f 1175/1211/1211 1184/1178/1178 1188/1180/1180 1177/1206/1206
f 1208/1208/1208 1209/1207/1207 1199/1192/1192 1198/1193/1193
f 1199/1192/1192 1209/1207/1207 1211/1212/1212 1203/1189/1189
f 1182/1172/1172 1183/1171/1171 1194/1183/1183 1193/1182/1182
f 1182/1172/1172 1193/1182/1182 1191/1187/1187 1179/1173/1173
f 1207/1196/1196 1217/1213/1213 1213/1210/1210 1205/1197/1197
f 1210/1209/1209 1214/1202/1202 1212/1203/1203 1209/1207/1207
f 1212/1203/1203 1216/1204/1204 1211/1212/1212 1209/1207/1207
f 1195/1185/1185 1214/1202/1202 1210/1209/1209 1190/1181/1181
f 1177/1206/1206 1188/1180/1180 1208/1208/1208 1198/1193/1193
f 1205/1197/1197 1213/1210/1210 1194/1183/1183 1183/1171/1171
f 1224/1214/1214 1225/1215/1215 1227/1216/1216 1226/1217/1217
f 1224/1214/1214 1226/1217/1217 1223/1218/1218 1222/1219/1219
f 1232/1220/1220 1234/1221/1221 1233/1222/1222 1231/1223/1223
f 1230/1224/1224 1231/1223/1223 1229/1225/1225 1228/1226/1226
f 1240/1227/1227 1243/1228/1228 1242/1229/1229 1239/1230/1230
f 1240/1227/1227 1241/1231/1231 1244/1232/1232 1243/1228/1228
f 1252/1233/1233 1253/1234/1234 1251/1235/1235 1250/1236/1236
f 1251/1235/1235 1255/1237/1237 1254/1238/1238 1250/1236/1236
f 1251/1235/1235 1253/1234/1234 1256/1239/1239 1255/1237/1237
f 1261/1240/1240 1262/1241/1241 1260/1242/1242 1259/1243/1243
f 1260/1242/1242 1264/1244/1244 1263/1245/1245 1259/1243/1243
f 1260/1242/1242 1262/1241/1241 1265/1246/1246 1264/1244/1244
f 1248/1247/1247 1262/1241/1241 1261/1240/1240 1247/1248/1248
f 1246/1249/1249 1247/1248/1248 1261/1240/1240 1259/1243/1243
f 1254/1238/1238 1255/1237/1237 1248/1247/1247 1247/1248/1248
f 1245/1250/1250 1250/1236/1236 1254/1238/1238 1247/1248/1248
f 1244/1232/1232 1247/1248/1248 1246/1249/1249 1243/1228/1228
f 1245/1250/1250 1247/1248/1248 1244/1232/1232 1241/1231/1231
f 1259/1243/1243 1263/1245/1245 1258/1251/1251 1257/1252/1252
f 1249/1253/1253 1250/1236/1236 1245/1250/1250 1241/1231/1231
f 1246/1249/1249 1259/1243/1243 1257/1252/1252 1243/1228/1228
f 1248/1247/1247 1255/1237/1237 1266/1254/1254 1262/1241/1241
f 1270/1255/1255 1271/1256/1256 1273/1257/1257 1272/1258/1258
f 1268/1259/1259 1272/1258/1258 1273/1257/1257 1269/1260/1260
f 1270/1255/1255 1272/1258/1258 1268/1259/1259 1267/1261/1261
f 1280/1262/1262 1281/1263/1263 1279/1264/1264 1278/1265/1265
f 1277/1266/1266 1281/1263/1263 1280/1262/1262 1276/1267/1267
f 1279/1264/1264 1281/1263/1263 1277/1266/1266 1275/1268/1268
f 1287/1269/1269 1289/1270/1270 1285/1271/1271 1283/1272/1272
f 1291/1273/1273 1293/1274/1274 1292/1275/1275 1290/1276/1276
f 1270/1255/1255 1282/1277/1277 1283/1272/1272 1271/1256/1256
f 1283/1272/1272 1285/1271/1271 1273/1257/1257 1271/1256/1256
f 1279/1264/1264 1291/1273/1273 1290/1276/1276 1278/1265/1265
f 1268/1259/1259 1269/1260/1260 1275/1268/1268 1274/1278/1278
f 1273/1257/1257 1279/1264/1264 1275/1268/1268 1269/1260/1260
f 1292/1275/1275 1293/1274/1274 1289/1270/1270 1288/1279/1279
f 1284/1280/1280 1290/1276/1276 1292/1275/1275 1288/1279/1279
f 1289/1270/1270 1293/1274/1274 1291/1273/1273 1285/1271/1271
f 1285/1271/1271 1291/1273/1273 1279/1264/1264 1273/1257/1257
f 1201/1190/1190 1240/1227/1227 1239/1230/1230 1200/1191/1191
f 1201/1190/1190 1203/1189/1189 1241/1231/1231 1240/1227/1227
f 1219/1200/1200 1253/1234/1234 1252/1233/1233 1218/1201/1201
f 1216/1204/1204 1218/1201/1201 1252/1233/1233 1250/1236/1236
f 1216/1204/1204 1250/1236/1236 1249/1253/1253 1211/1212/1212
f 1203/1189/1189 1211/1212/1212 1249/1253/1253 1241/1231/1231
f 1267/1261/1261 1268/1259/1259 1221/1281/1281 1220/1282/1282
f 1224/1214/1214 1274/1278/1278 1275/1268/1268 1225/1215/1215
f 1275/1268/1268 1277/1266/1266 1227/1216/1216 1225/1215/1215
f 1268/1259/1259 1274/1278/1278 1224/1214/1214 1221/1281/1281
f 1238/1283/1283 1295/1284/1284 1294/1285/1285 1237/1286/1286
f 1187/1176/1176 1228/1226/1226 1229/1225/1225 1190/1181/1181
f 1195/1185/1185 1196/1184/1184 1232/1220/1220 1231/1223/1223
f 1195/1185/1185 1231/1223/1223 1230/1224/1224 1192/1186/1186
f 1233/1222/1222 1234/1221/1221 1215/1199/1199 1214/1202/1202
f 1215/1199/1199 1234/1221/1221 1235/1287/1287 1219/1200/1200
f 1229/1225/1225 1231/1223/1223 1195/1185/1185 1190/1181/1181
f 1195/1185/1185 1231/1223/1223 1233/1222/1222 1214/1202/1202
f 1215/1199/1199 1234/1221/1221 1232/1220/1220 1196/1184/1184
f 1226/1217/1217 1227/1216/1216 1238/1283/1283 1237/1286/1286
f 1226/1217/1217 1237/1286/1286 1236/1288/1288 1223/1218/1218
f 1294/1285/1285 1295/1284/1284 1277/1266/1266 1276/1267/1267
f 1206/1195/1195 1220/1282/1282 1221/1281/1281 1207/1196/1196
f 1213/1210/1210 1222/1219/1219 1223/1218/1218 1215/1199/1199
f 1213/1210/1210 1217/1213/1213 1224/1214/1214 1222/1219/1219
f 1207/1196/1196 1221/1281/1281 1224/1214/1214 1217/1213/1213
f 1236/1288/1288 1237/1286/1286 1235/1287/1287 1234/1221/1221
f 1256/1239/1239 1280/1262/1262 1278/1265/1265 1255/1237/1237
f 1276/1267/1267 1280/1262/1262 1256/1239/1239 1253/1234/1234
f 1265/1246/1246 1288/1279/1279 1286/1289/1289 1264/1244/1244
f 1284/1280/1280 1288/1279/1279 1265/1246/1246 1262/1241/1241
f 1266/1254/1254 1290/1276/1276 1284/1280/1280 1262/1241/1241
f 1278/1265/1265 1290/1276/1276 1266/1254/1254 1255/1237/1237
f 1215/1199/1199 1223/1218/1218 1236/1288/1288 1234/1221/1221
f 1235/1287/1287 1237/1286/1286 1226/1217/1217 1219/1200/1200
f 1226/1217/1217 1276/1267/1267 1253/1234/1234 1219/1200/1200
f 1226/1217/1217 1237/1286/1286 1294/1285/1285 1276/1267/1267
f 1277/1266/1266 1295/1284/1284 1238/1283/1283 1227/1216/1216
f 1298/1290/1290 1299/1291/1291 1297/1292/1292 1296/1293/1293
f 1297/1292/1292 1299/1291/1291 1301/1294/1294 1300/1295/1295
f 1299/1291/1291 1302/1296/1296 1304/1297/1297 1301/1294/1294
f 1311/1298/1298 1312/1299/1299 1309/1300/1300 1308/1301/1301
f 1313/1302/1302 1314/1303/1303 1316/1304/1304 1315/1305/1305
f 1320/1306/1306 1321/1307/1307 1319/1308/1308 1318/1309/1309
f 1324/1310/1310 1325/1311/1311 1323/1312/1312 1322/1313/1313
f 1323/1312/1312 1325/1311/1311 1327/1314/1314 1326/1315/1315
f 1333/1316/1316 1334/1317/1317 1332/1318/1318 1331/1319/1319
f 1328/1320/1320 1331/1319/1319 1332/1318/1318 1329/1321/1321
f 1332/1318/1318 1334/1317/1317 1330/1322/1322 1329/1321/1321
f 1337/1323/1323 1338/1324/1324 1336/1325/1325 1335/1326/1326
f 1336/1325/1325 1338/1324/1324 1340/1327/1327 1339/1328/1328
f 1346/1329/1329 1347/1330/1330 1345/1331/1331 1344/1332/1332
f 1345/1331/1331 1347/1330/1330 1343/1333/1333 1341/1334/1334
f 1306/1335/1335 1307/1336/1336 1324/1310/1310 1322/1313/1313
f 1310/1337/1337 1328/1320/1320 1329/1321/1321 1311/1298/1298
f 1329/1321/1321 1330/1322/1322 1312/1299/1299 1311/1298/1298
f 1317/1338/1338 1338/1324/1324 1337/1323/1323 1316/1304/1304
f 1315/1305/1305 1316/1304/1304 1337/1323/1323 1335/1326/1326
f 1341/1334/1334 1343/1333/1333 1321/1307/1307 1320/1306/1306
f 1335/1326/1326 1336/1325/1325 1325/1311/1311 1324/1310/1310
f 1325/1311/1311 1336/1325/1325 1339/1328/1328 1327/1314/1314
f 1312/1299/1299 1320/1306/1306 1318/1309/1309 1309/1300/1300
f 1344/1332/1332 1345/1331/1331 1334/1317/1317 1333/1316/1316
f 1334/1317/1317 1345/1331/1331 1341/1334/1334 1330/1322/1322
f 1327/1314/1314 1333/1316/1316 1331/1319/1319 1326/1315/1315
f 1340/1327/1327 1346/1329/1329 1344/1332/1332 1339/1328/1328
f 1342/1339/1339 1346/1329/1329 1340/1327/1327 1338/1324/1324
f 1339/1328/1328 1344/1332/1332 1333/1316/1316 1327/1314/1314
f 1307/1336/1336 1315/1305/1305 1335/1326/1326 1324/1310/1310
f 1330/1322/1322 1341/1334/1334 1320/1306/1306 1312/1299/1299
f 1354/1340/1340 1355/1341/1341 1353/1342/1342 1352/1343/1343
f 1353/1342/1342 1357/1344/1344 1356/1345/1345 1352/1343/1343
f 1353/1342/1342 1355/1341/1341 1358/1346/1346 1357/1344/1344
f 1368/1347/1347 1369/1348/1348 1367/1349/1349 1366/1350/1350
f 1365/1351/1351 1369/1348/1348 1368/1347/1347 1364/1352/1352
f 1363/1353/1353 1364/1352/1352 1368/1347/1347 1366/1350/1350
f 1374/1354/1354 1375/1355/1355 1373/1356/1356 1372/1357/1357
f 1373/1356/1356 1377/1358/1358 1376/1359/1359 1372/1357/1357
f 1373/1356/1356 1375/1355/1355 1378/1360/1360 1377/1358/1358
f 1357/1344/1344 1358/1346/1346 1371/1361/1361 1370/1362/1362
f 1367/1349/1349 1380/1363/1363 1379/1364/1364 1366/1350/1350
f 1355/1341/1341 1360/1365/1365 1362/1366/1366 1358/1346/1346
f 1379/1364/1364 1380/1363/1363 1375/1355/1355 1374/1354/1354
f 1361/1367/1367 1364/1352/1352 1363/1353/1353 1360/1365/1365
f 1363/1353/1353 1366/1350/1350 1362/1366/1366 1360/1365/1365
f 1371/1361/1361 1374/1354/1354 1372/1357/1357 1370/1362/1362
f 1362/1366/1366 1366/1350/1350 1359/1368/1368 1358/1346/1346
f 1359/1368/1368 1374/1354/1354 1371/1361/1361 1358/1346/1346
f 1359/1368/1368 1366/1350/1350 1379/1364/1364 1374/1354/1354
f 1383/1369/1369 1384/1370/1370 1382/1371/1371 1381/1372/1372
f 1385/1373/1373 1388/1374/1374 1389/1375/1375 1386/1376/1376
f 1389/1375/1375 1391/1377/1377 1387/1378/1378 1386/1376/1376
f 1394/1379/1379 1395/1380/1380 1393/1381/1381 1392/1382/1382
f 1398/1383/1383 1399/1384/1384 1397/1385/1385 1396/1386/1386
f 1392/1382/1382 1393/1381/1381 1384/1370/1370 1383/1369/1369
f 1388/1374/1374 1396/1386/1386 1397/1385/1385 1389/1375/1375
f 1391/1377/1377 1399/1384/1384 1398/1383/1383 1390/1387/1387
f 1388/1374/1374 1390/1387/1387 1398/1383/1383 1396/1386/1386
f 1397/1385/1385 1399/1384/1384 1391/1377/1377 1389/1375/1375
f 1384/1370/1370 1388/1374/1374 1385/1373/1373 1382/1371/1371
f 1393/1381/1381 1396/1386/1386 1388/1374/1374 1384/1370/1370
f 1356/1345/1345 1357/1344/1344 1317/1338/1338 1316/1304/1304
f 1314/1303/1303 1352/1343/1343 1356/1345/1345 1316/1304/1304
f 1376/1359/1359 1377/1358/1358 1347/1330/1330 1346/1329/1329
f 1342/1339/1339 1372/1357/1357 1376/1359/1359 1346/1329/1329
f 1370/1362/1362 1372/1357/1357 1342/1339/1339 1338/1324/1324
f 1317/1338/1338 1357/1344/1344 1370/1362/1362 1338/1324/1324
f 1349/1388/1388 1383/1369/1369 1381/1372/1372 1348/1389/1389
f 1351/1390/1390 1394/1379/1379 1392/1382/1382 1350/1391/1391
f 1350/1391/1391 1392/1382/1382 1383/1369/1369 1349/1388/1388
f 1319/1308/1308 1321/1307/1307 1349/1388/1388 1348/1389/1389
f 1343/1333/1333 1347/1330/1330 1351/1390/1390 1350/1391/1391
f 1321/1307/1307 1343/1333/1333 1350/1391/1391 1349/1388/1388
f 1369/1348/1348 1390/1387/1387 1388/1374/1374 1367/1349/1349
f 1378/1360/1360 1395/1380/1380 1394/1379/1379 1377/1358/1358
f 1393/1381/1381 1395/1380/1380 1378/1360/1360 1375/1355/1355
f 1380/1363/1363 1396/1386/1386 1393/1381/1381 1375/1355/1355
f 1388/1374/1374 1396/1386/1386 1380/1363/1363 1367/1349/1349
f 1377/1358/1358 1394/1379/1379 1351/1390/1390 1347/1330/1330
f 1405/1392/1392 1406/1393/1393 1404/1394/1394 1403/1395/1395
f 1404/1394/1394 1408/1396/1396 1407/1397/1397 1403/1395/1395
f 1403/1395/1395 1407/1397/1397 1402/1398/1398 1401/1399/1399
f 1044/1049/1049 1299/1291/1291 1298/1290/1290 1043/1036/1036
f 1042/1037/1037 1043/1036/1036 1298/1290/1290 1296/1293/1293
f 1050/1042/1042 1051/1044/1044 1303/1400/1400 1302/1296/1296
f 1044/1049/1049 1050/1042/1042 1302/1296/1296 1299/1291/1291
f 1051/1044/1044 1065/1062/1062 1305/1401/1401 1303/1400/1400
f 1308/1301/1301 1309/1300/1300 1118/1113/1113 1117/1112/1112
f 1318/1309/1309 1319/1308/1308 1122/1117/1117 1121/1116/1116
f 1309/1300/1300 1318/1309/1309 1121/1116/1116 1118/1113/1113
f 1141/1136/1136 1355/1341/1341 1354/1340/1340 1140/1137/1137
f 1139/1402/1402 1140/1137/1137 1354/1340/1340 1352/1343/1343
f 1148/1132/1132 1149/1134/1134 1361/1367/1367 1360/1365/1365
f 1150/1403/1403 1364/1352/1352 1361/1367/1367 1149/1134/1134
f 1141/1136/1136 1148/1132/1132 1360/1365/1365 1355/1341/1341
f 1381/1372/1372 1382/1371/1371 1160/1147/1147 1159/1146/1146
f 1164/1150/1150 1385/1373/1373 1386/1376/1376 1165/1151/1151
f 1386/1376/1376 1387/1378/1378 1167/1152/1152 1165/1151/1151
f 1382/1371/1371 1385/1373/1373 1164/1150/1150 1160/1147/1147
f 1122/1117/1117 1319/1308/1308 1348/1389/1389 1124/1162/1162
f 1348/1389/1389 1381/1372/1372 1159/1146/1146 1124/1162/1162
f 1264/1244/1244 1401/1399/1399 1400/1404/1404 1263/1245/1245
f 1289/1270/1270 1406/1393/1393 1405/1392/1392 1288/1279/1279
f 1286/1289/1289 1288/1279/1279 1405/1392/1392 1403/1395/1395
f 1404/1394/1394 1406/1393/1393 1289/1270/1270 1287/1269/1269
f 1286/1289/1289 1403/1395/1395 1401/1399/1399 1264/1244/1244
f 1009/1008/1008 1168/1165/1165 1170/1168/1168 1013/1005/1005
f 1023/1018/1018 1173/1405/1405 1174/1406/1406 1025/1019/1019
f 1013/1005/1005 1170/1168/1168 1173/1405/1405 1023/1018/1018
f 1095/1092/1092 1096/1091/1091 1181/1170/1170 1180/1169/1169
f 1095/1092/1092 1180/1169/1169 1178/1174/1174 1092/1095/1095
f 1105/1101/1101 1206/1195/1195 1204/1198/1198 1103/1102/1102
f 1103/1102/1102 1204/1198/1198 1181/1170/1170 1096/1091/1091
f 1242/1229/1229 1243/1228/1228 1134/1135/1135 1133/1126/1126
f 1131/1125/1125 1239/1230/1230 1242/1229/1229 1133/1126/1126
f 1146/1129/1129 1257/1252/1252 1258/1251/1251 1149/1134/1134
f 1258/1251/1251 1263/1245/1245 1150/1403/1403 1149/1134/1134
f 1134/1135/1135 1243/1228/1228 1257/1252/1252 1146/1129/1129
f 1156/1143/1143 1270/1255/1255 1267/1261/1261 1154/1144/1144
f 1162/1154/1154 1163/1155/1155 1283/1272/1272 1282/1277/1277
f 1167/1152/1152 1287/1269/1269 1283/1272/1272 1163/1155/1155
f 1162/1154/1154 1282/1277/1277 1270/1255/1255 1156/1143/1143
f 1105/1101/1101 1106/1164/1164 1220/1282/1282 1206/1195/1195
f 1101/1407/1407 1200/1191/1191 1239/1230/1230 1131/1125/1125
f 1154/1144/1144 1267/1261/1261 1220/1282/1282 1106/1164/1164
f 1400/1404/1404 1401/1399/1399 1365/1351/1351 1364/1352/1352
f 1365/1351/1351 1401/1399/1399 1402/1398/1398 1369/1348/1348
f 1407/1397/1397 1408/1396/1396 1391/1377/1377 1390/1387/1387
f 1391/1377/1377 1408/1396/1396 1404/1394/1394 1387/1378/1378
f 1402/1398/1398 1407/1397/1397 1390/1387/1387 1369/1348/1348
f 1060/1066/1066 1131/1125/1125 1130/1124/1124 1059/1064/1064
f 1130/1124/1124 1132/1127/1127 1061/1065/1065 1059/1064/1064
f 1066/1061/1061 1140/1137/1137 1139/1402/1402 1065/1062/1062
f 1138/1138/1138 1140/1137/1137 1066/1061/1061 1064/1060/1060
f 1061/1065/1065 1132/1127/1127 1125/1141/1141 1058/1058/1058
f 1125/1141/1141 1138/1138/1138 1064/1060/1060 1058/1058/1058
f 1101/1407/1407 1131/1125/1125 1060/1066/1066 1025/1019/1019
f 1171/1167/1167 1177/1206/1206 1176/1205/1205 1170/1168/1168
f 1175/1211/1211 1177/1206/1206 1171/1167/1167 1169/1166/1166
f 1197/1194/1194 1200/1191/1191 1174/1406/1406 1173/1405/1405
f 1172/1408/1408 1184/1178/1178 1175/1211/1211 1169/1166/1166
f 1176/1205/1205 1197/1194/1194 1173/1405/1405 1170/1168/1168
f 1301/1294/1294 1307/1336/1336 1306/1335/1335 1300/1295/1295
f 1303/1400/1400 1314/1303/1303 1313/1302/1302 1302/1296/1296
f 1313/1302/1302 1315/1305/1305 1304/1297/1297 1302/1296/1296
f 1304/1297/1297 1315/1305/1305 1307/1336/1336 1301/1294/1294
f 1305/1401/1401 1352/1343/1343 1314/1303/1303 1303/1400/1400
f 1174/1406/1406 1200/1191/1191 1101/1407/1407 1025/1019/1019
f 1139/1402/1402 1352/1343/1343 1305/1401/1401 1065/1062/1062
f 1150/1403/1403 1263/1245/1245 1400/1404/1404 1364/1352/1352
f 1387/1378/1378 1404/1394/1394 1287/1269/1269 1167/1152/1152
f 118/102/102 747/973/973 748/972/972 119/103/103
f 125/109/109 749/975/975 750/974/974 126/110/110
f 119/103/103 748/972/972 749/975/975 125/109/109
f 126/110/110 750/974/974 751/976/976 134/117/117
f 200/185/185 753/750/750 754/751/751 201/186/186
f 200/185/185 202/189/189 755/752/752 753/750/750
f 205/193/193 206/192/192 761/754/754 760/753/753
f 196/195/195 752/773/773 755/752/752 202/189/189
f 196/195/195 205/193/193 760/753/753 752/773/773
f 221/210/210 780/777/777 781/776/776 222/211/211
f 221/210/210 223/213/213 782/774/774 780/777/777
f 228/220/220 229/219/219 788/782/782 787/781/781
f 223/213/213 228/220/220 787/781/781 782/774/774
f 206/192/192 222/211/211 781/776/776 761/754/754
f 876/933/933 877/932/932 303/287/287 302/286/286
f 878/935/935 879/934/934 307/291/291 306/290/290
f 877/932/932 878/935/935 306/290/290 303/287/287
f 880/875/875 881/874/874 313/295/295 312/294/294
f 886/879/879 887/878/878 317/299/299 316/298/298
f 881/874/874 886/879/879 316/298/298 313/295/295
f 307/291/291 879/934/934 856/844/844 291/315/315
f 856/844/844 880/875/875 312/294/294 291/315/315
f 83/326/326 746/977/977 747/973/973 118/102/102
f 83/326/326 201/186/186 754/751/751 746/977/977
f 751/976/976 876/933/933 302/286/286 134/117/117
f 513/503/503 980/982/982 979/983/983 512/504/504
f 511/505/505 512/504/504 979/983/983 978/984/984
f 516/509/509 517/508/508 986/986/986 985/985/985
f 513/503/503 516/509/509 985/985/985 980/982/982
f 532/521/521 533/520/520 1001/1022/1022 1000/1023/1023
f 540/744/744 1009/1008/1008 1008/1009/1009 539/524/524
f 538/525/525 539/524/524 1008/1009/1009 1007/1010/1010
f 535/529/529 1004/1001/1001 1001/1022/1022 533/520/520
f 535/529/529 538/525/525 1007/1010/1010 1004/1001/1001
f 517/508/508 532/521/521 1000/1023/1023 986/986/986
f 1067/1070/1070 1068/1069/1069 598/577/577 597/576/576
f 603/581/581 1073/1073/1073 1072/1160/1160 602/613/613
f 1071/1074/1074 1073/1073/1073 603/581/581 601/580/580
f 1068/1069/1069 1071/1074/1074 601/580/580 598/577/577
f 1084/1083/1083 1086/1086/1086 623/595/595 621/598/598
f 1090/1094/1094 1092/1095/1095 629/603/603 628/602/602
f 1086/1086/1086 1090/1094/1094 628/602/602 623/595/595
f 1072/1160/1160 1084/1083/1083 621/598/598 602/613/613
f 650/632/632 651/636/636 1169/1166/1166 1168/1165/1165
f 651/636/636 653/640/640 1172/1408/1408 1169/1166/1166
f 1178/1174/1174 1179/1173/1173 725/707/707 724/706/706
f 732/722/722 1187/1176/1176 1186/1175/1175 731/712/712
f 730/713/713 731/712/712 1186/1175/1175 1184/1178/1178
f 1191/1187/1187 1192/1186/1186 736/715/715 735/714/714
f 1179/1173/1173 1191/1187/1187 735/714/714 725/707/707
f 745/732/732 1230/1224/1224 1228/1226/1226 744/728/728
f 732/722/722 744/728/728 1228/1226/1226 1187/1176/1176
f 1192/1186/1186 1230/1224/1224 745/732/732 736/715/715
f 730/713/713 1184/1178/1178 1172/1408/1408 653/640/640
f 540/744/744 650/632/632 1168/1165/1165 1009/1008/1008
f 1092/1095/1095 1178/1174/1174 724/706/706 629/603/603
f 175/166/166 463/456/456 465/459/459 177/167/167
f 164/158/158 165/157/157 451/444/444 450/443/443
f 164/158/158 450/443/443 454/448/448 167/159/159
f 175/166/166 179/171/171 467/465/465 463/456/456
f 167/159/159 454/448/448 467/465/465 179/171/171
f 213/209/209 498/491/491 500/494/494 217/206/206
f 226/218/218 227/222/222 508/500/500 507/499/499
f 226/218/218 507/499/499 511/505/505 229/219/219
f 217/206/206 500/494/494 508/500/500 227/222/222
f 177/167/167 465/459/459 498/491/491 213/209/209
f 53/42/42 54/41/41 348/338/338 347/337/337
f 53/42/42 347/337/337 351/342/342 56/43/43
f 39/31/31 40/30/30 338/330/330 337/329/329
f 36/50/50 39/31/31 337/329/329 335/349/349
f 36/50/50 335/349/349 348/338/338 54/41/41
f 63/54/54 64/53/53 361/355/355 360/354/354
f 63/54/54 360/354/354 364/359/359 67/57/57
f 68/58/58 365/360/360 361/355/355 64/53/53
f 79/64/64 379/372/372 376/375/375 75/69/69
f 75/69/69 376/375/375 365/360/360 68/58/58
f 40/30/30 67/57/57 364/359/359 338/330/330
f 317/299/299 597/576/576 595/579/579 315/300/300
f 315/300/300 595/579/579 589/568/568 309/302/302
f 545/536/536 546/739/739 278/322/322 277/268/268
f 280/267/267 548/533/533 545/536/536 277/268/268
f 288/275/275 556/541/541 554/544/544 286/276/276
f 286/276/276 554/544/544 548/533/533 280/267/267
f 325/309/309 606/616/616 604/610/610 323/310/310
f 589/568/568 606/616/616 325/309/309 309/302/302
f 323/310/310 604/610/610 556/541/541 288/275/275
f 7/318/318 56/43/43 351/342/342 329/733/733
f 7/318/318 329/733/733 451/444/444 165/157/157
f 278/322/322 546/739/739 379/372/372 79/64/64
f 788/782/782 978/984/984 981/981/981 790/783/783
f 989/997/997 990/989/989 799/790/790 798/789/789
f 799/790/790 990/989/989 992/992/992 801/793/793
f 790/783/783 981/981/981 989/997/997 798/789/789
f 821/810/810 1026/1026/1026 1028/1029/1029 823/811/811
f 835/821/821 1040/1034/1034 1042/1037/1037 837/822/822
f 1039/1051/1051 1040/1034/1034 835/821/821 833/826/826
f 823/811/811 1028/1029/1029 1039/1051/1051 833/826/826
f 801/793/793 992/992/992 1026/1026/1026 821/810/810
f 1296/1293/1293 1297/1292/1292 949/937/937 948/936/936
f 949/937/937 1297/1292/1292 1300/1295/1295 951/940/940
f 890/877/877 1069/1067/1067 1067/1070/1070 887/878/878
f 904/889/889 1078/1075/1075 1076/1078/1078 901/885/885
f 901/885/885 1076/1078/1078 1069/1067/1067 890/877/877
f 926/907/907 1109/1104/1104 1107/1107/1107 923/908/908
f 941/920/920 1117/1112/1112 1115/1115/1115 938/921/921
f 938/921/921 1115/1115/1115 1109/1104/1104 926/907/907
f 923/908/908 1107/1107/1107 1078/1075/1075 904/889/889
f 1322/1313/1313 1323/1312/1312 973/960/960 972/959/959
f 973/960/960 1323/1312/1312 1326/1315/1315 974/969/969
f 1310/1337/1337 1311/1298/1298 969/955/955 968/954/954
f 969/955/955 1311/1298/1298 1308/1301/1301 966/956/956
f 977/970/970 1331/1319/1319 1328/1320/1320 976/967/967
f 1326/1315/1315 1331/1319/1319 977/970/970 974/969/969
f 963/965/965 1306/1335/1335 1322/1313/1313 972/959/959
f 976/967/967 1328/1320/1320 1310/1337/1337 968/954/954
f 1300/1295/1295 1306/1335/1335 963/965/965 951/940/940
f 837/822/822 1042/1037/1037 1296/1293/1293 948/936/936
f 966/956/956 1308/1301/1301 1117/1112/1112 941/920/920
f 229/219/219 511/505/505 978/984/984 788/782/782
f 887/878/878 1067/1070/1070 597/576/576 317/299/299
