# Blender v2.79 (sub 0) OBJ File: ''
# www.blender.org
mtllib 2.mtl
o 2
v -0.085431 -0.199841 -0.018366
v -0.100382 -0.187212 -0.017583
v -0.083708 -0.194590 -0.018401
v -0.068988 -0.207219 -0.019264
v -0.052371 -0.209890 -0.019473
v -0.098699 -0.182147 -0.017327
v -0.082156 -0.189483 -0.018388
v -0.067288 -0.202497 -0.019096
v -0.050601 -0.205004 -0.019262
v -0.112599 -0.168618 -0.018118
v -0.096789 -0.176959 -0.017825
v -0.080650 -0.184155 -0.018246
v -0.065617 -0.197429 -0.019020
v -0.048780 -0.200011 -0.019138
v -0.128664 -0.159518 -0.019924
v -0.110463 -0.162937 -0.020264
v -0.094870 -0.171346 -0.018932
v -0.078859 -0.178882 -0.018691
v -0.063876 -0.192174 -0.018991
v -0.046961 -0.194879 -0.019142
v -0.126398 -0.153502 -0.022904
v -0.092900 -0.165735 -0.020400
v -0.076973 -0.173535 -0.019474
v -0.062201 -0.187123 -0.018852
v -0.045020 -0.189649 -0.019320
v -0.123626 -0.147577 -0.026785
v -0.108073 -0.156717 -0.023941
v -0.090890 -0.160185 -0.022160
v -0.075115 -0.168137 -0.020461
v -0.060529 -0.181953 -0.018954
v -0.043384 -0.184658 -0.019303
v -0.105655 -0.150742 -0.027717
v -0.088892 -0.154684 -0.024299
v -0.073169 -0.163047 -0.021549
v -0.058767 -0.176958 -0.019326
v -0.041795 -0.179740 -0.019449
v -0.120622 -0.141725 -0.031149
v -0.086797 -0.149388 -0.026794
v -0.071223 -0.158019 -0.022771
v -0.056998 -0.171600 -0.019867
v -0.040138 -0.174672 -0.019809
v -0.027149 -0.187711 -0.019401
v -0.134641 -0.125895 -0.019207
v -0.103226 -0.145168 -0.031243
v -0.084671 -0.144154 -0.029687
v -0.069214 -0.153115 -0.024281
v -0.055178 -0.166339 -0.020521
v -0.038573 -0.169626 -0.020351
v -0.025604 -0.182768 -0.019675
v -0.118204 -0.136499 -0.034903
v -0.100763 -0.139563 -0.034980
v -0.082478 -0.138395 -0.033815
v -0.067245 -0.148436 -0.026170
v -0.053315 -0.161230 -0.021410
v -0.036847 -0.164388 -0.021140
v -0.024002 -0.177739 -0.019949
v -0.006908 -0.181230 -0.017078
v -0.132701 -0.121411 -0.019235
v -0.115537 -0.130932 -0.038895
v -0.098295 -0.134011 -0.038760
v -0.096113 -0.128949 -0.041443
v -0.065626 -0.142648 -0.031799
v -0.051422 -0.156244 -0.022539
v -0.035047 -0.159176 -0.021960
v -0.022387 -0.172504 -0.020226
v -0.005065 -0.176291 -0.016903
v -0.130639 -0.116979 -0.019393
v -0.113130 -0.125769 -0.042199
v -0.111088 -0.121082 -0.044173
v -0.080403 -0.132384 -0.038294
v -0.078233 -0.126976 -0.041475
v -0.047381 -0.146763 -0.026903
v -0.049453 -0.151447 -0.024205
v -0.033212 -0.153988 -0.022999
v -0.020730 -0.167104 -0.020775
v -0.003251 -0.170744 -0.017357
v -0.128667 -0.112602 -0.019739
v -0.111376 -0.112937 -0.026138
v -0.109602 -0.109005 -0.024422
v -0.109276 -0.116635 -0.044713
v -0.094146 -0.123995 -0.043386
v -0.092036 -0.119114 -0.045315
v -0.060613 -0.132325 -0.055922
v -0.044537 -0.136793 -0.047532
v -0.031237 -0.149438 -0.024323
v -0.018774 -0.161644 -0.021947
v -0.001271 -0.165152 -0.018764
v -0.140433 -0.101521 -0.018718
v -0.103379 -0.103192 -0.041994
v -0.086340 -0.105408 -0.043517
v -0.075775 -0.121887 -0.043886
v -0.026741 -0.136081 -0.038805
v -0.029194 -0.144409 -0.027313
v -0.016823 -0.156212 -0.023594
v 0.000794 -0.159743 -0.020535
v -0.126702 -0.108151 -0.020372
v -0.117864 -0.089678 -0.022171
v -0.101015 -0.098699 -0.044377
v -0.088052 -0.109683 -0.046256
v -0.073435 -0.117344 -0.045678
v -0.056763 -0.119143 -0.043125
v -0.038467 -0.117627 -0.038855
v -0.010604 -0.140333 -0.029955
v -0.014754 -0.150914 -0.025548
v 0.002873 -0.154464 -0.022291
v -0.138624 -0.097007 -0.018968
v -0.124724 -0.103718 -0.020837
v -0.122710 -0.099343 -0.021274
v -0.120395 -0.094698 -0.021825
v -0.084395 -0.101122 -0.044166
v -0.069382 -0.108187 -0.042838
v -0.054668 -0.115346 -0.041944
v -0.052688 -0.111383 -0.040194
v -0.024866 -0.130250 -0.043403
v -0.008636 -0.134899 -0.032516
v -0.012655 -0.145678 -0.027585
v 0.004956 -0.149248 -0.023882
v -0.136845 -0.092521 -0.019241
v -0.135062 -0.088055 -0.019589
v -0.132851 -0.082833 -0.020336
v -0.099056 -0.094237 -0.045437
v -0.067522 -0.103783 -0.043473
v -0.050867 -0.107008 -0.040060
v -0.036432 -0.113785 -0.036593
v -0.022879 -0.125216 -0.045949
v -0.006699 -0.129700 -0.034847
v 0.009019 -0.138790 -0.026674
v 0.007016 -0.144061 -0.025322
v -0.115714 -0.084966 -0.021921
v -0.097132 -0.089556 -0.046539
v -0.082284 -0.096321 -0.046553
v -0.065502 -0.098932 -0.046208
v -0.034632 -0.109846 -0.035885
v -0.016287 -0.107357 -0.036058
v -0.004800 -0.124526 -0.036378
v 0.010976 -0.133780 -0.027846
v 0.026183 -0.142574 -0.023699
v 0.024469 -0.147869 -0.022079
v -0.163941 -0.067925 -0.017495
v -0.130516 -0.077285 -0.020979
v -0.113783 -0.080413 -0.021586
v -0.094978 -0.084565 -0.048308
v -0.080151 -0.091545 -0.049625
v -0.049027 -0.102212 -0.042474
v -0.032797 -0.105721 -0.036273
v -0.014134 -0.103423 -0.035194
v -0.002784 -0.119825 -0.036911
v 0.012799 -0.128710 -0.028802
v 0.027856 -0.137333 -0.025261
v 0.043066 -0.144767 -0.026225
v -0.181198 -0.065623 -0.015235
v -0.179396 -0.060703 -0.015416
v -0.146032 -0.070335 -0.019406
v -0.128522 -0.072551 -0.020523
v -0.111830 -0.075216 -0.021315
v -0.092828 -0.079861 -0.050819
v -0.063406 -0.094090 -0.048900
v -0.047070 -0.097331 -0.045169
v -0.030918 -0.100665 -0.038632
v -0.012272 -0.098778 -0.035517
v -0.000763 -0.115305 -0.036746
v 0.014574 -0.123827 -0.029425
v 0.029532 -0.132087 -0.026725
v 0.044727 -0.139557 -0.027971
v -0.196339 -0.057314 -0.014507
v -0.194734 -0.052467 -0.014505
v -0.161904 -0.062849 -0.017516
v -0.144107 -0.065369 -0.019596
v -0.126641 -0.067903 -0.020608
v -0.109935 -0.070227 -0.021309
v -0.078000 -0.086921 -0.052610
v -0.061339 -0.089438 -0.051075
v -0.044973 -0.092757 -0.047273
v -0.028980 -0.095686 -0.041097
v -0.022601 -0.082019 -0.035842
v 0.003231 -0.106520 -0.035268
v 0.001221 -0.110925 -0.036010
v 0.016345 -0.119153 -0.029756
v 0.031141 -0.126923 -0.028004
v 0.046423 -0.134448 -0.029525
v -0.209945 -0.044096 -0.014181
v -0.177415 -0.055412 -0.015816
v -0.160031 -0.057923 -0.017157
v -0.158257 -0.052876 -0.016860
v -0.142054 -0.060202 -0.020212
v -0.124459 -0.062789 -0.021716
v -0.090896 -0.074899 -0.053367
v -0.075898 -0.082333 -0.055149
v -0.059397 -0.085000 -0.052314
v -0.042978 -0.088253 -0.048755
v -0.024584 -0.086280 -0.042260
v -0.010115 -0.094199 -0.035488
v 0.005231 -0.101989 -0.034930
v 0.018064 -0.114542 -0.029721
v 0.032771 -0.121995 -0.029049
v 0.048148 -0.129408 -0.030694
v -0.224715 -0.035822 -0.014570
v -0.192936 -0.047254 -0.014520
v -0.175635 -0.050159 -0.015523
v -0.173889 -0.044992 -0.014735
v -0.156655 -0.047797 -0.016368
v -0.139628 -0.055148 -0.021602
v -0.107901 -0.065197 -0.021542
v -0.072620 -0.073898 -0.032328
v -0.073976 -0.077939 -0.056080
v -0.054412 -0.071251 -0.040076
v -0.057419 -0.080716 -0.052711
v -0.026931 -0.090798 -0.043582
v -0.041219 -0.083908 -0.049631
v -0.034912 -0.070765 -0.031867
v -0.008054 -0.089746 -0.034407
v 0.007165 -0.097275 -0.034746
v 0.019818 -0.109925 -0.029404
v 0.034475 -0.117282 -0.029811
v 0.049907 -0.124411 -0.031198
v -0.208440 -0.039267 -0.013938
v -0.191203 -0.042047 -0.014490
v -0.189544 -0.037003 -0.014271
v -0.172103 -0.039918 -0.014358
v -0.155207 -0.042944 -0.016188
v -0.122140 -0.057494 -0.023500
v -0.105731 -0.060104 -0.022174
v -0.053012 -0.067812 -0.035238
v -0.020795 -0.077932 -0.033300
v -0.006034 -0.085167 -0.032353
v 0.009052 -0.092698 -0.033233
v 0.021626 -0.105457 -0.028871
v 0.036233 -0.112532 -0.030158
v 0.051873 -0.119823 -0.031088
v -0.206804 -0.034451 -0.013489
v -0.205237 -0.029673 -0.012898
v -0.187863 -0.032082 -0.013454
v -0.170316 -0.034923 -0.014095
v -0.136923 -0.049980 -0.023630
v -0.119974 -0.052399 -0.024611
v -0.103652 -0.054931 -0.023455
v -0.087725 -0.061638 -0.025503
v -0.089231 -0.069866 -0.054972
v -0.019089 -0.073609 -0.031526
v -0.004086 -0.081011 -0.030415
v 0.010937 -0.088177 -0.030946
v 0.023445 -0.100697 -0.028405
v 0.038229 -0.107895 -0.030153
v 0.053830 -0.115376 -0.030827
v 0.069373 -0.123396 -0.031183
v -0.203575 -0.024793 -0.012036
v -0.186053 -0.027145 -0.012481
v -0.168562 -0.030048 -0.013922
v -0.153224 -0.038101 -0.017221
v -0.134731 -0.044693 -0.025281
v -0.117930 -0.047395 -0.025391
v -0.086173 -0.057439 -0.024336
v -0.069908 -0.065373 -0.029547
v -0.087843 -0.064713 -0.055132
v -0.071489 -0.069367 -0.030284
v -0.033710 -0.066641 -0.029396
v -0.017271 -0.069269 -0.030064
v -0.002209 -0.076770 -0.028972
v 0.012829 -0.083726 -0.029524
v 0.025376 -0.096083 -0.028181
v 0.040358 -0.103294 -0.029953
v 0.055606 -0.110937 -0.030740
v 0.070981 -0.119191 -0.031154
v -0.218311 -0.017218 -0.013022
v -0.201840 -0.019872 -0.011025
v -0.184120 -0.022294 -0.011923
v -0.166982 -0.025332 -0.014060
v -0.132808 -0.039563 -0.026422
v -0.115953 -0.042424 -0.025877
v -0.101670 -0.050106 -0.024227
v -0.084465 -0.053518 -0.024344
v -0.068439 -0.061148 -0.028661
v -0.066824 -0.056758 -0.028058
v -0.046819 -0.054254 -0.032824
v -0.032114 -0.062057 -0.028291
v -0.000351 -0.072341 -0.027689
v 0.014670 -0.079187 -0.029036
v 0.027292 -0.091470 -0.028364
v 0.042372 -0.098738 -0.029938
v 0.057040 -0.106524 -0.031054
v 0.071722 -0.114612 -0.032931
v -0.216670 -0.012207 -0.012508
v -0.200006 -0.014943 -0.010241
v -0.182202 -0.017419 -0.011647
v -0.165072 -0.020722 -0.014605
v -0.148149 -0.031842 -0.024750
v -0.130886 -0.034623 -0.027128
v -0.099710 -0.045257 -0.024532
v -0.097705 -0.040598 -0.024711
v -0.083442 -0.049681 -0.025814
v -0.030400 -0.057334 -0.027786
v -0.015512 -0.064979 -0.028816
v 0.001537 -0.067889 -0.026521
v 0.016584 -0.074532 -0.029284
v 0.029092 -0.086734 -0.029358
v 0.044254 -0.094183 -0.030546
v 0.058297 -0.101135 -0.034822
v 0.077803 -0.097554 -0.038649
v 0.089720 -0.118552 -0.032715
v -0.214923 -0.006930 -0.011906
v -0.198061 -0.009882 -0.009853
v -0.180360 -0.012567 -0.011437
v -0.178492 -0.007547 -0.011302
v -0.145934 -0.026870 -0.026448
v -0.129010 -0.029745 -0.027264
v -0.114026 -0.037553 -0.026141
v -0.112151 -0.032697 -0.026197
v -0.095699 -0.035907 -0.024748
v -0.044660 -0.049903 -0.031968
v -0.013698 -0.060350 -0.027702
v 0.003476 -0.063196 -0.025714
v 0.018462 -0.069825 -0.029566
v 0.031045 -0.081946 -0.030840
v 0.045990 -0.089277 -0.032620
v 0.063298 -0.090665 -0.036980
v 0.079629 -0.093502 -0.038071
v 0.095412 -0.095730 -0.040713
v -0.213221 -0.001726 -0.011239
v -0.195987 -0.004575 -0.009725
v -0.193950 0.000421 -0.009842
v -0.176670 -0.002478 -0.011258
v -0.159249 -0.014516 -0.023682
v -0.144098 -0.022223 -0.026952
v -0.127169 -0.024999 -0.027136
v -0.110377 -0.027991 -0.026099
v -0.093838 -0.031412 -0.024594
v -0.028624 -0.052781 -0.027416
v -0.011820 -0.055791 -0.026846
v 0.005639 -0.058298 -0.026293
v 0.020274 -0.065237 -0.029556
v 0.033106 -0.077085 -0.032189
v 0.049978 -0.078980 -0.037047
v 0.064901 -0.086315 -0.037132
v 0.081436 -0.089072 -0.038189
v 0.097493 -0.091641 -0.039409
v -0.211431 0.003287 -0.010878
v -0.209493 0.008219 -0.010448
v -0.191974 0.005370 -0.009871
v -0.155237 -0.004894 -0.025617
v -0.142256 -0.017536 -0.026864
v -0.125430 -0.020252 -0.026870
v -0.108638 -0.023308 -0.025957
v -0.091968 -0.027015 -0.024640
v -0.026824 -0.048142 -0.027145
v -0.009964 -0.051263 -0.027480
v 0.007639 -0.053790 -0.027157
v 0.022074 -0.060315 -0.029305
v 0.035115 -0.071918 -0.033058
v 0.051727 -0.074373 -0.036509
v 0.066604 -0.081649 -0.037861
v 0.083026 -0.084422 -0.038987
v 0.099120 -0.087402 -0.039486
v 0.116981 -0.101210 -0.031839
v -0.207628 0.013274 -0.010107
v -0.174904 0.002485 -0.011372
v -0.153418 -0.000199 -0.025028
v -0.157066 -0.009643 -0.026099
v -0.140381 -0.012790 -0.026272
v -0.123714 -0.015487 -0.026423
v -0.106873 -0.018600 -0.025740
v -0.105128 -0.013757 -0.025450
v -0.024941 -0.043524 -0.028496
v -0.007751 -0.045731 -0.033164
v 0.009465 -0.049008 -0.029161
v 0.024005 -0.055710 -0.028593
v 0.037240 -0.067156 -0.034037
v 0.039102 -0.062372 -0.034204
v 0.068253 -0.076821 -0.038821
v 0.084702 -0.079767 -0.039981
v 0.100653 -0.082889 -0.040368
v 0.121238 -0.086231 -0.039451
v 0.118901 -0.096761 -0.031531
v -0.190028 0.010265 -0.009771
v -0.173154 0.007276 -0.011468
v -0.171146 0.012168 -0.011999
v -0.138498 -0.007940 -0.025851
v -0.121916 -0.010618 -0.026022
v -0.120094 -0.005704 -0.025811
v -0.103356 -0.008918 -0.024986
v -0.023066 -0.038843 -0.032539
v -0.005871 -0.040874 -0.039796
v 0.011346 -0.043490 -0.035841
v 0.025934 -0.051202 -0.028057
v 0.040780 -0.057748 -0.032969
v 0.053458 -0.069490 -0.037525
v 0.069841 -0.071975 -0.039736
v 0.086355 -0.075063 -0.041056
v 0.102571 -0.078356 -0.042579
v 0.121686 -0.080914 -0.044389
v 0.120897 -0.092440 -0.031997
v 0.134005 -0.103480 -0.031788
v -0.205688 0.018203 -0.009703
v -0.188113 0.015153 -0.009620
v -0.186187 0.020062 -0.009480
v -0.151539 0.004515 -0.024832
v -0.136631 -0.003097 -0.025633
v -0.134762 0.001661 -0.025452
v -0.118245 -0.000930 -0.025643
v 0.012918 -0.037947 -0.045533
v 0.027915 -0.046873 -0.028186
v 0.042559 -0.053307 -0.031314
v 0.055435 -0.064616 -0.038369
v 0.057240 -0.059889 -0.038166
v 0.071558 -0.067145 -0.040552
v 0.088096 -0.070175 -0.042522
v 0.123067 -0.076380 -0.045839
v 0.138384 -0.083700 -0.043668
v 0.135432 -0.099044 -0.031425
v -0.203643 0.023081 -0.009638
v -0.201690 0.027998 -0.009653
v -0.184279 0.024973 -0.009350
v -0.168521 0.017208 -0.014963
v -0.149643 0.009294 -0.024786
v -0.132910 0.006380 -0.025208
v -0.101395 -0.004034 -0.024639
v -0.003484 -0.033307 -0.059348
v 0.029977 -0.042988 -0.028962
v 0.044371 -0.049133 -0.030146
v 0.061546 -0.050313 -0.031887
v 0.059029 -0.054994 -0.036500
v 0.075150 -0.057264 -0.037928
v 0.073299 -0.062468 -0.040626
v 0.076920 -0.052350 -0.033271
v 0.090059 -0.065350 -0.043741
v 0.104778 -0.072987 -0.047229
v 0.140357 -0.079007 -0.044939
v 0.139700 -0.091004 -0.032484
v 0.137155 -0.095210 -0.030978
v -0.199687 0.032899 -0.009557
v -0.182274 0.029786 -0.009244
v -0.147707 0.013991 -0.024939
v -0.131054 0.011083 -0.025228
v -0.116349 0.003706 -0.025487
v -0.099427 0.000588 -0.025018
v 0.014745 -0.033263 -0.050808
v 0.031306 -0.035827 -0.045353
v 0.046195 -0.045350 -0.030316
v 0.063810 -0.046223 -0.030031
v 0.091737 -0.060741 -0.044036
v 0.124163 -0.071338 -0.047985
v 0.142138 -0.074170 -0.046261
v -0.197615 0.037892 -0.009361
v -0.162296 0.032065 -0.015641
v -0.163356 0.020918 -0.022854
v -0.145720 0.018630 -0.025312
v -0.114407 0.008374 -0.025744
v -0.097309 0.005211 -0.025886
v -0.001527 -0.028665 -0.061738
v 0.032850 -0.030877 -0.049674
v 0.047871 -0.038726 -0.045347
v 0.065990 -0.041984 -0.028353
v 0.078546 -0.048137 -0.030988
v 0.093485 -0.056104 -0.044284
v 0.106533 -0.068153 -0.049864
v 0.125573 -0.066504 -0.049424
v -0.180261 0.034631 -0.009368
v -0.160721 0.037008 -0.013197
v -0.161317 0.025806 -0.022922
v -0.143739 0.023235 -0.025760
v -0.129136 0.015792 -0.025707
v -0.112469 0.013062 -0.026294
v -0.095387 0.009855 -0.026814
v -0.014393 -0.017846 -0.063468
v 0.000077 -0.024767 -0.062167
v 0.016534 -0.028063 -0.057250
v 0.049026 -0.034137 -0.048537
v 0.080232 -0.043884 -0.029728
v 0.095304 -0.051431 -0.045223
v 0.108397 -0.063637 -0.050492
v 0.110002 -0.058979 -0.051410
v 0.143943 -0.069167 -0.046870
v -0.178234 0.039590 -0.009593
v -0.176180 0.044583 -0.009865
v -0.141755 0.027862 -0.026187
v -0.127176 0.020396 -0.026255
v -0.110493 0.017703 -0.026873
v -0.093389 0.014520 -0.027534
v -0.016079 -0.022180 -0.064477
v -0.012584 -0.013490 -0.063466
v 0.001897 -0.020572 -0.062811
v 0.003764 -0.016234 -0.063205
v 0.034593 -0.026612 -0.052746
v 0.050625 -0.029399 -0.051068
v 0.068183 -0.037294 -0.026431
v 0.082391 -0.039482 -0.028803
v 0.127301 -0.061867 -0.049596
v 0.145635 -0.064408 -0.046509
v -0.158516 0.041845 -0.012069
v -0.139793 0.032439 -0.026615
v -0.125205 0.025020 -0.026816
v -0.108495 0.022284 -0.027488
v -0.091330 0.019286 -0.028196
v -0.019435 -0.030595 -0.062330
v -0.027204 -0.006468 -0.063690
v -0.023608 0.003218 -0.057267
v -0.010788 -0.009067 -0.063947
v 0.005644 -0.011741 -0.062816
v 0.019457 -0.018533 -0.063508
v 0.036302 -0.022038 -0.055855
v 0.070228 -0.032790 -0.024174
v 0.084885 -0.034952 -0.027001
v 0.097260 -0.046878 -0.046127
v 0.111643 -0.054215 -0.052270
v 0.129235 -0.057093 -0.049172
v 0.131386 -0.052458 -0.048626
v -0.174008 0.049738 -0.010060
v -0.156098 0.046656 -0.011763
v -0.137843 0.037197 -0.026813
v -0.123213 0.029644 -0.027337
v -0.106498 0.026903 -0.027989
v -0.089354 0.024058 -0.028964
v -0.017777 -0.026309 -0.064613
v -0.028967 -0.010995 -0.067420
v -0.041183 0.002198 -0.055482
v -0.008995 -0.004603 -0.063749
v -0.007230 -0.000053 -0.061878
v 0.007544 -0.007085 -0.062244
v 0.021611 -0.014290 -0.063688
v 0.038035 -0.017344 -0.058730
v 0.052381 -0.024535 -0.054539
v 0.072182 -0.028494 -0.022848
v 0.099264 -0.042402 -0.046276
v 0.113410 -0.049629 -0.052750
v 0.115250 -0.044984 -0.052652
v 0.147837 -0.059824 -0.045593
v -0.153814 0.051593 -0.011979
v -0.135829 0.042127 -0.026658
v -0.121224 0.034240 -0.027851
v -0.104511 0.031546 -0.028493
v -0.102562 0.036246 -0.029033
v -0.071302 0.022401 -0.034698
v -0.034575 -0.024202 -0.067182
v -0.032686 -0.019698 -0.068622
v -0.030825 -0.015289 -0.068607
v -0.043559 -0.003638 -0.067810
v -0.039833 0.006779 -0.051394
v -0.005397 0.004793 -0.058956
v 0.009374 -0.002445 -0.062013
v 0.023503 -0.009883 -0.064474
v 0.039827 -0.012730 -0.061154
v 0.054135 -0.019883 -0.057407
v 0.087478 -0.030562 -0.023674
v 0.101382 -0.038143 -0.045982
v 0.117320 -0.040422 -0.051891
v 0.133470 -0.047862 -0.047717
v 0.149913 -0.055249 -0.044434
v -0.167501 0.064638 -0.010238
v -0.134181 0.054157 -0.016559
v -0.133795 0.047120 -0.025751
v -0.119269 0.038992 -0.028179
v -0.117382 0.043900 -0.028395
v -0.087493 0.028759 -0.030058
v -0.085534 0.033295 -0.031801
v -0.036485 -0.028450 -0.067482
v -0.045235 -0.008392 -0.071499
v -0.055844 0.008298 -0.068111
v -0.054140 0.012810 -0.062438
v -0.038400 0.010944 -0.051253
v -0.021499 0.007444 -0.058669
v -0.003637 0.009561 -0.058115
v 0.011205 0.002057 -0.062161
v 0.025319 -0.005238 -0.065685
v 0.055895 -0.015263 -0.059891
v 0.074107 -0.024017 -0.021577
v 0.103459 -0.033470 -0.045529
v 0.119480 -0.035880 -0.050677
v 0.135754 -0.043265 -0.046175
v 0.152212 -0.050562 -0.043267
v -0.151723 0.056625 -0.012297
v -0.132491 0.058986 -0.014668
v -0.100675 0.041063 -0.029491
v -0.098865 0.045994 -0.029257
v -0.069144 0.026508 -0.036528
v -0.038285 -0.032846 -0.068286
v -0.048672 -0.017079 -0.074570
v -0.046917 -0.012773 -0.073387
v -0.059278 -0.000973 -0.074839
v -0.057612 0.003523 -0.072013
v -0.070268 0.016332 -0.063943
v -0.053016 0.019369 -0.045294
v -0.051342 0.023404 -0.045383
v -0.036737 0.015342 -0.052217
v -0.019887 0.012073 -0.058954
v -0.018119 0.016881 -0.058541
v 0.012898 0.006822 -0.062359
v 0.027311 -0.000777 -0.067127
v 0.041617 -0.008083 -0.063278
v 0.057867 -0.010589 -0.061884
v 0.090043 -0.026220 -0.021540
v 0.105772 -0.028779 -0.044521
v 0.121708 -0.031369 -0.049062
v 0.138257 -0.038646 -0.044069
v 0.154400 -0.045750 -0.041523
v -0.165389 0.069330 -0.010013
v -0.149702 0.061536 -0.012362
v -0.147763 0.066324 -0.011887
v -0.112936 0.060388 -0.018954
v -0.115485 0.048949 -0.028378
v -0.097332 0.052049 -0.024822
v -0.082965 0.037806 -0.034491
v -0.066873 0.030734 -0.038854
v -0.040105 -0.037422 -0.067578
v -0.050436 -0.021325 -0.075328
v -0.064186 -0.014346 -0.077887
v -0.062472 -0.009905 -0.077812
v -0.060886 -0.005439 -0.076765
v -0.077259 -0.002443 -0.073243
v -0.075456 0.001993 -0.072488
v -0.073703 0.006561 -0.070845
v -0.072134 0.011491 -0.068188
v -0.064660 0.035116 -0.040895
v -0.049287 0.027576 -0.047037
v -0.034917 0.019927 -0.053471
v -0.016150 0.021907 -0.057317
v -0.001791 0.014536 -0.057488
v 0.014497 0.011886 -0.062114
v 0.029274 0.003984 -0.069327
v 0.043407 -0.003415 -0.065147
v 0.059951 -0.005858 -0.063388
v 0.075952 -0.019049 -0.020159
v 0.108057 -0.023975 -0.043117
v 0.124064 -0.026778 -0.046762
v 0.140480 -0.033912 -0.041991
v 0.142646 -0.029113 -0.040345
v -0.130645 0.063411 -0.014608
v -0.129013 0.067858 -0.014364
v -0.113818 0.053820 -0.026763
v -0.096079 0.057267 -0.020512
v -0.079970 0.042939 -0.038722
v -0.062696 0.039678 -0.042610
v -0.052210 -0.025663 -0.076177
v -0.065968 -0.018720 -0.077415
v -0.081107 -0.011503 -0.072628
v -0.079112 -0.006903 -0.073319
v -0.047133 0.031885 -0.049306
v -0.033052 0.024496 -0.054478
v -0.014417 0.026694 -0.053879
v 0.000155 0.019429 -0.055627
v 0.016391 0.017142 -0.059995
v 0.030883 0.008674 -0.070798
v 0.045249 0.001120 -0.066780
v 0.062266 -0.001298 -0.064630
v 0.092294 -0.021454 -0.020393
v 0.110224 -0.019110 -0.041068
v 0.126521 -0.021998 -0.043983
v 0.128942 -0.016913 -0.040891
v 0.144719 -0.024571 -0.038732
v -0.127449 0.072202 -0.014268
v -0.111132 0.064711 -0.017685
v -0.094199 0.061773 -0.018827
v -0.077897 0.047668 -0.040763
v -0.060817 0.044349 -0.044171
v -0.053995 -0.029961 -0.077239
v -0.067776 -0.023196 -0.076806
v -0.083318 -0.015937 -0.070758
v -0.045310 0.036434 -0.050693
v -0.031101 0.029144 -0.055084
v -0.028987 0.033895 -0.054701
v 0.032659 0.013208 -0.070394
v 0.047064 0.005679 -0.068336
v 0.077953 -0.014131 -0.018558
v 0.094476 -0.016490 -0.019268
v 0.112811 -0.013449 -0.021247
v 0.131646 -0.012283 -0.037536
v -0.109270 0.069025 -0.017459
v -0.092057 0.066323 -0.017643
v -0.075860 0.052384 -0.042259
v -0.057893 -0.039072 -0.073883
v -0.069718 -0.027579 -0.075670
v -0.085514 -0.020364 -0.067460
v -0.043667 0.041094 -0.051697
v -0.027186 0.038370 -0.052462
v 0.048864 0.010461 -0.069549
v 0.064865 0.003150 -0.065304
v 0.079837 -0.009159 -0.016998
v 0.096687 -0.011530 -0.017953
v 0.116309 -0.008868 -0.016967
v -0.124984 0.076782 -0.015975
v -0.107371 0.073645 -0.017223
v -0.089940 0.070938 -0.016976
v -0.058816 0.049025 -0.045822
v -0.042102 -0.042102 -0.065040
v -0.071696 -0.032072 -0.073830
v -0.073948 -0.036646 -0.071810
v -0.041895 0.045828 -0.052597
v -0.039946 0.050721 -0.052874
v 0.050674 0.015298 -0.070564
v 0.066825 0.007791 -0.065621
v 0.081789 -0.004174 -0.015465
v 0.098895 -0.006604 -0.016602
v 0.101047 -0.001688 -0.015304
v 0.136543 -0.006030 -0.015961
v -0.105409 0.078409 -0.016841
v -0.087909 0.075629 -0.016526
v -0.073804 0.057059 -0.043556
v -0.060105 -0.044005 -0.070395
v -0.061992 -0.048871 -0.064625
v -0.075997 -0.041502 -0.070015
v -0.056545 0.053760 -0.047825
v -0.037942 0.055719 -0.051321
v 0.052360 0.020286 -0.071235
v 0.054277 0.025486 -0.071656
v 0.083883 0.000742 -0.013973
v 0.085956 0.005551 -0.012642
v 0.118620 -0.003903 -0.015444
v 0.120783 0.000761 -0.014470
v -0.103441 0.083286 -0.016428
v -0.085905 0.080433 -0.016125
v -0.068269 0.077960 -0.015182
v -0.052238 0.070909 -0.014315
v -0.071731 0.061597 -0.043831
v -0.046829 -0.056637 -0.072717
v -0.054371 0.058463 -0.049329
v -0.052309 0.063693 -0.049657
v 0.070580 0.012820 -0.010647
v 0.088064 0.010340 -0.011561
v 0.103192 0.003099 -0.014116
v 0.105219 0.007855 -0.013112
v 0.138499 -0.001484 -0.014884
v -0.101499 0.088144 -0.016167
v -0.083964 0.085274 -0.015889
v -0.066429 0.082748 -0.014831
v -0.051086 0.075197 -0.013306
v -0.055789 -0.034539 -0.076758
v -0.048543 -0.061010 -0.072501
v 0.072714 0.017159 -0.010114
v 0.090192 0.015159 -0.010593
v 0.122781 0.005359 -0.013718
v 0.124621 0.010040 -0.012965
v -0.099545 0.093022 -0.016005
v -0.082044 0.090143 -0.015784
v -0.064610 0.087504 -0.014431
v -0.049371 0.079929 -0.012782
v -0.036181 0.067550 -0.011455
v -0.036540 -0.073404 -0.066702
v 0.107240 0.012602 -0.012126
v 0.109248 0.017356 -0.011214
v -0.097616 0.097888 -0.015951
v -0.080123 0.094978 -0.015569
v -0.062753 0.092218 -0.014224
v -0.047702 0.084731 -0.012563
v -0.034378 0.072317 -0.010872
v -0.018708 0.064200 -0.011792
v -0.037742 0.062693 -0.012569
v -0.055133 -0.076113 -0.053258
v 0.092298 0.019903 -0.009746
v 0.094377 0.024635 -0.008886
v 0.126524 0.014788 -0.012299
v -0.095713 0.102666 -0.015937
v -0.078173 0.099777 -0.015270
v -0.060849 0.096956 -0.014052
v -0.045996 0.089479 -0.012392
v -0.032531 0.077046 -0.010366
v -0.016799 0.068963 -0.011954
v -0.001815 0.060997 -0.013727
v -0.020629 0.059458 -0.011691
v -0.022563 0.054554 -0.011610
v 0.096471 0.029455 -0.007968
v 0.111223 0.022132 -0.010253
v 0.128471 0.019507 -0.011600
v -0.093855 0.107413 -0.015813
v -0.076231 0.104517 -0.015174
v -0.058922 0.101707 -0.013731
v -0.044215 0.094261 -0.012157
v -0.030694 0.081835 -0.010552
v -0.014917 0.073789 -0.012129
v 0.000032 0.065726 -0.013692
v 0.014475 0.057955 -0.014838
v -0.003644 0.056248 -0.013712
v -0.005475 0.051370 -0.013682
v -0.007269 0.046453 -0.013651
v -0.024529 0.049386 -0.011829
v -0.038000 -0.077344 -0.068506
v 0.077281 0.032469 -0.028028
v 0.098570 0.034242 -0.007096
v 0.113240 0.026923 -0.009240
v 0.130475 0.024201 -0.010705
v -0.091992 0.112161 -0.015711
v -0.074261 0.109277 -0.015098
v -0.057033 0.106477 -0.013334
v -0.042378 0.099059 -0.011843
v -0.028803 0.086621 -0.011144
v -0.013061 0.078662 -0.012408
v 0.001925 0.070531 -0.013724
v 0.016395 0.062757 -0.014746
v 0.012669 0.053194 -0.014971
v 0.010908 0.048445 -0.015107
v 0.009134 0.043684 -0.015145
v 0.007403 0.038853 -0.015163
v -0.009077 0.041502 -0.013851
v -0.026467 0.044114 -0.012443
v 0.115306 0.031767 -0.008230
v 0.132497 0.028954 -0.009554
v -0.125429 0.122825 -0.017304
v -0.107900 0.119985 -0.015589
v -0.090046 0.116884 -0.015744
v -0.072261 0.114067 -0.014875
v -0.055208 0.111286 -0.013312
v -0.040496 0.103819 -0.011511
v -0.026906 0.091399 -0.011625
v -0.011234 0.083585 -0.012760
v 0.003847 0.075428 -0.013844
v 0.018379 0.067638 -0.014643
v 0.029854 0.049843 -0.027443
v 0.025254 0.040539 -0.016384
v 0.023825 0.036006 -0.016071
v 0.022117 0.031322 -0.016143
v 0.005563 0.034073 -0.015437
v -0.011031 0.036603 -0.014037
v 0.100717 0.039066 -0.006340
v 0.117428 0.036617 -0.007357
v 0.134536 0.033751 -0.008554
v -0.123764 0.127898 -0.016730
v -0.106036 0.124701 -0.015927
v -0.088035 0.121653 -0.015868
v -0.070273 0.118879 -0.014509
v -0.053396 0.116111 -0.013177
v -0.038587 0.108623 -0.011266
v -0.025007 0.096168 -0.011991
v -0.009438 0.088413 -0.013050
v 0.005845 0.080358 -0.013979
v 0.020443 0.072533 -0.014709
v 0.031577 0.054237 -0.028412
v 0.028330 0.045501 -0.025267
v 0.038320 0.028453 -0.020224
v 0.036703 0.023834 -0.018696
v 0.020428 0.026666 -0.016451
v 0.003642 0.029572 -0.015829
v -0.013049 0.031749 -0.014684
v 0.102835 0.043952 -0.005671
v 0.119500 0.041525 -0.006751
v -0.138642 0.135677 -0.017431
v -0.122068 0.132793 -0.016348
v -0.104090 0.129476 -0.016078
v -0.085981 0.126449 -0.015990
v -0.068286 0.123717 -0.014304
v -0.051571 0.120987 -0.012853
v -0.036723 0.113402 -0.011512
v -0.023127 0.100882 -0.012306
v -0.007613 0.093171 -0.013279
v 0.007784 0.085252 -0.014232
v 0.022517 0.077406 -0.014945
v 0.037776 0.068232 -0.030106
v 0.033555 0.058697 -0.029821
v 0.040960 0.032835 -0.027020
v 0.034976 0.018740 -0.019684
v 0.018772 0.022031 -0.017584
v 0.001829 0.024733 -0.017040
v 0.105018 0.048838 -0.005213
v 0.136629 0.038579 -0.007713
v -0.136760 0.140695 -0.017646
v -0.120226 0.137575 -0.016772
v -0.102140 0.134318 -0.016231
v -0.083934 0.131290 -0.015873
v -0.066362 0.128544 -0.014557
v -0.049749 0.125870 -0.012911
v -0.034832 0.118189 -0.012188
v -0.021239 0.105595 -0.012494
v -0.005790 0.097919 -0.013441
v 0.009757 0.090013 -0.014435
v 0.024509 0.082277 -0.015213
v 0.039839 0.073197 -0.029803
v 0.052457 0.059897 -0.041462
v 0.035627 0.063370 -0.030308
v 0.121632 0.046422 -0.006277
v 0.138771 0.043460 -0.007077
v -0.134884 0.145616 -0.017804
v -0.118187 0.142415 -0.017527
v -0.100104 0.139257 -0.016259
v -0.081900 0.136158 -0.015795
v -0.064482 0.133423 -0.014630
v -0.047902 0.130762 -0.012951
v -0.032908 0.122961 -0.012695
v -0.019340 0.110379 -0.012631
v -0.003915 0.102656 -0.013551
v 0.011678 0.094733 -0.014570
v 0.026595 0.087093 -0.015296
v 0.045273 0.089614 -0.019679
v 0.041859 0.078029 -0.028832
v 0.054392 0.064527 -0.042516
v 0.050519 0.055367 -0.039830
v 0.107137 0.053717 -0.005140
v 0.123767 0.051280 -0.005884
v 0.140900 0.048372 -0.006622
v -0.132968 0.150544 -0.018046
v -0.116186 0.147466 -0.018003
v -0.098131 0.144171 -0.016032
v -0.079882 0.140952 -0.016005
v -0.062649 0.138314 -0.014765
v -0.046042 0.135643 -0.012993
v -0.030977 0.127726 -0.013106
v -0.017420 0.115147 -0.012801
v -0.002019 0.107393 -0.013555
v 0.013643 0.099473 -0.014672
v 0.028748 0.091894 -0.015070
v 0.047233 0.094869 -0.015523
v 0.043883 0.082834 -0.026792
v 0.059915 0.078824 -0.041694
v 0.056264 0.069218 -0.042964
v 0.078762 0.036725 -0.032629
v 0.109083 0.058611 -0.005192
v 0.125859 0.056071 -0.005641
v -0.130982 0.155451 -0.018433
v -0.114376 0.152807 -0.017351
v -0.096099 0.148997 -0.016398
v -0.077870 0.145701 -0.016168
v -0.060853 0.143130 -0.015138
v -0.044239 0.140435 -0.013626
v -0.029021 0.132463 -0.013470
v -0.015492 0.119922 -0.012967
v -0.000095 0.112171 -0.013653
v 0.015609 0.104219 -0.014688
v 0.030921 0.096678 -0.014870
v 0.049394 0.100050 -0.012455
v 0.065837 0.094863 -0.029530
v 0.063754 0.089282 -0.035316
v 0.061791 0.083907 -0.039532
v 0.058067 0.073990 -0.042698
v 0.072440 0.066272 -0.046511
v 0.080368 0.041210 -0.034343
v 0.111070 0.063455 -0.005122
v 0.127842 0.060825 -0.005567
v -0.144634 0.163300 -0.021758
v -0.128930 0.160397 -0.019002
v -0.112309 0.157729 -0.017203
v -0.093970 0.153799 -0.017045
v -0.075849 0.150499 -0.016323
v -0.059059 0.147979 -0.015421
v -0.042423 0.145202 -0.014367
v -0.027081 0.137259 -0.013803
v -0.013570 0.124758 -0.013158
v 0.001802 0.116944 -0.013818
v 0.017570 0.109004 -0.014677
v 0.033016 0.101404 -0.014959
v 0.035164 0.106164 -0.014898
v 0.068240 0.100314 -0.022881
v 0.082643 0.091517 -0.033171
v 0.080035 0.086260 -0.039769
v 0.078021 0.080880 -0.043505
v 0.076141 0.075781 -0.045614
v 0.074286 0.070991 -0.046459
v 0.089739 0.064310 -0.039342
v 0.098510 0.076655 -0.006419
v 0.113018 0.068305 -0.005051
v -0.142605 0.168114 -0.022368
v -0.126745 0.165338 -0.019729
v -0.110110 0.162494 -0.017944
v -0.091790 0.158758 -0.017324
v -0.073848 0.155286 -0.016546
v -0.057295 0.152844 -0.015647
v -0.040618 0.149980 -0.014939
v -0.025151 0.142091 -0.014170
v -0.011618 0.129571 -0.013398
v 0.003751 0.121752 -0.013996
v 0.019549 0.113822 -0.014606
v 0.037430 0.111026 -0.013836
v 0.051779 0.104961 -0.010726
v 0.092329 0.068982 -0.037182
v 0.100205 0.081185 -0.004498
v 0.129801 0.065616 -0.005527
v -0.140561 0.172810 -0.022974
v -0.124460 0.170197 -0.020510
v -0.107827 0.167387 -0.018629
v -0.089720 0.163786 -0.017223
v -0.071862 0.160096 -0.016884
v -0.055474 0.157644 -0.015607
v -0.038767 0.154765 -0.015485
v -0.023197 0.146950 -0.014512
v -0.009677 0.134407 -0.013506
v 0.005753 0.126584 -0.014142
v 0.021570 0.118698 -0.014498
v 0.039767 0.115998 -0.011981
v 0.070970 0.107913 -0.010548
v 0.114958 0.073196 -0.004963
v 0.131817 0.070495 -0.005484
v -0.138436 0.177511 -0.023671
v -0.122176 0.174941 -0.021322
v -0.105563 0.172200 -0.019058
v -0.087701 0.168702 -0.017765
v -0.069980 0.164957 -0.017270
v -0.053623 0.162413 -0.015625
v -0.021191 0.151921 -0.014781
v -0.007729 0.139318 -0.013583
v 0.007800 0.131477 -0.014204
v 0.023570 0.123582 -0.014460
v 0.054123 0.109484 -0.009876
v 0.056361 0.114011 -0.009531
v 0.088471 0.099959 -0.007190
v 0.116903 0.078169 -0.004835
v 0.133889 0.075502 -0.005486
v -0.119884 0.179615 -0.022156
v -0.103374 0.176979 -0.019581
v -0.085657 0.173549 -0.018322
v -0.068193 0.169884 -0.017637
v -0.019096 0.156966 -0.014939
v -0.005823 0.144242 -0.013767
v 0.009830 0.136520 -0.014160
v 0.025600 0.128447 -0.014603
v 0.041933 0.121011 -0.010668
v 0.043920 0.126014 -0.010134
v 0.073142 0.112230 -0.009175
v 0.089956 0.104445 -0.006661
v 0.101779 0.086136 -0.004295
v 0.118855 0.083205 -0.004804
v -0.117693 0.184246 -0.023056
v -0.101245 0.181680 -0.020418
v -0.083681 0.178495 -0.018748
v -0.051765 0.167138 -0.016194
v -0.017000 0.162027 -0.015063
v -0.003907 0.149250 -0.014088
v 0.011844 0.141541 -0.014173
v 0.027645 0.133394 -0.014421
v 0.058538 0.118649 -0.009580
v 0.075259 0.116345 -0.009171
v 0.091557 0.109192 -0.006357
v 0.105137 0.096289 -0.005413
v 0.103463 0.091282 -0.004667
v -0.066422 0.174850 -0.018115
v -0.014940 0.166962 -0.015296
v -0.001994 0.154301 -0.014431
v 0.013925 0.146496 -0.014333
v 0.029924 0.138743 -0.012738
v 0.045746 0.130958 -0.010088
v 0.060566 0.123414 -0.009737
v 0.077350 0.120783 -0.009513
v 0.093337 0.113701 -0.007023
v 0.106894 0.101187 -0.006285
v -0.012937 0.171829 -0.015683
v -0.000037 0.159323 -0.014800
v 0.016017 0.151498 -0.014439
v 0.031901 0.143895 -0.011535
v 0.047562 0.135931 -0.010391
v 0.062514 0.128180 -0.010050
v 0.079446 0.125472 -0.010067
v 0.095173 0.118260 -0.008073
v 0.108811 0.106132 -0.006761
v 0.124781 0.098333 -0.005763
v -0.010996 0.176762 -0.015810
v 0.001939 0.164352 -0.014928
v 0.018068 0.156499 -0.014437
v 0.033674 0.148807 -0.011934
v 0.049355 0.140850 -0.010885
v 0.064458 0.132950 -0.010559
v 0.081539 0.130228 -0.010616
v 0.097053 0.122932 -0.009016
v 0.110828 0.111076 -0.006731
v 0.126732 0.103292 -0.005952
v 0.003907 0.169339 -0.014827
v 0.020030 0.161515 -0.014387
v 0.035487 0.153719 -0.012687
v 0.051207 0.145711 -0.011591
v 0.083589 0.134991 -0.011231
v 0.098976 0.127630 -0.009832
v 0.112781 0.115759 -0.007455
v 0.128617 0.108211 -0.006198
v 0.005856 0.174158 -0.015377
v 0.021933 0.166390 -0.014830
v 0.037327 0.158560 -0.013547
v 0.053040 0.150614 -0.012378
v 0.100872 0.132300 -0.010685
v 0.114633 0.120422 -0.008394
v 0.023793 0.171123 -0.015709
v 0.039150 0.163410 -0.014428
v 0.054887 0.155550 -0.013291
v 0.116453 0.125142 -0.009269
v 0.025647 0.175829 -0.016658
v 0.041024 0.168238 -0.015335
v 0.056761 0.160462 -0.014400
v 0.043020 0.172971 -0.016409
v 0.058525 0.165394 -0.015484
vt 0.357210 0.118148
vt 0.324974 0.132821
vt 0.360194 0.128514
vt 0.353890 0.107471
vt 0.388890 0.102376
vt 0.385644 0.092864
vt 0.417606 0.087534
vt 0.328166 0.143020
vt 0.363069 0.139281
vt 0.392093 0.112631
vt 0.420987 0.097358
vt 0.424476 0.107438
vt 0.301566 0.170794
vt 0.271097 0.189862
vt 0.306132 0.183042
vt 0.331937 0.153745
vt 0.335833 0.165535
vt 0.366583 0.150152
vt 0.395437 0.123284
vt 0.427973 0.117854
vt 0.276173 0.202987
vt 0.339882 0.177416
vt 0.370326 0.161282
vt 0.398641 0.133483
vt 0.431720 0.128535
vt 0.311484 0.196817
vt 0.344049 0.189236
vt 0.374039 0.172569
vt 0.401868 0.144014
vt 0.434863 0.138655
vt 0.282403 0.216126
vt 0.316876 0.210037
vt 0.348243 0.201035
vt 0.377928 0.183243
vt 0.405298 0.154286
vt 0.437929 0.148686
vt 0.289144 0.229164
vt 0.352666 0.212482
vt 0.381827 0.193813
vt 0.408757 0.165344
vt 0.441142 0.159095
vt 0.466074 0.132498
vt 0.322205 0.222288
vt 0.357192 0.223867
vt 0.385876 0.204197
vt 0.412323 0.176233
vt 0.444188 0.169514
vt 0.469057 0.142627
vt 0.294589 0.240679
vt 0.327605 0.234582
vt 0.362017 0.236587
vt 0.389886 0.214211
vt 0.415990 0.186876
vt 0.447558 0.180393
vt 0.472148 0.152925
vt 0.259430 0.257855
vt 0.263166 0.266960
vt 0.300521 0.252857
vt 0.332988 0.246696
vt 0.337596 0.257468
vt 0.393685 0.227501
vt 0.419733 0.197329
vt 0.451067 0.191212
vt 0.475262 0.163637
vt 0.504946 0.144793
vt 0.305774 0.263970
vt 0.310030 0.273746
vt 0.366639 0.249808
vt 0.371208 0.261391
vt 0.427872 0.217800
vt 0.423663 0.207541
vt 0.454651 0.202035
vt 0.478466 0.174769
vt 0.508494 0.154773
vt 0.511992 0.166212
vt 0.305635 0.285734
vt 0.308660 0.293278
vt 0.313540 0.282672
vt 0.341644 0.267785
vt 0.345943 0.277915
vt 0.406008 0.254652
vt 0.435060 0.243593
vt 0.458512 0.211633
vt 0.482262 0.186214
vt 0.515809 0.178050
vt 0.267170 0.275990
vt 0.271045 0.284949
vt 0.324048 0.308686
vt 0.356309 0.304617
vt 0.376179 0.272082
vt 0.467854 0.242590
vt 0.462587 0.222660
vt 0.486056 0.197727
vt 0.519778 0.189604
vt 0.274975 0.294114
vt 0.292351 0.331881
vt 0.328951 0.318072
vt 0.353561 0.296762
vt 0.380819 0.281500
vt 0.411743 0.277329
vt 0.445758 0.279314
vt 0.498088 0.231615
vt 0.490071 0.209028
vt 0.523759 0.200851
vt 0.278884 0.303197
vt 0.282852 0.312147
vt 0.287420 0.321659
vt 0.360062 0.313236
vt 0.388026 0.298966
vt 0.415550 0.284574
vt 0.419093 0.292038
vt 0.471608 0.255404
vt 0.501873 0.243223
vt 0.494130 0.220186
vt 0.527736 0.211883
vt 0.248164 0.307211
vt 0.251710 0.316424
vt 0.255202 0.325580
vt 0.258720 0.334704
vt 0.263159 0.345421
vt 0.332823 0.327100
vt 0.391600 0.307825
vt 0.422507 0.300700
vt 0.449435 0.286436
vt 0.475447 0.266017
vt 0.505577 0.254244
vt 0.535461 0.233789
vt 0.531658 0.222779
vt 0.296417 0.341371
vt 0.336631 0.336550
vt 0.364396 0.323200
vt 0.395732 0.317978
vt 0.452788 0.294132
vt 0.487471 0.299136
vt 0.509184 0.264965
vt 0.539171 0.244197
vt 0.568360 0.225309
vt 0.565156 0.214128
vt 0.267804 0.356767
vt 0.300045 0.350530
vt 0.340981 0.346704
vt 0.368857 0.333197
vt 0.426197 0.310729
vt 0.456281 0.302446
vt 0.491517 0.306803
vt 0.512996 0.274470
vt 0.542621 0.254645
vt 0.571478 0.236331
vt 0.600460 0.221620
vt 0.202567 0.375246
vt 0.168551 0.379624
vt 0.172091 0.389669
vt 0.237589 0.370620
vt 0.271517 0.366288
vt 0.303733 0.361009
vt 0.345441 0.356378
vt 0.399981 0.328051
vt 0.430115 0.320934
vt 0.459972 0.313011
vt 0.495047 0.316142
vt 0.516812 0.283441
vt 0.545983 0.264615
vt 0.574597 0.247303
vt 0.603480 0.232612
vt 0.139055 0.396466
vt 0.142154 0.406347
vt 0.206496 0.385566
vt 0.241341 0.380719
vt 0.275149 0.375719
vt 0.307366 0.371110
vt 0.373314 0.342820
vt 0.404092 0.337605
vt 0.434224 0.330370
vt 0.463762 0.323396
vt 0.475529 0.349648
vt 0.524365 0.300635
vt 0.520561 0.292007
vt 0.549343 0.274082
vt 0.577590 0.258031
vt 0.176050 0.400491
vt 0.209993 0.395536
vt 0.213319 0.405766
vt 0.245454 0.391275
vt 0.279603 0.386222
vt 0.349482 0.366515
vt 0.377589 0.352242
vt 0.407848 0.346537
vt 0.438073 0.339518
vt 0.472083 0.342268
vt 0.499125 0.325277
vt 0.528151 0.309612
vt 0.552613 0.283331
vt 0.580630 0.268201
vt 0.609747 0.253739
vt 0.606574 0.243311
vt 0.112646 0.423384
vt 0.145632 0.416976
vt 0.179384 0.411156
vt 0.182490 0.421607
vt 0.216258 0.416048
vt 0.250485 0.401675
vt 0.311317 0.381325
vt 0.380483 0.365326
vt 0.381284 0.360985
vt 0.415836 0.371746
vt 0.411568 0.355007
vt 0.467743 0.333554
vt 0.441424 0.348223
vt 0.451990 0.371534
vt 0.503006 0.333969
vt 0.531813 0.318990
vt 0.555962 0.292531
vt 0.583824 0.277851
vt 0.613042 0.263889
vt 0.084279 0.440285
vt 0.115456 0.433212
vt 0.148968 0.427589
vt 0.152093 0.437855
vt 0.185814 0.431918
vt 0.218996 0.425908
vt 0.284467 0.397147
vt 0.315607 0.391712
vt 0.417979 0.377914
vt 0.478841 0.357402
vt 0.506806 0.342764
vt 0.535410 0.327849
vt 0.559424 0.301390
vt 0.587143 0.287467
vt 0.616787 0.273060
vt 0.118440 0.443004
vt 0.121236 0.452719
vt 0.155046 0.447836
vt 0.189180 0.442084
vt 0.256206 0.412342
vt 0.288869 0.407559
vt 0.319846 0.402320
vt 0.350678 0.389025
vt 0.352849 0.376606
vt 0.482009 0.365786
vt 0.510487 0.350769
vt 0.539031 0.336486
vt 0.562908 0.310861
vt 0.590938 0.296772
vt 0.620531 0.281915
vt 0.124114 0.462640
vt 0.158197 0.457858
vt 0.192513 0.452016
vt 0.223123 0.435844
vt 0.260828 0.423172
vt 0.292954 0.417733
vt 0.353450 0.397356
vt 0.385255 0.382029
vt 0.355449 0.386710
vt 0.382349 0.374113
vt 0.454111 0.379463
vt 0.485413 0.374278
vt 0.514048 0.359053
vt 0.542661 0.345170
vt 0.566597 0.320093
vt 0.595002 0.305964
vt 0.623915 0.290798
vt 0.650016 0.265920
vt 0.127082 0.472656
vt 0.161741 0.467742
vt 0.195610 0.461643
vt 0.264793 0.433609
vt 0.296839 0.427799
vt 0.323791 0.412148
vt 0.356717 0.405272
vt 0.387934 0.390404
vt 0.390931 0.399158
vt 0.429476 0.404718
vt 0.457080 0.388531
vt 0.517584 0.367764
vt 0.546177 0.354207
vt 0.570237 0.329404
vt 0.598833 0.315106
vt 0.626605 0.299718
vt 0.653074 0.274343
vt 0.654236 0.283936
vt 0.095997 0.478155
vt 0.098958 0.488373
vt 0.130335 0.482716
vt 0.165358 0.477696
vt 0.199474 0.471068
vt 0.235040 0.449055
vt 0.268638 0.443610
vt 0.327598 0.421965
vt 0.331465 0.431383
vt 0.358909 0.413165
vt 0.460315 0.397968
vt 0.488720 0.382724
vt 0.521186 0.376561
vt 0.549812 0.363597
vt 0.573611 0.339100
vt 0.602360 0.324365
vt 0.628571 0.311295
vt 0.664912 0.319204
vt 0.102090 0.499144
vt 0.133960 0.493069
vt 0.168853 0.487610
vt 0.172426 0.497873
vt 0.239750 0.459180
vt 0.272250 0.453438
vt 0.300576 0.437637
vt 0.304168 0.447426
vt 0.335307 0.440852
vt 0.433496 0.413340
vt 0.492145 0.391891
vt 0.524892 0.385910
vt 0.553376 0.373092
vt 0.577238 0.348963
vt 0.605477 0.334583
vt 0.637773 0.332605
vt 0.668442 0.327157
vt 0.688397 0.275999
vt 0.697727 0.323234
vt 0.105113 0.509778
vt 0.137936 0.503937
vt 0.141932 0.514170
vt 0.175941 0.508240
vt 0.213494 0.483985
vt 0.243393 0.468564
vt 0.275729 0.462984
vt 0.307534 0.456902
vt 0.338837 0.449913
vt 0.463680 0.407088
vt 0.495705 0.400966
vt 0.529017 0.395853
vt 0.556824 0.382304
vt 0.581069 0.358923
vt 0.612615 0.355905
vt 0.640781 0.341301
vt 0.671832 0.335998
vt 0.701885 0.331111
vt 0.108435 0.520033
vt 0.112018 0.530131
vt 0.145777 0.524306
vt 0.221748 0.503441
vt 0.246882 0.477998
vt 0.278982 0.472529
vt 0.310824 0.466333
vt 0.342420 0.458789
vt 0.467098 0.416397
vt 0.499257 0.410150
vt 0.532821 0.405029
vt 0.560259 0.392157
vt 0.584822 0.369398
vt 0.615971 0.365005
vt 0.643903 0.350720
vt 0.674703 0.345391
vt 0.704935 0.339552
vt 0.740292 0.310534
vt 0.179401 0.518390
vt 0.225049 0.512907
vt 0.218400 0.493876
vt 0.250300 0.487539
vt 0.282149 0.482110
vt 0.314149 0.475813
vt 0.317423 0.485568
vt 0.470753 0.425813
vt 0.503561 0.421809
vt 0.536267 0.414854
vt 0.563966 0.401326
vt 0.588780 0.379060
vt 0.592294 0.388644
vt 0.646888 0.360484
vt 0.677700 0.354811
vt 0.707652 0.348672
vt 0.746600 0.341874
vt 0.744006 0.319387
vt 0.115499 0.540487
vt 0.149516 0.534333
vt 0.182823 0.528186
vt 0.186888 0.538176
vt 0.253782 0.497304
vt 0.285486 0.491910
vt 0.288916 0.501810
vt 0.320716 0.495317
vt 0.474503 0.435541
vt 0.507199 0.432076
vt 0.539702 0.426528
vt 0.567666 0.410332
vt 0.595568 0.397742
vt 0.619137 0.374885
vt 0.649758 0.370258
vt 0.680633 0.364321
vt 0.710826 0.358027
vt 0.746291 0.353254
vt 0.747688 0.328134
vt 0.772618 0.305975
vt 0.119102 0.550594
vt 0.153178 0.544349
vt 0.156866 0.554411
vt 0.228583 0.522418
vt 0.257290 0.507064
vt 0.260813 0.516657
vt 0.292409 0.511433
vt 0.542433 0.438334
vt 0.571434 0.419051
vt 0.599076 0.406451
vt 0.622778 0.384705
vt 0.626204 0.394088
vt 0.652879 0.379968
vt 0.683659 0.374231
vt 0.748536 0.362447
vt 0.777774 0.347621
vt 0.775421 0.314790
vt 0.123045 0.560589
vt 0.160523 0.564479
vt 0.192929 0.548373
vt 0.232194 0.532061
vt 0.264289 0.526176
vt 0.324397 0.505167
vt 0.511824 0.448434
vt 0.575317 0.426931
vt 0.602617 0.414701
vt 0.635066 0.412511
vt 0.629766 0.403647
vt 0.660015 0.399286
vt 0.656144 0.389265
vt 0.664042 0.408577
vt 0.687134 0.383955
vt 0.714034 0.369354
vt 0.781131 0.357114
vt 0.783241 0.331100
vt 0.778810 0.322388
vt 0.126841 0.570661
vt 0.164378 0.574348
vt 0.235938 0.541535
vt 0.267840 0.535661
vt 0.295996 0.520781
vt 0.328232 0.514494
vt 0.545703 0.447944
vt 0.576862 0.442510
vt 0.606070 0.422309
vt 0.639591 0.420531
vt 0.690229 0.393114
vt 0.750075 0.372716
vt 0.784106 0.366876
vt 0.130692 0.580707
vt 0.205157 0.578603
vt 0.205374 0.555598
vt 0.239840 0.550880
vt 0.299762 0.530189
vt 0.332442 0.523811
vt 0.515443 0.457614
vt 0.579480 0.452562
vt 0.607875 0.436780
vt 0.643949 0.428896
vt 0.667468 0.416782
vt 0.693461 0.402318
vt 0.716774 0.379252
vt 0.752361 0.382437
vt 0.134639 0.590950
vt 0.168329 0.584268
vt 0.207442 0.588851
vt 0.209301 0.565477
vt 0.243749 0.560146
vt 0.271624 0.545143
vt 0.303582 0.539624
vt 0.336282 0.533153
vt 0.491808 0.478697
vt 0.518395 0.465209
vt 0.548829 0.458529
vt 0.609737 0.446069
vt 0.670865 0.425199
vt 0.696699 0.411661
vt 0.720117 0.388216
vt 0.722912 0.397482
vt 0.787314 0.376838
vt 0.172341 0.594411
vt 0.176419 0.604615
vt 0.247654 0.569449
vt 0.275501 0.554402
vt 0.307476 0.548954
vt 0.340222 0.542525
vt 0.488742 0.470337
vt 0.495132 0.487145
vt 0.521741 0.473383
vt 0.525171 0.481815
vt 0.582525 0.461118
vt 0.612474 0.455552
vt 0.648377 0.438181
vt 0.675118 0.433963
vt 0.755541 0.391583
vt 0.790578 0.386181
vt 0.211363 0.598821
vt 0.251514 0.578643
vt 0.279398 0.563690
vt 0.311416 0.558150
vt 0.344264 0.552090
vt 0.482502 0.453901
vt 0.468281 0.500767
vt 0.474596 0.519589
vt 0.498442 0.495732
vt 0.528630 0.490522
vt 0.554001 0.477366
vt 0.585483 0.470227
vt 0.652584 0.447104
vt 0.680159 0.442939
vt 0.700192 0.420745
vt 0.725781 0.406933
vt 0.759251 0.400927
vt 0.763400 0.409993
vt 0.180699 0.615153
vt 0.215952 0.608681
vt 0.255287 0.588211
vt 0.283321 0.572970
vt 0.315325 0.567418
vt 0.348160 0.561648
vt 0.485630 0.462345
vt 0.465250 0.492072
vt 0.441954 0.517606
vt 0.501731 0.504383
vt 0.504947 0.513205
vt 0.532132 0.499550
vt 0.557951 0.485600
vt 0.588483 0.479504
vt 0.615394 0.465281
vt 0.656506 0.455701
vt 0.703913 0.429596
vt 0.728961 0.415979
vt 0.732402 0.425080
vt 0.794955 0.395118
vt 0.259089 0.598152
vt 0.287233 0.582185
vt 0.319213 0.576724
vt 0.323031 0.586133
vt 0.383308 0.558059
vt 0.454973 0.466552
vt 0.458521 0.475311
vt 0.461921 0.483815
vt 0.438583 0.506284
vt 0.444143 0.526621
vt 0.508290 0.522647
vt 0.535503 0.508559
vt 0.561391 0.494161
vt 0.591607 0.488560
vt 0.618348 0.474502
vt 0.685664 0.451571
vt 0.707931 0.437981
vt 0.736419 0.433965
vt 0.767521 0.418956
vt 0.799174 0.404026
vt 0.220439 0.618751
vt 0.259632 0.623488
vt 0.262737 0.608294
vt 0.291034 0.591718
vt 0.294678 0.601568
vt 0.351886 0.571030
vt 0.355897 0.580017
vt 0.451498 0.458363
vt 0.435838 0.497169
vt 0.416146 0.529323
vt 0.418672 0.538179
vt 0.446798 0.534804
vt 0.478554 0.527817
vt 0.511533 0.531954
vt 0.538869 0.517303
vt 0.564666 0.503173
vt 0.621336 0.483596
vt 0.660374 0.464690
vt 0.711907 0.447179
vt 0.740714 0.442792
vt 0.772188 0.427883
vt 0.803824 0.413178
vt 0.193379 0.645639
vt 0.224580 0.628998
vt 0.262409 0.633539
vt 0.326711 0.595773
vt 0.330110 0.605698
vt 0.387635 0.566165
vt 0.448264 0.449927
vt 0.429863 0.480569
vt 0.432943 0.488793
vt 0.410632 0.511443
vt 0.413344 0.520080
vt 0.389210 0.544967
vt 0.418994 0.551586
vt 0.422137 0.559556
vt 0.449961 0.543412
vt 0.481541 0.536833
vt 0.484791 0.546216
vt 0.541979 0.526554
vt 0.568241 0.511807
vt 0.594734 0.497629
vt 0.624752 0.492738
vt 0.690942 0.460229
vt 0.716441 0.456389
vt 0.745240 0.451555
vt 0.777429 0.436838
vt 0.808445 0.422545
vt 0.228511 0.639024
vt 0.301099 0.635872
vt 0.298287 0.611721
vt 0.332199 0.618328
vt 0.361202 0.588849
vt 0.392224 0.574447
vt 0.444882 0.441043
vt 0.426733 0.472462
vt 0.402097 0.485904
vt 0.405190 0.494386
vt 0.407938 0.502906
vt 0.377751 0.508618
vt 0.380920 0.517137
vt 0.383878 0.525934
vt 0.386371 0.535484
vt 0.396648 0.583019
vt 0.426141 0.567707
vt 0.453428 0.552358
vt 0.488389 0.556068
vt 0.514942 0.541675
vt 0.544927 0.536392
vt 0.571711 0.520987
vt 0.597867 0.506696
vt 0.628414 0.501946
vt 0.664119 0.474692
vt 0.721014 0.465822
vt 0.750182 0.460468
vt 0.782157 0.446063
vt 0.786677 0.455482
vt 0.197404 0.655277
vt 0.232129 0.648870
vt 0.265958 0.642566
vt 0.269049 0.651664
vt 0.301109 0.621690
vt 0.333799 0.629357
vt 0.367521 0.598737
vt 0.400548 0.591937
vt 0.423599 0.464198
vt 0.398813 0.477531
vt 0.370657 0.491212
vt 0.374392 0.500058
vt 0.430372 0.576061
vt 0.456955 0.561262
vt 0.491499 0.565597
vt 0.518540 0.551298
vt 0.548479 0.546674
vt 0.574562 0.530002
vt 0.601104 0.515473
vt 0.632519 0.510794
vt 0.695462 0.469827
vt 0.725514 0.475378
vt 0.755450 0.469776
vt 0.760754 0.479733
vt 0.791025 0.464423
vt 0.304297 0.644812
vt 0.337104 0.638699
vt 0.371734 0.607949
vt 0.404258 0.601053
vt 0.420473 0.456037
vt 0.395460 0.468948
vt 0.366334 0.482635
vt 0.433891 0.584912
vt 0.460609 0.570325
vt 0.464506 0.579646
vt 0.577825 0.538738
vt 0.604287 0.524266
vt 0.668201 0.484616
vt 0.699855 0.479850
vt 0.734670 0.486074
vt 0.766687 0.488841
vt 0.272047 0.660535
vt 0.307835 0.653611
vt 0.341014 0.648094
vt 0.375783 0.617153
vt 0.413041 0.438356
vt 0.391789 0.460503
vt 0.361789 0.473978
vt 0.437035 0.593986
vt 0.467728 0.588579
vt 0.607463 0.533467
vt 0.637205 0.519405
vt 0.672064 0.494682
vt 0.704349 0.489883
vt 0.742337 0.495274
vt 0.277218 0.669609
vt 0.311443 0.663037
vt 0.344975 0.657569
vt 0.408195 0.610141
vt 0.441024 0.431789
vt 0.387948 0.451780
vt 0.383569 0.442856
vt 0.440403 0.603197
vt 0.444046 0.612766
vt 0.610669 0.542757
vt 0.640758 0.528384
vt 0.676065 0.504807
vt 0.708856 0.499873
vt 0.713255 0.509869
vt 0.781584 0.501033
vt 0.315145 0.672783
vt 0.348811 0.667177
vt 0.379828 0.626271
vt 0.408618 0.428582
vt 0.404490 0.418641
vt 0.379575 0.433369
vt 0.412662 0.619275
vt 0.447656 0.622742
vt 0.613677 0.552332
vt 0.617126 0.562313
vt 0.680346 0.514821
vt 0.684572 0.524645
vt 0.747136 0.505359
vt 0.751535 0.514859
vt 0.318855 0.682772
vt 0.352608 0.677017
vt 0.383754 0.635221
vt 0.433043 0.404527
vt 0.416879 0.628367
vt 0.420756 0.638617
vt 0.655090 0.539543
vt 0.688833 0.534449
vt 0.717630 0.519628
vt 0.721749 0.529344
vt 0.785642 0.510284
vt 0.322547 0.692704
vt 0.356313 0.686910
vt 0.417344 0.657892
vt 0.386491 0.672132
vt 0.419471 0.666789
vt 0.417172 0.447253
vt 0.429904 0.396101
vt 0.659302 0.548441
vt 0.693123 0.544332
vt 0.755571 0.524241
vt 0.759308 0.533807
vt 0.326284 0.702662
vt 0.359999 0.696842
vt 0.389997 0.681945
vt 0.393460 0.691709
vt 0.422737 0.676532
vt 0.451343 0.371428
vt 0.725861 0.539059
vt 0.729939 0.548806
vt 0.329994 0.712578
vt 0.363672 0.706728
vt 0.397022 0.701358
vt 0.425946 0.686376
vt 0.448163 0.651435
vt 0.451618 0.661268
vt 0.482024 0.644541
vt 0.415874 0.364119
vt 0.697356 0.554075
vt 0.701546 0.563810
vt 0.763151 0.543521
vt 0.333661 0.722307
vt 0.367389 0.716561
vt 0.400680 0.711054
vt 0.429232 0.696105
vt 0.455166 0.671022
vt 0.485726 0.654254
vt 0.514745 0.637754
vt 0.478300 0.634860
vt 0.733971 0.558617
vt 0.767092 0.553190
vt 0.337222 0.731998
vt 0.371123 0.726237
vt 0.404367 0.720810
vt 0.432659 0.705919
vt 0.458740 0.680794
vt 0.489375 0.664091
vt 0.518315 0.647407
vt 0.546200 0.631417
vt 0.511210 0.628067
vt 0.507670 0.618118
vt 0.474551 0.624843
vt 0.504202 0.608089
vt 0.445220 0.641361
vt 0.470753 0.614255
vt 0.448801 0.364096
vt 0.705783 0.573746
vt 0.738103 0.568481
vt 0.771198 0.562831
vt 0.374914 0.735951
vt 0.407975 0.730627
vt 0.436190 0.715786
vt 0.462439 0.690486
vt 0.492975 0.674004
vt 0.521974 0.657206
vt 0.549910 0.641215
vt 0.542710 0.621700
vt 0.539308 0.612010
vt 0.535883 0.602307
vt 0.532542 0.592463
vt 0.500711 0.597970
vt 0.467032 0.603424
vt 0.710028 0.583629
vt 0.742338 0.578473
vt 0.775410 0.572625
vt 0.340798 0.741688
vt 0.310085 0.757649
vt 0.344557 0.751297
vt 0.439809 0.725586
vt 0.466140 0.700170
vt 0.496519 0.684002
vt 0.525688 0.667178
vt 0.553745 0.651178
vt 0.575170 0.613612
vt 0.566936 0.595797
vt 0.564196 0.586596
vt 0.560899 0.577058
vt 0.528987 0.582706
vt 0.496939 0.587962
vt 0.714351 0.593595
vt 0.746659 0.588487
vt 0.276680 0.763005
vt 0.279751 0.773467
vt 0.313750 0.767167
vt 0.348457 0.760977
vt 0.378743 0.745762
vt 0.382532 0.755657
vt 0.411501 0.740447
vt 0.414991 0.750327
vt 0.443488 0.735462
vt 0.469835 0.709848
vt 0.499999 0.693810
vt 0.529548 0.677213
vt 0.557728 0.661146
vt 0.578396 0.622348
vt 0.572383 0.605075
vt 0.591842 0.570983
vt 0.588844 0.561694
vt 0.557630 0.567565
vt 0.525278 0.573515
vt 0.493056 0.578021
vt 0.718607 0.603696
vt 0.779626 0.582521
vt 0.750828 0.598614
vt 0.251266 0.789098
vt 0.282929 0.783527
vt 0.317534 0.776848
vt 0.352439 0.770710
vt 0.386343 0.765571
vt 0.418488 0.760360
vt 0.447117 0.745180
vt 0.473489 0.719418
vt 0.503532 0.703480
vt 0.533291 0.687152
vt 0.561722 0.671041
vt 0.590081 0.650250
vt 0.582073 0.631148
vt 0.596377 0.579414
vt 0.585456 0.551315
vt 0.554398 0.558083
vt 0.521777 0.563602
vt 0.722953 0.613790
vt 0.783913 0.592487
vt 0.254947 0.799237
vt 0.286578 0.793140
vt 0.321324 0.786662
vt 0.356368 0.780595
vt 0.390092 0.775347
vt 0.422018 0.770316
vt 0.450826 0.754806
vt 0.477151 0.729007
vt 0.507059 0.713139
vt 0.537099 0.696823
vt 0.565555 0.680922
vt 0.594026 0.660260
vt 0.616851 0.632144
vt 0.585981 0.640466
vt 0.755088 0.608719
vt 0.788247 0.602561
vt 0.258600 0.809191
vt 0.290679 0.802767
vt 0.325255 0.796706
vt 0.360279 0.790527
vt 0.393732 0.785274
vt 0.425595 0.780294
vt 0.454582 0.764430
vt 0.480831 0.738748
vt 0.510685 0.722783
vt 0.540806 0.706421
vt 0.569577 0.690718
vt 0.605241 0.695058
vt 0.597946 0.670115
vt 0.620378 0.641192
vt 0.613367 0.623339
vt 0.727098 0.623836
vt 0.759339 0.618744
vt 0.262350 0.819131
vt 0.294638 0.812891
vt 0.329016 0.806772
vt 0.364203 0.800228
vt 0.397288 0.795205
vt 0.429197 0.790249
vt 0.458343 0.774055
vt 0.484552 0.748447
vt 0.514350 0.732449
vt 0.544598 0.716062
vt 0.573744 0.700540
vt 0.609384 0.706515
vt 0.601972 0.680113
vt 0.630843 0.669658
vt 0.623845 0.650426
vt 0.730881 0.633900
vt 0.792512 0.612693
vt 0.763472 0.628623
vt 0.266269 0.828977
vt 0.297978 0.823943
vt 0.333002 0.816485
vt 0.368108 0.809847
vt 0.400799 0.804913
vt 0.432738 0.799852
vt 0.462146 0.783628
vt 0.488287 0.758158
vt 0.518070 0.742176
vt 0.548394 0.725733
vt 0.577951 0.710327
vt 0.613845 0.717688
vt 0.643508 0.703810
vt 0.638837 0.691556
vt 0.634625 0.680108
vt 0.627258 0.659919
vt 0.653709 0.644114
vt 0.665504 0.578610
vt 0.667630 0.586828
vt 0.670411 0.595663
vt 0.734769 0.643875
vt 0.240929 0.843815
vt 0.270358 0.838836
vt 0.301927 0.833996
vt 0.337223 0.826055
vt 0.372027 0.819565
vt 0.404294 0.814707
vt 0.436308 0.809361
vt 0.465914 0.793323
vt 0.492010 0.767983
vt 0.521736 0.751876
vt 0.552181 0.735488
vt 0.581990 0.719939
vt 0.586141 0.729652
vt 0.648951 0.716108
vt 0.674904 0.696415
vt 0.668947 0.684744
vt 0.664596 0.673439
vt 0.660761 0.663020
vt 0.657169 0.653436
vt 0.710039 0.670835
vt 0.767354 0.638409
vt 0.738581 0.653865
vt 0.244986 0.853351
vt 0.274736 0.848620
vt 0.306320 0.843440
vt 0.341472 0.836049
vt 0.375916 0.829236
vt 0.407722 0.824546
vt 0.439840 0.818929
vt 0.469662 0.803075
vt 0.495790 0.777745
vt 0.525501 0.761640
vt 0.556005 0.745325
vt 0.590592 0.739799
vt 0.618632 0.728088
vt 0.692553 0.650767
vt 0.687292 0.641175
vt 0.713709 0.680460
vt 0.771181 0.648268
vt 0.249066 0.862637
vt 0.279312 0.858205
vt 0.310855 0.853148
vt 0.345441 0.846304
vt 0.379791 0.838912
vt 0.411231 0.834333
vt 0.443454 0.828508
vt 0.499545 0.787585
vt 0.529368 0.771458
vt 0.559913 0.755290
vt 0.595250 0.750378
vt 0.655860 0.734167
vt 0.742383 0.663942
vt 0.775120 0.658309
vt 0.283888 0.867531
vt 0.315297 0.862770
vt 0.349421 0.856114
vt 0.383469 0.848669
vt 0.414804 0.844039
vt 0.473452 0.812882
vt 0.503312 0.797585
vt 0.533322 0.781420
vt 0.563777 0.765257
vt 0.623264 0.737532
vt 0.627644 0.746883
vt 0.690364 0.718568
vt 0.746204 0.674197
vt 0.779157 0.668608
vt 0.253321 0.871889
vt 0.288476 0.876691
vt 0.319609 0.872281
vt 0.353447 0.865767
vt 0.386959 0.858560
vt 0.477337 0.822933
vt 0.506999 0.807579
vt 0.537245 0.791716
vt 0.567691 0.775138
vt 0.599549 0.760945
vt 0.603447 0.771319
vt 0.660264 0.743315
vt 0.693344 0.727892
vt 0.716819 0.690689
vt 0.323863 0.881509
vt 0.357318 0.875658
vt 0.418445 0.853468
vt 0.481388 0.833165
vt 0.510704 0.817699
vt 0.541136 0.801952
vt 0.571650 0.785271
vt 0.631864 0.756373
vt 0.664375 0.751749
vt 0.696514 0.737712
vt 0.723144 0.711379
vt 0.750017 0.684567
vt 0.720030 0.701217
vt 0.292879 0.885724
vt 0.390430 0.868482
vt 0.485439 0.843437
vt 0.514402 0.827893
vt 0.545152 0.812009
vt 0.576148 0.796650
vt 0.606993 0.781454
vt 0.635782 0.766095
vt 0.668384 0.760761
vt 0.699860 0.746825
vt 0.726389 0.721276
vt 0.489422 0.853413
vt 0.518182 0.838013
vt 0.549190 0.822176
vt 0.580047 0.807522
vt 0.610488 0.791553
vt 0.639524 0.775776
vt 0.672368 0.770227
vt 0.703240 0.755937
vt 0.730023 0.731337
vt 0.761343 0.715514
vt 0.493297 0.863193
vt 0.521997 0.848219
vt 0.553151 0.832372
vt 0.583456 0.817445
vt 0.613918 0.801481
vt 0.643232 0.785406
vt 0.676342 0.779820
vt 0.706719 0.765287
vt 0.733954 0.741500
vt 0.765097 0.725672
vt 0.525797 0.858416
vt 0.556943 0.842615
vt 0.586915 0.827250
vt 0.617438 0.811218
vt 0.710298 0.774706
vt 0.737599 0.750951
vt 0.768708 0.735731
vt 0.497044 0.873192
vt 0.529553 0.868043
vt 0.560600 0.852405
vt 0.590413 0.836860
vt 0.620908 0.821002
vt 0.680218 0.789399
vt 0.713812 0.784042
vt 0.740994 0.760294
vt 0.564151 0.861746
vt 0.593871 0.846465
vt 0.624387 0.830799
vt 0.744335 0.769753
vt 0.567681 0.870990
vt 0.597419 0.855999
vt 0.627890 0.840464
vt 0.601183 0.865264
vt 0.631175 0.850156
vn -0.0374 0.0122 -0.9992
vn -0.0373 0.0542 -0.9978
vn -0.0368 0.0268 -0.9990
vn -0.0393 0.0062 -0.9992
vn -0.0163 0.0255 -0.9995
vn -0.0065 0.0379 -0.9992
vn -0.0470 0.0020 -0.9989
vn -0.0435 -0.0162 -0.9989
vn -0.0184 0.0167 -0.9997
vn -0.0038 0.0244 -0.9997
vn -0.0059 0.0132 -0.9999
vn -0.0842 -0.3072 -0.9479
vn -0.0915 -0.3961 -0.9136
vn -0.0938 -0.3919 -0.9152
vn -0.0645 -0.1316 -0.9892
vn -0.0614 -0.2058 -0.9766
vn -0.0450 -0.0994 -0.9940
vn -0.0171 0.0218 -0.9996
vn -0.0183 -0.0066 -0.9998
vn -0.1172 -0.4569 -0.8817
vn -0.0322 -0.2780 -0.9600
vn -0.0331 -0.1522 -0.9878
vn -0.0209 0.0046 -0.9998
vn -0.0250 -0.0066 -0.9997
vn -0.0733 -0.4805 -0.8739
vn -0.0012 -0.3270 -0.9450
vn -0.0146 -0.1912 -0.9814
vn -0.0210 -0.0422 -0.9989
vn -0.0148 -0.0176 -0.9997
vn -0.1365 -0.5167 -0.8452
vn -0.0308 -0.5235 -0.8515
vn 0.0221 -0.4060 -0.9136
vn 0.0093 -0.2291 -0.9733
vn -0.0122 -0.0849 -0.9963
vn -0.0152 -0.0483 -0.9987
vn -0.1230 -0.5394 -0.8330
vn 0.0519 -0.4708 -0.8807
vn 0.0319 -0.2812 -0.9591
vn 0.0002 -0.1147 -0.9934
vn -0.0181 -0.0831 -0.9964
vn -0.0207 -0.0441 -0.9988
vn -0.0055 -0.5414 -0.8407
vn 0.0597 -0.5484 -0.8341
vn 0.0469 -0.3536 -0.9342
vn 0.0077 -0.1525 -0.9883
vn -0.0161 -0.1209 -0.9925
vn -0.0210 -0.0499 -0.9985
vn -0.3779 -0.3952 -0.8372
vn 0.0004 -0.5614 -0.8275
vn 0.0203 -0.5964 -0.8024
vn 0.0216 -0.5293 -0.8481
vn 0.0112 -0.2026 -0.9792
vn -0.0069 -0.1507 -0.9886
vn 0.0389 -0.0689 -0.9969
vn -0.5813 0.2467 -0.7754
vn -0.6218 0.1912 -0.7595
vn -0.5101 -0.3089 -0.8026
vn 0.0192 -0.5233 -0.8519
vn 0.0271 -0.4261 -0.9042
vn -0.1339 -0.7407 -0.6583
vn 0.0130 -0.2782 -0.9604
vn 0.0005 -0.1860 -0.9825
vn 0.0718 -0.1030 -0.9921
vn 0.1455 -0.0970 -0.9846
vn -0.6579 -0.0985 -0.7466
vn -0.5984 0.0463 -0.7999
vn 0.0109 -0.5434 -0.8394
vn -0.1346 -0.4335 -0.8910
vn 0.0302 -0.6995 -0.7139
vn 0.0069 -0.4104 -0.9119
vn 0.0062 -0.2586 -0.9660
vn 0.0671 -0.1740 -0.9824
vn 0.1618 -0.1360 -0.9774
vn 0.1410 -0.2092 -0.9676
vn -0.3366 0.3885 -0.8578
vn -0.6753 0.1426 -0.7236
vn -0.5724 0.2142 -0.7915
vn -0.0115 -0.3713 -0.9284
vn -0.0378 -0.1487 -0.9882
vn -0.1077 0.3749 -0.9208
vn 0.3683 -0.2070 -0.9064
vn -0.0099 -0.3934 -0.9193
vn 0.0361 -0.2600 -0.9649
vn 0.1060 -0.3117 -0.9442
vn -0.3445 0.0813 -0.9352
vn -0.3455 0.0586 -0.9366
vn -0.5242 0.0329 -0.8509
vn -0.0088 0.0401 -0.9991
vn 0.0203 -0.3498 -0.9366
vn 0.1360 -0.6287 -0.7656
vn 0.0244 -0.6556 -0.7547
vn 0.0052 -0.3186 -0.9479
vn 0.0963 -0.3487 -0.9322
vn -0.2923 0.0502 -0.9550
vn -0.2689 -0.0215 -0.9629
vn -0.0765 -0.3111 -0.9473
vn -0.4024 0.4234 -0.8116
vn -0.0185 -0.0887 -0.9959
vn 0.1457 0.3421 -0.9283
vn 0.1865 0.3450 -0.9199
vn 0.1527 -0.4951 -0.8553
vn 0.0081 -0.3656 -0.9307
vn 0.1119 -0.3482 -0.9307
vn -0.1981 -0.0071 -0.9801
vn -0.1927 -0.0124 -0.9812
vn -0.1828 0.0033 -0.9831
vn -0.0400 -0.2652 -0.9633
vn 0.1004 0.0384 -0.9942
vn 0.1991 0.2445 -0.9490
vn 0.2086 0.1282 -0.9695
vn -0.1475 -0.4653 -0.8727
vn 0.2758 -0.4875 -0.8284
vn 0.0279 -0.3912 -0.9199
vn 0.1455 -0.3429 -0.9280
vn -0.1338 -0.0012 -0.9910
vn -0.1394 -0.0049 -0.9902
vn -0.1472 -0.0103 -0.9890
vn -0.1536 -0.0397 -0.9873
vn -0.1259 -0.0584 -0.9903
vn -0.0198 -0.2221 -0.9748
vn 0.0438 -0.3340 -0.9415
vn 0.1837 -0.2644 -0.9467
vn 0.0881 0.2807 -0.9557
vn -0.0201 -0.0488 -0.9986
vn 0.3386 -0.4347 -0.8345
vn 0.1601 -0.3036 -0.9392
vn 0.1575 -0.3078 -0.9383
vn -0.0544 0.0676 -0.9962
vn -0.0919 -0.2694 -0.9586
vn -0.1294 -0.4338 -0.8917
vn 0.0193 -0.4956 -0.8683
vn 0.1056 0.0085 -0.9944
vn 0.0652 0.2416 -0.9682
vn 0.3096 -0.1962 -0.9304
vn 0.1855 -0.2802 -0.9418
vn 0.0100 -0.2876 -0.9577
vn 0.0973 -0.3126 -0.9449
vn -0.0545 0.0501 -0.9972
vn -0.0278 0.0766 -0.9966
vn -0.2073 -0.3404 -0.9171
vn -0.1699 -0.4707 -0.8657
vn 0.1569 -0.5058 -0.8482
vn 0.1290 -0.2901 -0.9482
vn 0.0711 0.0077 -0.9974
vn 0.1357 -0.1085 -0.9848
vn 0.2072 -0.2349 -0.9497
vn -0.0447 -0.2596 -0.9647
vn -0.1732 -0.2301 -0.9576
vn -0.1100 0.0365 -0.9933
vn -0.0917 -0.0030 -0.9958
vn -0.0963 -0.0145 -0.9952
vn -0.0890 0.0112 -0.9959
vn -0.0432 0.0525 -0.9977
vn -0.0391 0.0364 -0.9986
vn -0.2688 -0.3637 -0.8919
vn 0.0442 -0.4753 -0.8787
vn 0.1646 -0.5000 -0.8502
vn 0.1866 -0.4712 -0.8620
vn 0.0976 -0.0376 -0.9945
vn 0.2008 0.0109 -0.9796
vn 0.2051 -0.1677 -0.9642
vn -0.0594 -0.2309 -0.9711
vn -0.1820 -0.2099 -0.9606
vn -0.0513 0.0113 -0.9986
vn -0.0497 0.0100 -0.9987
vn -0.0964 0.0628 -0.9933
vn -0.1103 -0.0172 -0.9937
vn -0.0692 -0.0811 -0.9943
vn -0.0224 -0.0353 -0.9991
vn 0.0221 -0.0671 -0.9975
vn 0.0945 -0.3914 -0.9153
vn 0.2335 -0.3313 -0.9142
vn 0.3460 -0.4006 -0.8484
vn 0.4014 0.4104 -0.8188
vn 0.1860 0.0254 -0.9822
vn 0.2010 0.0593 -0.9778
vn 0.1809 -0.1099 -0.9773
vn -0.0772 -0.1929 -0.9781
vn -0.0788 0.0224 -0.9966
vn -0.0837 0.0950 -0.9919
vn -0.1015 0.1072 -0.9890
vn -0.1791 -0.0961 -0.9791
vn -0.0850 -0.2194 -0.9719
vn -0.0091 -0.0486 -0.9987
vn -0.0146 -0.2947 -0.9555
vn 0.1503 0.1479 -0.9775
vn 0.0250 -0.2449 -0.9692
vn 0.8258 0.0993 -0.5551
vn 0.0826 0.0727 -0.9939
vn 0.1823 -0.0128 -0.9832
vn 0.1937 -0.0302 -0.9806
vn -0.0879 -0.1306 -0.9875
vn -0.1561 -0.1110 -0.9815
vn -0.1789 -0.1674 -0.9695
vn 0.0136 0.0407 -0.9991
vn -0.0421 0.0207 -0.9989
vn -0.0397 0.1094 -0.9932
vn -0.0284 0.1179 -0.9926
vn -0.1512 0.0977 -0.9836
vn -0.2514 -0.1758 -0.9518
vn -0.0260 -0.1051 -0.9941
vn -0.0972 0.6402 -0.7620
vn -0.0244 -0.1869 -0.9821
vn -0.0432 0.7499 -0.6601
vn 0.3625 0.2288 -0.9034
vn 0.6499 -0.3627 -0.6679
vn 0.0299 0.2533 -0.9669
vn 0.2304 0.5675 -0.7904
vn 0.1596 0.2482 -0.9554
vn 0.2194 0.0853 -0.9719
vn 0.1850 0.0085 -0.9827
vn -0.0962 -0.0686 -0.9930
vn -0.1007 -0.0078 -0.9949
vn 0.0463 0.0358 -0.9983
vn 0.0049 0.0589 -0.9982
vn -0.0288 0.0437 -0.9986
vn -0.0077 0.1061 -0.9943
vn -0.0464 0.0830 -0.9955
vn -0.2444 0.0092 -0.9696
vn -0.0520 -0.2417 -0.9689
vn -0.0542 -0.1389 -0.9888
vn 0.0826 0.6155 -0.7838
vn 0.1862 0.3814 -0.9054
vn 0.1760 0.3440 -0.9223
vn 0.2789 0.2623 -0.9238
vn 0.1535 0.0381 -0.9874
vn -0.0726 -0.0050 -0.9973
vn -0.0315 0.0533 -0.9981
vn -0.0223 0.1087 -0.9938
vn -0.0157 0.1545 -0.9879
vn 0.0006 0.1723 -0.9850
vn -0.0708 0.0760 -0.9946
vn -0.2678 -0.1960 -0.9433
vn -0.0086 -0.1895 -0.9818
vn -0.0190 -0.1922 -0.9811
vn -0.1460 0.2956 -0.9441
vn -0.1310 -0.1125 -0.9850
vn 0.1270 0.3093 -0.9424
vn 0.1607 0.3016 -0.9398
vn 0.2298 0.2657 -0.9362
vn 0.1039 0.0514 -0.9933
vn -0.0523 0.0489 -0.9974
vn -0.0162 0.0437 -0.9989
vn 0.0437 0.1770 -0.9832
vn -0.0247 0.1598 -0.9868
vn -0.1296 0.0410 -0.9907
vn -0.4128 -0.1978 -0.8891
vn -0.2439 -0.1527 -0.9577
vn 0.0184 -0.1394 -0.9901
vn -0.1243 0.1446 -0.9816
vn -0.2206 0.2694 -0.9374
vn -0.0777 -0.0100 -0.9969
vn -0.1854 0.3643 -0.9126
vn 0.1742 0.2899 -0.9410
vn 0.0976 0.2569 -0.9615
vn 0.1339 0.2445 -0.9603
vn 0.1083 0.1538 -0.9821
vn 0.0235 0.0129 -0.9996
vn -0.0654 0.0491 -0.9966
vn -0.0695 -0.0163 -0.9974
vn 0.0060 0.0559 -0.9984
vn 0.0662 0.1489 -0.9866
vn -0.0670 0.1091 -0.9918
vn -0.1829 -0.0011 -0.9831
vn -0.1545 -0.1604 -0.9749
vn 0.0444 -0.0957 -0.9944
vn 0.0063 -0.1084 -0.9941
vn -0.1674 -0.0907 -0.9817
vn -0.2287 0.2388 -0.9437
vn -0.2319 0.1831 -0.9554
vn 0.0790 0.1551 -0.9847
vn 0.1603 0.1205 -0.9797
vn 0.1043 0.2158 -0.9708
vn -0.0371 0.0403 -0.9985
vn -0.0659 -0.0787 -0.9947
vn -0.1044 -0.0232 -0.9943
vn -0.2493 -0.2387 -0.9385
vn -0.1690 -0.2671 -0.9487
vn -0.1930 -0.3007 -0.9340
vn 0.1321 0.0761 -0.9883
vn 0.1385 0.0657 -0.9882
vn 0.0462 0.0972 -0.9942
vn -0.1024 0.0829 -0.9913
vn -0.4369 -0.1795 -0.8814
vn -0.4291 -0.3135 -0.8471
vn -0.0377 -0.0805 -0.9960
vn 0.0295 -0.0624 -0.9976
vn 0.0105 -0.0386 -0.9992
vn -0.2274 -0.2485 -0.9416
vn 0.1470 0.0472 -0.9880
vn 0.0974 0.2117 -0.9724
vn 0.0478 0.1777 -0.9829
vn -0.1433 0.0003 -0.9897
vn -0.1541 -0.1784 -0.9718
vn -0.2456 -0.1953 -0.9495
vn -0.3063 -0.2920 -0.9060
vn -0.1023 -0.0508 -0.9934
vn 0.1384 0.0690 -0.9879
vn 0.0180 0.0475 -0.9987
vn -0.1171 0.0778 -0.9901
vn -0.1233 0.0595 -0.9906
vn -0.2725 -0.1380 -0.9522
vn 0.0132 -0.0110 -0.9998
vn 0.0627 -0.0573 -0.9964
vn 0.0710 -0.0220 -0.9972
vn 0.0201 0.0086 -0.9998
vn 0.1680 0.0166 -0.9856
vn 0.0985 0.1627 -0.9817
vn -0.0466 0.0436 -0.9980
vn -0.1844 0.0351 -0.9822
vn -0.2094 -0.1904 -0.9591
vn -0.2735 -0.2479 -0.9293
vn -0.1782 -0.0249 -0.9837
vn -0.0999 0.0997 -0.9900
vn -0.0786 -0.3122 -0.9467
vn 0.0682 0.0656 -0.9955
vn 0.1114 0.0531 -0.9923
vn -0.0061 0.0077 -0.9999
vn -0.0197 -0.0008 -0.9998
vn -0.2842 0.0370 -0.9580
vn -0.5091 -0.2219 -0.8316
vn -0.1147 0.0013 -0.9934
vn 0.0329 0.0271 -0.9991
vn 0.0737 -0.0003 -0.9973
vn 0.0552 -0.0051 -0.9984
vn 0.1507 0.0153 -0.9884
vn 0.0414 0.0025 -0.9991
vn -0.1023 -0.0974 -0.9900
vn -0.1832 0.0818 -0.9796
vn -0.2497 -0.1264 -0.9600
vn -0.1490 -0.0717 -0.9862
vn -0.1204 -0.0697 -0.9903
vn -0.1001 -0.0439 -0.9940
vn 0.1470 -0.0006 -0.9891
vn 0.0787 0.0394 -0.9961
vn 0.0622 0.0466 -0.9969
vn -0.0295 0.0173 -0.9994
vn -0.2962 0.1668 -0.9404
vn -0.0767 0.1024 -0.9918
vn 0.0370 0.0616 -0.9974
vn 0.0685 0.0130 -0.9976
vn 0.0785 -0.0146 -0.9968
vn 0.1310 -0.1824 -0.9745
vn -0.0745 -0.3922 -0.9168
vn -0.0657 -0.2248 -0.9722
vn -0.1608 0.1415 -0.9768
vn -0.2609 -0.0464 -0.9642
vn -0.1492 -0.0083 -0.9887
vn -0.1187 -0.1316 -0.9842
vn -0.0862 -0.1519 -0.9846
vn -0.0201 -0.0927 -0.9955
vn 0.2011 -0.0058 -0.9796
vn -0.3158 0.1001 -0.9435
vn -0.2594 0.1715 -0.9504
vn -0.6162 0.0864 -0.7828
vn -0.0247 0.0874 -0.9958
vn 0.0312 0.0743 -0.9967
vn 0.0655 0.0306 -0.9974
vn 0.0784 0.0498 -0.9957
vn 0.0622 -0.5357 -0.8421
vn -0.1489 -0.7242 -0.6732
vn 0.0272 -0.5895 -0.8072
vn -0.1431 0.1889 -0.9715
vn -0.2451 -0.0035 -0.9695
vn -0.1938 0.1768 -0.9650
vn -0.1257 -0.1493 -0.9807
vn -0.0844 -0.1839 -0.9793
vn -0.0574 -0.2856 -0.9566
vn -0.0284 -0.6484 -0.7607
vn 0.1572 -0.0847 -0.9839
vn 0.0211 0.0120 -0.9997
vn -0.0375 0.0380 -0.9986
vn -0.3250 0.0703 -0.9431
vn -0.4099 -0.0622 -0.9100
vn -0.0048 0.0713 -0.9974
vn 0.0223 0.0532 -0.9983
vn 0.0211 0.0337 -0.9992
vn 0.0754 0.0536 -0.9957
vn -0.1042 -0.6560 -0.7475
vn -0.0776 -0.8414 -0.5347
vn 0.0887 -0.8199 -0.5656
vn -0.0928 0.0709 -0.9931
vn -0.1580 0.3319 -0.9300
vn -0.2234 -0.0823 -0.9712
vn -0.1333 -0.1218 -0.9836
vn -0.1281 -0.2040 -0.9705
vn -0.0256 -0.4305 -0.9022
vn 0.3890 -0.5171 -0.7624
vn 0.1153 -0.3623 -0.9249
vn 0.0160 0.0742 -0.9971
vn 0.0094 0.0272 -0.9996
vn -0.0526 0.0433 -0.9977
vn -0.0582 0.0501 -0.9970
vn -0.2488 0.1071 -0.9626
vn -0.0156 0.0476 -0.9987
vn -0.0134 0.0479 -0.9987
vn 0.0247 0.0272 -0.9993
vn 0.1165 -0.8547 -0.5059
vn 0.0379 -0.1725 -0.9843
vn -0.1299 0.3547 -0.9259
vn -0.2200 0.0389 -0.9747
vn -0.1697 0.2347 -0.9571
vn -0.1377 0.0244 -0.9901
vn -0.2180 -0.1053 -0.9702
vn -0.0159 -0.4159 -0.9093
vn 0.3501 -0.5859 -0.7308
vn 0.0433 0.0629 -0.9971
vn 0.0131 0.0233 -0.9996
vn -0.1163 0.0436 -0.9922
vn -0.5392 -0.1026 -0.8359
vn -0.2232 0.0827 -0.9712
vn -0.0135 0.0269 -0.9995
vn 0.0405 -0.0212 -0.9989
vn 0.1493 -0.5953 -0.7895
vn 0.0164 -0.6112 -0.7913
vn -0.0855 0.1486 -0.9852
vn -0.0179 0.5387 -0.8423
vn -0.0911 0.5398 -0.8368
vn -0.0718 0.5278 -0.8463
vn -0.5538 0.4331 -0.7111
vn -0.1384 0.5310 -0.8360
vn -0.3921 0.0082 -0.9199
vn -0.1694 -0.4668 -0.8680
vn 0.1696 -0.3353 -0.9267
vn 0.0782 -0.6637 -0.7439
vn 0.0326 -0.1708 -0.9847
vn 0.0206 0.0185 -0.9996
vn -0.1550 0.0572 -0.9862
vn -0.1661 -0.0364 -0.9854
vn -0.0294 -0.0421 -0.9987
vn 0.0065 -0.0166 -0.9998
vn -0.0122 -0.1229 -0.9923
vn 0.1611 -0.7381 -0.6551
vn 0.0040 -0.8028 -0.5963
vn -0.0456 -0.4940 -0.8683
vn 0.0082 0.3899 -0.9208
vn -0.4259 0.0810 -0.9011
vn 0.0160 -0.3365 -0.9415
vn 0.0781 -0.2263 -0.9709
vn 0.0204 0.0135 -0.9997
vn -0.3493 0.4286 -0.8332
vn -0.6052 -0.1349 -0.7845
vn -0.1382 0.0264 -0.9901
vn -0.0262 -0.0806 -0.9964
vn -0.0490 -0.1630 -0.9854
vn 0.1567 -0.3616 -0.9191
vn 0.0622 -0.6472 -0.7598
vn -0.0563 -0.7993 -0.5982
vn 0.0203 0.2081 -0.9779
vn -0.2284 0.4390 -0.8690
vn -0.4885 0.1077 -0.8659
vn -0.1982 -0.2466 -0.9486
vn 0.0684 -0.1859 -0.9802
vn -0.0048 -0.0236 -0.9997
vn -0.1910 0.0764 -0.9786
vn -0.2705 0.3681 -0.8896
vn -0.3247 0.5069 -0.7985
vn -0.2453 0.0122 -0.9694
vn -0.0450 -0.0907 -0.9948
vn -0.0461 -0.1044 -0.9934
vn -0.0607 -0.1434 -0.9878
vn 0.1349 0.0279 -0.9904
vn 0.2467 -0.2221 -0.9433
vn 0.0417 -0.6593 -0.7507
vn -0.0464 -0.5340 -0.8442
vn -0.3136 0.3719 -0.8737
vn -0.5562 0.0731 -0.8278
vn -0.1669 -0.1042 -0.9804
vn -0.1795 -0.1152 -0.9770
vn 0.1409 -0.0703 -0.9875
vn -0.1968 0.0324 -0.9799
vn -0.1547 0.0447 -0.9869
vn -0.2661 0.0400 -0.9631
vn -0.0509 -0.0966 -0.9940
vn -0.0549 -0.1057 -0.9929
vn -0.0608 -0.1176 -0.9912
vn 0.3168 -0.0222 -0.9482
vn -0.0276 0.0169 -0.9995
vn 0.1430 -0.2222 -0.9644
vn 0.1821 -0.0729 -0.9806
vn 0.0948 -0.5750 -0.8126
vn -0.0059 -0.5265 -0.8501
vn -0.0162 0.4235 -0.9057
vn -0.3775 0.4218 -0.8244
vn 0.1389 -0.0365 -0.9896
vn 0.1899 0.0476 -0.9806
vn -0.2820 0.2530 -0.9254
vn -0.2957 0.0662 -0.9530
vn -0.0548 -0.0925 -0.9942
vn -0.0562 -0.0966 -0.9937
vn -0.1265 -0.0952 -0.9874
vn 0.1978 -0.3536 -0.9142
vn 0.1271 0.5244 -0.8419
vn -0.1802 0.2306 -0.9562
vn -0.1722 0.0344 -0.9844
vn 0.0717 0.0219 -0.9972
vn 0.0772 -0.3299 -0.9408
vn 0.0581 -0.5606 -0.8260
vn -0.0895 0.3854 -0.9184
vn -0.3291 0.5788 -0.7461
vn -0.5385 0.1415 -0.8306
vn -0.1466 -0.0733 -0.9864
vn 0.1852 0.0123 -0.9826
vn 0.2255 0.0485 -0.9730
vn -0.1143 0.0284 -0.9930
vn -0.3283 0.2579 -0.9087
vn -0.2954 0.1210 -0.9477
vn -0.0642 -0.0735 -0.9952
vn -0.0580 -0.0857 -0.9946
vn -0.2069 -0.0951 -0.9737
vn 0.6264 -0.4051 -0.6660
vn 0.3041 0.3971 -0.8659
vn 0.3598 0.6419 -0.6771
vn -0.0537 0.2316 -0.9713
vn 0.0219 0.4343 -0.9005
vn -0.0310 0.1165 -0.9927
vn 0.0934 -0.1851 -0.9782
vn 0.0627 -0.5013 -0.8630
vn -0.0167 -0.5463 -0.8374
vn -0.0605 0.3514 -0.9343
vn -0.5131 0.2603 -0.8179
vn -0.0978 0.0002 -0.9952
vn -0.0471 0.1138 -0.9924
vn 0.2324 0.1067 -0.9667
vn -0.2957 0.2805 -0.9132
vn -0.0856 -0.0439 -0.9953
vn -0.0644 -0.0821 -0.9945
vn -0.0807 -0.0739 -0.9940
vn -0.4002 -0.1601 -0.9023
vn 0.2429 -0.1826 -0.9527
vn 0.0912 -0.1724 -0.9808
vn 0.1508 0.0564 -0.9869
vn 0.4812 0.5662 -0.6691
vn 0.0819 0.4814 -0.8726
vn -0.0095 0.2753 -0.9613
vn -0.1527 0.0687 -0.9859
vn -0.0314 -0.2048 -0.9783
vn 0.0415 -0.4468 -0.8937
vn -0.0078 -0.4940 -0.8694
vn -0.2870 0.5963 -0.7497
vn -0.5052 0.3079 -0.8061
vn 0.0039 0.2056 -0.9786
vn 0.2746 0.1222 -0.9537
vn 0.2423 0.1341 -0.9608
vn -0.2062 0.0384 -0.9777
vn -0.2546 0.5191 -0.8159
vn -0.3948 0.5353 -0.7467
vn -0.1061 -0.0174 -0.9942
vn -0.1724 0.1088 -0.9790
vn -0.2583 -0.1688 -0.9512
vn -0.3619 -0.1773 -0.9152
vn 0.3717 -0.0316 -0.9278
vn 0.4501 0.3114 -0.8369
vn 0.3736 0.6010 -0.7065
vn 0.4567 0.7231 -0.5182
vn -0.3594 0.0549 -0.9315
vn -0.2169 -0.1048 -0.9705
vn -0.0509 0.1471 -0.9878
vn -0.2211 0.0371 -0.9745
vn -0.1164 -0.2281 -0.9666
vn 0.0060 -0.4335 -0.9011
vn 0.0161 0.2861 -0.9580
vn -0.4912 0.3712 -0.7880
vn 0.0522 0.2720 -0.9609
vn 0.3097 0.1990 -0.9297
vn 0.2423 0.1847 -0.9525
vn -0.1228 0.0131 -0.9923
vn -0.1578 0.0410 -0.9866
vn -0.2024 0.3196 -0.9257
vn -0.1055 0.0863 -0.9907
vn -0.4329 0.4830 -0.7610
vn -0.4279 -0.1978 -0.8819
vn 0.3700 -0.1621 -0.9147
vn 0.3667 0.0464 -0.9292
vn 0.4236 0.1492 -0.8935
vn 0.1677 0.4095 -0.8968
vn 0.2399 0.4988 -0.8328
vn 0.1800 0.7502 -0.6362
vn -0.1372 0.4202 -0.8970
vn -0.4226 -0.0231 -0.9060
vn -0.4173 -0.0588 -0.9068
vn -0.1487 0.0614 -0.9869
vn -0.0820 0.1908 -0.9782
vn -0.2484 0.0840 -0.9650
vn -0.1871 -0.2686 -0.9449
vn 0.0349 -0.4012 -0.9153
vn 0.0341 -0.3619 -0.9316
vn -0.3458 0.4639 -0.8156
vn -0.4729 0.4341 -0.7667
vn 0.1052 0.3406 -0.9343
vn 0.3186 0.2470 -0.9151
vn 0.2470 0.2348 -0.9401
vn -0.1088 0.0670 -0.9918
vn -0.1152 0.4860 -0.8663
vn -0.2195 0.3092 -0.9253
vn -0.0361 0.4677 -0.8831
vn -0.5310 -0.2565 -0.8076
vn -0.3993 -0.2554 -0.8805
vn 0.0479 -0.4821 -0.8748
vn 0.3350 0.0233 -0.9419
vn -0.0555 -0.0165 -0.9983
vn 0.0268 0.1146 -0.9930
vn 0.0981 0.2840 -0.9538
vn -0.1737 0.1917 -0.9659
vn -0.0607 0.2891 -0.9554
vn 0.0375 0.4124 -0.9102
vn 0.1086 0.5340 -0.8385
vn -0.3567 -0.2133 -0.9095
vn -0.4516 -0.1620 -0.8773
vn -0.3643 -0.0500 -0.9299
vn 0.0293 0.4079 -0.9125
vn -0.0587 0.2701 -0.9610
vn -0.2354 0.2807 -0.9305
vn -0.2069 -0.2096 -0.9556
vn 0.0494 -0.3731 -0.9264
vn 0.0642 -0.3146 -0.9470
vn 0.0328 0.2734 -0.9613
vn -0.4395 0.4791 -0.7598
vn 0.1509 0.4006 -0.9037
vn 0.2890 0.2339 -0.9283
vn 0.2538 0.2260 -0.9405
vn -0.0826 0.1314 -0.9879
vn -0.2178 0.1169 -0.9689
vn -0.1862 0.1262 -0.9743
vn -0.4027 0.5669 -0.7187
vn 0.0178 0.4861 -0.8737
vn -0.4935 -0.2387 -0.8364
vn -0.3456 -0.1896 -0.9190
vn 0.2924 0.0350 -0.9556
vn -0.1323 -0.0623 -0.9892
vn -0.3415 -0.1047 -0.9340
vn -0.2691 0.0524 -0.9617
vn -0.4255 -0.1658 -0.8896
vn -0.2422 -0.0478 -0.9690
vn 0.1045 0.4306 -0.8965
vn -0.0661 0.3788 -0.9231
vn -0.2523 0.3793 -0.8902
vn 0.3186 -0.2277 -0.9201
vn 0.0551 -0.3284 -0.9429
vn 0.1050 -0.2654 -0.9584
vn -0.3866 0.3812 -0.8397
vn -0.3114 0.7284 -0.6103
vn 0.1593 0.4370 -0.8852
vn 0.0303 0.6163 -0.7869
vn 0.2480 0.2538 -0.9349
vn -0.0901 0.2072 -0.9741
vn 0.0075 0.2746 -0.9615
vn -0.3619 -0.1956 -0.9114
vn -0.3345 -0.1731 -0.9264
vn 0.1884 -0.1008 -0.9769
vn -0.2068 -0.1239 -0.9705
vn -0.4365 -0.2702 -0.8581
vn -0.3270 -0.0743 -0.9421
vn -0.1108 0.0044 -0.9938
vn -0.0027 0.2840 -0.9588
vn -0.1097 -0.0349 -0.9933
vn 0.0435 -0.2970 -0.9539
vn 0.0136 0.2908 -0.9567
vn -0.2450 0.4440 -0.8619
vn -0.2002 0.8152 -0.5435
vn -0.1625 0.7459 -0.6459
vn -0.1858 -0.0485 -0.9814
vn -0.0685 0.0725 -0.9950
vn 0.0278 0.1673 -0.9855
vn -0.2321 -0.1891 -0.9541
vn 0.0538 -0.4914 -0.8693
vn -0.2965 -0.1610 -0.9413
vn -0.4898 -0.2357 -0.8394
vn -0.2391 -0.1140 -0.9643
vn 0.0381 0.2810 -0.9590
vn 0.0806 -0.2463 -0.9658
vn 0.1609 -0.1913 -0.9682
vn -0.0064 0.2948 -0.9555
vn -0.0869 0.2969 -0.9509
vn -0.0987 0.6168 -0.7809
vn -0.1877 -0.1961 -0.9624
vn -0.0085 0.0690 -0.9976
vn 0.0316 0.0999 -0.9945
vn -0.3428 -0.1744 -0.9231
vn -0.5043 -0.0224 -0.8632
vn -0.3313 -0.2477 -0.9104
vn -0.2830 -0.2803 -0.9172
vn -0.1911 -0.0548 -0.9800
vn -0.0522 0.1727 -0.9836
vn 0.0992 -0.1959 -0.9756
vn 0.1936 -0.1706 -0.9661
vn -0.0091 0.2930 -0.9561
vn -0.0434 0.3089 -0.9501
vn -0.0116 0.2562 -0.9666
vn -0.0495 0.5845 -0.8099
vn 0.0274 0.0721 -0.9970
vn 0.0298 0.0759 -0.9966
vn -0.1888 -0.0762 -0.9790
vn -0.0053 -0.6767 -0.7362
vn -0.0845 -0.4227 -0.9023
vn -0.0795 -0.3159 -0.9454
vn -0.3183 -0.1575 -0.9348
vn -0.0429 0.2102 -0.9767
vn 0.1729 -0.1675 -0.9705
vn 0.2315 -0.1630 -0.9591
vn -0.0085 0.2825 -0.9592
vn -0.0250 0.2547 -0.9667
vn 0.0097 0.2467 -0.9690
vn -0.0020 0.1872 -0.9823
vn 0.0272 0.0601 -0.9978
vn 0.0253 0.0536 -0.9982
vn -0.2220 -0.0423 -0.9741
vn -0.4138 0.2300 -0.8808
vn -0.2233 -0.0882 -0.9707
vn -0.1965 0.0160 -0.9804
vn -0.0197 0.1864 -0.9823
vn -0.0325 0.2182 -0.9753
vn -0.0179 0.2301 -0.9730
vn -0.0269 0.2135 -0.9766
vn 0.0034 0.2077 -0.9781
vn 0.0223 0.0354 -0.9991
vn 0.0310 0.0182 -0.9993
vn 0.1369 0.1919 -0.9718
vn 0.1172 0.0556 -0.9915
vn 0.1315 0.1180 -0.9843
vn -0.5114 -0.0505 0.8578
vn -0.0915 -0.2302 -0.9688
vn -0.0277 0.1474 -0.9887
vn -0.0414 0.2085 -0.9771
vn -0.0093 0.1658 -0.9861
vn -0.0226 0.1628 -0.9864
vn 0.0167 0.0159 -0.9997
vn 0.0457 0.0162 -0.9988
vn 0.1056 0.0378 -0.9937
vn 0.0994 0.0234 -0.9948
vn 0.1269 0.0224 -0.9916
vn -0.7123 -0.3552 -0.6053
vn -0.0330 0.2066 -0.9778
vn -0.0379 0.2047 -0.9781
vn 0.0180 0.0035 -0.9998
vn 0.0577 0.0273 -0.9980
vn 0.0922 0.0043 -0.9957
vn 0.1181 -0.0052 -0.9930
vn -0.0033 0.0822 -0.9966
vn -0.0209 0.1086 -0.9938
vn -0.0755 0.0108 -0.9971
vn -0.3826 -0.6470 -0.6595
vn -0.0559 0.2018 -0.9778
vn -0.0512 0.2054 -0.9773
vn -0.0441 0.1656 -0.9852
vn 0.0313 0.0061 -0.9995
vn 0.0580 0.0166 -0.9982
vn 0.0955 0.0116 -0.9953
vn 0.1149 0.0000 -0.9933
vn -0.0058 0.0125 -0.9999
vn -0.0918 0.0097 -0.9957
vn -0.0840 0.0342 -0.9958
vn -0.0672 0.0086 -0.9977
vn -0.0407 0.2148 -0.9758
vn -0.0500 0.1919 -0.9801
vn 0.0393 0.0096 -0.9992
vn 0.0640 -0.0042 -0.9979
vn 0.1072 0.0287 -0.9938
vn 0.1028 0.0111 -0.9946
vn -0.0197 -0.0587 -0.9981
vn -0.1010 -0.0053 -0.9948
vn -0.0768 0.0297 -0.9966
vn -0.2713 0.0483 -0.9612
vn -0.0929 0.0316 -0.9951
vn -0.0984 0.0306 -0.9947
vn -0.0381 0.0296 -0.9988
vn -0.0902 0.0505 -0.9946
vn 0.0953 0.0393 -0.9947
vn 0.0147 0.0772 -0.9969
vn -0.9317 0.3614 -0.0352
vn -0.0459 0.2048 -0.9777
vn -0.0414 0.2199 -0.9746
vn -0.0422 0.2287 -0.9726
vn 0.0849 -0.0079 -0.9963
vn 0.1108 0.0147 -0.9937
vn 0.0829 0.0284 -0.9961
vn -0.0556 -0.0809 -0.9951
vn -0.0988 -0.0275 -0.9947
vn -0.0724 0.0128 -0.9973
vn -0.3215 0.1404 -0.9364
vn -0.0622 0.0500 -0.9968
vn -0.0695 0.0434 -0.9966
vn -0.0728 0.0282 -0.9969
vn -0.0583 0.0517 -0.9969
vn -0.0751 0.0724 -0.9945
vn 0.0002 0.1095 -0.9940
vn -0.0420 0.1893 -0.9810
vn -0.0390 0.2070 -0.9775
vn -0.0339 0.2286 -0.9729
vn -0.0092 -0.0032 -0.9999
vn 0.0140 -0.0549 -0.9984
vn 0.0080 -0.0266 -0.9996
vn 0.0537 0.0238 -0.9983
vn -0.0643 -0.0556 -0.9964
vn -0.0878 -0.0323 -0.9956
vn -0.0663 -0.0011 -0.9978
vn -0.3431 0.1335 -0.9297
vn -0.7330 -0.0589 -0.6776
vn -0.3432 -0.0977 -0.9341
vn -0.1488 0.0080 -0.9888
vn -0.0840 0.0707 -0.9939
vn -0.0461 0.0884 -0.9950
vn -0.0555 0.1097 -0.9924
vn -0.0388 0.1657 -0.9854
vn -0.0407 0.1686 -0.9848
vn 0.1093 0.0762 -0.9911
vn 0.0768 0.0532 -0.9956
vn 0.0060 -0.0468 -0.9989
vn 0.0281 -0.0331 -0.9991
vn 0.0761 0.0279 -0.9967
vn 0.0848 0.0117 -0.9963
vn 0.1017 -0.0165 -0.9947
vn 0.0970 0.0053 -0.9952
vn 0.0245 -0.0103 -0.9996
vn -0.0695 -0.0430 -0.9966
vn -0.0782 -0.0251 -0.9966
vn -0.0652 -0.0148 -0.9977
vn -0.3537 0.1234 -0.9272
vn -0.6557 0.0903 -0.7495
vn -0.9516 0.2345 -0.1985
vn -0.7987 0.1002 -0.5933
vn -0.6595 0.2149 -0.7203
vn -0.0540 0.1691 -0.9841
vn -0.0281 0.1778 -0.9836
vn -0.0394 0.1603 -0.9863
vn -0.0425 0.1350 -0.9899
vn -0.0295 0.1928 -0.9808
vn -0.0425 0.1296 -0.9906
vn 0.0741 0.0520 -0.9959
vn 0.0393 -0.0202 -0.9990
vn 0.0066 -0.0365 -0.9993
vn 0.0459 -0.0195 -0.9987
vn 0.0788 -0.0322 -0.9963
vn 0.0774 -0.0140 -0.9969
vn -0.0113 -0.0800 -0.9967
vn -0.0670 -0.0207 -0.9975
vn -0.0712 -0.0147 -0.9973
vn -0.0665 -0.0206 -0.9976
vn -0.3560 0.1038 -0.9287
vn -0.5337 0.2670 -0.8024
vn -0.6579 0.1394 -0.7400
vn -0.9405 0.3035 -0.1527
vn -0.3831 0.3066 -0.8713
vn -0.0299 0.2479 -0.9683
vn -0.0135 0.2475 -0.9688
vn -0.0519 0.0837 -0.9951
vn -0.0244 0.1545 -0.9877
vn 0.0417 -0.0581 -0.9974
vn 0.0079 -0.1154 -0.9933
vn 0.0249 -0.0333 -0.9991
vn 0.0526 -0.0065 -0.9986
vn 0.0725 -0.0584 -0.9956
vn 0.0566 -0.0361 -0.9977
vn -0.0283 -0.1021 -0.9944
vn -0.0667 -0.0079 -0.9977
vn -0.0649 -0.0037 -0.9979
vn -0.0617 -0.0092 -0.9980
vn -0.2792 0.1437 -0.9494
vn -0.5421 0.3066 -0.7823
vn -0.6079 0.1123 -0.7860
vn -0.5528 0.2430 -0.7971
vn -0.0363 0.1024 -0.9941
vn -0.0245 0.1174 -0.9928
vn 0.0216 -0.0601 -0.9980
vn 0.0089 -0.1185 -0.9929
vn 0.0541 -0.0074 -0.9985
vn 0.0379 -0.0268 -0.9989
vn 0.0764 -0.0508 -0.9958
vn 0.0471 -0.0309 -0.9984
vn -0.0249 -0.0786 -0.9966
vn -0.0560 -0.0134 -0.9983
vn -0.0588 0.0103 -0.9982
vn -0.0519 -0.0001 -0.9986
vn -0.1392 0.0692 -0.9878
vn -0.3508 0.6497 -0.6743
vn -0.5084 0.4317 -0.7450
vn -0.6105 0.1227 -0.7825
vn -0.4344 0.2282 -0.8713
vn -0.0492 0.0315 -0.9983
vn -0.0282 0.0752 -0.9968
vn -0.0032 -0.0653 -0.9978
vn 0.0590 -0.0106 -0.9982
vn 0.0424 -0.0258 -0.9987
vn 0.0294 -0.0524 -0.9982
vn 0.0729 -0.0767 -0.9944
vn 0.0258 -0.0804 -0.9964
vn -0.0251 -0.0656 -0.9975
vn -0.0421 -0.0208 -0.9989
vn -0.0557 0.0109 -0.9984
vn -0.0406 0.0075 -0.9991
vn -0.0916 0.1161 -0.9890
vn -0.2316 0.5989 -0.7666
vn -0.4611 0.6029 -0.6510
vn -0.3496 0.3969 -0.8487
vn -0.4718 0.1990 -0.8589
vn -0.0063 0.0104 -0.9999
vn -0.0266 0.0959 -0.9950
vn -0.0244 0.0472 -0.9986
vn 0.0590 -0.1091 -0.9922
vn 0.0859 0.0262 -0.9959
vn 0.0007 -0.0952 -0.9955
vn 0.0366 -0.0553 -0.9978
vn 0.0628 -0.0923 -0.9937
vn 0.0057 -0.1368 -0.9906
vn -0.0211 -0.0661 -0.9976
vn -0.0338 -0.0257 -0.9991
vn -0.0557 -0.0042 -0.9984
vn -0.0352 0.0121 -0.9993
vn 0.0078 0.0375 -0.9992
vn -0.1176 0.4105 -0.9042
vn -0.2110 0.7620 -0.6123
vn -0.2531 0.7018 -0.6659
vn -0.3016 0.5640 -0.7687
vn -0.3921 0.2647 -0.8810
vn -0.1905 0.1262 -0.9735
vn 0.9397 -0.3417 -0.0136
vn 0.0298 0.0024 -0.9995
vn 0.1397 -0.1702 -0.9754
vn 0.0972 -0.1615 -0.9821
vn 0.0511 -0.0922 -0.9944
vn 0.0045 -0.0970 -0.9953
vn 0.0395 -0.0575 -0.9976
vn 0.0527 -0.0763 -0.9957
vn 0.0043 -0.1305 -0.9914
vn -0.0070 -0.0712 -0.9974
vn -0.0298 -0.0338 -0.9990
vn -0.0519 -0.0127 -0.9986
vn -0.0295 0.0188 -0.9994
vn 0.0658 -0.0333 -0.9973
vn 0.1049 0.0633 -0.9925
vn -0.1081 0.7978 -0.5931
vn 0.2386 0.6993 -0.6738
vn 0.3102 0.5837 -0.7503
vn 0.2303 0.4080 -0.8834
vn 0.1644 0.2275 -0.9597
vn 0.1075 0.1350 -0.9850
vn 0.2183 0.2237 -0.9499
vn -0.0239 0.0219 -0.9995
vn 0.0193 0.0255 -0.9995
vn 0.1296 -0.1857 -0.9740
vn 0.0983 -0.1937 -0.9761
vn 0.0352 -0.1585 -0.9867
vn 0.0398 -0.0418 -0.9983
vn 0.0314 -0.0667 -0.9973
vn 0.0514 -0.0454 -0.9976
vn 0.0022 -0.1095 -0.9940
vn 0.0079 -0.0762 -0.9970
vn -0.0223 -0.0283 -0.9993
vn -0.0432 -0.0140 -0.9990
vn -0.0056 0.0275 -0.9996
vn 0.1893 0.1904 -0.9633
vn -0.0015 0.3473 -0.9377
vn 0.5490 0.1985 -0.8119
vn 0.4864 0.1021 -0.8677
vn 0.1090 0.1007 -0.9889
vn -0.0263 0.0203 -0.9994
vn 0.1273 -0.1875 -0.9739
vn 0.0915 -0.2038 -0.9747
vn 0.0639 -0.1394 -0.9882
vn 0.0396 -0.0645 -0.9971
vn 0.0300 -0.0839 -0.9960
vn 0.0516 -0.0273 -0.9983
vn -0.0083 -0.0904 -0.9958
vn -0.0110 -0.0169 -0.9998
vn -0.0332 -0.0063 -0.9994
vn 0.0368 0.0144 -0.9992
vn 0.2187 0.1798 -0.9591
vn 0.1675 0.5150 -0.8406
vn -0.0206 0.0291 -0.9994
vn -0.0313 0.0190 -0.9993
vn 0.0932 -0.2080 -0.9737
vn 0.0834 -0.1411 -0.9864
vn 0.0233 -0.1198 -0.9925
vn 0.0449 -0.0916 -0.9948
vn 0.0555 -0.0667 -0.9962
vn 0.0272 -0.0710 -0.9971
vn -0.0032 -0.0256 -0.9997
vn -0.0272 0.0072 -0.9996
vn 0.0715 -0.0278 -0.9970
vn 0.0624 0.1148 -0.9914
vn 0.0319 0.0394 -0.9987
vn 0.1967 0.1408 -0.9703
vn -0.0226 0.0280 -0.9993
vn -0.0360 0.0145 -0.9992
vn 0.1059 -0.2170 -0.9704
vn 0.1012 -0.2108 -0.9723
vn 0.0794 -0.1757 -0.9812
vn 0.0345 -0.1161 -0.9926
vn 0.0464 -0.1033 -0.9936
vn 0.0322 -0.0584 -0.9977
vn -0.0006 -0.0482 -0.9988
vn -0.0213 0.0113 -0.9997
vn 0.0970 -0.0320 -0.9948
vn 0.1875 0.0789 -0.9791
vn 0.1323 0.0079 -0.9911
vn 0.1164 0.0775 -0.9901
vn 0.1166 0.0391 -0.9924
vn 0.0684 -0.0278 -0.9973
vn 0.0739 -0.1983 -0.9773
vn 0.0429 -0.1036 -0.9937
vn 0.0635 -0.1390 -0.9882
vn 0.0278 -0.0435 -0.9987
vn -0.0011 -0.0621 -0.9980
vn 0.0071 -0.0060 -0.9999
vn 0.1628 0.0953 -0.9820
vn 0.0207 -0.0295 -0.9993
vn 0.0701 -0.0739 -0.9948
vn 0.0555 -0.0610 -0.9966
vn 0.0374 -0.1492 -0.9881
vn -0.0294 0.0025 -0.9995
vn 0.0493 -0.1105 -0.9926
vn 0.1197 -0.2263 -0.9666
vn 0.0409 -0.1101 -0.9930
vn 0.0150 -0.0453 -0.9988
vn -0.0020 -0.0651 -0.9979
vn 0.0498 -0.0367 -0.9981
vn 0.2005 0.1546 -0.9674
vn 0.0595 -0.0346 -0.9976
vn 0.0082 -0.0510 -0.9987
vn 0.0443 -0.1191 -0.9919
vn 0.0132 -0.1751 -0.9845
vn -0.0096 -0.1069 -0.9942
vn 0.0090 -0.0623 -0.9980
vn 0.0066 -0.0496 -0.9987
vn 0.0715 -0.0459 -0.9964
vn 0.1245 -0.0005 -0.9922
vn 0.0050 -0.0825 -0.9966
vn -0.0122 -0.0811 -0.9966
vn 0.0181 -0.1319 -0.9911
vn 0.0092 -0.2127 -0.9771
vn 0.0077 -0.0525 -0.9986
vn 0.0328 -0.0605 -0.9976
vn 0.0163 -0.0683 -0.9975
vn 0.0277 -0.0168 -0.9995
vn 0.0675 -0.0307 -0.9972
vn 0.0526 -0.1312 -0.9900
vn -0.0029 -0.1115 -0.9937
vn -0.0218 -0.0975 -0.9950
vn 0.0161 -0.1292 -0.9915
vn 0.0160 -0.1881 -0.9820
vn 0.0181 -0.0872 -0.9960
vn 0.0297 -0.0511 -0.9982
vn 0.0164 -0.0553 -0.9983
vn 0.0345 -0.0577 -0.9977
vn 0.0193 -0.1617 -0.9866
vn -0.0078 -0.1484 -0.9889
vn 0.0095 -0.1772 -0.9841
vn 0.0074 -0.1731 -0.9849
vn 0.0178 -0.0747 -0.9970
vn 0.0075 -0.1164 -0.9932
vn -0.0094 -0.1160 -0.9932
vn -0.0097 -0.1342 -0.9909
vn -0.0036 -0.1716 -0.9851
vn -0.0129 -0.1661 -0.9860
vn 0.0205 -0.1451 -0.9892
vn 0.0044 -0.1814 -0.9834
vn 0.0061 -0.1901 -0.9817
vn -0.0206 -0.1794 -0.9835
vn -0.0153 -0.1779 -0.9839
vn -0.0239 -0.1907 -0.9814
vn 0.0055 -0.1839 -0.9829
vn -0.0128 -0.1968 -0.9803
vn -0.0240 -0.1932 -0.9808
vn -0.0323 -0.2020 -0.9788
vn -0.0319 -0.2084 -0.9775
vn -0.0415 -0.2044 -0.9780
usemtl Material.001
s 1
f 3/1/1 2/2/2 7/3/3
f 1/4/4 3/1/1 8/5/5
f 4/6/6 8/5/5 5/7/6
f 2/2/2 6/8/7 7/3/3
f 7/3/3 6/8/7 12/9/8
f 3/1/1 7/3/3 13/10/9
f 8/5/5 3/1/1 13/10/9
f 8/5/5 13/10/9 9/11/10
f 9/11/10 13/10/9 14/12/11
f 10/13/12 15/14/13 16/15/14
f 11/16/15 10/13/12 17/17/16
f 6/8/7 11/16/15 12/9/8
f 12/9/8 11/16/15 18/18/17
f 7/3/3 12/9/8 19/19/18
f 13/10/9 7/3/3 19/19/18
f 13/10/9 19/19/18 14/12/11
f 14/12/11 19/19/18 20/20/19
f 16/15/14 15/14/13 21/21/20
f 10/13/12 16/15/14 17/17/16
f 17/17/16 16/15/14 22/22/21
f 11/16/15 17/17/16 18/18/17
f 18/18/17 17/17/16 23/23/22
f 12/9/8 18/18/17 24/24/23
f 19/19/18 12/9/8 24/24/23
f 19/19/18 24/24/23 20/20/19
f 20/20/19 24/24/23 25/25/24
f 16/15/14 21/21/20 27/26/25
f 22/22/21 16/15/14 27/26/25
f 22/22/21 27/26/25 28/27/26
f 17/17/16 22/22/21 23/23/22
f 23/23/22 22/22/21 29/28/27
f 18/18/17 23/23/22 30/29/28
f 24/24/23 18/18/17 30/29/28
f 24/24/23 30/29/28 25/25/24
f 25/25/24 30/29/28 31/30/29
f 21/21/20 26/31/30 27/26/25
f 27/26/25 26/31/30 32/32/31
f 28/27/26 27/26/25 33/33/32
f 22/22/21 28/27/26 29/28/27
f 29/28/27 28/27/26 34/34/33
f 23/23/22 29/28/27 35/35/34
f 30/29/28 23/23/22 35/35/34
f 30/29/28 35/35/34 31/30/29
f 31/30/29 35/35/34 36/36/35
f 32/32/31 26/31/30 37/37/36
f 27/26/25 32/32/31 33/33/32
f 33/33/32 32/32/31 38/38/37
f 28/27/26 33/33/32 34/34/33
f 34/34/33 33/33/32 39/39/38
f 29/28/27 34/34/33 40/40/39
f 35/35/34 29/28/27 40/40/39
f 35/35/34 40/40/39 36/36/35
f 36/36/35 40/40/39 41/41/40
f 31/30/29 36/36/35 42/42/41
f 32/32/31 37/37/36 44/43/42
f 38/38/37 32/32/31 44/43/42
f 38/38/37 44/43/42 45/44/43
f 33/33/32 38/38/37 39/39/38
f 39/39/38 38/38/37 46/45/44
f 34/34/33 39/39/38 47/46/45
f 40/40/39 34/34/33 47/46/45
f 40/40/39 47/46/45 41/41/40
f 41/41/40 47/46/45 48/47/46
f 36/36/35 41/41/40 49/48/47
f 42/42/41 36/36/35 49/48/47
f 44/43/42 37/37/36 50/49/48
f 44/43/42 50/49/48 51/50/49
f 45/44/43 44/43/42 51/50/49
f 45/44/43 51/50/49 52/51/50
f 38/38/37 45/44/43 46/45/44
f 46/45/44 45/44/43 53/52/51
f 39/39/38 46/45/44 54/53/52
f 47/46/45 39/39/38 54/53/52
f 47/46/45 54/53/52 48/47/46
f 48/47/46 54/53/52 55/54/53
f 41/41/40 48/47/46 56/55/54
f 49/48/47 41/41/40 56/55/54
f 50/49/48 43/56/55 58/57/56
f 50/49/48 58/57/56 59/58/57
f 51/50/49 50/49/48 59/58/57
f 51/50/49 59/58/57 60/59/58
f 52/51/50 51/50/49 60/59/58
f 52/51/50 60/59/58 61/60/59
f 45/44/43 52/51/50 53/52/51
f 53/52/51 52/51/50 62/61/60
f 46/45/44 53/52/51 63/62/61
f 54/53/52 46/45/44 63/62/61
f 54/53/52 63/62/61 55/54/53
f 55/54/53 63/62/61 64/63/62
f 48/47/46 55/54/53 65/64/63
f 56/55/54 48/47/46 65/64/63
f 56/55/54 65/64/63 57/65/64
f 60/59/58 59/58/57 68/66/65
f 61/60/59 60/59/58 68/66/65
f 61/60/59 68/66/65 69/67/66
f 52/51/50 61/60/59 70/68/67
f 62/61/60 52/51/50 70/68/67
f 62/61/60 70/68/67 71/69/68
f 53/52/51 62/61/60 72/70/69
f 63/62/61 53/52/51 73/71/70
f 64/63/62 63/62/61 73/71/70
f 64/63/62 73/71/70 74/72/71
f 55/54/53 64/63/62 75/73/72
f 65/64/63 55/54/53 75/73/72
f 65/64/63 75/73/72 66/74/73
f 66/74/73 75/73/72 76/75/74
f 68/66/65 59/58/57 78/76/75
f 69/67/66 68/66/65 79/77/76
f 61/60/59 69/67/66 80/78/77
f 70/68/67 61/60/59 81/79/78
f 71/69/68 70/68/67 81/79/78
f 71/69/68 81/79/78 82/80/79
f 62/61/60 71/69/68 83/81/80
f 72/70/69 62/61/60 84/82/81
f 53/52/51 72/70/69 73/71/70
f 73/71/70 72/70/69 74/72/71
f 74/72/71 72/70/69 85/83/82
f 64/63/62 74/72/71 86/84/83
f 75/73/72 64/63/62 86/84/83
f 75/73/72 86/84/83 76/75/74
f 76/75/74 86/84/83 87/85/84
f 67/86/85 77/87/86 78/76/75
f 69/67/66 79/77/76 80/78/77
f 80/78/77 79/77/76 89/88/87
f 61/60/59 80/78/77 81/79/78
f 81/79/78 80/78/77 82/80/79
f 82/80/79 80/78/77 89/88/87
f 82/80/79 89/88/87 90/89/88
f 71/69/68 82/80/79 91/90/89
f 72/70/69 84/82/81 92/91/90
f 85/83/82 72/70/69 93/92/91
f 74/72/71 85/83/82 94/93/92
f 86/84/83 74/72/71 94/93/92
f 86/84/83 94/93/92 87/85/84
f 87/85/84 94/93/92 95/94/93
f 78/76/75 77/87/86 96/95/94
f 78/76/75 96/95/94 79/77/76
f 89/88/87 79/77/76 97/96/95
f 90/89/88 89/88/87 98/97/96
f 82/80/79 90/89/88 99/98/97
f 91/90/89 82/80/79 99/98/97
f 91/90/89 99/98/97 90/89/88
f 91/90/89 90/89/88 100/99/98
f 71/69/68 91/90/89 101/100/99
f 92/91/90 84/82/81 102/101/100
f 72/70/69 92/91/90 93/92/91
f 93/92/91 92/91/90 103/102/101
f 85/83/82 93/92/91 104/103/102
f 94/93/92 85/83/82 104/103/102
f 94/93/92 104/103/102 95/94/93
f 95/94/93 104/103/102 105/104/103
f 79/77/76 96/95/94 107/105/104
f 79/77/76 107/105/104 108/106/105
f 97/96/95 79/77/76 109/107/106
f 90/89/88 98/97/96 110/108/107
f 100/99/98 90/89/88 111/109/108
f 101/100/99 91/90/89 100/99/98
f 101/100/99 100/99/98 111/109/108
f 101/100/99 111/109/108 112/110/109
f 71/69/68 101/100/99 83/81/80
f 83/81/80 101/100/99 84/82/81
f 102/101/100 84/82/81 101/100/99
f 102/101/100 101/100/99 112/110/109
f 102/101/100 112/110/109 113/111/110
f 92/91/90 102/101/100 114/112/111
f 103/102/101 92/91/90 115/113/112
f 93/92/91 103/102/101 116/114/113
f 104/103/102 93/92/91 116/114/113
f 104/103/102 116/114/113 105/104/103
f 105/104/103 116/114/113 117/115/114
f 88/116/115 106/117/116 107/105/104
f 107/105/104 106/117/116 108/106/105
f 108/106/105 106/117/116 118/118/117
f 108/106/105 118/118/117 119/119/118
f 79/77/76 108/106/105 109/107/106
f 109/107/106 108/106/105 119/119/118
f 109/107/106 119/119/118 97/96/95
f 97/96/95 119/119/118 120/120/119
f 110/108/107 98/97/96 121/121/120
f 90/89/88 110/108/107 111/109/108
f 111/109/108 110/108/107 122/122/121
f 112/110/109 111/109/108 113/111/110
f 113/111/110 111/109/108 122/122/121
f 113/111/110 122/122/121 123/123/122
f 102/101/100 113/111/110 124/124/123
f 114/112/111 102/101/100 124/124/123
f 114/112/111 124/124/123 125/125/124
f 92/91/90 114/112/111 115/113/112
f 115/113/112 114/112/111 126/126/125
f 103/102/101 115/113/112 127/127/126
f 116/114/113 103/102/101 117/115/114
f 117/115/114 103/102/101 128/128/127
f 97/96/95 120/120/119 129/129/128
f 110/108/107 121/121/120 130/130/129
f 122/122/121 110/108/107 131/131/130
f 123/123/122 122/122/121 132/132/131
f 113/111/110 123/123/122 124/124/123
f 124/124/123 123/123/122 133/133/132
f 125/125/124 124/124/123 134/134/133
f 114/112/111 125/125/124 126/126/125
f 126/126/125 125/125/124 135/135/134
f 115/113/112 126/126/125 136/136/135
f 127/127/126 115/113/112 136/136/135
f 127/127/126 136/136/135 137/137/136
f 103/102/101 127/127/126 128/128/127
f 128/128/127 127/127/126 138/138/137
f 129/129/128 120/120/119 140/139/138
f 129/129/128 140/139/138 141/140/139
f 110/108/107 130/130/129 131/131/130
f 131/131/130 130/130/129 142/141/140
f 122/122/121 131/131/130 132/132/131
f 132/132/131 131/131/130 143/142/141
f 123/123/122 132/132/131 144/143/142
f 133/133/132 123/123/122 145/144/143
f 124/124/123 133/133/132 134/134/133
f 134/134/133 133/133/132 145/144/143
f 134/134/133 145/144/143 146/145/144
f 125/125/124 134/134/133 135/135/134
f 135/135/134 134/134/133 147/146/145
f 126/126/125 135/135/134 148/147/146
f 136/136/135 126/126/125 148/147/146
f 136/136/135 148/147/146 149/148/147
f 137/137/136 136/136/135 149/148/147
f 137/137/136 149/148/147 150/149/148
f 127/127/126 137/137/136 138/138/137
f 139/150/149 151/151/150 152/152/151
f 140/139/138 153/153/152 154/154/153
f 141/140/139 140/139/138 154/154/153
f 141/140/139 154/154/153 155/155/154
f 131/131/130 142/141/140 143/142/141
f 143/142/141 142/141/140 156/156/155
f 132/132/131 143/142/141 157/157/156
f 144/143/142 132/132/131 157/157/156
f 144/143/142 157/157/156 158/158/157
f 123/123/122 144/143/142 145/144/143
f 145/144/143 144/143/142 159/159/158
f 146/145/144 145/144/143 159/159/158
f 146/145/144 159/159/158 160/160/159
f 134/134/133 146/145/144 161/161/160
f 147/146/145 134/134/133 161/161/160
f 147/146/145 161/161/160 162/162/161
f 135/135/134 147/146/145 148/147/146
f 148/147/146 147/146/145 162/162/161
f 148/147/146 162/162/161 163/163/162
f 149/148/147 148/147/146 163/163/162
f 149/148/147 163/163/162 164/164/163
f 152/152/151 151/151/150 165/165/164
f 152/152/151 165/165/164 166/166/165
f 139/150/149 152/152/151 167/167/166
f 153/153/152 139/150/149 167/167/166
f 153/153/152 167/167/166 168/168/167
f 154/154/153 153/153/152 168/168/167
f 154/154/153 168/168/167 169/169/168
f 155/155/154 154/154/153 169/169/168
f 155/155/154 169/169/168 170/170/169
f 143/142/141 156/156/155 171/171/170
f 157/157/156 143/142/141 171/171/170
f 157/157/156 171/171/170 172/172/171
f 158/158/157 157/157/156 172/172/171
f 158/158/157 172/172/171 173/173/172
f 144/143/142 158/158/157 159/159/158
f 159/159/158 158/158/157 173/173/172
f 159/159/158 173/173/172 174/174/173
f 160/160/159 159/159/158 174/174/173
f 160/160/159 174/174/173 175/175/174
f 146/145/144 160/160/159 176/176/175
f 161/161/160 146/145/144 177/177/176
f 162/162/161 161/161/160 177/177/176
f 162/162/161 177/177/176 178/178/177
f 163/163/162 162/162/161 179/179/178
f 152/152/151 166/166/165 182/180/179
f 167/167/166 152/152/151 182/180/179
f 167/167/166 182/180/179 183/181/180
f 168/168/167 167/167/166 183/181/180
f 168/168/167 183/181/180 184/182/181
f 169/169/168 168/168/167 185/183/182
f 170/170/169 169/169/168 186/184/183
f 171/171/170 156/156/155 187/185/184
f 172/172/171 171/171/170 188/186/185
f 173/173/172 172/172/171 189/187/186
f 174/174/173 173/173/172 190/188/187
f 175/175/174 174/174/173 191/189/188
f 160/160/159 175/175/174 192/190/189
f 176/176/175 160/160/159 193/191/190
f 146/145/144 176/176/175 177/177/176
f 177/177/176 176/176/175 194/192/191
f 178/178/177 177/177/176 194/192/191
f 178/178/177 194/192/191 195/193/192
f 162/162/161 178/178/177 179/179/178
f 179/179/178 178/178/177 195/193/192
f 179/179/178 195/193/192 196/194/193
f 163/163/162 179/179/178 180/195/194
f 180/195/194 179/179/178 196/194/193
f 166/166/165 181/196/195 198/197/196
f 182/180/179 166/166/165 198/197/196
f 182/180/179 198/197/196 199/198/197
f 183/181/180 182/180/179 199/198/197
f 183/181/180 199/198/197 184/182/181
f 184/182/181 199/198/197 200/199/198
f 168/168/167 184/182/181 185/183/182
f 185/183/182 184/182/181 201/200/199
f 169/169/168 185/183/182 186/184/183
f 186/184/183 185/183/182 202/201/200
f 170/170/169 186/184/183 203/202/201
f 171/171/170 187/185/184 204/203/202
f 172/172/171 188/186/185 189/187/186
f 189/187/186 188/186/185 205/204/203
f 173/173/172 189/187/186 206/205/204
f 190/188/187 173/173/172 207/206/205
f 174/174/173 190/188/187 208/207/206
f 191/189/188 174/174/173 208/207/206
f 191/189/188 208/207/206 209/208/207
f 175/175/174 191/189/188 210/209/208
f 192/190/189 175/175/174 211/210/209
f 160/160/159 192/190/189 193/191/190
f 193/191/190 192/190/189 211/210/209
f 193/191/190 211/210/209 212/211/210
f 176/176/175 193/191/190 213/212/211
f 194/192/191 176/176/175 213/212/211
f 194/192/191 213/212/211 195/193/192
f 195/193/192 213/212/211 214/213/212
f 196/194/193 195/193/192 215/214/213
f 181/196/195 197/215/214 216/216/215
f 198/197/196 181/196/195 216/216/215
f 198/197/196 216/216/215 217/217/216
f 199/198/197 198/197/196 217/217/216
f 199/198/197 217/217/216 200/199/198
f 200/199/198 217/217/216 218/218/217
f 184/182/181 200/199/198 201/200/199
f 201/200/199 200/199/198 219/219/218
f 185/183/182 201/200/199 202/201/200
f 202/201/200 201/200/199 220/220/219
f 186/184/183 202/201/200 221/221/220
f 203/202/201 186/184/183 221/221/220
f 203/202/201 221/221/220 222/222/221
f 205/204/203 188/186/185 187/185/184
f 189/187/186 205/204/203 207/206/205
f 206/205/204 189/187/186 204/203/202
f 190/188/187 207/206/205 223/223/222
f 208/207/206 190/188/187 209/208/207
f 209/208/207 190/188/187 206/205/204
f 191/189/188 209/208/207 210/209/208
f 175/175/174 210/209/208 224/224/223
f 211/210/209 175/175/174 224/224/223
f 211/210/209 224/224/223 225/225/224
f 212/211/210 211/210/209 226/226/225
f 193/191/190 212/211/210 227/227/226
f 213/212/211 193/191/190 227/227/226
f 213/212/211 227/227/226 214/213/212
f 214/213/212 227/227/226 228/228/227
f 195/193/192 214/213/212 215/214/213
f 215/214/213 214/213/212 229/229/228
f 217/217/216 216/216/215 230/230/229
f 217/217/216 230/230/229 218/218/217
f 218/218/217 230/230/229 231/231/230
f 200/199/198 218/218/217 219/219/218
f 219/219/218 218/218/217 232/232/231
f 201/200/199 219/219/218 220/220/219
f 220/220/219 219/219/218 233/233/232
f 202/201/200 220/220/219 234/234/233
f 221/221/220 202/201/200 234/234/233
f 221/221/220 234/234/233 235/235/234
f 222/222/221 221/221/220 235/235/234
f 222/222/221 235/235/234 236/236/235
f 203/202/201 222/222/221 237/237/236
f 205/204/203 187/185/184 238/238/237
f 204/203/202 189/187/186 171/171/170
f 206/205/204 204/203/202 223/223/222
f 209/208/207 206/205/204 210/209/208
f 224/224/223 210/209/208 239/239/238
f 225/225/224 224/224/223 240/240/239
f 211/210/209 225/225/224 226/226/225
f 226/226/225 225/225/224 241/241/240
f 212/211/210 226/226/225 227/227/226
f 227/227/226 226/226/225 242/242/241
f 228/228/227 227/227/226 243/243/242
f 214/213/212 228/228/227 229/229/228
f 229/229/228 228/228/227 244/244/243
f 218/218/217 231/231/230 232/232/231
f 232/232/231 231/231/230 246/245/244
f 219/219/218 232/232/231 233/233/232
f 233/233/232 232/232/231 247/246/245
f 220/220/219 233/233/232 248/247/246
f 234/234/233 220/220/219 249/248/247
f 235/235/234 234/234/233 250/249/248
f 236/236/235 235/235/234 251/250/249
f 222/222/221 236/236/235 252/251/250
f 237/237/236 222/222/221 252/251/250
f 237/237/236 252/251/250 253/252/251
f 205/204/203 238/238/237 254/253/252
f 223/223/222 204/203/202 255/254/253
f 206/205/204 223/223/222 210/209/208
f 210/209/208 223/223/222 256/255/254
f 239/239/238 210/209/208 256/255/254
f 239/239/238 256/255/254 257/256/255
f 224/224/223 239/239/238 240/240/239
f 240/240/239 239/239/238 258/257/256
f 225/225/224 240/240/239 241/241/240
f 241/241/240 240/240/239 259/258/257
f 226/226/225 241/241/240 242/242/241
f 242/242/241 241/241/240 260/259/258
f 227/227/226 242/242/241 243/243/242
f 243/243/242 242/242/241 261/260/259
f 228/228/227 243/243/242 244/244/243
f 244/244/243 243/243/242 262/261/260
f 229/229/228 244/244/243 245/262/261
f 232/232/231 246/245/244 247/246/245
f 247/246/245 246/245/244 265/263/262
f 233/233/232 247/246/245 248/247/246
f 248/247/246 247/246/245 266/264/263
f 220/220/219 248/247/246 249/248/247
f 249/248/247 248/247/246 267/265/264
f 234/234/233 249/248/247 250/249/248
f 250/249/248 249/248/247 268/266/265
f 235/235/234 250/249/248 251/250/249
f 251/250/249 250/249/248 268/266/265
f 251/250/249 268/266/265 269/267/266
f 236/236/235 251/250/249 270/268/267
f 252/251/250 236/236/235 270/268/267
f 252/251/250 270/268/267 271/269/268
f 253/252/251 252/251/250 272/270/269
f 237/237/236 253/252/251 255/254/253
f 255/254/253 204/203/202 237/237/236
f 223/223/222 255/254/253 253/252/251
f 223/223/222 253/252/251 272/270/269
f 223/223/222 272/270/269 273/271/270
f 256/255/254 223/223/222 274/272/271
f 257/256/255 256/255/254 275/273/272
f 239/239/238 257/256/255 258/257/256
f 258/257/256 257/256/255 276/274/273
f 240/240/239 258/257/256 259/258/257
f 259/258/257 258/257/256 276/274/273
f 259/258/257 276/274/273 277/275/274
f 241/241/240 259/258/257 260/259/258
f 260/259/258 259/258/257 278/276/275
f 242/242/241 260/259/258 261/260/259
f 261/260/259 260/259/258 279/277/276
f 243/243/242 261/260/259 262/261/260
f 262/261/260 261/260/259 280/278/277
f 244/244/243 262/261/260 263/279/278
f 263/279/278 262/261/260 281/280/279
f 246/245/244 264/281/280 265/263/262
f 265/263/262 264/281/280 282/282/281
f 247/246/245 265/263/262 266/264/263
f 266/264/263 265/263/262 283/283/282
f 248/247/246 266/264/263 267/265/264
f 267/265/264 266/264/263 284/284/283
f 249/248/247 267/265/264 285/285/284
f 268/266/265 249/248/247 286/286/285
f 269/267/266 268/266/265 287/287/286
f 251/250/249 269/267/266 270/268/267
f 270/268/267 269/267/266 288/288/287
f 271/269/268 270/268/267 288/288/287
f 271/269/268 288/288/287 289/289/288
f 252/251/250 271/269/268 272/270/269
f 272/270/269 271/269/268 273/271/270
f 273/271/270 271/269/268 290/290/289
f 256/255/254 274/272/271 275/273/272
f 275/273/272 274/272/271 291/291/290
f 257/256/255 275/273/272 292/292/291
f 276/274/273 257/256/255 292/292/291
f 276/274/273 292/292/291 293/293/292
f 277/275/274 276/274/273 293/293/292
f 277/275/274 293/293/292 294/294/293
f 259/258/257 277/275/274 278/276/275
f 278/276/275 277/275/274 295/295/294
f 260/259/258 278/276/275 279/277/276
f 279/277/276 278/276/275 296/296/295
f 261/260/259 279/277/276 280/278/277
f 280/278/277 279/277/276 296/296/295
f 280/278/277 296/296/295 297/297/296
f 262/261/260 280/278/277 281/280/279
f 281/280/279 280/278/277 297/297/296
f 281/280/279 297/297/296 298/298/297
f 265/263/262 282/282/281 283/283/282
f 283/283/282 282/282/281 300/299/298
f 283/283/282 300/299/298 301/300/299
f 266/264/263 283/283/282 284/284/283
f 284/284/283 283/283/282 301/300/299
f 284/284/283 301/300/299 302/301/300
f 267/265/264 284/284/283 285/285/284
f 285/285/284 284/284/283 302/301/300
f 285/285/284 302/301/300 303/302/301
f 249/248/247 285/285/284 286/286/285
f 286/286/285 285/285/284 304/303/302
f 268/266/265 286/286/285 287/287/286
f 287/287/286 286/286/285 304/303/302
f 287/287/286 304/303/302 305/304/303
f 269/267/266 287/287/286 306/305/304
f 288/288/287 269/267/266 306/305/304
f 288/288/287 306/305/304 289/289/288
f 289/289/288 306/305/304 307/306/305
f 271/269/268 289/289/288 290/290/289
f 290/290/289 289/289/288 308/307/306
f 291/291/290 274/272/271 309/308/307
f 275/273/272 291/291/290 292/292/291
f 292/292/291 291/291/290 310/309/308
f 293/293/292 292/292/291 310/309/308
f 293/293/292 310/309/308 311/310/309
f 294/294/293 293/293/292 311/310/309
f 294/294/293 311/310/309 312/311/310
f 277/275/274 294/294/293 295/295/294
f 295/295/294 294/294/293 313/312/311
f 278/276/275 295/295/294 296/296/295
f 296/296/295 295/295/294 313/312/311
f 296/296/295 313/312/311 314/313/312
f 297/297/296 296/296/295 314/313/312
f 297/297/296 314/313/312 315/314/313
f 298/298/297 297/297/296 315/314/313
f 298/298/297 315/314/313 316/315/314
f 299/316/315 298/298/297 317/317/316
f 301/300/299 300/299/298 318/318/317
f 302/301/300 301/300/299 319/319/318
f 303/302/301 302/301/300 319/319/318
f 303/302/301 319/319/318 320/320/319
f 285/285/284 303/302/301 321/321/320
f 304/303/302 285/285/284 322/322/321
f 305/304/303 304/303/302 323/323/322
f 287/287/286 305/304/303 306/305/304
f 306/305/304 305/304/303 307/306/305
f 307/306/305 305/304/303 324/324/323
f 289/289/288 307/306/305 308/307/306
f 308/307/306 307/306/305 325/325/324
f 290/290/289 308/307/306 326/326/325
f 309/308/307 274/272/271 273/271/270
f 291/291/290 309/308/307 327/327/326
f 310/309/308 291/291/290 327/327/326
f 310/309/308 327/327/326 328/328/327
f 311/310/309 310/309/308 328/328/327
f 311/310/309 328/328/327 329/329/328
f 312/311/310 311/310/309 330/330/329
f 294/294/293 312/311/310 313/312/311
f 313/312/311 312/311/310 331/331/330
f 314/313/312 313/312/311 331/331/330
f 314/313/312 331/331/330 332/332/331
f 315/314/313 314/313/312 333/333/332
f 316/315/314 315/314/313 333/333/332
f 316/315/314 333/333/332 334/334/333
f 298/298/297 316/315/314 317/317/316
f 317/317/316 316/315/314 334/334/333
f 317/317/316 334/334/333 335/335/334
f 301/300/299 318/318/317 319/319/318
f 319/319/318 318/318/317 336/336/335
f 320/320/319 319/319/318 336/336/335
f 320/320/319 336/336/335 337/337/336
f 303/302/301 320/320/319 321/321/320
f 321/321/320 320/320/319 338/338/337
f 285/285/284 321/321/320 322/322/321
f 322/322/321 321/321/320 339/339/338
f 304/303/302 322/322/321 323/323/322
f 323/323/322 322/322/321 340/340/339
f 305/304/303 323/323/322 324/324/323
f 324/324/323 323/323/322 340/340/339
f 324/324/323 340/340/339 341/341/340
f 307/306/305 324/324/323 325/325/324
f 325/325/324 324/324/323 341/341/340
f 325/325/324 341/341/340 342/342/341
f 308/307/306 325/325/324 326/326/325
f 326/326/325 325/325/324 342/342/341
f 326/326/325 342/342/341 343/343/342
f 327/327/326 309/308/307 344/344/343
f 328/328/327 327/327/326 344/344/343
f 328/328/327 344/344/343 345/345/344
f 329/329/328 328/328/327 345/345/344
f 329/329/328 345/345/344 346/346/345
f 311/310/309 329/329/328 330/330/329
f 330/330/329 329/329/328 347/347/346
f 312/311/310 330/330/329 331/331/330
f 331/331/330 330/330/329 348/348/347
f 332/332/331 331/331/330 348/348/347
f 332/332/331 348/348/347 349/349/348
f 314/313/312 332/332/331 333/333/332
f 333/333/332 332/332/331 349/349/348
f 333/333/332 349/349/348 350/350/349
f 334/334/333 333/333/332 350/350/349
f 334/334/333 350/350/349 351/351/350
f 335/335/334 334/334/333 351/351/350
f 335/335/334 351/351/350 352/352/351
f 317/317/316 335/335/334 353/353/352
f 320/320/319 337/337/336 338/338/337
f 321/321/320 338/338/337 355/354/353
f 339/339/338 321/321/320 355/354/353
f 339/339/338 355/354/353 356/355/354
f 322/322/321 339/339/338 357/356/355
f 340/340/339 322/322/321 358/357/356
f 341/341/340 340/340/339 358/357/356
f 341/341/340 358/357/356 359/358/357
f 342/342/341 341/341/340 359/358/357
f 342/342/341 359/358/357 360/359/358
f 343/343/342 342/342/341 360/359/358
f 343/343/342 360/359/358 361/360/359
f 344/344/343 309/308/307 362/361/360
f 345/345/344 344/344/343 362/361/360
f 345/345/344 362/361/360 363/362/361
f 346/346/345 345/345/344 364/363/362
f 329/329/328 346/346/345 347/347/346
f 347/347/346 346/346/345 365/364/363
f 330/330/329 347/347/346 348/348/347
f 348/348/347 347/347/346 366/365/364
f 349/349/348 348/348/347 366/365/364
f 349/349/348 366/365/364 367/366/365
f 350/350/349 349/349/348 368/367/366
f 351/351/350 350/350/349 368/367/366
f 351/351/350 368/367/366 369/368/367
f 352/352/351 351/351/350 369/368/367
f 352/352/351 369/368/367 370/369/368
f 335/335/334 352/352/351 371/370/369
f 353/353/352 335/335/334 372/371/370
f 338/338/337 354/372/371 373/373/372
f 355/354/353 338/338/337 373/373/372
f 355/354/353 373/373/372 374/374/373
f 356/355/354 355/354/353 374/374/373
f 356/355/354 374/374/373 375/375/374
f 339/339/338 356/355/354 376/376/375
f 357/356/355 339/339/338 358/357/356
f 358/357/356 322/322/321 357/356/355
f 359/358/357 358/357/356 376/376/375
f 360/359/358 359/358/357 377/377/376
f 361/360/359 360/359/358 377/377/376
f 361/360/359 377/377/376 378/378/377
f 343/343/342 361/360/359 379/379/378
f 362/361/360 309/308/307 380/380/379
f 363/362/361 362/361/360 380/380/379
f 363/362/361 380/380/379 381/381/380
f 345/345/344 363/362/361 364/363/362
f 364/363/362 363/362/361 382/382/381
f 346/346/345 364/363/362 383/383/382
f 365/364/363 346/346/345 383/383/382
f 365/364/363 383/383/382 384/384/383
f 347/347/346 365/364/363 366/365/364
f 366/365/364 365/364/363 367/366/365
f 367/366/365 365/364/363 384/384/383
f 367/366/365 384/384/383 385/385/384
f 349/349/348 367/366/365 385/385/384
f 349/349/348 385/385/384 368/367/366
f 368/367/366 385/385/384 386/386/385
f 369/368/367 368/367/366 386/386/385
f 369/368/367 386/386/385 387/387/386
f 370/369/368 369/368/367 387/387/386
f 370/369/368 387/387/386 388/388/387
f 352/352/351 370/369/368 371/370/369
f 371/370/369 370/369/368 388/388/387
f 371/370/369 388/388/387 389/389/388
f 372/371/370 335/335/334 390/390/389
f 353/353/352 372/371/370 391/391/390
f 373/373/372 392/392/391 393/393/392
f 374/374/373 373/373/372 393/393/392
f 374/374/373 393/393/392 375/375/374
f 375/375/374 393/393/392 394/394/393
f 356/355/354 375/375/374 395/395/394
f 376/376/375 356/355/354 396/396/395
f 339/339/338 376/376/375 358/357/356
f 359/358/357 376/376/375 377/377/376
f 377/377/376 376/376/375 396/396/395
f 377/377/376 396/396/395 378/378/377
f 378/378/377 396/396/395 397/397/396
f 361/360/359 378/378/377 379/379/378
f 379/379/378 378/378/377 398/398/397
f 363/362/361 381/381/380 382/382/381
f 382/382/381 381/381/380 399/399/398
f 364/363/362 382/382/381 400/400/399
f 383/383/382 364/363/362 400/400/399
f 383/383/382 400/400/399 401/401/400
f 384/384/383 383/383/382 401/401/400
f 384/384/383 401/401/400 402/402/401
f 385/385/384 384/384/383 402/402/401
f 385/385/384 402/402/401 386/386/385
f 386/386/385 402/402/401 403/403/402
f 387/387/386 386/386/385 404/404/403
f 388/388/387 387/387/386 405/405/404
f 389/389/388 388/388/387 406/406/405
f 371/370/369 389/389/388 406/406/405
f 371/370/369 406/406/405 407/407/406
f 390/390/389 335/335/334 388/388/387
f 372/371/370 390/390/389 408/408/407
f 391/391/390 372/371/370 408/408/407
f 393/393/392 409/409/408 394/394/393
f 375/375/374 394/394/393 411/410/409
f 395/395/394 375/375/374 412/411/410
f 356/355/354 395/395/394 396/396/395
f 396/396/395 395/395/394 397/397/396
f 397/397/396 395/395/394 413/412/411
f 378/378/377 397/397/396 398/398/397
f 398/398/397 397/397/396 414/413/412
f 379/379/378 398/398/397 415/414/413
f 399/399/398 381/381/380 416/415/414
f 382/382/381 399/399/398 417/416/415
f 400/400/399 382/382/381 417/416/415
f 400/400/399 417/416/415 418/417/416
f 401/401/400 400/400/399 418/417/416
f 401/401/400 418/417/416 419/418/417
f 402/402/401 401/401/400 403/403/402
f 403/403/402 401/401/400 420/419/418
f 386/386/385 403/403/402 404/404/403
f 404/404/403 403/403/402 420/419/418
f 404/404/403 420/419/418 421/420/419
f 387/387/386 404/404/403 422/421/420
f 405/405/404 387/387/386 422/421/420
f 405/405/404 422/421/420 423/422/421
f 388/388/387 405/405/404 424/423/422
f 406/406/405 388/388/387 425/424/423
f 407/407/406 406/406/405 426/425/424
f 371/370/369 407/407/406 427/426/425
f 408/408/407 390/390/389 428/427/426
f 394/394/393 410/428/427 411/410/409
f 375/375/374 411/410/409 412/411/410
f 412/411/410 411/410/409 430/429/428
f 395/395/394 412/411/410 413/412/411
f 413/412/411 412/411/410 431/430/429
f 397/397/396 413/412/411 414/413/412
f 414/413/412 413/412/411 431/430/429
f 414/413/412 431/430/429 432/431/430
f 398/398/397 414/413/412 433/432/431
f 415/414/413 398/398/397 433/432/431
f 415/414/413 433/432/431 434/433/432
f 399/399/398 416/415/414 435/434/433
f 417/416/415 399/399/398 436/435/434
f 418/417/416 417/416/415 437/436/435
f 419/418/417 418/417/416 437/436/435
f 419/418/417 437/436/435 438/437/436
f 401/401/400 419/418/417 420/419/418
f 420/419/418 419/418/417 421/420/419
f 421/420/419 419/418/417 423/422/421
f 404/404/403 421/420/419 422/421/420
f 405/405/404 423/422/421 424/423/422
f 424/423/422 423/422/421 439/438/437
f 406/406/405 425/424/423 440/439/438
f 426/425/424 406/406/405 440/439/438
f 426/425/424 440/439/438 441/440/439
f 407/407/406 426/425/424 427/426/425
f 371/370/369 427/426/425 390/390/389
f 428/427/426 390/390/389 427/426/425
f 411/410/409 429/441/440 430/429/428
f 412/411/410 430/429/428 443/442/441
f 431/430/429 412/411/410 444/443/442
f 432/431/430 431/430/429 445/444/443
f 414/413/412 432/431/430 433/432/431
f 433/432/431 432/431/430 446/445/444
f 434/433/432 433/432/431 446/445/444
f 434/433/432 446/445/444 447/446/445
f 435/434/433 416/415/414 448/447/446
f 399/399/398 435/434/433 436/435/434
f 436/435/434 435/434/433 449/448/447
f 417/416/415 436/435/434 437/436/435
f 437/436/435 436/435/434 450/449/448
f 438/437/436 437/436/435 451/450/449
f 423/422/421 419/418/417 438/437/436
f 423/422/421 438/437/436 452/451/450
f 439/438/437 423/422/421 453/452/451
f 424/423/422 439/438/437 425/424/423
f 440/439/438 425/424/423 454/453/452
f 441/440/439 440/439/438 455/454/453
f 430/429/428 442/455/454 456/456/455
f 443/442/441 430/429/428 456/456/455
f 443/442/441 456/456/455 457/457/456
f 412/411/410 443/442/441 444/443/442
f 444/443/442 443/442/441 458/458/457
f 431/430/429 444/443/442 458/458/457
f 431/430/429 458/458/457 445/444/443
f 445/444/443 458/458/457 443/442/441
f 445/444/443 443/442/441 459/459/458
f 432/431/430 445/444/443 460/460/459
f 446/445/444 432/431/430 460/460/459
f 446/445/444 460/460/459 461/461/460
f 447/446/445 446/445/444 461/461/460
f 447/446/445 461/461/460 462/462/461
f 448/447/446 416/415/414 463/463/462
f 435/434/433 448/447/446 464/464/463
f 449/448/447 435/434/433 465/465/464
f 436/435/434 449/448/447 466/466/465
f 450/449/448 436/435/434 466/466/465
f 437/436/435 450/449/448 451/450/449
f 438/437/436 451/450/449 452/451/450
f 452/451/450 451/450/449 467/467/466
f 423/422/421 452/451/450 453/452/451
f 453/452/451 452/451/450 467/467/466
f 453/452/451 467/467/466 468/468/467
f 439/438/437 453/452/451 469/469/468
f 425/424/423 439/438/437 454/453/452
f 454/453/452 439/438/437 469/469/468
f 454/453/452 469/469/468 440/439/438
f 440/439/438 469/469/468 455/454/453
f 455/454/453 469/469/468 470/470/469
f 441/440/439 455/454/453 471/471/470
f 457/457/456 456/456/455 472/472/471
f 457/457/456 472/472/471 473/473/472
f 443/442/441 457/457/456 474/474/473
f 459/459/458 443/442/441 474/474/473
f 459/459/458 474/474/473 475/475/474
f 445/444/443 459/459/458 460/460/459
f 460/460/459 459/459/458 475/475/474
f 460/460/459 475/475/474 461/461/460
f 461/461/460 475/475/474 476/476/475
f 462/462/461 461/461/460 476/476/475
f 462/462/461 476/476/475 477/477/476
f 463/463/462 416/415/414 478/478/477
f 448/447/446 463/463/462 464/464/463
f 464/464/463 463/463/462 479/479/478
f 435/434/433 464/464/463 480/480/479
f 465/465/464 435/434/433 480/480/479
f 465/465/464 480/480/479 481/481/480
f 449/448/447 465/465/464 482/482/481
f 466/466/465 449/448/447 482/482/481
f 466/466/465 482/482/481 483/483/482
f 467/467/466 451/450/449 484/484/483
f 468/468/467 467/467/466 485/485/484
f 453/452/451 468/468/467 470/470/469
f 470/470/469 469/469/468 453/452/451
f 455/454/453 470/470/469 486/486/485
f 471/471/470 455/454/453 486/486/485
f 471/471/470 486/486/485 487/487/486
f 457/457/456 473/473/472 488/488/487
f 474/474/473 457/457/456 489/489/488
f 475/475/474 474/474/473 490/490/489
f 476/476/475 475/475/474 490/490/489
f 476/476/475 490/490/489 491/491/490
f 477/477/476 476/476/475 491/491/490
f 477/477/476 491/491/490 492/492/491
f 478/478/477 416/415/414 493/493/492
f 463/463/462 478/478/477 494/494/493
f 479/479/478 463/463/462 494/494/493
f 479/479/478 494/494/493 495/495/494
f 464/464/463 479/479/478 480/480/479
f 480/480/479 479/479/478 481/481/480
f 481/481/480 479/479/478 496/496/495
f 465/465/464 481/481/480 497/497/496
f 482/482/481 465/465/464 498/498/497
f 483/483/482 482/482/481 499/499/498
f 467/467/466 484/484/483 500/500/499
f 485/485/484 467/467/466 500/500/499
f 485/485/484 500/500/499 501/501/500
f 468/468/467 485/485/484 502/502/501
f 470/470/469 468/468/467 503/503/502
f 486/486/485 470/470/469 503/503/502
f 486/486/485 503/503/502 504/504/503
f 487/487/486 486/486/485 504/504/503
f 487/487/486 504/504/503 505/505/504
f 488/488/487 473/473/472 506/506/505
f 488/488/487 506/506/505 507/507/506
f 489/489/488 457/457/456 488/488/487
f 489/489/488 488/488/487 508/508/507
f 474/474/473 489/489/488 490/490/489
f 490/490/489 489/489/488 509/509/508
f 491/491/490 490/490/489 509/509/508
f 491/491/490 509/509/508 510/510/509
f 492/492/491 491/491/490 510/510/509
f 492/492/491 510/510/509 511/511/510
f 478/478/477 493/493/492 512/512/511
f 494/494/493 478/478/477 513/513/512
f 495/495/494 494/494/493 514/514/513
f 479/479/478 495/495/494 496/496/495
f 496/496/495 495/495/494 515/515/514
f 481/481/480 496/496/495 497/497/496
f 497/497/496 496/496/495 515/515/514
f 497/497/496 515/515/514 516/516/515
f 465/465/464 497/497/496 498/498/497
f 498/498/497 497/497/496 517/517/516
f 482/482/481 498/498/497 518/518/517
f 499/499/498 482/482/481 518/518/517
f 499/499/498 518/518/517 519/519/518
f 483/483/482 499/499/498 520/520/519
f 501/501/500 500/500/499 521/521/520
f 502/502/501 485/485/484 522/522/521
f 468/468/467 502/502/501 503/503/502
f 503/503/502 502/502/501 522/522/521
f 503/503/502 522/522/521 523/523/522
f 504/504/503 503/503/502 523/523/522
f 504/504/503 523/523/522 505/505/504
f 505/505/504 523/523/522 524/524/523
f 487/487/486 505/505/504 525/525/524
f 508/508/507 488/488/487 507/507/506
f 508/508/507 507/507/506 527/526/525
f 489/489/488 508/508/507 509/509/508
f 509/509/508 508/508/507 527/526/525
f 509/509/508 527/526/525 528/527/526
f 510/510/509 509/509/508 528/527/526
f 510/510/509 528/527/526 529/528/527
f 511/511/510 510/510/509 529/528/527
f 511/511/510 529/528/527 530/529/528
f 492/492/491 511/511/510 531/530/529
f 512/512/511 493/493/492 532/531/530
f 478/478/477 512/512/511 533/532/531
f 513/513/512 478/478/477 534/533/532
f 514/514/513 494/494/493 513/513/512
f 514/514/513 513/513/512 535/534/533
f 495/495/494 514/514/513 536/535/534
f 515/515/514 495/495/494 516/516/515
f 516/516/515 495/495/494 537/536/535
f 497/497/496 516/516/515 517/517/516
f 517/517/516 516/516/515 537/536/535
f 517/517/516 537/536/535 538/537/536
f 498/498/497 517/517/516 518/518/517
f 518/518/517 517/517/516 538/537/536
f 518/518/517 538/537/536 539/538/537
f 519/519/518 518/518/517 539/538/537
f 519/519/518 539/538/537 540/539/538
f 499/499/498 519/519/518 520/520/519
f 520/520/519 519/519/518 541/540/539
f 501/501/500 521/521/520 542/541/540
f 522/522/521 485/485/484 501/501/500
f 522/522/521 501/501/500 543/542/541
f 523/523/522 522/522/521 524/524/523
f 524/524/523 522/522/521 543/542/541
f 524/524/523 543/542/541 544/543/542
f 505/505/504 524/524/523 544/543/542
f 505/505/504 544/543/542 545/544/543
f 525/525/524 505/505/504 545/544/543
f 525/525/524 545/544/543 546/545/544
f 507/507/506 526/546/545 548/547/546
f 527/526/525 507/507/506 548/547/546
f 527/526/525 548/547/546 549/548/547
f 528/527/526 527/526/525 549/548/547
f 528/527/526 549/548/547 550/549/548
f 529/528/527 528/527/526 550/549/548
f 529/528/527 550/549/548 530/529/528
f 530/529/528 550/549/548 551/550/549
f 511/511/510 530/529/528 552/551/550
f 531/530/529 511/511/510 552/551/550
f 531/530/529 552/551/550 553/552/551
f 532/531/530 493/493/492 554/553/552
f 512/512/511 532/531/530 533/532/531
f 533/532/531 532/531/530 555/554/553
f 478/478/477 533/532/531 534/533/532
f 534/533/532 533/532/531 535/534/533
f 535/534/533 513/513/512 534/533/532
f 514/514/513 535/534/533 556/555/554
f 536/535/534 514/514/513 557/556/555
f 495/495/494 536/535/534 558/557/556
f 537/536/535 495/495/494 559/558/557
f 538/537/536 537/536/535 560/559/558
f 539/538/537 538/537/536 561/560/559
f 540/539/538 539/538/537 562/561/560
f 519/519/518 540/539/538 541/540/539
f 541/540/539 540/539/538 563/562/561
f 542/541/540 521/521/520 564/563/562
f 543/542/541 501/501/500 565/564/563
f 544/543/542 543/542/541 565/564/563
f 544/543/542 565/564/563 566/565/564
f 545/544/543 544/543/542 566/565/564
f 545/544/543 566/565/564 567/566/565
f 546/545/544 545/544/543 567/566/565
f 546/545/544 567/566/565 568/567/566
f 526/546/545 547/568/567 569/569/568
f 548/547/546 526/546/545 569/569/568
f 548/547/546 569/569/568 570/570/569
f 549/548/547 548/547/546 551/550/549
f 551/550/549 550/549/548 549/548/547
f 530/529/528 551/550/549 571/571/570
f 552/551/550 530/529/528 571/571/570
f 552/551/550 571/571/570 553/552/551
f 553/552/551 571/571/570 572/572/571
f 531/530/529 553/552/551 573/573/572
f 554/553/552 493/493/492 574/574/573
f 532/531/530 554/553/552 575/575/574
f 555/554/553 532/531/530 576/576/575
f 533/532/531 555/554/553 535/534/533
f 535/534/533 555/554/553 577/577/576
f 556/555/554 535/534/533 578/578/577
f 514/514/513 556/555/554 557/556/555
f 557/556/555 556/555/554 579/579/578
f 536/535/534 557/556/555 580/580/579
f 558/557/556 536/535/534 580/580/579
f 558/557/556 580/580/579 581/581/580
f 495/495/494 558/557/556 582/582/581
f 559/558/557 495/495/494 582/582/581
f 559/558/557 582/582/581 583/583/582
f 537/536/535 559/558/557 583/583/582
f 537/536/535 583/583/582 560/559/558
f 560/559/558 583/583/582 584/584/583
f 538/537/536 560/559/558 561/560/559
f 561/560/559 560/559/558 585/585/584
f 539/538/537 561/560/559 562/561/560
f 562/561/560 561/560/559 585/585/584
f 562/561/560 585/585/584 586/586/585
f 540/539/538 562/561/560 587/587/586
f 563/562/561 540/539/538 587/587/586
f 563/562/561 587/587/586 588/588/587
f 542/541/540 564/563/562 589/589/588
f 565/564/563 501/501/500 542/541/540
f 565/564/563 542/541/540 590/590/589
f 566/565/564 565/564/563 590/590/589
f 566/565/564 590/590/589 591/591/590
f 567/566/565 566/565/564 591/591/590
f 567/566/565 591/591/590 592/592/591
f 568/567/566 567/566/565 592/592/591
f 568/567/566 592/592/591 593/593/592
f 569/569/568 547/568/567 595/594/593
f 570/570/569 569/569/568 595/594/593
f 548/547/546 570/570/569 597/595/594
f 551/550/549 548/547/546 598/596/595
f 571/571/570 551/550/549 598/596/595
f 571/571/570 598/596/595 599/597/596
f 572/572/571 571/571/570 599/597/596
f 553/552/551 572/572/571 599/597/596
f 553/552/551 599/597/596 600/598/597
f 573/573/572 553/552/551 600/598/597
f 573/573/572 600/598/597 601/599/598
f 531/530/529 573/573/572 580/580/579
f 574/574/573 493/493/492 602/600/599
f 554/553/552 574/574/573 603/601/600
f 575/575/574 554/553/552 603/601/600
f 575/575/574 603/601/600 604/602/601
f 532/531/530 575/575/574 576/576/575
f 576/576/575 575/575/574 605/603/602
f 555/554/553 576/576/575 606/604/603
f 577/577/576 555/554/553 606/604/603
f 577/577/576 606/604/603 607/605/604
f 535/534/533 577/577/576 578/578/577
f 578/578/577 577/577/576 608/606/605
f 556/555/554 578/578/577 609/607/606
f 579/579/578 556/555/554 610/608/607
f 580/580/579 557/556/555 579/579/578
f 581/581/580 580/580/579 573/573/572
f 581/581/580 573/573/572 601/599/598
f 581/581/580 601/599/598 611/609/608
f 558/557/556 581/581/580 582/582/581
f 582/582/581 581/581/580 612/610/609
f 583/583/582 582/582/581 613/611/610
f 584/584/583 583/583/582 613/611/610
f 584/584/583 613/611/610 614/612/611
f 560/559/558 584/584/583 615/613/612
f 585/585/584 560/559/558 615/613/612
f 585/585/584 615/613/612 616/614/613
f 586/586/585 585/585/584 616/614/613
f 586/586/585 616/614/613 617/615/614
f 562/561/560 586/586/585 587/587/586
f 587/587/586 586/586/585 618/616/615
f 588/588/587 587/587/586 618/616/615
f 588/588/587 618/616/615 619/617/616
f 589/589/588 564/563/562 620/618/617
f 590/590/589 542/541/540 589/589/588
f 590/590/589 589/589/588 621/619/618
f 591/591/590 590/590/589 621/619/618
f 591/591/590 621/619/618 622/620/619
f 592/592/591 591/591/590 622/620/619
f 592/592/591 622/620/619 623/621/620
f 593/593/592 592/592/591 623/621/620
f 593/593/592 623/621/620 624/622/621
f 595/594/593 594/623/622 596/624/622
f 597/595/594 570/570/569 625/625/623
f 597/595/594 625/625/623 626/626/624
f 548/547/546 597/595/594 598/596/595
f 598/596/595 597/595/594 627/627/625
f 599/597/596 598/596/595 627/627/625
f 599/597/596 627/627/625 597/595/594
f 599/597/596 597/595/594 628/628/626
f 600/598/597 599/597/596 629/629/627
f 601/599/598 600/598/597 629/629/627
f 601/599/598 629/629/627 611/609/608
f 611/609/608 629/629/627 630/630/628
f 574/574/573 602/600/599 631/631/629
f 603/601/600 574/574/573 631/631/629
f 603/601/600 631/631/629 632/632/630
f 604/602/601 603/601/600 632/632/630
f 604/602/601 632/632/630 633/633/631
f 575/575/574 604/602/601 605/603/602
f 605/603/602 604/602/601 634/634/632
f 576/576/575 605/603/602 606/604/603
f 606/604/603 605/603/602 607/605/604
f 607/605/604 605/603/602 634/634/632
f 577/577/576 607/605/604 608/606/605
f 578/578/577 608/606/605 609/607/606
f 556/555/554 609/607/606 610/608/607
f 581/581/580 611/609/608 612/610/609
f 612/610/609 611/609/608 630/630/628
f 612/610/609 630/630/628 635/635/633
f 582/582/581 612/610/609 613/611/610
f 613/611/610 612/610/609 636/636/634
f 614/612/611 613/611/610 636/636/634
f 614/612/611 636/636/634 637/637/635
f 584/584/583 614/612/611 615/613/612
f 615/613/612 614/612/611 637/637/635
f 615/613/612 637/637/635 638/638/636
f 616/614/613 615/613/612 638/638/636
f 616/614/613 638/638/636 639/639/637
f 617/615/614 616/614/613 639/639/637
f 617/615/614 639/639/637 640/640/638
f 586/586/585 617/615/614 618/616/615
f 618/616/615 617/615/614 641/641/639
f 619/617/616 618/616/615 641/641/639
f 619/617/616 641/641/639 642/642/640
f 589/589/588 620/618/617 643/643/641
f 621/619/618 589/589/588 643/643/641
f 621/619/618 643/643/641 644/644/642
f 622/620/619 621/619/618 644/644/642
f 622/620/619 644/644/642 645/645/643
f 623/621/620 622/620/619 645/645/643
f 623/621/620 645/645/643 624/622/621
f 624/622/621 645/645/643 646/646/644
f 593/593/592 624/622/621 647/647/645
f 597/595/594 626/626/624 649/648/646
f 628/628/626 597/595/594 649/648/646
f 628/628/626 649/648/646 650/649/647
f 629/629/627 599/597/596 651/650/648
f 630/630/628 629/629/627 651/650/648
f 630/630/628 651/650/648 652/651/649
f 631/631/629 602/600/599 653/652/650
f 632/632/630 631/631/629 654/653/651
f 633/633/631 632/632/630 655/654/652
f 604/602/601 633/633/631 634/634/632
f 635/635/633 630/630/628 652/651/649
f 635/635/633 652/651/649 656/655/653
f 612/610/609 635/635/633 636/636/634
f 636/636/634 635/635/633 657/656/654
f 637/637/635 636/636/634 657/656/654
f 637/637/635 657/656/654 658/657/655
f 640/640/638 639/639/637 659/658/656
f 641/641/639 617/615/614 659/658/656
f 642/642/640 641/641/639 660/659/657
f 643/643/641 620/618/617 661/660/658
f 644/644/642 643/643/641 662/661/659
f 645/645/643 644/644/642 646/646/644
f 646/646/644 644/644/642 663/662/660
f 624/622/621 646/646/644 647/647/645
f 647/647/645 646/646/644 664/663/661
f 626/626/624 648/664/662 649/648/646
f 649/648/646 648/664/662 665/665/663
f 650/649/647 649/648/646 665/665/663
f 650/649/647 665/665/663 666/666/664
f 652/651/649 651/650/648 667/667/665
f 653/652/650 602/600/599 668/668/666
f 654/653/651 631/631/629 669/669/667
f 632/632/630 654/653/651 655/654/652
f 655/654/652 654/653/651 670/670/668
f 656/655/653 652/651/649 671/671/669
f 635/635/633 656/655/653 657/656/654
f 657/656/654 656/655/653 658/657/655
f 658/657/655 656/655/653 672/672/670
f 637/637/635 658/657/655 672/672/670
f 659/658/656 617/615/614 640/640/638
f 641/641/639 659/658/656 660/659/657
f 660/659/657 659/658/656 673/673/671
f 642/642/640 660/659/657 674/674/672
f 643/643/641 661/660/658 662/661/659
f 662/661/659 661/660/658 675/675/673
f 644/644/642 662/661/659 663/662/660
f 663/662/660 662/661/659 676/676/674
f 646/646/644 663/662/660 664/663/661
f 664/663/661 663/662/660 677/677/675
f 665/665/663 648/664/662 678/678/676
f 665/665/663 678/678/676 679/679/677
f 666/666/664 665/665/663 679/679/677
f 666/666/664 679/679/677 680/680/678
f 652/651/649 667/667/665 681/681/679
f 668/668/666 602/600/599 682/682/680
f 669/669/667 631/631/629 653/652/650
f 669/669/667 653/652/650 668/668/666
f 669/669/667 668/668/666 683/683/681
f 654/653/651 669/669/667 670/670/668
f 670/670/668 669/669/667 683/683/681
f 670/670/668 683/683/681 684/684/682
f 671/671/669 652/651/649 681/681/679
f 671/671/669 681/681/679 685/685/683
f 656/655/653 671/671/669 672/672/670
f 672/672/670 671/671/669 685/685/683
f 672/672/670 685/685/683 686/686/684
f 673/673/671 659/658/656 687/687/685
f 660/659/657 673/673/671 674/674/672
f 674/674/672 673/673/671 688/688/686
f 662/661/659 675/675/673 676/676/674
f 676/676/674 675/675/673 689/689/687
f 663/662/660 676/676/674 690/690/688
f 677/677/675 663/662/660 690/690/688
f 677/677/675 690/690/688 691/691/689
f 664/663/661 677/677/675 692/692/690
f 680/680/678 679/679/677 693/693/691
f 680/680/678 693/693/691 694/694/692
f 681/681/679 667/667/665 695/695/693
f 668/668/666 682/682/680 696/696/694
f 683/683/681 668/668/666 696/696/694
f 683/683/681 696/696/694 684/684/682
f 684/684/682 696/696/694 697/697/695
f 670/670/668 684/684/682 698/698/696
f 685/685/683 681/681/679 699/699/697
f 686/686/684 685/685/683 699/699/697
f 686/686/684 699/699/697 700/700/698
f 672/672/670 686/686/684 700/700/698
f 687/687/685 659/658/656 701/701/699
f 673/673/671 687/687/685 688/688/686
f 688/688/686 687/687/685 701/701/699
f 688/688/686 701/701/699 702/702/700
f 676/676/674 689/689/687 690/690/688
f 690/690/688 689/689/687 703/703/701
f 691/691/689 690/690/688 703/703/701
f 691/691/689 703/703/701 704/704/702
f 677/677/675 691/691/689 705/705/703
f 692/692/690 677/677/675 705/705/703
f 692/692/690 705/705/703 706/706/704
f 694/694/692 693/693/691 707/707/705
f 694/694/692 707/707/705 708/708/706
f 681/681/679 695/695/693 711/709/707
f 696/696/694 682/682/680 697/697/695
f 697/697/695 682/682/680 712/710/708
f 684/684/682 697/697/695 698/698/696
f 699/699/697 681/681/679 711/709/707
f 699/699/697 711/709/707 713/711/709
f 700/700/698 699/699/697 713/711/709
f 700/700/698 713/711/709 714/712/710
f 703/703/701 689/689/687 715/713/711
f 704/704/702 703/703/701 715/713/711
f 704/704/702 715/713/711 716/714/712
f 691/691/689 704/704/702 717/715/713
f 705/705/703 691/691/689 717/715/713
f 705/705/703 717/715/713 706/706/704
f 706/706/704 717/715/713 718/716/714
f 692/692/690 706/706/704 719/717/715
f 708/708/706 707/707/705 720/718/716
f 708/708/706 720/718/716 721/719/717
f 710/720/718 709/721/719 723/722/720
f 712/710/708 682/682/680 602/600/599
f 712/710/708 602/600/599 724/723/721
f 697/697/695 712/710/708 725/724/722
f 713/711/709 711/709/707 714/712/710
f 716/714/712 715/713/711 726/725/723
f 704/704/702 716/714/712 717/715/713
f 717/715/713 716/714/712 718/716/714
f 718/716/714 716/714/712 727/726/724
f 706/706/704 718/716/714 728/727/725
f 719/717/715 706/706/704 728/727/725
f 719/717/715 728/727/725 729/728/726
f 721/719/717 720/718/716 730/729/727
f 721/719/717 730/729/727 731/730/728
f 722/731/729 721/719/717 731/730/728
f 722/731/729 731/730/728 732/732/730
f 709/721/719 722/731/729 723/722/720
f 723/722/720 722/731/729 733/733/731
f 725/724/722 712/710/708 735/734/732
f 716/714/712 726/725/723 727/726/724
f 718/716/714 727/726/724 736/735/733
f 728/727/725 718/716/714 736/735/733
f 728/727/725 736/735/733 729/728/726
f 729/728/726 736/735/733 737/736/734
f 731/730/728 730/729/727 738/737/735
f 731/730/728 738/737/735 739/738/736
f 732/732/730 731/730/728 739/738/736
f 732/732/730 739/738/736 740/739/737
f 722/731/729 732/732/730 733/733/731
f 733/733/731 732/732/730 741/740/738
f 734/741/739 742/742/740 743/743/741
f 725/724/722 735/734/732 745/744/742
f 736/735/733 727/726/724 746/745/743
f 736/735/733 746/745/743 737/736/734
f 737/736/734 746/745/743 747/746/744
f 729/728/726 737/736/734 748/747/745
f 739/738/736 738/737/735 749/748/746
f 739/738/736 749/748/746 750/749/747
f 740/739/737 739/738/736 750/749/747
f 740/739/737 750/749/747 751/750/748
f 732/732/730 740/739/737 741/740/738
f 741/740/738 740/739/737 752/751/749
f 733/733/731 741/740/738 753/752/750
f 742/742/740 753/752/750 754/753/751
f 743/743/741 742/742/740 754/753/751
f 743/743/741 754/753/751 755/754/752
f 734/741/739 743/743/741 756/755/753
f 745/744/742 735/734/732 190/188/187
f 737/736/734 747/746/744 759/756/754
f 748/747/745 737/736/734 759/756/754
f 748/747/745 759/756/754 760/757/755
f 750/749/747 749/748/746 761/758/756
f 750/749/747 761/758/756 762/759/757
f 751/750/748 750/749/747 762/759/757
f 751/750/748 762/759/757 763/760/758
f 740/739/737 751/750/748 752/751/749
f 752/751/749 751/750/748 764/761/759
f 741/740/738 752/751/749 765/762/760
f 753/752/750 741/740/738 765/762/760
f 753/752/750 765/762/760 766/763/761
f 754/753/751 753/752/750 766/763/761
f 754/753/751 766/763/761 767/764/762
f 755/754/752 754/753/751 767/764/762
f 755/754/752 767/764/762 768/765/763
f 743/743/741 755/754/752 769/766/764
f 756/755/753 743/743/741 769/766/764
f 756/755/753 769/766/764 770/767/765
f 734/741/739 756/755/753 757/768/766
f 757/768/766 756/755/753 770/767/765
f 757/768/766 770/767/765 771/769/767
f 744/770/768 757/768/766 772/771/769
f 190/188/187 735/734/732 773/772/770
f 747/746/744 758/773/771 759/756/754
f 759/756/754 758/773/771 776/774/772
f 760/757/755 759/756/754 776/774/772
f 760/757/755 776/774/772 777/775/773
f 763/760/758 762/759/757 779/776/774
f 763/760/758 779/776/774 780/777/775
f 751/750/748 763/760/758 764/761/759
f 764/761/759 763/760/758 781/778/776
f 752/751/749 764/761/759 765/762/760
f 765/762/760 764/761/759 782/779/777
f 766/763/761 765/762/760 783/780/778
f 767/764/762 766/763/761 784/781/779
f 768/765/763 767/764/762 785/782/780
f 755/754/752 768/765/763 786/783/781
f 769/766/764 755/754/752 786/783/781
f 769/766/764 786/783/781 787/784/782
f 770/767/765 769/766/764 787/784/782
f 770/767/765 787/784/782 788/785/783
f 771/769/767 770/767/765 788/785/783
f 771/769/767 788/785/783 789/786/784
f 757/768/766 771/769/767 772/771/769
f 772/771/769 771/769/767 790/787/785
f 744/770/768 772/771/769 791/788/786
f 758/773/771 775/789/787 776/774/772
f 776/774/772 775/789/787 792/790/788
f 777/775/773 776/774/772 792/790/788
f 777/775/773 792/790/788 793/791/789
f 778/792/790 795/793/791 796/794/792
f 763/760/758 780/777/775 781/778/776
f 781/778/776 780/777/775 799/795/793
f 764/761/759 781/778/776 782/779/777
f 782/779/777 781/778/776 800/796/794
f 765/762/760 782/779/777 783/780/778
f 783/780/778 782/779/777 801/797/795
f 766/763/761 783/780/778 784/781/779
f 784/781/779 783/780/778 802/798/796
f 767/764/762 784/781/779 785/782/780
f 785/782/780 784/781/779 803/799/797
f 768/765/763 785/782/780 804/800/798
f 786/783/781 768/765/763 805/801/799
f 787/784/782 786/783/781 805/801/799
f 787/784/782 805/801/799 788/785/783
f 788/785/783 805/801/799 806/802/800
f 789/786/784 788/785/783 806/802/800
f 789/786/784 806/802/800 807/803/801
f 771/769/767 789/786/784 790/787/785
f 790/787/785 789/786/784 808/804/802
f 772/771/769 790/787/785 791/788/786
f 791/788/786 790/787/785 809/805/803
f 792/790/788 775/789/787 810/806/804
f 793/791/789 792/790/788 811/807/805
f 795/793/791 794/808/806 813/809/807
f 795/793/791 813/809/807 814/810/808
f 796/794/792 795/793/791 814/810/808
f 796/794/792 814/810/808 815/811/809
f 797/812/810 796/794/792 815/811/809
f 797/812/810 815/811/809 816/813/811
f 798/814/812 816/813/811 817/815/813
f 780/777/775 798/814/812 799/795/793
f 799/795/793 798/814/812 818/816/814
f 781/778/776 799/795/793 800/796/794
f 800/796/794 799/795/793 819/817/815
f 782/779/777 800/796/794 801/797/795
f 801/797/795 800/796/794 820/818/816
f 783/780/778 801/797/795 802/798/796
f 802/798/796 801/797/795 821/819/817
f 784/781/779 802/798/796 803/799/797
f 803/799/797 802/798/796 822/820/818
f 785/782/780 803/799/797 823/821/819
f 804/800/798 785/782/780 823/821/819
f 768/765/763 804/800/798 805/801/799
f 805/801/799 804/800/798 824/822/820
f 806/802/800 805/801/799 825/823/821
f 807/803/801 806/802/800 826/824/822
f 789/786/784 807/803/801 808/804/802
f 808/804/802 807/803/801 827/825/823
f 790/787/785 808/804/802 809/805/803
f 809/805/803 808/804/802 828/826/824
f 791/788/786 809/805/803 829/827/825
f 792/790/788 810/806/804 811/807/805
f 811/807/805 810/806/804 830/828/826
f 793/791/789 811/807/805 812/829/827
f 812/829/827 811/807/805 831/830/828
f 813/809/807 832/831/829 833/832/830
f 814/810/808 813/809/807 833/832/830
f 814/810/808 833/832/830 834/833/831
f 815/811/809 814/810/808 834/833/831
f 815/811/809 834/833/831 835/834/832
f 816/813/811 815/811/809 835/834/832
f 816/813/811 835/834/832 836/835/833
f 817/815/813 816/813/811 836/835/833
f 817/815/813 836/835/833 837/836/834
f 798/814/812 817/815/813 818/816/814
f 818/816/814 817/815/813 838/837/835
f 799/795/793 818/816/814 839/838/836
f 819/817/815 799/795/793 839/838/836
f 819/817/815 839/838/836 840/839/837
f 800/796/794 819/817/815 820/818/816
f 820/818/816 819/817/815 840/839/837
f 820/818/816 840/839/837 841/840/838
f 801/797/795 820/818/816 821/819/817
f 821/819/817 820/818/816 841/840/838
f 821/819/817 841/840/838 842/841/839
f 802/798/796 821/819/817 822/820/818
f 822/820/818 821/819/817 842/841/839
f 822/820/818 842/841/839 843/842/840
f 823/821/819 803/799/797 844/843/841
f 825/823/821 845/844/842 826/824/822
f 826/824/822 806/802/800 825/823/821
f 807/803/801 826/824/822 827/825/823
f 827/825/823 826/824/822 846/845/843
f 808/804/802 827/825/823 828/826/824
f 828/826/824 827/825/823 847/846/844
f 809/805/803 828/826/824 829/827/825
f 829/827/825 828/826/824 848/847/845
f 811/807/805 830/828/826 831/830/828
f 831/830/828 830/828/826 849/848/846
f 812/829/827 831/830/828 850/849/847
f 833/832/830 851/850/848 852/851/849
f 834/833/831 833/832/830 852/851/849
f 834/833/831 852/851/849 853/852/850
f 835/834/832 834/833/831 853/852/850
f 835/834/832 853/852/850 854/853/851
f 836/835/833 835/834/832 854/853/851
f 836/835/833 854/853/851 855/854/852
f 837/836/834 836/835/833 855/854/852
f 837/836/834 855/854/852 856/855/853
f 817/815/813 837/836/834 838/837/835
f 838/837/835 837/836/834 857/856/854
f 818/816/814 838/837/835 858/857/855
f 839/838/836 818/816/814 858/857/855
f 839/838/836 858/857/855 859/858/856
f 840/839/837 839/838/836 859/858/856
f 840/839/837 859/858/856 860/859/857
f 841/840/838 840/839/837 860/859/857
f 841/840/838 860/859/857 861/860/858
f 842/841/839 841/840/838 861/860/858
f 842/841/839 861/860/858 862/861/859
f 843/842/840 842/841/839 862/861/859
f 843/842/840 862/861/859 863/862/860
f 822/820/818 843/842/840 864/863/861
f 844/843/841 803/799/797 864/863/861
f 826/824/822 845/844/842 846/845/843
f 827/825/823 846/845/843 847/846/844
f 828/826/824 847/846/844 848/847/845
f 831/830/828 849/848/846 865/864/862
f 850/849/847 831/830/828 865/864/862
f 850/849/847 865/864/862 866/865/863
f 852/851/849 851/850/848 867/866/864
f 852/851/849 867/866/864 868/867/865
f 853/852/850 852/851/849 868/867/865
f 853/852/850 868/867/865 869/868/866
f 854/853/851 853/852/850 869/868/866
f 854/853/851 869/868/866 870/869/867
f 855/854/852 854/853/851 870/869/867
f 855/854/852 870/869/867 871/870/868
f 856/855/853 855/854/852 871/870/868
f 856/855/853 871/870/868 872/871/869
f 837/836/834 856/855/853 857/856/854
f 857/856/854 856/855/853 873/872/870
f 838/837/835 857/856/854 874/873/871
f 858/857/855 838/837/835 874/873/871
f 858/857/855 874/873/871 875/874/872
f 859/858/856 858/857/855 875/874/872
f 859/858/856 875/874/872 876/875/873
f 860/859/857 859/858/856 876/875/873
f 860/859/857 876/875/873 877/876/874
f 861/860/858 860/859/857 877/876/874
f 861/860/858 877/876/874 878/877/875
f 862/861/859 861/860/858 879/878/876
f 863/862/860 862/861/859 880/879/877
f 864/863/861 843/842/840 881/880/878
f 822/820/818 864/863/861 803/799/797
f 865/864/862 849/848/846 882/881/879
f 866/865/863 865/864/862 883/882/880
f 868/867/865 867/866/864 885/883/881
f 868/867/865 885/883/881 886/884/882
f 869/868/866 868/867/865 886/884/882
f 869/868/866 886/884/882 887/885/883
f 870/869/867 869/868/866 887/885/883
f 870/869/867 887/885/883 888/886/884
f 871/870/868 870/869/867 888/886/884
f 871/870/868 888/886/884 889/887/885
f 872/871/869 871/870/868 889/887/885
f 872/871/869 889/887/885 890/888/886
f 856/855/853 872/871/869 873/872/870
f 873/872/870 872/871/869 891/889/887
f 857/856/854 873/872/870 892/890/888
f 874/873/871 857/856/854 892/890/888
f 874/873/871 892/890/888 893/891/889
f 875/874/872 874/873/871 893/891/889
f 875/874/872 893/891/889 894/892/890
f 876/875/873 875/874/872 894/892/890
f 876/875/873 894/892/890 895/893/891
f 877/876/874 876/875/873 895/893/891
f 877/876/874 895/893/891 878/877/875
f 878/877/875 895/893/891 896/894/892
f 861/860/858 878/877/875 897/895/893
f 879/878/876 861/860/858 897/895/893
f 879/878/876 897/895/893 898/896/894
f 862/861/859 879/878/876 899/897/895
f 880/879/877 862/861/859 899/897/895
f 865/864/862 882/881/879 883/882/880
f 883/882/880 882/881/879 901/898/896
f 866/865/863 883/882/880 884/899/897
f 884/899/897 883/882/880 902/900/898
f 886/884/882 885/883/881 903/901/899
f 886/884/882 903/901/899 904/902/900
f 887/885/883 886/884/882 904/902/900
f 887/885/883 904/902/900 905/903/901
f 888/886/884 887/885/883 905/903/901
f 888/886/884 905/903/901 906/904/902
f 889/887/885 888/886/884 906/904/902
f 889/887/885 906/904/902 907/905/903
f 890/888/886 889/887/885 907/905/903
f 890/888/886 907/905/903 908/906/904
f 872/871/869 890/888/886 891/889/887
f 891/889/887 890/888/886 909/907/905
f 873/872/870 891/889/887 910/908/906
f 892/890/888 873/872/870 910/908/906
f 892/890/888 910/908/906 911/909/907
f 893/891/889 892/890/888 911/909/907
f 893/891/889 911/909/907 912/910/908
f 894/892/890 893/891/889 912/910/908
f 894/892/890 912/910/908 913/911/909
f 895/893/891 894/892/890 913/911/909
f 895/893/891 913/911/909 896/894/892
f 896/894/892 913/911/909 914/912/910
f 878/877/875 896/894/892 915/913/911
f 897/895/893 878/877/875 916/914/912
f 898/896/894 897/895/893 917/915/913
f 879/878/876 898/896/894 918/916/914
f 899/897/895 879/878/876 918/916/914
f 899/897/895 918/916/914 919/917/915
f 774/918/916 900/919/916 920/920/916
f 883/882/880 901/898/896 902/900/898
f 902/900/898 901/898/896 921/921/917
f 903/901/899 923/922/918 924/923/919
f 904/902/900 903/901/899 924/923/919
f 904/902/900 924/923/919 925/924/920
f 905/903/901 904/902/900 925/924/920
f 905/903/901 925/924/920 926/925/921
f 906/904/902 905/903/901 926/925/921
f 906/904/902 926/925/921 927/926/922
f 907/905/903 906/904/902 927/926/922
f 907/905/903 927/926/922 928/927/923
f 908/906/904 907/905/903 928/927/923
f 908/906/904 928/927/923 929/928/924
f 890/888/886 908/906/904 909/907/905
f 909/907/905 908/906/904 930/929/925
f 891/889/887 909/907/905 931/930/926
f 910/908/906 891/889/887 931/930/926
f 910/908/906 931/930/926 932/931/927
f 911/909/907 910/908/906 932/931/927
f 911/909/907 932/931/927 933/932/928
f 912/910/908 911/909/907 933/932/928
f 912/910/908 933/932/928 934/933/929
f 913/911/909 912/910/908 934/933/929
f 913/911/909 934/933/929 914/912/910
f 914/912/910 934/933/929 935/934/930
f 896/894/892 914/912/910 936/935/931
f 915/913/911 896/894/892 936/935/931
f 915/913/911 936/935/931 937/936/932
f 878/877/875 915/913/911 916/914/912
f 916/914/912 915/913/911 937/936/932
f 916/914/912 937/936/932 938/937/933
f 897/895/893 916/914/912 917/915/913
f 917/915/913 916/914/912 939/938/934
f 898/896/894 917/915/913 940/939/935
f 918/916/914 898/896/894 941/940/936
f 921/921/917 901/898/896 943/941/937
f 902/900/898 921/921/917 922/942/938
f 922/942/938 921/921/917 944/943/939
f 924/923/919 945/944/940 946/945/941
f 925/924/920 924/923/919 946/945/941
f 925/924/920 946/945/941 947/946/942
f 926/925/921 925/924/920 947/946/942
f 926/925/921 947/946/942 948/947/943
f 927/926/922 926/925/921 948/947/943
f 927/926/922 948/947/943 949/948/944
f 928/927/923 927/926/922 949/948/944
f 928/927/923 949/948/944 950/949/945
f 929/928/924 928/927/923 950/949/945
f 929/928/924 950/949/945 951/950/946
f 908/906/904 929/928/924 930/929/925
f 930/929/925 929/928/924 952/951/947
f 909/907/905 930/929/925 953/952/948
f 931/930/926 909/907/905 953/952/948
f 931/930/926 953/952/948 954/953/949
f 932/931/927 931/930/926 954/953/949
f 932/931/927 954/953/949 955/954/950
f 933/932/928 932/931/927 955/954/950
f 933/932/928 955/954/950 935/934/930
f 935/934/930 934/933/929 933/932/928
f 914/912/910 935/934/930 956/955/951
f 936/935/931 914/912/910 957/956/952
f 938/937/933 937/936/932 958/957/953
f 916/914/912 938/937/933 939/938/934
f 939/938/934 938/937/933 958/957/953
f 939/938/934 958/957/953 940/939/935
f 940/939/935 917/915/913 939/938/934
f 898/896/894 940/939/935 941/940/936
f 941/940/936 940/939/935 942/958/954
f 942/958/954 940/939/935 958/957/953
f 921/921/917 943/941/937 944/943/939
f 944/943/939 943/941/937 959/959/955
f 922/942/938 944/943/939 960/960/956
f 946/945/941 945/944/940 961/961/957
f 946/945/941 961/961/957 962/962/958
f 947/946/942 946/945/941 962/962/958
f 947/946/942 962/962/958 963/963/959
f 948/947/943 947/946/942 963/963/959
f 948/947/943 963/963/959 964/964/960
f 949/948/944 948/947/943 964/964/960
f 949/948/944 964/964/960 965/965/961
f 950/949/945 949/948/944 965/965/961
f 950/949/945 965/965/961 966/966/962
f 951/950/946 950/949/945 966/966/962
f 951/950/946 966/966/962 967/967/963
f 929/928/924 951/950/946 952/951/947
f 930/929/925 952/951/947 969/968/964
f 953/952/948 930/929/925 969/968/964
f 953/952/948 969/968/964 970/969/965
f 954/953/949 953/952/948 970/969/965
f 954/953/949 970/969/965 971/970/966
f 955/954/950 954/953/949 971/970/966
f 955/954/950 971/970/966 956/955/951
f 956/955/951 935/934/930 955/954/950
f 914/912/910 956/955/951 957/956/952
f 957/956/952 956/955/951 972/971/967
f 936/935/931 957/956/952 973/972/968
f 944/943/939 959/959/955 974/973/969
f 960/960/956 944/943/939 974/973/969
f 960/960/956 974/973/969 975/974/970
f 963/963/959 962/962/958 977/975/971
f 964/964/960 963/963/959 978/976/972
f 965/965/961 964/964/960 979/977/973
f 966/966/962 965/965/961 980/978/974
f 967/967/963 966/966/962 981/979/975
f 952/951/947 968/980/976 983/981/977
f 969/968/964 952/951/947 983/981/977
f 969/968/964 983/981/977 984/982/978
f 970/969/965 969/968/964 984/982/978
f 970/969/965 984/982/978 985/983/979
f 971/970/966 970/969/965 985/983/979
f 971/970/966 985/983/979 972/971/967
f 972/971/967 956/955/951 971/970/966
f 957/956/952 972/971/967 986/984/980
f 973/972/968 957/956/952 986/984/980
f 973/972/968 986/984/980 987/985/981
f 936/935/931 973/972/968 988/986/982
f 974/973/969 959/959/955 989/987/983
f 975/974/970 974/973/969 989/987/983
f 975/974/970 989/987/983 990/988/984
f 962/962/958 976/989/985 977/975/971
f 963/963/959 977/975/971 978/976/972
f 978/976/972 977/975/971 991/990/986
f 964/964/960 978/976/972 979/977/973
f 979/977/973 978/976/972 992/991/987
f 965/965/961 979/977/973 980/978/974
f 980/978/974 979/977/973 993/992/988
f 966/966/962 980/978/974 981/979/975
f 981/979/975 980/978/974 994/993/989
f 968/980/976 982/994/990 996/995/991
f 983/981/977 968/980/976 996/995/991
f 983/981/977 996/995/991 997/996/992
f 984/982/978 983/981/977 997/996/992
f 984/982/978 997/996/992 998/997/993
f 985/983/979 984/982/978 998/997/993
f 985/983/979 998/997/993 999/998/994
f 972/971/967 985/983/979 999/998/994
f 972/971/967 999/998/994 986/984/980
f 986/984/980 999/998/994 987/985/981
f 987/985/981 999/998/994 1000/999/995
f 973/972/968 987/985/981 1001/1000/996
f 988/986/982 973/972/968 1001/1000/996
f 988/986/982 1001/1000/996 1002/1001/997
f 989/987/983 959/959/955 1003/1002/998
f 978/976/972 991/990/986 992/991/987
f 979/977/973 992/991/987 993/992/988
f 993/992/988 992/991/987 1006/1003/999
f 980/978/974 993/992/988 994/993/989
f 994/993/989 993/992/988 1007/1004/1000
f 981/979/975 994/993/989 1008/1005/1001
f 982/994/990 995/1006/1002 1010/1007/1003
f 996/995/991 982/994/990 1010/1007/1003
f 996/995/991 1010/1007/1003 1011/1008/1004
f 997/996/992 996/995/991 1011/1008/1004
f 997/996/992 1011/1008/1004 1012/1009/1005
f 998/997/993 997/996/992 1012/1009/1005
f 998/997/993 1012/1009/1005 1000/999/995
f 1000/999/995 999/998/994 998/997/993
f 987/985/981 1000/999/995 1013/1010/1006
f 1001/1000/996 987/985/981 1013/1010/1006
f 1001/1000/996 1013/1010/1006 1014/1011/1007
f 1002/1001/997 1001/1000/996 1015/1012/1008
f 988/986/982 1002/1001/997 1016/1013/1009
f 1003/1002/998 959/959/955 988/986/982
f 989/987/983 1003/1002/998 1004/1014/1010
f 1004/1014/1010 1003/1002/998 1017/1015/1011
f 992/991/987 1005/1016/1012 1006/1003/999
f 993/992/988 1006/1003/999 1007/1004/1000
f 994/993/989 1007/1004/1000 1018/1017/1013
f 1008/1005/1001 994/993/989 1018/1017/1013
f 995/1006/1002 1009/1018/1014 1020/1019/1015
f 1010/1007/1003 995/1006/1002 1020/1019/1015
f 1010/1007/1003 1020/1019/1015 1021/1020/1016
f 1011/1008/1004 1010/1007/1003 1021/1020/1016
f 1011/1008/1004 1021/1020/1016 1022/1021/1017
f 1012/1009/1005 1011/1008/1004 1022/1021/1017
f 1012/1009/1005 1022/1021/1017 1000/999/995
f 1000/999/995 1022/1021/1017 1023/1022/1018
f 1013/1010/1006 1000/999/995 1024/1023/1019
f 1014/1011/1007 1013/1010/1006 1024/1023/1019
f 1014/1011/1007 1024/1023/1019 1025/1024/1020
f 1001/1000/996 1014/1011/1007 1015/1012/1008
f 1015/1012/1008 1014/1011/1007 1025/1024/1020
f 1015/1012/1008 1025/1024/1020 1026/1025/1021
f 1002/1001/997 1015/1012/1008 1027/1026/1022
f 1016/1013/1009 1002/1001/997 1027/1026/1022
f 988/986/982 1016/1013/1009 1017/1015/1011
f 1009/1018/1014 1019/1027/1023 1029/1028/1024
f 1020/1019/1015 1009/1018/1014 1029/1028/1024
f 1020/1019/1015 1029/1028/1024 1030/1029/1025
f 1021/1020/1016 1020/1019/1015 1030/1029/1025
f 1021/1020/1016 1030/1029/1025 1031/1030/1026
f 1022/1021/1017 1021/1020/1016 1031/1030/1026
f 1022/1021/1017 1031/1030/1026 1023/1022/1018
f 1023/1022/1018 1031/1030/1026 1032/1031/1027
f 1000/999/995 1023/1022/1018 1024/1023/1019
f 1024/1023/1019 1023/1022/1018 1033/1032/1028
f 1025/1024/1020 1024/1023/1019 1033/1032/1028
f 1025/1024/1020 1033/1032/1028 1034/1033/1029
f 1026/1025/1021 1025/1024/1020 1034/1033/1029
f 1026/1025/1021 1034/1033/1029 1035/1034/1030
f 1015/1012/1008 1026/1025/1021 1036/1035/1031
f 1027/1026/1022 1015/1012/1008 1036/1035/1031
f 1027/1026/1022 1036/1035/1031 1037/1036/1032
f 988/986/982 1017/1015/1011 1003/1002/998
f 1019/1027/1023 1028/1037/1033 1039/1038/1034
f 1029/1028/1024 1019/1027/1023 1039/1038/1034
f 1029/1028/1024 1039/1038/1034 1040/1039/1035
f 1030/1029/1025 1029/1028/1024 1040/1039/1035
f 1030/1029/1025 1040/1039/1035 1041/1040/1036
f 1031/1030/1026 1030/1029/1025 1041/1040/1036
f 1031/1030/1026 1041/1040/1036 1042/1041/1037
f 1032/1031/1027 1031/1030/1026 1042/1041/1037
f 1032/1031/1027 1042/1041/1037 1043/1042/1038
f 1023/1022/1018 1032/1031/1027 1033/1032/1028
f 1033/1032/1028 1032/1031/1027 1043/1042/1038
f 1033/1032/1028 1043/1042/1038 1034/1033/1029
f 1034/1033/1029 1043/1042/1038 1044/1043/1039
f 1035/1034/1030 1034/1033/1029 1045/1044/1040
f 1026/1025/1021 1035/1034/1030 1046/1045/1041
f 1036/1035/1031 1026/1025/1021 1046/1045/1041
f 1036/1035/1031 1046/1045/1041 1047/1046/1042
f 1037/1036/1032 1036/1035/1031 1047/1046/1042
f 1039/1038/1034 1028/1037/1033 1048/1047/1043
f 1039/1038/1034 1048/1047/1043 1049/1048/1044
f 1040/1039/1035 1039/1038/1034 1049/1048/1044
f 1040/1039/1035 1049/1048/1044 1050/1049/1045
f 1041/1040/1036 1040/1039/1035 1050/1049/1045
f 1041/1040/1036 1050/1049/1045 1051/1050/1046
f 1042/1041/1037 1041/1040/1036 1051/1050/1046
f 1034/1033/1029 1044/1043/1039 1045/1044/1040
f 1045/1044/1040 1044/1043/1039 1053/1051/1047
f 1035/1034/1030 1045/1044/1040 1054/1052/1048
f 1046/1045/1041 1035/1034/1030 1054/1052/1048
f 1046/1045/1041 1054/1052/1048 1055/1053/1049
f 1047/1046/1042 1046/1045/1041 1055/1053/1049
f 1048/1047/1043 1038/1054/1050 1056/1055/1051
f 1048/1047/1043 1056/1055/1051 1057/1056/1052
f 1049/1048/1044 1048/1047/1043 1057/1056/1052
f 1049/1048/1044 1057/1056/1052 1058/1057/1053
f 1050/1049/1045 1049/1048/1044 1058/1057/1053
f 1050/1049/1045 1058/1057/1053 1059/1058/1054
f 1051/1050/1046 1050/1049/1045 1059/1058/1054
f 1044/1043/1039 1052/1059/1055 1053/1051/1047
f 1053/1051/1047 1052/1059/1055 1060/1060/1056
f 1045/1044/1040 1053/1051/1047 1061/1061/1057
f 1054/1052/1048 1045/1044/1040 1061/1061/1057
f 1057/1056/1052 1056/1055/1051 1062/1062/1058
f 1057/1056/1052 1062/1062/1058 1063/1063/1059
f 1058/1057/1053 1057/1056/1052 1063/1063/1059
f 1058/1057/1053 1063/1063/1059 1064/1064/1060
f 1059/1058/1054 1058/1057/1053 1064/1064/1060
f 1053/1051/1047 1060/1060/1056 1065/1065/1061
f 1061/1061/1057 1053/1051/1047 1065/1065/1061
f 1062/1062/1058 1066/1066/1062 1067/1067/1063
f 1063/1063/1059 1062/1062/1058 1067/1067/1063
f 1063/1063/1059 1067/1067/1063 1068/1068/1064
f 1064/1064/1060 1063/1063/1059 1068/1068/1064
f 1067/1067/1063 1066/1066/1062 1069/1069/1065
f 1067/1067/1063 1069/1069/1065 1070/1070/1066
