HIERARCHY
ROOT Hips
{
	OFFSET -0.001795 -0.223333 0.028219
	CHANNELS 6 Xposition Yposition Zposition Zrotation Yrotation Xrotation 
	JOINT LeftUpLeg
	{
		OFFSET 0.069520 -0.091406 -0.006815
		CHANNELS 3 Zrotation Yrotation Xrotation
		JOINT LeftLeg
		{
			OFFSET 0.034277 -0.375199 -0.004496
			CHANNELS 3 Zrotation Yrotation Xrotation
			JOINT LeftFoot
			{
				OFFSET -0.013596 -0.397961 -0.043693
				CHANNELS 3 Zrotation Yrotation Xrotation
				JOINT LeftToe
				{
					OFFSET 0.026358 -0.055791 0.119288
					CHANNELS 3 Zrotation Yrotation Xrotation
					End Site
					{
						OFFSET 0.000000 0.000000 0.000000
					}
				}
			}
		}
	}
	JOINT RightUpLeg
	{
		OFFSET -0.067670 -0.090522 -0.004320
		CHANNELS 3 Zrotation Yrotation Xrotation
		JOINT RightLeg
		{
			OFFSET -0.038290 -0.382569 -0.008850
			CHANNELS 3 Zrotation Yrotation Xrotation
			JOINT RightFoot
			{
				OFFSET 0.015774 -0.398415 -0.042312
				CHANNELS 3 Zrotation Yrotation Xrotation
				JOINT RightToe
				{
					OFFSET -0.025372 -0.048144 0.123348
					CHANNELS 3 Zrotation Yrotation Xrotation
					End Site
					{
						OFFSET 0.000000 0.000000 0.000000
					}
				}
			}
		}
	}
	JOINT Spine
	{
		OFFSET -0.002533 0.108963 -0.026696
		CHANNELS 3 Zrotation Yrotation Xrotation
		JOINT Spine1
		{
			OFFSET 0.005487 0.135180 0.001092
			CHANNELS 3 Zrotation Yrotation Xrotation
			JOINT Spine2
			{
				OFFSET 0.001457 0.052922 0.025425
				CHANNELS 3 Zrotation Yrotation Xrotation
				JOINT Neck
				{
					OFFSET -0.002778 0.213870 -0.042857
					CHANNELS 3 Zrotation Yrotation Xrotation
					JOINT Head
					{
						OFFSET 0.005152 0.064970 0.051349
						CHANNELS 3 Zrotation Yrotation Xrotation
						End Site
						{
							OFFSET 0.000000 0.000000 0.000000
						}
					}
				}
				JOINT LeftShoulder
				{
					OFFSET 0.078845 0.121749 -0.034090
					CHANNELS 3 Zrotation Yrotation Xrotation
					JOINT LeftArm
					{
						OFFSET 0.090977 0.030469 -0.008868
						CHANNELS 3 Zrotation Yrotation Xrotation
						JOINT LeftForeArm
						{
							OFFSET 0.259612 -0.012772 -0.027456
							CHANNELS 3 Zrotation Yrotation Xrotation
							JOINT LeftHand
							{
								OFFSET 0.249234 0.008986 -0.001171
								CHANNELS 3 Zrotation Yrotation Xrotation
								End Site
								{
									OFFSET 0.000000 0.000000 0.000000
								}
							}
						}
					}
				}
				JOINT RightShoulder
				{
					OFFSET -0.081759 0.118833 -0.038615
					CHANNELS 3 Zrotation Yrotation Xrotation
					JOINT RightArm
					{
						OFFSET -0.096012 0.032551 -0.009143
						CHANNELS 3 Zrotation Yrotation Xrotation
						JOINT RightForeArm
						{
							OFFSET -0.253742 -0.013329 -0.021401
							CHANNELS 3 Zrotation Yrotation Xrotation
							JOINT RightHand
							{
								OFFSET -0.255298 0.007772 -0.005559
								CHANNELS 3 Zrotation Yrotation Xrotation
								End Site
								{
									OFFSET 0.000000 0.000000 0.000000
								}
							}
						}
					}
				}
			}
		}
	}
}
MOTION
Frames: 196
Frame Time: 0.050000
0.000000 0.946911 0.000000 -1.766349 3.290427 3.855994 6.245831 -0.191702 -0.306805 2.027130 0.034637 -4.744930 11.694376 22.559630 28.780323 0.000000 0.000000 0.000000 -5.021401 0.349353 -3.920205 -0.841473 0.002384 -1.957641 -0.096363 -6.456004 18.625831 0.000000 0.000000 0.000000 0.852000 0.022976 -0.895393 1.184098 -0.542793 -0.457152 0.155426 -0.371601 -2.335126 1.124821 -0.033368 -8.469675 0.000000 0.000000 0.000000 -21.595834 -1.244466 -2.026592 -50.954116 -4.410707 -3.477053 -13.213791 -20.083584 2.960437 0.000000 0.000000 0.000000 19.421325 2.199718 -0.519099 54.328559 5.674428 -2.078137 9.019535 17.952073 1.816897 0.000000 0.000000 0.000000 
0.000071 0.945406 0.000264 -1.725275 2.122602 4.161593 5.675445 -0.151342 0.030382 2.756317 0.023783 -5.415684 12.458329 23.242984 29.132624 0.000000 0.000000 0.000000 -5.620585 0.374160 -4.188371 -0.013145 -0.094940 -2.440667 0.426231 -5.690099 18.220229 0.000000 0.000000 0.000000 0.802330 0.040693 -1.261994 0.075941 -0.017295 -0.618076 1.194600 -0.315970 -2.320920 0.498806 0.442232 -9.815531 0.000000 0.000000 0.000000 -22.127530 -0.017494 -2.540201 -51.116165 -4.433537 -3.533272 -13.800169 -20.522068 3.168759 0.000000 0.000000 0.000000 18.649773 1.946867 -0.811886 55.686563 5.656086 -2.091602 9.035014 18.544764 1.859551 0.000000 0.000000 0.000000 
0.000015 0.945107 0.000236 -1.577086 2.795700 4.243363 5.518869 -0.164844 -0.186084 2.873299 0.021284 -5.451023 12.079092 22.917889 28.778039 0.000000 0.000000 0.000000 -5.647318 0.383070 -4.523414 -0.182642 -0.051082 -1.748831 0.014389 -6.202564 17.993610 0.000000 0.000000 0.000000 0.483948 0.028781 -0.924782 0.460633 -0.122247 -2.401159 0.651994 -0.820408 -1.611864 0.534898 0.374335 -9.255082 0.000000 0.000000 0.000000 -21.473505 -0.236185 -2.322905 -51.431339 -4.609944 -3.549269 -13.966828 -19.824884 3.090648 0.000000 0.000000 0.000000 20.131904 2.290646 -0.712046 54.074386 5.004860 -2.405042 8.897743 18.653161 1.860639 0.000000 0.000000 0.000000 
-0.000102 0.944412 0.000135 -1.927486 2.629510 4.425155 5.557020 -0.180276 -0.516321 3.485940 -0.030927 -5.176226 12.297128 23.141281 28.672234 0.000000 0.000000 0.000000 -5.689181 0.437261 -5.524910 0.561911 -0.076331 -0.427296 0.010722 -6.151154 17.662772 0.000000 0.000000 0.000000 0.666667 0.035042 -1.128024 -0.442011 0.251655 -1.488118 2.004106 -1.583266 -2.707240 -0.329348 0.842425 -8.796119 0.000000 0.000000 0.000000 -21.405895 0.688285 -2.527136 -52.227286 -5.306357 -3.276859 -13.211131 -19.705606 2.981146 0.000000 0.000000 0.000000 19.132032 2.667667 -0.787957 54.355535 4.740114 -2.364488 9.154573 18.909287 1.875649 0.000000 0.000000 0.000000 
-0.000371 0.944432 -0.000052 -1.845661 3.218986 4.244204 5.484056 -0.183677 -0.535754 3.588845 -0.042831 -5.050099 11.936181 22.823486 28.393234 0.000000 0.000000 0.000000 -5.780172 0.412464 -5.273847 0.662466 -0.084666 -0.331775 -0.275129 -6.530907 17.653166 0.000000 0.000000 0.000000 0.528233 0.023288 -0.820415 0.009109 0.060298 -1.811492 1.427509 -1.513689 -2.436373 -0.658086 1.068205 -8.477397 0.000000 0.000000 0.000000 -21.351209 0.361814 -2.478522 -52.371912 -5.981423 -2.992552 -13.357589 -19.285453 2.919923 0.000000 0.000000 0.000000 19.670740 2.427745 -0.811865 53.897429 4.832434 -2.357267 9.569750 19.356060 2.010463 0.000000 0.000000 0.000000 
-0.000543 0.944685 -0.000295 -1.986622 3.192261 4.334523 5.551247 -0.190511 -0.639547 3.759069 -0.051582 -5.072724 11.944524 22.828136 28.498798 0.000000 0.000000 0.000000 -5.655726 0.438378 -5.711805 0.733113 -0.074960 0.211765 -0.272874 -6.539124 17.689549 0.000000 0.000000 0.000000 0.546443 0.036667 -1.133884 -0.042404 0.070577 -1.468326 1.653738 -1.459296 -2.483179 -0.550745 0.985817 -8.318469 0.000000 0.000000 0.000000 -21.635381 0.417244 -2.537702 -52.765094 -6.552284 -2.764392 -12.645170 -18.874980 2.738100 0.000000 0.000000 0.000000 19.434442 2.529340 -0.743762 54.129061 5.484708 -2.071902 9.572799 18.832974 1.948871 0.000000 0.000000 0.000000 
-0.000649 0.944603 -0.000630 -1.924092 3.396667 4.216839 5.412544 -0.181614 -0.496338 3.929230 -0.051565 -5.218305 11.804817 22.702262 28.423799 0.000000 0.000000 0.000000 -5.612451 0.430458 -5.620592 0.568624 -0.053057 0.319947 -0.386048 -6.680729 17.625783 0.000000 0.000000 0.000000 0.479554 0.034009 -1.051704 -0.031602 0.065050 -1.430274 1.485580 -1.742715 -2.192828 -0.535404 0.980528 -8.493283 0.000000 0.000000 0.000000 -21.611291 0.170002 -2.352280 -52.982474 -7.033586 -2.601710 -12.350272 -18.588668 2.654322 0.000000 0.000000 0.000000 19.582709 2.936162 -0.558466 54.303613 5.875105 -1.928899 9.295538 19.064319 1.933020 0.000000 0.000000 0.000000 
-0.000594 0.944759 -0.001158 -1.964050 3.457125 4.033894 5.287396 -0.173883 -0.432528 4.228747 -0.079415 -5.068191 11.754971 22.656605 28.420200 0.000000 0.000000 0.000000 -5.400933 0.427327 -5.515179 0.273654 -0.014917 0.444354 -0.408261 -6.714373 17.651013 0.000000 0.000000 0.000000 0.508068 0.034956 -1.076348 -0.057928 0.071619 -1.276279 1.394473 -1.756506 -1.858099 -0.743368 1.077075 -7.779979 0.000000 0.000000 0.000000 -21.672192 -0.318029 -2.084515 -52.974180 -7.500141 -2.428949 -11.927904 -18.555414 2.583517 0.000000 0.000000 0.000000 19.755708 3.248205 -0.380955 54.275742 6.512517 -1.677869 9.076177 18.984303 1.895362 0.000000 0.000000 0.000000 
-0.000466 0.944784 -0.001837 -1.941824 3.646474 4.008401 5.054626 -0.171073 -0.478198 4.611100 -0.099761 -5.093530 11.631100 22.545770 28.383753 0.000000 0.000000 0.000000 -5.409736 0.424788 -5.524956 0.246727 -0.009956 0.500528 -0.499369 -6.844394 17.687558 0.000000 0.000000 0.000000 0.533197 0.035374 -1.095659 -0.102047 0.084062 -1.061376 1.377284 -2.008632 -1.853258 -0.907397 1.178289 -7.745488 0.000000 0.000000 0.000000 -21.202728 -0.887740 -1.673833 -53.440406 -7.815072 -2.318718 -11.644639 -18.256178 2.500268 0.000000 0.000000 0.000000 19.735726 3.672571 -0.188425 54.184215 7.214801 -1.353250 8.852033 18.778924 1.835218 0.000000 0.000000 0.000000 
-0.000333 0.945037 -0.002538 -1.968525 3.743752 3.810391 4.875662 -0.159740 -0.366426 4.974454 -0.125923 -5.034802 11.542337 22.461427 28.410959 0.000000 0.000000 0.000000 -5.265413 0.413400 -5.307779 0.038671 0.012276 0.447504 -0.520172 -6.886641 17.788759 0.000000 0.000000 0.000000 0.640066 0.033284 -1.067989 -0.176181 0.119468 -1.077493 1.282009 -2.098626 -1.297007 -1.219659 1.370009 -7.379259 0.000000 0.000000 0.000000 -20.939438 -1.401628 -1.341605 -53.532637 -8.318516 -2.155463 -11.444385 -18.197913 2.465099 0.000000 0.000000 0.000000 19.817401 4.158562 0.090716 53.899593 7.956136 -1.075191 8.431353 18.699899 1.770763 0.000000 0.000000 0.000000 
-0.000224 0.945182 -0.003137 -1.914003 3.967938 3.700853 4.874197 -0.154252 -0.222974 4.888327 -0.104942 -5.235041 11.381430 22.311525 28.348587 0.000000 0.000000 0.000000 -5.404769 0.399598 -5.191214 0.188480 -0.004619 0.466599 -0.611527 -7.019532 17.860144 0.000000 0.000000 0.000000 0.652787 0.028382 -0.958664 -0.217657 0.129533 -0.828127 1.259499 -2.224382 -1.076874 -1.374463 1.494473 -7.736774 0.000000 0.000000 0.000000 -20.783437 -1.745452 -1.126499 -53.481063 -8.646833 -2.031196 -11.086916 -18.071976 2.393161 0.000000 0.000000 0.000000 19.655839 4.492840 0.291487 53.823677 8.630869 -0.797438 8.227903 18.422892 1.714365 0.000000 0.000000 0.000000 
-0.000178 0.945323 -0.003588 -1.904295 4.285291 3.363569 4.944470 -0.144299 0.039311 4.785217 -0.098284 -5.229958 11.173371 22.121741 28.178736 0.000000 0.000000 0.000000 -5.411157 0.379327 -4.966925 0.213346 0.003329 0.781288 -0.753503 -7.209187 17.870248 0.000000 0.000000 0.000000 0.633481 0.015001 -0.636618 -0.111939 0.070538 -0.566584 1.199691 -2.409851 -0.824723 -1.423899 1.521990 -7.596705 0.000000 0.000000 0.000000 -20.828573 -2.282259 -0.822020 -53.108710 -8.789090 -1.986314 -10.777886 -18.090109 2.349102 0.000000 0.000000 0.000000 19.710221 4.997328 0.572721 53.361726 9.213633 -0.565337 7.690549 18.090116 1.607306 0.000000 0.000000 0.000000 
-0.000150 0.945442 -0.004066 -1.915656 4.473377 3.069476 4.966543 -0.136716 0.202581 4.789481 -0.108549 -5.084604 11.051624 22.009658 28.058961 0.000000 0.000000 0.000000 -5.372526 0.365716 -4.805665 0.185749 0.016800 1.074160 -0.835514 -7.317080 17.870427 0.000000 0.000000 0.000000 0.619561 0.000665 -0.294495 -0.053803 0.027500 -0.188472 1.173884 -2.371142 -0.623999 -1.474581 1.581089 -7.925177 0.000000 0.000000 0.000000 -20.652635 -2.954198 -0.465117 -53.089271 -8.974789 -1.919496 -10.432924 -17.877017 2.263925 0.000000 0.000000 0.000000 19.712221 5.528392 0.909435 52.953336 9.540331 -0.452522 7.490055 17.872118 1.563574 0.000000 0.000000 0.000000 
-0.000182 0.945605 -0.004589 -1.944552 4.719799 2.766912 5.036410 -0.125794 0.497799 4.758944 -0.098454 -5.190576 10.878899 21.847881 27.960402 0.000000 0.000000 0.000000 -5.266672 0.349987 -4.587535 0.085976 0.036741 1.292987 -0.941259 -7.461839 17.904182 0.000000 0.000000 0.000000 0.626610 -0.014020 0.047549 -0.014297 -0.005730 0.140614 1.171943 -2.351880 -0.316985 -1.646571 1.709346 -7.973334 0.000000 0.000000 0.000000 -20.579230 -3.592161 -0.134304 -52.948724 -9.126026 -1.875408 -10.015054 -17.921927 2.202835 0.000000 0.000000 0.000000 19.737402 6.190712 1.324397 52.648695 9.957634 -0.314826 7.321970 17.759212 1.535623 0.000000 0.000000 0.000000 
-0.000215 0.945712 -0.005177 -1.996510 4.941490 2.601787 5.158903 -0.135715 0.384834 4.674201 -0.117609 -4.839437 10.763332 21.748673 27.798447 0.000000 0.000000 0.000000 -5.211188 0.346001 -4.574646 0.114449 0.043209 1.587402 -1.043473 -7.604278 17.940326 0.000000 0.000000 0.000000 0.623001 -0.029631 0.404600 0.042242 -0.047601 0.453456 1.213449 -2.201680 -0.085220 -1.632431 1.733834 -8.358842 0.000000 0.000000 0.000000 -20.349471 -3.934277 0.011847 -52.820117 -9.226134 -1.839453 -10.114951 -18.057071 2.230252 0.000000 0.000000 0.000000 19.622948 6.560098 1.610755 52.426798 10.281525 -0.216823 7.390081 17.732844 1.550152 0.000000 0.000000 0.000000 
-0.000332 0.945831 -0.005670 -1.961364 5.144847 2.326950 5.275686 -0.136937 0.435530 4.435771 -0.123341 -4.536056 10.639621 21.636823 27.643756 0.000000 0.000000 0.000000 -5.268706 0.339573 -4.602303 0.183599 0.054209 2.187976 -1.147866 -7.738996 17.898731 0.000000 0.000000 0.000000 0.610048 -0.061434 1.126102 0.149317 -0.118557 0.847575 1.327872 -2.157378 0.177566 -1.501062 1.660524 -8.494561 0.000000 0.000000 0.000000 -20.411177 -4.958942 0.551456 -52.593740 -9.535023 -1.722112 -9.912909 -18.923403 2.306283 0.000000 0.000000 0.000000 19.561513 7.582602 2.220070 52.021695 10.700602 -0.080500 6.880670 18.113451 1.521556 0.000000 0.000000 0.000000 
-0.000418 0.945654 -0.006250 -1.931648 5.297999 2.192976 5.314039 -0.151794 0.102549 4.335991 -0.166179 -3.811814 10.597547 21.611166 27.411571 0.000000 0.000000 0.000000 -5.228634 0.350469 -4.858462 0.077991 0.092177 2.897369 -1.261348 -7.879083 17.767816 0.000000 0.000000 0.000000 0.542793 -0.095332 1.912168 0.358088 -0.257920 1.550317 1.346484 -1.901332 -0.042039 -1.398725 1.616918 -8.661561 0.000000 0.000000 0.000000 -19.852984 -5.893533 1.007473 -52.822219 -9.765313 -1.589778 -10.531918 -19.943607 2.531132 0.000000 0.000000 0.000000 19.482414 8.405235 2.751486 51.753208 11.127762 0.101919 6.842415 18.734045 1.580761 0.000000 0.000000 0.000000 
-0.000543 0.945436 -0.006976 -2.004509 5.279457 2.078250 5.754860 -0.172228 -0.095657 3.703234 -0.153324 -3.324972 10.662874 21.681188 27.202109 0.000000 0.000000 0.000000 -5.237077 0.367336 -5.212810 0.240869 0.092706 3.645737 -1.278540 -7.889983 17.655774 0.000000 0.000000 0.000000 0.521966 -0.145600 3.007006 0.554539 -0.366639 1.757023 1.627128 -1.741652 0.120618 -1.458504 1.683239 -9.056941 0.000000 0.000000 0.000000 -19.784596 -6.890342 1.544061 -52.697261 -10.034661 -1.480574 -10.492134 -21.343431 2.707866 0.000000 0.000000 0.000000 19.215675 9.714849 3.500810 51.361421 12.074639 0.478189 6.415911 19.166977 1.560132 0.000000 0.000000 0.000000 
-0.000637 0.945203 -0.008065 -1.990714 5.034311 2.140383 5.891620 -0.197894 -0.763397 3.396635 -0.196855 -2.282123 10.878337 21.898582 27.121086 0.000000 0.000000 0.000000 -5.142774 0.402320 -5.748706 0.022736 0.146674 4.274926 -1.208352 -7.783356 17.515821 0.000000 0.000000 0.000000 0.601101 -0.197061 3.994929 0.567267 -0.403240 2.339397 1.869101 -1.616731 0.122563 -1.433255 1.698533 -9.749677 0.000000 0.000000 0.000000 -19.194954 -7.713087 2.040408 -53.117294 -11.008637 -1.064720 -10.618561 -22.545600 2.896474 0.000000 0.000000 0.000000 18.744313 10.979901 4.168464 51.431308 13.289161 1.004304 5.772767 19.593232 1.498282 0.000000 0.000000 0.000000 
-0.000870 0.944837 -0.009282 -1.914278 4.908094 2.187575 6.238312 -0.223445 -1.298918 2.631233 -0.178516 -1.501793 11.017046 22.042194 26.963223 0.000000 0.000000 0.000000 -5.250525 0.432857 -6.389167 0.066190 0.168631 5.152747 -1.201982 -7.757135 17.330762 0.000000 0.000000 0.000000 0.590841 -0.274025 5.544902 0.740163 -0.510206 2.710643 2.154901 -1.634135 0.464717 -1.441188 1.734669 -10.519823 0.000000 0.000000 0.000000 -19.076673 -9.304374 2.966414 -52.955048 -12.859400 -0.278644 -10.048796 -24.087607 2.994770 0.000000 0.000000 0.000000 18.246307 12.940993 5.195777 50.905886 15.524774 1.909702 4.835383 20.057801 1.389188 0.000000 0.000000 0.000000 
-0.001243 0.944574 -0.010761 -1.853832 4.656397 2.066420 6.278247 -0.236587 -1.820258 2.433840 -0.223643 -0.404476 11.209786 22.234480 26.935775 0.000000 0.000000 0.000000 -5.042277 0.468716 -6.877726 -0.407082 0.276871 6.014857 -1.137312 -7.650534 17.141809 0.000000 0.000000 0.000000 0.658580 -0.370550 7.326335 0.968126 -0.652822 3.218333 2.322444 -1.486882 0.625132 -1.330978 1.693007 -11.145231 0.000000 0.000000 0.000000 -18.276109 -10.961169 3.885076 -53.422538 -15.207640 0.770797 -9.331111 -25.003340 2.961819 0.000000 0.000000 0.000000 17.122277 15.031682 6.260263 50.698037 17.912495 2.903371 3.629125 19.860222 1.185262 0.000000 0.000000 0.000000 
-0.001842 0.944408 -0.012453 -1.794598 4.749248 2.222641 6.700644 -0.275713 -2.753249 1.635827 -0.200693 0.709867 11.210276 22.253685 26.801136 0.000000 0.000000 0.000000 -4.954258 0.511751 -7.611014 -0.612550 0.341527 6.856095 -1.235380 -7.790255 17.087976 0.000000 0.000000 0.000000 0.921004 -0.497825 9.185809 1.194266 -0.810329 3.863980 2.550060 -1.495506 0.680261 -1.662797 1.891108 -10.916842 0.000000 0.000000 0.000000 -18.219468 -12.929472 4.966754 -53.085393 -18.043083 2.045706 -7.568232 -25.993388 2.685850 0.000000 0.000000 0.000000 16.566370 17.223087 7.385598 49.699813 20.716404 3.991883 2.458941 19.825391 1.002190 0.000000 0.000000 0.000000 
-0.002496 0.944751 -0.014558 -1.687093 4.427121 2.640199 6.629712 -0.315699 -3.949719 1.555103 -0.253240 1.905859 11.407199 22.443139 27.153804 0.000000 0.000000 0.000000 -4.892138 0.582873 -8.729621 -0.900544 0.426184 7.682660 -1.116749 -7.661246 17.181665 0.000000 0.000000 0.000000 1.333916 -0.660958 11.175157 1.155590 -0.839647 4.766595 2.752039 -1.205441 0.487585 -1.790362 1.920130 -9.829667 0.000000 0.000000 0.000000 -17.506199 -15.294278 6.207585 -52.550984 -21.515280 3.620238 -5.671568 -26.376399 2.286793 0.000000 0.000000 0.000000 15.940937 19.737664 8.674797 48.724006 24.012104 5.270008 0.000157 19.371591 0.608984 0.000000 0.000000 0.000000 
-0.003178 0.944962 -0.017022 -1.554448 4.560303 3.281751 6.760081 -0.381473 -5.600792 1.138466 -0.268259 3.242634 11.364740 22.424893 27.309606 0.000000 0.000000 0.000000 -4.946418 0.649669 -10.008676 -1.003654 0.474056 8.475255 -1.223212 -7.853477 17.354664 0.000000 0.000000 0.000000 1.536599 -0.819405 13.149048 1.405416 -1.041345 5.774542 3.019437 -0.989515 0.545493 -2.209484 2.183930 -9.404825 0.000000 0.000000 0.000000 -17.257311 -17.893729 7.573029 -51.125479 -25.911907 5.450570 -2.678408 -25.765357 1.555904 0.000000 0.000000 0.000000 14.798008 22.414950 9.996548 47.115976 28.177656 6.710901 -2.595827 18.564052 0.217109 0.000000 0.000000 0.000000 
-0.003764 0.945511 -0.019738 -1.425602 4.282820 3.807374 6.504442 -0.432367 -6.795245 1.342061 -0.339974 4.130301 11.501115 22.548456 27.803340 0.000000 0.000000 0.000000 -4.972002 0.728209 -11.417728 -1.190579 0.554776 9.543569 -1.105675 -7.756199 17.608374 0.000000 0.000000 0.000000 1.864122 -1.025180 15.434227 1.139400 -0.942838 6.643273 3.501162 -0.620609 0.627655 -2.569140 2.428810 -9.534607 0.000000 0.000000 0.000000 -15.729716 -20.392163 8.760551 -50.154289 -30.319985 7.278302 0.444793 -24.657927 0.818409 0.000000 0.000000 0.000000 12.892218 25.076760 11.104103 45.937307 32.578788 8.252767 -5.534453 17.017399 -0.172249 0.000000 0.000000 0.000000 
-0.004290 0.945510 -0.022112 -1.240055 4.376731 4.278083 6.432364 -0.483479 -7.870008 1.167364 -0.350263 4.815997 11.457427 22.520920 27.935205 0.000000 0.000000 0.000000 -5.277705 0.757892 -12.542350 -0.917840 0.532771 10.453651 -1.269509 -8.013495 17.581311 0.000000 0.000000 0.000000 2.087873 -1.206316 17.305545 1.266473 -1.097254 7.900674 3.685374 -0.376876 0.641438 -3.187724 2.824431 -8.915394 0.000000 0.000000 0.000000 -14.456019 -22.793162 9.837469 -48.151475 -34.447363 8.689816 3.221210 -22.805553 0.206260 0.000000 0.000000 0.000000 11.295554 27.495723 12.079717 43.983117 36.787472 9.438352 -8.307969 15.082203 -0.443906 0.000000 0.000000 0.000000 
-0.004739 0.945998 -0.023997 -1.119702 3.951219 4.809332 6.542573 -0.510547 -8.662599 0.735744 -0.301414 5.129702 11.677679 22.707052 28.428409 0.000000 0.000000 0.000000 -5.384151 0.814774 -13.681801 -0.852421 0.553943 11.230020 -1.231046 -7.987004 17.396464 0.000000 0.000000 0.000000 2.306575 -1.392897 19.298530 0.787327 -0.811550 7.930759 4.177549 -0.359344 1.344274 -3.760520 3.207433 -9.413381 0.000000 0.000000 0.000000 -12.001363 -24.401371 10.397837 -47.183036 -38.549954 10.188270 5.319211 -20.147064 -0.168419 0.000000 0.000000 0.000000 9.229110 29.652263 12.660618 42.274443 40.666028 10.391098 -10.349763 12.801808 -0.534231 0.000000 0.000000 0.000000 
-0.005176 0.945857 -0.025637 -1.019098 4.193234 5.569778 6.664599 -0.560106 -9.707568 0.754991 -0.329438 5.653957 10.332749 21.298600 27.181357 0.000000 0.000000 0.000000 -5.421129 0.864024 -14.863504 -0.754872 0.549273 11.838334 -1.710341 -8.742137 17.296547 0.000000 0.000000 0.000000 2.510208 -1.558137 20.638964 0.764219 -0.787627 7.616777 4.252271 -0.531916 2.560060 -4.870259 3.966443 -10.446843 0.000000 0.000000 0.000000 -9.821032 -26.041316 10.891484 -45.255468 -42.704660 11.318233 6.484132 -17.535894 -0.313950 0.000000 0.000000 0.000000 7.659561 31.234798 13.064962 39.746207 44.023668 10.707790 -11.733450 10.836359 -0.516069 0.000000 0.000000 0.000000 
-0.005401 0.946267 -0.027453 -1.126647 4.015848 5.978494 6.960812 -0.566650 -10.209397 0.816377 -0.359321 6.105540 9.072661 19.843245 25.940120 0.000000 0.000000 0.000000 -5.254925 0.937944 -15.930784 -0.604045 0.548327 12.700060 -2.002293 -9.291006 17.385225 0.000000 0.000000 0.000000 2.681222 -1.755710 22.556505 0.435798 -0.556063 6.866152 4.695638 -0.554978 3.704220 -5.588257 4.442137 -11.703574 0.000000 0.000000 0.000000 -6.798631 -27.067222 10.871445 -44.414799 -46.589232 12.653276 7.216199 -14.794163 -0.351705 0.000000 0.000000 0.000000 5.329745 32.747155 13.163935 37.608894 47.225797 10.987640 -12.689812 8.560739 -0.403809 0.000000 0.000000 0.000000 
-0.005414 0.946198 -0.029539 -1.081718 4.315850 6.506199 7.236272 -0.603388 -11.265054 0.897940 -0.432313 7.297673 6.999073 17.348386 23.968423 0.000000 0.000000 0.000000 -5.341341 0.973119 -17.108472 -0.466250 0.540487 13.701532 -2.289229 -9.740682 17.442525 0.000000 0.000000 0.000000 2.865456 -1.966023 24.181070 0.306078 -0.463387 6.325198 4.670528 -0.715294 4.817765 -6.503250 5.030547 -13.258726 0.000000 0.000000 0.000000 -3.899414 -28.159846 10.803199 -42.547503 -49.778483 13.237559 8.542321 -13.043284 -0.452884 0.000000 0.000000 0.000000 2.658831 33.641100 12.870575 35.514599 49.724753 10.944490 -13.920506 7.594532 -0.381339 0.000000 0.000000 0.000000 
-0.005124 0.946499 -0.031634 -1.191961 4.067205 6.910471 7.634136 -0.605618 -12.065714 0.899066 -0.474411 8.175767 5.666621 15.608208 23.180484 0.000000 0.000000 0.000000 -5.276374 1.035021 -18.086710 -0.259368 0.516132 14.323380 -2.462394 -10.112763 17.627296 0.000000 0.000000 0.000000 2.903427 -2.112455 25.773731 -0.088481 -0.204458 5.487406 4.912968 -0.621474 5.759466 -7.150600 5.433006 -14.071656 0.000000 0.000000 0.000000 -1.630828 -28.450371 10.486426 -40.695040 -52.153335 13.412971 9.125847 -11.918295 -0.470554 0.000000 0.000000 0.000000 0.450187 34.155519 12.496133 33.542694 51.708700 10.708944 -13.913576 6.775882 -0.309042 0.000000 0.000000 0.000000 
-0.004822 0.946507 -0.033490 -1.181781 4.191675 7.496106 7.644143 -0.652058 -13.142265 1.193778 -0.558739 8.784368 4.839865 14.587200 23.065293 0.000000 0.000000 0.000000 -5.351349 1.069979 -19.167668 -0.146627 0.505024 15.067245 -2.607235 -10.328293 17.550278 0.000000 0.000000 0.000000 2.746797 -2.157651 26.557256 -0.130725 -0.197323 5.749038 4.955441 -0.486725 5.734540 -7.913381 5.889051 -14.699390 0.000000 0.000000 0.000000 -0.365885 -28.741937 10.351587 -38.788226 -53.404540 13.069815 10.324706 -11.973306 -0.592865 0.000000 0.000000 0.000000 -1.234220 34.156277 12.087979 31.886148 52.413141 10.227914 -14.683175 7.903355 -0.447734 0.000000 0.000000 0.000000 
-0.004463 0.946996 -0.035012 -1.333351 4.133587 8.053339 7.820149 -0.673893 -14.022702 1.407858 -0.608844 9.019324 4.350378 14.037726 23.584322 0.000000 0.000000 0.000000 -5.182378 1.140917 -20.110409 -0.370894 0.575032 15.522661 -2.316838 -9.884739 17.743948 0.000000 0.000000 0.000000 2.562789 -2.192040 27.457279 -0.348907 -0.076043 5.628895 5.122615 -0.204620 5.464711 -8.269971 6.114826 -14.377381 0.000000 0.000000 0.000000 -0.173341 -28.846290 10.363491 -36.572571 -53.992826 12.288311 10.881989 -12.739882 -0.692298 0.000000 0.000000 0.000000 -2.102876 34.370751 11.983491 29.866282 52.176843 9.313472 -14.651872 9.983066 -0.650359 0.000000 0.000000 0.000000 
-0.004152 0.947173 -0.036375 -1.343512 4.546725 8.519311 7.817438 -0.719583 -14.820401 1.556014 -0.652944 9.257691 3.916984 13.544413 23.443122 0.000000 0.000000 0.000000 -5.089017 1.179365 -21.097429 -0.541041 0.621394 16.125273 -2.601055 -10.435112 18.618632 0.000000 0.000000 0.000000 2.537948 -2.298352 28.291586 -0.605134 0.048020 5.604569 5.229735 -0.084232 5.186007 -8.417683 6.199209 -14.571208 0.000000 0.000000 0.000000 0.164672 -28.778912 10.276097 -35.230359 -54.594575 11.878013 11.643521 -13.879707 -0.846038 0.000000 0.000000 0.000000 -2.706878 34.378993 11.871105 28.122834 51.707389 8.473078 -14.956275 11.627213 -0.832557 0.000000 0.000000 0.000000 
-0.003774 0.948108 -0.037387 -1.344259 4.812650 8.931248 7.964609 -0.741913 -15.418923 1.643640 -0.660757 9.085144 3.104781 12.713287 24.336370 0.000000 0.000000 0.000000 -5.228291 1.166044 -21.557441 -0.409995 0.581761 16.248724 -2.542400 -10.310051 18.725149 0.000000 0.000000 0.000000 2.414928 -2.310505 28.545304 -0.884037 0.172920 5.908851 5.307980 -0.003392 4.533749 -8.675352 6.356499 -14.020799 0.000000 0.000000 0.000000 -0.111868 -28.762339 10.336844 -34.751263 -54.430724 11.624158 12.856670 -15.615239 -1.115137 0.000000 0.000000 0.000000 -3.085838 34.247433 11.765217 27.345299 50.964475 8.000792 -15.345089 13.644149 -1.067636 0.000000 0.000000 0.000000 
-0.003406 0.948892 -0.038016 -1.270994 4.877868 9.460560 7.971165 -0.772900 -16.044324 1.690354 -0.673564 9.158884 2.525077 12.016933 24.434527 0.000000 0.000000 0.000000 -5.147623 1.202831 -22.160671 -0.622566 0.643312 16.588755 -2.654017 -10.416570 18.260627 0.000000 0.000000 0.000000 1.994269 -2.191801 28.512624 -0.816539 0.110862 6.453235 5.223814 0.225679 3.746470 -8.759161 6.345224 -15.107557 0.000000 0.000000 0.000000 -0.354711 -28.204302 10.176477 -34.766222 -54.238230 11.584527 13.875451 -17.161485 -1.378332 0.000000 0.000000 0.000000 -3.180604 34.139469 11.761059 26.787330 50.199476 7.645678 -15.903864 15.272550 -1.289696 0.000000 0.000000 0.000000 
-0.003087 0.949821 -0.037888 -1.274842 5.284437 10.083109 7.952461 -0.807899 -16.313769 2.018571 -0.673800 8.175087 1.829407 11.322522 24.984841 0.000000 0.000000 0.000000 -5.123194 1.204124 -22.505163 -0.808820 0.665561 16.178333 -2.635945 -10.364417 18.599690 0.000000 0.000000 0.000000 1.705541 -2.113611 28.196164 -0.630247 -0.018147 6.760646 5.291161 0.286538 2.883283 -8.938192 6.386083 -16.004941 0.000000 0.000000 0.000000 -0.988020 -28.024280 10.237374 -34.647748 -53.326018 11.249897 14.592409 -19.392513 -1.686284 0.000000 0.000000 0.000000 -3.428355 34.220519 11.782548 26.266095 49.357483 7.293487 -15.726316 16.859862 -1.431476 0.000000 0.000000 0.000000 
-0.002840 0.950366 -0.037258 -1.161927 5.433617 10.419665 7.742962 -0.834632 -16.231513 2.455087 -0.710518 7.587390 1.040054 10.302046 24.691791 0.000000 0.000000 0.000000 -5.120041 1.206688 -22.738795 -0.943022 0.691222 16.060181 -2.879544 -10.773947 18.828649 0.000000 0.000000 0.000000 1.255892 -1.939414 27.583519 -0.469287 -0.157251 7.674204 5.314702 0.484144 2.090188 -8.568707 6.098155 -17.853960 0.000000 0.000000 0.000000 -1.169812 -27.602186 10.091524 -34.687287 -52.711392 11.087737 15.946083 -21.349050 -2.119276 0.000000 0.000000 0.000000 -3.821405 34.253071 11.730754 25.872260 48.237791 6.943442 -15.842760 19.074204 -1.675973 0.000000 0.000000 0.000000 
-0.002642 0.950921 -0.036569 -1.160852 5.574471 10.554072 7.764215 -0.827556 -15.892355 2.848261 -0.737327 7.025353 -0.089386 8.758666 24.143599 0.000000 0.000000 0.000000 -5.221695 1.185600 -22.795284 -0.945937 0.683070 15.920780 -2.685327 -10.493018 19.283038 0.000000 0.000000 0.000000 1.026689 -1.834308 26.994347 -0.299768 -0.273596 8.007647 5.167285 0.673424 1.776054 -8.277881 5.933049 -18.444773 0.000000 0.000000 0.000000 -0.947837 -27.405720 9.951666 -34.612162 -52.128190 10.843787 16.475663 -23.070945 -2.416173 0.000000 0.000000 0.000000 -4.532789 34.184245 11.545651 25.910535 47.265091 6.789128 -15.902409 21.313912 -1.918319 0.000000 0.000000 0.000000 
-0.002355 0.951297 -0.036307 -1.042602 5.801301 10.686173 7.522814 -0.844640 -15.560403 3.077229 -0.739919 6.531462 -0.403902 8.135599 23.123732 0.000000 0.000000 0.000000 -5.304943 1.165121 -23.040488 -1.036560 0.702273 16.062678 -2.833616 -10.774574 19.861642 0.000000 0.000000 0.000000 0.596481 -1.697052 26.629845 -0.103801 -0.393506 8.042319 5.120390 0.563384 1.919087 -7.775610 5.650001 -19.199531 0.000000 0.000000 0.000000 -0.629787 -26.834021 9.675973 -34.544042 -51.923124 10.726499 17.294481 -24.176392 -2.712060 0.000000 0.000000 0.000000 -5.498770 34.269282 11.311736 25.784224 46.497330 6.569998 -15.917609 23.101845 -2.112208 0.000000 0.000000 0.000000 
-0.001980 0.951539 -0.036464 -0.970205 5.944850 10.783966 7.361418 -0.859191 -15.442442 3.217541 -0.750028 6.363442 -0.598904 7.704177 22.375217 0.000000 0.000000 0.000000 -5.412786 1.147740 -23.392295 -1.087220 0.720676 16.458149 -2.797411 -10.745368 20.251354 0.000000 0.000000 0.000000 0.243563 -1.594632 26.467959 0.091707 -0.519725 8.252721 5.078310 0.667503 1.653161 -7.700261 5.612222 -19.348822 0.000000 0.000000 0.000000 -0.260643 -26.844969 9.609059 -34.338309 -51.841640 10.607907 18.055706 -24.613716 -2.935600 0.000000 0.000000 0.000000 -6.334084 34.436081 11.162408 25.550125 45.710953 6.350024 -16.366969 25.038829 -2.404719 0.000000 0.000000 0.000000 
-0.001566 0.951846 -0.036912 -0.852988 5.805833 11.084463 7.179424 -0.882836 -15.648032 3.425417 -0.771819 6.226320 -0.915503 7.280564 22.458647 0.000000 0.000000 0.000000 -5.390979 1.172864 -23.801662 -1.375385 0.806027 16.653436 -2.755287 -10.682221 20.086564 0.000000 0.000000 0.000000 -0.393334 -1.383611 26.152059 0.206601 -0.621538 8.920305 5.207931 0.710807 1.169325 -7.282852 5.360479 -19.722224 0.000000 0.000000 0.000000 0.266711 -26.550939 9.429810 -34.444702 -52.027133 10.754574 18.812969 -24.401853 -3.069852 0.000000 0.000000 0.000000 -7.014911 35.109888 11.224973 24.851713 45.266819 6.021960 -16.862513 26.122230 -2.629805 0.000000 0.000000 0.000000 
-0.001168 0.952392 -0.037613 -0.830690 5.903965 11.044556 7.066776 -0.877089 -15.245723 3.556086 -0.766285 5.880976 -1.123844 6.743767 21.506190 0.000000 0.000000 0.000000 -5.363408 1.168546 -23.707898 -1.461646 0.822936 16.583229 -2.814199 -10.763339 20.127998 0.000000 0.000000 0.000000 -0.531725 -1.378423 26.526457 0.200377 -0.622211 8.929795 5.252823 0.385935 1.416268 -7.043582 5.220552 -19.377287 0.000000 0.000000 0.000000 0.835164 -26.557436 9.366826 -34.058727 -52.322036 10.700395 19.477582 -23.722126 -3.104445 0.000000 0.000000 0.000000 -7.629050 35.494797 11.157954 24.243498 45.621833 5.840322 -17.599884 26.281867 -2.815130 0.000000 0.000000 0.000000 
-0.000888 0.952714 -0.038617 -0.871535 5.946166 11.146275 7.024694 -0.871269 -14.975974 3.591579 -0.727489 5.294021 -1.019208 6.749704 21.013919 0.000000 0.000000 0.000000 -5.310030 1.170890 -23.499114 -1.610766 0.846072 16.143184 -2.611570 -10.364056 19.711432 0.000000 0.000000 0.000000 -0.694336 -1.361061 26.891892 0.310524 -0.701147 9.175047 5.377669 0.338382 1.243890 -6.543826 4.958603 -17.475549 0.000000 0.000000 0.000000 1.132738 -26.857862 9.443095 -33.850789 -52.620663 10.730338 20.086570 -23.286062 -3.163596 0.000000 0.000000 0.000000 -8.138848 35.814829 11.124277 23.580230 46.518533 5.786446 -17.812884 25.420597 -2.754910 0.000000 0.000000 0.000000 
-0.000583 0.952991 -0.040253 -0.909274 5.868691 11.186731 6.940754 -0.866829 -14.764995 3.668676 -0.700931 4.790113 -0.852510 6.915393 20.841534 0.000000 0.000000 0.000000 -5.384365 1.160163 -23.381913 -1.624072 0.835803 15.648364 -2.324461 -9.924331 19.820761 0.000000 0.000000 0.000000 -0.819964 -1.366014 27.557450 0.248270 -0.644267 8.908922 5.695502 0.106257 1.798199 -6.504615 4.929924 -16.608873 0.000000 0.000000 0.000000 2.296286 -26.625501 9.194650 -34.198144 -53.826757 11.287837 21.031781 -22.722404 -3.252651 0.000000 0.000000 0.000000 -9.351547 35.742384 10.735858 23.438458 48.328712 6.044169 -18.542968 23.391551 -2.644294 0.000000 0.000000 0.000000 
-0.000188 0.953294 -0.042545 -1.094698 5.702034 11.287242 7.128014 -0.851710 -14.817758 3.498963 -0.650740 4.434202 -0.521648 7.391661 21.033299 0.000000 0.000000 0.000000 -5.229830 1.200156 -23.374365 -1.776843 0.866765 15.270477 -1.945400 -9.298512 19.583755 0.000000 0.000000 0.000000 -0.952752 -1.354427 28.112738 0.415452 -0.713910 8.682810 5.757998 -0.005038 2.089834 -6.498301 4.926242 -15.490505 0.000000 0.000000 0.000000 3.498015 -26.501181 8.970417 -34.377393 -55.058613 11.805901 21.819372 -22.096148 -3.299032 0.000000 0.000000 0.000000 -10.174816 36.064926 10.598715 22.396713 50.071155 5.942661 -18.454621 21.009581 -2.320905 0.000000 0.000000 0.000000 
0.000247 0.953896 -0.045155 -1.288453 5.441506 11.587937 7.340710 -0.843616 -15.103839 3.284630 -0.598477 4.114550 -0.135870 7.950806 21.344161 0.000000 0.000000 0.000000 -5.128141 1.244883 -23.585759 -1.819049 0.863529 14.688761 -1.605576 -8.823632 19.767038 0.000000 0.000000 0.000000 -1.023141 -1.361978 28.833637 0.203925 -0.561035 8.286685 6.085194 -0.080082 2.437193 -6.763594 5.059123 -15.656092 0.000000 0.000000 0.000000 4.505965 -26.600199 8.861941 -34.070166 -56.400906 12.152421 22.550372 -21.383940 -3.307235 0.000000 0.000000 0.000000 -11.182027 36.054716 10.315106 21.263455 51.727730 5.735603 -18.508643 18.892421 -2.055077 0.000000 0.000000 0.000000 
0.000680 0.954516 -0.047358 -1.647933 5.208564 12.039651 7.676917 -0.823242 -15.283487 3.269579 -0.550225 3.448236 0.082790 8.218534 21.425581 0.000000 0.000000 0.000000 -4.861648 1.314013 -23.632297 -1.841413 0.836320 13.684767 -1.250867 -8.268770 19.680547 0.000000 0.000000 0.000000 -0.983142 -1.376512 29.127343 0.271803 -0.565973 7.909474 6.251047 -0.244827 2.548207 -7.434405 5.440472 -14.662709 0.000000 0.000000 0.000000 5.669912 -25.959198 8.491750 -35.398920 -57.436451 13.233779 22.765167 -20.892443 -3.249592 0.000000 0.000000 0.000000 -11.921279 36.000403 10.115108 21.248110 52.961938 5.901535 -18.339968 17.427952 -1.843327 0.000000 0.000000 0.000000 
0.001020 0.955613 -0.048593 -1.895268 5.191661 12.563397 7.695272 -0.833167 -15.413397 3.520842 -0.520814 2.570308 0.370367 8.660677 21.660722 0.000000 0.000000 0.000000 -4.838923 1.319600 -23.450635 -1.713932 0.755943 12.381235 -0.825607 -7.558968 19.648576 0.000000 0.000000 0.000000 -0.761168 -1.438262 29.036761 0.171544 -0.481061 7.381798 6.371120 -0.518071 2.789425 -7.545720 5.486422 -14.520411 0.000000 0.000000 0.000000 6.377444 -25.564128 8.272628 -37.173926 -58.016500 14.406014 22.523847 -21.386032 -3.273648 0.000000 0.000000 0.000000 -12.481700 35.274975 9.777452 22.190380 54.119718 6.479331 -18.673711 17.154100 -1.851042 0.000000 0.000000 0.000000 
0.001397 0.956536 -0.048740 -2.184876 4.990151 12.812874 7.737288 -0.821434 -15.248465 3.718885 -0.505855 2.014566 0.821101 9.186777 21.500248 0.000000 0.000000 0.000000 -4.824005 1.325043 -23.071011 -1.441771 0.648585 11.039086 -0.416563 -7.022993 20.122235 0.000000 0.000000 0.000000 -0.611068 -1.474502 29.136846 0.192808 -0.473386 7.166802 6.426017 -0.813922 2.508626 -8.198670 5.898294 -12.634542 0.000000 0.000000 0.000000 6.332950 -25.018598 8.130931 -38.822514 -57.622751 15.195714 22.430854 -22.341165 -3.392164 0.000000 0.000000 0.000000 -12.201669 34.893911 9.768589 23.271970 54.540071 6.987867 -19.063452 17.586143 -1.961245 0.000000 0.000000 0.000000 
0.001857 0.956824 -0.048332 -2.327450 4.954486 12.958503 7.694529 -0.815178 -14.940609 3.785810 -0.484400 1.603834 1.169735 9.450944 20.667804 0.000000 0.000000 0.000000 -4.820029 1.320206 -22.792148 -1.409596 0.617389 10.399367 -0.089201 -6.466171 20.019007 0.000000 0.000000 0.000000 -0.458839 -1.509496 28.999724 0.209195 -0.490210 7.331899 6.574192 -0.978988 2.152428 -8.224779 5.897886 -12.301199 0.000000 0.000000 0.000000 5.953259 -24.291103 7.973078 -40.834191 -57.113666 16.073289 21.770583 -23.624677 -3.453741 0.000000 0.000000 0.000000 -11.580939 33.987929 9.690085 24.880104 54.427726 7.668984 -19.288821 18.425889 -2.107219 0.000000 0.000000 0.000000 
0.002493 0.955871 -0.047927 -2.405864 4.810343 12.851316 7.711921 -0.803444 -14.805529 3.556696 -0.474163 1.823831 1.762735 10.070881 19.946334 0.000000 0.000000 0.000000 -4.884781 1.304552 -22.448543 -1.387605 0.605422 10.157035 0.216401 -5.851824 19.450267 0.000000 0.000000 0.000000 -0.175383 -1.586723 29.027472 0.160291 -0.459267 7.352496 6.635514 -1.439532 1.757656 -9.080171 6.371394 -12.471174 0.000000 0.000000 0.000000 5.083847 -23.807727 7.969229 -42.803295 -56.105795 16.739665 21.461798 -24.698276 -3.528827 0.000000 0.000000 0.000000 -10.785972 33.536027 9.761142 26.303580 54.236303 8.189190 -19.147408 18.970667 -2.170580 0.000000 0.000000 0.000000 
0.003013 0.954136 -0.048179 -2.415033 4.676858 12.563875 7.920652 -0.781618 -14.862669 3.005130 -0.480280 2.901136 2.075078 10.128802 18.375656 0.000000 0.000000 0.000000 -4.736487 1.328310 -22.342402 -1.616189 0.669793 10.558480 0.097239 -5.907816 18.748258 0.000000 0.000000 0.000000 -0.043713 -1.642589 29.377872 0.192961 -0.461811 7.210622 6.720630 -1.855875 1.795343 -9.407285 6.552252 -12.404323 0.000000 0.000000 0.000000 4.689104 -23.231493 7.847291 -44.057100 -55.376382 17.105368 21.215417 -24.880242 -3.482129 0.000000 0.000000 0.000000 -10.432709 32.930151 9.658143 27.328382 53.747377 8.442343 -18.866560 19.681829 -2.239052 0.000000 0.000000 0.000000 
0.003256 0.951920 -0.049326 -2.419396 4.680190 12.425396 8.216661 -0.770894 -15.326910 2.462780 -0.509049 4.490655 2.105048 9.658106 16.177561 0.000000 0.000000 0.000000 -4.644614 1.359186 -22.794953 -1.906802 0.772479 11.542841 0.131598 -5.709163 18.154391 0.000000 0.000000 0.000000 0.272753 -1.767915 29.727514 0.115627 -0.402385 6.896315 6.672632 -2.382438 2.223268 -9.720024 6.701609 -12.902943 0.000000 0.000000 0.000000 4.876186 -22.479759 7.577519 -45.551967 -55.395816 17.938793 21.145726 -24.853495 -3.436568 0.000000 0.000000 0.000000 -10.803475 32.170059 9.352102 28.375200 54.312448 8.931624 -18.925784 19.792050 -2.274754 0.000000 0.000000 0.000000 
0.003185 0.949467 -0.051149 -2.485691 4.403979 12.268238 8.680409 -0.738484 -16.022030 1.727200 -0.509245 6.350429 2.361284 9.600229 14.514535 0.000000 0.000000 0.000000 -4.456666 1.430291 -23.451086 -2.043570 0.869651 12.935700 0.010264 -5.697047 17.032264 0.000000 0.000000 0.000000 0.276698 -1.761627 29.954443 0.229863 -0.450663 6.851943 6.527452 -2.461131 2.299021 -9.767667 6.718468 -13.004794 0.000000 0.000000 0.000000 4.854076 -22.299933 7.520740 -46.013583 -55.192254 18.096093 20.526977 -24.484119 -3.249979 0.000000 0.000000 0.000000 -10.910505 31.978618 9.275449 29.131223 54.421792 9.272470 -18.704037 20.028200 -2.277707 0.000000 0.000000 0.000000 
0.002920 0.947521 -0.053236 -2.484180 4.220969 11.908387 9.122874 -0.696420 -16.500293 1.114667 -0.522356 8.493815 2.112281 8.615749 12.293978 0.000000 0.000000 0.000000 -4.388786 1.489274 -24.419925 -1.837481 0.918391 15.045605 -0.449620 -6.428012 16.539893 0.000000 0.000000 0.000000 0.365608 -1.812189 30.486887 0.157311 -0.397812 6.709038 6.386613 -2.575443 2.633695 -9.119958 6.249391 -14.318146 0.000000 0.000000 0.000000 5.023343 -22.086146 7.412363 -46.380643 -55.461391 18.440936 20.350489 -23.963735 -3.139185 0.000000 0.000000 0.000000 -11.244540 31.712251 9.117711 29.135411 54.543788 9.254454 -19.039882 19.909420 -2.320514 0.000000 0.000000 0.000000 
0.002679 0.945892 -0.055090 -2.412190 4.226126 11.818672 9.180417 -0.703876 -17.211993 0.912876 -0.565032 10.030398 2.128853 8.353254 11.215004 0.000000 0.000000 0.000000 -4.403828 1.518285 -25.227458 -1.846222 0.996117 16.862690 -0.594427 -6.402648 15.346279 0.000000 0.000000 0.000000 0.468243 -1.839497 30.403411 0.288072 -0.461861 6.610860 5.995947 -2.823116 2.887892 -8.888178 6.061375 -15.250196 0.000000 0.000000 0.000000 5.314997 -21.870038 7.291960 -46.835043 -55.664814 18.803736 19.676610 -23.567592 -2.948638 0.000000 0.000000 0.000000 -11.781698 31.481180 8.942515 29.758764 55.173005 9.663275 -18.795291 20.205838 -2.327746 0.000000 0.000000 0.000000 
0.002642 0.944340 -0.056656 -2.350241 4.176293 11.654751 9.217330 -0.702972 -17.616688 0.743615 -0.596778 11.307522 2.129937 8.009138 10.001303 0.000000 0.000000 0.000000 -4.366504 1.554650 -25.924425 -1.842364 1.064356 18.511611 -0.856119 -6.679585 14.462399 0.000000 0.000000 0.000000 0.565553 -1.867307 30.428470 0.315437 -0.469986 6.517252 5.864818 -2.871952 2.939257 -8.367874 5.724046 -15.921583 0.000000 0.000000 0.000000 5.330047 -21.694091 7.223732 -47.696850 -55.819801 19.341952 19.052226 -23.026859 -2.760344 0.000000 0.000000 0.000000 -11.872438 30.833849 8.750959 30.534347 55.567259 10.127725 -18.383542 20.976255 -2.368596 0.000000 0.000000 0.000000 
0.002855 0.943025 -0.057996 -2.253184 4.107850 11.549858 9.140115 -0.712686 -17.931719 0.806867 -0.663613 12.372896 1.938823 7.338563 8.857801 0.000000 0.000000 0.000000 -4.540537 1.545647 -26.467275 -1.982956 1.159813 19.814758 -0.513930 -5.866172 13.681375 0.000000 0.000000 0.000000 0.694182 -1.891495 30.300240 0.481094 -0.552140 6.460134 5.430551 -2.831973 3.190900 -8.112334 5.576052 -16.377886 0.000000 0.000000 0.000000 5.685503 -21.856529 7.210734 -47.679676 -56.059118 19.430222 18.811405 -22.590506 -2.667950 0.000000 0.000000 0.000000 -12.602433 30.271456 8.459133 30.999052 56.219855 10.545293 -18.536649 21.556380 -2.472603 0.000000 0.000000 0.000000 
0.003235 0.942096 -0.059452 -2.070246 4.158894 11.422583 9.072059 -0.730309 -18.401116 0.684382 -0.710961 13.757804 1.676346 6.518020 7.703110 0.000000 0.000000 0.000000 -4.704473 1.522561 -26.891763 -2.090378 1.236833 20.992138 -0.512187 -5.672964 12.978281 0.000000 0.000000 0.000000 0.841127 -1.976566 30.740503 0.485889 -0.531053 5.988134 5.164592 -2.867192 3.621254 -7.657268 5.301637 -17.141770 0.000000 0.000000 0.000000 6.284161 -21.647329 7.041323 -47.397481 -56.706772 19.615059 18.503525 -22.259026 -2.574182 0.000000 0.000000 0.000000 -12.981193 29.625581 8.212220 30.405570 56.623119 10.356327 -18.322859 22.068805 -2.505321 0.000000 0.000000 0.000000 
0.003504 0.941474 -0.061240 -1.849030 4.345383 11.382569 8.991469 -0.749266 -18.476692 0.498203 -0.701733 14.286302 1.448691 5.690028 6.437518 0.000000 0.000000 0.000000 -4.918955 1.478415 -27.316344 -2.125552 1.280065 22.047062 -0.610455 -5.658748 12.310113 0.000000 0.000000 0.000000 0.899680 -2.039460 31.089161 0.665072 -0.633548 6.041109 5.062316 -2.812266 3.732701 -7.736843 5.343217 -17.709181 0.000000 0.000000 0.000000 6.879907 -21.573415 6.925095 -46.608870 -57.170567 19.427742 18.507451 -22.160454 -2.571764 0.000000 0.000000 0.000000 -13.571596 29.276664 8.010508 29.216449 56.601385 9.789769 -18.625887 22.521586 -2.619966 0.000000 0.000000 0.000000 
0.003417 0.940951 -0.063420 -1.793656 4.477025 11.423941 8.951287 -0.774195 -19.027738 0.424465 -0.741693 15.313078 1.485596 5.447731 5.543061 0.000000 0.000000 0.000000 -4.987254 1.467566 -27.740228 -2.274273 1.348011 22.773552 -0.434754 -5.185163 11.871289 0.000000 0.000000 0.000000 1.188970 -2.188310 31.577926 0.589988 -0.596718 6.040789 5.082709 -2.927639 3.738511 -8.285465 5.603214 -18.724504 0.000000 0.000000 0.000000 7.107772 -21.279860 6.804346 -45.535367 -58.047293 19.358477 18.064675 -21.616687 -2.425536 0.000000 0.000000 0.000000 -14.164929 29.211470 7.895199 27.475148 56.985987 9.010171 -18.698660 21.871024 -2.546621 0.000000 0.000000 0.000000 
0.002751 0.940250 -0.066001 -1.722696 4.653822 11.657175 9.050543 -0.786437 -19.470626 0.247129 -0.720057 15.629266 1.431712 5.094396 4.833180 0.000000 0.000000 0.000000 -5.093394 1.444998 -28.117002 -2.073616 1.284829 23.075046 -0.677466 -5.450765 11.191932 0.000000 0.000000 0.000000 1.198036 -2.287547 32.466514 0.560375 -0.560554 5.597253 5.323838 -2.933532 4.007273 -8.555470 5.751999 -18.781908 0.000000 0.000000 0.000000 7.876801 -21.037636 6.627559 -43.624548 -58.592269 18.619457 18.090587 -21.500257 -2.418959 0.000000 0.000000 0.000000 -15.230189 29.084755 7.675105 25.362770 57.303262 8.025699 -18.675355 21.226899 -2.455176 0.000000 0.000000 0.000000 
0.001345 0.939533 -0.068978 -1.724378 4.925920 12.122718 9.246134 -0.809298 -20.418568 0.149859 -0.733938 16.234363 1.357871 4.774781 4.323018 0.000000 0.000000 0.000000 -5.054049 1.456532 -28.768174 -2.041671 1.268240 23.350312 -0.810541 -5.536416 10.646648 0.000000 0.000000 0.000000 1.503036 -2.532177 33.626064 0.381322 -0.437565 4.941321 5.269829 -2.963616 4.094042 -9.136207 6.076988 -18.673693 0.000000 0.000000 0.000000 8.597862 -20.767806 6.470297 -41.968244 -59.407061 18.134254 18.153721 -21.034070 -2.376498 0.000000 0.000000 0.000000 -16.062187 29.079329 7.543759 23.393701 57.744712 7.152418 -18.359141 20.010023 -2.235409 0.000000 0.000000 0.000000 
-0.000672 0.938243 -0.072331 -1.839062 4.786859 12.703621 9.663888 -0.780789 -21.387297 -0.061614 -0.691922 16.602941 1.423459 4.808666 4.094924 0.000000 0.000000 0.000000 -4.975072 1.516867 -29.548081 -1.682280 1.165719 23.448889 -1.037560 -5.800394 9.846466 0.000000 0.000000 0.000000 1.391088 -2.582973 34.719578 0.111132 -0.266544 4.333383 5.476433 -2.653214 4.358100 -9.370179 6.228111 -18.458127 0.000000 0.000000 0.000000 9.307653 -20.841029 6.417695 -39.477069 -60.277553 17.141613 18.352296 -20.749409 -2.384080 0.000000 0.000000 0.000000 -17.002712 29.108384 7.383553 21.180212 58.290747 6.186842 -18.450883 18.862484 -2.089700 0.000000 0.000000 0.000000 
-0.003140 0.937710 -0.075787 -1.927127 4.851984 13.350169 9.967591 -0.774840 -22.328898 -0.045534 -0.694608 16.610252 1.375273 4.772099 4.223703 0.000000 0.000000 0.000000 -4.713948 1.600453 -30.256122 -1.728615 1.178032 23.433096 -1.165700 -5.864372 9.110418 0.000000 0.000000 0.000000 1.544385 -2.782661 36.077379 -0.040903 -0.175727 4.022136 5.435253 -2.326832 4.049574 -9.676918 6.423074 -17.968836 0.000000 0.000000 0.000000 10.021496 -20.732855 6.337546 -37.834959 -60.508870 16.306204 19.099790 -20.770151 -2.520950 0.000000 0.000000 0.000000 -18.327209 28.958610 7.144396 19.601585 58.564127 5.531436 -18.827698 18.342390 -2.066829 0.000000 0.000000 0.000000 
-0.005859 0.937870 -0.079264 -1.965322 4.626529 14.223631 10.352322 -0.735501 -23.122052 -0.187135 -0.620334 16.034108 1.298345 4.779288 4.656108 0.000000 0.000000 0.000000 -4.560885 1.689130 -30.940556 -1.665692 1.153610 22.855978 -1.208303 -5.808418 8.468243 0.000000 0.000000 0.000000 1.503397 -2.846624 37.141863 -0.253583 -0.040902 3.428999 5.561639 -2.076605 4.206887 -9.743398 6.459473 -17.780992 0.000000 0.000000 0.000000 10.196190 -20.466818 6.277877 -36.631762 -60.828131 15.752133 19.495340 -20.810734 -2.591271 0.000000 0.000000 0.000000 -18.995217 28.972549 7.050608 17.862772 58.720494 4.699332 -19.027529 18.245649 -2.076198 0.000000 0.000000 0.000000 
-0.008836 0.939021 -0.082422 -2.117862 4.534573 15.117288 10.585671 -0.717947 -23.597036 0.014194 -0.604032 14.786010 1.363948 5.166801 5.366740 0.000000 0.000000 0.000000 -4.260209 1.797523 -31.470620 -1.632212 1.115623 21.846202 -1.229984 -5.852369 8.409710 0.000000 0.000000 0.000000 1.636567 -2.984628 38.069168 -0.440804 0.050588 3.481773 5.688362 -1.701706 3.994461 -9.978026 6.624770 -17.003608 0.000000 0.000000 0.000000 10.870240 -20.010258 6.118197 -35.660037 -60.899308 15.210999 20.067434 -21.789413 -2.825165 0.000000 0.000000 0.000000 -20.278325 28.297424 6.729034 17.573758 59.249124 4.706590 -19.890233 18.577105 -2.237190 0.000000 0.000000 0.000000 
-0.011886 0.940798 -0.085468 -2.180510 4.384152 16.081774 10.738959 -0.704705 -23.808453 0.225247 -0.578072 13.338962 1.353665 5.246254 5.669353 0.000000 0.000000 0.000000 -4.000466 1.897255 -31.854758 -1.664479 1.086244 20.511002 -1.234291 -5.874368 8.388032 0.000000 0.000000 0.000000 1.740499 -3.091319 38.853907 -0.573653 0.134754 3.020702 5.722746 -1.444980 4.548819 -9.995879 6.642008 -16.975712 0.000000 0.000000 0.000000 11.483595 -19.363403 5.902145 -35.627693 -60.501187 14.956925 20.706914 -22.360596 -3.021977 0.000000 0.000000 0.000000 -21.416452 28.063430 6.486958 17.301491 59.161573 4.585341 -20.792479 18.876322 -2.408409 0.000000 0.000000 0.000000 
-0.014729 0.942793 -0.088332 -2.253351 4.280267 16.972957 11.014252 -0.675721 -24.041744 0.577061 -0.583894 11.971740 0.872157 4.550600 6.272479 0.000000 0.000000 0.000000 -3.723237 2.000690 -32.308529 -1.703491 1.057576 19.285334 -1.258485 -6.057233 8.811772 0.000000 0.000000 0.000000 1.716839 -3.145495 39.588288 -0.788843 0.251961 2.648508 5.846767 -1.108099 4.936137 -10.131360 6.737899 -16.800669 0.000000 0.000000 0.000000 12.222695 -18.505348 5.634765 -35.632567 -59.876477 14.614036 21.017329 -23.270488 -3.212789 0.000000 0.000000 0.000000 -22.495319 27.655631 6.229471 17.635854 59.145360 4.814296 -21.835472 19.039049 -2.577360 0.000000 0.000000 0.000000 
-0.016956 0.944515 -0.091003 -2.283573 4.246289 17.723869 10.928653 -0.701749 -24.309270 0.919996 -0.600121 10.928802 0.973397 4.888694 6.688288 0.000000 0.000000 0.000000 -3.665404 2.033009 -32.528575 -1.636337 0.997372 18.163946 -1.138151 -5.825359 8.864052 0.000000 0.000000 0.000000 1.695464 -3.167701 39.913303 -1.035522 0.376790 2.394189 6.195576 -0.768474 5.506670 -10.132161 6.761962 -16.714552 0.000000 0.000000 0.000000 12.772294 -17.865496 5.441022 -35.765022 -59.226754 14.314009 21.652704 -24.018481 -3.456561 0.000000 0.000000 0.000000 -22.849310 27.726313 6.149658 17.290775 58.764604 4.633023 -22.887958 19.011808 -2.713319 0.000000 0.000000 0.000000 
-0.018287 0.945630 -0.093206 -2.208944 4.185293 18.426291 10.956569 -0.707227 -24.418137 1.125615 -0.592659 10.032803 0.684617 4.282561 6.524927 0.000000 0.000000 0.000000 -3.737167 2.029716 -32.610981 -1.756815 0.983540 16.979710 -0.899483 -5.310139 8.792386 0.000000 0.000000 0.000000 1.615514 -3.143034 40.066064 -1.139346 0.411961 2.877662 6.152979 -0.397725 5.737138 -10.336253 6.926775 -16.263355 0.000000 0.000000 0.000000 13.761116 -17.276131 5.240102 -35.106102 -59.163695 13.832200 22.504548 -24.246737 -3.677778 0.000000 0.000000 0.000000 -23.874363 27.531068 5.914923 16.938843 58.563518 4.519823 -23.819263 18.671699 -2.777560 0.000000 0.000000 0.000000 
-0.018653 0.946700 -0.094513 -2.277024 4.032785 18.770066 10.813056 -0.720854 -24.156313 1.636225 -0.641499 9.212762 0.560531 3.973497 6.359575 0.000000 0.000000 0.000000 -3.683445 2.059034 -32.568580 -1.868490 0.990282 16.353829 -0.642088 -4.739004 8.634290 0.000000 0.000000 0.000000 1.742748 -3.209704 40.402852 -1.548974 0.600256 3.293286 6.278401 0.013380 5.773567 -10.292586 6.945697 -15.792965 0.000000 0.000000 0.000000 14.708651 -16.718775 5.057863 -34.622693 -59.205653 13.522333 23.348570 -25.036724 -4.002400 0.000000 0.000000 0.000000 -24.127843 27.241908 5.804487 15.990982 58.254865 4.086669 -24.093867 18.474213 -2.769401 0.000000 0.000000 0.000000 
-0.018267 0.947515 -0.094906 -2.214131 4.130626 18.816841 10.383571 -0.785605 -23.611873 2.287727 -0.723078 8.589980 0.392853 3.433849 5.762003 0.000000 0.000000 0.000000 -3.731285 2.018393 -32.136283 -2.046087 1.001760 15.678975 -0.516736 -4.439697 8.577458 0.000000 0.000000 0.000000 1.515348 -3.166469 40.817392 -1.596291 0.615768 3.556847 6.356232 0.295395 6.191364 -10.393924 7.046716 -15.832905 0.000000 0.000000 0.000000 15.247851 -16.047800 4.875706 -34.272660 -59.496738 13.329354 24.787131 -25.810252 -4.466577 0.000000 0.000000 0.000000 -24.960640 26.541043 5.485361 16.624121 58.020161 4.465454 -25.143441 18.922619 -2.994860 0.000000 0.000000 0.000000 
-0.017338 0.948577 -0.094566 -2.041054 4.550349 18.926230 9.983239 -0.867134 -23.203466 2.747548 -0.766849 7.976288 0.038416 2.593707 5.289418 0.000000 0.000000 0.000000 -3.922568 1.918420 -31.851533 -2.267401 1.026047 15.308786 -0.444218 -4.253078 8.652401 0.000000 0.000000 0.000000 1.757277 -3.349168 40.803830 -1.628722 0.620108 3.762711 6.334003 0.138755 6.291743 -10.745274 7.244217 -15.984292 0.000000 0.000000 0.000000 15.721142 -15.302033 4.676401 -34.419674 -60.055984 13.615847 25.663049 -26.112465 -4.712353 0.000000 0.000000 0.000000 -25.422033 26.235209 5.355840 17.310656 57.290039 4.697532 -25.442401 19.392371 -3.130438 0.000000 0.000000 0.000000 
-0.016435 0.949293 -0.094067 -1.714319 5.159736 19.065576 9.521663 -0.966210 -22.833910 3.052482 -0.767709 7.185797 -0.362533 1.739691 5.008033 0.000000 0.000000 0.000000 -4.259768 1.757868 -31.300180 -2.626493 1.064270 14.670129 -0.335033 -3.867344 8.420982 0.000000 0.000000 0.000000 1.659809 -3.417525 40.857235 -1.635803 0.624300 3.307425 6.196581 -0.347813 6.984751 -11.293373 7.627537 -15.291323 0.000000 0.000000 0.000000 16.040071 -15.222823 4.605573 -33.340474 -60.903628 13.366303 26.317248 -25.801099 -4.779793 0.000000 0.000000 0.000000 -25.114675 25.604404 5.297319 18.149003 57.013595 4.979574 -25.834057 20.195954 -3.351084 0.000000 0.000000 0.000000 
-0.015686 0.950359 -0.093764 -1.618029 6.031443 19.279793 9.445836 -1.031745 -22.685471 3.084570 -0.722685 6.424921 -0.713850 1.063885 4.900833 0.000000 0.000000 0.000000 -4.332098 1.643235 -30.822774 -2.877482 1.070347 14.008225 -0.393754 -3.876896 8.400781 0.000000 0.000000 0.000000 1.565923 -3.508728 40.705451 -1.572667 0.577728 3.346209 6.093860 -0.805457 7.379558 -11.550420 7.799012 -15.180820 0.000000 0.000000 0.000000 16.838330 -14.792096 4.446571 -31.709753 -62.230639 12.969091 27.076853 -25.000199 -4.776381 0.000000 0.000000 0.000000 -25.177191 24.438993 5.112959 19.418948 57.103784 5.569306 -25.863688 20.957820 -3.507726 0.000000 0.000000 0.000000 
-0.015264 0.950906 -0.094029 -1.500524 6.687841 19.391072 9.305613 -1.090263 -22.609548 3.160414 -0.707351 6.025310 -0.944277 0.544653 4.674782 0.000000 0.000000 0.000000 -4.256145 1.587047 -30.411308 -3.433901 1.164888 13.615859 -0.365603 -3.654070 8.118100 0.000000 0.000000 0.000000 1.474842 -3.600119 40.887914 -1.430717 0.500784 3.304752 5.699969 -1.392983 7.840277 -11.763439 7.943616 -15.016632 0.000000 0.000000 0.000000 17.718749 -14.691233 4.329977 -29.726636 -63.218649 12.273770 28.006763 -23.904629 -4.733890 0.000000 0.000000 0.000000 -25.111160 23.517444 5.003624 19.049824 57.561219 5.369882 -25.760017 21.817704 -3.675595 0.000000 0.000000 0.000000 
-0.015083 0.951583 -0.094807 -1.727241 7.335950 19.643815 9.694815 -1.093336 -22.872506 3.054070 -0.658201 5.549298 -1.207714 0.224356 4.989996 0.000000 0.000000 0.000000 -3.935135 1.603003 -30.383050 -3.606985 1.177397 13.332027 -0.479202 -3.841712 8.174888 0.000000 0.000000 0.000000 1.190933 -3.638698 41.318931 -1.644361 0.606366 2.939138 5.618985 -2.198399 8.375838 -11.911720 7.989006 -15.349102 0.000000 0.000000 0.000000 18.392128 -14.699108 4.217293 -26.683506 -64.255858 11.036020 28.413988 -22.372368 -4.465505 0.000000 0.000000 0.000000 -24.956116 22.668025 4.959682 19.008372 58.014810 5.228549 -25.806628 23.017690 -3.945182 0.000000 0.000000 0.000000 
-0.015380 0.952127 -0.095965 -1.851347 7.720866 20.196285 9.705951 -1.132898 -23.132984 3.317996 -0.636602 4.734048 -1.261263 0.268244 5.229872 0.000000 0.000000 0.000000 -3.621542 1.648897 -30.664801 -3.913828 1.234383 13.231382 -0.556178 -3.834868 7.699456 0.000000 0.000000 0.000000 0.766289 -3.599509 42.020047 -1.810389 0.715875 1.812583 5.434721 -2.923973 9.447553 -12.103777 8.085976 -15.488481 0.000000 0.000000 0.000000 19.396186 -14.380127 4.005439 -23.477393 -64.814023 9.490255 28.684195 -21.284911 -4.265890 0.000000 0.000000 0.000000 -25.548536 21.304680 4.737043 17.790621 59.151945 4.594185 -25.891565 23.762399 -4.134925 0.000000 0.000000 0.000000 
-0.016196 0.952487 -0.097428 -2.214003 7.756270 20.967380 10.069127 -1.112971 -23.534792 3.673817 -0.612510 3.773323 -1.393386 0.242273 5.689941 0.000000 0.000000 0.000000 -3.188887 1.766820 -31.170986 -4.119098 1.259126 12.821745 -0.390423 -3.392137 7.389529 0.000000 0.000000 0.000000 0.109310 -3.353673 42.455602 -2.010681 0.816094 1.474269 5.322122 -3.657456 9.989736 -12.755417 8.445042 -15.392796 0.000000 0.000000 0.000000 20.602412 -13.965380 3.748787 -20.400012 -64.819317 7.975296 28.588219 -19.616415 -3.877180 0.000000 0.000000 0.000000 -25.589599 20.383962 4.711595 15.576923 60.623466 3.367496 -26.738804 24.147113 -4.398335 0.000000 0.000000 0.000000 
-0.017553 0.952828 -0.098757 -2.700469 7.789889 21.829859 10.657490 -1.060416 -23.784940 3.899747 -0.540181 2.439690 -1.447443 0.374846 6.179545 0.000000 0.000000 0.000000 -2.651736 1.915401 -31.739141 -4.047997 1.206754 12.120083 -0.390972 -3.407191 7.408888 0.000000 0.000000 0.000000 -0.519248 -3.138257 43.154810 -2.331758 0.980482 0.702679 5.361399 -4.307611 10.657344 -13.218387 8.733461 -14.965805 0.000000 0.000000 0.000000 21.765531 -13.368458 3.466498 -16.465222 -64.806521 5.947560 27.550610 -18.492803 -3.472235 0.000000 0.000000 0.000000 -25.597953 19.467050 4.684322 12.315404 62.547694 1.518958 -26.903586 24.051438 -4.423777 0.000000 0.000000 0.000000 
-0.019016 0.953617 -0.099829 -3.211496 7.737677 22.656074 11.057271 -1.021425 -24.000272 4.265379 -0.498227 1.342408 -1.239269 0.905894 6.483499 0.000000 0.000000 0.000000 -2.227599 2.045852 -32.191655 -3.591402 1.074959 11.411721 -0.466386 -3.553388 7.288178 0.000000 0.000000 0.000000 -1.161399 -2.872169 43.695974 -2.656332 1.135406 0.204777 5.526799 -4.655034 11.273890 -13.747571 8.961123 -15.623810 0.000000 0.000000 0.000000 23.480005 -12.467977 3.130822 -13.154424 -64.318194 4.165816 27.525623 -17.071076 -3.180465 0.000000 0.000000 0.000000 -26.381264 18.242080 4.514323 8.341556 64.404142 -0.818741 -27.810157 22.682751 -4.303245 0.000000 0.000000 0.000000 
-0.020085 0.954083 -0.100527 -3.584723 8.161065 23.511372 11.279386 -1.041717 -24.249403 5.010901 -0.453710 -0.142946 -1.551136 0.688301 7.188187 0.000000 0.000000 0.000000 -2.031329 2.079193 -32.793456 -3.328447 0.996874 11.043624 -0.400736 -3.362503 7.245236 0.000000 0.000000 0.000000 -1.213478 -2.957215 44.029669 -2.667310 1.133809 0.273171 5.381699 -4.909661 11.331661 -13.938920 9.130637 -14.998846 0.000000 0.000000 0.000000 24.893926 -11.808423 2.928807 -10.175027 -63.779847 2.526377 27.748342 -15.375425 -2.865159 0.000000 0.000000 0.000000 -27.476276 17.347370 4.357630 2.918719 65.091959 -4.025709 -28.501914 21.067033 -4.073720 0.000000 0.000000 0.000000 
-0.020486 0.954640 -0.101200 -3.952762 8.109403 24.579114 11.169979 -1.070322 -24.461737 5.941450 -0.415744 -1.558165 -1.424874 1.081712 7.541834 0.000000 0.000000 0.000000 -1.993786 2.130371 -33.456533 -2.983637 0.907732 10.616633 -0.411228 -3.705145 8.304388 0.000000 0.000000 0.000000 -1.418521 -2.859595 44.229082 -3.083026 1.323388 -0.214331 5.596462 -4.744560 11.861101 -14.049750 9.281822 -14.326827 0.000000 0.000000 0.000000 26.709532 -10.790559 2.704445 -5.970303 -63.496602 0.195646 27.755464 -13.594073 -2.518520 0.000000 0.000000 0.000000 -28.752413 16.020255 4.097775 -3.634150 65.430323 -7.880479 -28.852366 18.081707 -3.444089 0.000000 0.000000 0.000000 
-0.020315 0.954617 -0.102198 -4.241936 8.487347 25.505206 11.003935 -1.144323 -25.034192 6.816423 -0.393033 -2.521462 -1.426733 1.283848 7.907492 0.000000 0.000000 0.000000 -1.889027 2.147182 -34.099075 -3.186187 0.936561 10.449501 -0.468784 -4.161844 9.648086 0.000000 0.000000 0.000000 -1.266239 -3.042643 44.621945 -3.440186 1.475081 -0.366639 5.873374 -4.615278 11.877193 -14.242285 9.462811 -13.761117 0.000000 0.000000 0.000000 28.450328 -10.156225 2.593274 -2.211862 -63.055174 -1.853442 27.929495 -11.649317 -2.155150 0.000000 0.000000 0.000000 -30.677098 14.594577 3.829354 -8.952424 65.356658 -10.922811 -28.980813 14.658437 -2.687556 0.000000 0.000000 0.000000 
-0.019712 0.954375 -0.103862 -4.223789 8.897681 26.417072 10.866882 -1.223325 -25.608807 7.212063 -0.366104 -3.052353 -1.570212 0.854494 7.499090 0.000000 0.000000 0.000000 -2.051679 2.086083 -34.785978 -3.123973 0.906159 10.175058 -0.891854 -5.455863 11.600104 0.000000 0.000000 0.000000 -0.961435 -3.319932 44.953152 -3.588818 1.537489 -0.564090 6.208367 -3.902606 11.943906 -13.784138 9.282504 -13.014009 0.000000 0.000000 0.000000 29.983691 -9.200536 2.611969 2.794951 -63.066109 -4.806438 27.899553 -9.819858 -1.819087 0.000000 0.000000 0.000000 -33.600441 13.855775 3.469400 -13.106533 63.698213 -12.558432 -27.966201 10.603820 -1.698872 0.000000 0.000000 0.000000 
-0.019127 0.953999 -0.105840 -4.317199 9.406734 27.222006 10.899591 -1.302309 -26.709165 7.765695 -0.389405 -3.156203 -1.982992 0.274887 7.796212 0.000000 0.000000 0.000000 -2.014629 2.064478 -35.703322 -3.371938 0.950696 10.185677 -1.194595 -6.495050 13.969553 0.000000 0.000000 0.000000 -0.776037 -3.544985 45.122678 -3.595777 1.533476 -0.398534 6.653533 -2.917986 11.913202 -13.221387 9.010350 -12.563880 0.000000 0.000000 0.000000 31.545370 -8.885484 2.791821 6.968646 -62.621286 -7.384558 27.934582 -8.316060 -1.578820 0.000000 0.000000 0.000000 -35.705396 13.265402 3.098556 -15.036427 62.276802 -12.730719 -26.818322 7.280919 -0.919905 0.000000 0.000000 0.000000 
-0.018523 0.953822 -0.107481 -4.369130 10.065016 28.056823 10.990845 -1.386953 -27.653448 8.100850 -0.405966 -3.161786 -2.288691 -0.429716 7.448409 0.000000 0.000000 0.000000 -2.263466 1.941329 -36.571148 -3.270446 0.929999 10.313738 -1.436940 -7.137500 15.448528 0.000000 0.000000 0.000000 -0.420247 -3.890469 45.284510 -3.585948 1.526765 -0.651106 6.884961 -2.109881 12.063429 -12.585490 8.663577 -12.349800 0.000000 0.000000 0.000000 33.132409 -8.271567 2.959108 10.907074 -62.473426 -9.841773 27.467144 -7.411014 -1.429216 0.000000 0.000000 0.000000 -38.336397 12.968623 2.730181 -16.576930 60.284681 -12.500871 -24.869132 5.170305 -0.446990 0.000000 0.000000 0.000000 
-0.018076 0.953700 -0.108348 -4.342355 10.783622 28.843797 10.696347 -1.534264 -28.486084 8.678599 -0.430532 -3.249294 -2.389484 -0.712747 7.155563 0.000000 0.000000 0.000000 -2.335961 1.839758 -37.494326 -3.242671 0.930510 10.615023 -1.848809 -7.772572 15.392866 0.000000 0.000000 0.000000 0.005250 -4.237657 45.088589 -3.692037 1.564448 -0.638186 7.159781 -1.562657 12.237332 -11.950310 8.363798 -11.583957 0.000000 0.000000 0.000000 34.202618 -8.061350 3.116006 13.772501 -61.835005 -11.534922 27.318959 -6.658253 -1.319363 0.000000 0.000000 0.000000 -39.711561 12.486709 2.459926 -16.724286 58.940810 -11.831910 -24.182525 4.780412 -0.353257 0.000000 0.000000 0.000000 
-0.017639 0.954064 -0.108674 -4.172779 11.289865 29.313533 10.515322 -1.639361 -29.030932 8.807173 -0.423621 -3.352651 -2.603361 -1.009968 7.271257 0.000000 0.000000 0.000000 -2.606572 1.694762 -37.989417 -3.059095 0.890936 10.723943 -2.181732 -8.324874 15.598540 0.000000 0.000000 0.000000 0.516265 -4.555132 44.686487 -3.607036 1.520652 -0.525903 7.180460 -1.172816 12.421338 -11.135511 7.859274 -11.895690 0.000000 0.000000 0.000000 34.608076 -7.607358 3.222173 15.421720 -62.279368 -12.781717 27.269096 -6.721742 -1.365109 0.000000 0.000000 0.000000 -40.645010 12.704469 2.274280 -15.478819 57.656810 -10.612719 -23.629984 4.912620 -0.355910 0.000000 0.000000 0.000000 
-0.017272 0.954030 -0.108952 -4.181426 11.732983 29.385898 10.456429 -1.711760 -29.489403 9.099584 -0.466998 -3.119165 -2.882010 -1.386927 7.469332 0.000000 0.000000 0.000000 -2.671021 1.611171 -38.242957 -2.725847 0.826972 10.982777 -2.660478 -9.105783 15.487125 0.000000 0.000000 0.000000 0.745681 -4.737123 44.501867 -3.615009 1.518333 -0.404553 7.488051 -0.586977 12.629177 -10.733579 7.629931 -12.273482 0.000000 0.000000 0.000000 35.126296 -7.595699 3.379330 17.545604 -62.373174 -14.287201 27.368817 -6.411723 -1.349712 0.000000 0.000000 0.000000 -40.980944 12.550402 2.056173 -14.166174 56.946161 -9.504903 -23.892979 5.645414 -0.465432 0.000000 0.000000 0.000000 
-0.017120 0.954410 -0.109653 -4.099187 12.199229 29.790314 10.456800 -1.792111 -30.062570 9.219509 -0.478920 -3.056707 -3.156563 -1.840710 7.523850 0.000000 0.000000 0.000000 -2.585190 1.565297 -38.661931 -2.682578 0.809238 10.892236 -2.917009 -9.519014 15.646498 0.000000 0.000000 0.000000 0.982340 -4.955432 44.471158 -3.639939 1.529766 -0.744942 7.760298 -0.358439 12.841487 -10.335968 7.370244 -12.952873 0.000000 0.000000 0.000000 35.464101 -7.091194 3.442143 18.911503 -63.014794 -15.419196 27.449540 -5.891445 -1.270249 0.000000 0.000000 0.000000 -41.332929 12.532967 1.938561 -12.506266 56.190241 -8.395668 -24.681627 6.939325 -0.702563 0.000000 0.000000 0.000000 
-0.017088 0.953811 -0.111022 -3.982947 12.666917 30.527065 10.730736 -1.864865 -31.162013 8.954111 -0.537826 -2.330824 -3.189020 -2.364844 6.723792 0.000000 0.000000 0.000000 -2.616418 1.474927 -39.923287 -2.475586 0.786727 11.652075 -2.866739 -9.356361 15.440634 0.000000 0.000000 0.000000 1.269003 -5.086057 43.788831 -3.644283 1.519219 -0.513635 7.873359 0.046847 13.092205 -9.808673 7.058463 -13.526086 0.000000 0.000000 0.000000 35.884384 -6.860427 3.580008 22.254204 -63.516686 -17.792108 27.120761 -4.505166 -1.001402 0.000000 0.000000 0.000000 -41.846524 12.368679 1.756263 -10.858295 55.426408 -7.249395 -24.938657 7.081163 -0.707324 0.000000 0.000000 0.000000 
-0.017159 0.952793 -0.113001 -3.808739 13.065944 30.884577 10.783899 -1.953443 -32.030446 8.761402 -0.582775 -1.777592 -3.232978 -2.612723 6.426057 0.000000 0.000000 0.000000 -2.577202 1.408730 -40.683102 -2.502476 0.802581 12.134107 -2.235614 -8.105507 15.082068 0.000000 0.000000 0.000000 1.518101 -5.339728 44.003203 -3.824668 1.594519 -0.690670 7.957770 0.126671 13.150288 -9.540185 6.903975 -13.573847 0.000000 0.000000 0.000000 36.105670 -6.649177 3.624973 24.267082 -63.355689 -18.984337 27.022722 -3.541314 -0.807447 0.000000 0.000000 0.000000 -42.138644 12.034600 1.690849 -10.434284 55.370357 -6.956982 -25.508503 7.147401 -0.724988 0.000000 0.000000 0.000000 
-0.017043 0.951003 -0.115168 -3.691145 13.305376 31.407684 11.025380 -2.020946 -33.342883 8.357611 -0.708093 -0.343224 -2.954898 -2.780301 5.290418 0.000000 0.000000 0.000000 -2.303541 1.433731 -41.933185 -2.711254 0.869497 12.801709 -1.824790 -7.361583 15.131122 0.000000 0.000000 0.000000 1.510866 -5.448030 44.328073 -3.969872 1.656146 -0.959052 8.354992 0.804312 13.552747 -8.470948 6.293934 -14.452988 0.000000 0.000000 0.000000 36.373757 -6.241083 3.781807 27.774478 -63.006672 -21.228592 26.905337 -1.924276 -0.505884 0.000000 0.000000 0.000000 -43.149486 11.775246 1.436824 -9.653546 54.189293 -6.133348 -25.443773 6.484200 -0.557141 0.000000 0.000000 0.000000 
-0.016584 0.948014 -0.116820 -3.613294 13.314726 31.746329 11.301690 -2.064304 -34.897998 7.732179 -0.870386 1.676784 -2.421794 -2.437781 4.150884 0.000000 0.000000 0.000000 -2.411505 1.378408 -43.089646 -2.608691 0.875222 13.673430 -1.512325 -6.821276 15.132278 0.000000 0.000000 0.000000 1.424859 -5.578683 45.249986 -4.155057 1.730278 -0.765650 8.439830 1.783007 13.089086 -7.839013 5.953433 -14.823093 0.000000 0.000000 0.000000 36.576687 -6.061936 4.028570 30.990337 -62.203043 -23.095690 27.454841 -1.136343 -0.381691 0.000000 0.000000 0.000000 -43.479533 11.510762 1.281024 -9.956381 52.821641 -5.777271 -24.757461 5.940416 -0.396008 0.000000 0.000000 0.000000 
-0.015815 0.944470 -0.117235 -3.548109 13.392977 31.936240 11.354214 -2.144185 -36.220937 7.451011 -1.059125 3.673559 -1.903215 -2.179903 2.867475 0.000000 0.000000 0.000000 -2.336311 1.376880 -43.734957 -2.940928 0.977694 14.480839 -1.196439 -6.136813 14.527369 0.000000 0.000000 0.000000 1.321311 -5.679120 45.957918 -4.242073 1.762091 -0.459554 8.723759 2.715805 12.756820 -7.106273 5.569955 -15.525237 0.000000 0.000000 0.000000 36.085202 -6.077041 4.243970 33.445089 -61.628406 -24.619935 27.972326 -0.531915 -0.284918 0.000000 0.000000 0.000000 -44.056607 11.174048 1.098103 -10.606657 51.270067 -5.557097 -23.742162 5.521417 -0.263345 0.000000 0.000000 0.000000 
-0.014811 0.940355 -0.116201 -3.207726 13.503658 32.396890 11.287701 -2.265895 -37.496541 7.195401 -1.184368 5.100617 -1.697218 -2.343713 1.944305 0.000000 0.000000 0.000000 -2.850080 1.149710 -44.618088 -2.873432 0.977662 15.140204 -1.316116 -6.315466 14.369032 0.000000 0.000000 0.000000 1.380712 -5.862271 46.513296 -4.421620 1.827887 -0.015053 8.722133 3.366030 12.180163 -6.608355 5.306291 -14.933086 0.000000 0.000000 0.000000 34.979326 -6.594116 4.416751 35.281328 -60.992425 -25.612478 28.634368 -0.380494 -0.257106 0.000000 0.000000 0.000000 -44.274748 10.904436 1.021946 -10.784346 49.901460 -5.274047 -23.156601 5.478952 -0.215658 0.000000 0.000000 0.000000 
-0.014000 0.938048 -0.114211 -3.115277 13.169092 32.799734 11.336217 -2.279329 -38.598921 6.906712 -1.297358 6.479214 -1.335091 -1.850892 1.501472 0.000000 0.000000 0.000000 -2.822855 1.207874 -45.390875 -2.963902 1.025003 15.602614 -1.676642 -7.084684 14.460947 0.000000 0.000000 0.000000 1.344440 -5.906760 47.232852 -4.757504 1.968620 0.492474 8.780412 4.081326 11.303748 -5.841240 4.854981 -14.030688 0.000000 0.000000 0.000000 33.610276 -7.085606 4.569122 35.387096 -61.252298 -26.039662 30.411345 -0.423388 -0.255440 0.000000 0.000000 0.000000 -44.488060 10.734941 1.012890 -10.905116 49.127617 -5.087198 -23.516631 5.737979 -0.233992 0.000000 0.000000 0.000000 
-0.013536 0.935981 -0.111991 -2.905629 12.778655 33.316834 11.336989 -2.294531 -39.613443 6.481233 -1.366318 7.710050 -0.935298 -1.287430 1.006976 0.000000 0.000000 0.000000 -3.076978 1.169864 -46.120430 -2.727393 0.974951 15.511800 -2.158324 -8.173459 15.239136 0.000000 0.000000 0.000000 1.109472 -5.790742 47.752423 -4.829164 1.997073 0.715853 8.827796 4.603332 11.056252 -5.474879 4.630270 -13.196663 0.000000 0.000000 0.000000 32.097773 -7.692968 4.657137 35.306552 -61.400968 -26.253993 32.066565 -0.214795 -0.184417 0.000000 0.000000 0.000000 -44.377736 10.721574 0.962769 -10.462266 48.578612 -4.769000 -24.594593 5.762595 -0.213642 0.000000 0.000000 0.000000 
-0.013428 0.935080 -0.109852 -2.900658 12.268741 33.992892 11.676989 -2.192268 -40.588985 6.001324 -1.385232 8.650965 -0.653879 -0.801330 0.789885 0.000000 0.000000 0.000000 -3.009697 1.281399 -47.158730 -2.516298 0.950383 15.861473 -2.677820 -9.302416 15.622612 0.000000 0.000000 0.000000 0.918465 -5.685021 48.405051 -4.931210 2.043566 0.728853 8.903126 5.357452 10.890441 -4.307631 3.949612 -12.828805 0.000000 0.000000 0.000000 31.053996 -7.856582 4.775325 34.807899 -61.901955 -26.525180 34.158371 -0.182527 -0.159325 0.000000 0.000000 0.000000 -44.564902 10.417970 0.870939 -9.756382 48.185587 -4.314268 -25.448248 6.045479 -0.227143 0.000000 0.000000 0.000000 
-0.013447 0.933759 -0.107931 -3.150165 11.535733 34.692779 11.999477 -2.021594 -41.362285 5.776754 -1.390634 9.123914 -0.180033 0.220872 0.732924 0.000000 0.000000 0.000000 -2.986635 1.446004 -48.404962 -2.124672 0.883904 16.047725 -2.846807 -9.923846 16.643054 0.000000 0.000000 0.000000 0.648277 -5.404466 48.749161 -5.081676 2.115384 0.499506 8.878119 5.730606 11.389914 -3.724980 3.617720 -12.767834 0.000000 0.000000 0.000000 30.591955 -8.553281 4.833385 32.663597 -61.824789 -25.299947 35.820018 -0.498081 -0.248923 0.000000 0.000000 0.000000 -44.459386 10.309328 0.812669 -10.042165 48.133985 -4.379345 -26.555673 6.018431 -0.206901 0.000000 0.000000 0.000000 
-0.013086 0.932922 -0.106115 -3.366379 10.763031 34.984786 12.194718 -1.850908 -41.907623 5.817401 -1.447078 9.654538 -0.058475 0.695478 1.115150 0.000000 0.000000 0.000000 -3.030062 1.607389 -49.361352 -1.485274 0.755154 16.350748 -3.396300 -11.242453 18.039416 0.000000 0.000000 0.000000 0.733756 -5.315135 49.082817 -5.185577 2.167134 0.455774 8.614490 5.945699 11.361057 -3.163037 3.229762 -11.958025 0.000000 0.000000 0.000000 30.445652 -8.793691 4.841998 30.512163 -62.755442 -24.523384 37.764980 -1.210231 -0.438701 0.000000 0.000000 0.000000 -44.097899 10.391186 0.844386 -10.263155 48.654728 -4.546437 -27.483395 5.917533 -0.189300 0.000000 0.000000 0.000000 
-0.012188 0.932433 -0.104638 -3.592897 9.620686 34.804438 12.280885 -1.598639 -41.548292 5.582535 -1.456321 10.258546 0.357534 1.266309 0.516923 0.000000 0.000000 0.000000 -3.048427 1.879270 -50.211593 -1.076114 0.705011 17.130655 -3.769699 -12.323475 19.798605 0.000000 0.000000 0.000000 0.772913 -5.138525 49.727013 -5.101919 2.144474 0.259716 8.344446 6.131760 11.496901 -2.604294 2.827077 -11.107222 0.000000 0.000000 0.000000 30.689307 -8.498673 4.763438 28.744820 -62.764899 -23.365941 38.701160 -2.415749 -0.828496 0.000000 0.000000 0.000000 -44.190143 11.058157 0.880123 -10.720764 48.212887 -4.744152 -27.687130 6.013982 -0.223779 0.000000 0.000000 0.000000 
-0.010720 0.933365 -0.103734 -3.804353 8.661255 34.666038 12.111381 -1.451137 -41.138528 5.578723 -1.498437 10.772551 0.766181 1.854663 -0.074362 0.000000 0.000000 0.000000 -3.098596 2.106539 -50.630013 -0.658858 0.631630 17.353693 -4.114036 -13.245758 21.335621 0.000000 0.000000 0.000000 1.074214 -5.114918 50.108955 -5.003250 2.109595 -0.329510 8.217258 5.828812 11.967279 -2.877553 2.927986 -10.519773 0.000000 0.000000 0.000000 31.275480 -8.000494 4.574893 27.109721 -63.234250 -22.351683 39.439470 -3.334924 -1.114284 0.000000 0.000000 0.000000 -44.631725 10.844810 0.966958 -10.852818 48.660921 -5.007984 -27.984542 6.280099 -0.326674 0.000000 0.000000 0.000000 
-0.009553 0.935703 -0.103277 -3.772233 7.477602 34.143582 11.721241 -1.321952 -40.053445 5.458005 -1.457996 10.666414 0.979966 2.308459 -0.065249 0.000000 0.000000 0.000000 -3.126574 2.363307 -49.956102 -0.679896 0.664781 17.209460 -3.664979 -12.427094 18.834105 0.000000 0.000000 0.000000 1.130781 -4.851885 50.276317 -4.576682 1.939785 -0.593647 8.057631 5.589358 12.103027 -3.165269 3.055489 -10.112587 0.000000 0.000000 0.000000 31.892549 -6.867603 4.349066 25.860975 -63.740709 -21.552412 40.630724 -4.338129 -1.458484 0.000000 0.000000 0.000000 -44.957645 10.724826 1.067146 -10.791928 49.242546 -5.217394 -27.997897 6.117785 -0.337499 0.000000 0.000000 0.000000 
-0.009297 0.936965 -0.103013 -3.854358 6.512758 33.674294 11.725005 -1.137798 -39.005377 5.085880 -1.376197 10.641217 1.256105 2.674646 -0.550987 0.000000 0.000000 0.000000 -3.210205 2.544324 -49.249849 -0.679690 0.686717 17.062965 -2.783696 -10.659214 16.145360 0.000000 0.000000 0.000000 1.239117 -4.579786 49.658404 -4.154386 1.768020 -0.808367 7.788393 4.941461 12.294127 -3.732547 3.352489 -9.694787 0.000000 0.000000 0.000000 32.817180 -5.894574 4.080819 24.864165 -63.846077 -20.551403 41.377747 -4.845495 -1.615290 0.000000 0.000000 0.000000 -44.835124 10.682219 1.268649 -10.729249 51.242456 -5.719501 -27.733760 5.799681 -0.349885 0.000000 0.000000 0.000000 
-0.010156 0.939393 -0.102439 -3.759672 6.185352 32.839336 11.765861 -1.062508 -38.115635 4.432339 -1.247296 10.599932 1.357136 3.159495 0.045419 0.000000 0.000000 0.000000 -2.928056 2.670398 -47.941044 -1.111354 0.797696 16.880196 -2.130182 -9.050800 13.827199 0.000000 0.000000 0.000000 1.286679 -4.456889 49.161624 -3.519107 1.504921 -1.060535 7.511133 4.255401 12.308314 -4.378916 3.742022 -10.029918 0.000000 0.000000 0.000000 33.933213 -5.626098 3.928489 22.904297 -63.703102 -18.957299 42.588142 -4.798394 -1.624208 0.000000 0.000000 0.000000 -44.461161 10.837330 1.451744 -9.479943 53.330645 -5.707524 -28.269133 5.797488 -0.411051 0.000000 0.000000 0.000000 
-0.012067 0.941205 -0.101413 -3.645199 5.797650 31.906149 11.957186 -0.944424 -37.400109 3.805645 -1.171467 11.209621 1.328628 3.227812 0.381298 0.000000 0.000000 0.000000 -2.875846 2.728893 -47.079697 -1.347290 0.854979 16.569693 -1.194575 -7.055790 12.857623 0.000000 0.000000 0.000000 1.191565 -4.252095 48.781262 -3.151723 1.356591 -1.477207 7.199235 3.374766 12.416492 -5.502850 4.414615 -9.757556 0.000000 0.000000 0.000000 34.133895 -5.108504 3.664104 20.426635 -63.729590 -17.083259 44.030766 -5.207950 -1.736500 0.000000 0.000000 0.000000 -43.445651 11.300717 1.691842 -8.143129 55.492530 -5.740379 -29.243254 6.235950 -0.577538 0.000000 0.000000 0.000000 
-0.014415 0.944108 -0.099965 -3.490214 6.019833 31.263541 12.169172 -0.925604 -37.337053 3.217123 -1.117769 12.027169 1.193754 3.288664 1.186971 0.000000 0.000000 0.000000 -2.494147 2.755857 -45.704749 -2.001485 0.979616 15.811197 -0.555926 -5.500686 11.986939 0.000000 0.000000 0.000000 1.192022 -4.181315 47.707956 -2.882115 1.242435 -1.455278 6.983357 2.768997 12.293692 -6.252292 4.873848 -9.477763 0.000000 0.000000 0.000000 33.707104 -5.101554 3.540427 18.743433 -64.975040 -16.353825 45.939841 -5.353887 -1.772949 0.000000 0.000000 0.000000 -41.487181 11.438650 1.878485 -4.451088 57.618106 -4.439071 -31.395700 8.254285 -1.121982 0.000000 0.000000 0.000000 
-0.016488 0.946044 -0.097724 -3.381908 6.083190 30.629046 12.591945 -0.829097 -37.296790 2.347893 -0.987367 12.736190 1.100686 3.543906 2.246240 0.000000 0.000000 0.000000 -2.503568 2.687943 -44.455738 -2.228315 1.001151 15.150410 -0.181668 -4.563037 11.471843 0.000000 0.000000 0.000000 1.046840 -4.037632 47.093263 -2.776147 1.202548 -1.885596 6.894001 2.044123 12.388927 -7.209488 5.479857 -8.657834 0.000000 0.000000 0.000000 32.639668 -4.870611 3.323797 16.281709 -66.233372 -15.023488 47.024102 -6.351411 -2.080469 0.000000 0.000000 0.000000 -39.692628 11.639357 2.095169 -0.684251 58.894862 -2.974213 -33.580325 10.711264 -1.862147 0.000000 0.000000 0.000000 
-0.017817 0.948123 -0.094636 -3.252174 6.367825 30.184334 12.559640 -0.879724 -37.428243 2.227191 -0.975606 12.840954 0.881704 3.936277 4.235362 0.000000 0.000000 0.000000 -2.453358 2.595045 -43.075450 -2.538408 1.027784 14.343496 0.116124 -3.737712 10.981188 0.000000 0.000000 0.000000 1.143541 -4.013202 45.874156 -2.754204 1.187907 -1.537187 6.739281 1.574841 12.193994 -7.562943 5.720472 -7.925729 0.000000 0.000000 0.000000 31.441722 -5.211172 3.239772 12.954089 -67.676635 -13.303852 48.220144 -7.204342 -2.377482 0.000000 0.000000 0.000000 -37.706235 11.239228 2.234189 3.700463 60.250759 -0.935086 -35.056609 13.717182 -2.778410 0.000000 0.000000 0.000000 
-0.018315 0.948781 -0.090949 -3.039926 6.553234 29.541996 12.671656 -0.878016 -37.061928 1.845670 -0.887672 12.618638 0.494211 3.859527 5.905404 0.000000 0.000000 0.000000 -2.697113 2.433978 -41.885140 -2.471711 0.989297 14.016628 0.290765 -3.052164 10.131001 0.000000 0.000000 0.000000 1.112985 -3.923620 44.934800 -2.779842 1.198533 -1.494440 6.459344 0.968610 12.014752 -8.015567 6.045586 -6.840852 0.000000 0.000000 0.000000 30.438117 -4.974026 3.085746 10.365217 -69.029894 -11.828665 48.167209 -8.799902 -2.933238 0.000000 0.000000 0.000000 -36.271928 11.396312 2.399863 6.962686 60.644080 0.559768 -35.638133 15.842357 -3.448447 0.000000 0.000000 0.000000 
-0.017726 0.948363 -0.086681 -3.306065 6.518862 28.979815 12.954387 -0.788702 -36.662036 2.048286 -0.896088 12.090915 0.088591 3.867352 7.884386 0.000000 0.000000 0.000000 -2.442744 2.491402 -40.950718 -2.357013 0.955566 13.836953 0.112609 -3.210084 9.450361 0.000000 0.000000 0.000000 1.185498 -3.858372 44.222386 -3.170902 1.359613 -1.182954 6.758971 1.174503 11.597360 -8.124875 6.153258 -5.754893 0.000000 0.000000 0.000000 29.262584 -5.635050 3.159157 8.812665 -69.302605 -10.994729 47.246895 -10.777390 -3.653286 0.000000 0.000000 0.000000 -35.486027 11.895669 2.438657 8.527667 59.543876 1.340081 -34.696495 17.401066 -3.766586 0.000000 0.000000 0.000000 
-0.015537 0.947390 -0.081636 -3.242153 6.793733 28.223234 12.823527 -0.849386 -35.774977 2.105331 -0.868370 11.355152 -0.287219 3.686023 9.084903 0.000000 0.000000 0.000000 -2.880196 2.278495 -39.985791 -2.494114 0.966232 13.578912 -0.040328 -3.279977 8.829666 0.000000 0.000000 0.000000 1.336876 -4.017691 44.461981 -3.230078 1.390116 -1.560569 6.392811 0.744493 11.685886 -8.505632 6.394782 -6.771651 0.000000 0.000000 0.000000 29.225223 -5.217748 3.044009 8.282144 -69.315737 -10.542463 44.365626 -12.548942 -4.078218 0.000000 0.000000 0.000000 -36.028345 11.687486 2.441654 7.110644 59.306313 0.516342 -32.064867 17.180870 -3.440217 0.000000 0.000000 0.000000 
-0.011820 0.945280 -0.075465 -3.408894 6.559288 27.683109 12.661917 -0.835549 -34.869211 2.520759 -0.896593 10.582639 -0.558166 3.567466 10.063220 0.000000 0.000000 0.000000 -2.978355 2.264272 -39.245757 -2.522414 0.985792 13.801111 -0.009172 -2.803460 7.508096 0.000000 0.000000 0.000000 1.443756 -4.000725 44.284591 -3.469258 1.491712 -1.484173 6.382524 0.695492 11.553147 -8.518867 6.429322 -6.130626 0.000000 0.000000 0.000000 29.339399 -5.489652 3.039374 7.712275 -68.777776 -10.005122 40.947161 -14.316282 -4.361993 0.000000 0.000000 0.000000 -36.034692 11.761846 2.471362 4.999395 58.646271 -0.636812 -29.382472 17.207924 -3.142926 0.000000 0.000000 0.000000 
-0.007171 0.943536 -0.067885 -3.587161 6.239066 27.345923 12.300994 -0.857219 -34.091216 2.989871 -0.940317 9.965664 -0.519141 3.940574 10.908337 0.000000 0.000000 0.000000 -3.092827 2.262399 -38.660792 -2.613484 1.011777 13.790956 0.113530 -2.217757 6.510521 0.000000 0.000000 0.000000 1.390956 -3.888922 44.171749 -3.508404 1.507765 -1.163431 6.083273 0.226606 10.810033 -9.455083 7.030269 -6.387262 0.000000 0.000000 0.000000 29.293118 -5.719797 2.966391 4.971311 -68.568719 -7.926876 38.560321 -15.902313 -4.545562 0.000000 0.000000 0.000000 -35.848928 12.036234 2.681638 3.078642 58.975394 -1.824599 -27.461946 17.074014 -2.923106 0.000000 0.000000 0.000000 
-0.002366 0.941623 -0.059444 -3.838261 6.030145 27.064694 12.261259 -0.823643 -33.100827 3.338177 -0.949537 9.222441 -0.832956 3.476014 11.188593 0.000000 0.000000 0.000000 -3.253705 2.250777 -38.659959 -2.615828 1.037114 14.222997 0.324519 -1.731469 6.419349 0.000000 0.000000 0.000000 1.133207 -3.761979 44.622441 -3.284030 1.418414 -1.472041 5.908266 -0.354147 10.905290 -9.682698 7.121952 -7.382947 0.000000 0.000000 0.000000 29.903234 -5.368132 2.797445 2.643351 -68.172926 -6.109619 37.533049 -16.872979 -4.672023 0.000000 0.000000 0.000000 -35.585688 11.593723 2.817109 1.528402 59.583685 -2.890790 -27.005887 17.174196 -2.920228 0.000000 0.000000 0.000000 
0.002007 0.940644 -0.051580 -3.939337 5.991252 27.118191 12.069108 -0.851747 -32.079416 3.576911 -0.901817 7.998326 -0.955822 3.234643 11.128319 0.000000 0.000000 0.000000 -3.711846 2.144730 -39.105876 -2.765581 1.092411 14.637333 1.077211 -0.662049 8.006659 0.000000 0.000000 0.000000 1.074876 -3.704543 44.489204 -3.231815 1.394931 -1.404157 5.661558 -1.268889 10.372582 -10.758961 7.742591 -8.204632 0.000000 0.000000 0.000000 30.175261 -5.443615 2.637245 0.634587 -68.441770 -4.401344 36.197677 -17.051020 -4.478782 0.000000 0.000000 0.000000 -34.156399 11.464775 3.118714 0.308528 60.309860 -3.954887 -27.445931 17.607392 -3.094859 0.000000 0.000000 0.000000 
0.005650 0.939838 -0.045575 -4.163702 5.827468 27.467775 12.124134 -0.820164 -32.012831 3.499527 -0.880531 7.908897 -0.707146 3.541915 10.866086 0.000000 0.000000 0.000000 -3.714412 2.198042 -39.771039 -3.391220 1.265008 14.999867 1.879319 0.560085 9.213611 0.000000 0.000000 0.000000 0.731480 -3.453023 44.171328 -3.102153 1.345049 -1.999562 5.305423 -2.552379 10.775639 -11.590480 8.180199 -9.213865 0.000000 0.000000 0.000000 31.088505 -4.704133 2.283405 0.469415 -68.749345 -3.676766 35.300567 -16.037521 -4.000237 0.000000 0.000000 0.000000 -33.203927 10.496751 3.357389 -1.671835 62.315635 -5.732922 -28.787332 17.517127 -3.294510 0.000000 0.000000 0.000000 
0.008416 0.939245 -0.041670 -4.259292 5.816818 27.777272 12.234065 -0.799312 -32.279957 3.232916 -0.838648 7.956077 -0.591446 3.853219 11.170806 0.000000 0.000000 0.000000 -3.825605 2.196379 -40.558962 -3.873256 1.420509 15.665896 2.575108 1.597970 10.218212 0.000000 0.000000 0.000000 0.597873 -3.374804 44.159945 -2.952289 1.288513 -2.680959 4.810277 -3.841327 11.072550 -12.378048 8.520475 -10.540066 0.000000 0.000000 0.000000 32.415251 -4.579125 2.013643 0.950585 -68.745077 -3.326343 34.132962 -14.051503 -3.278679 0.000000 0.000000 0.000000 -31.908818 9.364709 3.565846 -4.722230 64.002501 -8.220550 -30.154252 17.529132 -3.511123 0.000000 0.000000 0.000000 
0.010281 0.937927 -0.038988 -4.355600 6.245021 28.067198 12.388120 -0.824271 -32.553178 3.287521 -0.872365 8.287669 -0.812995 3.101089 10.125400 0.000000 0.000000 0.000000 -4.166783 2.059011 -41.776044 -3.947020 1.479348 16.523708 3.429379 2.505615 12.258931 0.000000 0.000000 0.000000 0.606638 -3.445772 44.014686 -2.749113 1.208840 -3.111009 4.275795 -5.107510 11.244121 -13.220972 8.996517 -10.820405 0.000000 0.000000 0.000000 33.623050 -4.602228 1.784967 4.511030 -68.936863 -5.004493 32.722484 -10.693675 -2.254819 0.000000 0.000000 0.000000 -31.260881 8.208671 3.707511 -7.241550 65.852028 -10.531261 -32.302373 17.393416 -3.784633 0.000000 0.000000 0.000000 
0.011438 0.936305 -0.036510 -4.543355 6.492477 28.308875 12.292259 -0.875034 -33.094598 3.623852 -0.971663 8.849793 -0.487835 3.581072 9.769484 0.000000 0.000000 0.000000 -3.948444 2.118964 -43.060773 -4.037477 1.586200 18.029656 3.404516 2.063627 13.173196 0.000000 0.000000 0.000000 0.611217 -3.483858 43.916471 -2.603024 1.151812 -3.342156 4.020281 -6.149287 11.304529 -13.938664 9.319979 -11.601318 0.000000 0.000000 0.000000 35.207478 -4.345024 1.562322 5.834121 -68.967387 -5.287091 32.044082 -8.042137 -1.528567 0.000000 0.000000 0.000000 -30.347780 7.554025 3.848032 -10.922688 67.051010 -13.533009 -34.441695 17.455150 -4.097341 0.000000 0.000000 0.000000 
0.011782 0.935021 -0.033867 -4.789979 6.753469 28.475051 12.360590 -0.890038 -33.047067 4.144019 -1.018014 8.280173 -0.582030 3.578640 10.116865 0.000000 0.000000 0.000000 -3.809284 2.143568 -43.829287 -4.069457 1.636694 18.844295 3.736921 2.355551 14.042100 0.000000 0.000000 0.000000 0.450870 -3.411689 43.571386 -2.385080 1.063672 -3.335603 3.624075 -7.059261 11.128517 -14.812794 9.661199 -12.868163 0.000000 0.000000 0.000000 36.242557 -4.846009 1.431009 7.069445 -68.334069 -5.579020 31.037837 -5.738459 -0.911746 0.000000 0.000000 0.000000 -29.856906 6.693444 3.942413 -13.302090 69.461750 -16.155000 -36.723812 17.404311 -4.376651 0.000000 0.000000 0.000000 
0.011375 0.933782 -0.031266 -4.690238 7.405688 28.860994 12.306685 -0.992715 -33.048078 4.493924 -1.027486 7.653971 -0.875851 2.935703 9.644963 0.000000 0.000000 0.000000 -3.852795 2.018105 -44.624144 -3.842689 1.604497 19.829615 3.271192 1.503669 14.103333 0.000000 0.000000 0.000000 0.511369 -3.536881 43.274118 -2.337060 1.048674 -3.657287 3.577806 -8.130404 11.273887 -14.918138 9.597857 -13.503930 0.000000 0.000000 0.000000 37.611801 -4.981843 1.245914 7.611235 -67.655293 -5.387776 30.087206 -3.494592 -0.348132 0.000000 0.000000 0.000000 -29.572516 6.033657 4.041921 -16.649106 70.858854 -19.326752 -38.304847 17.631234 -4.668924 0.000000 0.000000 0.000000 
0.010249 0.933022 -0.029297 -4.734425 8.009246 29.076808 12.459990 -1.036229 -32.619927 4.650493 -0.958050 6.518086 -0.963762 2.715190 9.348836 0.000000 0.000000 0.000000 -3.844087 1.914695 -45.235622 -3.549871 1.532351 20.485439 3.136055 1.071247 14.702598 0.000000 0.000000 0.000000 0.445826 -3.612681 43.218056 -2.129218 0.961088 -3.392533 3.546886 -8.455729 10.782220 -14.946328 9.430297 -14.585829 0.000000 0.000000 0.000000 38.406542 -4.938503 1.262010 8.909986 -66.973381 -5.995277 29.258322 -1.915233 0.013204 0.000000 0.000000 0.000000 -30.522285 5.653151 4.108950 -20.649844 71.948723 -22.600921 -38.601780 15.668394 -4.079370 0.000000 0.000000 0.000000 
0.008705 0.932782 -0.028032 -4.857140 8.766697 29.369444 12.999003 -1.034903 -33.081314 4.684659 -0.913438 5.930428 -1.591849 2.239032 10.696698 0.000000 0.000000 0.000000 -3.409073 1.926566 -45.842764 -3.422020 1.496047 21.086796 2.450072 -0.274709 15.041994 0.000000 0.000000 0.000000 0.354346 -3.743508 43.461600 -1.976303 0.898359 -3.333753 3.828914 -8.099289 10.513999 -14.192063 8.832392 -15.689545 0.000000 0.000000 0.000000 39.236045 -5.540202 1.461737 11.711278 -65.635459 -7.720641 28.659892 -0.147486 0.368144 0.000000 0.000000 0.000000 -32.133321 5.881557 4.081051 -25.725798 71.634915 -25.699722 -37.582271 13.195226 -3.194361 0.000000 0.000000 0.000000 
0.006613 0.931752 -0.026952 -4.800507 9.601736 29.914867 13.517059 -1.060145 -33.685109 4.420589 -0.856496 5.724285 -1.915504 1.687265 10.585407 0.000000 0.000000 0.000000 -3.526256 1.720498 -46.682459 -2.773061 1.284708 21.501571 1.874008 -1.433197 15.590880 0.000000 0.000000 0.000000 0.223080 -3.914015 43.973549 -2.074608 0.940922 -3.503434 4.449805 -7.211044 10.075179 -13.677571 8.459065 -16.437393 0.000000 0.000000 0.000000 39.715870 -5.467733 1.791753 15.409246 -65.070904 -10.226219 28.200520 0.524179 0.450256 0.000000 0.000000 0.000000 -34.077976 6.095130 3.944902 -28.804577 70.881108 -26.809783 -35.617704 10.810107 -2.310608 0.000000 0.000000 0.000000 
0.004035 0.931258 -0.025442 -4.813780 10.690544 30.439449 14.195804 -1.095009 -34.582604 4.107388 -0.785639 5.410969 -2.356937 1.573166 11.800477 0.000000 0.000000 0.000000 -3.278763 1.578614 -47.392707 -2.420689 1.142896 21.807634 1.133464 -2.848908 16.223921 0.000000 0.000000 0.000000 0.151528 -4.117155 44.068140 -2.055820 0.928919 -3.329714 4.963212 -6.293743 9.845312 -13.028660 8.018791 -17.558603 0.000000 0.000000 0.000000 40.120045 -5.745658 2.146851 19.227676 -64.226970 -12.775325 27.751130 1.960390 0.683315 0.000000 0.000000 0.000000 -36.327351 6.520402 3.742261 -31.577371 69.926403 -27.456056 -33.672546 7.945243 -1.397613 0.000000 0.000000 0.000000 
0.001219 0.930933 -0.023174 -4.974225 11.080181 30.795974 14.733607 -1.055594 -35.650660 4.083965 -0.868933 6.475839 -2.499243 1.558438 12.260865 0.000000 0.000000 0.000000 -3.084908 1.573380 -47.808379 -1.956255 0.990753 21.919964 0.810772 -3.454207 16.429412 0.000000 0.000000 0.000000 -0.064360 -4.126267 44.355794 -2.157950 0.970219 -3.319823 5.456278 -5.025358 9.950841 -12.273359 7.595229 -18.445314 0.000000 0.000000 0.000000 40.765974 -6.035049 2.510825 21.470122 -63.552184 -14.470675 26.953015 2.210611 0.638819 0.000000 0.000000 0.000000 -38.392930 7.215390 3.464940 -32.793045 68.424985 -26.633892 -30.782187 5.838936 -0.765674 0.000000 0.000000 0.000000 
-0.001463 0.930875 -0.020185 -5.112647 11.446198 30.687720 15.447993 -0.962134 -36.234143 3.586492 -0.886826 7.636622 -2.663876 1.472209 12.665839 0.000000 0.000000 0.000000 -2.868599 1.590709 -47.381649 -1.374965 0.790563 21.731938 0.219575 -4.349653 15.978291 0.000000 0.000000 0.000000 -0.378861 -4.166804 45.217170 -2.532800 1.128961 -3.648511 6.095674 -4.062194 10.217773 -11.888495 7.425643 -18.778113 0.000000 0.000000 0.000000 40.713156 -6.689676 2.759877 23.649381 -62.922858 -15.981329 26.597285 2.782591 0.695696 0.000000 0.000000 0.000000 -39.676262 7.871471 3.215936 -29.786681 67.236695 -23.430148 -29.756125 5.331019 -0.617193 0.000000 0.000000 0.000000 
-0.003576 0.931680 -0.016750 -5.105352 11.750115 30.647062 15.634846 -0.972258 -36.700919 3.181951 -0.886662 8.442220 -2.223102 2.648988 13.476868 0.000000 0.000000 0.000000 -2.549310 1.647729 -47.009519 -1.358357 0.763648 21.039133 -0.230724 -5.354541 17.006597 0.000000 0.000000 0.000000 -0.525816 -4.225862 45.716773 -2.718825 1.205194 -3.703329 6.351324 -3.537245 10.597873 -11.408131 7.193371 -19.173367 0.000000 0.000000 0.000000 41.132261 -6.921089 2.893935 25.137584 -62.604857 -16.982269 26.766430 3.198761 0.752035 0.000000 0.000000 0.000000 -40.427369 8.824688 3.043554 -27.187671 66.035656 -20.876915 -29.216044 4.939785 -0.514340 0.000000 0.000000 0.000000 
-0.004697 0.932195 -0.013271 -5.332446 11.675544 30.604849 15.922187 -0.891283 -36.823082 3.214634 -0.955421 9.264334 -2.181142 2.628346 13.327446 0.000000 0.000000 0.000000 -2.154168 1.823835 -46.314192 -1.077599 0.673534 20.223629 -0.798407 -6.279180 16.596801 0.000000 0.000000 0.000000 -0.985007 -4.004506 46.006171 -2.983559 1.309536 -3.623951 6.921073 -2.926969 10.889677 -11.521515 7.333919 -18.682336 0.000000 0.000000 0.000000 41.110227 -7.362940 3.005538 26.913009 -62.215834 -18.095311 26.812697 3.654189 0.820524 0.000000 0.000000 0.000000 -40.892224 9.518342 2.875714 -23.673451 65.494135 -18.197155 -29.749198 5.316408 -0.594817 0.000000 0.000000 0.000000 
-0.004628 0.933073 -0.010093 -5.115662 11.581957 30.614532 15.834306 -0.900869 -37.039634 2.857549 -0.873559 8.996879 -2.203453 3.713978 16.002028 0.000000 0.000000 0.000000 -1.980350 1.900137 -45.213505 -1.283829 0.714557 19.010026 -1.386394 -7.133080 15.673305 0.000000 0.000000 0.000000 -1.031165 -4.014753 46.366483 -3.443123 1.496111 -3.994290 6.964252 -3.202939 11.420394 -11.488615 7.324375 -18.595386 0.000000 0.000000 0.000000 41.272252 -7.829460 2.893253 28.140036 -62.120844 -18.606882 27.045951 4.046291 0.911082 0.000000 0.000000 0.000000 -39.867979 9.922213 2.918395 -20.378467 64.823800 -16.151875 -30.533594 7.252872 -1.073528 0.000000 0.000000 0.000000 
-0.002928 0.933593 -0.007924 -4.736474 11.653225 30.685688 15.565284 -0.983981 -37.135724 3.004675 -0.927432 9.347909 -3.256186 2.028086 16.084355 0.000000 0.000000 0.000000 -2.480194 1.700619 -44.607874 -1.039058 0.623804 18.176561 -1.720263 -7.708900 15.803874 0.000000 0.000000 0.000000 -0.806615 -4.166512 46.395189 -3.554303 1.540439 -4.027075 6.734242 -3.589194 12.030297 -11.873385 7.546938 -18.469029 0.000000 0.000000 0.000000 41.482901 -7.840044 2.761022 29.132844 -61.841717 -18.905497 27.393784 4.752208 1.083230 0.000000 0.000000 0.000000 -39.504271 10.048083 2.944009 -16.720438 63.810421 -13.855914 -30.883557 8.692440 -1.449662 0.000000 0.000000 0.000000 
0.000513 0.934033 -0.006775 -4.540336 11.203517 30.335623 15.288266 -0.970141 -37.026509 2.622203 -0.897917 9.873348 -3.441229 1.982404 16.812037 0.000000 0.000000 0.000000 -2.813882 1.663253 -44.359545 -0.974516 0.620167 18.350009 -1.953949 -8.285623 16.363402 0.000000 0.000000 0.000000 -0.504140 -4.346160 47.189668 -3.940472 1.693320 -4.005749 6.462832 -3.472050 12.341435 -11.601019 7.433353 -18.296864 0.000000 0.000000 0.000000 42.031906 -7.901936 2.704859 30.360514 -61.226882 -19.263844 27.388978 5.710565 1.283451 0.000000 0.000000 0.000000 -39.533415 9.542190 2.928544 -13.553945 62.386016 -11.711429 -30.223611 10.318774 -1.819766 0.000000 0.000000 0.000000 
0.005406 0.934118 -0.006636 -4.323996 10.718543 29.941461 14.738745 -1.014612 -37.048630 2.610855 -0.955877 10.713883 -3.845819 1.445940 17.210810 0.000000 0.000000 0.000000 -3.297983 1.576241 -44.384406 -0.990227 0.642833 18.777289 -2.044824 -8.701229 17.515615 0.000000 0.000000 0.000000 -0.194898 -4.547331 48.097745 -4.123618 1.767575 -4.108603 6.299532 -3.083551 12.972742 -11.173085 7.275903 -17.832633 0.000000 0.000000 0.000000 42.257240 -7.862844 2.690116 31.654972 -60.705328 -19.838234 27.784410 6.230774 1.406448 0.000000 0.000000 0.000000 -39.804784 9.227477 2.819351 -9.862252 60.493393 -9.216495 -30.636706 12.571693 -2.394058 0.000000 0.000000 0.000000 
0.010476 0.933498 -0.006440 -4.082339 10.194591 29.717912 14.436658 -1.001202 -36.904997 2.315742 -0.923071 11.072413 -4.444240 0.440694 17.304691 0.000000 0.000000 0.000000 -3.901233 1.454392 -44.454788 -1.137938 0.705976 19.242153 -1.711227 -8.266902 17.959530 0.000000 0.000000 0.000000 0.393919 -4.815586 48.500181 -4.090231 1.755495 -3.906884 5.693140 -2.891432 13.217764 -11.308476 7.401135 -17.430641 0.000000 0.000000 0.000000 42.118594 -7.196849 2.668887 32.264527 -60.700882 -20.182764 28.300569 6.287722 1.455001 0.000000 0.000000 0.000000 -40.184172 8.122366 2.780567 -6.340643 59.288563 -7.170295 -31.857371 14.565665 -3.009822 0.000000 0.000000 0.000000 
0.014497 0.933648 -0.005674 -3.521165 10.229411 29.445094 13.593131 -1.198560 -36.479619 2.390730 -0.952951 11.217822 -4.859147 -0.553591 16.532957 0.000000 0.000000 0.000000 -4.564914 1.191873 -44.259594 -1.248591 0.735881 19.866295 -1.869345 -8.501848 17.954631 0.000000 0.000000 0.000000 0.906362 -5.136540 48.591961 -4.302161 1.838220 -3.439256 5.500290 -3.068126 13.296503 -11.311141 7.526923 -15.960487 0.000000 0.000000 0.000000 41.512230 -7.460728 2.598036 33.261558 -60.026119 -20.356261 29.054320 6.202999 1.499489 0.000000 0.000000 0.000000 -39.719104 7.389194 2.792076 -3.568926 57.940013 -5.681924 -34.647945 16.698320 -3.905626 0.000000 0.000000 0.000000 
0.016898 0.934316 -0.004389 -3.190950 10.314100 28.960987 13.384424 -1.243767 -35.721882 2.070248 -0.886982 11.091131 -5.488850 -1.740024 16.190839 0.000000 0.000000 0.000000 -4.799085 1.077746 -43.905853 -1.409807 0.779581 20.446989 -2.130917 -8.958118 18.227421 0.000000 0.000000 0.000000 1.199191 -5.385189 48.919806 -4.149500 1.777337 -3.211674 5.315096 -3.181652 13.445116 -11.494312 7.695874 -15.379465 0.000000 0.000000 0.000000 40.840559 -7.673925 2.543696 33.027700 -59.395809 -19.927576 29.330667 6.224597 1.537270 0.000000 0.000000 0.000000 -39.651319 7.201533 2.783574 -1.384174 56.459471 -4.526064 -36.769982 18.823043 -4.821577 0.000000 0.000000 0.000000 
0.017910 0.935080 -0.003294 -2.862650 10.208249 28.457892 13.172953 -1.254425 -34.778573 1.858256 -0.816541 10.627917 -6.119478 -2.760286 16.243718 0.000000 0.000000 0.000000 -4.999619 1.014832 -43.537529 -1.614605 0.845879 20.947759 -2.184813 -9.074992 18.395390 0.000000 0.000000 0.000000 1.311145 -5.472216 49.213964 -3.927412 1.687936 -2.878746 5.024456 -3.098167 13.526634 -11.395536 7.700814 -14.884373 0.000000 0.000000 0.000000 40.455710 -7.822891 2.531774 33.514752 -58.211518 -19.666877 28.590884 6.537839 1.554526 0.000000 0.000000 0.000000 -39.438498 7.059685 2.741552 -0.920948 55.759089 -4.239587 -37.859923 19.566815 -5.210777 0.000000 0.000000 0.000000 
0.017935 0.935787 -0.002936 -2.647713 10.455879 28.329134 13.148940 -1.295537 -34.743991 1.413100 -0.756289 10.908845 -6.010927 -2.659440 16.013947 0.000000 0.000000 0.000000 -5.038946 0.937603 -43.850124 -1.335863 0.760717 21.874611 -2.988847 -10.455576 18.700047 0.000000 0.000000 0.000000 1.196715 -5.436841 48.996177 -3.862263 1.660522 -2.834173 5.316616 -3.241057 13.721856 -11.374220 7.700647 -14.862990 0.000000 0.000000 0.000000 40.587689 -8.043316 2.493774 33.653189 -56.545695 -18.918397 27.121366 7.189464 1.587520 0.000000 0.000000 0.000000 -39.837327 6.982571 2.726436 -1.721303 55.921663 -4.628941 -38.028786 18.524361 -4.919304 0.000000 0.000000 0.000000 
0.017564 0.936997 -0.003299 -2.635035 10.677361 28.361321 13.281328 -1.294480 -34.461089 1.126626 -0.687265 10.610719 -5.778163 -2.606595 15.299042 0.000000 0.000000 0.000000 -4.727786 0.992090 -43.993521 -1.268427 0.732173 22.029086 -3.816985 -11.855225 19.051432 0.000000 0.000000 0.000000 1.250004 -5.517303 48.938953 -3.562291 1.543314 -3.318126 5.352250 -3.045240 14.168333 -10.907949 7.437599 -15.074836 0.000000 0.000000 0.000000 41.076674 -8.002494 2.538048 35.108295 -55.231199 -19.116410 24.290670 8.069813 1.516019 0.000000 0.000000 0.000000 -40.430797 7.483852 2.615468 -4.545283 56.215297 -5.863770 -34.868741 16.749632 -3.948768 0.000000 0.000000 0.000000 
0.016933 0.938585 -0.003882 -2.432208 10.798474 28.696930 13.128541 -1.354441 -34.542007 1.403355 -0.709090 10.134523 -6.334336 -3.335997 15.665687 0.000000 0.000000 0.000000 -4.910363 0.894201 -44.155233 -0.655396 0.531936 21.471753 -4.822754 -13.553613 19.837922 0.000000 0.000000 0.000000 1.141183 -5.481432 48.878382 -3.552520 1.539457 -3.559676 5.808500 -3.036582 14.021191 -10.999693 7.464889 -15.303085 0.000000 0.000000 0.000000 41.388078 -8.244126 2.564064 36.535095 -53.722756 -19.032150 21.774292 8.414807 1.365550 0.000000 0.000000 0.000000 -41.198229 8.198012 2.612134 -8.394317 56.623962 -7.719386 -32.159536 13.365722 -2.746391 0.000000 0.000000 0.000000 
0.016427 0.940033 -0.004058 -2.272447 11.256248 28.638864 13.044480 -1.437145 -34.558626 1.625784 -0.745995 10.003073 -7.026137 -4.105553 16.256905 0.000000 0.000000 0.000000 -4.912907 0.811238 -43.527370 -0.476344 0.447715 20.654081 -5.444541 -14.461114 20.011885 0.000000 0.000000 0.000000 1.180685 -5.667826 49.112764 -3.376932 1.475122 -3.935172 5.938153 -3.088756 14.154777 -10.936676 7.432480 -15.420179 0.000000 0.000000 0.000000 41.673115 -8.192902 2.577384 36.899554 -52.744176 -18.735064 20.657487 9.031475 1.364541 0.000000 0.000000 0.000000 -41.803723 8.678280 2.561836 -11.820514 56.768212 -9.337617 -28.890120 10.569508 -1.814051 0.000000 0.000000 0.000000 
0.016027 0.942301 -0.003884 -2.200278 11.118706 28.568135 12.837937 -1.437288 -33.828145 1.753701 -0.721310 9.324577 -6.951197 -4.167179 15.903419 0.000000 0.000000 0.000000 -4.665786 0.941625 -42.801045 -0.820053 0.548034 19.382807 -5.696540 -14.886076 20.557089 0.000000 0.000000 0.000000 0.981852 -5.544585 49.237207 -3.354757 1.467134 -4.016673 6.368165 -2.648765 14.271301 -10.951345 7.448051 -15.698343 0.000000 0.000000 0.000000 41.709665 -8.247985 2.659584 38.161446 -52.483570 -19.336047 19.595408 9.148880 1.275603 0.000000 0.000000 0.000000 -42.126458 9.306294 2.435317 -14.995962 56.798724 -10.730312 -26.078139 8.078799 -1.111271 0.000000 0.000000 0.000000 
0.015840 0.943376 -0.003582 -2.384756 10.911956 28.488472 12.653686 -1.425942 -33.348722 2.261592 -0.756072 8.615471 -6.884344 -3.792264 16.375158 0.000000 0.000000 0.000000 -4.263371 1.140077 -41.884607 -1.390762 0.701434 18.013280 -5.250317 -14.164387 20.177772 0.000000 0.000000 0.000000 0.881866 -5.456911 49.396719 -3.178817 1.393414 -3.719628 6.527542 -2.444659 14.007995 -11.440038 7.723036 -15.786079 0.000000 0.000000 0.000000 41.438059 -8.334364 2.697081 36.988361 -51.965690 -18.569434 19.609369 8.494280 1.186754 0.000000 0.000000 0.000000 -42.361673 9.845541 2.421649 -17.320387 57.166595 -11.934131 -24.550595 6.044855 -0.663650 0.000000 0.000000 0.000000 
0.015795 0.944315 -0.003518 -2.574269 10.388629 28.545454 12.566017 -1.362632 -32.989969 2.789176 -0.818682 8.334404 -6.985008 -4.177042 16.123160 0.000000 0.000000 0.000000 -4.068613 1.308479 -41.590220 -1.673908 0.784821 17.290538 -4.700927 -13.354436 20.001743 0.000000 0.000000 0.000000 0.811622 -5.299520 49.526771 -3.269826 1.431629 -3.903940 6.601857 -2.191791 14.413066 -10.968402 7.448488 -15.994564 0.000000 0.000000 0.000000 41.651564 -8.161953 2.689368 35.585577 -52.263591 -18.115934 19.861603 8.026692 1.136580 0.000000 0.000000 0.000000 -42.697498 9.698066 2.367175 -18.020879 57.522463 -12.345344 -23.801773 4.742700 -0.410026 0.000000 0.000000 0.000000 
0.015883 0.945746 -0.003809 -2.609326 10.494016 28.641008 12.452559 -1.383825 -32.507122 3.023290 -0.797577 7.548729 -6.929040 -4.267915 15.739581 0.000000 0.000000 0.000000 -3.932333 1.339044 -41.496351 -1.806748 0.806106 16.756617 -4.801619 -13.545830 20.748380 0.000000 0.000000 0.000000 0.901860 -5.382656 49.555331 -3.213287 1.406907 -3.748214 6.594618 -2.145678 14.535455 -11.187720 7.541799 -16.538008 0.000000 0.000000 0.000000 41.213071 -8.262357 2.706176 34.424868 -52.580753 -17.795687 20.802243 7.287676 1.093734 0.000000 0.000000 0.000000 -43.097154 9.950836 2.325900 -18.113602 57.501666 -12.354188 -22.558038 3.806699 -0.231530 0.000000 0.000000 0.000000 
0.016156 0.947826 -0.004080 -2.616476 10.869953 28.900504 12.098997 -1.483785 -32.113806 3.780983 -0.819812 6.348228 -7.240543 -4.591992 15.950375 0.000000 0.000000 0.000000 -4.044617 1.237798 -41.560192 -1.739831 0.768864 16.367663 -4.613214 -13.224527 21.587154 0.000000 0.000000 0.000000 1.193401 -5.664581 49.651505 -3.388544 1.475771 -3.729120 6.614617 -2.052154 14.680824 -11.023215 7.441235 -16.796915 0.000000 0.000000 0.000000 40.852419 -7.899964 2.753902 33.543540 -53.851792 -18.096479 21.806203 7.228106 1.146532 0.000000 0.000000 0.000000 -43.308973 9.827790 2.263165 -16.382222 57.695743 -11.458942 -22.221760 3.505031 -0.170941 0.000000 0.000000 0.000000 
0.016711 0.949670 -0.003974 -2.737828 10.654328 29.300390 11.951342 -1.490215 -32.206382 4.315498 -0.812274 5.335775 -7.714055 -4.373731 17.785277 0.000000 0.000000 0.000000 -3.914268 1.327026 -41.584071 -1.796127 0.781514 15.916348 -4.403236 -12.914460 21.198514 0.000000 0.000000 0.000000 1.253555 -5.615606 49.516198 -3.621943 1.564894 -3.520967 6.388314 -2.082420 14.571290 -11.118341 7.441692 -17.323903 0.000000 0.000000 0.000000 40.531905 -6.947464 2.735486 32.244209 -55.589460 -18.257272 23.287175 6.127401 1.062933 0.000000 0.000000 0.000000 -43.616116 8.992119 2.317949 -15.370149 58.641897 -11.221671 -22.271146 3.303912 -0.141985 0.000000 0.000000 0.000000 
0.017691 0.951667 -0.003147 -2.879022 10.842572 29.563530 11.604642 -1.557126 -31.745124 5.130500 -0.801573 3.965384 -7.966558 -4.316234 18.513365 0.000000 0.000000 0.000000 -3.987549 1.283616 -41.096068 -1.617507 0.710231 15.016643 -3.946976 -11.923404 18.884670 0.000000 0.000000 0.000000 1.438401 -5.760212 49.455692 -3.975134 1.704958 -3.781507 6.491572 -2.132355 14.422565 -11.393109 7.609752 -16.967918 0.000000 0.000000 0.000000 39.631758 -6.451648 2.739405 30.662837 -58.106488 -18.656104 24.616172 5.237462 0.986547 0.000000 0.000000 0.000000 -43.094320 8.655678 2.345793 -13.547853 59.316484 -10.461159 -22.214881 4.701680 -0.374285 0.000000 0.000000 0.000000 
0.019075 0.953067 -0.001766 -3.165013 10.476725 29.993117 11.609019 -1.514444 -31.757168 5.718527 -0.795856 3.091342 -8.476886 -4.413006 19.958686 0.000000 0.000000 0.000000 -3.778856 1.427681 -41.066922 -1.569681 0.687843 14.038923 -3.520203 -11.161369 17.695195 0.000000 0.000000 0.000000 1.234070 -5.469594 49.065558 -4.255011 1.810568 -3.571435 6.574872 -1.948201 13.962739 -11.698629 7.729446 -17.398643 0.000000 0.000000 0.000000 38.817849 -5.871514 2.771020 29.501512 -60.590765 -19.205237 25.560972 4.473383 0.897190 0.000000 0.000000 0.000000 -42.712267 8.145157 2.392198 -12.291497 60.055993 -9.946949 -22.363851 5.294753 -0.472955 0.000000 0.000000 0.000000 
0.020686 0.953150 -0.000164 -3.383459 10.489070 30.063965 11.584808 -1.508981 -31.555006 6.209322 -0.818334 2.708047 -8.837569 -4.891359 20.119064 0.000000 0.000000 0.000000 -3.701252 1.459098 -40.749924 -1.663076 0.701214 13.704505 -2.961792 -10.080436 16.829303 0.000000 0.000000 0.000000 1.177540 -5.461556 49.253108 -4.656517 1.966620 -3.650376 6.712160 -2.011974 13.353647 -11.880691 7.873835 -16.496632 0.000000 0.000000 0.000000 37.498362 -5.802591 2.761439 28.205812 -62.238267 -19.195168 26.493623 3.192712 0.703556 0.000000 0.000000 0.000000 -41.940431 7.863978 2.481916 -11.022867 60.296325 -9.394630 -22.803457 6.836251 -0.744327 0.000000 0.000000 0.000000 
0.022209 0.952386 0.001244 -3.582338 10.600350 30.270073 11.676305 -1.500541 -31.476527 6.139766 -0.772619 2.326494 -8.375219 -4.363392 19.738904 0.000000 0.000000 0.000000 -3.576034 1.491392 -40.834619 -1.844411 0.734992 13.418374 -2.257176 -8.888039 17.238890 0.000000 0.000000 0.000000 1.034255 -5.333212 48.850290 -5.186015 2.166161 -4.026325 7.078241 -2.107356 13.221723 -12.659479 8.345780 -15.994474 0.000000 0.000000 0.000000 36.467760 -5.894274 2.748059 26.844679 -64.766248 -19.531310 26.738904 2.438237 0.574117 0.000000 0.000000 0.000000 -41.158902 7.828847 2.503295 -9.249399 60.965062 -8.623052 -23.187022 7.517507 -0.872012 0.000000 0.000000 0.000000 
0.023319 0.951030 0.002477 -3.872953 10.808803 30.149081 11.976784 -1.466868 -31.552042 6.077938 -0.781013 2.491209 -8.287274 -4.221256 19.712269 0.000000 0.000000 0.000000 -3.467225 1.496888 -40.942092 -2.088211 0.795365 13.648102 -1.317692 -7.485141 18.739509 0.000000 0.000000 0.000000 0.714513 -5.178075 48.786833 -5.308879 2.213040 -4.126637 6.888222 -2.282688 13.040035 -13.270563 8.807731 -14.840691 0.000000 0.000000 0.000000 36.421790 -6.010089 2.741293 26.115971 -65.736476 -19.488789 25.560105 1.738164 0.401089 0.000000 0.000000 0.000000 -40.543267 7.504450 2.529039 -8.614892 62.053982 -8.509246 -23.260299 7.639949 -0.895378 0.000000 0.000000 0.000000 
0.023844 0.950201 0.003748 -3.837687 11.162661 30.165945 12.081228 -1.506599 -32.105068 5.916265 -0.812119 3.036755 -8.475563 -4.161176 20.313414 0.000000 0.000000 0.000000 -3.324397 1.486568 -41.129965 -2.417344 0.883526 14.243182 -0.906568 -6.900499 19.598638 0.000000 0.000000 0.000000 0.792817 -5.267947 48.541982 -5.647994 2.337842 -4.447308 6.732928 -2.802229 13.279118 -13.649347 9.069650 -14.406920 0.000000 0.000000 0.000000 37.049560 -5.904200 2.638816 23.688141 -66.969267 -18.324616 24.918543 1.364652 0.320914 0.000000 0.000000 0.000000 -40.232176 6.757812 2.595392 -7.770287 63.026102 -8.361826 -24.083547 8.385962 -1.077944 0.000000 0.000000 0.000000 
0.023395 0.949740 0.005312 -4.085723 11.384317 30.142919 12.222718 -1.510989 -32.365085 6.258826 -0.893061 3.444789 -8.500220 -4.119987 20.405908 0.000000 0.000000 0.000000 -2.724651 1.639438 -41.273848 -2.794655 0.990429 14.834447 -1.028276 -6.994935 19.081438 0.000000 0.000000 0.000000 0.639150 -5.153150 48.086410 -5.689267 2.354103 -4.172275 6.619149 -3.254255 12.999656 -14.208848 9.471036 -13.550215 0.000000 0.000000 0.000000 36.904325 -6.353694 2.580782 22.301868 -67.680666 -17.583690 23.394100 1.715394 0.358408 0.000000 0.000000 0.000000 -39.719169 6.900001 2.695793 -7.902561 63.987062 -8.772963 -23.400403 9.093514 -1.185013 0.000000 0.000000 0.000000 
0.021703 0.950427 0.007297 -4.091968 12.190638 30.268233 12.125621 -1.630500 -32.545057 6.399724 -0.866088 3.038644 -8.039544 -2.809880 21.227437 0.000000 0.000000 0.000000 -2.260726 1.650050 -41.452098 -2.718292 0.968590 15.302296 -1.917150 -8.378579 19.093217 0.000000 0.000000 0.000000 0.696456 -5.327639 47.799972 -5.740495 2.370472 -3.907974 6.713664 -3.843424 12.594433 -14.705864 9.843336 -12.689896 0.000000 0.000000 0.000000 36.713908 -7.180825 2.564005 21.188790 -67.683187 -16.732915 22.423089 1.976423 0.384583 0.000000 0.000000 0.000000 -38.948604 6.733501 2.806619 -8.451401 65.029355 -9.437055 -23.416082 10.438532 -1.434903 0.000000 0.000000 0.000000 
0.018793 0.951472 0.009261 -4.007074 13.014937 30.439444 12.012403 -1.772190 -33.011237 6.648788 -0.885540 2.983620 -7.809727 -1.721489 22.356989 0.000000 0.000000 0.000000 -1.762481 1.661186 -41.740475 -2.753165 0.979737 16.116340 -2.711231 -9.414274 17.686471 0.000000 0.000000 0.000000 0.947493 -5.494726 46.850392 -5.888462 2.425075 -3.525983 6.420548 -4.946416 12.498947 -15.695781 10.539363 -11.947596 0.000000 0.000000 0.000000 36.404047 -7.604621 2.398657 19.358153 -67.651466 -15.249242 21.618122 2.556347 0.470604 0.000000 0.000000 0.000000 -37.861685 6.813720 2.983569 -7.535204 66.859681 -9.598227 -24.211949 11.549716 -1.714555 0.000000 0.000000 0.000000 
0.015172 0.952768 0.011066 -3.621556 13.974141 30.930323 11.691999 -1.985317 -33.525016 6.851320 -0.833799 2.303326 -7.654929 -0.502844 23.967901 0.000000 0.000000 0.000000 -1.453129 1.575431 -42.056410 -2.736399 0.954473 16.332047 -3.530707 -10.567420 16.613401 0.000000 0.000000 0.000000 1.005668 -5.660454 46.339674 -6.105179 2.497700 -3.939766 6.327581 -5.576971 12.621104 -15.645409 10.598851 -11.248864 0.000000 0.000000 0.000000 36.659104 -8.401084 2.401153 19.165587 -67.122887 -14.916709 20.170485 3.189480 0.513562 0.000000 0.000000 0.000000 -37.479778 6.339886 2.998278 -6.119950 68.862036 -9.131220 -23.819205 11.392237 -1.656089 0.000000 0.000000 0.000000 
0.011686 0.953236 0.012667 -3.297057 14.842020 30.658109 11.231465 -2.204522 -33.954900 6.866568 -0.879248 2.754712 -6.768495 1.602782 25.314690 0.000000 0.000000 0.000000 -1.051224 1.531352 -42.092864 -2.797241 0.961402 17.283837 -3.793705 -10.757399 15.146747 0.000000 0.000000 0.000000 1.047509 -5.864760 46.251350 -6.327710 2.584873 -3.544986 6.212630 -6.207477 12.358329 -16.131559 10.910472 -11.244496 0.000000 0.000000 0.000000 36.952751 -9.376488 2.375558 18.763673 -66.572940 -14.382189 19.061083 4.248483 0.619756 0.000000 0.000000 0.000000 -37.182831 6.881795 3.088993 -5.542094 69.958534 -9.090581 -23.478933 10.784835 -1.527264 0.000000 0.000000 0.000000 
0.009101 0.953076 0.014372 -2.631804 15.906414 30.313240 10.586169 -2.527765 -34.781569 6.674225 -0.931740 3.512588 -6.190535 3.792326 28.067673 0.000000 0.000000 0.000000 -1.027278 1.328108 -41.816241 -2.652925 0.891374 18.426005 -4.000930 -10.801947 13.271561 0.000000 0.000000 0.000000 1.221946 -6.205258 46.198919 -6.147278 2.519069 -3.215191 5.936836 -6.373703 12.040439 -15.737417 10.543914 -12.113272 0.000000 0.000000 0.000000 37.240899 -10.362736 2.505536 18.281357 -66.023733 -14.077222 18.788099 4.499723 0.635115 0.000000 0.000000 0.000000 -37.870492 7.312722 3.056588 -3.178877 70.281634 -7.396375 -23.291039 10.205112 -1.407583 0.000000 0.000000 0.000000 
0.007582 0.952835 0.016383 -2.058758 16.818636 29.822875 9.801396 -2.817743 -34.997987 6.591203 -0.991698 4.189859 -5.224062 5.728016 29.186216 0.000000 0.000000 0.000000 -1.103811 1.126702 -41.398689 -2.655316 0.850166 19.585465 -4.265076 -11.083097 12.373000 0.000000 0.000000 0.000000 1.475354 -6.482423 45.884352 -6.375427 2.605380 -3.472095 6.055559 -6.548401 12.113170 -15.393591 10.400237 -11.785747 0.000000 0.000000 0.000000 36.861877 -11.089082 2.600363 17.824662 -66.904520 -14.236970 18.751004 4.490643 0.629131 0.000000 0.000000 0.000000 -38.258729 8.317320 2.995088 -1.411528 70.391325 -6.110779 -22.662736 9.577123 -1.246163 0.000000 0.000000 0.000000 
0.006977 0.952548 0.018476 -1.686824 17.643857 29.300427 9.382635 -3.041903 -35.375756 6.171400 -1.041773 5.169044 -4.061231 7.821667 30.466243 0.000000 0.000000 0.000000 -1.510380 0.839494 -41.203438 -2.225362 0.670294 20.692251 -4.737035 -11.821903 11.631528 0.000000 0.000000 0.000000 1.526804 -6.675825 45.807126 -6.755403 2.748784 -3.454612 6.623028 -6.020832 11.508871 -15.006328 10.194881 -11.631166 0.000000 0.000000 0.000000 36.704121 -11.222856 2.841920 18.443128 -68.298682 -15.439352 19.333929 3.609292 0.520108 0.000000 0.000000 0.000000 -38.678777 9.154310 2.829022 3.180428 70.818867 -2.627942 -22.270644 7.962975 -0.925171 0.000000 0.000000 0.000000 
0.007122 0.951017 0.020217 -1.132346 18.139010 28.932363 9.036849 -3.199269 -35.526630 5.604751 -1.054535 6.014659 -3.681783 8.521611 30.778540 0.000000 0.000000 0.000000 -1.865569 0.601849 -41.292804 -2.158516 0.590968 22.413450 -5.293670 -12.817354 11.304564 0.000000 0.000000 0.000000 1.858660 -6.812760 45.178862 -6.740874 2.740050 -3.588456 6.635757 -5.267294 11.148512 -14.120123 9.745835 -10.945370 0.000000 0.000000 0.000000 36.499473 -11.149560 3.132435 18.055956 -69.865119 -16.262052 20.675543 1.938493 0.310686 0.000000 0.000000 0.000000 -39.400484 10.244062 2.592596 7.600524 69.602855 0.855949 -21.845544 6.845045 -0.699281 0.000000 0.000000 0.000000 
0.008050 0.947673 0.021138 -0.494576 18.492841 28.482348 8.789867 -3.335920 -35.777555 5.091513 -1.171459 7.771039 -4.401355 7.275329 29.306674 0.000000 0.000000 0.000000 -2.835210 0.142192 -41.808587 -1.247089 0.196148 24.616007 -5.502532 -13.181481 10.226181 0.000000 0.000000 0.000000 2.110542 -6.869120 44.526847 -6.714916 2.729958 -3.790180 6.718239 -4.707992 10.856911 -13.302677 9.161536 -11.919800 0.000000 0.000000 0.000000 36.107333 -10.744654 3.350136 17.923362 -71.518362 -17.178093 20.800527 -0.401736 -0.050541 0.000000 0.000000 0.000000 -40.033061 10.973539 2.389209 12.615742 68.695117 4.454228 -21.934518 5.540287 -0.462636 0.000000 0.000000 0.000000 
0.009948 0.942505 0.021445 -0.098482 18.988271 27.829145 8.476509 -3.515978 -36.164908 4.784537 -1.339169 9.671318 -4.408057 7.018997 28.141905 0.000000 0.000000 0.000000 -3.820328 -0.348256 -42.128323 -0.417138 -0.250688 26.925214 -5.998109 -14.085954 10.609756 0.000000 0.000000 0.000000 2.741709 -7.175399 44.010862 -6.471451 2.640188 -4.478428 6.677927 -4.383920 10.841499 -12.330554 8.528427 -12.779473 0.000000 0.000000 0.000000 35.328276 -11.189413 3.551770 15.206367 -72.312187 -15.971456 21.046453 -2.936788 -0.436178 0.000000 0.000000 0.000000 -40.473911 12.064901 2.219213 13.628508 66.947505 5.173187 -21.209466 5.450610 -0.418537 0.000000 0.000000 0.000000 
0.012673 0.939558 0.021718 0.183169 19.098427 27.461624 7.933055 -3.653477 -36.239733 4.354183 -1.402448 10.859836 -3.140208 8.232334 26.607943 0.000000 0.000000 0.000000 -4.677869 -0.692798 -42.141994 0.130895 -0.540598 27.991343 -6.170722 -14.411363 10.547670 0.000000 0.000000 0.000000 3.501470 -7.282523 42.808063 -6.182907 2.532184 -4.759861 6.344900 -4.215675 10.578685 -12.379385 8.461407 -14.117331 0.000000 0.000000 0.000000 34.950211 -11.527476 3.692289 10.464763 -73.137209 -13.108289 21.348396 -5.755428 -0.881841 0.000000 0.000000 0.000000 -39.842872 13.465225 2.200241 14.417821 65.110212 5.522700 -20.908253 5.808461 -0.449139 0.000000 0.000000 0.000000 
0.015888 0.940723 0.022609 0.502978 19.082368 27.412785 7.341141 -3.677106 -35.535186 4.571700 -1.360934 10.151640 -3.783543 7.376639 26.495896 0.000000 0.000000 0.000000 -5.035022 -0.810692 -41.950189 0.087876 -0.521939 27.793214 -6.245753 -14.510870 11.377783 0.000000 0.000000 0.000000 4.319077 -7.290081 41.189026 -5.391962 2.240571 -5.377924 5.744969 -4.162137 10.583458 -11.927452 8.222419 -13.988295 0.000000 0.000000 0.000000 33.507032 -11.673748 3.831820 4.364967 -73.948297 -9.208150 22.137490 -9.260701 -1.467147 0.000000 0.000000 0.000000 -38.759852 13.909173 2.192263 17.946152 64.760485 7.671950 -21.947941 6.327357 -0.532857 0.000000 0.000000 0.000000 
0.018987 0.945014 0.023715 0.555405 18.796848 27.379173 7.269565 -3.536318 -34.626769 4.827247 -1.326184 9.466043 -5.668260 4.605794 26.093511 0.000000 0.000000 0.000000 -4.953340 -0.685851 -41.405634 -0.110314 -0.339291 26.166494 -6.281916 -14.564902 11.878059 0.000000 0.000000 0.000000 4.908728 -7.165801 39.794047 -5.224697 2.180349 -6.416949 5.758450 -4.451110 10.513777 -11.496485 7.868486 -15.266063 0.000000 0.000000 0.000000 32.692104 -10.866501 3.746208 -3.203557 -75.491201 -3.787040 22.368292 -12.033206 -1.917744 0.000000 0.000000 0.000000 -36.791565 13.851684 2.347222 21.721911 65.326019 9.903858 -22.819069 7.784159 -0.782668 0.000000 0.000000 0.000000 
0.021736 0.947558 0.024193 0.658116 18.275960 27.376602 7.197209 -3.399813 -33.918409 4.736136 -1.194356 8.454206 -6.690851 3.535999 27.135461 0.000000 0.000000 0.000000 -4.948191 -0.523487 -40.651895 -0.361364 -0.144475 24.588815 -6.514035 -15.032783 12.014259 0.000000 0.000000 0.000000 5.112018 -6.801617 38.315645 -4.299521 1.852516 -6.687530 5.319857 -4.319316 9.915233 -10.826520 7.397793 -16.479975 0.000000 0.000000 0.000000 31.514783 -10.217536 3.781714 -9.955039 -76.591248 1.174530 22.505889 -14.783315 -2.357004 0.000000 0.000000 0.000000 -34.798909 13.450606 2.465637 25.697362 66.195889 12.618592 -24.019005 9.134939 -1.038387 0.000000 0.000000 0.000000 
0.023943 0.947166 0.023694 1.092365 17.621802 27.371441 7.062762 -3.374274 -33.950305 4.599681 -1.237235 9.057689 -8.333240 1.115244 27.098492 0.000000 0.000000 0.000000 -5.498333 -0.609350 -40.521439 -0.461505 -0.080000 24.682996 -6.044081 -14.231067 11.382124 0.000000 0.000000 0.000000 5.276423 -6.454229 36.974649 -3.738118 1.670538 -7.554423 4.930404 -4.944720 10.113279 -10.295109 6.877773 -19.808206 0.000000 0.000000 0.000000 31.391646 -9.227458 3.553778 -16.558892 -77.132095 6.625429 21.502237 -17.003670 -2.562388 0.000000 0.000000 0.000000 -33.386642 12.428438 2.596372 29.338829 67.490957 15.034169 -24.348378 10.852399 -1.358273 0.000000 0.000000 0.000000 
0.025732 0.945551 0.022600 0.959703 17.153131 26.721894 7.343712 -3.159843 -33.183149 4.357842 -1.259001 9.657875 -8.975801 -1.081989 24.721435 0.000000 0.000000 0.000000 -5.675909 -0.559703 -40.338802 -0.264552 -0.156417 25.576437 -5.773345 -13.794999 11.360329 0.000000 0.000000 0.000000 5.202622 -6.292482 36.798067 -3.240328 1.517872 -8.615718 4.868842 -5.369668 10.736562 -9.836779 6.604238 -20.082076 0.000000 0.000000 0.000000 30.509063 -9.379689 3.398857 -21.346185 -76.080019 10.264019 20.960141 -18.692633 -2.710167 0.000000 0.000000 0.000000 -31.720434 12.078133 2.718257 30.868858 68.792812 16.166929 -24.974624 12.020116 -1.602481 0.000000 0.000000 0.000000 
0.027176 0.943799 0.021136 0.925682 16.408450 26.319736 7.658445 -3.025129 -33.270810 3.328614 -1.208627 10.988195 -8.188386 -0.824695 23.334952 0.000000 0.000000 0.000000 -5.555331 -0.384505 -40.475405 -0.858405 0.083161 26.501849 -5.017355 -12.456731 10.904236 0.000000 0.000000 0.000000 5.176273 -6.075769 36.406486 -2.431212 1.241106 -8.679433 4.407682 -5.898315 10.840637 -9.689976 6.404851 -21.127947 0.000000 0.000000 0.000000 29.839129 -8.329984 3.116683 -25.800272 -75.414029 13.866696 20.034994 -20.102039 -2.736744 0.000000 0.000000 0.000000 -30.401291 11.847263 2.934186 30.514481 70.238763 16.013932 -24.631239 13.071331 -1.774234 0.000000 0.000000 0.000000 
0.028580 0.943179 0.019287 0.672186 14.960024 25.954227 8.252197 -2.705530 -32.843738 2.504559 -1.098907 11.617527 -8.175899 -1.819190 22.013204 0.000000 0.000000 0.000000 -5.349951 -0.054729 -40.686406 -1.206952 0.315904 27.056283 -4.267894 -11.239685 11.328013 0.000000 0.000000 0.000000 4.701168 -5.659767 36.435439 -2.191998 1.173562 -9.756214 4.763781 -6.057915 11.899868 -9.657976 6.290265 -22.041869 0.000000 0.000000 0.000000 29.354093 -7.505696 2.801475 -29.333991 -74.897635 16.688565 19.623460 -21.252261 -2.797727 0.000000 0.000000 0.000000 -29.202191 11.309767 3.018752 29.146798 71.686471 15.096672 -25.010291 14.381741 -2.037704 0.000000 0.000000 0.000000 
0.029971 0.943481 0.016961 0.582914 14.063120 25.917344 8.704506 -2.540394 -33.025119 1.897542 -0.993218 11.879087 -8.770520 -2.532166 22.773765 0.000000 0.000000 0.000000 -5.255004 0.135776 -40.877091 -1.711775 0.576048 27.066397 -2.715541 -8.486193 12.399282 0.000000 0.000000 0.000000 4.577069 -5.452907 36.269961 -1.497730 0.944993 -10.257817 4.732201 -6.260564 12.166189 -9.594344 6.133256 -23.194946 0.000000 0.000000 0.000000 28.641856 -6.002509 2.500105 -31.650858 -74.646201 18.653952 19.068819 -22.973065 -2.894203 0.000000 0.000000 0.000000 -28.137748 10.712483 3.102394 28.684441 73.281451 14.981930 -24.862180 15.415847 -2.207903 0.000000 0.000000 0.000000 
0.031298 0.945018 0.014429 0.563188 13.266187 26.149504 8.619765 -2.453013 -32.814360 1.561839 -0.875732 11.349686 -8.146872 -1.936434 22.364130 0.000000 0.000000 0.000000 -5.299793 0.278700 -40.748606 -1.866752 0.702732 26.217219 -1.310180 -6.189073 13.965781 0.000000 0.000000 0.000000 4.595073 -5.314091 36.038094 -1.155161 0.828023 -10.544128 4.846861 -6.140648 12.551396 -9.254527 5.921384 -23.542492 0.000000 0.000000 0.000000 28.361792 -5.032301 2.324423 -32.535611 -74.584179 19.428160 19.782207 -24.459095 -3.215239 0.000000 0.000000 0.000000 -27.115867 9.947708 3.072842 28.966844 74.188441 15.355593 -24.952926 16.471156 -2.397043 0.000000 0.000000 0.000000 
0.032392 0.946536 0.012064 0.370258 12.566294 26.111219 8.561877 -2.382777 -32.801987 1.406637 -0.825832 11.201617 -7.475103 -0.737901 22.990951 0.000000 0.000000 0.000000 -5.121216 0.496336 -40.169813 -2.378287 0.932082 25.059202 0.436523 -3.375147 15.422631 0.000000 0.000000 0.000000 4.351482 -5.040653 35.633853 -0.694702 0.671423 -10.660038 5.026783 -5.904536 12.791076 -9.111062 5.938449 -21.753885 0.000000 0.000000 0.000000 27.030615 -4.796456 2.247945 -32.943314 -74.256936 19.553238 19.466220 -25.554794 -3.266075 0.000000 0.000000 0.000000 -25.503764 10.053725 3.117870 29.885347 74.596167 16.095058 -24.876452 17.218069 -2.502098 0.000000 0.000000 0.000000 
0.033092 0.947383 0.010097 0.360746 12.507051 25.625315 8.461510 -2.363366 -32.513872 1.031991 -0.752021 11.137442 -6.878688 0.483953 23.727971 0.000000 0.000000 0.000000 -4.907972 0.619022 -39.090788 -2.572331 0.991840 24.099034 1.255840 -2.130802 16.369279 0.000000 0.000000 0.000000 4.225931 -4.986627 35.742481 -0.533342 0.614920 -10.545906 5.486710 -5.920190 12.560801 -9.238662 6.038577 -20.856024 0.000000 0.000000 0.000000 25.507234 -4.740427 2.195155 -34.139670 -73.511452 20.079480 19.433726 -27.675979 -3.493756 0.000000 0.000000 0.000000 -23.440909 10.335217 3.228850 30.166620 74.214061 16.038788 -24.556890 17.933963 -2.573987 0.000000 0.000000 0.000000 
0.033528 0.947630 0.008479 0.324875 12.447543 25.234477 8.465528 -2.333648 -32.310008 0.625909 -0.684189 11.238899 -6.250464 1.459609 23.898148 0.000000 0.000000 0.000000 -4.491492 0.781849 -38.372831 -2.983834 1.125550 23.587372 0.718740 -2.917515 15.720032 0.000000 0.000000 0.000000 4.021171 -4.893243 35.807713 -0.020925 0.446235 -10.544386 5.601228 -5.882887 12.896569 -8.951448 5.986839 -19.228349 0.000000 0.000000 0.000000 23.942201 -5.043270 2.197217 -33.001168 -72.763930 18.772933 19.755846 -28.887163 -3.688601 0.000000 0.000000 0.000000 -21.895928 10.544495 3.271306 29.961984 74.166451 15.802572 -24.601621 18.216902 -2.610818 0.000000 0.000000 0.000000 
0.033835 0.948030 0.006879 0.313292 12.418567 24.811408 8.373136 -2.353360 -32.436191 0.417079 -0.671596 11.623751 -5.797620 2.634379 25.173208 0.000000 0.000000 0.000000 -4.326519 0.846974 -37.930673 -3.380352 1.254910 23.673890 0.871546 -2.513658 15.229066 0.000000 0.000000 0.000000 3.731066 -4.787176 35.972158 0.050361 0.414374 -10.292551 5.971089 -6.034714 12.727963 -9.107687 6.101802 -18.373284 0.000000 0.000000 0.000000 22.589711 -5.333759 2.191496 -34.554192 -72.405659 19.750135 19.644292 -29.804961 -3.741821 0.000000 0.000000 0.000000 -20.567988 10.953353 3.409260 30.598456 73.685206 15.928989 -24.695726 18.814314 -2.722029 0.000000 0.000000 0.000000 
0.034081 0.948313 0.005181 0.015597 11.899293 24.409067 8.121686 -2.341096 -32.473412 0.641194 -0.696437 11.483303 -4.437674 5.290992 27.603219 0.000000 0.000000 0.000000 -3.706775 1.116388 -37.769903 -4.051414 1.515789 23.943693 1.058151 -2.115800 14.681210 0.000000 0.000000 0.000000 3.405196 -4.561586 35.930667 0.026302 0.404434 -9.963039 6.245452 -5.529602 12.831043 -8.577162 5.944126 -16.228847 0.000000 0.000000 0.000000 21.790038 -5.929838 2.316131 -35.017533 -72.093487 19.737546 19.962518 -31.134857 -3.988921 0.000000 0.000000 0.000000 -19.730526 10.915152 3.376657 31.709447 73.383659 16.694361 -24.954562 19.232600 -2.812543 0.000000 0.000000 0.000000 
0.034118 0.947947 0.003128 -0.146546 11.759885 24.222788 8.172746 -2.309878 -32.449039 0.720370 -0.705939 11.439145 -4.229421 5.624469 27.869705 0.000000 0.000000 0.000000 -3.281702 1.262056 -37.998770 -4.433677 1.667929 24.434091 0.943474 -2.324944 14.523349 0.000000 0.000000 0.000000 3.331211 -4.458574 35.638790 0.047993 0.350676 -8.850027 6.177091 -5.398830 12.032947 -8.488568 6.002614 -13.808791 0.000000 0.000000 0.000000 21.027017 -6.372411 2.419597 -35.118447 -71.864340 19.703500 20.021357 -32.077688 -4.113457 0.000000 0.000000 0.000000 -19.123842 10.936632 3.429496 33.285906 73.239789 17.815235 -25.281348 19.601502 -2.922371 0.000000 0.000000 0.000000 
0.033902 0.947552 0.000659 -0.237201 11.737077 23.744485 8.276221 -2.271181 -32.327888 0.567128 -0.692944 11.679529 -4.074045 5.918265 28.172592 0.000000 0.000000 0.000000 -2.880659 1.386962 -37.769514 -4.338478 1.653051 24.997234 0.030951 -3.794588 13.549605 0.000000 0.000000 0.000000 3.203810 -4.437020 35.887981 -0.198516 0.431454 -8.706595 6.379964 -5.284278 11.991625 -8.369390 6.035688 -11.912206 0.000000 0.000000 0.000000 20.337467 -7.086349 2.556813 -34.400170 -71.492742 18.926240 19.813901 -33.443069 -4.214853 0.000000 0.000000 0.000000 -18.235936 11.159763 3.482416 33.078355 72.751830 17.450655 -25.324901 19.614398 -2.916324 0.000000 0.000000 0.000000 
0.033413 0.947282 -0.001798 -0.393485 11.666051 23.156730 8.368058 -2.235679 -32.309269 0.406379 -0.683521 12.017718 -3.479157 7.024613 29.362801 0.000000 0.000000 0.000000 -2.495593 1.515338 -37.085167 -4.198975 1.604211 24.731439 -0.704911 -5.048903 12.915408 0.000000 0.000000 0.000000 2.904985 -4.329723 36.129823 -0.225800 0.423091 -8.227160 6.336924 -5.331001 11.721747 -8.793543 6.315846 -11.697359 0.000000 0.000000 0.000000 20.418941 -7.444146 2.601165 -34.578897 -71.145224 18.934854 20.112244 -34.010520 -4.370359 0.000000 0.000000 0.000000 -17.780664 12.021500 3.689570 32.056245 72.648489 16.616743 -24.984758 18.494773 -2.678394 0.000000 0.000000 0.000000 
0.032847 0.947919 -0.003690 -0.532928 11.645491 22.699684 8.679044 -2.115700 -31.685561 0.171054 -0.572310 10.982260 -3.623788 7.359247 31.181010 0.000000 0.000000 0.000000 -2.386259 1.558876 -35.958846 -3.805927 1.444991 23.516448 -1.156407 -5.784378 12.390583 0.000000 0.000000 0.000000 2.764942 -4.361533 36.762424 -0.422602 0.483767 -7.991560 6.527334 -5.182263 11.079109 -8.617507 6.328845 -9.135225 0.000000 0.000000 0.000000 20.681343 -7.833784 2.688373 -35.173801 -71.112361 19.370396 20.077000 -34.511515 -4.423112 0.000000 0.000000 0.000000 -17.464754 12.602652 3.843400 31.871530 72.271047 16.367781 -24.380501 17.513402 -2.430616 0.000000 0.000000 0.000000 
0.032416 0.949275 -0.004840 -0.643887 11.321654 22.175883 8.775866 -2.014080 -31.097722 0.486202 -0.583225 10.309171 -4.573791 6.844390 33.571128 0.000000 0.000000 0.000000 -2.187270 1.652511 -34.791410 -3.604575 1.365359 22.082842 -1.563764 -6.626244 12.583231 0.000000 0.000000 0.000000 2.601615 -4.301105 37.163929 -0.410407 0.458056 -7.505512 6.505822 -4.897229 10.690507 -8.592434 6.441959 -6.853807 0.000000 0.000000 0.000000 20.675696 -8.038439 2.739634 -35.429704 -71.400864 19.676843 20.929236 -34.854989 -4.733560 0.000000 0.000000 0.000000 -17.013045 13.119911 3.972443 32.131613 71.996285 16.478895 -24.384630 16.348645 -2.226212 0.000000 0.000000 0.000000 
0.032205 0.951176 -0.005603 -0.696632 11.169119 21.619209 8.880575 -1.889783 -29.915770 0.843544 -0.554251 8.877261 -6.222169 5.448775 35.370441 0.000000 0.000000 0.000000 -2.209744 1.652286 -33.126733 -3.419982 1.262198 20.037934 -1.580648 -6.665227 12.720368 0.000000 0.000000 0.000000 2.391340 -4.242581 37.542771 -0.442979 0.446128 -6.904003 6.455997 -4.524320 10.436898 -8.861931 6.736520 -5.404395 0.000000 0.000000 0.000000 21.194376 -7.718031 2.709437 -36.722784 -72.577719 21.087945 21.012950 -34.655655 -4.750604 0.000000 0.000000 0.000000 -18.009146 13.300653 3.928329 32.347224 72.206356 16.863845 -24.159895 14.384853 -1.869661 0.000000 0.000000 0.000000 
0.032282 0.952189 -0.006796 -0.740775 11.028907 21.333003 8.923363 -1.815123 -29.163981 1.309149 -0.582206 8.144463 -7.898125 3.493409 35.350112 0.000000 0.000000 0.000000 -2.325702 1.631164 -32.346935 -3.114703 1.149150 18.812472 -1.657990 -6.907507 13.245062 0.000000 0.000000 0.000000 2.606442 -4.404688 38.153335 -1.106359 0.666066 -6.265192 7.000406 -3.910867 9.645886 -8.411787 6.513334 -3.253690 0.000000 0.000000 0.000000 20.186375 -8.096822 2.866344 -36.340844 -73.585959 21.181201 21.334501 -33.696199 -4.718953 0.000000 0.000000 0.000000 -19.598328 13.169968 3.798168 31.227718 71.872556 16.183794 -23.732593 12.712085 -1.557061 0.000000 0.000000 0.000000 
0.032681 0.952448 -0.008797 -0.752518 10.749575 21.493984 9.126339 -1.758759 -29.164194 1.453018 -0.573392 7.694933 -9.366116 1.902555 35.864655 0.000000 0.000000 0.000000 -2.578718 1.597131 -32.047362 -2.537121 0.979097 17.975648 -1.895307 -7.279124 12.608986 0.000000 0.000000 0.000000 2.597367 -4.353908 38.082395 -1.417195 0.795132 -6.722364 6.706446 -3.291235 10.217204 -9.131662 6.972026 -4.953704 0.000000 0.000000 0.000000 20.075001 -7.992773 2.927519 -36.680576 -74.352664 21.463545 21.628893 -34.094086 -4.867787 0.000000 0.000000 0.000000 -20.704870 14.292508 3.833785 27.940912 70.749428 13.774769 -22.879186 11.430340 -1.290103 0.000000 0.000000 0.000000 
0.033132 0.952288 -0.011080 -0.481203 11.347025 21.437711 8.889130 -1.834227 -28.890152 1.741409 -0.576494 7.025835 -10.717155 0.337687 35.578165 0.000000 0.000000 0.000000 -3.657997 1.271954 -31.269241 -1.458192 0.642117 17.003055 -1.729036 -6.748078 12.059321 0.000000 0.000000 0.000000 3.077809 -4.653118 38.095653 -2.102208 1.059963 -6.958074 6.431740 -2.974219 10.316558 -8.180130 6.267132 -5.704891 0.000000 0.000000 0.000000 20.429277 -8.672772 3.154557 -33.371221 -75.033111 19.016874 20.070799 -33.693399 -4.401472 0.000000 0.000000 0.000000 -23.903889 14.105242 3.486989 28.436744 70.680444 14.494807 -21.274095 8.524994 -0.765781 0.000000 0.000000 0.000000 
0.033612 0.952367 -0.012424 -0.963146 10.029750 20.951914 9.642943 -1.553159 -28.352189 0.916678 -0.435193 6.849365 -9.997361 1.432760 36.953965 0.000000 0.000000 0.000000 -3.619630 1.420570 -31.453342 -0.083098 0.322557 16.689193 -2.533102 -8.736960 13.632518 0.000000 0.000000 0.000000 2.122396 -4.172518 38.984245 -1.954044 1.031212 -8.640972 6.119132 -1.121210 12.043159 -6.548193 5.244362 -3.421401 0.000000 0.000000 0.000000 19.274583 -11.716761 3.870577 -32.166456 -71.706085 15.735414 23.794256 -36.382811 -5.990326 0.000000 0.000000 0.000000 -21.593381 17.473085 3.930725 23.731301 65.862301 10.337161 -22.700085 9.955253 -1.039759 0.000000 0.000000 0.000000 
0.034219 0.952449 -0.011927 -0.418736 11.597190 20.536919 8.696364 -1.855961 -28.701813 2.022611 -0.692550 8.046875 -11.888707 -0.688913 36.317484 0.000000 0.000000 0.000000 -4.783065 0.998913 -30.021634 1.541637 -0.176738 16.114575 -3.523363 -10.223286 12.626911 0.000000 0.000000 0.000000 2.457820 -4.648908 39.496276 -1.069403 0.721312 -8.062645 5.416349 -0.950939 10.293254 -4.442924 3.766309 -8.619061 0.000000 0.000000 0.000000 19.837217 -10.252810 3.776894 -37.006581 -72.561024 19.333368 20.386795 -43.003523 -5.902543 0.000000 0.000000 0.000000 -24.868112 14.286141 3.061167 30.761057 67.734235 16.022046 -19.418911 8.600002 -0.697188 0.000000 0.000000 0.000000 
0.034782 0.956303 -0.009900 -0.109891 11.313324 20.254492 7.779901 -1.905200 -27.651868 2.342498 -0.617253 6.328421 -10.729564 1.986195 39.756002 0.000000 0.000000 0.000000 -5.391051 0.874334 -29.453955 0.929569 -0.000578 15.347259 -1.971192 -7.604750 14.839307 0.000000 0.000000 0.000000 1.424212 -4.120595 39.359915 0.294550 0.228971 -7.887634 5.247657 0.668327 10.349635 -2.624906 2.772434 -10.896950 0.000000 0.000000 0.000000 20.070270 -12.968707 4.465490 -40.275694 -70.659007 19.823319 27.793201 -42.817445 -8.941981 0.000000 0.000000 0.000000 -22.517459 17.041797 3.483098 29.275511 63.686581 14.038493 -22.151150 10.548822 -1.081840 0.000000 0.000000 0.000000 
