HIERARCHY
ROOT Hips
{
	OFFSET 0.000000 98.109863 -1.590455
	CHANNELS 6 Xposition Yposition Zposition Xrotation Yrotation Zrotation
	JOINT Spine
	{
		OFFSET 0.000000 5.822937 0.122295
		CHANNELS 6 Xposition Yposition Zposition Xrotation Yrotation Zrotation
		JOINT Chest
		{
			OFFSET 0.000000 10.340431 0.000000
			CHANNELS 3 Xrotation Yrotation Zrotation
			JOINT UpperChest
			{
				OFFSET 0.000000 10.340431 0.000000
				CHANNELS 3 Xrotation Yrotation Zrotation
				JOINT Neck
				{
					OFFSET 0.000000 25.104660 -1.532958
					CHANNELS 6 Xposition Yposition Zposition Xrotation Yrotation Zrotation
					JOINT Head
					{
						OFFSET 0.000000 12.653503 1.544390
						CHANNELS 6 Xposition Yposition Zposition Xrotation Yrotation Zrotation
						JOINT Right_Eye
						{
							OFFSET -3.330329 3.459625 8.674029
							CHANNELS 6 Xposition Yposition Zposition Xrotation Yrotation Zrotation
							End Site
							{
								OFFSET 0.000000 -7.109283 0.000000
							}
						}
						JOINT Left_Eye
						{
							OFFSET 3.330326 3.459808 8.674029
							CHANNELS 6 Xposition Yposition Zposition Xrotation Yrotation Zrotation
							End Site
							{
								OFFSET 0.000000 7.109283 0.000000
							}
						}
						JOINT Jaw
						{
							OFFSET -0.000000 -0.763550 1.289526
							CHANNELS 6 Xposition Yposition Zposition Xrotation Yrotation Zrotation
							End Site
							{
								OFFSET -0.000000 6.385910 3.124436
							}
						}
					}
					JOINT Neck_Twist_A
					{
						OFFSET 0.000000 6.326752 0.772195
						CHANNELS 6 Xposition Yposition Zposition Xrotation Yrotation Zrotation
						End Site
						{
							OFFSET 0.000000 9.490128 1.158291
						}
					}
				}
				JOINT Left_Shoulder
				{
					OFFSET 0.095714 19.149216 -0.872779
					CHANNELS 6 Xposition Yposition Zposition Xrotation Yrotation Zrotation
					JOINT Left_UpperArm
					{
						OFFSET 16.249237 -1.457230 -3.766129
						CHANNELS 6 Xposition Yposition Zposition Xrotation Yrotation Zrotation
						JOINT Left_LowerArm
						{
							OFFSET 18.689993 -21.492416 1.212276
							CHANNELS 3 Xrotation Yrotation Zrotation
							JOINT Left_Hand
							{
								OFFSET 9.161659 -14.015717 17.244225
								CHANNELS 3 Xrotation Yrotation Zrotation
								JOINT Left_PinkyProximal
								{
									OFFSET 5.669910 -4.448128 3.162341
									CHANNELS 6 Xposition Yposition Zposition Xrotation Yrotation Zrotation
									JOINT Left_PinkyIntermediate
									{
										OFFSET 1.150738 -3.013878 -0.086796
										CHANNELS 3 Xrotation Yrotation Zrotation
										JOINT Left_PinkyDistal
										{
											OFFSET -0.431461 -1.930565 -0.420883
											CHANNELS 3 Xrotation Yrotation Zrotation
											JOINT Left_PinkyDistalEnd
											{
												OFFSET -0.865028 -1.558823 -0.501347
												CHANNELS 3 Xrotation Yrotation Zrotation
												End Site
												{
													OFFSET -0.865036 -1.558815 -0.501347
												}
											}
										}
									}
								}
								JOINT Left_RingProximal
								{
									OFFSET 4.894711 -4.487228 4.992386
									CHANNELS 6 Xposition Yposition Zposition Xrotation Yrotation Zrotation
									JOINT Left_RingIntermediate
									{
										OFFSET 1.614399 -4.026695 0.464390
										CHANNELS 3 Xrotation Yrotation Zrotation
										JOINT Left_RingDistal
										{
											OFFSET -0.881424 -2.472473 -0.680046
											CHANNELS 3 Xrotation Yrotation Zrotation
											JOINT Left_RingDistalEnd
											{
												OFFSET -0.983009 -1.727531 -0.664391
												CHANNELS 3 Xrotation Yrotation Zrotation
												End Site
												{
													OFFSET -0.983025 -1.727516 -0.664394
												}
											}
										}
									}
								}
								JOINT Left_MiddleProximal
								{
									OFFSET 3.976719 -4.405067 6.377937
									CHANNELS 6 Xposition Yposition Zposition Xrotation Yrotation Zrotation
									JOINT Left_MiddleIntermediate
									{
										OFFSET 1.576340 -4.641357 1.506245
										CHANNELS 3 Xrotation Yrotation Zrotation
										JOINT Left_MiddleDistal
										{
											OFFSET -0.565441 -2.735130 -0.446314
											CHANNELS 3 Xrotation Yrotation Zrotation
											JOINT Left_MiddleDistalEnd
											{
												OFFSET -0.577965 -2.212852 -0.468643
												CHANNELS 3 Xrotation Yrotation Zrotation
												End Site
												{
													OFFSET -0.577953 -2.212852 -0.468643
												}
											}
										}
									}
								}
								JOINT Left_IndexProximal
								{
									OFFSET 2.165852 -4.997856 7.896624
									CHANNELS 6 Xposition Yposition Zposition Xrotation Yrotation Zrotation
									JOINT Left_IndexIntermediate
									{
										OFFSET 1.106930 -3.866409 1.244133
										CHANNELS 3 Xrotation Yrotation Zrotation
										JOINT Left_IndexDistal
										{
											OFFSET -0.165836 -2.495209 -0.257378
											CHANNELS 3 Xrotation Yrotation Zrotation
											JOINT Left_IndexDistalEnd
											{
												OFFSET -0.419361 -2.359467 -0.559624
												CHANNELS 3 Xrotation Yrotation Zrotation
												End Site
												{
													OFFSET -0.419350 -2.359467 -0.559628
												}
											}
										}
									}
								}
								JOINT Left_ThumbProximal
								{
									OFFSET -0.668816 -1.716156 3.232250
									CHANNELS 6 Xposition Yposition Zposition Xrotation Yrotation Zrotation
									JOINT Left_ThumbIntermediate
									{
										OFFSET -0.618828 -2.224045 1.556326
										CHANNELS 6 Xposition Yposition Zposition Xrotation Yrotation Zrotation
										JOINT Left_ThumbDistal
										{
											OFFSET -1.139790 -3.541382 2.553549
											CHANNELS 6 Xposition Yposition Zposition Xrotation Yrotation Zrotation
											JOINT Left_ThumbDistalEnd
											{
												OFFSET 0.590076 -2.627701 1.193640
												CHANNELS 3 Xrotation Yrotation Zrotation
												End Site
												{
													OFFSET 0.590084 -2.627701 1.193640
												}
											}
										}
									}
								}
							}
						}
					}
				}
				JOINT Right_Shoulder
				{
					OFFSET -0.095714 19.149384 -0.872780
					CHANNELS 6 Xposition Yposition Zposition Xrotation Yrotation Zrotation
					JOINT Right_UpperArm
					{
						OFFSET -16.249186 -1.457016 -3.766129
						CHANNELS 6 Xposition Yposition Zposition Xrotation Yrotation Zrotation
						JOINT Right_LowerArm
						{
							OFFSET -18.690006 -21.492989 1.212279
							CHANNELS 6 Xposition Yposition Zposition Xrotation Yrotation Zrotation
							JOINT Right_Hand
							{
								OFFSET -9.161697 -14.015999 17.244183
								CHANNELS 6 Xposition Yposition Zposition Xrotation Yrotation Zrotation
								JOINT Right_PinkyProximal
								{
									OFFSET -5.669899 -4.447998 3.162404
									CHANNELS 6 Xposition Yposition Zposition Xrotation Yrotation Zrotation
									JOINT Right_PinkyIntermediate
									{
										OFFSET -1.150703 -3.013504 -0.086795
										CHANNELS 6 Xposition Yposition Zposition Xrotation Yrotation Zrotation
										JOINT Right_PinkyDistal
										{
											OFFSET 0.431396 -1.930595 -0.420904
											CHANNELS 6 Xposition Yposition Zposition Xrotation Yrotation Zrotation
											JOINT Right_PinkyDistalEnd
											{
												OFFSET 0.865005 -1.558800 -0.501396
												CHANNELS 6 Xposition Yposition Zposition Xrotation Yrotation Zrotation
												End Site
												{
													OFFSET -0.865032 1.558807 0.501344
												}
											}
										}
									}
								}
								JOINT Right_RingProximal
								{
									OFFSET -4.894703 -4.487000 4.992409
									CHANNELS 6 Xposition Yposition Zposition Xrotation Yrotation Zrotation
									JOINT Right_RingIntermediate
									{
										OFFSET -1.614407 -4.026489 0.464409
										CHANNELS 6 Xposition Yposition Zposition Xrotation Yrotation Zrotation
										JOINT Right_RingDistal
										{
											OFFSET 0.881409 -2.472420 -0.680010
											CHANNELS 6 Xposition Yposition Zposition Xrotation Yrotation Zrotation
											JOINT Right_RingDistalEnd
											{
												OFFSET 0.982994 -1.727585 -0.664402
												CHANNELS 6 Xposition Yposition Zposition Xrotation Yrotation Zrotation
												End Site
												{
													OFFSET -0.983040 1.727562 0.664408
												}
											}
										}
									}
								}
								JOINT Right_MiddleProximal
								{
									OFFSET -3.976696 -4.405006 6.378008
									CHANNELS 6 Xposition Yposition Zposition Xrotation Yrotation Zrotation
									JOINT Right_MiddleIntermediate
									{
										OFFSET -1.576313 -4.640991 1.506205
										CHANNELS 6 Xposition Yposition Zposition Xrotation Yrotation Zrotation
										JOINT Right_MiddleDistal
										{
											OFFSET 0.565411 -2.735100 -0.446306
											CHANNELS 6 Xposition Yposition Zposition Xrotation Yrotation Zrotation
											JOINT Right_MiddleDistalEnd
											{
												OFFSET 0.577900 -2.212791 -0.468596
												CHANNELS 6 Xposition Yposition Zposition Xrotation Yrotation Zrotation
												End Site
												{
													OFFSET -0.577938 2.212769 0.468628
												}
											}
										}
									}
								}
								JOINT Right_IndexProximal
								{
									OFFSET -2.165802 -4.997002 7.896702
									CHANNELS 6 Xposition Yposition Zposition Xrotation Yrotation Zrotation
									JOINT Right_IndexIntermediate
									{
										OFFSET -1.107002 -3.866791 1.244108
										CHANNELS 6 Xposition Yposition Zposition Xrotation Yrotation Zrotation
										JOINT Right_IndexDistal
										{
											OFFSET 0.165901 -2.495201 -0.257399
											CHANNELS 6 Xposition Yposition Zposition Xrotation Yrotation Zrotation
											JOINT Right_IndexDistalEnd
											{
												OFFSET 0.419300 -2.359505 -0.559601
												CHANNELS 6 Xposition Yposition Zposition Xrotation Yrotation Zrotation
												End Site
												{
													OFFSET -0.419357 2.359482 0.559631
												}
											}
										}
									}
								}
								JOINT Right_ThumbProximal
								{
									OFFSET 0.668797 -1.715996 3.232306
									CHANNELS 6 Xposition Yposition Zposition Xrotation Yrotation Zrotation
									JOINT Right_ThumbIntermediate
									{
										OFFSET 0.618797 -2.223999 1.556314
										CHANNELS 6 Xposition Yposition Zposition Xrotation Yrotation Zrotation
										JOINT Right_ThumbDistal
										{
											OFFSET 1.139809 -3.541100 2.553493
											CHANNELS 6 Xposition Yposition Zposition Xrotation Yrotation Zrotation
											JOINT Right_ThumbDistalEnd
											{
												OFFSET -0.590004 -2.627686 1.193699
												CHANNELS 6 Xposition Yposition Zposition Xrotation Yrotation Zrotation
												End Site
												{
													OFFSET 0.590076 2.627701 -1.193640
												}
											}
										}
									}
								}
							}
						}
					}
				}
			}
		}
	}
	JOINT Left_UpperLeg
	{
		OFFSET 8.610317 -5.345810 -1.147064
		CHANNELS 6 Xposition Yposition Zposition Xrotation Yrotation Zrotation
		JOINT Left_LowerLeg
		{
			OFFSET 1.467436 -41.307838 -0.215593
			CHANNELS 3 Xrotation Yrotation Zrotation
			JOINT Left_Foot
			{
				OFFSET 1.465974 -41.266659 -3.033064
				CHANNELS 3 Xrotation Yrotation Zrotation
				JOINT Left_Toes
				{
					OFFSET 1.194456 -7.224800 11.745975
					CHANNELS 6 Xposition Yposition Zposition Xrotation Yrotation Zrotation
					JOINT Left_ToesEnd
					{
						OFFSET 0.749601 -1.684398 6.380377
						CHANNELS 6 Xposition Yposition Zposition Xrotation Yrotation Zrotation
						End Site
						{
							OFFSET 0.000000 -6.641409 0.000000
						}
					}
				}
			}
		}
	}
	JOINT Right_UpperLeg
	{
		OFFSET -8.610319 -5.345818 -1.147065
		CHANNELS 6 Xposition Yposition Zposition Xrotation Yrotation Zrotation
		JOINT Right_LowerLeg
		{
			OFFSET -1.467480 -41.307808 -0.215590
			CHANNELS 6 Xposition Yposition Zposition Xrotation Yrotation Zrotation
			JOINT Right_Foot
			{
				OFFSET -1.465899 -41.266685 -3.033069
				CHANNELS 6 Xposition Yposition Zposition Xrotation Yrotation Zrotation
				JOINT Right_Toes
				{
					OFFSET -1.194487 -7.224798 11.746424
					CHANNELS 6 Xposition Yposition Zposition Xrotation Yrotation Zrotation
					JOINT Right_ToesEnd
					{
						OFFSET -0.749613 -1.684391 6.379958
						CHANNELS 6 Xposition Yposition Zposition Xrotation Yrotation Zrotation
						End Site
						{
							OFFSET 0.000000 6.641006 0.000000
						}
					}
				}
			}
		}
	}
}
MOTION
Frames: 120
Frame Time: 0.033333
0.000000 49.403900 -1.590447 -0.000000 0.000000 -0.000000 0.000000 5.822938 0.122295 9.105439 0.000000 -0.000000 6.934464 0.000000 -0.000000 -0.000000 0.000000 -0.000000 0.000000 25.104660 -1.532955 -0.000000 0.000000 -0.000000 0.000000 12.653503 1.544391 0.000000 0.000000 -0.000000 -3.330329 3.459625 8.674036 0.000000 0.000003 0.000005 3.330326 3.459808 8.674036 0.000000 -0.000003 0.000000 -0.000000 -0.763519 1.289543 0.000003 -0.000001 -0.000000 0.000000 6.326752 0.772193 0.000002 0.000000 -0.000000 0.095713 19.149231 -0.872781 -0.000000 0.000000 0.000000 16.249262 -1.457202 -3.766124 -1.464719 -6.770259 -24.388871 -0.000001 -0.000005 0.000001 0.000005 0.000000 0.000004 5.669903 -4.448129 3.162334 -0.000002 -0.000005 0.000006 0.000000 0.000004 0.000000 0.000002 -0.000003 0.000004 -0.000000 0.000006 -0.000000 4.894720 -4.487217 4.992383 -0.000001 -0.000007 -0.000002 -0.000003 0.000004 -0.000004 0.000003 -0.000003 0.000002 -0.000004 -0.000004 -0.000002 3.976710 -4.405063 6.377934 -0.000002 -0.000001 -0.000002 0.000005 -0.000009 -0.000007 0.000002 -0.000008 -0.000004 -0.000002 -0.000003 -0.000002 2.165859 -4.997848 7.896616 -0.000001 0.000003 0.000001 -0.000002 0.000007 -0.000002 0.000000 0.000004 -0.000000 -0.000002 0.000001 -0.000001 -0.668809 -1.716166 3.232252 0.000005 0.000003 0.000001 -0.618822 -2.224037 1.556315 -0.000000 0.000003 -0.000003 -1.139795 -3.541367 2.553546 0.000003 -0.000004 -0.000000 0.000001 0.000003 0.000002 -0.095715 19.149414 -0.872783 0.000004 -0.000000 0.000001 -16.249191 -1.456996 -3.766132 -1.544911 6.943031 25.060266 -18.689987 -21.493004 1.212276 0.000001 0.000004 -0.000002 -9.161708 -14.016002 17.244196 0.000008 0.000003 -0.000002 -5.669893 -4.447994 3.162401 -0.000006 -0.000005 0.000000 -1.150694 -3.013504 -0.086802 -0.000001 -0.000001 -0.000003 0.431398 -1.930585 -0.420900 0.000001 0.000002 -0.000005 0.865001 -1.558793 -0.501394 0.000001 -0.000004 -0.000005 -4.894710 -4.487007 4.992411 0.000002 0.000007 0.000001 -1.614395 -4.026505 0.464399 0.000002 -0.000003 -0.000000 0.881408 -2.472398 -0.680002 0.000002 0.000002 0.000003 0.982998 -1.727609 -0.664405 -0.000005 0.000003 0.000012 -3.976696 -4.405012 6.378010 -0.000006 0.000000 -0.000002 -1.576296 -4.640987 1.506193 0.000004 -0.000004 0.000005 0.565409 -2.735099 -0.446299 0.000000 0.000003 -0.000003 0.577904 -2.212806 -0.468593 -0.000001 -0.000002 -0.000003 -2.165805 -4.997001 7.896709 -0.000004 -0.000008 0.000002 -1.107002 -3.866797 1.244101 0.000001 0.000001 0.000000 0.165892 -2.495198 -0.257401 0.000001 -0.000003 0.000000 0.419304 -2.359511 -0.559601 -0.000004 -0.000006 0.000001 0.668799 -1.716001 3.232314 -0.000003 -0.000003 -0.000002 0.618812 -2.224016 1.556294 -0.000001 -0.000002 -0.000006 1.139799 -3.541102 2.553508 -0.000001 0.000008 -0.000002 -0.589995 -2.627703 1.193708 0.000002 -0.000001 -0.000001 8.610315 -5.345805 -1.147063 -100.704173 -0.000644 -0.002208 108.558009 -0.001704 -0.003049 -6.724355 -0.000286 0.000296 1.194452 -7.224802 11.745975 -0.000003 -0.000001 0.000000 0.749603 -1.684399 6.380374 0.000002 0.000000 -0.000000 -8.610320 -5.345827 -1.147061 -18.715401 0.000000 -0.000000 -1.467480 -41.307808 -0.215582 110.543285 0.000000 -0.000000 -1.465900 -41.266689 -3.033068 37.335385 0.000000 0.000000 -1.194488 -7.224801 11.746427 -0.000003 -0.000000 0.000000 -0.749617 -1.684396 6.379956 0.000000 0.000000 0.000000 
0.000000 49.403900 -1.590447 -0.000000 0.000000 -0.000000 0.000000 5.822939 0.122295 9.115440 0.006738 -0.001503 6.950932 0.007785 -0.004263 0.027090 -0.000000 0.000000 -0.000000 25.104675 -1.532954 -0.000003 -0.000000 0.000000 -0.000000 12.653500 1.544386 -0.036167 0.000000 -0.000000 -3.330329 3.459625 8.674038 -0.000001 0.000003 0.000005 3.330327 3.459809 8.674036 -0.000001 -0.000003 0.000000 0.000000 -0.763519 1.289540 0.000003 -0.000001 -0.000000 -0.000000 6.326752 0.772194 -0.000001 0.000000 -0.000000 0.095713 19.149231 -0.872778 -0.000002 0.000000 0.000001 16.249252 -1.457200 -3.766121 -1.464721 -6.770258 -24.388871 -0.000000 0.000001 0.000002 0.000010 -0.000002 0.000004 5.669897 -4.448125 3.162338 -0.000000 -0.000001 0.000003 -0.000002 0.000006 -0.000003 0.000003 -0.000005 0.000004 -0.000001 0.000005 -0.000001 4.894716 -4.487226 4.992388 0.000002 -0.000007 0.000000 -0.000002 0.000003 -0.000006 0.000003 -0.000001 0.000001 -0.000001 -0.000004 -0.000002 3.976709 -4.405072 6.377939 -0.000001 -0.000003 -0.000004 0.000002 -0.000004 -0.000007 0.000001 -0.000007 0.000001 0.000002 -0.000002 0.000003 2.165847 -4.997839 7.896616 0.000001 0.000003 -0.000005 -0.000003 0.000007 -0.000003 0.000001 0.000003 -0.000003 -0.000001 -0.000002 0.000000 -0.668820 -1.716152 3.232254 0.000003 0.000004 0.000001 -0.618825 -2.224039 1.556316 -0.000000 0.000001 0.000000 -1.139795 -3.541381 2.553545 -0.000001 -0.000005 0.000002 -0.000001 0.000001 -0.000002 -0.095715 19.149414 -0.872780 0.000002 0.000001 0.000000 -16.249180 -1.456995 -3.766129 -1.692095 6.953279 25.082662 -18.689993 -21.493015 1.212278 -0.002321 -0.076895 0.029973 -9.161708 -14.016005 17.244194 -0.023966 -0.035057 0.035962 -5.669897 -4.448001 3.162393 -0.000001 0.000000 0.000001 -1.150692 -3.013502 -0.086799 -0.000001 -0.000003 0.000002 0.431395 -1.930596 -0.420898 0.000000 0.000003 0.000003 0.865004 -1.558811 -0.501396 0.000001 -0.000004 -0.000006 -4.894712 -4.487013 4.992402 0.000003 0.000007 0.000004 -1.614396 -4.026497 0.464399 0.000002 -0.000003 -0.000000 0.881404 -2.472430 -0.680008 0.000000 0.000001 -0.000006 0.983008 -1.727615 -0.664403 -0.000005 0.000003 0.000011 -3.976702 -4.405006 6.378001 -0.000001 0.000005 -0.000000 -1.576290 -4.640976 1.506199 0.000006 -0.000002 0.000004 0.565399 -2.735108 -0.446304 -0.000002 0.000000 0.000000 0.577906 -2.212805 -0.468595 0.000000 -0.000002 -0.000002 -2.165804 -4.996996 7.896703 0.000003 -0.000007 0.000004 -1.106999 -3.866790 1.244104 -0.000000 0.000001 0.000000 0.165890 -2.495185 -0.257401 0.000003 0.000001 0.000000 0.419309 -2.359502 -0.559600 -0.000002 -0.000003 0.000001 0.668795 -1.716000 3.232302 0.000000 0.000002 0.000005 0.618806 -2.223994 1.556294 -0.000002 -0.000003 0.000001 1.139795 -3.541109 2.553512 0.000002 0.000008 0.000003 -0.589998 -2.627709 1.193706 -0.000002 0.000000 0.000001 8.610315 -5.345805 -1.147063 -100.704173 -0.000644 -0.002208 108.558009 -0.001704 -0.003049 -6.724355 -0.000286 0.000296 1.194452 -7.224802 11.745975 -0.000003 -0.000001 0.000000 0.749603 -1.684399 6.380374 0.000002 0.000000 -0.000000 -8.610320 -5.345827 -1.147061 -18.715401 0.000000 -0.000000 -1.467480 -41.307808 -0.215582 110.543285 0.000000 -0.000000 -1.465900 -41.266689 -3.033068 37.335385 0.000000 0.000000 -1.194488 -7.224801 11.746427 -0.000003 -0.000000 0.000000 -0.749617 -1.684396 6.379956 0.000000 0.000000 0.000000 
0.000000 49.403900 -1.590447 -0.000000 0.000000 -0.000000 -0.000000 5.822939 0.122296 9.145590 0.027053 -0.006043 7.000597 0.031253 -0.017130 0.108784 0.000000 -0.000000 0.000000 25.104645 -1.532955 0.000001 -0.000000 0.000000 0.000000 12.653503 1.544393 -0.145234 -0.000000 -0.000000 -3.330329 3.459640 8.674036 0.000001 0.000003 0.000005 3.330327 3.459823 8.674033 0.000001 -0.000002 -0.000000 0.000000 -0.763535 1.289541 0.000002 -0.000001 -0.000000 -0.000000 6.326736 0.772197 0.000001 0.000000 -0.000000 0.095713 19.149200 -0.872778 0.000000 0.000001 0.000000 16.249252 -1.457231 -3.766124 -1.464720 -6.770259 -24.388876 0.000003 -0.000001 -0.000000 0.000006 0.000002 0.000004 5.669895 -4.448127 3.162333 -0.000003 -0.000003 0.000006 -0.000003 0.000001 0.000003 0.000003 -0.000004 0.000002 0.000000 0.000003 -0.000001 4.894728 -4.487248 4.992380 0.000000 -0.000008 -0.000000 -0.000003 0.000005 -0.000004 0.000004 -0.000004 0.000001 -0.000004 -0.000002 -0.000005 3.976714 -4.405073 6.377929 -0.000005 -0.000003 -0.000000 0.000011 -0.000010 -0.000007 0.000003 -0.000005 0.000000 0.000003 0.000001 -0.000002 2.165857 -4.997853 7.896616 -0.000004 0.000002 -0.000003 -0.000000 0.000003 0.000001 0.000004 0.000004 -0.000002 0.000002 -0.000007 -0.000003 -0.668814 -1.716150 3.232250 0.000000 -0.000002 0.000001 -0.618831 -2.224036 1.556317 0.000002 0.000005 0.000003 -1.139797 -3.541362 2.553554 0.000003 -0.000006 0.000003 0.000000 0.000003 -0.000000 -0.095715 19.149414 -0.872782 0.000003 -0.000000 0.000001 -16.249189 -1.456995 -3.766130 -2.137286 6.983930 25.150560 -18.689999 -21.493000 1.212278 -0.009072 -0.308932 0.120397 -9.161706 -14.015988 17.244200 -0.096116 -0.140891 0.144329 -5.669892 -4.448006 3.162395 -0.000003 -0.000001 -0.000006 -1.150695 -3.013506 -0.086803 -0.000001 -0.000005 0.000003 0.431391 -1.930592 -0.420898 0.000004 0.000003 0.000003 0.865004 -1.558811 -0.501397 0.000001 -0.000003 -0.000004 -4.894703 -4.487011 4.992400 0.000002 0.000007 -0.000001 -1.614396 -4.026500 0.464401 -0.000002 -0.000002 -0.000002 0.881405 -2.472399 -0.679995 -0.000002 0.000001 0.000005 0.983011 -1.727609 -0.664401 -0.000005 0.000003 0.000009 -3.976690 -4.405010 6.377999 -0.000006 -0.000003 -0.000002 -1.576298 -4.640993 1.506198 0.000005 -0.000007 0.000003 0.565395 -2.735102 -0.446303 -0.000002 0.000003 0.000003 0.577899 -2.212807 -0.468594 0.000002 0.000001 -0.000004 -2.165799 -4.996999 7.896703 -0.000004 -0.000008 -0.000001 -1.107001 -3.866774 1.244099 -0.000001 0.000002 0.000004 0.165890 -2.495203 -0.257400 0.000002 -0.000006 -0.000001 0.419303 -2.359503 -0.559603 -0.000001 -0.000001 0.000002 0.668800 -1.715999 3.232302 -0.000001 -0.000002 -0.000004 0.618804 -2.224014 1.556290 -0.000001 -0.000005 -0.000003 1.139795 -3.541101 2.553505 -0.000000 0.000006 -0.000000 -0.589995 -2.627709 1.193707 0.000000 -0.000002 -0.000001 8.610315 -5.345805 -1.147063 -100.704173 -0.000644 -0.002208 108.558009 -0.001704 -0.003049 -6.724355 -0.000286 0.000296 1.194452 -7.224802 11.745975 -0.000003 -0.000001 0.000000 0.749603 -1.684399 6.380374 0.000002 0.000000 -0.000000 -8.610320 -5.345827 -1.147061 -18.715401 0.000000 -0.000000 -1.467480 -41.307808 -0.215582 110.543285 0.000000 -0.000000 -1.465900 -41.266689 -3.033068 37.335385 0.000000 0.000000 -1.194488 -7.224801 11.746427 -0.000003 -0.000000 0.000000 -0.749617 -1.684396 6.379956 0.000000 0.000000 0.000000 
0.000000 49.403900 -1.590447 -0.000000 0.000000 -0.000000 -0.000000 5.822934 0.122295 9.196075 0.061058 -0.013668 7.083754 0.070520 -0.038719 0.245565 -0.000000 0.000000 -0.000000 25.104660 -1.532951 -0.000000 -0.000000 0.000000 0.000000 12.653514 1.544386 -0.327884 -0.000000 -0.000000 -3.330329 3.459640 8.674036 0.000001 0.000003 0.000005 3.330327 3.459824 8.674035 0.000001 -0.000003 0.000000 0.000000 -0.763535 1.289541 0.000002 -0.000001 -0.000000 0.000000 6.326736 0.772193 -0.000002 0.000000 0.000000 0.095713 19.149216 -0.872776 -0.000003 -0.000000 0.000001 16.249256 -1.457195 -3.766123 -1.464721 -6.770258 -24.388872 0.000001 -0.000002 0.000003 0.000006 -0.000003 0.000002 5.669906 -4.448134 3.162332 -0.000001 -0.000003 0.000006 -0.000002 0.000002 -0.000001 0.000003 -0.000005 -0.000003 -0.000000 0.000003 0.000001 4.894720 -4.487235 4.992382 -0.000001 -0.000007 -0.000002 -0.000003 0.000005 -0.000007 0.000002 -0.000001 0.000001 -0.000006 0.000002 -0.000005 3.976713 -4.405056 6.377925 -0.000003 -0.000003 -0.000002 0.000008 -0.000008 -0.000001 0.000002 -0.000005 -0.000001 -0.000004 0.000003 -0.000003 2.165852 -4.997847 7.896609 -0.000002 0.000002 -0.000002 -0.000002 0.000005 -0.000002 0.000006 0.000003 0.000002 -0.000002 -0.000004 -0.000002 -0.668812 -1.716161 3.232247 0.000001 0.000004 0.000005 -0.618827 -2.224038 1.556319 -0.000003 0.000002 -0.000000 -1.139794 -3.541376 2.553548 0.000002 -0.000002 0.000004 -0.000000 0.000003 -0.000000 -0.095715 19.149414 -0.872777 0.000002 0.000001 0.000001 -16.249186 -1.456999 -3.766135 -2.887356 7.034376 25.265486 -18.689987 -21.493006 1.212277 -0.019575 -0.698011 0.271958 -9.161707 -14.015982 17.244198 -0.216543 -0.318484 0.325576 -5.669893 -4.448013 3.162400 -0.000006 -0.000003 0.000001 -1.150699 -3.013503 -0.086800 -0.000000 -0.000004 0.000001 0.431393 -1.930588 -0.420899 0.000003 0.000002 -0.000002 0.865001 -1.558807 -0.501401 0.000001 -0.000005 -0.000005 -4.894710 -4.487017 4.992402 -0.000001 0.000009 0.000001 -1.614395 -4.026488 0.464397 -0.000000 -0.000005 0.000001 0.881412 -2.472406 -0.680006 0.000001 0.000003 -0.000004 0.983005 -1.727623 -0.664400 -0.000007 0.000006 0.000011 -3.976695 -4.405016 6.378000 -0.000007 0.000001 0.000002 -1.576295 -4.640987 1.506201 0.000003 -0.000001 0.000001 0.565401 -2.735097 -0.446300 -0.000006 0.000003 -0.000000 0.577902 -2.212807 -0.468595 -0.000001 -0.000004 -0.000002 -2.165803 -4.997002 7.896705 -0.000005 -0.000003 0.000002 -1.107001 -3.866789 1.244100 -0.000000 -0.000004 0.000000 0.165890 -2.495201 -0.257402 -0.000000 -0.000002 -0.000003 0.419298 -2.359504 -0.559601 -0.000003 0.000002 0.000002 0.668797 -1.716005 3.232308 -0.000003 0.000001 0.000002 0.618800 -2.224001 1.556294 -0.000002 -0.000002 0.000002 1.139799 -3.541108 2.553511 0.000001 0.000007 -0.000002 -0.589996 -2.627708 1.193707 -0.000001 -0.000003 -0.000000 8.610315 -5.345805 -1.147063 -100.704173 -0.000644 -0.002208 108.558009 -0.001704 -0.003049 -6.724355 -0.000286 0.000296 1.194452 -7.224802 11.745975 -0.000003 -0.000001 0.000000 0.749603 -1.684399 6.380374 0.000002 0.000000 -0.000000 -8.610320 -5.345827 -1.147061 -18.715401 0.000000 -0.000000 -1.467480 -41.307808 -0.215582 110.543285 0.000000 -0.000000 -1.465900 -41.266689 -3.033068 37.335385 0.000000 0.000000 -1.194488 -7.224801 11.746427 -0.000003 -0.000000 0.000000 -0.749617 -1.684396 6.379956 0.000000 0.000000 0.000000 
0.000000 49.403900 -1.590447 -0.000000 0.000000 -0.000000 0.000000 5.822935 0.122295 9.266988 0.108807 -0.024428 7.200590 0.125621 -0.069139 0.437718 0.000000 -0.000000 -0.000000 25.104645 -1.532955 0.000000 0.000000 0.000000 0.000000 12.653505 1.544392 -0.584506 -0.000000 0.000000 -3.330329 3.459625 8.674036 0.000000 0.000002 0.000005 3.330326 3.459808 8.674038 0.000000 -0.000003 -0.000000 -0.000000 -0.763535 1.289546 0.000005 -0.000001 -0.000000 -0.000000 6.326767 0.772196 0.000002 0.000000 0.000000 0.095713 19.149200 -0.872777 -0.000001 0.000000 0.000000 16.249262 -1.457202 -3.766129 -1.464720 -6.770257 -24.388872 0.000002 0.000001 0.000002 0.000007 -0.000003 0.000006 5.669892 -4.448134 3.162330 0.000000 -0.000005 0.000007 0.000000 0.000003 -0.000000 0.000004 -0.000006 -0.000000 -0.000001 0.000003 -0.000003 4.894712 -4.487236 4.992382 0.000002 -0.000010 -0.000000 0.000001 0.000005 -0.000006 0.000001 -0.000003 0.000006 -0.000002 -0.000003 -0.000003 3.976709 -4.405067 6.377928 -0.000001 -0.000006 -0.000000 0.000006 -0.000006 -0.000005 0.000003 -0.000002 -0.000005 -0.000000 0.000003 -0.000002 2.165851 -4.997849 7.896614 -0.000001 0.000001 0.000001 -0.000000 0.000003 -0.000002 0.000003 0.000002 -0.000000 0.000001 -0.000001 -0.000003 -0.668816 -1.716171 3.232250 -0.000000 0.000001 0.000007 -0.618824 -2.224037 1.556318 -0.000001 0.000002 0.000000 -1.139798 -3.541377 2.553548 0.000007 -0.000005 0.000002 -0.000002 0.000002 0.000001 -0.095714 19.149399 -0.872779 0.000004 0.000000 -0.000001 -16.249199 -1.457008 -3.766127 -3.950896 7.103322 25.429522 -18.689995 -21.493008 1.212280 -0.032622 -1.245755 0.485218 -9.161695 -14.015993 17.244190 -0.384905 -0.568795 0.579762 -5.669901 -4.447994 3.162398 -0.000003 -0.000001 0.000001 -1.150697 -3.013493 -0.086802 -0.000001 -0.000007 0.000001 0.431396 -1.930584 -0.420895 0.000004 0.000002 0.000005 0.865006 -1.558797 -0.501401 0.000001 -0.000002 -0.000003 -4.894707 -4.487007 4.992406 0.000003 0.000012 -0.000002 -1.614392 -4.026494 0.464400 -0.000001 0.000000 -0.000002 0.881417 -2.472406 -0.680000 0.000002 0.000002 -0.000002 0.983007 -1.727609 -0.664402 -0.000006 0.000003 0.000009 -3.976695 -4.404997 6.378007 -0.000006 0.000004 -0.000002 -1.576298 -4.640990 1.506198 0.000005 -0.000003 0.000002 0.565402 -2.735101 -0.446301 -0.000002 0.000004 -0.000003 0.577909 -2.212814 -0.468592 0.000000 -0.000004 -0.000002 -2.165803 -4.996984 7.896703 -0.000004 -0.000006 -0.000000 -1.106998 -3.866792 1.244099 0.000000 -0.000001 0.000004 0.165897 -2.495197 -0.257403 0.000003 -0.000004 -0.000000 0.419298 -2.359492 -0.559598 -0.000004 -0.000001 0.000001 0.668801 -1.715998 3.232305 -0.000001 -0.000001 -0.000003 0.618807 -2.224003 1.556289 0.000001 -0.000003 0.000000 1.139796 -3.541093 2.553510 -0.000000 0.000006 -0.000000 -0.589996 -2.627702 1.193706 0.000001 0.000000 -0.000002 8.610315 -5.345805 -1.147063 -100.704173 -0.000644 -0.002208 108.558009 -0.001704 -0.003049 -6.724355 -0.000286 0.000296 1.194452 -7.224802 11.745975 -0.000003 -0.000001 0.000000 0.749603 -1.684399 6.380374 0.000002 0.000000 -0.000000 -8.610320 -5.345827 -1.147061 -18.715401 0.000000 -0.000000 -1.467480 -41.307808 -0.215582 110.543285 0.000000 -0.000000 -1.465900 -41.266689 -3.033068 37.335385 0.000000 0.000000 -1.194488 -7.224801 11.746427 -0.000003 -0.000000 0.000000 -0.749617 -1.684396 6.379956 0.000000 0.000000 0.000000 
0.000000 49.403900 -1.590447 -0.000000 0.000000 -0.000000 -0.000000 5.822940 0.122296 9.358336 0.170288 -0.038374 7.351123 0.196503 -0.108488 0.685261 -0.000000 0.000000 0.000000 25.104660 -1.532954 0.000001 -0.000000 0.000000 -0.000000 12.653521 1.544392 -0.915187 0.000000 -0.000000 -3.330329 3.459640 8.674038 0.000004 0.000003 0.000005 3.330327 3.459823 8.674036 0.000004 -0.000003 -0.000000 0.000000 -0.763535 1.289544 0.000005 -0.000001 -0.000000 -0.000000 6.326767 0.772197 0.000003 0.000000 0.000000 0.095713 19.149216 -0.872780 0.000001 -0.000001 0.000000 16.249262 -1.457223 -3.766124 -1.464718 -6.770258 -24.388869 0.000001 -0.000003 0.000005 0.000002 0.000000 0.000002 5.669899 -4.448125 3.162334 -0.000001 -0.000002 0.000006 -0.000000 0.000004 0.000000 0.000003 -0.000005 -0.000001 0.000001 0.000003 0.000003 4.894720 -4.487226 4.992385 0.000002 -0.000010 0.000001 -0.000002 0.000002 -0.000001 0.000002 -0.000006 0.000004 -0.000005 -0.000001 -0.000009 3.976712 -4.405059 6.377932 -0.000001 0.000001 -0.000000 0.000005 -0.000004 -0.000004 0.000002 -0.000005 -0.000001 -0.000002 0.000000 -0.000001 2.165854 -4.997850 7.896620 0.000001 0.000000 -0.000001 0.000002 0.000001 0.000001 0.000004 0.000003 -0.000004 0.000001 -0.000006 0.000001 -0.668809 -1.716154 3.232250 0.000001 0.000001 0.000001 -0.618823 -2.224026 1.556320 0.000003 0.000006 -0.000002 -1.139795 -3.541377 2.553546 0.000001 -0.000005 0.000002 -0.000001 0.000003 0.000002 -0.095715 19.149414 -0.872780 0.000004 0.000000 -0.000000 -16.249189 -1.456994 -3.766131 -5.337966 7.188642 25.645306 -18.689995 -21.492992 1.212280 -0.046447 -1.953366 0.760598 -9.161695 -14.015995 17.244192 -0.600383 -0.892694 0.906480 -5.669898 -4.447992 3.162402 -0.000005 0.000002 -0.000002 -1.150694 -3.013505 -0.086801 0.000001 -0.000003 0.000001 0.431389 -1.930583 -0.420896 0.000000 0.000003 0.000005 0.865002 -1.558794 -0.501397 0.000001 -0.000002 -0.000003 -4.894706 -4.487002 4.992410 0.000002 0.000011 -0.000001 -1.614399 -4.026494 0.464397 -0.000000 -0.000002 -0.000000 0.881400 -2.472404 -0.680001 -0.000001 0.000003 0.000003 0.983005 -1.727613 -0.664403 -0.000005 0.000004 0.000011 -3.976694 -4.405005 6.378009 -0.000004 0.000005 -0.000000 -1.576295 -4.640988 1.506195 0.000002 -0.000004 0.000004 0.565395 -2.735104 -0.446304 -0.000000 0.000000 0.000000 0.577900 -2.212803 -0.468591 0.000003 -0.000001 0.000004 -2.165803 -4.996993 7.896709 -0.000002 -0.000001 0.000001 -1.107002 -3.866792 1.244102 -0.000001 -0.000004 -0.000001 0.165889 -2.495189 -0.257403 0.000003 0.000003 -0.000001 0.419307 -2.359500 -0.559596 -0.000005 -0.000003 -0.000000 0.668802 -1.715993 3.232309 -0.000007 0.000003 -0.000003 0.618802 -2.224006 1.556289 0.000003 0.000000 -0.000003 1.139791 -3.541110 2.553512 0.000001 0.000009 0.000003 -0.589990 -2.627700 1.193708 -0.000003 -0.000002 0.000000 8.610315 -5.345805 -1.147063 -100.704173 -0.000644 -0.002208 108.558009 -0.001704 -0.003049 -6.724355 -0.000286 0.000296 1.194452 -7.224802 11.745975 -0.000003 -0.000001 0.000000 0.749603 -1.684399 6.380374 0.000002 0.000000 -0.000000 -8.610320 -5.345827 -1.147061 -18.715401 0.000000 -0.000000 -1.467480 -41.307808 -0.215582 110.543285 0.000000 -0.000000 -1.465900 -41.266689 -3.033068 37.335385 0.000000 0.000000 -1.194488 -7.224801 11.746427 -0.000003 -0.000000 0.000000 -0.749617 -1.684396 6.379956 0.000000 0.000000 0.000000 
0.000000 49.403900 -1.590447 -0.000000 0.000000 -0.000000 0.000000 5.822939 0.122296 9.470012 0.245405 -0.055552 7.535205 0.283011 -0.156842 0.987925 0.000000 -0.000000 0.000000 25.104675 -1.532956 -0.000001 -0.000000 0.000000 -0.000000 12.653524 1.544385 -1.319616 -0.000000 0.000000 -3.330329 3.459625 8.674037 -0.000000 0.000003 0.000005 3.330327 3.459808 8.674032 -0.000000 -0.000003 0.000000 0.000000 -0.763535 1.289536 0.000005 -0.000001 -0.000000 -0.000000 6.326767 0.772189 -0.000000 -0.000000 0.000000 0.095713 19.149200 -0.872781 -0.000001 0.000001 0.000000 16.249254 -1.457223 -3.766119 -1.464720 -6.770259 -24.388872 -0.000001 -0.000002 0.000002 0.000008 -0.000002 0.000004 5.669902 -4.448127 3.162336 -0.000001 0.000002 0.000005 -0.000001 0.000004 -0.000005 0.000003 -0.000003 0.000004 0.000001 0.000003 0.000001 4.894717 -4.487219 4.992386 -0.000000 -0.000003 -0.000002 -0.000002 0.000004 -0.000002 0.000004 -0.000008 0.000002 -0.000003 -0.000001 -0.000003 3.976707 -4.405072 6.377932 -0.000004 -0.000001 -0.000000 0.000006 -0.000004 -0.000005 -0.000002 -0.000006 -0.000005 0.000001 0.000000 -0.000001 2.165846 -4.997849 7.896615 -0.000002 0.000006 -0.000002 0.000001 0.000001 -0.000001 0.000002 0.000005 -0.000004 0.000004 -0.000002 -0.000001 -0.668815 -1.716151 3.232253 0.000002 0.000007 0.000005 -0.618831 -2.224034 1.556317 0.000003 0.000003 -0.000000 -1.139798 -3.541369 2.553550 0.000001 -0.000007 0.000006 -0.000001 0.000001 0.000002 -0.095715 19.149414 -0.872781 0.000001 -0.000002 0.000000 -16.249186 -1.456998 -3.766126 -7.059769 7.287258 25.915882 -18.689993 -21.492998 1.212285 -0.058773 -2.821463 1.098360 -9.161700 -14.015990 17.244190 -0.861677 -1.290857 1.304832 -5.669899 -4.447993 3.162399 -0.000002 -0.000001 -0.000003 -1.150696 -3.013505 -0.086803 -0.000000 -0.000003 0.000002 0.431398 -1.930588 -0.420898 0.000002 0.000003 0.000002 0.865011 -1.558805 -0.501395 0.000002 -0.000002 -0.000008 -4.894706 -4.487005 4.992403 0.000002 0.000006 0.000003 -1.614403 -4.026504 0.464399 -0.000000 -0.000006 0.000001 0.881413 -2.472408 -0.680004 0.000003 0.000004 -0.000004 0.983007 -1.727614 -0.664401 -0.000001 0.000011 0.000006 -3.976698 -4.405014 6.378002 -0.000003 -0.000000 0.000003 -1.576300 -4.640995 1.506206 0.000003 -0.000001 0.000003 0.565405 -2.735096 -0.446299 -0.000004 0.000006 -0.000002 0.577903 -2.212803 -0.468595 0.000001 -0.000003 0.000002 -2.165804 -4.996988 7.896700 -0.000001 -0.000011 0.000001 -1.106997 -3.866786 1.244097 0.000000 -0.000004 0.000002 0.165896 -2.495201 -0.257403 0.000002 -0.000003 0.000007 0.419299 -2.359504 -0.559606 -0.000000 -0.000005 0.000002 0.668798 -1.716001 3.232306 -0.000003 -0.000006 -0.000002 0.618809 -2.224002 1.556290 -0.000000 -0.000003 -0.000003 1.139798 -3.541110 2.553507 0.000001 0.000008 0.000003 -0.590001 -2.627698 1.193709 -0.000003 -0.000000 0.000000 8.610315 -5.345805 -1.147063 -100.704173 -0.000644 -0.002208 108.558009 -0.001704 -0.003049 -6.724355 -0.000286 0.000296 1.194452 -7.224802 11.745975 -0.000003 -0.000001 0.000000 0.749603 -1.684399 6.380374 0.000002 0.000000 -0.000000 -8.610320 -5.345827 -1.147061 -18.715401 0.000000 -0.000000 -1.467480 -41.307808 -0.215582 110.543285 0.000000 -0.000000 -1.465900 -41.266689 -3.033068 37.335385 0.000000 0.000000 -1.194488 -7.224801 11.746427 -0.000003 -0.000000 0.000000 -0.749617 -1.684396 6.379956 0.000000 0.000000 0.000000 
0.000000 49.403900 -1.590447 -0.000000 0.000000 -0.000000 -0.000000 5.822940 0.122296 9.601782 0.333977 -0.076006 7.752488 0.384875 -0.214249 1.345095 0.000000 -0.000000 0.000000 25.104645 -1.532955 0.000000 -0.000000 -0.000000 -0.000000 12.653506 1.544389 -1.797036 0.000000 -0.000000 -3.330329 3.459640 8.674038 -0.000000 0.000003 0.000005 3.330326 3.459824 8.674034 -0.000000 -0.000002 -0.000000 -0.000000 -0.763519 1.289543 0.000005 -0.000001 -0.000000 -0.000000 6.326767 0.772191 0.000002 -0.000000 -0.000000 0.095713 19.149231 -0.872778 -0.000001 0.000001 0.000000 16.249256 -1.457201 -3.766126 -1.464720 -6.770260 -24.388872 0.000001 -0.000003 0.000002 0.000008 -0.000004 0.000003 5.669895 -4.448126 3.162334 -0.000001 -0.000007 0.000004 0.000001 0.000004 -0.000005 0.000004 -0.000003 0.000006 0.000002 0.000002 0.000009 4.894715 -4.487238 4.992379 -0.000000 -0.000009 -0.000004 -0.000002 0.000005 -0.000006 0.000001 -0.000005 0.000000 -0.000004 -0.000002 -0.000009 3.976716 -4.405077 6.377933 -0.000005 -0.000003 -0.000005 0.000005 0.000000 0.000000 0.000006 -0.000007 0.000002 0.000001 -0.000002 -0.000007 2.165850 -4.997850 7.896621 -0.000005 0.000002 -0.000005 -0.000001 0.000009 -0.000004 0.000002 0.000002 0.000001 -0.000001 -0.000001 -0.000003 -0.668809 -1.716163 3.232249 -0.000003 0.000005 -0.000001 -0.618821 -2.224032 1.556314 0.000002 0.000003 -0.000001 -1.139797 -3.541370 2.553548 0.000006 -0.000006 0.000003 -0.000001 0.000002 -0.000002 -0.095715 19.149414 -0.872783 0.000001 -0.000000 -0.000000 -16.249187 -1.456996 -3.766129 -9.128137 7.394936 26.244601 -18.689989 -21.492998 1.212281 -0.066753 -3.849872 1.498626 -9.161713 -14.016001 17.244192 -1.166943 -1.763713 1.773324 -5.669899 -4.448003 3.162400 -0.000002 0.000000 -0.000002 -1.150697 -3.013503 -0.086803 -0.000003 -0.000003 0.000000 0.431393 -1.930592 -0.420897 -0.000001 0.000003 -0.000002 0.865001 -1.558802 -0.501398 -0.000003 -0.000005 -0.000005 -4.894710 -4.487020 4.992406 0.000004 0.000006 0.000003 -1.614401 -4.026494 0.464399 -0.000000 -0.000003 0.000003 0.881409 -2.472411 -0.680004 -0.000000 0.000003 -0.000004 0.983006 -1.727614 -0.664402 -0.000002 0.000007 0.000006 -3.976700 -4.405013 6.378005 -0.000001 0.000007 0.000001 -1.576297 -4.640993 1.506195 0.000003 -0.000004 0.000001 0.565403 -2.735108 -0.446308 -0.000001 -0.000002 0.000002 0.577896 -2.212809 -0.468594 0.000001 -0.000004 -0.000001 -2.165803 -4.996999 7.896706 0.000000 -0.000004 0.000004 -1.106999 -3.866786 1.244097 0.000001 -0.000001 -0.000000 0.165890 -2.495203 -0.257406 0.000002 -0.000000 0.000006 0.419306 -2.359510 -0.559607 -0.000001 -0.000002 -0.000004 0.668799 -1.716004 3.232309 -0.000003 -0.000005 -0.000004 0.618804 -2.223986 1.556294 -0.000005 -0.000001 0.000000 1.139797 -3.541101 2.553510 0.000002 0.000006 -0.000001 -0.589994 -2.627715 1.193706 -0.000001 -0.000002 -0.000004 8.610315 -5.345805 -1.147063 -100.704173 -0.000644 -0.002208 108.558009 -0.001704 -0.003049 -6.724355 -0.000286 0.000296 1.194452 -7.224802 11.745975 -0.000003 -0.000001 0.000000 0.749603 -1.684399 6.380374 0.000002 0.000000 -0.000000 -8.610320 -5.345827 -1.147061 -18.715401 0.000000 -0.000000 -1.467480 -41.307808 -0.215582 110.543285 0.000000 -0.000000 -1.465900 -41.266689 -3.033068 37.335385 0.000000 0.000000 -1.194488 -7.224801 11.746427 -0.000003 -0.000000 0.000000 -0.749617 -1.684396 6.379956 0.000000 0.000000 0.000000 
0.000000 49.403900 -1.590447 -0.000000 0.000000 -0.000000 0.000000 5.822934 0.122295 9.753276 0.435719 -0.099767 8.002385 0.501697 -0.280716 1.755764 -0.000000 0.000000 0.000000 25.104660 -1.532954 -0.000002 -0.000000 0.000000 -0.000000 12.653501 1.544390 -2.346181 -0.000000 -0.000000 -3.330329 3.459640 8.674036 -0.000001 0.000003 0.000005 3.330326 3.459824 8.674034 -0.000001 -0.000002 -0.000000 0.000000 -0.763550 1.289546 0.000002 -0.000001 -0.000000 0.000000 6.326752 0.772194 0.000001 -0.000000 0.000000 0.095713 19.149231 -0.872778 0.000001 0.000000 0.000000 16.249252 -1.457209 -3.766128 -1.464720 -6.770259 -24.388874 0.000002 -0.000001 0.000006 0.000006 -0.000003 0.000003 5.669897 -4.448131 3.162334 0.000001 -0.000005 0.000009 -0.000000 0.000003 -0.000003 0.000003 -0.000003 0.000004 -0.000000 0.000004 0.000001 4.894718 -4.487228 4.992381 0.000003 -0.000009 0.000005 -0.000001 0.000004 -0.000004 0.000003 -0.000008 0.000000 -0.000003 -0.000002 -0.000000 3.976710 -4.405063 6.377931 -0.000002 -0.000004 -0.000000 0.000003 -0.000007 -0.000007 0.000003 -0.000003 -0.000002 0.000002 -0.000004 -0.000007 2.165844 -4.997848 7.896615 -0.000000 -0.000001 -0.000000 -0.000001 0.000006 0.000000 0.000000 0.000002 -0.000000 -0.000000 -0.000001 -0.000003 -0.668812 -1.716164 3.232252 0.000001 0.000002 0.000007 -0.618818 -2.224038 1.556315 -0.000000 0.000003 -0.000003 -1.139789 -3.541369 2.553544 0.000001 -0.000006 0.000001 0.000001 0.000001 0.000002 -0.095716 19.149429 -0.872783 0.000005 -0.000001 0.000001 -16.249187 -1.456996 -3.766129 -11.554817 7.506108 26.634840 -18.689995 -21.492990 1.212280 -0.067006 -5.037419 1.961337 -9.161699 -14.015998 17.244190 -1.513804 -2.311307 2.309891 -5.669896 -4.448009 3.162399 -0.000004 0.000000 0.000001 -1.150691 -3.013502 -0.086807 -0.000003 -0.000005 -0.000004 0.431398 -1.930601 -0.420897 0.000000 0.000002 -0.000005 0.865002 -1.558802 -0.501397 0.000000 -0.000002 -0.000003 -4.894718 -4.487011 4.992405 -0.000000 0.000006 0.000009 -1.614386 -4.026500 0.464403 -0.000003 -0.000003 0.000003 0.881409 -2.472411 -0.680008 -0.000000 0.000004 -0.000004 0.983006 -1.727612 -0.664405 -0.000002 0.000009 0.000006 -3.976703 -4.405012 6.378003 -0.000004 0.000001 0.000008 -1.576298 -4.640991 1.506201 0.000004 -0.000004 -0.000003 0.565401 -2.735110 -0.446307 -0.000001 0.000005 0.000002 0.577901 -2.212801 -0.468597 0.000005 -0.000001 -0.000001 -2.165816 -4.996991 7.896702 -0.000004 -0.000011 0.000006 -1.107004 -3.866784 1.244104 -0.000001 -0.000006 -0.000003 0.165897 -2.495194 -0.257400 0.000004 0.000005 0.000004 0.419303 -2.359498 -0.559606 -0.000002 -0.000002 -0.000003 0.668787 -1.716004 3.232305 -0.000006 -0.000006 0.000004 0.618810 -2.224007 1.556300 -0.000005 -0.000002 -0.000003 1.139796 -3.541107 2.553506 0.000003 0.000010 -0.000002 -0.589993 -2.627716 1.193709 -0.000001 0.000003 -0.000001 8.610315 -5.345805 -1.147063 -100.704173 -0.000644 -0.002208 108.558009 -0.001704 -0.003049 -6.724355 -0.000286 0.000296 1.194452 -7.224802 11.745975 -0.000003 -0.000001 0.000000 0.749603 -1.684399 6.380374 0.000002 0.000000 -0.000000 -8.610320 -5.345827 -1.147061 -18.715401 0.000000 -0.000000 -1.467480 -41.307808 -0.215582 110.543285 0.000000 -0.000000 -1.465900 -41.266689 -3.033068 37.335385 0.000000 0.000000 -1.194488 -7.224801 11.746427 -0.000003 -0.000000 0.000000 -0.749617 -1.684396 6.379956 0.000000 0.000000 0.000000 
0.000000 49.403900 -1.590447 -0.000000 0.000000 -0.000000 0.000000 5.822936 0.122295 9.923959 0.550236 -0.126851 8.284054 0.632946 -0.356201 2.218498 0.000000 -0.000000 -0.000000 25.104675 -1.532950 0.000000 -0.000000 -0.000000 0.000000 12.653511 1.544394 -2.965184 0.000000 -0.000000 -3.330329 3.459625 8.674032 -0.000001 0.000002 0.000005 3.330327 3.459809 8.674036 -0.000001 -0.000002 0.000000 -0.000000 -0.763550 1.289543 0.000000 -0.000001 -0.000000 0.000000 6.326752 0.772198 0.000002 0.000000 0.000000 0.095713 19.149216 -0.872776 -0.000001 -0.000000 0.000001 16.249260 -1.457201 -3.766125 -1.464719 -6.770258 -24.388874 0.000003 -0.000003 0.000005 0.000005 0.000000 0.000002 5.669892 -4.448136 3.162327 -0.000001 -0.000003 0.000006 -0.000000 0.000005 -0.000001 0.000000 -0.000003 0.000000 -0.000002 0.000004 0.000003 4.894712 -4.487230 4.992375 -0.000001 -0.000008 -0.000000 -0.000004 0.000001 0.000001 0.000004 -0.000008 0.000001 -0.000002 -0.000004 -0.000005 3.976710 -4.405056 6.377925 0.000001 -0.000003 -0.000002 0.000007 -0.000008 -0.000003 -0.000001 -0.000007 0.000001 0.000001 0.000003 -0.000003 2.165848 -4.997842 7.896609 -0.000003 0.000002 -0.000002 -0.000001 0.000005 -0.000007 0.000001 -0.000000 -0.000005 0.000002 -0.000001 -0.000005 -0.668817 -1.716154 3.232247 0.000001 0.000003 0.000003 -0.618826 -2.224039 1.556316 0.000001 0.000006 -0.000002 -1.139793 -3.541371 2.553545 0.000005 -0.000006 0.000003 -0.000001 -0.000000 0.000004 -0.095715 19.149414 -0.872780 0.000005 -0.000000 -0.000000 -16.249184 -1.457009 -3.766131 -14.350504 7.613676 27.089666 -18.689993 -21.492994 1.212282 -0.055647 -6.381685 2.486277 -9.161711 -14.015996 17.244190 -1.899294 -2.933239 2.911789 -5.669895 -4.448016 3.162398 -0.000004 -0.000003 -0.000003 -1.150696 -3.013513 -0.086803 -0.000001 -0.000001 -0.000002 0.431391 -1.930602 -0.420896 0.000003 0.000004 0.000002 0.864995 -1.558800 -0.501396 -0.000001 -0.000006 -0.000001 -4.894711 -4.486996 4.992405 0.000002 0.000005 0.000001 -1.614396 -4.026504 0.464403 0.000000 -0.000006 -0.000001 0.881406 -2.472404 -0.680001 -0.000001 0.000003 -0.000000 0.983004 -1.727612 -0.664403 -0.000003 0.000008 0.000009 -3.976693 -4.405004 6.378002 -0.000002 0.000005 0.000001 -1.576294 -4.640985 1.506202 0.000007 -0.000002 0.000004 0.565410 -2.735106 -0.446305 -0.000003 0.000002 -0.000006 0.577901 -2.212794 -0.468597 0.000001 -0.000001 -0.000001 -2.165796 -4.996987 7.896702 0.000001 -0.000006 -0.000000 -1.106998 -3.866786 1.244097 0.000004 -0.000001 0.000002 0.165893 -2.495194 -0.257405 0.000004 -0.000002 0.000005 0.419299 -2.359491 -0.559600 -0.000000 -0.000001 -0.000002 0.668805 -1.716004 3.232306 -0.000001 -0.000000 0.000003 0.618810 -2.224001 1.556293 0.000000 0.000000 -0.000007 1.139796 -3.541108 2.553505 0.000005 0.000008 -0.000000 -0.590001 -2.627709 1.193706 -0.000000 0.000001 -0.000001 8.610315 -5.345805 -1.147063 -100.704173 -0.000644 -0.002208 108.558009 -0.001704 -0.003049 -6.724355 -0.000286 0.000296 1.194452 -7.224802 11.745975 -0.000003 -0.000001 0.000000 0.749603 -1.684399 6.380374 0.000002 0.000000 -0.000000 -8.610320 -5.345827 -1.147061 -18.715401 0.000000 -0.000000 -1.467480 -41.307808 -0.215582 110.543285 0.000000 -0.000000 -1.465900 -41.266689 -3.033068 37.335385 0.000000 0.000000 -1.194488 -7.224801 11.746427 -0.000003 -0.000000 0.000000 -0.749617 -1.684396 6.379956 0.000000 0.000000 0.000000 
0.000000 49.403900 -1.590447 -0.000000 0.000000 -0.000000 0.000000 5.822935 0.122295 10.113124 0.677016 -0.157257 8.596373 0.777942 -0.440597 2.731378 0.000000 0.000000 0.000000 25.104645 -1.532954 -0.000000 0.000000 -0.000000 0.000000 12.653500 1.544384 -3.651572 0.000000 0.000000 -3.330330 3.459625 8.674029 0.000002 0.000003 0.000005 3.330326 3.459808 8.674028 0.000002 -0.000002 0.000000 -0.000000 -0.763550 1.289538 0.000002 -0.000001 -0.000000 0.000000 6.326752 0.772190 -0.000000 0.000000 -0.000000 0.095713 19.149200 -0.872779 -0.000001 0.000001 0.000000 16.249258 -1.457224 -3.766126 -1.464720 -6.770256 -24.388876 0.000001 0.000001 0.000002 0.000004 -0.000002 0.000004 5.669904 -4.448117 3.162333 0.000001 -0.000002 0.000006 -0.000001 0.000006 -0.000000 0.000003 -0.000008 0.000003 -0.000003 0.000003 0.000004 4.894717 -4.487222 4.992379 0.000003 -0.000006 0.000001 -0.000003 0.000000 -0.000002 0.000001 -0.000007 0.000006 -0.000001 -0.000002 -0.000005 3.976714 -4.405046 6.377931 -0.000001 -0.000001 -0.000002 0.000004 -0.000006 -0.000006 0.000002 -0.000004 0.000005 0.000003 0.000000 0.000001 2.165850 -4.997849 7.896612 -0.000000 0.000007 -0.000000 -0.000000 0.000007 -0.000003 0.000006 0.000002 -0.000000 0.000003 -0.000003 -0.000003 -0.668815 -1.716147 3.232251 -0.000001 0.000005 0.000003 -0.618815 -2.224029 1.556316 -0.000001 0.000003 -0.000003 -1.139794 -3.541368 2.553549 0.000002 -0.000006 0.000002 -0.000003 0.000001 -0.000000 -0.095716 19.149414 -0.872780 0.000001 0.000001 0.000000 -16.249199 -1.456996 -3.766134 -17.523673 7.708905 27.611455 -18.689995 -21.492996 1.212282 -0.028327 -7.878729 3.073104 -9.161702 -14.015999 17.244184 -2.319913 -3.628488 3.575628 -5.669892 -4.447990 3.162400 -0.000004 -0.000001 0.000003 -1.150691 -3.013500 -0.086797 0.000000 -0.000000 -0.000000 0.431400 -1.930591 -0.420896 0.000003 0.000003 -0.000002 0.865000 -1.558794 -0.501398 0.000001 -0.000001 -0.000006 -4.894714 -4.487000 4.992405 -0.000001 0.000007 0.000001 -1.614393 -4.026494 0.464401 -0.000001 -0.000006 0.000005 0.881407 -2.472414 -0.679993 -0.000003 0.000003 -0.000005 0.983008 -1.727614 -0.664396 -0.000002 0.000007 0.000004 -3.976703 -4.405003 6.378006 -0.000006 -0.000000 0.000002 -1.576301 -4.640991 1.506203 0.000000 -0.000004 0.000006 0.565402 -2.735106 -0.446308 -0.000003 0.000003 0.000005 0.577900 -2.212798 -0.468592 0.000001 0.000001 0.000002 -2.165803 -4.996993 7.896709 0.000002 -0.000004 0.000004 -1.107000 -3.866786 1.244101 0.000000 -0.000001 -0.000001 0.165893 -2.495194 -0.257406 0.000003 0.000004 0.000001 0.419298 -2.359496 -0.559605 -0.000004 -0.000004 -0.000002 0.668796 -1.715988 3.232312 -0.000001 -0.000001 -0.000002 0.618804 -2.224008 1.556293 0.000000 -0.000002 -0.000006 1.139803 -3.541108 2.553511 0.000002 0.000007 -0.000002 -0.589999 -2.627713 1.193701 0.000001 -0.000000 0.000001 8.610315 -5.345805 -1.147063 -100.704173 -0.000644 -0.002208 108.558009 -0.001704 -0.003049 -6.724355 -0.000286 0.000296 1.194452 -7.224802 11.745975 -0.000003 -0.000001 0.000000 0.749603 -1.684399 6.380374 0.000002 0.000000 -0.000000 -8.610320 -5.345827 -1.147061 -18.715401 0.000000 -0.000000 -1.467480 -41.307808 -0.215582 110.543285 0.000000 -0.000000 -1.465900 -41.266689 -3.033068 37.335385 0.000000 0.000000 -1.194488 -7.224801 11.746427 -0.000003 -0.000000 0.000000 -0.749617 -1.684396 6.379956 0.000000 0.000000 0.000000 
0.000000 49.403900 -1.590447 -0.000000 0.000000 -0.000000 0.000000 5.822937 0.122294 10.319885 0.815414 -0.190956 8.937910 0.935855 -0.533726 3.291976 -0.000000 0.000000 -0.000000 25.104675 -1.532955 -0.000002 0.000000 -0.000000 0.000000 12.653522 1.544393 -4.402145 0.000000 -0.000000 -3.330330 3.459640 8.674039 -0.000001 0.000003 0.000005 3.330326 3.459824 8.674037 -0.000001 -0.000002 0.000000 -0.000000 -0.763519 1.289539 0.000003 -0.000001 -0.000000 -0.000000 6.326767 0.772196 -0.000000 0.000000 -0.000000 0.095713 19.149216 -0.872779 -0.000001 -0.000000 0.000000 16.249258 -1.457208 -3.766126 -1.464720 -6.770259 -24.388877 0.000000 -0.000003 0.000003 0.000003 -0.000003 0.000004 5.669906 -4.448136 3.162332 0.000002 -0.000007 0.000004 0.000000 0.000001 0.000003 0.000004 -0.000003 0.000002 -0.000000 0.000001 0.000006 4.894715 -4.487236 4.992383 0.000001 -0.000007 -0.000004 -0.000003 0.000005 -0.000004 0.000003 -0.000005 0.000006 -0.000006 -0.000004 -0.000007 3.976715 -4.405077 6.377928 -0.000002 -0.000006 -0.000005 0.000008 -0.000004 -0.000005 0.000001 -0.000001 -0.000002 0.000001 0.000002 -0.000001 2.165856 -4.997857 7.896615 0.000003 -0.000003 -0.000001 -0.000001 0.000003 -0.000001 0.000001 0.000003 0.000002 0.000003 -0.000004 0.000001 -0.668810 -1.716158 3.232251 0.000004 0.000005 -0.000003 -0.618822 -2.224042 1.556317 0.000000 0.000004 -0.000000 -1.139792 -3.541354 2.553548 0.000004 -0.000003 0.000003 -0.000001 0.000005 -0.000000 -0.095715 19.149414 -0.872783 0.000003 -0.000001 0.000001 -16.249187 -1.457005 -3.766123 -21.079007 7.781394 28.201240 -18.690001 -21.493004 1.212286 0.019732 -9.522880 3.721302 -9.161704 -14.015996 17.244190 -2.771626 -4.395324 4.297333 -5.669894 -4.448003 3.162403 0.000002 0.000000 -0.000003 -1.150698 -3.013507 -0.086804 -0.000003 -0.000005 -0.000002 0.431397 -1.930596 -0.420897 0.000001 0.000004 0.000000 0.865004 -1.558800 -0.501396 0.000000 -0.000004 -0.000004 -4.894711 -4.487007 4.992408 0.000005 0.000007 0.000006 -1.614399 -4.026495 0.464399 -0.000001 -0.000005 0.000001 0.881415 -2.472406 -0.680006 -0.000000 0.000004 -0.000006 0.983009 -1.727614 -0.664403 -0.000001 0.000008 -0.000001 -3.976696 -4.404999 6.378004 0.000004 0.000003 -0.000004 -1.576298 -4.640990 1.506199 0.000002 -0.000004 0.000004 0.565402 -2.735100 -0.446301 -0.000002 0.000003 0.000004 0.577895 -2.212804 -0.468597 0.000001 -0.000000 -0.000002 -2.165800 -4.996999 7.896707 -0.000000 -0.000006 0.000004 -1.106999 -3.866787 1.244100 0.000002 0.000006 0.000002 0.165889 -2.495190 -0.257401 0.000005 0.000003 0.000001 0.419298 -2.359501 -0.559602 -0.000000 -0.000005 0.000002 0.668799 -1.716006 3.232308 0.000004 -0.000003 0.000003 0.618806 -2.223997 1.556290 -0.000004 -0.000003 0.000001 1.139797 -3.541109 2.553510 -0.000000 0.000007 0.000002 -0.589996 -2.627699 1.193703 -0.000003 0.000003 -0.000002 8.610315 -5.345805 -1.147063 -100.704173 -0.000644 -0.002208 108.558009 -0.001704 -0.003049 -6.724355 -0.000286 0.000296 1.194452 -7.224802 11.745975 -0.000003 -0.000001 0.000000 0.749603 -1.684399 6.380374 0.000002 0.000000 -0.000000 -8.610320 -5.345827 -1.147061 -18.715401 0.000000 -0.000000 -1.467480 -41.307808 -0.215582 110.543285 0.000000 -0.000000 -1.465900 -41.266689 -3.033068 37.335385 0.000000 0.000000 -1.194488 -7.224801 11.746427 -0.000003 -0.000000 0.000000 -0.749617 -1.684396 6.379956 0.000000 0.000000 0.000000 
0.000000 49.403900 -1.590447 -0.000000 0.000000 -0.000000 -0.000000 5.822937 0.122295 10.543151 0.964659 -0.227892 9.306911 1.105698 -0.635319 3.897324 0.000000 0.000000 -0.000000 25.104675 -1.532959 0.000000 0.000000 -0.000000 -0.000000 12.653502 1.544393 -5.212989 0.000000 -0.000000 -3.330329 3.459640 8.674035 0.000001 0.000002 0.000005 3.330326 3.459824 8.674033 0.000001 -0.000003 0.000000 -0.000000 -0.763519 1.289536 0.000005 -0.000001 -0.000000 -0.000000 6.326767 0.772196 -0.000003 0.000000 -0.000000 0.095713 19.149216 -0.872781 -0.000000 0.000002 0.000000 16.249258 -1.457201 -3.766128 -1.464719 -6.770261 -24.388874 0.000001 -0.000004 0.000003 0.000009 -0.000001 0.000006 5.669906 -4.448120 3.162334 -0.000002 -0.000001 0.000005 0.000001 0.000001 -0.000003 -0.000003 -0.000003 -0.000003 -0.000001 0.000005 -0.000001 4.894723 -4.487219 4.992387 -0.000002 -0.000009 -0.000000 -0.000001 0.000005 -0.000000 0.000003 -0.000006 0.000001 -0.000004 0.000001 -0.000002 3.976711 -4.405060 6.377931 -0.000010 0.000002 -0.000004 0.000004 -0.000005 -0.000007 -0.000002 -0.000002 0.000001 0.000006 0.000000 0.000000 2.165852 -4.997839 7.896616 -0.000002 0.000007 -0.000005 0.000001 0.000004 -0.000005 0.000000 0.000006 -0.000002 0.000003 -0.000002 -0.000002 -0.668810 -1.716155 3.232252 -0.000000 0.000005 -0.000003 -0.618819 -2.224045 1.556318 0.000002 0.000002 -0.000005 -1.139794 -3.541377 2.553543 0.000001 -0.000009 0.000003 -0.000001 0.000004 -0.000001 -0.095715 19.149414 -0.872784 0.000001 -0.000000 0.000001 -16.249182 -1.457011 -3.766130 -25.015728 7.819195 28.858062 -18.690002 -21.493011 1.212282 0.093630 -11.306471 4.430253 -9.161700 -14.015996 17.244198 -3.249905 -5.231199 5.072139 -5.669888 -4.448012 3.162399 -0.000002 0.000000 -0.000004 -1.150689 -3.013497 -0.086805 -0.000002 -0.000004 0.000002 0.431397 -1.930600 -0.420896 0.000003 0.000003 -0.000000 0.865005 -1.558796 -0.501398 -0.000000 -0.000003 -0.000004 -4.894700 -4.487005 4.992408 0.000002 0.000010 -0.000002 -1.614391 -4.026507 0.464403 -0.000001 -0.000006 0.000001 0.881415 -2.472408 -0.680002 0.000003 0.000009 -0.000009 0.983006 -1.727612 -0.664404 -0.000001 0.000007 0.000006 -3.976690 -4.405008 6.378003 -0.000000 0.000007 -0.000002 -1.576300 -4.640995 1.506191 0.000004 -0.000004 -0.000002 0.565403 -2.735095 -0.446305 -0.000002 0.000004 -0.000006 0.577892 -2.212800 -0.468595 -0.000001 -0.000006 -0.000001 -2.165795 -4.997007 7.896707 -0.000001 -0.000004 0.000004 -1.107001 -3.866786 1.244103 0.000002 0.000003 0.000002 0.165894 -2.495195 -0.257397 0.000003 0.000003 0.000000 0.419300 -2.359507 -0.559599 0.000000 -0.000007 0.000003 0.668802 -1.716002 3.232304 -0.000004 -0.000001 -0.000001 0.618807 -2.224001 1.556295 0.000000 -0.000003 0.000000 1.139803 -3.541116 2.553506 -0.000000 0.000007 0.000003 -0.589998 -2.627701 1.193705 0.000001 0.000004 -0.000000 8.610315 -5.345805 -1.147063 -100.704173 -0.000644 -0.002208 108.558009 -0.001704 -0.003049 -6.724355 -0.000286 0.000296 1.194452 -7.224802 11.745975 -0.000003 -0.000001 0.000000 0.749603 -1.684399 6.380374 0.000002 0.000000 -0.000000 -8.610320 -5.345827 -1.147061 -18.715401 0.000000 -0.000000 -1.467480 -41.307808 -0.215582 110.543285 0.000000 -0.000000 -1.465900 -41.266689 -3.033068 37.335385 0.000000 0.000000 -1.194488 -7.224801 11.746427 -0.000003 -0.000000 0.000000 -0.749617 -1.684396 6.379956 0.000000 0.000000 0.000000 
0.000000 49.403900 -1.590447 -0.000000 0.000000 -0.000000 0.000000 5.822938 0.122295 10.781641 1.123839 -0.267970 9.701292 1.286331 -0.745014 4.543898 -0.000000 -0.000000 -0.000000 25.104675 -1.532953 0.000002 0.000000 0.000000 -0.000000 12.653523 1.544386 -6.079406 -0.000000 -0.000000 -3.330330 3.459656 8.674036 -0.000002 0.000003 0.000005 3.330327 3.459839 8.674034 -0.000002 -0.000003 0.000000 -0.000000 -0.763519 1.289537 0.000003 -0.000001 0.000000 -0.000000 6.326736 0.772193 0.000003 0.000000 -0.000000 0.095712 19.149231 -0.872777 0.000000 0.000000 0.000000 16.249256 -1.457201 -3.766122 -1.464720 -6.770259 -24.388876 0.000001 -0.000000 -0.000001 0.000008 0.000002 0.000004 5.669905 -4.448127 3.162332 0.000001 -0.000001 0.000003 -0.000001 0.000004 0.000001 -0.000000 -0.000003 -0.000001 0.000002 0.000002 0.000003 4.894715 -4.487236 4.992381 0.000001 -0.000005 -0.000001 -0.000002 0.000005 -0.000007 0.000003 -0.000008 -0.000003 -0.000001 0.000000 -0.000003 3.976715 -4.405071 6.377930 0.000000 0.000000 -0.000002 0.000006 -0.000004 -0.000004 0.000001 -0.000005 -0.000001 0.000004 0.000000 0.000000 2.165852 -4.997853 7.896616 0.000004 0.000006 -0.000004 -0.000002 0.000007 -0.000003 0.000003 0.000001 -0.000003 -0.000000 -0.000002 -0.000002 -0.668813 -1.716155 3.232247 0.000003 0.000005 -0.000003 -0.618827 -2.224034 1.556314 0.000003 0.000002 -0.000000 -1.139794 -3.541368 2.553546 0.000003 -0.000002 -0.000000 -0.000001 0.000006 -0.000000 -0.095715 19.149414 -0.872781 0.000002 -0.000000 0.000001 -16.249193 -1.456996 -3.766129 -29.325605 7.809242 29.578220 -18.689985 -21.493002 1.212284 0.198718 -13.219691 5.199182 -9.161709 -14.015992 17.244190 -3.749807 -6.132593 5.894632 -5.669897 -4.447997 3.162394 -0.000002 -0.000003 0.000002 -1.150700 -3.013504 -0.086803 -0.000000 -0.000002 0.000004 0.431400 -1.930601 -0.420900 0.000003 0.000003 -0.000001 0.864995 -1.558806 -0.501393 -0.000000 -0.000002 -0.000001 -4.894710 -4.487015 4.992401 0.000005 0.000006 0.000003 -1.614393 -4.026500 0.464397 -0.000003 -0.000007 0.000004 0.881403 -2.472396 -0.680002 -0.000002 0.000006 -0.000002 0.983009 -1.727610 -0.664407 -0.000001 0.000003 0.000006 -3.976704 -4.405014 6.378000 -0.000002 0.000001 0.000007 -1.576298 -4.640998 1.506197 0.000005 -0.000003 -0.000000 0.565402 -2.735108 -0.446302 -0.000001 0.000006 -0.000000 0.577902 -2.212801 -0.468591 -0.000000 -0.000001 0.000001 -2.165814 -4.997008 7.896702 -0.000002 -0.000006 0.000006 -1.107000 -3.866794 1.244101 0.000002 -0.000001 0.000003 0.165894 -2.495188 -0.257399 0.000003 0.000001 0.000002 0.419294 -2.359505 -0.559597 0.000000 -0.000008 0.000007 0.668788 -1.716001 3.232301 -0.000003 -0.000002 -0.000002 0.618794 -2.223995 1.556297 -0.000002 -0.000003 0.000001 1.139800 -3.541110 2.553507 -0.000001 0.000003 -0.000003 -0.589999 -2.627702 1.193711 0.000001 0.000004 0.000000 8.610315 -5.345805 -1.147063 -100.704173 -0.000644 -0.002208 108.558009 -0.001704 -0.003049 -6.724355 -0.000286 0.000296 1.194452 -7.224802 11.745975 -0.000003 -0.000001 0.000000 0.749603 -1.684399 6.380374 0.000002 0.000000 -0.000000 -8.610320 -5.345827 -1.147061 -18.715401 0.000000 -0.000000 -1.467480 -41.307808 -0.215582 110.543285 0.000000 -0.000000 -1.465900 -41.266689 -3.033068 37.335385 0.000000 0.000000 -1.194488 -7.224801 11.746427 -0.000003 -0.000000 0.000000 -0.749617 -1.684396 6.379956 0.000000 0.000000 0.000000 
0.000000 49.403900 -1.590447 -0.000000 0.000000 -0.000000 0.000000 5.822934 0.122295 11.033868 1.291914 -0.311056 10.118626 1.476464 -0.862339 5.227614 -0.000000 0.000000 -0.000000 25.104675 -1.532955 -0.000000 -0.000000 -0.000000 0.000000 12.653520 1.544386 -6.995966 0.000000 -0.000000 -3.330329 3.459625 8.674038 0.000001 0.000002 0.000005 3.330326 3.459824 8.674036 0.000001 -0.000003 0.000000 0.000000 -0.763535 1.289545 0.000009 -0.000001 -0.000000 0.000000 6.326767 0.772192 -0.000002 -0.000000 -0.000000 0.095713 19.149231 -0.872777 -0.000002 0.000000 0.000000 16.249262 -1.457201 -3.766122 -1.464720 -6.770256 -24.388869 0.000001 -0.000004 0.000003 0.000002 0.000001 0.000001 5.669902 -4.448133 3.162336 0.000003 0.000000 0.000003 -0.000002 0.000004 -0.000001 0.000000 -0.000002 -0.000001 0.000001 0.000004 0.000006 4.894720 -4.487228 4.992386 0.000004 -0.000006 -0.000000 -0.000002 0.000002 -0.000004 0.000003 -0.000003 0.000001 -0.000001 -0.000004 -0.000007 3.976716 -4.405080 6.377933 -0.000002 0.000001 -0.000000 0.000004 -0.000007 -0.000007 0.000001 -0.000001 0.000001 0.000002 -0.000000 0.000002 2.165852 -4.997864 7.896616 0.000004 0.000009 -0.000003 -0.000004 0.000003 -0.000004 0.000000 -0.000001 -0.000005 0.000002 -0.000003 0.000002 -0.668806 -1.716161 3.232250 0.000005 0.000008 0.000004 -0.618818 -2.224028 1.556317 0.000004 0.000000 -0.000003 -1.139791 -3.541383 2.553542 0.000000 -0.000009 0.000002 0.000000 0.000005 -0.000002 -0.095715 19.149414 -0.872778 0.000003 -0.000000 0.000001 -16.249186 -1.456988 -3.766130 -33.991157 7.738060 30.354628 -18.689989 -21.492994 1.212277 0.340483 -15.250436 6.027193 -9.161706 -14.015991 17.244200 -4.266022 -7.095020 6.758792 -5.669893 -4.448014 3.162394 -0.000007 0.000000 -0.000005 -1.150697 -3.013515 -0.086801 -0.000003 -0.000002 0.000004 0.431403 -1.930585 -0.420901 0.000004 0.000003 -0.000003 0.865000 -1.558802 -0.501393 -0.000000 -0.000003 -0.000006 -4.894714 -4.487000 4.992405 -0.000002 0.000012 -0.000000 -1.614400 -4.026494 0.464401 0.000002 -0.000006 -0.000000 0.881412 -2.472411 -0.680002 -0.000002 0.000006 -0.000005 0.983014 -1.727608 -0.664402 0.000001 0.000005 0.000001 -3.976700 -4.405008 6.378003 -0.000004 0.000006 0.000001 -1.576299 -4.640992 1.506192 0.000004 0.000004 0.000001 0.565395 -2.735116 -0.446304 -0.000003 -0.000001 0.000005 0.577906 -2.212807 -0.468595 -0.000000 -0.000003 0.000002 -2.165804 -4.997003 7.896703 -0.000005 -0.000004 0.000007 -1.107003 -3.866794 1.244095 0.000000 -0.000001 0.000000 0.165886 -2.495194 -0.257395 0.000002 -0.000003 0.000004 0.419305 -2.359504 -0.559604 -0.000002 0.000000 0.000002 0.668802 -1.716003 3.232301 -0.000007 -0.000001 -0.000001 0.618805 -2.224000 1.556290 0.000003 -0.000001 -0.000000 1.139805 -3.541086 2.553501 -0.000001 0.000008 -0.000005 -0.589997 -2.627699 1.193707 -0.000000 0.000001 0.000003 8.610315 -5.345805 -1.147063 -100.704173 -0.000644 -0.002208 108.558009 -0.001704 -0.003049 -6.724355 -0.000286 0.000296 1.194452 -7.224802 11.745975 -0.000003 -0.000001 0.000000 0.749603 -1.684399 6.380374 0.000002 0.000000 -0.000000 -8.610320 -5.345827 -1.147061 -18.715401 0.000000 -0.000000 -1.467480 -41.307808 -0.215582 110.543285 0.000000 -0.000000 -1.465900 -41.266689 -3.033068 37.335385 0.000000 0.000000 -1.194488 -7.224801 11.746427 -0.000003 -0.000000 0.000000 -0.749617 -1.684396 6.379956 0.000000 0.000000 0.000000 
0.000000 49.403900 -1.590447 -0.000000 0.000000 -0.000000 0.000000 5.822940 0.122295 11.298151 1.467716 -0.356971 10.556162 1.674672 -0.986709 5.943854 0.000000 -0.000000 -0.000000 25.104675 -1.532959 0.000004 0.000000 -0.000000 -0.000000 12.653492 1.544388 -7.956463 -0.000000 -0.000000 -3.330330 3.459641 8.674039 -0.000002 0.000003 0.000005 3.330327 3.459824 8.674036 -0.000002 -0.000003 0.000000 -0.000000 -0.763550 1.289548 -0.000002 -0.000001 -0.000000 -0.000000 6.326721 0.772190 0.000002 0.000000 0.000000 0.095713 19.149231 -0.872781 -0.000001 -0.000001 0.000000 16.249256 -1.457202 -3.766124 -1.464723 -6.770259 -24.388872 0.000004 0.000000 0.000001 0.000005 -0.000001 0.000004 5.669901 -4.448125 3.162339 -0.000004 -0.000003 0.000004 0.000002 0.000009 -0.000000 0.000006 -0.000004 0.000000 -0.000001 0.000003 0.000006 4.894719 -4.487224 4.992391 -0.000004 -0.000005 -0.000003 -0.000005 0.000004 -0.000002 0.000001 -0.000003 0.000006 -0.000008 -0.000004 -0.000004 3.976712 -4.405073 6.377932 -0.000002 0.000003 -0.000000 0.000004 0.000001 -0.000007 0.000001 -0.000003 0.000001 0.000003 0.000002 0.000000 2.165848 -4.997840 7.896618 -0.000001 0.000004 -0.000002 -0.000003 0.000009 -0.000004 0.000005 0.000001 -0.000002 0.000001 0.000002 -0.000002 -0.668810 -1.716159 3.232253 0.000003 0.000004 0.000002 -0.618818 -2.224035 1.556317 0.000002 0.000001 -0.000005 -1.139801 -3.541377 2.553547 0.000004 -0.000004 0.000003 -0.000001 0.000003 0.000001 -0.095715 19.149414 -0.872781 0.000001 -0.000000 0.000000 -16.249174 -1.457013 -3.766137 -38.984005 7.592778 31.176313 -18.690002 -21.492996 1.212283 0.524372 -17.384297 6.913241 -9.161698 -14.016003 17.244194 -4.793038 -8.112911 7.658082 -5.669892 -4.447999 3.162399 -0.000004 -0.000001 0.000003 -1.150691 -3.013505 -0.086802 -0.000004 -0.000003 -0.000003 0.431389 -1.930582 -0.420899 0.000004 0.000002 0.000000 0.864998 -1.558800 -0.501403 -0.000000 -0.000003 -0.000003 -4.894719 -4.487003 4.992406 0.000001 0.000007 0.000006 -1.614395 -4.026502 0.464395 -0.000001 -0.000006 0.000001 0.881410 -2.472413 -0.679999 0.000003 0.000003 -0.000002 0.983005 -1.727620 -0.664410 -0.000002 0.000006 -0.000001 -3.976708 -4.405010 6.378002 -0.000002 0.000002 0.000005 -1.576295 -4.640996 1.506200 0.000005 -0.000003 -0.000000 0.565396 -2.735109 -0.446298 0.000001 0.000001 0.000005 0.577907 -2.212807 -0.468590 0.000002 -0.000002 -0.000004 -2.165806 -4.996990 7.896700 -0.000003 -0.000006 0.000006 -1.106995 -3.866787 1.244097 -0.000001 -0.000006 -0.000001 0.165897 -2.495198 -0.257403 0.000008 -0.000000 0.000000 0.419299 -2.359496 -0.559598 -0.000001 -0.000001 0.000008 0.668798 -1.715996 3.232304 -0.000001 -0.000001 0.000005 0.618810 -2.224002 1.556293 0.000002 -0.000001 -0.000001 1.139802 -3.541105 2.553507 0.000002 0.000006 -0.000002 -0.589987 -2.627686 1.193709 -0.000006 0.000002 0.000006 8.610315 -5.345805 -1.147063 -100.704173 -0.000644 -0.002208 108.558009 -0.001704 -0.003049 -6.724355 -0.000286 0.000296 1.194452 -7.224802 11.745975 -0.000003 -0.000001 0.000000 0.749603 -1.684399 6.380374 0.000002 0.000000 -0.000000 -8.610320 -5.345827 -1.147061 -18.715401 0.000000 -0.000000 -1.467480 -41.307808 -0.215582 110.543285 0.000000 -0.000000 -1.465900 -41.266689 -3.033068 37.335385 0.000000 0.000000 -1.194488 -7.224801 11.746427 -0.000003 -0.000000 0.000000 -0.749617 -1.684396 6.379956 0.000000 0.000000 0.000000 
0.000000 49.403900 -1.590447 -0.000000 0.000000 -0.000000 0.000000 5.822939 0.122294 11.572628 1.649958 -0.405489 11.010846 1.879408 -1.117421 6.687477 -0.000000 -0.000000 -0.000000 25.104675 -1.532958 0.000002 0.000000 0.000000 -0.000000 12.653506 1.544394 -8.953994 -0.000000 0.000000 -3.330329 3.459656 8.674036 -0.000002 0.000003 0.000005 3.330326 3.459839 8.674035 -0.000002 -0.000002 -0.000000 -0.000000 -0.763535 1.289545 0.000005 -0.000001 -0.000000 -0.000000 6.326767 0.772197 0.000002 0.000000 0.000000 0.095713 19.149216 -0.872779 -0.000000 0.000002 -0.000000 16.249256 -1.457208 -3.766125 -1.464716 -6.770261 -24.388872 0.000002 0.000003 0.000002 0.000006 0.000000 0.000000 5.669895 -4.448123 3.162338 -0.000000 -0.000007 0.000006 0.000002 0.000006 0.000001 0.000004 -0.000004 -0.000005 0.000001 0.000009 0.000005 4.894720 -4.487235 4.992386 -0.000003 -0.000007 -0.000002 -0.000004 0.000003 -0.000006 0.000003 -0.000001 0.000001 -0.000002 -0.000004 0.000001 3.976719 -4.405065 6.377935 -0.000001 -0.000006 -0.000005 0.000006 -0.000010 -0.000002 -0.000002 -0.000005 0.000001 0.000002 -0.000000 -0.000000 2.165855 -4.997849 7.896612 0.000002 0.000003 0.000001 -0.000005 0.000004 -0.000006 0.000000 -0.000003 -0.000002 -0.000000 -0.000001 0.000003 -0.668805 -1.716159 3.232256 -0.000005 0.000007 0.000002 -0.618826 -2.224056 1.556321 -0.000001 0.000008 -0.000004 -1.139795 -3.541371 2.553556 0.000005 -0.000004 -0.000000 -0.000003 0.000002 0.000002 -0.095716 19.149414 -0.872781 0.000000 0.000001 0.000001 -16.249193 -1.457005 -3.766115 -44.263843 7.362450 32.028280 -18.689997 -21.493002 1.212282 0.755673 -19.604607 7.856068 -9.161714 -14.015991 17.244188 -5.325220 -9.179642 8.585482 -5.669898 -4.448008 3.162397 -0.000003 0.000000 -0.000003 -1.150687 -3.013516 -0.086798 -0.000004 -0.000003 0.000001 0.431397 -1.930596 -0.420896 0.000002 0.000003 -0.000000 0.865004 -1.558799 -0.501397 -0.000001 -0.000003 -0.000004 -4.894717 -4.487017 4.992404 0.000001 0.000006 0.000003 -1.614397 -4.026507 0.464396 -0.000002 -0.000003 0.000003 0.881405 -2.472406 -0.680004 0.000002 0.000000 -0.000002 0.983015 -1.727612 -0.664405 -0.000002 0.000009 0.000001 -3.976707 -4.405003 6.378006 -0.000001 -0.000000 0.000002 -1.576295 -4.640991 1.506195 0.000003 -0.000005 0.000002 0.565401 -2.735104 -0.446297 -0.000000 0.000002 -0.000000 0.577904 -2.212810 -0.468583 0.000006 -0.000001 -0.000005 -2.165813 -4.996990 7.896700 -0.000002 -0.000011 0.000004 -1.107001 -3.866787 1.244094 0.000002 -0.000001 0.000001 0.165904 -2.495183 -0.257399 0.000007 -0.000002 -0.000002 0.419308 -2.359503 -0.559603 -0.000001 -0.000002 0.000004 0.668796 -1.716004 3.232304 -0.000003 -0.000003 0.000004 0.618802 -2.224014 1.556288 0.000001 -0.000000 0.000002 1.139796 -3.541095 2.553510 0.000004 0.000009 -0.000000 -0.589991 -2.627702 1.193709 -0.000002 0.000004 -0.000002 8.610315 -5.345805 -1.147063 -100.704173 -0.000644 -0.002208 108.558009 -0.001704 -0.003049 -6.724355 -0.000286 0.000296 1.194452 -7.224802 11.745975 -0.000003 -0.000001 0.000000 0.749603 -1.684399 6.380374 0.000002 0.000000 -0.000000 -8.610320 -5.345827 -1.147061 -18.715401 0.000000 -0.000000 -1.467480 -41.307808 -0.215582 110.543285 0.000000 -0.000000 -1.465900 -41.266689 -3.033068 37.335385 0.000000 0.000000 -1.194488 -7.224801 11.746427 -0.000003 -0.000000 0.000000 -0.749617 -1.684396 6.379956 0.000000 0.000000 0.000000 
0.000000 49.403900 -1.590447 -0.000000 0.000000 -0.000000 -0.000000 5.822941 0.122295 11.855276 1.837255 -0.456334 11.479334 2.089025 -1.253655 7.452920 -0.000000 0.000000 0.000000 25.104660 -1.532966 -0.000002 -0.000000 0.000001 0.000000 12.653507 1.544382 -9.981048 -0.000000 0.000000 -3.330329 3.459625 8.674036 -0.000002 0.000002 0.000005 3.330327 3.459793 8.674041 -0.000002 -0.000003 0.000000 0.000001 -0.763519 1.289538 0.000007 -0.000001 -0.000000 0.000000 6.326736 0.772187 0.000003 0.000000 -0.000000 0.095713 19.149200 -0.872787 -0.000003 0.000001 0.000000 16.249262 -1.457200 -3.766121 -1.464721 -6.770259 -24.388872 0.000001 0.000000 0.000007 0.000004 0.000000 0.000002 5.669898 -4.448125 3.162333 -0.000003 -0.000001 0.000001 0.000002 0.000002 -0.000001 0.000001 -0.000003 0.000002 -0.000000 0.000007 -0.000001 4.894722 -4.487233 4.992383 -0.000003 -0.000003 -0.000000 -0.000004 0.000003 -0.000006 0.000008 -0.000004 0.000004 -0.000002 -0.000006 -0.000006 3.976712 -4.405079 6.377932 -0.000003 0.000003 -0.000002 0.000008 -0.000011 -0.000004 -0.000002 -0.000005 -0.000001 0.000003 0.000000 -0.000001 2.165848 -4.997850 7.896617 0.000001 0.000004 0.000001 0.000000 0.000005 -0.000001 -0.000002 -0.000001 -0.000003 0.000003 0.000000 -0.000001 -0.668816 -1.716158 3.232254 -0.000004 0.000013 0.000004 -0.618831 -2.224042 1.556321 -0.000002 0.000004 0.000002 -1.139790 -3.541363 2.553551 0.000003 -0.000005 0.000002 -0.000000 0.000003 -0.000002 -0.095715 19.149399 -0.872787 -0.000000 -0.000000 0.000001 -16.249178 -1.456981 -3.766129 -49.778514 7.039512 32.892009 -18.689997 -21.493004 1.212281 1.039321 -21.892686 8.854195 -9.161702 -14.016000 17.244196 -5.856961 -10.287565 9.533647 -5.669899 -4.448001 3.162401 -0.000001 -0.000003 -0.000003 -1.150697 -3.013502 -0.086794 -0.000003 -0.000003 -0.000000 0.431399 -1.930576 -0.420902 0.000005 0.000004 -0.000003 0.864997 -1.558802 -0.501401 0.000000 -0.000003 -0.000004 -4.894705 -4.487019 4.992408 0.000001 0.000009 0.000001 -1.614404 -4.026495 0.464406 -0.000002 -0.000003 -0.000002 0.881409 -2.472405 -0.680004 0.000003 0.000003 -0.000002 0.983001 -1.727620 -0.664398 -0.000003 0.000008 0.000004 -3.976706 -4.405011 6.378006 0.000001 0.000006 -0.000002 -1.576298 -4.640983 1.506197 0.000004 -0.000002 0.000004 0.565393 -2.735100 -0.446296 -0.000001 -0.000000 0.000004 0.577899 -2.212813 -0.468592 0.000002 -0.000007 -0.000005 -2.165808 -4.996991 7.896708 -0.000003 -0.000011 0.000006 -1.106998 -3.866785 1.244098 -0.000003 -0.000001 -0.000001 0.165893 -2.495192 -0.257398 0.000001 0.000000 0.000003 0.419298 -2.359509 -0.559598 -0.000001 -0.000005 0.000002 0.668792 -1.716012 3.232308 -0.000001 -0.000003 -0.000000 0.618797 -2.224003 1.556286 -0.000005 -0.000005 0.000002 1.139798 -3.541096 2.553509 0.000002 0.000004 -0.000006 -0.589995 -2.627704 1.193704 -0.000002 0.000002 -0.000000 8.610315 -5.345805 -1.147063 -100.704173 -0.000644 -0.002208 108.558009 -0.001704 -0.003049 -6.724355 -0.000286 0.000296 1.194452 -7.224802 11.745975 -0.000003 -0.000001 0.000000 0.749603 -1.684399 6.380374 0.000002 0.000000 -0.000000 -8.610320 -5.345827 -1.147061 -18.715401 0.000000 -0.000000 -1.467480 -41.307808 -0.215582 110.543285 0.000000 -0.000000 -1.465900 -41.266689 -3.033068 37.335385 0.000000 0.000000 -1.194488 -7.224801 11.746427 -0.000003 -0.000000 0.000000 -0.749617 -1.684396 6.379956 0.000000 0.000000 0.000000 
0.000000 49.403900 -1.590447 -0.000000 0.000000 -0.000000 -0.000000 5.822935 0.122295 12.143932 2.028137 -0.509182 11.958052 2.301805 -1.394479 8.234233 -0.000000 0.000000 0.000000 25.104675 -1.532961 -0.000004 -0.000000 0.000000 0.000000 12.653510 1.544383 -11.029589 0.000000 0.000000 -3.330328 3.459655 8.674034 0.000003 0.000003 0.000005 3.330327 3.459823 8.674036 0.000003 -0.000002 -0.000000 0.000001 -0.763535 1.289543 0.000009 -0.000001 -0.000000 0.000000 6.326752 0.772185 -0.000001 -0.000000 -0.000000 0.095713 19.149216 -0.872783 -0.000004 0.000000 0.000000 16.249254 -1.457186 -3.766130 -1.464720 -6.770260 -24.388871 -0.000000 0.000000 -0.000000 0.000007 0.000000 0.000004 5.669906 -4.448122 3.162328 -0.000001 -0.000003 0.000002 0.000003 0.000003 -0.000001 0.000003 -0.000004 -0.000003 -0.000002 0.000000 0.000002 4.894722 -4.487225 4.992379 -0.000003 -0.000001 -0.000007 -0.000003 0.000005 -0.000007 0.000003 -0.000003 0.000003 -0.000002 -0.000003 -0.000000 3.976713 -4.405062 6.377923 -0.000008 -0.000001 -0.000003 0.000005 -0.000004 -0.000003 0.000000 -0.000005 -0.000007 0.000002 0.000002 -0.000002 2.165850 -4.997842 7.896613 0.000001 0.000003 -0.000003 0.000001 0.000008 -0.000001 0.000000 -0.000004 0.000002 0.000003 0.000001 0.000003 -0.668810 -1.716153 3.232247 -0.000004 0.000009 0.000003 -0.618825 -2.224043 1.556316 -0.000001 0.000002 0.000001 -1.139788 -3.541374 2.553550 0.000003 0.000000 0.000002 0.000000 0.000002 -0.000001 -0.095715 19.149414 -0.872783 -0.000002 -0.000000 0.000001 -16.249195 -1.457007 -3.766135 -55.465050 6.621135 33.746493 -18.689997 -21.492996 1.212287 1.379679 -24.228088 9.905783 -9.161703 -14.015998 17.244190 -6.382809 -11.428101 10.495019 -5.669904 -4.447999 3.162394 -0.000000 -0.000005 -0.000006 -1.150694 -3.013496 -0.086803 0.000002 -0.000003 -0.000001 0.431389 -1.930596 -0.420897 0.000003 0.000002 0.000000 0.864993 -1.558809 -0.501399 0.000000 -0.000004 0.000002 -4.894717 -4.487005 4.992400 0.000003 0.000006 0.000003 -1.614403 -4.026502 0.464398 -0.000001 -0.000005 0.000001 0.881402 -2.472411 -0.679997 0.000002 -0.000001 -0.000001 0.983017 -1.727618 -0.664396 0.000001 0.000006 -0.000001 -3.976704 -4.405014 6.377995 -0.000002 0.000000 -0.000002 -1.576299 -4.641004 1.506199 -0.000000 -0.000003 0.000002 0.565398 -2.735097 -0.446301 -0.000000 0.000003 0.000001 0.577901 -2.212805 -0.468590 -0.000000 -0.000001 -0.000001 -2.165806 -4.996989 7.896701 0.000002 -0.000010 0.000002 -1.107007 -3.866789 1.244096 -0.000001 -0.000004 -0.000000 0.165894 -2.495183 -0.257400 0.000005 0.000002 0.000005 0.419294 -2.359501 -0.559605 -0.000003 0.000001 -0.000001 0.668795 -1.716001 3.232303 -0.000002 -0.000005 -0.000004 0.618803 -2.224007 1.556296 0.000001 -0.000004 -0.000002 1.139794 -3.541103 2.553512 0.000003 0.000008 -0.000005 -0.589997 -2.627709 1.193704 -0.000002 0.000001 0.000000 8.610315 -5.345805 -1.147063 -100.704173 -0.000644 -0.002208 108.558009 -0.001704 -0.003049 -6.724355 -0.000286 0.000296 1.194452 -7.224802 11.745975 -0.000003 -0.000001 0.000000 0.749603 -1.684399 6.380374 0.000002 0.000000 -0.000000 -8.610320 -5.345827 -1.147061 -18.715401 0.000000 -0.000000 -1.467480 -41.307808 -0.215582 110.543285 0.000000 -0.000000 -1.465900 -41.266689 -3.033068 37.335385 0.000000 0.000000 -1.194488 -7.224801 11.746427 -0.000003 -0.000000 0.000000 -0.749617 -1.684396 6.379956 0.000000 0.000000 0.000000 
0.000000 49.403900 -1.590447 -0.000000 0.000000 -0.000000 -0.000000 5.822934 0.122295 12.436334 2.221078 -0.563662 12.443258 2.515987 -1.538861 9.025173 0.000000 -0.000000 0.000000 25.104675 -1.532960 -0.000001 0.000000 0.000000 -0.000000 12.653496 1.544382 -12.091180 0.000000 0.000000 -3.330329 3.459640 8.674035 0.000000 0.000003 0.000005 3.330326 3.459824 8.674033 0.000001 -0.000003 0.000000 0.000000 -0.763519 1.289536 0.000003 -0.000001 0.000001 0.000000 6.326736 0.772188 -0.000000 0.000000 0.000000 0.095713 19.149216 -0.872783 -0.000003 -0.000000 0.000000 16.249262 -1.457209 -3.766124 -1.464717 -6.770259 -24.388869 0.000003 0.000000 0.000007 0.000007 0.000001 0.000001 5.669909 -4.448122 3.162333 -0.000001 -0.000002 0.000002 -0.000000 0.000005 0.000000 0.000002 -0.000002 0.000001 0.000003 0.000008 0.000003 4.894723 -4.487226 4.992388 0.000001 -0.000006 -0.000004 -0.000006 0.000004 -0.000004 0.000003 -0.000003 0.000003 0.000000 -0.000005 -0.000007 3.976717 -4.405070 6.377934 -0.000005 0.000000 -0.000005 0.000004 -0.000001 -0.000002 0.000005 -0.000005 -0.000001 0.000004 0.000003 -0.000000 2.165847 -4.997839 7.896621 -0.000002 0.000003 -0.000001 0.000001 0.000003 0.000004 -0.000004 -0.000002 -0.000000 0.000003 -0.000000 0.000001 -0.668811 -1.716155 3.232253 -0.000003 0.000012 -0.000001 -0.618821 -2.224038 1.556319 0.000002 0.000003 -0.000006 -1.139795 -3.541376 2.553553 0.000002 -0.000004 -0.000000 -0.000001 0.000003 0.000001 -0.095715 19.149399 -0.872784 0.000001 -0.000000 0.000001 -16.249197 -1.456988 -3.766133 -61.252201 6.110099 34.569838 -18.690002 -21.493008 1.212283 1.780334 -26.589103 11.008563 -9.161713 -14.015997 17.244192 -6.897621 -12.591897 11.461912 -5.669900 -4.448001 3.162395 -0.000002 -0.000001 0.000002 -1.150693 -3.013497 -0.086802 -0.000002 -0.000004 -0.000000 0.431389 -1.930594 -0.420897 0.000004 0.000003 -0.000002 0.864999 -1.558802 -0.501394 0.000000 -0.000006 -0.000006 -4.894720 -4.487020 4.992401 0.000004 0.000006 0.000004 -1.614391 -4.026487 0.464408 -0.000004 -0.000004 0.000001 0.881419 -2.472404 -0.679996 -0.000001 0.000003 -0.000006 0.983012 -1.727612 -0.664409 -0.000000 0.000007 -0.000003 -3.976701 -4.405014 6.378005 -0.000001 0.000000 -0.000004 -1.576288 -4.640988 1.506204 -0.000000 0.000001 -0.000001 0.565405 -2.735102 -0.446304 0.000001 0.000007 0.000000 0.577900 -2.212807 -0.468589 0.000002 -0.000007 -0.000002 -2.165802 -4.996990 7.896705 -0.000002 -0.000010 0.000000 -1.106995 -3.866780 1.244099 -0.000007 0.000002 0.000003 0.165895 -2.495183 -0.257406 0.000006 0.000002 0.000002 0.419304 -2.359501 -0.559593 0.000001 -0.000003 0.000002 0.668792 -1.716004 3.232301 -0.000001 -0.000005 0.000002 0.618807 -2.224013 1.556286 -0.000001 -0.000002 -0.000001 1.139801 -3.541110 2.553508 0.000007 0.000007 0.000002 -0.589998 -2.627702 1.193707 0.000003 0.000002 0.000001 8.610315 -5.345805 -1.147063 -100.704173 -0.000644 -0.002208 108.558009 -0.001704 -0.003049 -6.724355 -0.000286 0.000296 1.194452 -7.224802 11.745975 -0.000003 -0.000001 0.000000 0.749603 -1.684399 6.380374 0.000002 0.000000 -0.000000 -8.610320 -5.345827 -1.147061 -18.715401 0.000000 -0.000000 -1.467480 -41.307808 -0.215582 110.543285 0.000000 -0.000000 -1.465900 -41.266689 -3.033068 37.335385 0.000000 0.000000 -1.194488 -7.224801 11.746427 -0.000003 -0.000000 0.000000 -0.749617 -1.684396 6.379956 0.000000 0.000000 0.000000 
0.000000 49.403900 -1.590447 -0.000000 0.000000 -0.000000 0.000000 5.822938 0.122294 12.730139 2.414518 -0.619360 12.931049 2.729800 -1.685673 9.819348 0.000000 -0.000000 -0.000000 25.104675 -1.532963 -0.000000 0.000000 -0.000000 -0.000000 12.653539 1.544397 -13.157145 -0.000000 0.000000 -3.330330 3.459625 8.674034 0.000002 0.000002 0.000005 3.330327 3.459808 8.674036 0.000002 -0.000003 0.000000 -0.000000 -0.763535 1.289541 0.000005 -0.000002 0.000000 0.000000 6.326752 0.772197 -0.000002 0.000000 -0.000000 0.095713 19.149231 -0.872783 0.000001 -0.000001 0.000000 16.249262 -1.457208 -3.766124 -1.464717 -6.770258 -24.388876 0.000001 -0.000003 0.000005 0.000003 -0.000001 0.000001 5.669908 -4.448131 3.162334 0.000000 -0.000001 0.000001 0.000003 0.000008 -0.000003 -0.000001 -0.000003 0.000002 -0.000000 0.000003 0.000004 4.894712 -4.487231 4.992386 -0.000000 -0.000002 -0.000001 -0.000000 0.000004 -0.000004 0.000002 -0.000003 0.000001 0.000002 -0.000004 -0.000002 3.976715 -4.405066 6.377933 -0.000002 0.000000 -0.000002 0.000005 -0.000006 -0.000002 0.000000 -0.000006 -0.000002 0.000003 0.000002 0.000000 2.165848 -4.997849 7.896618 0.000002 0.000005 -0.000003 -0.000002 0.000003 0.000002 0.000008 -0.000001 -0.000007 -0.000001 -0.000000 -0.000001 -0.668812 -1.716151 3.232252 0.000002 0.000008 -0.000001 -0.618827 -2.224043 1.556322 -0.000000 0.000004 -0.000002 -1.139793 -3.541362 2.553545 0.000004 -0.000006 0.000001 -0.000001 0.000003 0.000002 -0.095715 19.149414 -0.872782 0.000002 -0.000001 0.000001 -16.249186 -1.457000 -3.766137 -67.063852 5.515094 35.341277 -18.689987 -21.492994 1.212283 2.243835 -28.953233 12.159631 -9.161703 -14.015986 17.244188 -7.396680 -13.769009 12.426707 -5.669906 -4.448001 3.162391 -0.000003 -0.000001 -0.000001 -1.150686 -3.013510 -0.086794 -0.000001 -0.000001 0.000005 0.431389 -1.930605 -0.420895 0.000004 0.000004 -0.000001 0.865006 -1.558799 -0.501401 -0.000002 -0.000002 -0.000003 -4.894719 -4.486998 4.992403 0.000002 0.000005 -0.000001 -1.614400 -4.026486 0.464396 0.000002 -0.000006 -0.000000 0.881406 -2.472404 -0.680002 0.000001 0.000002 -0.000001 0.983002 -1.727614 -0.664415 0.000001 0.000007 0.000001 -3.976707 -4.405015 6.378002 -0.000000 0.000000 -0.000000 -1.576299 -4.640997 1.506201 0.000001 0.000004 0.000001 0.565390 -2.735117 -0.446303 0.000001 0.000003 0.000004 0.577897 -2.212807 -0.468598 0.000002 -0.000007 -0.000002 -2.165808 -4.996994 7.896697 -0.000003 -0.000006 0.000002 -1.107003 -3.866779 1.244099 -0.000004 -0.000001 0.000005 0.165895 -2.495189 -0.257399 0.000006 -0.000006 0.000002 0.419310 -2.359503 -0.559604 -0.000001 0.000000 0.000003 0.668792 -1.716003 3.232301 0.000002 -0.000004 -0.000003 0.618806 -2.223984 1.556290 -0.000005 -0.000003 -0.000003 1.139792 -3.541106 2.553507 -0.000001 0.000009 0.000003 -0.589987 -2.627692 1.193710 -0.000001 -0.000001 -0.000001 8.610315 -5.345805 -1.147063 -100.704173 -0.000644 -0.002208 108.558009 -0.001704 -0.003049 -6.724355 -0.000286 0.000296 1.194452 -7.224802 11.745975 -0.000003 -0.000001 0.000000 0.749603 -1.684399 6.380374 0.000002 0.000000 -0.000000 -8.610320 -5.345827 -1.147061 -18.715401 0.000000 -0.000000 -1.467480 -41.307808 -0.215582 110.543285 0.000000 -0.000000 -1.465900 -41.266689 -3.033068 37.335385 0.000000 0.000000 -1.194488 -7.224801 11.746427 -0.000003 -0.000000 0.000000 -0.749617 -1.684396 6.379956 0.000000 0.000000 0.000000 
0.000000 49.403900 -1.590447 -0.000000 0.000000 -0.000000 0.000000 5.822935 0.122295 13.022990 2.606892 -0.675828 13.417499 2.941501 -1.833726 10.610298 0.000001 0.000000 0.000000 25.104660 -1.532957 0.000001 -0.000000 -0.000000 0.000000 12.653499 1.544386 -14.218733 0.000000 0.000000 -3.330329 3.459610 8.674029 -0.000002 0.000003 0.000005 3.330327 3.459793 8.674033 -0.000002 -0.000003 -0.000000 0.000001 -0.763519 1.289535 0.000005 -0.000001 -0.000000 0.000000 6.326767 0.772195 0.000005 -0.000000 -0.000000 0.095713 19.149216 -0.872776 0.000002 0.000000 0.000000 16.249252 -1.457216 -3.766119 -1.464718 -6.770260 -24.388871 0.000003 -0.000003 0.000003 0.000007 -0.000002 0.000004 5.669899 -4.448128 3.162333 -0.000002 -0.000008 0.000005 0.000001 0.000001 0.000002 -0.000000 -0.000001 0.000001 -0.000002 0.000004 0.000003 4.894717 -4.487235 4.992382 -0.000000 -0.000006 -0.000000 -0.000001 0.000005 -0.000006 0.000003 -0.000003 -0.000004 0.000001 -0.000006 0.000001 3.976715 -4.405068 6.377934 -0.000005 -0.000004 -0.000005 0.000004 -0.000004 -0.000004 0.000004 -0.000006 0.000002 0.000006 -0.000002 0.000002 2.165851 -4.997847 7.896616 -0.000002 0.000001 0.000001 -0.000004 0.000012 -0.000001 -0.000002 0.000001 -0.000004 0.000001 -0.000003 0.000003 -0.668813 -1.716158 3.232254 0.000002 0.000007 0.000006 -0.618822 -2.224044 1.556318 -0.000000 0.000001 -0.000001 -1.139799 -3.541363 2.553547 0.000005 -0.000008 0.000004 -0.000003 -0.000001 0.000002 -0.095714 19.149414 -0.872783 0.000004 0.000000 -0.000000 -16.249180 -1.457001 -3.766130 -72.823108 4.850151 36.043113 -18.689981 -21.492987 1.212289 2.771473 -31.297839 13.355346 -9.161695 -14.016002 17.244188 -7.875808 -14.949076 13.381916 -5.669895 -4.447999 3.162407 -0.000003 -0.000003 -0.000003 -1.150694 -3.013498 -0.086799 -0.000000 -0.000003 0.000003 0.431393 -1.930586 -0.420891 0.000003 0.000003 0.000000 0.865005 -1.558800 -0.501399 -0.000002 -0.000003 -0.000003 -4.894704 -4.487002 4.992414 0.000001 0.000007 -0.000003 -1.614406 -4.026494 0.464397 0.000001 -0.000005 0.000003 0.881411 -2.472417 -0.679993 0.000004 0.000003 -0.000006 0.983007 -1.727614 -0.664409 0.000003 0.000005 0.000002 -3.976696 -4.405016 6.378014 -0.000005 0.000000 -0.000002 -1.576296 -4.641006 1.506197 0.000005 0.000000 0.000001 0.565412 -2.735109 -0.446293 -0.000000 0.000007 0.000003 0.577899 -2.212810 -0.468577 0.000002 -0.000005 -0.000000 -2.165807 -4.997007 7.896710 -0.000001 -0.000009 0.000006 -1.106992 -3.866783 1.244104 -0.000004 0.000001 0.000003 0.165898 -2.495199 -0.257394 0.000007 -0.000003 0.000001 0.419315 -2.359496 -0.559596 -0.000000 -0.000002 -0.000003 0.668800 -1.715998 3.232316 0.000001 -0.000002 -0.000000 0.618791 -2.224014 1.556291 -0.000001 -0.000004 -0.000002 1.139799 -3.541105 2.553503 -0.000003 0.000007 0.000003 -0.589998 -2.627701 1.193701 -0.000002 -0.000000 -0.000001 8.610315 -5.345805 -1.147063 -100.704173 -0.000644 -0.002208 108.558009 -0.001704 -0.003049 -6.724355 -0.000286 0.000296 1.194452 -7.224802 11.745975 -0.000003 -0.000001 0.000000 0.749603 -1.684399 6.380374 0.000002 0.000000 -0.000000 -8.610320 -5.345827 -1.147061 -18.715401 0.000000 -0.000000 -1.467480 -41.307808 -0.215582 110.543285 0.000000 -0.000000 -1.465900 -41.266689 -3.033068 37.335385 0.000000 0.000000 -1.194488 -7.224801 11.746427 -0.000003 -0.000000 0.000000 -0.749617 -1.684396 6.379956 0.000000 0.000000 0.000000 
0.000000 49.403900 -1.590447 -0.000000 0.000000 -0.000000 -0.000000 5.822935 0.122295 13.312540 2.796657 -0.732589 13.898696 3.149396 -1.981777 11.391601 -0.000000 -0.000001 0.000000 25.104675 -1.532961 -0.000002 -0.000000 -0.000000 0.000000 12.653490 1.544388 -15.267278 0.000000 -0.000001 -3.330329 3.459640 8.674033 -0.000000 0.000003 0.000005 3.330326 3.459824 8.674031 -0.000000 -0.000002 -0.000000 -0.000000 -0.763535 1.289530 0.000002 -0.000001 0.000000 0.000000 6.326752 0.772189 -0.000002 -0.000000 -0.000000 0.095713 19.149200 -0.872780 0.000001 0.000001 -0.000000 16.249258 -1.457209 -3.766128 -1.464722 -6.770257 -24.388872 0.000006 -0.000005 0.000004 0.000006 -0.000001 0.000004 5.669901 -4.448125 3.162331 -0.000003 -0.000003 0.000001 0.000004 0.000002 -0.000001 0.000003 -0.000003 0.000000 -0.000003 0.000001 0.000001 4.894719 -4.487235 4.992383 -0.000001 -0.000005 -0.000004 -0.000005 0.000003 -0.000000 0.000003 -0.000001 0.000008 -0.000003 -0.000004 -0.000004 3.976717 -4.405071 6.377929 -0.000005 -0.000003 -0.000002 0.000008 -0.000009 -0.000006 -0.000002 -0.000004 -0.000004 0.000003 0.000000 0.000002 2.165851 -4.997841 7.896614 -0.000001 0.000002 -0.000004 0.000000 0.000005 0.000002 0.000003 -0.000003 -0.000001 0.000000 0.000001 0.000001 -0.668809 -1.716164 3.232248 0.000001 0.000005 -0.000001 -0.618824 -2.224049 1.556319 -0.000001 0.000006 0.000003 -1.139791 -3.541378 2.553549 0.000001 -0.000006 -0.000000 -0.000001 -0.000001 0.000002 -0.095715 19.149414 -0.872781 0.000002 -0.000001 0.000001 -16.249176 -1.457004 -3.766136 -78.456518 4.133349 36.662297 -18.689987 -21.492983 1.212289 3.363002 -33.600692 14.591057 -9.161703 -14.015985 17.244194 -8.331407 -16.121617 14.320314 -5.669883 -4.448001 3.162402 -0.000004 0.000000 -0.000000 -1.150698 -3.013510 -0.086807 -0.000003 -0.000001 -0.000001 0.431389 -1.930588 -0.420919 0.000003 0.000003 -0.000002 0.865002 -1.558800 -0.501399 -0.000002 -0.000003 -0.000001 -4.894704 -4.487004 4.992403 -0.000000 0.000003 -0.000001 -1.614400 -4.026511 0.464399 0.000000 -0.000006 -0.000000 0.881407 -2.472411 -0.680000 -0.000001 0.000008 -0.000002 0.983006 -1.727619 -0.664409 -0.000000 0.000010 0.000006 -3.976693 -4.405014 6.378002 -0.000003 0.000005 0.000001 -1.576306 -4.640998 1.506197 0.000007 0.000004 0.000001 0.565399 -2.735101 -0.446296 -0.000000 0.000000 0.000000 0.577904 -2.212804 -0.468594 0.000004 -0.000004 -0.000001 -2.165791 -4.996990 7.896705 -0.000006 -0.000006 0.000003 -1.107006 -3.866790 1.244096 -0.000003 -0.000001 0.000002 0.165904 -2.495204 -0.257394 0.000004 -0.000003 0.000002 0.419301 -2.359503 -0.559602 0.000002 -0.000006 -0.000002 0.668802 -1.715993 3.232309 -0.000002 -0.000004 -0.000002 0.618806 -2.224014 1.556294 -0.000001 -0.000002 -0.000003 1.139795 -3.541109 2.553510 0.000003 0.000006 -0.000002 -0.589996 -2.627698 1.193705 -0.000003 -0.000003 -0.000000 8.610315 -5.345805 -1.147063 -100.704173 -0.000644 -0.002208 108.558009 -0.001704 -0.003049 -6.724355 -0.000286 0.000296 1.194452 -7.224802 11.745975 -0.000003 -0.000001 0.000000 0.749603 -1.684399 6.380374 0.000002 0.000000 -0.000000 -8.610320 -5.345827 -1.147061 -18.715401 0.000000 -0.000000 -1.467480 -41.307808 -0.215582 110.543285 0.000000 -0.000000 -1.465900 -41.266689 -3.033068 37.335385 0.000000 0.000000 -1.194488 -7.224801 11.746427 -0.000003 -0.000000 0.000000 -0.749617 -1.684396 6.379956 0.000000 0.000000 0.000000 
0.000000 49.403900 -1.590447 -0.000000 0.000000 -0.000000 0.000000 5.822935 0.122295 13.596492 2.982324 -0.789148 14.370790 3.351882 -2.128560 12.157043 0.000000 0.000000 0.000000 25.104645 -1.532955 0.000006 0.000001 -0.000001 0.000000 12.653508 1.544382 -16.294332 -0.000001 -0.000000 -3.330330 3.459655 8.674038 0.000002 0.000002 0.000005 3.330325 3.459823 8.674038 0.000002 -0.000003 -0.000000 -0.000000 -0.763535 1.289544 0.000005 -0.000001 0.000000 0.000001 6.326736 0.772187 -0.000001 -0.000001 -0.000000 0.095714 19.149231 -0.872782 0.000003 0.000000 -0.000000 16.249260 -1.457209 -3.766129 -1.464722 -6.770257 -24.388874 0.000005 -0.000001 -0.000000 0.000006 0.000000 -0.000003 5.669906 -4.448134 3.162334 -0.000008 -0.000001 0.000000 -0.000005 0.000003 -0.000004 0.000001 -0.000002 0.000002 -0.000001 0.000007 -0.000001 4.894727 -4.487232 4.992385 -0.000007 -0.000006 -0.000004 -0.000004 0.000000 -0.000004 0.000006 -0.000001 0.000003 0.000001 -0.000002 -0.000005 3.976723 -4.405080 6.377934 -0.000004 -0.000003 -0.000005 0.000005 -0.000007 -0.000005 0.000001 -0.000004 -0.000004 0.000000 0.000001 -0.000003 2.165855 -4.997844 7.896616 -0.000007 0.000001 -0.000002 0.000003 0.000005 0.000002 -0.000001 0.000001 -0.000001 0.000001 0.000003 0.000000 -0.668799 -1.716162 3.232251 -0.000005 0.000009 -0.000003 -0.618828 -2.224030 1.556318 -0.000001 0.000001 -0.000002 -1.139792 -3.541377 2.553550 0.000001 -0.000008 -0.000000 -0.000003 0.000002 0.000002 -0.095715 19.149414 -0.872779 0.000008 0.000000 0.000001 -16.249178 -1.457017 -3.766127 -83.897590 3.385018 37.191244 -18.689987 -21.493000 1.212286 4.016412 -35.840636 15.860939 -9.161716 -14.015997 17.244177 -8.760600 -17.276241 15.235068 -5.669897 -4.447999 3.162401 -0.000005 -0.000001 0.000001 -1.150695 -3.013518 -0.086798 0.000001 -0.000001 0.000002 0.431395 -1.930594 -0.420895 0.000002 0.000003 -0.000003 0.865003 -1.558792 -0.501394 -0.000000 -0.000002 -0.000001 -4.894706 -4.487006 4.992403 -0.000003 0.000010 0.000001 -1.614388 -4.026508 0.464413 -0.000002 -0.000006 0.000001 0.881409 -2.472416 -0.680004 -0.000000 0.000005 -0.000004 0.983001 -1.727627 -0.664407 0.000002 0.000010 0.000004 -3.976694 -4.404997 6.378001 -0.000004 0.000004 -0.000000 -1.576297 -4.641002 1.506202 0.000004 -0.000003 0.000003 0.565404 -2.735110 -0.446299 -0.000000 0.000003 0.000002 0.577895 -2.212806 -0.468593 0.000003 -0.000008 -0.000001 -2.165799 -4.996976 7.896695 -0.000004 -0.000004 0.000004 -1.106992 -3.866783 1.244094 -0.000004 0.000001 0.000001 0.165891 -2.495201 -0.257400 0.000002 -0.000005 0.000003 0.419294 -2.359495 -0.559615 -0.000002 -0.000004 -0.000002 0.668801 -1.715991 3.232304 -0.000001 -0.000003 -0.000001 0.618813 -2.224007 1.556286 0.000001 -0.000004 -0.000001 1.139799 -3.541112 2.553512 0.000005 0.000006 -0.000000 -0.589989 -2.627698 1.193711 -0.000003 -0.000004 -0.000000 8.610315 -5.345805 -1.147063 -100.704173 -0.000644 -0.002208 108.558009 -0.001704 -0.003049 -6.724355 -0.000286 0.000296 1.194452 -7.224802 11.745975 -0.000003 -0.000001 0.000000 0.749603 -1.684399 6.380374 0.000002 0.000000 -0.000000 -8.610320 -5.345827 -1.147061 -18.715401 0.000000 -0.000000 -1.467480 -41.307808 -0.215582 110.543285 0.000000 -0.000000 -1.465900 -41.266689 -3.033068 37.335385 0.000000 0.000000 -1.194488 -7.224801 11.746427 -0.000003 -0.000000 0.000000 -0.749617 -1.684396 6.379956 0.000000 0.000000 0.000000 
0.000000 49.403900 -1.590447 -0.000000 0.000000 -0.000000 -0.000000 5.822935 0.122296 13.872642 3.162474 -0.845001 14.830099 3.547467 -2.272809 12.900679 -0.000000 0.000000 0.000000 25.104675 -1.532960 -0.000000 0.000001 -0.000000 -0.000000 12.653505 1.544393 -17.291864 -0.000000 0.000001 -3.330329 3.459625 8.674035 -0.000000 0.000002 0.000005 3.330326 3.459808 8.674037 0.000000 -0.000003 0.000000 0.000000 -0.763535 1.289543 0.000003 -0.000002 -0.000000 -0.000000 6.326736 0.772192 0.000002 0.000000 0.000000 0.095713 19.149200 -0.872783 0.000000 0.000001 -0.000000 16.249262 -1.457201 -3.766121 -1.464718 -6.770261 -24.388872 0.000001 -0.000003 0.000005 0.000005 -0.000001 0.000006 5.669895 -4.448125 3.162330 0.000007 -0.000003 0.000004 -0.000003 0.000003 -0.000002 0.000001 0.000000 -0.000001 -0.000005 0.000005 -0.000002 4.894716 -4.487237 4.992379 0.000003 -0.000005 -0.000002 -0.000006 0.000006 -0.000004 0.000005 -0.000003 0.000004 0.000003 -0.000003 0.000001 3.976707 -4.405065 6.377928 0.000002 0.000001 -0.000002 0.000006 -0.000010 -0.000007 0.000001 -0.000004 0.000002 0.000005 0.000000 -0.000003 2.165843 -4.997841 7.896611 0.000003 -0.000001 -0.000002 0.000006 0.000008 -0.000002 -0.000000 -0.000001 -0.000005 -0.000002 -0.000000 0.000000 -0.668812 -1.716153 3.232250 0.000005 0.000006 0.000001 -0.618831 -2.224044 1.556317 0.000002 0.000004 0.000002 -1.139795 -3.541376 2.553547 0.000005 -0.000004 -0.000000 0.000002 0.000007 -0.000002 -0.095714 19.149399 -0.872781 0.000003 0.000001 -0.000000 -16.249195 -1.456995 -3.766132 -89.089449 2.625850 37.628021 -18.689999 -21.492996 1.212269 4.727720 -37.998111 17.157753 -9.161706 -14.015995 17.244198 -9.161154 -18.402886 16.119764 -5.669893 -4.447992 3.162398 -0.000003 -0.000003 0.000002 -1.150695 -3.013504 -0.086801 -0.000002 -0.000001 -0.000001 0.431413 -1.930596 -0.420888 0.000004 0.000009 0.000001 0.865001 -1.558807 -0.501387 -0.000000 -0.000003 -0.000003 -4.894705 -4.487000 4.992400 0.000002 0.000009 0.000003 -1.614396 -4.026522 0.464403 -0.000000 -0.000008 -0.000001 0.881404 -2.472409 -0.680009 0.000001 0.000006 0.000001 0.983004 -1.727621 -0.664416 0.000002 0.000009 0.000002 -3.976692 -4.405007 6.377996 -0.000001 0.000000 -0.000000 -1.576294 -4.640997 1.506198 0.000006 -0.000003 0.000002 0.565397 -2.735118 -0.446306 -0.000001 0.000002 -0.000001 0.577888 -2.212815 -0.468591 0.000003 -0.000006 -0.000001 -2.165796 -4.996992 7.896708 -0.000005 -0.000007 0.000004 -1.107004 -3.866799 1.244106 0.000001 -0.000001 0.000001 0.165891 -2.495195 -0.257406 0.000004 -0.000003 0.000003 0.419311 -2.359489 -0.559591 0.000003 -0.000004 -0.000003 0.668797 -1.715990 3.232304 -0.000003 -0.000003 -0.000001 0.618800 -2.224012 1.556292 -0.000003 -0.000002 -0.000002 1.139802 -3.541101 2.553514 0.000002 0.000006 -0.000002 -0.589993 -2.627706 1.193716 -0.000002 -0.000003 -0.000000 8.610315 -5.345805 -1.147063 -100.704173 -0.000644 -0.002208 108.558009 -0.001704 -0.003049 -6.724355 -0.000286 0.000296 1.194452 -7.224802 11.745975 -0.000003 -0.000001 0.000000 0.749603 -1.684399 6.380374 0.000002 0.000000 -0.000000 -8.610320 -5.345827 -1.147061 -18.715401 0.000000 -0.000000 -1.467480 -41.307808 -0.215582 110.543285 0.000000 -0.000000 -1.465900 -41.266689 -3.033068 37.335385 0.000000 0.000000 -1.194488 -7.224801 11.746427 -0.000003 -0.000000 0.000000 -0.749617 -1.684396 6.379956 0.000000 0.000000 0.000000 
0.000000 49.403900 -1.590447 -0.000000 0.000000 -0.000000 0.000000 5.822937 0.122295 14.138917 3.335785 -0.899644 15.273138 3.734786 -2.413285 13.616909 0.000000 -0.000000 0.000000 25.104675 -1.532962 -0.000001 -0.000000 0.000000 0.000000 12.653505 1.544393 -18.252357 -0.000000 -0.000000 -3.330330 3.459625 8.674033 -0.000001 0.000002 0.000005 3.330327 3.459808 8.674030 -0.000000 -0.000003 0.000000 -0.000000 -0.763535 1.289541 0.000005 -0.000001 -0.000000 0.000000 6.326767 0.772203 -0.000004 -0.000000 0.000000 0.095713 19.149231 -0.872786 0.000002 0.000000 0.000000 16.249262 -1.457215 -3.766124 -1.464719 -6.770260 -24.388876 0.000006 0.000000 0.000005 0.000006 -0.000003 0.000002 5.669901 -4.448131 3.162332 -0.000002 -0.000003 0.000001 -0.000003 0.000005 0.000001 0.000003 0.000000 -0.000003 0.000000 -0.000001 -0.000001 4.894711 -4.487227 4.992383 -0.000000 -0.000005 -0.000004 -0.000002 0.000006 0.000001 0.000004 -0.000003 0.000001 -0.000003 -0.000003 -0.000004 3.976708 -4.405066 6.377931 -0.000003 -0.000003 -0.000005 0.000006 -0.000003 -0.000012 0.000003 -0.000001 -0.000002 0.000001 0.000002 0.000002 2.165852 -4.997840 7.896614 -0.000000 -0.000000 -0.000004 -0.000003 0.000010 -0.000002 0.000006 0.000003 0.000001 -0.000001 -0.000002 -0.000002 -0.668811 -1.716153 3.232245 -0.000000 0.000008 0.000001 -0.618824 -2.224037 1.556316 -0.000000 0.000001 -0.000002 -1.139786 -3.541376 2.553542 0.000002 -0.000011 0.000002 -0.000001 0.000004 -0.000000 -0.095716 19.149414 -0.872783 0.000003 0.000001 0.000001 -16.249184 -1.457022 -3.766131 -93.986333 1.875173 37.975715 -18.690002 -21.492987 1.212279 5.490780 -40.055627 18.472735 -9.161715 -14.015987 17.244194 -9.531567 -19.492030 16.968521 -5.669900 -4.448006 3.162396 0.000001 -0.000003 0.000002 -1.150693 -3.013496 -0.086805 -0.000005 -0.000004 -0.000000 0.431409 -1.930590 -0.420903 0.000008 0.000005 0.000000 0.865009 -1.558815 -0.501385 -0.000002 0.000000 -0.000002 -4.894710 -4.487000 4.992402 0.000002 0.000007 0.000001 -1.614400 -4.026495 0.464403 0.000000 -0.000008 -0.000001 0.881408 -2.472414 -0.680000 -0.000000 0.000003 -0.000004 0.983010 -1.727601 -0.664403 0.000002 0.000007 0.000001 -3.976701 -4.405006 6.377997 -0.000001 0.000003 0.000002 -1.576289 -4.641004 1.506198 0.000006 -0.000003 0.000003 0.565387 -2.735114 -0.446312 -0.000004 -0.000005 0.000001 0.577915 -2.212806 -0.468589 0.000002 -0.000001 0.000002 -2.165810 -4.996989 7.896700 -0.000002 -0.000010 0.000000 -1.107005 -3.866781 1.244118 -0.000003 -0.000004 0.000000 0.165898 -2.495219 -0.257402 0.000003 -0.000003 0.000004 0.419304 -2.359503 -0.559607 -0.000001 -0.000003 -0.000001 0.668791 -1.716001 3.232307 -0.000002 -0.000006 -0.000000 0.618811 -2.224007 1.556296 0.000003 -0.000002 -0.000002 1.139800 -3.541102 2.553512 0.000004 0.000005 0.000002 -0.589997 -2.627701 1.193706 0.000001 -0.000003 0.000002 8.610315 -5.345805 -1.147063 -100.704173 -0.000644 -0.002208 108.558009 -0.001704 -0.003049 -6.724355 -0.000286 0.000296 1.194452 -7.224802 11.745975 -0.000003 -0.000001 0.000000 0.749603 -1.684399 6.380374 0.000002 0.000000 -0.000000 -8.610320 -5.345827 -1.147061 -18.715401 0.000000 -0.000000 -1.467480 -41.307808 -0.215582 110.543285 0.000000 -0.000000 -1.465900 -41.266689 -3.033068 37.335385 0.000000 0.000000 -1.194488 -7.224801 11.746427 -0.000003 -0.000000 0.000000 -0.749617 -1.684396 6.379956 0.000000 0.000000 0.000000 
0.000000 49.403900 -1.590447 -0.000000 0.000000 -0.000000 -0.000000 5.822935 0.122295 14.393393 3.501048 -0.952587 15.696676 3.912626 -2.548793 14.300623 -0.000000 0.000001 -0.000000 25.104675 -1.532957 -0.000000 -0.000000 0.000000 -0.000001 12.653498 1.544384 -19.168916 -0.000000 0.000001 -3.330329 3.459641 8.674038 -0.000001 0.000002 0.000006 3.330325 3.459824 8.674038 -0.000001 -0.000003 0.000001 -0.000001 -0.763535 1.289541 0.000003 -0.000001 -0.000000 -0.000000 6.326752 0.772189 0.000001 -0.000000 0.000000 0.095712 19.149231 -0.872777 0.000001 -0.000000 0.000000 16.249256 -1.457216 -3.766125 -1.464717 -6.770259 -24.388872 0.000000 -0.000003 0.000009 0.000007 0.000000 0.000004 5.669899 -4.448135 3.162333 -0.000004 -0.000007 0.000005 -0.000003 0.000003 -0.000001 0.000004 -0.000004 -0.000003 -0.000000 0.000004 -0.000001 4.894718 -4.487225 4.992385 -0.000002 -0.000009 0.000003 -0.000001 0.000003 -0.000004 -0.000004 -0.000001 0.000003 -0.000002 -0.000002 -0.000005 3.976718 -4.405071 6.377931 -0.000004 -0.000003 -0.000000 0.000004 -0.000004 -0.000005 0.000001 -0.000005 0.000000 -0.000000 0.000004 -0.000003 2.165851 -4.997855 7.896618 0.000001 -0.000002 0.000002 0.000001 0.000005 -0.000003 0.000002 0.000000 -0.000001 0.000002 0.000001 0.000001 -0.668811 -1.716157 3.232251 -0.000002 0.000006 0.000009 -0.618826 -2.224044 1.556317 -0.000000 0.000005 -0.000004 -1.139799 -3.541376 2.553548 0.000002 -0.000003 0.000002 -0.000001 0.000007 -0.000003 -0.095715 19.149414 -0.872781 0.000002 0.000000 -0.000000 -16.249184 -1.457006 -3.766135 -98.553879 1.149698 38.241331 -18.689997 -21.492994 1.212280 6.297216 -41.998027 19.795346 -9.161707 -14.015996 17.244190 -9.870960 -20.534873 17.776001 -5.669898 -4.447995 3.162390 0.000001 -0.000001 -0.000001 -1.150691 -3.013512 -0.086792 -0.000002 -0.000000 -0.000001 0.431395 -1.930596 -0.420890 0.000003 0.000003 0.000003 0.865003 -1.558793 -0.501396 0.000002 -0.000005 -0.000006 -4.894706 -4.487003 4.992399 0.000002 0.000010 0.000001 -1.614409 -4.026505 0.464403 -0.000003 -0.000011 0.000006 0.881405 -2.472403 -0.679999 0.000003 0.000006 -0.000004 0.983001 -1.727608 -0.664401 0.000003 0.000006 -0.000001 -3.976694 -4.404998 6.377995 -0.000001 0.000002 0.000001 -1.576313 -4.641003 1.506205 0.000003 -0.000001 -0.000000 0.565392 -2.735116 -0.446298 0.000002 0.000005 0.000003 0.577888 -2.212806 -0.468597 0.000001 -0.000004 0.000002 -2.165803 -4.996973 7.896698 0.000002 -0.000006 -0.000000 -1.106992 -3.866775 1.244108 -0.000001 -0.000001 0.000000 0.165885 -2.495202 -0.257408 0.000004 -0.000006 -0.000001 0.419293 -2.359510 -0.559599 0.000001 -0.000004 -0.000004 0.668798 -1.715984 3.232298 0.000000 -0.000001 -0.000001 0.618815 -2.224007 1.556294 -0.000001 -0.000002 -0.000002 1.139802 -3.541101 2.553516 0.000002 0.000008 0.000001 -0.590005 -2.627689 1.193705 -0.000007 -0.000002 0.000000 8.610315 -5.345805 -1.147063 -100.704173 -0.000644 -0.002208 108.558009 -0.001704 -0.003049 -6.724355 -0.000286 0.000296 1.194452 -7.224802 11.745975 -0.000003 -0.000001 0.000000 0.749603 -1.684399 6.380374 0.000002 0.000000 -0.000000 -8.610320 -5.345827 -1.147061 -18.715401 0.000000 -0.000000 -1.467480 -41.307808 -0.215582 110.543285 0.000000 -0.000000 -1.465900 -41.266689 -3.033068 37.335385 0.000000 0.000000 -1.194488 -7.224801 11.746427 -0.000003 -0.000000 0.000000 -0.749617 -1.684396 6.379956 0.000000 0.000000 0.000000 
0.000000 49.403900 -1.590447 -0.000000 0.000000 -0.000000 -0.000000 5.822940 0.122294 14.634322 3.657178 -1.003358 16.097791 4.079924 -2.678209 14.947200 0.000000 -0.000000 0.000001 25.104660 -1.532952 0.000000 0.000001 -0.000001 -0.000001 12.653498 1.544393 -20.035339 -0.000001 0.000000 -3.330329 3.459625 8.674031 -0.000001 0.000002 0.000005 3.330326 3.459809 8.674033 -0.000001 -0.000003 -0.000000 -0.000000 -0.763535 1.289534 0.000005 -0.000001 -0.000001 -0.000000 6.326736 0.772188 -0.000000 0.000000 0.000000 0.095714 19.149200 -0.872769 0.000003 0.000001 -0.000000 16.249252 -1.457224 -3.766111 -1.464719 -6.770259 -24.388874 0.000004 0.000001 0.000003 0.000007 0.000000 0.000004 5.669899 -4.448119 3.162328 -0.000005 -0.000007 0.000004 0.000000 0.000006 0.000000 0.000005 -0.000005 -0.000001 -0.000003 0.000004 0.000001 4.894716 -4.487216 4.992377 -0.000001 -0.000005 -0.000002 0.000000 0.000004 0.000003 0.000001 0.000004 0.000003 -0.000001 -0.000003 -0.000004 3.976715 -4.405071 6.377926 -0.000004 0.000000 -0.000002 0.000005 -0.000007 0.000000 -0.000002 -0.000003 -0.000003 0.000002 0.000003 -0.000004 2.165851 -4.997840 7.896611 -0.000000 0.000005 0.000002 0.000000 0.000005 -0.000004 0.000000 -0.000004 -0.000004 -0.000000 -0.000001 -0.000005 -0.668808 -1.716150 3.232241 -0.000000 0.000005 0.000005 -0.618827 -2.224034 1.556320 -0.000003 0.000000 -0.000000 -1.139795 -3.541368 2.553551 0.000002 -0.000007 0.000002 -0.000005 0.000003 -0.000000 -0.095714 19.149414 -0.872771 0.000004 0.000001 0.000001 -16.249193 -1.457005 -3.766126 -102.768556 0.462842 38.434574 -18.689999 -21.492996 1.212305 7.136369 -43.812785 21.113348 -9.161703 -14.015997 17.244183 -10.179030 -21.523442 18.537442 -5.669916 -4.447992 3.162394 -0.000006 -0.000005 0.000000 -1.150698 -3.013497 -0.086798 -0.000001 -0.000003 0.000001 0.431388 -1.930588 -0.420900 0.000000 0.000003 0.000005 0.864995 -1.558808 -0.501399 0.000001 -0.000001 -0.000001 -4.894732 -4.487004 4.992396 -0.000001 0.000004 0.000004 -1.614392 -4.026497 0.464401 0.000000 -0.000006 0.000001 0.881412 -2.472416 -0.680002 0.000001 0.000004 -0.000006 0.983014 -1.727608 -0.664401 0.000000 0.000009 0.000001 -3.976710 -4.404996 6.377999 -0.000005 0.000001 0.000002 -1.576303 -4.640987 1.506204 0.000001 0.000000 0.000003 0.565406 -2.735108 -0.446300 0.000002 0.000007 0.000002 0.577895 -2.212793 -0.468597 0.000003 -0.000003 0.000002 -2.165821 -4.996975 7.896694 -0.000000 -0.000008 0.000000 -1.107009 -3.866790 1.244099 -0.000003 -0.000001 0.000002 0.165901 -2.495201 -0.257408 0.000001 0.000002 0.000003 0.419306 -2.359517 -0.559589 0.000002 0.000000 -0.000004 0.668794 -1.715993 3.232300 -0.000002 -0.000003 -0.000001 0.618792 -2.224001 1.556295 -0.000005 -0.000001 -0.000008 1.139793 -3.541103 2.553503 0.000006 0.000006 -0.000001 -0.589998 -2.627708 1.193713 0.000001 0.000001 -0.000001 8.610315 -5.345805 -1.147063 -100.704173 -0.000644 -0.002208 108.558009 -0.001704 -0.003049 -6.724355 -0.000286 0.000296 1.194452 -7.224802 11.745975 -0.000003 -0.000001 0.000000 0.749603 -1.684399 6.380374 0.000002 0.000000 -0.000000 -8.610320 -5.345827 -1.147061 -18.715401 0.000000 -0.000000 -1.467480 -41.307808 -0.215582 110.543285 0.000000 -0.000000 -1.465900 -41.266689 -3.033068 37.335385 0.000000 0.000000 -1.194488 -7.224801 11.746427 -0.000003 -0.000000 0.000000 -0.749617 -1.684396 6.379956 0.000000 0.000000 0.000000 
0.000000 49.403900 -1.590447 -0.000000 0.000000 -0.000000 0.000000 5.822938 0.122294 14.860149 3.803220 -1.051518 16.473849 4.235775 -2.800497 15.552556 -0.000000 -0.000000 0.000000 25.104675 -1.532953 -0.000000 -0.000001 -0.000001 -0.000001 12.653499 1.544390 -20.846180 0.000000 -0.000000 -3.330329 3.459640 8.674030 -0.000001 0.000002 0.000006 3.330327 3.459824 8.674034 -0.000001 -0.000003 0.000000 -0.000000 -0.763535 1.289544 0.000003 -0.000001 -0.000000 0.000000 6.326736 0.772195 -0.000000 0.000000 -0.000000 0.095713 19.149231 -0.872773 -0.000001 -0.000001 -0.000000 16.249254 -1.457208 -3.766121 -1.464724 -6.770259 -24.388874 -0.000000 -0.000001 0.000003 0.000005 -0.000003 0.000007 5.669902 -4.448127 3.162333 0.000002 -0.000001 -0.000002 -0.000003 0.000000 0.000003 -0.000000 -0.000003 -0.000005 -0.000002 0.000001 0.000001 4.894714 -4.487221 4.992383 0.000002 -0.000004 -0.000007 -0.000003 0.000007 -0.000009 -0.000000 -0.000003 0.000001 -0.000000 -0.000003 -0.000000 3.976710 -4.405066 6.377931 -0.000004 0.000001 -0.000005 0.000006 -0.000003 -0.000003 0.000002 -0.000003 -0.000001 0.000000 0.000003 -0.000002 2.165846 -4.997840 7.896619 -0.000001 0.000001 -0.000005 0.000002 0.000013 0.000006 -0.000001 0.000004 -0.000001 0.000001 -0.000002 -0.000000 -0.668813 -1.716168 3.232251 -0.000000 0.000010 -0.000004 -0.618828 -2.224046 1.556311 -0.000001 0.000006 -0.000006 -1.139799 -3.541373 2.553543 0.000003 -0.000008 0.000004 -0.000002 0.000004 -0.000002 -0.095715 19.149414 -0.872771 0.000004 -0.000000 -0.000000 -16.249191 -1.457016 -3.766138 -106.616459 -0.175483 38.566533 -18.689995 -21.493000 1.212277 7.995446 -45.490057 22.412794 -9.161689 -14.015993 17.244202 -10.456028 -22.450726 19.248685 -5.669903 -4.447995 3.162405 -0.000002 -0.000001 0.000004 -1.150699 -3.013510 -0.086802 -0.000000 -0.000003 -0.000001 0.431394 -1.930588 -0.420901 0.000003 0.000003 0.000002 0.865007 -1.558791 -0.501400 0.000001 0.000000 -0.000001 -4.894709 -4.487005 4.992404 0.000002 0.000006 0.000004 -1.614387 -4.026486 0.464401 -0.000001 -0.000006 0.000003 0.881409 -2.472407 -0.679999 0.000006 0.000006 -0.000006 0.982997 -1.727609 -0.664402 -0.000001 0.000007 0.000004 -3.976699 -4.405004 6.378008 -0.000004 0.000001 -0.000000 -1.576299 -4.641001 1.506197 0.000005 -0.000001 0.000001 0.565402 -2.735105 -0.446296 0.000001 0.000002 -0.000001 0.577899 -2.212807 -0.468607 0.000003 -0.000004 -0.000003 -2.165804 -4.996988 7.896705 0.000002 -0.000004 0.000002 -1.107008 -3.866784 1.244104 -0.000001 -0.000004 0.000000 0.165906 -2.495202 -0.257404 0.000003 0.000004 0.000000 0.419300 -2.359511 -0.559597 -0.000002 -0.000006 -0.000001 0.668794 -1.715991 3.232303 -0.000001 -0.000003 0.000001 0.618805 -2.224023 1.556291 -0.000005 -0.000004 -0.000001 1.139803 -3.541100 2.553509 0.000006 0.000003 0.000002 -0.590006 -2.627725 1.193705 0.000005 -0.000001 -0.000001 8.610315 -5.345805 -1.147063 -100.704173 -0.000644 -0.002208 108.558009 -0.001704 -0.003049 -6.724355 -0.000286 0.000296 1.194452 -7.224802 11.745975 -0.000003 -0.000001 0.000000 0.749603 -1.684399 6.380374 0.000002 0.000000 -0.000000 -8.610320 -5.345827 -1.147061 -18.715401 0.000000 -0.000000 -1.467480 -41.307808 -0.215582 110.543285 0.000000 -0.000000 -1.465900 -41.266689 -3.033068 37.335385 0.000000 0.000000 -1.194488 -7.224801 11.746427 -0.000003 -0.000000 0.000000 -0.749617 -1.684396 6.379956 0.000000 0.000000 0.000000 
0.000000 49.403900 -1.590447 -0.000000 0.000000 -0.000000 0.000000 5.822937 0.122294 15.069518 3.938355 -1.096658 16.822563 4.379428 -2.914710 16.113147 0.000000 -0.000000 0.000001 25.104660 -1.532960 0.000002 -0.000000 0.000000 -0.000001 12.653502 1.544389 -21.596747 0.000000 -0.000001 -3.330331 3.459640 8.674035 0.000001 0.000002 0.000006 3.330325 3.459824 8.674031 0.000001 -0.000003 0.000001 -0.000002 -0.763535 1.289543 0.000005 -0.000002 0.000001 -0.000001 6.326752 0.772196 0.000002 -0.000000 0.000000 0.095713 19.149231 -0.872785 0.000002 0.000000 0.000000 16.249254 -1.457193 -3.766123 -1.464717 -6.770257 -24.388871 0.000001 -0.000005 0.000004 0.000006 -0.000002 0.000004 5.669902 -4.448122 3.162332 -0.000002 0.000000 0.000005 -0.000002 0.000002 0.000003 0.000002 -0.000002 0.000001 -0.000000 0.000012 0.000000 4.894716 -4.487236 4.992383 0.000002 -0.000005 -0.000002 0.000000 0.000009 -0.000002 -0.000001 -0.000001 0.000003 -0.000000 -0.000003 -0.000003 3.976712 -4.405076 6.377931 -0.000003 0.000002 -0.000002 0.000003 -0.000004 -0.000008 0.000001 -0.000002 -0.000006 0.000002 0.000002 0.000000 2.165851 -4.997856 7.896617 0.000002 0.000001 0.000001 -0.000001 0.000010 0.000002 -0.000002 0.000002 -0.000007 0.000001 -0.000007 -0.000003 -0.668807 -1.716166 3.232248 0.000002 0.000007 0.000003 -0.618825 -2.224022 1.556315 0.000002 0.000004 -0.000001 -1.139798 -3.541376 2.553543 0.000002 -0.000004 -0.000000 -0.000001 0.000000 0.000001 -0.095714 19.149414 -0.872782 0.000005 0.000000 -0.000001 -16.249182 -1.457006 -3.766122 -110.091653 -0.758588 38.648680 -18.689995 -21.492987 1.212300 8.859699 -47.022567 23.678207 -9.161707 -14.015987 17.244202 -10.702595 -23.310652 19.906129 -5.669894 -4.448009 3.162401 -0.000003 0.000000 -0.000005 -1.150692 -3.013498 -0.086792 0.000000 -0.000003 0.000002 0.431398 -1.930613 -0.420910 0.000009 0.000003 0.000004 0.865012 -1.558806 -0.501386 0.000001 -0.000003 -0.000004 -4.894705 -4.487008 4.992404 0.000002 0.000011 0.000001 -1.614403 -4.026500 0.464398 -0.000001 -0.000005 0.000001 0.881408 -2.472417 -0.679989 0.000000 0.000000 -0.000004 0.983010 -1.727622 -0.664408 -0.000002 0.000005 0.000001 -3.976695 -4.405014 6.378004 0.000002 0.000006 -0.000002 -1.576291 -4.640982 1.506201 -0.000002 0.000002 0.000003 0.565402 -2.735109 -0.446303 -0.000002 0.000000 0.000000 0.577902 -2.212821 -0.468597 0.000004 -0.000003 0.000001 -2.165801 -4.996994 7.896705 0.000001 -0.000006 0.000000 -1.107003 -3.866791 1.244102 0.000001 0.000001 -0.000001 0.165898 -2.495187 -0.257407 0.000002 0.000003 0.000000 0.419305 -2.359504 -0.559596 -0.000002 -0.000003 -0.000001 0.668805 -1.716007 3.232303 0.000000 -0.000001 -0.000003 0.618798 -2.224012 1.556300 -0.000000 -0.000007 -0.000006 1.139800 -3.541100 2.553500 0.000003 0.000007 -0.000003 -0.589986 -2.627699 1.193707 -0.000001 -0.000002 0.000000 8.610315 -5.345805 -1.147063 -100.704173 -0.000644 -0.002208 108.558009 -0.001704 -0.003049 -6.724355 -0.000286 0.000296 1.194452 -7.224802 11.745975 -0.000003 -0.000001 0.000000 0.749603 -1.684399 6.380374 0.000002 0.000000 -0.000000 -8.610320 -5.345827 -1.147061 -18.715401 0.000000 -0.000000 -1.467480 -41.307808 -0.215582 110.543285 0.000000 -0.000000 -1.465900 -41.266689 -3.033068 37.335385 0.000000 0.000000 -1.194488 -7.224801 11.746427 -0.000003 -0.000000 0.000000 -0.749617 -1.684396 6.379956 0.000000 0.000000 0.000000 
0.000000 49.403900 -1.590447 -0.000000 0.000000 -0.000000 -0.000000 5.822934 0.122294 15.261272 4.061895 -1.138415 17.142009 4.510280 -3.020018 16.626029 -0.000000 -0.000001 0.000000 25.104675 -1.532954 -0.000003 -0.000000 -0.000001 -0.000000 12.653504 1.544390 -22.283130 -0.000000 -0.000000 -3.330329 3.459640 8.674034 0.000002 0.000003 0.000005 3.330326 3.459808 8.674033 0.000002 -0.000002 -0.000000 0.000000 -0.763519 1.289538 0.000003 -0.000001 -0.000001 -0.000000 6.326752 0.772201 -0.000000 0.000000 -0.000000 0.095713 19.149216 -0.872772 -0.000002 -0.000000 0.000000 16.249260 -1.457216 -3.766121 -1.464717 -6.770259 -24.388874 0.000002 -0.000003 0.000005 0.000005 0.000000 0.000002 5.669902 -4.448122 3.162330 -0.000006 -0.000003 -0.000002 -0.000001 0.000003 -0.000004 0.000001 -0.000004 0.000000 0.000000 0.000003 0.000006 4.894720 -4.487217 4.992381 -0.000003 -0.000003 -0.000001 0.000000 0.000002 -0.000007 -0.000003 0.000001 0.000003 -0.000003 -0.000004 -0.000005 3.976710 -4.405066 6.377921 -0.000004 0.000001 -0.000005 0.000008 -0.000002 -0.000004 0.000000 -0.000003 -0.000001 0.000001 0.000001 0.000003 2.165853 -4.997850 7.896612 -0.000001 0.000007 -0.000004 0.000004 0.000003 0.000003 -0.000002 0.000002 0.000001 -0.000001 0.000000 -0.000003 -0.668815 -1.716151 3.232244 0.000002 0.000006 0.000003 -0.618821 -2.224044 1.556317 0.000002 0.000003 -0.000006 -1.139795 -3.541369 2.553549 0.000001 -0.000004 -0.000000 0.000001 0.000003 -0.000003 -0.095715 19.149414 -0.872775 0.000001 -0.000002 0.000001 -16.249187 -1.457000 -3.766124 -113.194471 -1.282624 38.692048 -18.689987 -21.492994 1.212285 9.712877 -48.405513 24.892882 -9.161709 -14.016002 17.244194 -10.919741 -24.098169 20.506764 -5.669886 -4.448001 3.162395 -0.000006 -0.000001 0.000001 -1.150696 -3.013511 -0.086801 -0.000001 -0.000006 0.000001 0.431406 -1.930597 -0.420890 0.000009 0.000004 0.000002 0.864999 -1.558809 -0.501403 0.000002 -0.000003 -0.000001 -4.894701 -4.487005 4.992398 0.000000 0.000007 0.000004 -1.614395 -4.026488 0.464395 0.000002 -0.000009 0.000003 0.881404 -2.472390 -0.680007 0.000000 -0.000003 0.000004 0.983007 -1.727614 -0.664398 -0.000000 0.000005 0.000002 -3.976685 -4.405014 6.378001 -0.000003 0.000000 -0.000002 -1.576314 -4.640992 1.506189 0.000001 -0.000003 0.000002 0.565416 -2.735114 -0.446293 -0.000005 0.000001 0.000006 0.577898 -2.212803 -0.468588 0.000003 0.000002 0.000001 -2.165789 -4.997003 7.896698 -0.000001 -0.000005 0.000001 -1.106999 -3.866808 1.244094 0.000001 -0.000006 0.000003 0.165896 -2.495199 -0.257402 -0.000002 0.000003 0.000001 0.419303 -2.359496 -0.559602 -0.000003 -0.000003 0.000002 0.668809 -1.716001 3.232303 -0.000003 -0.000005 0.000001 0.618792 -2.223998 1.556289 -0.000003 -0.000003 -0.000004 1.139799 -3.541109 2.553508 0.000002 0.000008 -0.000002 -0.589995 -2.627708 1.193714 -0.000002 0.000000 -0.000003 8.610315 -5.345805 -1.147063 -100.704173 -0.000644 -0.002208 108.558009 -0.001704 -0.003049 -6.724355 -0.000286 0.000296 1.194452 -7.224802 11.745975 -0.000003 -0.000001 0.000000 0.749603 -1.684399 6.380374 0.000002 0.000000 -0.000000 -8.610320 -5.345827 -1.147061 -18.715401 0.000000 -0.000000 -1.467480 -41.307808 -0.215582 110.543285 0.000000 -0.000000 -1.465900 -41.266689 -3.033068 37.335385 0.000000 0.000000 -1.194488 -7.224801 11.746427 -0.000003 -0.000000 0.000000 -0.749617 -1.684396 6.379956 0.000000 0.000000 0.000000 
0.000000 49.403900 -1.590447 -0.000000 0.000000 -0.000000 -0.000000 5.822937 0.122294 15.434452 4.173284 -1.176465 17.430551 4.627868 -3.115699 17.088761 -0.000000 0.000000 -0.000001 25.104675 -1.532961 -0.000000 0.000001 -0.000001 -0.000000 12.653485 1.544383 -22.902137 -0.000000 0.000000 -3.330328 3.459640 8.674041 0.000001 0.000002 0.000005 3.330326 3.459824 8.674036 0.000001 -0.000003 0.000000 -0.000000 -0.763504 1.289539 0.000005 -0.000001 -0.000000 0.000000 6.326736 0.772196 -0.000001 -0.000000 -0.000000 0.095712 19.149231 -0.872782 -0.000001 0.000002 -0.000001 16.249262 -1.457215 -3.766128 -1.464719 -6.770257 -24.388876 0.000005 0.000000 0.000003 0.000003 0.000000 0.000004 5.669898 -4.448123 3.162333 0.000001 -0.000001 0.000004 -0.000005 0.000003 0.000003 -0.000003 -0.000004 0.000000 -0.000001 0.000000 0.000002 4.894720 -4.487236 4.992384 0.000004 -0.000008 -0.000000 0.000000 0.000005 -0.000006 0.000002 -0.000003 0.000001 -0.000001 -0.000006 -0.000006 3.976712 -4.405063 6.377930 -0.000002 0.000001 -0.000000 0.000001 -0.000004 -0.000007 -0.000001 -0.000000 -0.000007 -0.000004 0.000000 0.000000 2.165850 -4.997839 7.896618 -0.000003 -0.000001 0.000001 -0.000003 0.000008 -0.000000 -0.000002 0.000003 0.000003 0.000002 0.000003 0.000001 -0.668809 -1.716163 3.232252 -0.000000 0.000006 0.000003 -0.618821 -2.224042 1.556309 0.000000 0.000000 -0.000004 -1.139793 -3.541377 2.553544 0.000001 -0.000007 0.000005 -0.000001 0.000005 0.000002 -0.095715 19.149429 -0.872786 0.000002 0.000000 -0.000000 -16.249182 -1.457004 -3.766140 -115.929935 -1.745913 38.706696 -18.689999 -21.492994 1.212285 10.537623 -49.636265 26.039423 -9.161703 -14.015988 17.244204 -11.108672 -24.809165 21.048111 -5.669891 -4.447995 3.162394 -0.000003 -0.000001 -0.000003 -1.150702 -3.013512 -0.086802 0.000002 -0.000000 -0.000003 0.431402 -1.930588 -0.420881 0.000006 0.000004 0.000002 0.864998 -1.558791 -0.501411 -0.000000 -0.000002 -0.000003 -4.894704 -4.486998 4.992401 0.000003 0.000003 0.000001 -1.614391 -4.026481 0.464400 -0.000001 -0.000003 -0.000001 0.881405 -2.472414 -0.679995 0.000003 0.000004 -0.000004 0.983005 -1.727629 -0.664407 -0.000004 0.000006 -0.000001 -3.976698 -4.405003 6.377999 -0.000004 0.000000 0.000003 -1.576293 -4.640998 1.506198 0.000002 0.000000 0.000001 0.565400 -2.735107 -0.446303 0.000001 0.000000 -0.000000 0.577896 -2.212799 -0.468597 -0.000002 -0.000002 -0.000000 -2.165792 -4.996996 7.896702 0.000001 -0.000007 0.000001 -1.106993 -3.866797 1.244107 -0.000000 -0.000001 0.000001 0.165878 -2.495203 -0.257402 0.000004 0.000003 -0.000001 0.419301 -2.359501 -0.559608 -0.000002 -0.000001 -0.000001 0.668801 -1.715993 3.232305 -0.000002 -0.000005 -0.000005 0.618807 -2.223999 1.556296 0.000003 -0.000007 0.000002 1.139802 -3.541123 2.553504 0.000001 0.000006 -0.000002 -0.589992 -2.627701 1.193714 0.000001 -0.000003 0.000001 8.610315 -5.345805 -1.147063 -100.704173 -0.000644 -0.002208 108.558009 -0.001704 -0.003049 -6.724355 -0.000286 0.000296 1.194452 -7.224802 11.745975 -0.000003 -0.000001 0.000000 0.749603 -1.684399 6.380374 0.000002 0.000000 -0.000000 -8.610320 -5.345827 -1.147061 -18.715401 0.000000 -0.000000 -1.467480 -41.307808 -0.215582 110.543285 0.000000 -0.000000 -1.465900 -41.266689 -3.033068 37.335385 0.000000 0.000000 -1.194488 -7.224801 11.746427 -0.000003 -0.000000 0.000000 -0.749617 -1.684396 6.379956 0.000000 0.000000 0.000000 
0.000000 49.403900 -1.590447 -0.000000 0.000000 -0.000000 -0.000000 5.822937 0.122295 15.588293 4.272084 -1.210536 17.686910 4.731850 -3.201147 17.499430 0.000000 -0.000000 0.000000 25.104675 -1.532966 0.000002 -0.000000 0.000001 -0.000000 12.653513 1.544369 -23.451282 -0.000001 -0.000000 -3.330330 3.459640 8.674034 0.000000 0.000002 0.000006 3.330326 3.459824 8.674030 0.000001 -0.000002 0.000000 -0.000001 -0.763535 1.289539 0.000002 -0.000002 0.000000 0.000000 6.326752 0.772192 0.000002 -0.000001 0.000001 0.095713 19.149216 -0.872791 -0.000001 -0.000001 0.000001 16.249254 -1.457201 -3.766121 -1.464723 -6.770258 -24.388874 0.000002 -0.000003 0.000007 0.000007 -0.000003 0.000006 5.669907 -4.448133 3.162330 -0.000002 -0.000008 0.000007 0.000003 0.000003 -0.000003 0.000001 -0.000004 0.000002 -0.000002 0.000003 -0.000001 4.894717 -4.487248 4.992381 -0.000000 -0.000004 -0.000000 -0.000003 0.000006 -0.000009 0.000003 -0.000007 0.000007 -0.000004 -0.000004 -0.000003 3.976712 -4.405073 6.377923 -0.000006 -0.000002 0.000002 0.000003 0.000001 -0.000006 0.000001 -0.000007 -0.000002 0.000002 0.000002 0.000002 2.165852 -4.997850 7.896616 -0.000003 0.000000 0.000004 0.000001 0.000004 0.000007 -0.000001 0.000001 -0.000003 0.000003 -0.000006 -0.000001 -0.668809 -1.716169 3.232247 -0.000002 0.000003 0.000003 -0.618823 -2.224055 1.556316 0.000003 -0.000001 -0.000005 -1.139794 -3.541383 2.553551 -0.000000 -0.000006 0.000002 -0.000002 0.000002 -0.000000 -0.095714 19.149414 -0.872789 0.000004 0.000001 0.000001 -16.249193 -1.457000 -3.766141 -118.306185 -2.148456 38.701454 -18.689999 -21.492989 1.212286 11.316227 -50.714100 27.100172 -9.161694 -14.016004 17.244198 -11.270755 -25.440416 21.528186 -5.669905 -4.447999 3.162400 -0.000003 -0.000001 -0.000001 -1.150700 -3.013507 -0.086811 0.000006 -0.000003 0.000002 0.431391 -1.930596 -0.420878 0.000008 0.000004 0.000002 0.865011 -1.558797 -0.501400 0.000002 -0.000003 0.000001 -4.894711 -4.487011 4.992403 0.000003 0.000006 0.000006 -1.614404 -4.026510 0.464427 0.000005 -0.000006 -0.000000 0.881413 -2.472391 -0.680007 -0.000003 0.000004 -0.000004 0.983003 -1.727625 -0.664415 -0.000002 0.000005 0.000002 -3.976700 -4.405015 6.378006 -0.000001 -0.000000 -0.000000 -1.576301 -4.641000 1.506211 0.000000 -0.000001 0.000008 0.565394 -2.735101 -0.446295 0.000001 0.000002 -0.000001 0.577900 -2.212809 -0.468592 0.000001 -0.000005 0.000002 -2.165810 -4.997000 7.896701 -0.000002 -0.000011 0.000002 -1.107001 -3.866776 1.244102 0.000003 0.000003 -0.000000 0.165894 -2.495203 -0.257399 0.000003 -0.000003 0.000001 0.419315 -2.359498 -0.559604 0.000003 -0.000001 -0.000000 0.668791 -1.716000 3.232304 -0.000003 -0.000008 -0.000004 0.618809 -2.224022 1.556301 -0.000001 -0.000006 -0.000003 1.139802 -3.541103 2.553511 0.000003 0.000006 0.000003 -0.589992 -2.627706 1.193698 0.000001 -0.000003 0.000001 8.610315 -5.345805 -1.147063 -100.704173 -0.000644 -0.002208 108.558009 -0.001704 -0.003049 -6.724355 -0.000286 0.000296 1.194452 -7.224802 11.745975 -0.000003 -0.000001 0.000000 0.749603 -1.684399 6.380374 0.000002 0.000000 -0.000000 -8.610320 -5.345827 -1.147061 -18.715401 0.000000 -0.000000 -1.467480 -41.307808 -0.215582 110.543285 0.000000 -0.000000 -1.465900 -41.266689 -3.033068 37.335385 0.000000 0.000000 -1.194488 -7.224801 11.746427 -0.000003 -0.000000 0.000000 -0.749617 -1.684396 6.379956 0.000000 0.000000 0.000000 
0.000000 49.403900 -1.590447 -0.000000 0.000000 -0.000000 0.000000 5.822937 0.122294 15.722209 4.357970 -1.240400 17.910074 4.821996 -3.275874 17.856594 -0.000001 0.000000 -0.000001 25.104675 -1.532954 -0.000001 -0.000001 0.000000 -0.000001 12.653491 1.544379 -23.928709 -0.000000 -0.000001 -3.330330 3.459625 8.674038 -0.000001 0.000001 0.000006 3.330325 3.459808 8.674031 -0.000000 -0.000004 0.000001 -0.000002 -0.763519 1.289546 0.000003 -0.000002 0.000001 -0.000001 6.326752 0.772193 0.000001 -0.000001 0.000000 0.095711 19.149231 -0.872779 0.000002 0.000001 0.000000 16.249252 -1.457209 -3.766126 -1.464721 -6.770262 -24.388874 0.000001 -0.000003 0.000005 0.000006 -0.000002 -0.000001 5.669907 -4.448125 3.162329 -0.000004 -0.000003 0.000008 0.000000 0.000005 0.000000 0.000002 -0.000003 0.000002 -0.000003 0.000003 -0.000001 4.894716 -4.487231 4.992383 -0.000000 -0.000005 0.000000 -0.000002 0.000004 -0.000004 0.000003 -0.000006 0.000004 -0.000003 -0.000003 0.000001 3.976717 -4.405078 6.377929 -0.000004 0.000001 0.000002 -0.000001 -0.000003 -0.000008 0.000000 -0.000010 0.000001 -0.000002 0.000000 0.000000 2.165848 -4.997849 7.896616 -0.000001 0.000002 -0.000002 -0.000002 0.000008 0.000005 -0.000001 0.000004 -0.000001 0.000007 -0.000001 0.000001 -0.668809 -1.716156 3.232249 0.000005 0.000006 0.000003 -0.618822 -2.224045 1.556318 0.000007 -0.000003 -0.000001 -1.139792 -3.541370 2.553553 0.000004 -0.000006 0.000007 0.000001 0.000006 -0.000004 -0.095716 19.149429 -0.872780 0.000005 -0.000000 0.000002 -16.249182 -1.456996 -3.766126 -120.333276 -2.491342 38.683784 -18.689991 -21.492996 1.212274 12.031181 -51.639789 28.057977 -9.161702 -14.016004 17.244198 -11.407429 -25.989560 21.945533 -5.669897 -4.448001 3.162412 -0.000004 -0.000001 0.000001 -1.150702 -3.013497 -0.086805 0.000002 -0.000004 -0.000001 0.431393 -1.930580 -0.420899 0.000003 0.000004 -0.000002 0.864998 -1.558808 -0.501394 0.000001 -0.000002 -0.000003 -4.894721 -4.487011 4.992417 0.000003 0.000004 0.000004 -1.614404 -4.026487 0.464403 -0.000003 -0.000007 -0.000001 0.881418 -2.472394 -0.680004 -0.000005 0.000004 -0.000000 0.983017 -1.727614 -0.664414 -0.000001 0.000009 0.000006 -3.976703 -4.405005 6.378010 -0.000006 -0.000000 0.000002 -1.576301 -4.640986 1.506193 0.000001 0.000002 0.000002 0.565394 -2.735096 -0.446321 -0.000001 0.000007 0.000002 0.577904 -2.212804 -0.468606 0.000006 -0.000003 0.000002 -2.165802 -4.996993 7.896717 -0.000002 -0.000012 0.000002 -1.107002 -3.866781 1.244094 -0.000002 -0.000004 0.000001 0.165898 -2.495175 -0.257384 0.000004 -0.000002 0.000004 0.419298 -2.359488 -0.559607 -0.000001 -0.000009 -0.000005 0.668795 -1.716011 3.232311 -0.000004 -0.000007 -0.000003 0.618810 -2.224005 1.556298 0.000004 -0.000003 0.000001 1.139792 -3.541107 2.553504 0.000001 0.000009 -0.000004 -0.589994 -2.627714 1.193704 -0.000001 -0.000002 0.000000 8.610315 -5.345805 -1.147063 -100.704173 -0.000644 -0.002208 108.558009 -0.001704 -0.003049 -6.724355 -0.000286 0.000296 1.194452 -7.224802 11.745975 -0.000003 -0.000001 0.000000 0.749603 -1.684399 6.380374 0.000002 0.000000 -0.000000 -8.610320 -5.345827 -1.147061 -18.715401 0.000000 -0.000000 -1.467480 -41.307808 -0.215582 110.543285 0.000000 -0.000000 -1.465900 -41.266689 -3.033068 37.335385 0.000000 0.000000 -1.194488 -7.224801 11.746427 -0.000003 -0.000000 0.000000 -0.749617 -1.684396 6.379956 0.000000 0.000000 0.000000 
0.000000 49.403900 -1.590447 -0.000000 0.000000 -0.000000 0.000000 5.822936 0.122295 15.835775 4.430720 -1.265875 18.099349 4.898175 -3.339493 18.159258 -0.000000 -0.000000 -0.000000 25.104675 -1.532965 -0.000001 -0.000000 -0.000000 -0.000001 12.653537 1.544379 -24.333138 0.000001 0.000001 -3.330328 3.459610 8.674040 0.000000 0.000004 0.000005 3.330327 3.459808 8.674033 0.000001 -0.000001 -0.000000 0.000000 -0.763519 1.289543 0.000005 -0.000001 -0.000000 0.000001 6.326736 0.772184 0.000002 0.000000 0.000000 0.095712 19.149216 -0.872784 -0.000002 0.000001 0.000001 16.249252 -1.457201 -3.766135 -1.464725 -6.770258 -24.388871 -0.000001 -0.000003 0.000003 0.000004 0.000001 0.000003 5.669892 -4.448117 3.162326 -0.000003 -0.000003 0.000007 -0.000001 0.000002 0.000001 0.000000 -0.000005 -0.000003 -0.000003 0.000002 -0.000003 4.894708 -4.487223 4.992380 -0.000000 -0.000003 -0.000003 -0.000004 0.000004 -0.000004 -0.000000 -0.000001 0.000006 -0.000002 -0.000005 -0.000002 3.976704 -4.405061 6.377924 -0.000005 0.000004 -0.000004 0.000005 -0.000007 -0.000005 0.000003 -0.000004 -0.000003 0.000004 0.000005 0.000002 2.165842 -4.997839 7.896612 -0.000003 0.000004 -0.000000 -0.000001 0.000005 -0.000004 0.000002 0.000002 -0.000000 0.000001 0.000000 -0.000002 -0.668815 -1.716145 3.232244 0.000003 0.000005 0.000003 -0.618819 -2.224038 1.556313 0.000001 -0.000004 -0.000003 -1.139795 -3.541361 2.553549 0.000004 -0.000006 -0.000000 -0.000001 0.000004 -0.000001 -0.095715 19.149414 -0.872787 0.000005 -0.000000 0.000001 -16.249195 -1.457010 -3.766126 -122.022095 -2.776296 38.659803 -18.689987 -21.492989 1.212286 12.665950 -52.415169 28.896673 -9.161691 -14.015995 17.244202 -11.520086 -26.454923 22.299085 -5.669899 -4.447999 3.162399 -0.000005 0.000004 -0.000003 -1.150694 -3.013519 -0.086807 0.000005 -0.000004 -0.000002 0.431389 -1.930600 -0.420888 0.000003 0.000003 -0.000002 0.864999 -1.558812 -0.501405 0.000003 -0.000002 -0.000001 -4.894698 -4.487013 4.992395 0.000004 0.000011 -0.000001 -1.614384 -4.026504 0.464413 -0.000000 -0.000006 0.000001 0.881409 -2.472383 -0.680008 0.000000 0.000003 -0.000004 0.983016 -1.727619 -0.664404 -0.000001 0.000012 0.000003 -3.976701 -4.405012 6.378000 -0.000003 0.000008 -0.000002 -1.576301 -4.640981 1.506188 -0.000000 -0.000001 0.000002 0.565396 -2.735100 -0.446304 -0.000002 0.000008 0.000001 0.577885 -2.212793 -0.468604 0.000004 0.000000 -0.000003 -2.165795 -4.996997 7.896699 -0.000001 -0.000004 0.000004 -1.107005 -3.866784 1.244095 0.000003 -0.000001 0.000001 0.165899 -2.495191 -0.257387 0.000004 0.000004 0.000002 0.419309 -2.359504 -0.559607 -0.000003 -0.000000 -0.000001 0.668792 -1.715999 3.232302 -0.000001 -0.000002 -0.000002 0.618812 -2.224020 1.556289 0.000003 -0.000004 -0.000000 1.139802 -3.541091 2.553505 -0.000004 0.000003 -0.000000 -0.589982 -2.627709 1.193704 0.000003 -0.000004 0.000002 8.610315 -5.345805 -1.147063 -100.704173 -0.000644 -0.002208 108.558009 -0.001704 -0.003049 -6.724355 -0.000286 0.000296 1.194452 -7.224802 11.745975 -0.000003 -0.000001 0.000000 0.749603 -1.684399 6.380374 0.000002 0.000000 -0.000000 -8.610320 -5.345827 -1.147061 -18.715401 0.000000 -0.000000 -1.467480 -41.307808 -0.215582 110.543285 0.000000 -0.000000 -1.465900 -41.266689 -3.033068 37.335385 0.000000 0.000000 -1.194488 -7.224801 11.746427 -0.000003 -0.000000 0.000000 -0.749617 -1.684396 6.379956 0.000000 0.000000 0.000000 
0.000000 49.403900 -1.590447 -0.000000 0.000000 -0.000000 0.000000 5.822936 0.122294 15.928718 4.490202 -1.286826 18.254258 4.960337 -3.391730 18.406805 -0.000000 0.000000 -0.000000 25.104660 -1.532960 -0.000001 -0.000000 0.000000 -0.000000 12.653516 1.544386 -24.663810 0.000000 -0.000001 -3.330330 3.459640 8.674034 0.000003 0.000003 0.000006 3.330325 3.459823 8.674036 0.000004 -0.000003 0.000001 -0.000001 -0.763535 1.289544 0.000007 -0.000002 0.000000 -0.000001 6.326752 0.772194 0.000003 -0.000000 -0.000000 0.095713 19.149231 -0.872780 -0.000000 0.000001 0.000000 16.249256 -1.457202 -3.766121 -1.464725 -6.770259 -24.388876 0.000002 -0.000003 0.000007 0.000004 0.000000 0.000004 5.669902 -4.448125 3.162335 -0.000004 -0.000005 0.000004 -0.000001 0.000004 -0.000002 0.000002 -0.000006 0.000002 -0.000003 0.000004 0.000003 4.894715 -4.487231 4.992384 -0.000001 -0.000007 -0.000002 -0.000002 0.000005 -0.000006 0.000003 -0.000005 0.000004 -0.000003 -0.000005 -0.000007 3.976715 -4.405063 6.377930 -0.000004 0.000000 -0.000002 0.000000 -0.000005 -0.000009 -0.000001 -0.000004 -0.000006 0.000000 0.000002 -0.000002 2.165851 -4.997853 7.896618 -0.000003 0.000006 -0.000007 0.000001 0.000008 0.000001 0.000004 0.000005 -0.000005 -0.000000 -0.000003 -0.000002 -0.668815 -1.716158 3.232255 -0.000003 0.000006 0.000003 -0.618826 -2.224052 1.556318 0.000004 0.000003 0.000002 -1.139792 -3.541371 2.553548 0.000005 -0.000009 -0.000000 0.000003 0.000006 -0.000000 -0.095715 19.149414 -0.872780 0.000005 -0.000000 0.000001 -16.249189 -1.457014 -3.766138 -123.383583 -3.005363 38.634357 -18.689989 -21.492998 1.212304 13.205741 -53.042925 29.602013 -9.161694 -14.015990 17.244204 -11.610067 -26.835530 22.588201 -5.669904 -4.448007 3.162404 -0.000005 -0.000001 0.000003 -1.150692 -3.013506 -0.086789 0.000002 -0.000005 0.000001 0.431391 -1.930588 -0.420892 0.000003 0.000003 0.000004 0.865018 -1.558804 -0.501392 -0.000000 -0.000003 -0.000001 -4.894710 -4.487005 4.992406 0.000003 0.000006 0.000003 -1.614401 -4.026502 0.464405 -0.000000 -0.000009 0.000006 0.881415 -2.472415 -0.680012 0.000000 0.000003 0.000001 0.982997 -1.727620 -0.664403 -0.000006 0.000009 0.000004 -3.976703 -4.405006 6.378005 -0.000002 -0.000000 0.000002 -1.576311 -4.641014 1.506208 0.000007 0.000002 0.000002 0.565393 -2.735100 -0.446298 -0.000004 0.000000 0.000001 0.577906 -2.212814 -0.468590 0.000004 -0.000003 0.000001 -2.165797 -4.996985 7.896702 -0.000005 -0.000005 0.000001 -1.106999 -3.866785 1.244101 0.000002 -0.000001 -0.000000 0.165908 -2.495196 -0.257405 0.000003 -0.000002 0.000005 0.419309 -2.359496 -0.559612 -0.000002 0.000000 0.000004 0.668794 -1.716004 3.232311 -0.000000 -0.000006 -0.000002 0.618816 -2.223991 1.556285 -0.000002 -0.000008 -0.000003 1.139801 -3.541115 2.553507 0.000001 0.000002 0.000003 -0.589994 -2.627691 1.193707 -0.000003 -0.000002 0.000000 8.610315 -5.345805 -1.147063 -100.704173 -0.000644 -0.002208 108.558009 -0.001704 -0.003049 -6.724355 -0.000286 0.000296 1.194452 -7.224802 11.745975 -0.000003 -0.000001 0.000000 0.749603 -1.684399 6.380374 0.000002 0.000000 -0.000000 -8.610320 -5.345827 -1.147061 -18.715401 0.000000 -0.000000 -1.467480 -41.307808 -0.215582 110.543285 0.000000 -0.000000 -1.465900 -41.266689 -3.033068 37.335385 0.000000 0.000000 -1.194488 -7.224801 11.746427 -0.000003 -0.000000 0.000000 -0.749617 -1.684396 6.379956 0.000000 0.000000 0.000000 
0.000000 49.403900 -1.590447 -0.000000 0.000000 -0.000000 0.000000 5.822936 0.122294 16.000901 4.536360 -1.303161 18.374575 5.008501 -3.432404 18.598959 0.000000 0.000000 0.000001 25.104660 -1.532967 0.000006 0.000000 -0.000000 -0.000001 12.653513 1.544390 -24.920440 -0.000000 -0.000001 -3.330328 3.459640 8.674034 0.000001 0.000003 0.000005 3.330328 3.459823 8.674034 0.000002 -0.000002 -0.000000 0.000000 -0.763519 1.289545 0.000003 -0.000002 0.000000 -0.000001 6.326752 0.772201 0.000003 -0.000000 -0.000000 0.095714 19.149216 -0.872781 0.000001 0.000003 -0.000001 16.249260 -1.457207 -3.766125 -1.464716 -6.770259 -24.388869 0.000001 -0.000003 0.000003 0.000005 0.000001 0.000003 5.669904 -4.448139 3.162330 -0.000005 -0.000001 -0.000001 -0.000003 0.000002 0.000001 0.000003 -0.000007 0.000001 -0.000002 0.000001 0.000001 4.894719 -4.487228 4.992386 -0.000001 -0.000005 -0.000004 -0.000000 0.000006 -0.000009 0.000006 -0.000004 0.000002 -0.000005 0.000001 -0.000004 3.976714 -4.405073 6.377931 -0.000005 0.000000 -0.000004 0.000001 -0.000006 -0.000007 0.000005 -0.000004 -0.000002 0.000002 0.000000 0.000000 2.165843 -4.997859 7.896615 -0.000001 -0.000001 -0.000002 0.000000 0.000004 0.000007 -0.000004 0.000001 -0.000003 0.000001 0.000000 -0.000002 -0.668815 -1.716154 3.232249 -0.000001 0.000006 -0.000002 -0.618820 -2.224033 1.556313 0.000003 -0.000000 -0.000004 -1.139794 -3.541382 2.553554 0.000001 -0.000006 0.000003 -0.000002 0.000004 0.000001 -0.095714 19.149414 -0.872786 0.000006 0.000001 0.000000 -16.249191 -1.457008 -3.766132 -124.428206 -3.180624 38.611148 -18.689991 -21.492996 1.212265 13.637986 -53.526089 30.162013 -9.161698 -14.016001 17.244205 -11.678576 -27.130965 22.812625 -5.669893 -4.447992 3.162406 -0.000003 0.000000 0.000001 -1.150705 -3.013496 -0.086796 0.000004 -0.000005 -0.000002 0.431395 -1.930593 -0.420895 0.000003 0.000003 0.000004 0.864998 -1.558834 -0.501396 0.000002 -0.000005 -0.000003 -4.894702 -4.487001 4.992407 0.000003 0.000007 0.000001 -1.614394 -4.026497 0.464409 0.000004 -0.000007 0.000005 0.881411 -2.472402 -0.680007 -0.000002 0.000002 -0.000006 0.983006 -1.727607 -0.664405 -0.000003 0.000011 -0.000001 -3.976695 -4.405012 6.378008 -0.000003 0.000001 0.000002 -1.576303 -4.640983 1.506196 0.000000 -0.000001 0.000001 0.565397 -2.735107 -0.446302 -0.000002 0.000004 0.000002 0.577903 -2.212794 -0.468598 -0.000001 -0.000003 -0.000000 -2.165796 -4.996994 7.896705 -0.000003 -0.000006 0.000004 -1.106998 -3.866788 1.244110 -0.000002 -0.000001 0.000004 0.165897 -2.495196 -0.257411 0.000001 0.000006 0.000001 0.419305 -2.359489 -0.559606 -0.000002 -0.000000 -0.000001 0.668804 -1.715999 3.232315 -0.000001 -0.000003 0.000002 0.618787 -2.223984 1.556284 -0.000005 -0.000013 -0.000001 1.139801 -3.541107 2.553504 -0.000001 0.000005 0.000001 -0.590004 -2.627698 1.193714 0.000000 0.000000 -0.000002 8.610315 -5.345805 -1.147063 -100.704173 -0.000644 -0.002208 108.558009 -0.001704 -0.003049 -6.724355 -0.000286 0.000296 1.194452 -7.224802 11.745975 -0.000003 -0.000001 0.000000 0.749603 -1.684399 6.380374 0.000002 0.000000 -0.000000 -8.610320 -5.345827 -1.147061 -18.715401 0.000000 -0.000000 -1.467480 -41.307808 -0.215582 110.543285 0.000000 -0.000000 -1.465900 -41.266689 -3.033068 37.335385 0.000000 0.000000 -1.194488 -7.224801 11.746427 -0.000003 -0.000000 0.000000 -0.749617 -1.684396 6.379956 0.000000 0.000000 0.000000 
0.000000 49.403900 -1.590447 -0.000000 0.000000 -0.000000 -0.000000 5.822936 0.122295 16.052305 4.569212 -1.314827 18.460260 5.042738 -3.461425 18.735742 -0.000001 -0.000001 -0.000000 25.104675 -1.532954 -0.000003 -0.000000 -0.000000 -0.000001 12.653501 1.544378 -25.103088 -0.000001 0.000001 -3.330330 3.459625 8.674035 0.000002 0.000003 0.000005 3.330326 3.459808 8.674034 0.000002 -0.000002 -0.000000 0.000001 -0.763535 1.289538 0.000005 -0.000001 0.000000 0.000001 6.326752 0.772191 0.000003 -0.000000 0.000001 0.095713 19.149231 -0.872776 -0.000003 0.000000 -0.000001 16.249256 -1.457200 -3.766114 -1.464719 -6.770259 -24.388871 0.000002 -0.000003 0.000003 0.000004 0.000001 0.000006 5.669899 -4.448136 3.162331 -0.000001 -0.000002 0.000006 0.000002 0.000006 -0.000001 0.000003 -0.000007 0.000002 0.000000 0.000004 0.000003 4.894712 -4.487243 4.992383 0.000004 -0.000003 -0.000001 -0.000004 0.000002 -0.000009 0.000000 -0.000003 0.000006 -0.000002 -0.000001 -0.000009 3.976710 -4.405066 6.377925 -0.000006 0.000000 -0.000004 0.000005 -0.000008 -0.000002 -0.000000 -0.000001 -0.000002 0.000001 0.000002 -0.000002 2.165853 -4.997855 7.896616 -0.000002 0.000006 -0.000002 -0.000001 0.000007 -0.000000 -0.000004 -0.000003 -0.000002 0.000002 -0.000001 -0.000004 -0.668812 -1.716154 3.232251 0.000002 0.000007 0.000003 -0.618824 -2.224030 1.556320 0.000009 0.000002 -0.000004 -1.139797 -3.541377 2.553545 0.000004 -0.000004 0.000006 -0.000003 0.000002 0.000002 -0.095717 19.149414 -0.872774 0.000003 0.000001 0.000001 -16.249189 -1.457006 -3.766129 -125.165279 -3.304000 38.592847 -18.689995 -21.492994 1.212298 13.952920 -53.867752 30.567480 -9.161699 -14.016001 17.244205 -11.726627 -27.341232 22.972368 -5.669889 -4.447999 3.162399 -0.000005 -0.000003 0.000000 -1.150700 -3.013511 -0.086802 0.000003 -0.000010 0.000001 0.431391 -1.930575 -0.420916 0.000002 0.000001 0.000004 0.864999 -1.558794 -0.501403 0.000002 -0.000006 0.000000 -4.894702 -4.487014 4.992399 -0.000000 0.000001 0.000004 -1.614390 -4.026515 0.464417 0.000002 -0.000003 0.000003 0.881404 -2.472398 -0.679998 0.000000 0.000001 -0.000004 0.983009 -1.727597 -0.664406 -0.000003 0.000010 0.000004 -3.976695 -4.405016 6.378003 -0.000005 0.000002 0.000002 -1.576296 -4.641008 1.506200 0.000003 0.000002 0.000002 0.565405 -2.735118 -0.446296 0.000000 0.000004 -0.000000 0.577890 -2.212787 -0.468607 0.000006 -0.000005 0.000001 -2.165800 -4.996990 7.896703 -0.000001 -0.000011 0.000006 -1.107007 -3.866782 1.244094 0.000006 -0.000004 -0.000000 0.165884 -2.495178 -0.257416 0.000000 0.000005 -0.000002 0.419311 -2.359514 -0.559594 0.000001 -0.000001 0.000002 0.668797 -1.716005 3.232304 -0.000006 -0.000006 0.000005 0.618799 -2.224008 1.556297 0.000003 -0.000002 -0.000001 1.139789 -3.541108 2.553516 0.000000 0.000006 -0.000001 -0.589992 -2.627709 1.193714 0.000001 -0.000004 0.000001 8.610315 -5.345805 -1.147063 -100.704173 -0.000644 -0.002208 108.558009 -0.001704 -0.003049 -6.724355 -0.000286 0.000296 1.194452 -7.224802 11.745975 -0.000003 -0.000001 0.000000 0.749603 -1.684399 6.380374 0.000002 0.000000 -0.000000 -8.610320 -5.345827 -1.147061 -18.715401 0.000000 -0.000000 -1.467480 -41.307808 -0.215582 110.543285 0.000000 -0.000000 -1.465900 -41.266689 -3.033068 37.335385 0.000000 0.000000 -1.194488 -7.224801 11.746427 -0.000003 -0.000000 0.000000 -0.749617 -1.684396 6.379956 0.000000 0.000000 0.000000 
0.000000 49.403900 -1.590447 -0.000000 0.000000 -0.000000 0.000000 5.822939 0.122295 16.083014 4.588830 -1.321810 18.511443 5.063166 -3.478784 18.817434 0.000000 0.000000 -0.000001 25.104660 -1.532960 0.000000 -0.000000 0.000000 -0.000000 12.653508 1.544382 -25.212158 0.000001 -0.000000 -3.330328 3.459640 8.674035 0.000001 0.000003 0.000005 3.330327 3.459808 8.674036 0.000001 -0.000002 0.000000 0.000000 -0.763535 1.289546 0.000005 -0.000001 0.000001 -0.000000 6.326752 0.772197 -0.000001 0.000001 -0.000000 0.095711 19.149231 -0.872779 0.000001 -0.000001 0.000001 16.249256 -1.457202 -3.766118 -1.464718 -6.770259 -24.388872 -0.000000 -0.000004 0.000003 0.000005 0.000000 0.000001 5.669900 -4.448131 3.162337 0.000001 -0.000005 0.000007 0.000000 0.000006 -0.000002 0.000003 -0.000001 0.000002 -0.000004 0.000003 0.000001 4.894724 -4.487232 4.992390 0.000002 -0.000005 -0.000002 -0.000006 0.000003 -0.000009 -0.000000 0.000003 0.000006 -0.000003 -0.000001 -0.000003 3.976712 -4.405073 6.377936 -0.000002 -0.000004 -0.000005 0.000002 -0.000005 -0.000001 0.000000 -0.000002 0.000001 0.000001 -0.000001 -0.000002 2.165856 -4.997849 7.896625 0.000001 0.000006 -0.000004 -0.000003 0.000008 0.000002 0.000001 0.000002 0.000007 -0.000003 -0.000005 -0.000004 -0.668810 -1.716158 3.232254 0.000002 0.000002 -0.000003 -0.618816 -2.224035 1.556315 0.000006 0.000005 -0.000003 -1.139797 -3.541364 2.553549 0.000008 -0.000003 0.000002 -0.000004 0.000002 -0.000001 -0.095716 19.149414 -0.872782 0.000006 -0.000001 0.000001 -16.249184 -1.457011 -3.766133 -125.602917 -3.377120 38.581225 -18.689993 -21.492990 1.212290 14.143937 -54.070902 30.812435 -9.161702 -14.015993 17.244190 -11.755032 -27.466820 23.067777 -5.669889 -4.447999 3.162398 -0.000001 -0.000003 0.000000 -1.150705 -3.013516 -0.086803 0.000003 -0.000006 -0.000000 0.431386 -1.930591 -0.420885 -0.000002 0.000002 -0.000000 0.864993 -1.558803 -0.501394 -0.000002 -0.000002 -0.000004 -4.894693 -4.487028 4.992404 0.000004 0.000009 0.000003 -1.614406 -4.026519 0.464401 -0.000000 -0.000009 0.000003 0.881427 -2.472417 -0.679996 0.000002 0.000002 0.000003 0.983029 -1.727620 -0.664396 -0.000003 0.000010 0.000006 -3.976691 -4.405014 6.378005 0.000001 0.000003 -0.000000 -1.576308 -4.640990 1.506195 -0.000003 -0.000001 0.000003 0.565412 -2.735123 -0.446312 -0.000003 0.000000 0.000001 0.577903 -2.212817 -0.468605 0.000001 0.000004 0.000001 -2.165795 -4.997010 7.896708 -0.000001 -0.000004 0.000004 -1.106997 -3.866767 1.244098 -0.000000 -0.000004 0.000001 0.165896 -2.495195 -0.257408 0.000002 0.000003 0.000001 0.419289 -2.359502 -0.559605 -0.000004 -0.000006 0.000001 0.668809 -1.716007 3.232309 0.000000 -0.000003 0.000001 0.618811 -2.224019 1.556304 0.000003 -0.000003 -0.000004 1.139803 -3.541101 2.553510 0.000002 0.000003 0.000002 -0.589999 -2.627697 1.193701 -0.000001 -0.000003 0.000001 8.610315 -5.345805 -1.147063 -100.704173 -0.000644 -0.002208 108.558009 -0.001704 -0.003049 -6.724355 -0.000286 0.000296 1.194452 -7.224802 11.745975 -0.000003 -0.000001 0.000000 0.749603 -1.684399 6.380374 0.000002 0.000000 -0.000000 -8.610320 -5.345827 -1.147061 -18.715401 0.000000 -0.000000 -1.467480 -41.307808 -0.215582 110.543285 0.000000 -0.000000 -1.465900 -41.266689 -3.033068 37.335385 0.000000 0.000000 -1.194488 -7.224801 11.746427 -0.000003 -0.000000 0.000000 -0.749617 -1.684396 6.379956 0.000000 0.000000 0.000000 
0.000000 49.403900 -1.590447 -0.000000 0.000000 -0.000000 0.000000 5.822941 0.122294 16.093200 4.595335 -1.324128 18.528423 5.069936 -3.484544 18.844524 0.000000 -0.000001 0.000002 25.104675 -1.532961 0.000001 0.000000 -0.000000 0.000001 12.653501 1.544377 -25.248329 0.000000 -0.000002 -3.330330 3.459640 8.674035 -0.000000 0.000003 0.000005 3.330325 3.459824 8.674033 0.000000 -0.000003 -0.000000 -0.000001 -0.763519 1.289539 0.000002 -0.000002 -0.000000 0.000001 6.326752 0.772195 -0.000000 0.000000 -0.000000 0.095714 19.149231 -0.872777 -0.000002 0.000000 -0.000001 16.249254 -1.457216 -3.766125 -1.464717 -6.770257 -24.388874 0.000001 -0.000003 0.000003 0.000004 -0.000002 0.000006 5.669894 -4.448134 3.162340 -0.000005 -0.000001 0.000005 0.000003 0.000003 0.000001 0.000004 -0.000005 -0.000001 -0.000003 0.000003 0.000003 4.894711 -4.487239 4.992387 -0.000003 -0.000005 -0.000003 -0.000006 0.000003 -0.000005 -0.000001 -0.000002 0.000004 0.000002 -0.000003 -0.000003 3.976713 -4.405065 6.377934 -0.000005 -0.000003 -0.000004 0.000005 -0.000004 -0.000002 0.000001 -0.000001 -0.000002 0.000003 0.000000 0.000000 2.165853 -4.997855 7.896620 -0.000007 0.000002 -0.000003 0.000001 0.000005 0.000002 -0.000003 0.000003 0.000005 0.000004 -0.000002 0.000001 -0.668815 -1.716159 3.232252 -0.000002 0.000005 -0.000002 -0.618823 -2.224055 1.556310 0.000007 0.000004 -0.000004 -1.139799 -3.541383 2.553546 0.000000 -0.000008 0.000008 -0.000004 0.000000 -0.000004 -0.095714 19.149414 -0.872786 0.000003 0.000000 0.000000 -16.249189 -1.457006 -3.766130 -125.747608 -3.401276 38.577257 -18.689999 -21.492992 1.212291 14.207780 -54.138115 30.894120 -9.161711 -14.015982 17.244194 -11.764405 -27.508462 23.099418 -5.669888 -4.448007 3.162397 -0.000003 -0.000003 0.000004 -1.150697 -3.013500 -0.086785 0.000002 -0.000005 0.000002 0.431394 -1.930592 -0.420896 0.000004 0.000005 0.000000 0.864997 -1.558818 -0.501397 0.000001 -0.000005 -0.000005 -4.894711 -4.487010 4.992407 0.000001 0.000006 0.000008 -1.614393 -4.026501 0.464401 0.000003 -0.000010 0.000008 0.881409 -2.472420 -0.680008 0.000004 0.000003 -0.000004 0.982997 -1.727619 -0.664402 -0.000001 0.000007 0.000004 -3.976690 -4.405011 6.378002 -0.000006 0.000000 0.000005 -1.576296 -4.641010 1.506187 0.000003 -0.000002 0.000003 0.565401 -2.735106 -0.446297 -0.000002 0.000000 0.000001 0.577903 -2.212805 -0.468591 0.000004 -0.000004 -0.000003 -2.165787 -4.996989 7.896698 -0.000004 -0.000011 0.000006 -1.106999 -3.866798 1.244100 0.000002 -0.000001 0.000003 0.165897 -2.495202 -0.257398 0.000004 0.000006 0.000004 0.419312 -2.359483 -0.559586 0.000000 -0.000003 0.000002 0.668804 -1.715998 3.232309 -0.000003 -0.000009 0.000007 0.618799 -2.224006 1.556295 0.000004 -0.000007 -0.000004 1.139795 -3.541108 2.553514 -0.000002 0.000006 -0.000000 -0.590010 -2.627697 1.193696 -0.000002 -0.000002 -0.000001 8.610315 -5.345805 -1.147063 -100.704173 -0.000644 -0.002208 108.558009 -0.001704 -0.003049 -6.724355 -0.000286 0.000296 1.194452 -7.224802 11.745975 -0.000003 -0.000001 0.000000 0.749603 -1.684399 6.380374 0.000002 0.000000 -0.000000 -8.610320 -5.345827 -1.147061 -18.715401 0.000000 -0.000000 -1.467480 -41.307808 -0.215582 110.543285 0.000000 -0.000000 -1.465900 -41.266689 -3.033068 37.335385 0.000000 0.000000 -1.194488 -7.224801 11.746427 -0.000003 -0.000000 0.000000 -0.749617 -1.684396 6.379956 0.000000 0.000000 0.000000 
0.000000 49.403900 -1.590447 -0.000000 0.000000 -0.000000 0.000000 5.822941 0.122294 16.093200 4.595335 -1.324128 18.528423 5.069936 -3.484544 18.844524 0.000000 -0.000001 0.000002 25.104675 -1.532961 0.000001 0.000000 -0.000000 0.000001 12.653501 1.544377 -25.248329 0.000000 -0.000002 -3.330330 3.459640 8.674035 -0.000000 0.000003 0.000005 3.330325 3.459824 8.674033 0.000000 -0.000003 -0.000000 -0.000001 -0.763519 1.289539 0.000002 -0.000002 -0.000000 0.000001 6.326752 0.772195 -0.000000 0.000000 -0.000000 0.095714 19.149231 -0.872777 -0.000002 0.000000 -0.000001 16.249254 -1.457216 -3.766125 -1.464717 -6.770257 -24.388874 0.000001 -0.000003 0.000003 0.000004 -0.000002 0.000006 5.669894 -4.448134 3.162340 -0.000005 -0.000001 0.000005 0.000003 0.000003 0.000001 0.000004 -0.000005 -0.000001 -0.000003 0.000003 0.000003 4.894711 -4.487239 4.992387 -0.000003 -0.000005 -0.000003 -0.000006 0.000003 -0.000005 -0.000001 -0.000002 0.000004 0.000002 -0.000003 -0.000003 3.976713 -4.405065 6.377934 -0.000005 -0.000003 -0.000004 0.000005 -0.000004 -0.000002 0.000001 -0.000001 -0.000002 0.000003 0.000000 0.000000 2.165853 -4.997855 7.896620 -0.000007 0.000002 -0.000003 0.000001 0.000005 0.000002 -0.000003 0.000003 0.000005 0.000004 -0.000002 0.000001 -0.668815 -1.716159 3.232252 -0.000002 0.000005 -0.000002 -0.618823 -2.224055 1.556310 0.000007 0.000004 -0.000004 -1.139799 -3.541383 2.553546 0.000000 -0.000008 0.000008 -0.000004 0.000000 -0.000004 -0.095714 19.149414 -0.872786 0.000003 0.000000 0.000000 -16.249189 -1.457006 -3.766130 -125.747608 -3.401276 38.577257 -18.689999 -21.492992 1.212291 14.207780 -54.138115 30.894120 -9.161711 -14.015982 17.244194 -11.764405 -27.508462 23.099418 -5.669892 -4.448006 3.162398 -0.192231 -0.521607 0.106350 -1.150700 -3.013499 -0.086822 0.000001 -0.000006 0.000001 0.431386 -1.930602 -0.420892 0.000001 0.000003 0.000000 0.864988 -1.558797 -0.501389 -0.000001 -0.000004 -0.000006 -4.894711 -4.487010 4.992407 0.000001 0.000006 0.000008 -1.614393 -4.026501 0.464401 0.000003 -0.000010 0.000008 0.881405 -2.472414 -0.680013 0.062791 -0.011055 0.121801 0.982999 -1.727612 -0.664416 -0.000003 0.000010 0.000001 -3.976690 -4.405011 6.378002 -0.000006 0.000000 0.000005 -1.576296 -4.641010 1.506187 0.000003 -0.000002 0.000003 0.565405 -2.735115 -0.446298 0.274905 0.007316 0.307971 0.577904 -2.212799 -0.468593 -0.000000 0.000003 -0.000002 -2.165787 -4.996989 7.896698 -0.000004 -0.000011 0.000006 -1.106999 -3.866798 1.244100 0.000002 -0.000001 0.000003 0.165897 -2.495202 -0.257398 0.000004 0.000006 0.000004 0.419312 -2.359483 -0.559586 0.000000 -0.000003 0.000002 0.668804 -1.715998 3.232309 -0.000003 -0.000009 0.000007 0.618799 -2.224006 1.556295 0.000004 -0.000007 -0.000004 1.139795 -3.541097 2.553517 0.231110 -0.269129 -0.475031 -0.590001 -2.627709 1.193709 0.000001 0.000001 -0.000001 8.610315 -5.345805 -1.147063 -100.704173 -0.000644 -0.002208 108.558009 -0.001704 -0.003049 -6.724355 -0.000286 0.000296 1.194452 -7.224802 11.745975 -0.000003 -0.000001 0.000000 0.749603 -1.684399 6.380374 0.000002 0.000000 -0.000000 -8.610320 -5.345827 -1.147061 -18.715401 0.000000 -0.000000 -1.467480 -41.307808 -0.215582 110.543285 0.000000 -0.000000 -1.465900 -41.266689 -3.033068 37.335385 0.000000 0.000000 -1.194488 -7.224801 11.746427 -0.000003 -0.000000 0.000000 -0.749617 -1.684396 6.379956 0.000000 0.000000 0.000000 
0.000000 49.403900 -1.590447 -0.000000 0.000000 -0.000000 0.000000 5.822941 0.122294 16.093200 4.595335 -1.324128 18.528423 5.069936 -3.484544 18.844524 0.000000 -0.000001 0.000002 25.104675 -1.532961 0.000001 0.000000 -0.000000 0.000001 12.653501 1.544377 -25.248329 0.000000 -0.000002 -3.330330 3.459640 8.674035 -0.000000 0.000003 0.000005 3.330325 3.459824 8.674033 0.000000 -0.000003 -0.000000 -0.000001 -0.763519 1.289539 0.000002 -0.000002 -0.000000 0.000001 6.326752 0.772195 -0.000000 0.000000 -0.000000 0.095714 19.149231 -0.872777 -0.000002 0.000000 -0.000001 16.249254 -1.457216 -3.766125 -1.464717 -6.770257 -24.388874 0.000001 -0.000003 0.000003 0.000004 -0.000002 0.000006 5.669894 -4.448134 3.162340 -0.000005 -0.000001 0.000005 0.000003 0.000003 0.000001 0.000004 -0.000005 -0.000001 -0.000003 0.000003 0.000003 4.894711 -4.487239 4.992387 -0.000003 -0.000005 -0.000003 -0.000006 0.000003 -0.000005 -0.000001 -0.000002 0.000004 0.000002 -0.000003 -0.000003 3.976713 -4.405065 6.377934 -0.000005 -0.000003 -0.000004 0.000005 -0.000004 -0.000002 0.000001 -0.000001 -0.000002 0.000003 0.000000 0.000000 2.165853 -4.997855 7.896620 -0.000007 0.000002 -0.000003 0.000001 0.000005 0.000002 -0.000003 0.000003 0.000005 0.000004 -0.000002 0.000001 -0.668815 -1.716159 3.232252 -0.000002 0.000005 -0.000002 -0.618823 -2.224055 1.556310 0.000007 0.000004 -0.000004 -1.139799 -3.541383 2.553546 0.000000 -0.000008 0.000008 -0.000004 0.000000 -0.000004 -0.095714 19.149414 -0.872786 0.000003 0.000000 0.000000 -16.249189 -1.457006 -3.766130 -125.747608 -3.401276 38.577257 -18.689999 -21.492992 1.212291 14.207780 -54.138115 30.894120 -9.161711 -14.015982 17.244194 -11.764405 -27.508462 23.099418 -5.669888 -4.448015 3.162398 -0.766374 -2.096774 0.416610 -1.150708 -3.013480 -0.086803 0.000000 -0.000005 -0.000003 0.431402 -1.930592 -0.420894 -0.000001 0.000006 0.000002 0.865006 -1.558811 -0.501407 -0.000002 -0.000003 -0.000001 -4.894711 -4.487010 4.992407 0.000001 0.000006 0.000008 -1.614393 -4.026501 0.464401 0.000003 -0.000010 0.000008 0.881403 -2.472419 -0.680013 0.251916 -0.043524 0.488495 0.982993 -1.727611 -0.664415 -0.000004 0.000009 0.000004 -3.976690 -4.405011 6.378002 -0.000006 0.000000 0.000005 -1.576296 -4.641010 1.506187 0.000003 -0.000002 0.000003 0.565402 -2.735108 -0.446297 1.102865 0.038278 1.235593 0.577899 -2.212807 -0.468597 0.000003 -0.000002 -0.000000 -2.165787 -4.996989 7.896698 -0.000004 -0.000011 0.000006 -1.106999 -3.866798 1.244100 0.000002 -0.000001 0.000003 0.165897 -2.495202 -0.257398 0.000004 0.000006 0.000004 0.419312 -2.359483 -0.559586 0.000000 -0.000003 0.000002 0.668804 -1.715998 3.232309 -0.000003 -0.000009 0.000007 0.618799 -2.224006 1.556295 0.000004 -0.000007 -0.000004 1.139799 -3.541102 2.553514 0.914707 -1.092404 -1.901491 -0.590007 -2.627716 1.193699 0.000004 -0.000004 0.000001 8.610315 -5.345805 -1.147063 -100.704173 -0.000644 -0.002208 108.558009 -0.001704 -0.003049 -6.724355 -0.000286 0.000296 1.194452 -7.224802 11.745975 -0.000003 -0.000001 0.000000 0.749603 -1.684399 6.380374 0.000002 0.000000 -0.000000 -8.610320 -5.345827 -1.147061 -18.715401 0.000000 -0.000000 -1.467480 -41.307808 -0.215582 110.543285 0.000000 -0.000000 -1.465900 -41.266689 -3.033068 37.335385 0.000000 0.000000 -1.194488 -7.224801 11.746427 -0.000003 -0.000000 0.000000 -0.749617 -1.684396 6.379956 0.000000 0.000000 0.000000 
0.000000 49.403900 -1.590447 -0.000000 0.000000 -0.000000 0.000000 5.822941 0.122294 16.093200 4.595335 -1.324128 18.528423 5.069936 -3.484544 18.844524 0.000000 -0.000001 0.000002 25.104675 -1.532961 0.000001 0.000000 -0.000000 0.000001 12.653501 1.544377 -25.248329 0.000000 -0.000002 -3.330330 3.459640 8.674035 -0.000000 0.000003 0.000005 3.330325 3.459824 8.674033 0.000000 -0.000003 -0.000000 -0.000001 -0.763519 1.289539 0.000002 -0.000002 -0.000000 0.000001 6.326752 0.772195 -0.000000 0.000000 -0.000000 0.095714 19.149231 -0.872777 -0.000002 0.000000 -0.000001 16.249254 -1.457216 -3.766125 -1.464717 -6.770257 -24.388874 0.000001 -0.000003 0.000003 0.000004 -0.000002 0.000006 5.669894 -4.448134 3.162340 -0.000005 -0.000001 0.000005 0.000003 0.000003 0.000001 0.000004 -0.000005 -0.000001 -0.000003 0.000003 0.000003 4.894711 -4.487239 4.992387 -0.000003 -0.000005 -0.000003 -0.000006 0.000003 -0.000005 -0.000001 -0.000002 0.000004 0.000002 -0.000003 -0.000003 3.976713 -4.405065 6.377934 -0.000005 -0.000003 -0.000004 0.000005 -0.000004 -0.000002 0.000001 -0.000001 -0.000002 0.000003 0.000000 0.000000 2.165853 -4.997855 7.896620 -0.000007 0.000002 -0.000003 0.000001 0.000005 0.000002 -0.000003 0.000003 0.000005 0.000004 -0.000002 0.000001 -0.668815 -1.716159 3.232252 -0.000002 0.000005 -0.000002 -0.618823 -2.224055 1.556310 0.000007 0.000004 -0.000004 -1.139799 -3.541383 2.553546 0.000000 -0.000008 0.000008 -0.000004 0.000000 -0.000004 -0.095714 19.149414 -0.872786 0.000003 0.000000 0.000000 -16.249189 -1.457006 -3.766130 -125.747608 -3.401276 38.577257 -18.689999 -21.492992 1.212291 14.207780 -54.138115 30.894120 -9.161711 -14.015982 17.244194 -11.764405 -27.508462 23.099418 -5.669889 -4.448008 3.162396 -1.686890 -4.673297 0.889958 -1.150700 -3.013482 -0.086801 -0.000000 -0.000006 -0.000003 0.431399 -1.930600 -0.420887 0.000008 0.000004 -0.000003 0.865002 -1.558785 -0.501385 -0.000002 -0.000003 -0.000003 -4.894711 -4.487010 4.992407 0.000001 0.000006 0.000008 -1.614393 -4.026501 0.464401 0.000003 -0.000010 0.000008 0.881409 -2.472415 -0.680013 0.559918 -0.093748 1.085066 0.983007 -1.727612 -0.664414 -0.000002 0.000006 0.000009 -3.976690 -4.405011 6.378002 -0.000006 0.000000 0.000005 -1.576296 -4.641010 1.506187 0.000003 -0.000002 0.000003 0.565402 -2.735106 -0.446297 2.450176 0.117393 2.745389 0.577907 -2.212785 -0.468602 0.000001 -0.000002 -0.000000 -2.165787 -4.996989 7.896698 -0.000004 -0.000011 0.000006 -1.106999 -3.866798 1.244100 0.000002 -0.000001 0.000003 0.165897 -2.495202 -0.257398 0.000004 0.000006 0.000004 0.419312 -2.359483 -0.559586 0.000000 -0.000003 0.000002 0.668804 -1.715998 3.232309 -0.000003 -0.000009 0.000007 0.618799 -2.224006 1.556295 0.000004 -0.000007 -0.000004 1.139790 -3.541100 2.553511 1.986491 -2.471791 -4.209846 -0.590001 -2.627723 1.193712 -0.000002 0.000003 -0.000001 8.610315 -5.345805 -1.147063 -100.704173 -0.000644 -0.002208 108.558009 -0.001704 -0.003049 -6.724355 -0.000286 0.000296 1.194452 -7.224802 11.745975 -0.000003 -0.000001 0.000000 0.749603 -1.684399 6.380374 0.000002 0.000000 -0.000000 -8.610320 -5.345827 -1.147061 -18.715401 0.000000 -0.000000 -1.467480 -41.307808 -0.215582 110.543285 0.000000 -0.000000 -1.465900 -41.266689 -3.033068 37.335385 0.000000 0.000000 -1.194488 -7.224801 11.746427 -0.000003 -0.000000 0.000000 -0.749617 -1.684396 6.379956 0.000000 0.000000 0.000000 
0.000000 49.403900 -1.590447 -0.000000 0.000000 -0.000000 0.000000 5.822941 0.122294 16.093200 4.595335 -1.324128 18.528423 5.069936 -3.484544 18.844524 0.000000 -0.000001 0.000002 25.104675 -1.532961 0.000001 0.000000 -0.000000 0.000001 12.653501 1.544377 -25.248329 0.000000 -0.000002 -3.330330 3.459640 8.674035 -0.000000 0.000003 0.000005 3.330325 3.459824 8.674033 0.000000 -0.000003 -0.000000 -0.000001 -0.763519 1.289539 0.000002 -0.000002 -0.000000 0.000001 6.326752 0.772195 -0.000000 0.000000 -0.000000 0.095714 19.149231 -0.872777 -0.000002 0.000000 -0.000001 16.249254 -1.457216 -3.766125 -1.464717 -6.770257 -24.388874 0.000001 -0.000003 0.000003 0.000004 -0.000002 0.000006 5.669894 -4.448134 3.162340 -0.000005 -0.000001 0.000005 0.000003 0.000003 0.000001 0.000004 -0.000005 -0.000001 -0.000003 0.000003 0.000003 4.894711 -4.487239 4.992387 -0.000003 -0.000005 -0.000003 -0.000006 0.000003 -0.000005 -0.000001 -0.000002 0.000004 0.000002 -0.000003 -0.000003 3.976713 -4.405065 6.377934 -0.000005 -0.000003 -0.000004 0.000005 -0.000004 -0.000002 0.000001 -0.000001 -0.000002 0.000003 0.000000 0.000000 2.165853 -4.997855 7.896620 -0.000007 0.000002 -0.000003 0.000001 0.000005 0.000002 -0.000003 0.000003 0.000005 0.000004 -0.000002 0.000001 -0.668815 -1.716159 3.232252 -0.000002 0.000005 -0.000002 -0.618823 -2.224055 1.556310 0.000007 0.000004 -0.000004 -1.139799 -3.541383 2.553546 0.000000 -0.000008 0.000008 -0.000004 0.000000 -0.000004 -0.095714 19.149414 -0.872786 0.000003 0.000000 0.000000 -16.249189 -1.457006 -3.766130 -125.747608 -3.401276 38.577257 -18.689999 -21.492992 1.212291 14.207780 -54.138115 30.894120 -9.161711 -14.015982 17.244194 -11.764405 -27.508462 23.099418 -5.669883 -4.448003 3.162396 -2.869861 -8.066545 1.451523 -1.150693 -3.013498 -0.086790 -0.000003 -0.000001 -0.000001 0.431397 -1.930610 -0.420896 -0.000002 0.000002 -0.000002 0.865005 -1.558805 -0.501391 -0.000001 -0.000005 -0.000003 -4.894711 -4.487010 4.992407 0.000001 0.000006 0.000008 -1.614393 -4.026501 0.464401 0.000003 -0.000010 0.000008 0.881410 -2.472422 -0.680007 0.963611 -0.154597 1.865914 0.983010 -1.727605 -0.664408 -0.000006 0.000010 0.000006 -3.976690 -4.405011 6.378002 -0.000006 0.000000 0.000005 -1.576296 -4.641010 1.506187 0.000003 -0.000002 0.000003 0.565402 -2.735106 -0.446298 4.211837 0.274715 4.720429 0.577895 -2.212801 -0.468589 -0.000000 -0.000008 -0.000001 -2.165787 -4.996989 7.896698 -0.000004 -0.000011 0.000006 -1.106999 -3.866798 1.244100 0.000002 -0.000001 0.000003 0.165897 -2.495202 -0.257398 0.000004 0.000006 0.000004 0.419312 -2.359483 -0.559586 0.000000 -0.000003 0.000002 0.668804 -1.715998 3.232309 -0.000003 -0.000009 0.000007 0.618799 -2.224006 1.556295 0.000004 -0.000007 -0.000004 1.139791 -3.541095 2.553517 3.310271 -4.346420 -7.206600 -0.589998 -2.627710 1.193707 -0.000001 0.000001 -0.000001 8.610315 -5.345805 -1.147063 -100.704173 -0.000644 -0.002208 108.558009 -0.001704 -0.003049 -6.724355 -0.000286 0.000296 1.194452 -7.224802 11.745975 -0.000003 -0.000001 0.000000 0.749603 -1.684399 6.380374 0.000002 0.000000 -0.000000 -8.610320 -5.345827 -1.147061 -18.715401 0.000000 -0.000000 -1.467480 -41.307808 -0.215582 110.543285 0.000000 -0.000000 -1.465900 -41.266689 -3.033068 37.335385 0.000000 0.000000 -1.194488 -7.224801 11.746427 -0.000003 -0.000000 0.000000 -0.749617 -1.684396 6.379956 0.000000 0.000000 0.000000 
0.000000 49.403900 -1.590447 -0.000000 0.000000 -0.000000 0.000000 5.822941 0.122294 16.093200 4.595335 -1.324128 18.528423 5.069936 -3.484544 18.844524 0.000000 -0.000001 0.000002 25.104675 -1.532961 0.000001 0.000000 -0.000000 0.000001 12.653501 1.544377 -25.248329 0.000000 -0.000002 -3.330330 3.459640 8.674035 -0.000000 0.000003 0.000005 3.330325 3.459824 8.674033 0.000000 -0.000003 -0.000000 -0.000001 -0.763519 1.289539 0.000002 -0.000002 -0.000000 0.000001 6.326752 0.772195 -0.000000 0.000000 -0.000000 0.095714 19.149231 -0.872777 -0.000002 0.000000 -0.000001 16.249254 -1.457216 -3.766125 -1.464717 -6.770257 -24.388874 0.000001 -0.000003 0.000003 0.000004 -0.000002 0.000006 5.669894 -4.448134 3.162340 -0.000005 -0.000001 0.000005 0.000003 0.000003 0.000001 0.000004 -0.000005 -0.000001 -0.000003 0.000003 0.000003 4.894711 -4.487239 4.992387 -0.000003 -0.000005 -0.000003 -0.000006 0.000003 -0.000005 -0.000001 -0.000002 0.000004 0.000002 -0.000003 -0.000003 3.976713 -4.405065 6.377934 -0.000005 -0.000003 -0.000004 0.000005 -0.000004 -0.000002 0.000001 -0.000001 -0.000002 0.000003 0.000000 0.000000 2.165853 -4.997855 7.896620 -0.000007 0.000002 -0.000003 0.000001 0.000005 0.000002 -0.000003 0.000003 0.000005 0.000004 -0.000002 0.000001 -0.668815 -1.716159 3.232252 -0.000002 0.000005 -0.000002 -0.618823 -2.224055 1.556310 0.000007 0.000004 -0.000004 -1.139799 -3.541383 2.553546 0.000000 -0.000008 0.000008 -0.000004 0.000000 -0.000004 -0.095714 19.149414 -0.872786 0.000003 0.000000 0.000000 -16.249189 -1.457006 -3.766130 -125.747608 -3.401276 38.577257 -18.689999 -21.492992 1.212291 14.207780 -54.138115 30.894120 -9.161711 -14.015982 17.244194 -11.764405 -27.508462 23.099418 -5.669890 -4.448011 3.162398 -4.187121 -11.932563 2.009511 -1.150688 -3.013512 -0.086801 -0.000000 -0.000002 -0.000001 0.431396 -1.930588 -0.420885 0.000003 0.000003 -0.000002 0.865003 -1.558806 -0.501401 -0.000000 -0.000006 -0.000006 -4.894711 -4.487010 4.992407 0.000001 0.000006 0.000008 -1.614393 -4.026501 0.464401 0.000003 -0.000010 0.000008 0.881407 -2.472413 -0.680007 1.421952 -0.216889 2.751105 0.983013 -1.727620 -0.664404 -0.000003 0.000007 0.000006 -3.976690 -4.405011 6.378002 -0.000006 0.000000 0.000005 -1.576296 -4.641010 1.506187 0.000003 -0.000002 0.000003 0.565403 -2.735115 -0.446297 6.202120 0.526412 6.953594 0.577902 -2.212808 -0.468601 0.000000 -0.000002 -0.000002 -2.165787 -4.996989 7.896698 -0.000004 -0.000011 0.000006 -1.106999 -3.866798 1.244100 0.000002 -0.000001 0.000003 0.165897 -2.495202 -0.257398 0.000004 0.000006 0.000004 0.419312 -2.359483 -0.559586 0.000000 -0.000003 0.000002 0.668804 -1.715998 3.232309 -0.000003 -0.000009 0.000007 0.618799 -2.224006 1.556295 0.000004 -0.000007 -0.000004 1.139796 -3.541100 2.553510 4.696971 -6.555530 -10.568120 -0.589985 -2.627698 1.193698 -0.000005 0.000001 -0.000002 8.610315 -5.345805 -1.147063 -100.704173 -0.000644 -0.002208 108.558009 -0.001704 -0.003049 -6.724355 -0.000286 0.000296 1.194452 -7.224802 11.745975 -0.000003 -0.000001 0.000000 0.749603 -1.684399 6.380374 0.000002 0.000000 -0.000000 -8.610320 -5.345827 -1.147061 -18.715401 0.000000 -0.000000 -1.467480 -41.307808 -0.215582 110.543285 0.000000 -0.000000 -1.465900 -41.266689 -3.033068 37.335385 0.000000 0.000000 -1.194488 -7.224801 11.746427 -0.000003 -0.000000 0.000000 -0.749617 -1.684396 6.379956 0.000000 0.000000 0.000000 
0.000000 49.403900 -1.590447 -0.000000 0.000000 -0.000000 0.000000 5.822941 0.122294 16.093200 4.595335 -1.324128 18.528423 5.069936 -3.484544 18.844524 0.000000 -0.000001 0.000002 25.104675 -1.532961 0.000001 0.000000 -0.000000 0.000001 12.653501 1.544377 -25.248329 0.000000 -0.000002 -3.330330 3.459640 8.674035 -0.000000 0.000003 0.000005 3.330325 3.459824 8.674033 0.000000 -0.000003 -0.000000 -0.000001 -0.763519 1.289539 0.000002 -0.000002 -0.000000 0.000001 6.326752 0.772195 -0.000000 0.000000 -0.000000 0.095714 19.149231 -0.872777 -0.000002 0.000000 -0.000001 16.249254 -1.457216 -3.766125 -1.464717 -6.770257 -24.388874 0.000001 -0.000003 0.000003 0.000004 -0.000002 0.000006 5.669894 -4.448134 3.162340 -0.000005 -0.000001 0.000005 0.000003 0.000003 0.000001 0.000004 -0.000005 -0.000001 -0.000003 0.000003 0.000003 4.894711 -4.487239 4.992387 -0.000003 -0.000005 -0.000003 -0.000006 0.000003 -0.000005 -0.000001 -0.000002 0.000004 0.000002 -0.000003 -0.000003 3.976713 -4.405065 6.377934 -0.000005 -0.000003 -0.000004 0.000005 -0.000004 -0.000002 0.000001 -0.000001 -0.000002 0.000003 0.000000 0.000000 2.165853 -4.997855 7.896620 -0.000007 0.000002 -0.000003 0.000001 0.000005 0.000002 -0.000003 0.000003 0.000005 0.000004 -0.000002 0.000001 -0.668815 -1.716159 3.232252 -0.000002 0.000005 -0.000002 -0.618823 -2.224055 1.556310 0.000007 0.000004 -0.000004 -1.139799 -3.541383 2.553546 0.000000 -0.000008 0.000008 -0.000004 0.000000 -0.000004 -0.095714 19.149414 -0.872786 0.000003 0.000000 0.000000 -16.249189 -1.457006 -3.766130 -125.747608 -3.401276 38.577257 -18.689999 -21.492992 1.212291 14.207780 -54.138115 30.894120 -9.161711 -14.015982 17.244194 -11.764405 -27.508462 23.099418 -5.669883 -4.448009 3.162398 -5.487398 -15.810126 2.484447 -1.150690 -3.013499 -0.086805 0.000001 -0.000004 0.000003 0.431402 -1.930588 -0.420897 -0.000000 0.000002 0.000004 0.865013 -1.558809 -0.501391 -0.000002 -0.000002 -0.000003 -4.894711 -4.487010 4.992407 0.000001 0.000006 0.000008 -1.614393 -4.026501 0.464401 0.000003 -0.000010 0.000008 0.881412 -2.472417 -0.680010 1.881199 -0.272082 3.636766 0.983003 -1.727603 -0.664399 -0.000002 0.000005 0.000007 -3.976690 -4.405011 6.378002 -0.000006 0.000000 0.000005 -1.576296 -4.641010 1.506187 0.000003 -0.000002 0.000003 0.565406 -2.735111 -0.446296 8.181202 0.855303 9.176812 0.577897 -2.212799 -0.468600 -0.000000 -0.000002 -0.000004 -2.165787 -4.996989 7.896698 -0.000004 -0.000011 0.000006 -1.106999 -3.866798 1.244100 0.000002 -0.000001 0.000003 0.165897 -2.495202 -0.257398 0.000004 0.000006 0.000004 0.419312 -2.359483 -0.559586 0.000000 -0.000003 0.000002 0.668804 -1.715998 3.232309 -0.000003 -0.000009 0.000007 0.618799 -2.224006 1.556295 0.000004 -0.000007 -0.000004 1.139789 -3.541101 2.553513 5.957606 -8.841364 -13.892495 -0.589992 -2.627684 1.193716 -0.000006 -0.000001 -0.000000 8.610315 -5.345805 -1.147063 -100.704173 -0.000644 -0.002208 108.558009 -0.001704 -0.003049 -6.724355 -0.000286 0.000296 1.194452 -7.224802 11.745975 -0.000003 -0.000001 0.000000 0.749603 -1.684399 6.380374 0.000002 0.000000 -0.000000 -8.610320 -5.345827 -1.147061 -18.715401 0.000000 -0.000000 -1.467480 -41.307808 -0.215582 110.543285 0.000000 -0.000000 -1.465900 -41.266689 -3.033068 37.335385 0.000000 0.000000 -1.194488 -7.224801 11.746427 -0.000003 -0.000000 0.000000 -0.749617 -1.684396 6.379956 0.000000 0.000000 0.000000 
0.000000 49.403900 -1.590447 -0.000000 0.000000 -0.000000 0.000000 5.822941 0.122294 16.093200 4.595335 -1.324128 18.528423 5.069936 -3.484544 18.844524 0.000000 -0.000001 0.000002 25.104675 -1.532961 0.000001 0.000000 -0.000000 0.000001 12.653501 1.544377 -25.248329 0.000000 -0.000002 -3.330330 3.459640 8.674035 -0.000000 0.000003 0.000005 3.330325 3.459824 8.674033 0.000000 -0.000003 -0.000000 -0.000001 -0.763519 1.289539 0.000002 -0.000002 -0.000000 0.000001 6.326752 0.772195 -0.000000 0.000000 -0.000000 0.095714 19.149231 -0.872777 -0.000002 0.000000 -0.000001 16.249254 -1.457216 -3.766125 -1.464717 -6.770257 -24.388874 0.000001 -0.000003 0.000003 0.000004 -0.000002 0.000006 5.669894 -4.448134 3.162340 -0.000005 -0.000001 0.000005 0.000003 0.000003 0.000001 0.000004 -0.000005 -0.000001 -0.000003 0.000003 0.000003 4.894711 -4.487239 4.992387 -0.000003 -0.000005 -0.000003 -0.000006 0.000003 -0.000005 -0.000001 -0.000002 0.000004 0.000002 -0.000003 -0.000003 3.976713 -4.405065 6.377934 -0.000005 -0.000003 -0.000004 0.000005 -0.000004 -0.000002 0.000001 -0.000001 -0.000002 0.000003 0.000000 0.000000 2.165853 -4.997855 7.896620 -0.000007 0.000002 -0.000003 0.000001 0.000005 0.000002 -0.000003 0.000003 0.000005 0.000004 -0.000002 0.000001 -0.668815 -1.716159 3.232252 -0.000002 0.000005 -0.000002 -0.618823 -2.224055 1.556310 0.000007 0.000004 -0.000004 -1.139799 -3.541383 2.553546 0.000000 -0.000008 0.000008 -0.000004 0.000000 -0.000004 -0.095714 19.149414 -0.872786 0.000003 0.000000 0.000000 -16.249189 -1.457006 -3.766130 -125.747608 -3.401276 38.577257 -18.689999 -21.492992 1.212291 14.207780 -54.138115 30.894120 -9.161711 -14.015982 17.244194 -11.764405 -27.508462 23.099418 -5.669888 -4.448005 3.162398 -6.627432 -19.232771 2.833938 -1.150681 -3.013498 -0.086803 -0.000000 -0.000004 0.000002 0.431392 -1.930603 -0.420894 0.000005 0.000004 -0.000003 0.865010 -1.558785 -0.501397 0.000000 -0.000005 -0.000001 -4.894711 -4.487010 4.992407 0.000001 0.000006 0.000008 -1.614393 -4.026501 0.464401 0.000003 -0.000010 0.000008 0.881410 -2.472419 -0.680010 2.287211 -0.314901 4.418824 0.983006 -1.727611 -0.664403 -0.000005 0.000005 0.000001 -3.976690 -4.405011 6.378002 -0.000006 0.000000 0.000005 -1.576296 -4.641010 1.506187 0.000003 -0.000002 0.000003 0.565410 -2.735110 -0.446298 9.914500 1.208601 11.126658 0.577908 -2.212802 -0.468587 0.000002 0.000001 -0.000000 -2.165787 -4.996989 7.896698 -0.000004 -0.000011 0.000006 -1.106999 -3.866798 1.244100 0.000002 -0.000001 0.000003 0.165897 -2.495202 -0.257398 0.000004 0.000006 0.000004 0.419312 -2.359483 -0.559586 0.000000 -0.000003 0.000002 0.668804 -1.715998 3.232309 -0.000003 -0.000009 0.000007 0.618799 -2.224006 1.556295 0.000004 -0.000007 -0.000004 1.139791 -3.541097 2.553514 6.961500 -10.910726 -16.795794 -0.589992 -2.627701 1.193709 0.000001 -0.000004 0.000001 8.610315 -5.345805 -1.147063 -100.704173 -0.000644 -0.002208 108.558009 -0.001704 -0.003049 -6.724355 -0.000286 0.000296 1.194452 -7.224802 11.745975 -0.000003 -0.000001 0.000000 0.749603 -1.684399 6.380374 0.000002 0.000000 -0.000000 -8.610320 -5.345827 -1.147061 -18.715401 0.000000 -0.000000 -1.467480 -41.307808 -0.215582 110.543285 0.000000 -0.000000 -1.465900 -41.266689 -3.033068 37.335385 0.000000 0.000000 -1.194488 -7.224801 11.746427 -0.000003 -0.000000 0.000000 -0.749617 -1.684396 6.379956 0.000000 0.000000 0.000000 
0.000000 49.403900 -1.590447 -0.000000 0.000000 -0.000000 0.000000 5.822941 0.122294 16.093200 4.595335 -1.324128 18.528423 5.069936 -3.484544 18.844524 0.000000 -0.000001 0.000002 25.104675 -1.532961 0.000001 0.000000 -0.000000 0.000001 12.653501 1.544377 -25.248329 0.000000 -0.000002 -3.330330 3.459640 8.674035 -0.000000 0.000003 0.000005 3.330325 3.459824 8.674033 0.000000 -0.000003 -0.000000 -0.000001 -0.763519 1.289539 0.000002 -0.000002 -0.000000 0.000001 6.326752 0.772195 -0.000000 0.000000 -0.000000 0.095714 19.149231 -0.872777 -0.000002 0.000000 -0.000001 16.249254 -1.457216 -3.766125 -1.464717 -6.770257 -24.388874 0.000001 -0.000003 0.000003 0.000004 -0.000002 0.000006 5.669894 -4.448134 3.162340 -0.000005 -0.000001 0.000005 0.000003 0.000003 0.000001 0.000004 -0.000005 -0.000001 -0.000003 0.000003 0.000003 4.894711 -4.487239 4.992387 -0.000003 -0.000005 -0.000003 -0.000006 0.000003 -0.000005 -0.000001 -0.000002 0.000004 0.000002 -0.000003 -0.000003 3.976713 -4.405065 6.377934 -0.000005 -0.000003 -0.000004 0.000005 -0.000004 -0.000002 0.000001 -0.000001 -0.000002 0.000003 0.000000 0.000000 2.165853 -4.997855 7.896620 -0.000007 0.000002 -0.000003 0.000001 0.000005 0.000002 -0.000003 0.000003 0.000005 0.000004 -0.000002 0.000001 -0.668815 -1.716159 3.232252 -0.000002 0.000005 -0.000002 -0.618823 -2.224055 1.556310 0.000007 0.000004 -0.000004 -1.139799 -3.541383 2.553546 0.000000 -0.000008 0.000008 -0.000004 0.000000 -0.000004 -0.095714 19.149414 -0.872786 0.000003 0.000000 0.000000 -16.249189 -1.457006 -3.766130 -125.747608 -3.401276 38.577257 -18.689999 -21.492992 1.212291 14.207780 -54.138115 30.894120 -9.161711 -14.015982 17.244194 -11.764405 -27.508462 23.099418 -5.669889 -4.448009 3.162399 -7.497917 -21.843985 3.056180 -1.150701 -3.013496 -0.086816 -0.000001 -0.000004 0.000000 0.431388 -1.930586 -0.420898 0.000004 0.000003 -0.000001 0.864993 -1.558805 -0.501388 -0.000001 -0.000001 -0.000004 -4.894711 -4.487010 4.992407 0.000001 0.000006 0.000008 -1.614393 -4.026501 0.464401 0.000003 -0.000010 0.000008 0.881405 -2.472419 -0.680011 2.597937 -0.343890 5.016812 0.983014 -1.727620 -0.664405 -0.000005 0.000007 0.000007 -3.976690 -4.405011 6.378002 -0.000006 0.000000 0.000005 -1.576296 -4.641010 1.506187 0.000003 -0.000002 0.000003 0.565407 -2.735109 -0.446297 11.228653 1.517642 12.607039 0.577903 -2.212813 -0.468592 -0.000001 -0.000000 -0.000002 -2.165787 -4.996989 7.896698 -0.000004 -0.000011 0.000006 -1.106999 -3.866798 1.244100 0.000002 -0.000001 0.000003 0.165897 -2.495202 -0.257398 0.000004 0.000006 0.000004 0.419312 -2.359483 -0.559586 0.000000 -0.000003 0.000002 0.668804 -1.715998 3.232309 -0.000003 -0.000009 0.000007 0.618799 -2.224006 1.556295 0.000004 -0.000007 -0.000004 1.139792 -3.541098 2.553513 7.658249 -12.518464 -18.996037 -0.589993 -2.627702 1.193705 -0.000001 0.000000 0.000000 8.610315 -5.345805 -1.147063 -100.704173 -0.000644 -0.002208 108.558009 -0.001704 -0.003049 -6.724355 -0.000286 0.000296 1.194452 -7.224802 11.745975 -0.000003 -0.000001 0.000000 0.749603 -1.684399 6.380374 0.000002 0.000000 -0.000000 -8.610320 -5.345827 -1.147061 -18.715401 0.000000 -0.000000 -1.467480 -41.307808 -0.215582 110.543285 0.000000 -0.000000 -1.465900 -41.266689 -3.033068 37.335385 0.000000 0.000000 -1.194488 -7.224801 11.746427 -0.000003 -0.000000 0.000000 -0.749617 -1.684396 6.379956 0.000000 0.000000 0.000000 
0.000000 49.403900 -1.590447 -0.000000 0.000000 -0.000000 0.000000 5.822941 0.122294 16.093200 4.595335 -1.324128 18.528423 5.069936 -3.484544 18.844524 0.000000 -0.000001 0.000002 25.104675 -1.532961 0.000001 0.000000 -0.000000 0.000001 12.653501 1.544377 -25.248329 0.000000 -0.000002 -3.330330 3.459640 8.674035 -0.000000 0.000003 0.000005 3.330325 3.459824 8.674033 0.000000 -0.000003 -0.000000 -0.000001 -0.763519 1.289539 0.000002 -0.000002 -0.000000 0.000001 6.326752 0.772195 -0.000000 0.000000 -0.000000 0.095714 19.149231 -0.872777 -0.000002 0.000000 -0.000001 16.249254 -1.457216 -3.766125 -1.464717 -6.770257 -24.388874 0.000001 -0.000003 0.000003 0.000004 -0.000002 0.000006 5.669894 -4.448134 3.162340 -0.000005 -0.000001 0.000005 0.000003 0.000003 0.000001 0.000004 -0.000005 -0.000001 -0.000003 0.000003 0.000003 4.894711 -4.487239 4.992387 -0.000003 -0.000005 -0.000003 -0.000006 0.000003 -0.000005 -0.000001 -0.000002 0.000004 0.000002 -0.000003 -0.000003 3.976713 -4.405065 6.377934 -0.000005 -0.000003 -0.000004 0.000005 -0.000004 -0.000002 0.000001 -0.000001 -0.000002 0.000003 0.000000 0.000000 2.165853 -4.997855 7.896620 -0.000007 0.000002 -0.000003 0.000001 0.000005 0.000002 -0.000003 0.000003 0.000005 0.000004 -0.000002 0.000001 -0.668815 -1.716159 3.232252 -0.000002 0.000005 -0.000002 -0.618823 -2.224055 1.556310 0.000007 0.000004 -0.000004 -1.139799 -3.541383 2.553546 0.000000 -0.000008 0.000008 -0.000004 0.000000 -0.000004 -0.095714 19.149414 -0.872786 0.000003 0.000000 0.000000 -16.249189 -1.457006 -3.766130 -125.747608 -3.401276 38.577257 -18.689999 -21.492992 1.212291 14.207780 -54.138115 30.894120 -9.161711 -14.015982 17.244194 -11.764405 -27.508462 23.099418 -5.669886 -4.448011 3.162401 -8.034125 -23.445784 3.173091 -1.150690 -3.013503 -0.086803 -0.000000 -0.000002 0.000001 0.431395 -1.930600 -0.420901 0.000002 0.000004 -0.000003 0.865005 -1.558807 -0.501398 -0.000004 -0.000004 -0.000003 -4.894711 -4.487010 4.992407 0.000001 0.000006 0.000008 -1.614393 -4.026501 0.464401 0.000003 -0.000010 0.000008 0.881406 -2.472419 -0.680014 2.789144 -0.360100 5.384592 0.983006 -1.727611 -0.664406 -0.000004 0.000005 0.000001 -3.976690 -4.405011 6.378002 -0.000006 0.000000 0.000005 -1.576296 -4.641010 1.506187 0.000003 -0.000002 0.000003 0.565398 -2.735114 -0.446299 12.031372 1.724109 13.512283 0.577901 -2.212807 -0.468595 0.000002 -0.000005 0.000001 -2.165787 -4.996989 7.896698 -0.000004 -0.000011 0.000006 -1.106999 -3.866798 1.244100 0.000002 -0.000001 0.000003 0.165897 -2.495202 -0.257398 0.000004 0.000006 0.000004 0.419312 -2.359483 -0.559586 0.000000 -0.000003 0.000002 0.668804 -1.715998 3.232309 -0.000003 -0.000009 0.000007 0.618799 -2.224006 1.556295 0.000004 -0.000007 -0.000004 1.139791 -3.541088 2.553514 8.055795 -13.515947 -20.341091 -0.589980 -2.627715 1.193710 -0.000000 0.000002 -0.000000 8.610315 -5.345805 -1.147063 -100.704173 -0.000644 -0.002208 108.558009 -0.001704 -0.003049 -6.724355 -0.000286 0.000296 1.194452 -7.224802 11.745975 -0.000003 -0.000001 0.000000 0.749603 -1.684399 6.380374 0.000002 0.000000 -0.000000 -8.610320 -5.345827 -1.147061 -18.715401 0.000000 -0.000000 -1.467480 -41.307808 -0.215582 110.543285 0.000000 -0.000000 -1.465900 -41.266689 -3.033068 37.335385 0.000000 0.000000 -1.194488 -7.224801 11.746427 -0.000003 -0.000000 0.000000 -0.749617 -1.684396 6.379956 0.000000 0.000000 0.000000 
0.000000 49.403900 -1.590447 -0.000000 0.000000 -0.000000 0.000000 5.822941 0.122294 16.093200 4.595335 -1.324128 18.528423 5.069936 -3.484544 18.844524 0.000000 -0.000001 0.000002 25.104675 -1.532961 0.000001 0.000000 -0.000000 0.000001 12.653501 1.544377 -25.248329 0.000000 -0.000002 -3.330330 3.459640 8.674035 -0.000000 0.000003 0.000005 3.330325 3.459824 8.674033 0.000000 -0.000003 -0.000000 -0.000001 -0.763519 1.289539 0.000002 -0.000002 -0.000000 0.000001 6.326752 0.772195 -0.000000 0.000000 -0.000000 0.095714 19.149231 -0.872777 -0.000002 0.000000 -0.000001 16.249254 -1.457216 -3.766125 -1.464717 -6.770257 -24.388874 0.000001 -0.000003 0.000003 0.000004 -0.000002 0.000006 5.669894 -4.448134 3.162340 -0.000005 -0.000001 0.000005 0.000003 0.000003 0.000001 0.000004 -0.000005 -0.000001 -0.000003 0.000003 0.000003 4.894711 -4.487239 4.992387 -0.000003 -0.000005 -0.000003 -0.000006 0.000003 -0.000005 -0.000001 -0.000002 0.000004 0.000002 -0.000003 -0.000003 3.976713 -4.405065 6.377934 -0.000005 -0.000003 -0.000004 0.000005 -0.000004 -0.000002 0.000001 -0.000001 -0.000002 0.000003 0.000000 0.000000 2.165853 -4.997855 7.896620 -0.000007 0.000002 -0.000003 0.000001 0.000005 0.000002 -0.000003 0.000003 0.000005 0.000004 -0.000002 0.000001 -0.668815 -1.716159 3.232252 -0.000002 0.000005 -0.000002 -0.618823 -2.224055 1.556310 0.000007 0.000004 -0.000004 -1.139799 -3.541383 2.553546 0.000000 -0.000008 0.000008 -0.000004 0.000000 -0.000004 -0.095714 19.149414 -0.872786 0.000003 0.000000 0.000000 -16.249189 -1.457006 -3.766130 -125.747608 -3.401276 38.577257 -18.689999 -21.492992 1.212291 14.207780 -54.138115 30.894120 -9.161711 -14.015982 17.244194 -11.764405 -27.508462 23.099418 -5.669895 -4.448010 3.162402 -8.212583 -23.977130 3.208555 -1.150699 -3.013500 -0.086809 -0.000003 -0.000002 -0.000003 0.431387 -1.930584 -0.420898 0.000003 0.000003 0.000002 0.864998 -1.558806 -0.501404 0.000001 -0.000002 -0.000003 -4.894711 -4.487010 4.992407 0.000001 0.000006 0.000008 -1.614393 -4.026501 0.464401 0.000003 -0.000010 0.000008 0.881410 -2.472419 -0.680011 2.852692 -0.365217 5.506798 0.983004 -1.727614 -0.664395 -0.000001 0.000009 0.000002 -3.976690 -4.405011 6.378002 -0.000006 0.000000 0.000005 -1.576296 -4.641010 1.506187 0.000003 -0.000002 0.000003 0.565400 -2.735114 -0.446302 12.297091 1.795435 13.812116 0.577899 -2.212807 -0.468590 0.000002 -0.000001 0.000001 -2.165787 -4.996989 7.896698 -0.000004 -0.000011 0.000006 -1.106999 -3.866798 1.244100 0.000002 -0.000001 0.000003 0.165897 -2.495202 -0.257398 0.000004 0.000006 0.000004 0.419312 -2.359483 -0.559586 0.000000 -0.000003 0.000002 0.668804 -1.715998 3.232309 -0.000003 -0.000009 0.000007 0.618799 -2.224006 1.556295 0.000004 -0.000007 -0.000004 1.139782 -3.541093 2.553512 8.182624 -13.848609 -20.786672 -0.589995 -2.627707 1.193711 -0.000003 0.000003 -0.000000 8.610315 -5.345805 -1.147063 -100.704173 -0.000644 -0.002208 108.558009 -0.001704 -0.003049 -6.724355 -0.000286 0.000296 1.194452 -7.224802 11.745975 -0.000003 -0.000001 0.000000 0.749603 -1.684399 6.380374 0.000002 0.000000 -0.000000 -8.610320 -5.345827 -1.147061 -18.715401 0.000000 -0.000000 -1.467480 -41.307808 -0.215582 110.543285 0.000000 -0.000000 -1.465900 -41.266689 -3.033068 37.335385 0.000000 0.000000 -1.194488 -7.224801 11.746427 -0.000003 -0.000000 0.000000 -0.749617 -1.684396 6.379956 0.000000 0.000000 0.000000 
0.000000 49.403900 -1.590447 -0.000000 0.000000 -0.000000 -0.000000 5.822936 0.122295 16.075154 4.523422 -1.306567 18.499697 5.058478 -3.474797 18.798689 -0.000001 0.000001 -0.000001 25.104660 -1.532958 -0.000001 -0.044477 -0.005428 -0.000000 12.653494 1.544383 -25.190260 -0.086258 -0.019275 -3.330330 3.459625 8.674031 -0.000000 0.000004 0.000006 3.330325 3.459824 8.674033 0.000000 -0.000002 0.000000 0.000000 -0.763535 1.289533 0.000005 -0.000001 -0.000001 0.000001 6.326752 0.772195 0.000002 0.000000 -0.000001 0.095712 19.149216 -0.872779 0.000002 0.000001 0.000001 16.249260 -1.457202 -3.766120 -1.464722 -6.770258 -24.388871 0.000001 0.000001 0.000002 0.000007 0.000003 0.000007 5.669903 -4.448129 3.162334 0.000000 -0.000005 0.000007 -0.000000 0.000003 -0.000004 0.000002 -0.000006 0.000002 -0.000001 0.000006 -0.000004 4.894713 -4.487224 4.992384 0.000005 -0.000006 0.000001 -0.000002 0.000003 -0.000009 0.000001 0.000001 0.000004 -0.000006 -0.000001 -0.000006 3.976712 -4.405070 6.377931 -0.000000 -0.000002 0.000002 0.000000 -0.000003 0.000000 0.000005 0.000001 -0.000002 -0.000002 -0.000001 -0.000003 2.165843 -4.997847 7.896615 0.000004 0.000005 0.000002 -0.000004 0.000008 0.000004 0.000000 0.000004 -0.000006 -0.000000 0.000002 -0.000002 -0.668810 -1.716158 3.232250 0.000002 0.000008 0.000009 -0.618824 -2.224038 1.556323 0.000009 -0.000000 -0.000004 -1.139794 -3.541368 2.553544 0.000005 -0.000008 0.000003 0.000002 0.000003 0.000001 -0.095716 19.149414 -0.872775 0.000004 0.000001 0.000001 -16.249193 -1.456983 -3.766126 -125.577249 -3.234305 38.506657 -18.689997 -21.492998 1.212286 14.099901 -54.024337 30.756011 -9.161705 -14.016010 17.244198 -11.748527 -27.437997 23.045880 -5.669909 -4.447984 3.162396 -8.212587 -23.977128 3.208549 -1.150690 -3.013518 -0.086801 0.000001 -0.000006 -0.000000 0.431392 -1.930600 -0.420893 0.000005 0.000002 -0.000001 0.864999 -1.558805 -0.501388 -0.000000 -0.000006 -0.000001 -4.894705 -4.486994 4.992396 0.000003 0.000006 0.000002 -1.614406 -4.026505 0.464405 0.000002 -0.000007 0.000003 0.881413 -2.472418 -0.680007 2.852691 -0.365216 5.506797 0.983001 -1.727614 -0.664401 -0.000002 0.000007 0.000004 -3.976707 -4.405000 6.377999 -0.000005 0.000001 -0.000000 -1.576302 -4.640987 1.506188 0.000003 -0.000000 0.000007 0.565422 -2.735106 -0.446302 12.297091 1.795436 13.812114 0.577902 -2.212812 -0.468582 0.000001 0.000001 -0.000001 -2.165810 -4.996969 7.896700 -0.000004 -0.000008 0.000000 -1.106997 -3.866773 1.244102 0.000001 -0.000004 0.000003 0.165898 -2.495226 -0.257398 0.000002 -0.000000 0.000006 0.419314 -2.359504 -0.559606 0.000001 -0.000002 -0.000002 0.668790 -1.715991 3.232305 -0.000006 -0.000004 0.000001 0.618798 -2.224010 1.556297 0.000002 -0.000003 -0.000003 1.139789 -3.541109 2.553497 8.182626 -13.848611 -20.786672 -0.589997 -2.627722 1.193704 -0.000000 -0.000001 0.000000 8.610315 -5.345805 -1.147063 -100.704173 -0.000644 -0.002208 108.558009 -0.001704 -0.003049 -6.724355 -0.000286 0.000296 1.194452 -7.224802 11.745975 -0.000003 -0.000001 0.000000 0.749603 -1.684399 6.380374 0.000002 0.000000 -0.000000 -8.610320 -5.345827 -1.147061 -18.715401 0.000000 -0.000000 -1.467480 -41.307808 -0.215582 110.543285 0.000000 -0.000000 -1.465900 -41.266689 -3.033068 37.335385 0.000000 0.000000 -1.194488 -7.224801 11.746427 -0.000003 -0.000000 0.000000 -0.749617 -1.684396 6.379956 0.000000 0.000000 0.000000 
0.000000 49.403900 -1.590447 -0.000000 0.000000 -0.000000 0.000000 5.822940 0.122295 16.020813 4.306248 -1.253691 18.412998 5.023862 -3.445413 18.660314 -0.000001 0.000000 0.000001 25.104658 -1.532955 -0.000030 -0.178742 -0.021815 0.000001 12.653510 1.544385 -25.015052 -0.346924 -0.076959 -3.330329 3.459640 8.674030 0.000001 0.000003 0.000005 3.330327 3.459839 8.674031 0.000002 -0.000003 -0.000000 0.000000 -0.763519 1.289538 0.000003 -0.000001 -0.000000 0.000002 6.326767 0.772192 -0.000003 -0.000001 0.000001 0.095713 19.149231 -0.872776 0.000001 -0.000000 0.000001 16.249249 -1.457217 -3.766119 -1.464722 -6.770258 -24.388872 0.000003 -0.000003 0.000007 0.000002 -0.000003 0.000002 5.669900 -4.448128 3.162336 -0.000003 -0.000008 0.000011 0.000008 0.000003 -0.000000 -0.000003 -0.000003 0.000000 -0.000006 0.000002 -0.000001 4.894720 -4.487230 4.992384 0.000002 -0.000007 -0.000002 0.000000 0.000006 -0.000007 -0.000003 -0.000006 0.000004 -0.000002 -0.000006 -0.000004 3.976709 -4.405069 6.377935 -0.000005 -0.000009 -0.000000 0.000004 -0.000005 0.000000 0.000002 -0.000005 -0.000001 -0.000001 0.000002 -0.000002 2.165848 -4.997847 7.896617 -0.000003 -0.000000 -0.000003 0.000003 0.000008 0.000004 -0.000002 -0.000001 -0.000000 0.000002 -0.000000 0.000001 -0.668815 -1.716158 3.232257 -0.000003 0.000001 0.000002 -0.618827 -2.224030 1.556316 0.000009 0.000004 -0.000000 -1.139795 -3.541379 2.553550 0.000010 -0.000004 -0.000000 -0.000002 0.000005 -0.000003 -0.095714 19.149414 -0.872780 0.000006 -0.000000 0.000002 -16.249186 -1.457015 -3.766128 -125.059124 -2.728866 38.289385 -18.690001 -21.493004 1.212283 13.778487 -53.679567 30.343170 -9.161700 -14.016003 17.244198 -11.700205 -27.225277 22.884277 -5.669889 -4.448005 3.162412 -8.212586 -23.977131 3.208552 -1.150704 -3.013499 -0.086811 -0.000000 -0.000003 -0.000003 0.431396 -1.930611 -0.420892 0.000004 0.000003 -0.000002 0.864999 -1.558797 -0.501391 0.000003 -0.000005 -0.000001 -4.894702 -4.487007 4.992413 0.000004 0.000006 0.000003 -1.614395 -4.026490 0.464399 0.000005 -0.000008 0.000001 0.881422 -2.472405 -0.680006 2.852693 -0.365215 5.506794 0.983004 -1.727605 -0.664399 -0.000006 0.000006 0.000009 -3.976691 -4.405002 6.378011 -0.000002 0.000004 -0.000000 -1.576295 -4.641015 1.506198 0.000005 -0.000001 -0.000002 0.565408 -2.735101 -0.446318 12.297096 1.795439 13.812113 0.577908 -2.212799 -0.468597 -0.000000 -0.000003 -0.000001 -2.165797 -4.996976 7.896720 -0.000004 -0.000006 0.000007 -1.106994 -3.866797 1.244097 0.000004 -0.000001 0.000002 0.165906 -2.495198 -0.257402 0.000003 0.000007 -0.000001 0.419291 -2.359495 -0.559598 -0.000002 -0.000001 -0.000002 0.668797 -1.715993 3.232314 -0.000002 -0.000004 0.000003 0.618797 -2.224001 1.556294 0.000002 -0.000004 -0.000005 1.139798 -3.541114 2.553498 8.182627 -13.848606 -20.786680 -0.590011 -2.627700 1.193701 0.000001 0.000001 -0.000000 8.610315 -5.345805 -1.147063 -100.704173 -0.000644 -0.002208 108.558009 -0.001704 -0.003049 -6.724355 -0.000286 0.000296 1.194452 -7.224802 11.745975 -0.000003 -0.000001 0.000000 0.749603 -1.684399 6.380374 0.000002 0.000000 -0.000000 -8.610320 -5.345827 -1.147061 -18.715401 0.000000 -0.000000 -1.467480 -41.307808 -0.215582 110.543285 0.000000 -0.000000 -1.465900 -41.266689 -3.033068 37.335385 0.000000 0.000000 -1.194488 -7.224801 11.746427 -0.000003 -0.000000 0.000000 -0.749617 -1.684396 6.379956 0.000000 0.000000 0.000000 
0.000000 49.403900 -1.590447 -0.000000 0.000000 -0.000000 0.000000 5.822937 0.122294 15.930233 3.942199 -1.165576 18.267848 4.965784 -3.396319 18.428513 0.000000 -0.000002 0.000000 25.104666 -1.532954 -0.000173 -0.403637 -0.049266 -0.000001 12.653515 1.544378 -24.721796 -0.784443 -0.171914 -3.330329 3.459640 8.674035 0.000001 0.000002 0.000005 3.330326 3.459823 8.674032 0.000001 -0.000003 0.000000 -0.000000 -0.763519 1.289541 0.000007 -0.000001 0.000001 -0.000001 6.326752 0.772203 0.000000 0.000001 0.000000 0.095713 19.149231 -0.872780 -0.000003 -0.000000 0.000000 16.249252 -1.457202 -3.766128 -1.464721 -6.770257 -24.388871 0.000009 -0.000001 0.000008 0.000006 -0.000003 0.000006 5.669900 -4.448136 3.162333 0.000002 -0.000002 0.000008 -0.000006 -0.000001 -0.000001 0.000001 -0.000004 0.000000 -0.000004 0.000003 0.000001 4.894720 -4.487221 4.992386 0.000002 -0.000003 -0.000003 -0.000005 0.000001 -0.000006 0.000002 -0.000001 0.000002 0.000003 -0.000004 -0.000004 3.976709 -4.405062 6.377932 0.000001 -0.000002 -0.000004 0.000004 -0.000002 -0.000008 -0.000002 -0.000004 -0.000007 0.000001 0.000004 -0.000003 2.165853 -4.997851 7.896617 -0.000000 0.000007 -0.000004 -0.000000 0.000008 -0.000001 0.000001 -0.000000 0.000002 -0.000000 -0.000007 -0.000003 -0.668810 -1.716151 3.232253 0.000004 0.000009 0.000003 -0.618822 -2.224025 1.556321 0.000006 -0.000001 -0.000006 -1.139791 -3.541368 2.553551 0.000002 -0.000002 0.000001 -0.000000 0.000003 -0.000003 -0.095715 19.149414 -0.872774 0.000005 -0.000000 0.000001 -16.249172 -1.457018 -3.766132 -124.178030 -1.877734 37.911351 -18.689995 -21.493004 1.212276 13.253999 -53.097713 29.664758 -9.161713 -14.015983 17.244205 -11.617874 -26.868916 22.613561 -5.669889 -4.447990 3.162406 -8.212581 -23.977131 3.208553 -1.150696 -3.013504 -0.086810 -0.000001 -0.000003 0.000002 0.431398 -1.930591 -0.420891 0.000005 0.000003 -0.000005 0.864994 -1.558800 -0.501404 -0.000002 -0.000003 -0.000003 -4.894702 -4.487005 4.992409 0.000005 0.000007 0.000003 -1.614405 -4.026504 0.464411 0.000002 -0.000006 -0.000002 0.881409 -2.472403 -0.680005 2.852693 -0.365215 5.506791 0.983012 -1.727601 -0.664403 -0.000003 0.000003 0.000006 -3.976697 -4.405006 6.378006 -0.000001 0.000005 0.000001 -1.576289 -4.640988 1.506210 0.000000 -0.000000 0.000006 0.565410 -2.735116 -0.446299 12.297098 1.795436 13.812112 0.577885 -2.212795 -0.468595 0.000002 0.000000 -0.000003 -2.165786 -4.997001 7.896706 -0.000004 -0.000007 0.000007 -1.106990 -3.866808 1.244097 0.000006 -0.000001 0.000004 0.165898 -2.495190 -0.257391 -0.000000 0.000004 0.000003 0.419297 -2.359496 -0.559593 0.000001 -0.000000 -0.000003 0.668801 -1.715991 3.232314 -0.000001 -0.000004 0.000001 0.618798 -2.224005 1.556288 -0.000001 -0.000005 -0.000001 1.139799 -3.541110 2.553510 8.182621 -13.848606 -20.786677 -0.590002 -2.627717 1.193709 0.000006 -0.000004 0.000000 8.610315 -5.345805 -1.147063 -100.704173 -0.000644 -0.002208 108.558009 -0.001704 -0.003049 -6.724355 -0.000286 0.000296 1.194452 -7.224802 11.745975 -0.000003 -0.000001 0.000000 0.749603 -1.684399 6.380374 0.000002 0.000000 -0.000000 -8.610320 -5.345827 -1.147061 -18.715401 0.000000 -0.000000 -1.467480 -41.307808 -0.215582 110.543285 0.000000 -0.000000 -1.465900 -41.266689 -3.033068 37.335385 0.000000 0.000000 -1.194488 -7.224801 11.746427 -0.000003 -0.000000 0.000000 -0.749617 -1.684396 6.379956 0.000000 0.000000 0.000000 
0.000000 49.403900 -1.590447 -0.000000 0.000000 -0.000000 0.000000 5.822938 0.122295 15.803994 3.430557 -1.042828 18.064225 4.884059 -3.327672 18.103124 -0.000001 -0.000000 -0.000001 25.104677 -1.532951 -0.000547 -0.719344 -0.087801 0.000001 12.653506 1.544386 -24.310566 -1.400515 -0.301674 -3.330329 3.459640 8.674031 -0.000001 0.000003 0.000005 3.330326 3.459824 8.674034 -0.000000 -0.000002 0.000000 -0.000000 -0.763550 1.289535 0.000002 -0.000000 -0.000000 0.000001 6.326752 0.772197 0.000003 0.000000 -0.000000 0.095712 19.149231 -0.872782 0.000001 0.000000 0.000000 16.249254 -1.457201 -3.766131 -1.464717 -6.770257 -24.388877 0.000005 0.000000 0.000007 0.000010 -0.000001 0.000001 5.669896 -4.448143 3.162332 -0.000002 -0.000002 0.000008 -0.000003 0.000004 -0.000001 0.000002 -0.000003 -0.000001 -0.000003 0.000003 0.000003 4.894716 -4.487243 4.992381 0.000002 -0.000005 -0.000002 -0.000002 0.000007 -0.000002 0.000002 -0.000001 0.000001 -0.000002 -0.000003 -0.000003 3.976714 -4.405080 6.377929 -0.000006 0.000000 -0.000004 0.000007 -0.000003 -0.000001 -0.000001 -0.000007 -0.000007 0.000001 0.000006 -0.000002 2.165847 -4.997859 7.896616 -0.000000 0.000002 -0.000004 -0.000004 0.000008 0.000003 0.000001 -0.000004 -0.000006 0.000000 0.000001 -0.000001 -0.668815 -1.716162 3.232249 -0.000003 0.000005 0.000003 -0.618818 -2.224046 1.556315 0.000001 0.000000 -0.000001 -1.139794 -3.541377 2.553549 0.000001 -0.000006 0.000002 -0.000003 0.000004 -0.000002 -0.095716 19.149414 -0.872780 0.000004 -0.000000 0.000002 -16.249186 -1.456997 -3.766137 -122.912191 -0.674137 37.349841 -18.689993 -21.492985 1.212288 12.546150 -52.271991 28.739189 -9.161695 -14.016000 17.244198 -11.499412 -26.368613 22.233514 -5.669895 -4.448013 3.162398 -8.212583 -23.977126 3.208548 -1.150679 -3.013513 -0.086815 0.000002 -0.000007 0.000002 0.431395 -1.930597 -0.420894 0.000006 0.000003 -0.000003 0.864992 -1.558791 -0.501396 0.000001 -0.000004 -0.000006 -4.894711 -4.487005 4.992406 0.000001 0.000002 0.000003 -1.614399 -4.026507 0.464404 0.000001 -0.000006 0.000001 0.881407 -2.472403 -0.679996 2.852690 -0.365215 5.506793 0.982999 -1.727602 -0.664415 -0.000003 0.000010 0.000001 -3.976697 -4.405023 6.378005 -0.000004 0.000005 0.000001 -1.576292 -4.641005 1.506197 0.000006 -0.000002 0.000008 0.565409 -2.735115 -0.446303 12.297093 1.795437 13.812118 0.577903 -2.212794 -0.468582 -0.000001 -0.000001 0.000002 -2.165801 -4.996991 7.896704 -0.000003 -0.000006 0.000002 -1.106993 -3.866776 1.244107 -0.000004 -0.000003 0.000005 0.165909 -2.495188 -0.257401 -0.000001 0.000003 0.000007 0.419301 -2.359505 -0.559607 0.000003 -0.000003 -0.000001 0.668794 -1.716001 3.232309 -0.000003 -0.000007 -0.000002 0.618798 -2.224020 1.556296 0.000001 0.000000 -0.000003 1.139790 -3.541104 2.553496 8.182621 -13.848609 -20.786672 -0.589995 -2.627714 1.193711 -0.000005 -0.000004 0.000000 8.610315 -5.345805 -1.147063 -100.704173 -0.000644 -0.002208 108.558009 -0.001704 -0.003049 -6.724355 -0.000286 0.000296 1.194452 -7.224802 11.745975 -0.000003 -0.000001 0.000000 0.749603 -1.684399 6.380374 0.000002 0.000000 -0.000000 -8.610320 -5.345827 -1.147061 -18.715401 0.000000 -0.000000 -1.467480 -41.307808 -0.215582 110.543285 0.000000 -0.000000 -1.465900 -41.266689 -3.033068 37.335385 0.000000 0.000000 -1.194488 -7.224801 11.746427 -0.000003 -0.000000 0.000000 -0.749617 -1.684396 6.379956 0.000000 0.000000 0.000000 
0.000000 49.403900 -1.590447 -0.000000 0.000000 -0.000000 0.000000 5.822935 0.122294 15.643257 2.771780 -0.886624 17.802693 4.778663 -3.239878 17.684774 -0.000001 0.000001 0.000000 25.104666 -1.532961 -0.001348 -1.125234 -0.137357 -0.000001 12.653506 1.544373 -23.782539 -2.195688 -0.462409 -3.330330 3.459641 8.674044 -0.000002 0.000002 0.000005 3.330326 3.459809 8.674039 -0.000002 -0.000003 0.000000 -0.000000 -0.763550 1.289542 0.000000 -0.000002 0.000001 -0.000001 6.326736 0.772187 -0.000002 -0.000000 -0.000000 0.095713 19.149231 -0.872776 0.000001 0.000002 0.000000 16.249254 -1.457202 -3.766123 -1.464724 -6.770256 -24.388874 0.000002 -0.000003 0.000005 0.000008 -0.000001 0.000003 5.669905 -4.448128 3.162332 -0.000001 -0.000003 0.000011 0.000000 0.000004 -0.000007 -0.000001 -0.000003 0.000002 -0.000001 0.000005 0.000004 4.894716 -4.487220 4.992377 0.000005 -0.000005 0.000000 -0.000002 0.000005 -0.000005 0.000003 -0.000004 0.000002 -0.000003 0.000000 -0.000004 3.976713 -4.405058 6.377927 -0.000003 -0.000005 -0.000002 -0.000000 -0.000008 -0.000001 0.000000 -0.000006 -0.000002 0.000002 0.000000 0.000001 2.165851 -4.997847 7.896613 0.000006 -0.000001 -0.000002 -0.000000 0.000005 0.000001 -0.000001 0.000003 0.000001 0.000002 -0.000002 -0.000002 -0.668807 -1.716155 3.232246 0.000003 0.000007 0.000003 -0.618828 -2.224040 1.556315 0.000004 0.000003 0.000000 -1.139795 -3.541376 2.553551 0.000002 -0.000004 -0.000000 -0.000001 0.000004 0.000001 -0.095714 19.149414 -0.872782 0.000002 -0.000000 -0.000000 -16.249201 -1.457000 -3.766134 -121.232675 0.886260 36.572627 -18.689993 -21.492994 1.212278 11.682721 -51.195864 27.592970 -9.161702 -14.015997 17.244196 -11.342181 -25.725375 21.744787 -5.669900 -4.447998 3.162395 -8.212578 -23.977126 3.208546 -1.150688 -3.013504 -0.086806 -0.000001 -0.000002 -0.000002 0.431408 -1.930590 -0.420892 0.000007 0.000003 0.000000 0.865013 -1.558806 -0.501391 0.000002 -0.000003 -0.000003 -4.894711 -4.487012 4.992393 0.000007 0.000014 -0.000002 -1.614407 -4.026505 0.464395 0.000002 -0.000007 -0.000001 0.881405 -2.472409 -0.679990 2.852690 -0.365216 5.506794 0.983012 -1.727609 -0.664415 -0.000002 0.000009 0.000009 -3.976696 -4.405013 6.377994 0.000001 0.000005 -0.000004 -1.576301 -4.641001 1.506202 -0.000001 0.000002 0.000002 0.565399 -2.735100 -0.446308 12.297093 1.795437 13.812114 0.577894 -2.212814 -0.468596 -0.000001 -0.000001 -0.000001 -2.165796 -4.997003 7.896695 0.000003 0.000000 -0.000001 -1.106989 -3.866801 1.244109 0.000001 -0.000001 -0.000001 0.165894 -2.495200 -0.257389 -0.000001 -0.000000 0.000006 0.419289 -2.359497 -0.559603 0.000001 -0.000004 -0.000001 0.668797 -1.716005 3.232303 0.000005 0.000001 -0.000004 0.618800 -2.223988 1.556300 -0.000003 -0.000005 0.000002 1.139782 -3.541095 2.553499 8.182617 -13.848606 -20.786677 -0.590002 -2.627692 1.193713 -0.000003 -0.000004 0.000000 8.610315 -5.345805 -1.147063 -100.704173 -0.000644 -0.002208 108.558009 -0.001704 -0.003049 -6.724355 -0.000286 0.000296 1.194452 -7.224802 11.745975 -0.000003 -0.000001 0.000000 0.749603 -1.684399 6.380374 0.000002 0.000000 -0.000000 -8.610320 -5.345827 -1.147061 -18.715401 0.000000 -0.000000 -1.467480 -41.307808 -0.215582 110.543285 0.000000 -0.000000 -1.465900 -41.266689 -3.033068 37.335385 0.000000 0.000000 -1.194488 -7.224801 11.746427 -0.000003 -0.000000 0.000000 -0.749617 -1.684396 6.379956 0.000000 0.000000 0.000000 
0.000000 49.403900 -1.590447 -0.000000 0.000000 -0.000000 -0.000000 5.822938 0.122294 15.449770 1.967799 -0.698730 17.484431 4.649760 -3.133625 17.175117 -0.000000 -0.000000 0.000001 25.104666 -1.532963 -0.002799 -1.619703 -0.197741 -0.000000 12.653506 1.544376 -23.140116 -3.168930 -0.648922 -3.330329 3.459625 8.674030 -0.000000 0.000002 0.000005 3.330325 3.459808 8.674026 0.000000 -0.000003 0.000000 -0.000000 -0.763519 1.289539 0.000003 -0.000001 -0.000000 0.000000 6.326752 0.772194 -0.000001 0.000000 -0.000000 0.095713 19.149216 -0.872784 -0.000005 -0.000000 0.000001 16.249252 -1.457209 -3.766124 -1.464721 -6.770258 -24.388877 0.000003 0.000001 0.000003 0.000003 -0.000004 0.000006 5.669899 -4.448128 3.162333 -0.000005 -0.000002 0.000008 0.000003 0.000003 -0.000002 -0.000000 -0.000002 -0.000001 -0.000002 0.000004 0.000006 4.894723 -4.487224 4.992384 0.000003 -0.000007 0.000000 -0.000005 0.000002 -0.000002 0.000002 -0.000004 0.000003 -0.000002 -0.000002 -0.000005 3.976713 -4.405063 6.377930 -0.000003 -0.000008 0.000002 0.000004 -0.000004 -0.000002 -0.000000 -0.000003 -0.000005 -0.000001 0.000002 0.000000 2.165856 -4.997838 7.896617 -0.000002 0.000003 0.000002 -0.000003 0.000005 -0.000002 0.000002 0.000000 -0.000001 0.000003 -0.000004 -0.000005 -0.668811 -1.716154 3.232251 0.000005 0.000006 0.000009 -0.618820 -2.224037 1.556316 0.000002 0.000006 -0.000001 -1.139792 -3.541379 2.553549 0.000002 -0.000009 0.000004 0.000002 0.000005 0.000001 -0.095715 19.149414 -0.872781 0.000002 -0.000001 0.000001 -16.249195 -1.457019 -3.766144 -119.102749 2.802410 35.536853 -18.690001 -21.492994 1.212291 10.697601 -49.864066 26.258999 -9.161716 -14.016000 17.244190 -11.143189 -24.941879 21.149080 -5.669916 -4.448013 3.162397 -8.212583 -23.977128 3.208551 -1.150692 -3.013510 -0.086799 0.000004 -0.000004 0.000002 0.431390 -1.930573 -0.420908 -0.000000 0.000003 -0.000000 0.865002 -1.558808 -0.501400 0.000001 -0.000006 -0.000001 -4.894721 -4.487010 4.992395 -0.000001 0.000004 0.000004 -1.614400 -4.026512 0.464405 0.000006 -0.000006 -0.000000 0.881402 -2.472402 -0.680012 2.852690 -0.365216 5.506793 0.983005 -1.727598 -0.664403 -0.000002 0.000008 0.000004 -3.976712 -4.405011 6.377993 -0.000004 -0.000002 -0.000000 -1.576291 -4.640985 1.506199 0.000000 -0.000001 0.000002 0.565402 -2.735101 -0.446307 12.297088 1.795440 13.812118 0.577897 -2.212805 -0.468585 -0.000001 -0.000005 0.000001 -2.165812 -4.996991 7.896690 -0.000003 -0.000012 0.000003 -1.107005 -3.866796 1.244107 0.000001 -0.000003 0.000001 0.165890 -2.495203 -0.257414 0.000005 0.000002 0.000003 0.419297 -2.359495 -0.559601 -0.000003 -0.000006 0.000001 0.668791 -1.716007 3.232302 -0.000003 -0.000008 -0.000000 0.618804 -2.224019 1.556290 -0.000004 -0.000004 -0.000004 1.139785 -3.541117 2.553497 8.182626 -13.848610 -20.786673 -0.590005 -2.627699 1.193711 -0.000003 -0.000001 0.000000 8.610315 -5.345805 -1.147063 -100.704173 -0.000644 -0.002208 108.558009 -0.001704 -0.003049 -6.724355 -0.000286 0.000296 1.194452 -7.224802 11.745975 -0.000003 -0.000001 0.000000 0.749603 -1.684399 6.380374 0.000002 0.000000 -0.000000 -8.610320 -5.345827 -1.147061 -18.715401 0.000000 -0.000000 -1.467480 -41.307808 -0.215582 110.543285 0.000000 -0.000000 -1.465900 -41.266689 -3.033068 37.335385 0.000000 0.000000 -1.194488 -7.224801 11.746427 -0.000003 -0.000000 0.000000 -0.749617 -1.684396 6.379956 0.000000 0.000000 0.000000 
0.000000 49.403900 -1.590447 -0.000000 0.000000 -0.000000 -0.000000 5.822938 0.122294 15.225887 1.022334 -0.481516 17.111430 4.497785 -3.009909 16.576961 -0.000000 -0.000000 0.000001 25.104664 -1.532962 -0.005164 -2.200003 -0.268648 -0.000000 12.653503 1.544387 -22.387079 -4.317124 -0.854697 -3.330329 3.459625 8.674034 0.000001 0.000002 0.000005 3.330326 3.459823 8.674035 0.000001 -0.000003 -0.000000 -0.000000 -0.763535 1.289548 0.000007 -0.000001 -0.000000 -0.000000 6.326752 0.772199 -0.000001 -0.000000 -0.000000 0.095713 19.149231 -0.872783 -0.000001 0.000001 0.000001 16.249254 -1.457209 -3.766134 -1.464721 -6.770256 -24.388872 -0.000001 -0.000003 0.000007 0.000007 0.000001 0.000004 5.669902 -4.448128 3.162329 -0.000004 -0.000005 0.000004 0.000001 0.000008 -0.000000 0.000002 -0.000002 -0.000001 -0.000005 0.000005 0.000003 4.894717 -4.487230 4.992385 0.000003 -0.000004 -0.000000 -0.000004 0.000002 -0.000001 -0.000001 -0.000004 0.000006 -0.000000 -0.000003 -0.000004 3.976714 -4.405064 6.377932 -0.000005 -0.000003 -0.000000 0.000002 -0.000006 -0.000005 0.000002 -0.000008 -0.000002 0.000005 0.000000 -0.000001 2.165850 -4.997852 7.896616 0.000003 0.000007 -0.000000 -0.000001 0.000006 0.000000 -0.000001 -0.000003 -0.000003 -0.000001 -0.000002 0.000000 -0.668809 -1.716164 3.232251 0.000001 0.000005 -0.000001 -0.618826 -2.224045 1.556320 0.000002 -0.000001 0.000001 -1.139791 -3.541361 2.553545 0.000005 -0.000005 -0.000000 0.000000 -0.000001 0.000002 -0.095714 19.149414 -0.872780 0.000005 -0.000002 0.000001 -16.249182 -1.456998 -3.766137 -116.477005 5.063553 34.188013 -18.689995 -21.492998 1.212291 9.628547 -48.274035 24.774184 -9.161711 -14.016003 17.244184 -10.899320 -24.022802 20.449332 -5.669894 -4.448009 3.162399 -8.212584 -23.977125 3.208549 -1.150687 -3.013516 -0.086812 -0.000001 -0.000003 0.000001 0.431396 -1.930586 -0.420889 0.000003 0.000006 -0.000001 0.865004 -1.558796 -0.501402 0.000003 -0.000005 0.000002 -4.894702 -4.487014 4.992399 0.000007 0.000009 0.000001 -1.614396 -4.026509 0.464401 0.000001 -0.000008 -0.000001 0.881411 -2.472408 -0.679999 2.852686 -0.365217 5.506793 0.983011 -1.727606 -0.664407 -0.000003 0.000004 0.000002 -3.976697 -4.405006 6.378004 -0.000002 -0.000001 -0.000002 -1.576291 -4.640989 1.506204 0.000002 -0.000001 0.000002 0.565386 -2.735100 -0.446308 12.297094 1.795433 13.812112 0.577906 -2.212786 -0.468594 -0.000002 -0.000004 -0.000000 -2.165798 -4.996987 7.896700 0.000005 -0.000008 0.000000 -1.107002 -3.866775 1.244100 0.000000 -0.000000 -0.000003 0.165897 -2.495196 -0.257394 0.000005 -0.000004 -0.000000 0.419313 -2.359509 -0.559593 -0.000001 -0.000001 -0.000001 0.668807 -1.716014 3.232303 -0.000001 -0.000002 -0.000000 0.618809 -2.224031 1.556304 0.000003 -0.000006 -0.000001 1.139797 -3.541109 2.553504 8.182625 -13.848608 -20.786673 -0.590012 -2.627706 1.193717 -0.000000 -0.000003 -0.000000 8.610315 -5.345805 -1.147063 -100.704173 -0.000644 -0.002208 108.558009 -0.001704 -0.003049 -6.724355 -0.000286 0.000296 1.194452 -7.224802 11.745975 -0.000003 -0.000001 0.000000 0.749603 -1.684399 6.380374 0.000002 0.000000 -0.000000 -8.610320 -5.345827 -1.147061 -18.715401 0.000000 -0.000000 -1.467480 -41.307808 -0.215582 110.543285 0.000000 -0.000000 -1.465900 -41.266689 -3.033068 37.335385 0.000000 0.000000 -1.194488 -7.224801 11.746427 -0.000003 -0.000000 0.000000 -0.749617 -1.684396 6.379956 0.000000 0.000000 0.000000 
0.000000 49.403900 -1.590447 -0.000000 0.000000 -0.000000 -0.000000 5.822938 0.122295 14.974539 -0.058786 -0.237929 16.686495 4.323473 -2.870050 15.894479 -0.000001 0.000001 -0.000000 25.104675 -1.532961 -0.008737 -2.862087 -0.349617 -0.000000 12.653515 1.544399 -21.528596 -5.634528 -1.072039 -3.330328 3.459625 8.674040 0.000004 0.000003 0.000005 3.330326 3.459823 8.674037 0.000004 -0.000002 0.000000 0.000000 -0.763534 1.289538 0.000010 -0.000001 -0.000000 -0.000000 6.326767 0.772200 0.000005 -0.000000 0.000000 0.095712 19.149231 -0.872788 -0.000002 -0.000000 0.000000 16.249247 -1.457201 -3.766125 -1.464721 -6.770258 -24.388874 -0.000004 -0.000001 0.000001 0.000007 -0.000003 0.000006 5.669907 -4.448114 3.162328 -0.000003 -0.000005 -0.000003 -0.000000 0.000006 -0.000002 0.000004 -0.000001 0.000005 0.000004 0.000003 0.000003 4.894716 -4.487227 4.992379 0.000001 -0.000003 -0.000001 -0.000004 0.000001 0.000001 -0.000001 -0.000003 -0.000001 -0.000001 -0.000004 -0.000005 3.976717 -4.405078 6.377924 -0.000004 -0.000001 -0.000005 0.000006 -0.000008 -0.000002 -0.000002 -0.000007 0.000001 0.000001 0.000001 -0.000002 2.165854 -4.997853 7.896609 0.000004 0.000002 -0.000001 0.000001 0.000005 0.000000 0.000001 0.000001 0.000003 0.000003 -0.000003 -0.000003 -0.668819 -1.716152 3.232246 -0.000003 0.000008 -0.000003 -0.618821 -2.224038 1.556319 -0.000002 0.000001 0.000001 -1.139797 -3.541363 2.553547 0.000003 -0.000007 0.000005 0.000000 0.000005 0.000002 -0.095716 19.149414 -0.872785 0.000004 -0.000000 0.000001 -16.249191 -1.457015 -3.766130 -113.301364 7.643513 32.459559 -18.689989 -21.492992 1.212281 8.514390 -46.427292 23.177159 -9.161703 -14.015977 17.244205 -10.607567 -22.975109 19.649814 -5.669899 -4.448013 3.162404 -8.212584 -23.977126 3.208547 -1.150680 -3.013495 -0.086798 -0.000005 -0.000000 -0.000000 0.431391 -1.930588 -0.420895 0.000007 0.000004 0.000002 0.865002 -1.558802 -0.501402 0.000001 -0.000002 -0.000003 -4.894702 -4.487009 4.992408 0.000006 0.000009 0.000001 -1.614393 -4.026486 0.464400 -0.000001 -0.000013 0.000001 0.881410 -2.472407 -0.680002 2.852694 -0.365219 5.506797 0.982995 -1.727614 -0.664397 -0.000002 0.000003 0.000000 -3.976699 -4.405017 6.378004 -0.000002 0.000000 -0.000000 -1.576295 -4.640996 1.506196 0.000000 -0.000001 0.000001 0.565413 -2.735107 -0.446302 12.297091 1.795438 13.812119 0.577891 -2.212800 -0.468588 0.000001 -0.000001 0.000001 -2.165799 -4.996998 7.896708 -0.000001 -0.000000 -0.000002 -1.107021 -3.866790 1.244104 -0.000002 -0.000002 -0.000001 0.165906 -2.495210 -0.257411 0.000004 0.000000 0.000004 0.419301 -2.359495 -0.559586 -0.000001 0.000001 -0.000003 0.668797 -1.716008 3.232314 0.000008 0.000000 -0.000004 0.618808 -2.224022 1.556304 -0.000001 0.000000 -0.000002 1.139789 -3.541102 2.553504 8.182622 -13.848612 -20.786675 -0.589998 -2.627698 1.193709 -0.000002 -0.000002 0.000000 8.610315 -5.345805 -1.147063 -100.704173 -0.000644 -0.002208 108.558009 -0.001704 -0.003049 -6.724355 -0.000286 0.000296 1.194452 -7.224802 11.745975 -0.000003 -0.000001 0.000000 0.749603 -1.684399 6.380374 0.000002 0.000000 -0.000000 -8.610320 -5.345827 -1.147061 -18.715401 0.000000 -0.000000 -1.467480 -41.307808 -0.215582 110.543285 0.000000 -0.000000 -1.465900 -41.266689 -3.033068 37.335385 0.000000 0.000000 -1.194488 -7.224801 11.746427 -0.000003 -0.000000 0.000000 -0.749617 -1.684396 6.379956 0.000000 0.000000 0.000000 
0.000000 49.403900 -1.590447 -0.000000 0.000000 -0.000000 0.000000 5.822940 0.122294 14.699230 -1.267340 0.028547 16.213346 4.127919 -2.715690 15.133304 -0.000001 -0.000000 -0.000000 25.104639 -1.532960 -0.013826 -3.600489 -0.440031 -0.000000 12.653505 1.544391 -20.571364 -7.112274 -1.292290 -3.330328 3.459610 8.674041 -0.000000 0.000003 0.000006 3.330328 3.459808 8.674040 0.000000 -0.000002 0.000001 0.000002 -0.763535 1.289548 0.000002 -0.000001 0.000000 0.000000 6.326752 0.772197 0.000000 -0.000000 -0.000000 0.095713 19.149200 -0.872778 0.000001 -0.000001 0.000001 16.249256 -1.457194 -3.766123 -1.464713 -6.770259 -24.388869 0.000005 0.000002 0.000002 0.000006 0.000000 0.000004 5.669899 -4.448125 3.162332 -0.000005 -0.000007 0.000004 -0.000002 0.000006 0.000000 -0.000001 -0.000003 -0.000005 -0.000001 0.000001 0.000006 4.894719 -4.487227 4.992384 -0.000000 -0.000010 -0.000002 -0.000006 0.000005 -0.000006 0.000002 -0.000008 -0.000005 -0.000000 -0.000003 -0.000004 3.976717 -4.405066 6.377933 -0.000004 -0.000003 -0.000004 0.000006 -0.000006 -0.000006 -0.000003 -0.000005 0.000000 0.000000 0.000002 0.000001 2.165851 -4.997845 7.896616 -0.000003 -0.000001 -0.000002 -0.000002 0.000008 -0.000001 0.000000 0.000000 -0.000001 0.000001 -0.000000 -0.000002 -0.668817 -1.716154 3.232250 -0.000002 0.000001 0.000005 -0.618819 -2.224040 1.556320 -0.000006 -0.000004 -0.000003 -1.139788 -3.541366 2.553544 0.000006 -0.000008 0.000004 -0.000001 0.000002 -0.000000 -0.095715 19.149414 -0.872782 0.000007 -0.000000 0.000002 -16.249186 -1.457013 -3.766130 -109.514167 10.493602 30.273881 -18.690001 -21.492990 1.212277 7.392637 -44.330796 21.505807 -9.161692 -14.015997 17.244194 -10.265370 -21.808359 18.756261 -5.669897 -4.448013 3.162403 -8.212583 -23.977125 3.208551 -1.150697 -3.013500 -0.086804 -0.000003 -0.000002 0.000000 0.431402 -1.930603 -0.420887 0.000006 0.000003 0.000002 0.865006 -1.558811 -0.501391 -0.000002 -0.000004 -0.000001 -4.894720 -4.487027 4.992398 -0.000000 0.000007 0.000004 -1.614411 -4.026509 0.464405 -0.000000 -0.000007 -0.000001 0.881420 -2.472399 -0.680002 2.852690 -0.365213 5.506788 0.983016 -1.727612 -0.664409 -0.000003 0.000004 -0.000001 -3.976714 -4.405012 6.378001 -0.000003 0.000001 -0.000000 -1.576288 -4.640992 1.506186 0.000004 -0.000001 0.000001 0.565407 -2.735108 -0.446317 12.297096 1.795438 13.812112 0.577885 -2.212800 -0.468604 0.000002 -0.000001 -0.000000 -2.165811 -4.997006 7.896704 -0.000003 -0.000006 0.000004 -1.107007 -3.866801 1.244098 0.000003 -0.000006 -0.000001 0.165886 -2.495197 -0.257401 0.000006 0.000003 0.000000 0.419311 -2.359504 -0.559613 0.000001 -0.000002 -0.000003 0.668784 -1.716009 3.232303 -0.000002 -0.000002 -0.000002 0.618806 -2.223998 1.556290 -0.000010 -0.000003 -0.000003 1.139786 -3.541093 2.553496 8.182623 -13.848606 -20.786675 -0.589988 -2.627690 1.193711 -0.000005 -0.000002 0.000004 8.610315 -5.345805 -1.147063 -100.704173 -0.000644 -0.002208 108.558009 -0.001704 -0.003049 -6.724355 -0.000286 0.000296 1.194452 -7.224802 11.745975 -0.000003 -0.000001 0.000000 0.749603 -1.684399 6.380374 0.000002 0.000000 -0.000000 -8.610320 -5.345827 -1.147061 -18.715401 0.000000 -0.000000 -1.467480 -41.307808 -0.215582 110.543285 0.000000 -0.000000 -1.465900 -41.266689 -3.033068 37.335385 0.000000 0.000000 -1.194488 -7.224801 11.746427 -0.000003 -0.000000 0.000000 -0.749617 -1.684396 6.379956 0.000000 0.000000 0.000000 
0.000000 49.403900 -1.590447 -0.000000 0.000000 -0.000000 -0.000000 5.822939 0.122294 14.403913 -2.592499 0.313963 15.696681 3.912627 -2.548794 14.300627 -0.000001 0.000000 -0.000000 25.104660 -1.532956 -0.020747 -4.408217 -0.539105 0.000000 12.653510 1.544389 -19.523522 -8.737928 -1.506132 -3.330331 3.459640 8.674029 0.000001 0.000002 0.000005 3.330325 3.459824 8.674029 0.000001 -0.000003 0.000000 -0.000000 -0.763519 1.289530 0.000005 -0.000002 -0.000001 0.000001 6.326752 0.772188 0.000003 -0.000000 -0.000000 0.095713 19.149216 -0.872775 0.000003 0.000000 0.000000 16.249254 -1.457209 -3.766118 -1.464719 -6.770261 -24.388874 0.000004 0.000000 0.000005 0.000005 -0.000001 0.000006 5.669906 -4.448127 3.162332 0.000003 -0.000003 0.000002 -0.000001 0.000003 0.000003 0.000006 -0.000004 0.000004 -0.000000 0.000003 0.000003 4.894720 -4.487244 4.992387 0.000001 -0.000008 -0.000002 -0.000002 0.000005 -0.000007 0.000001 -0.000002 -0.000001 -0.000001 0.000000 -0.000007 3.976722 -4.405074 6.377932 -0.000001 0.000000 -0.000004 0.000002 -0.000010 -0.000002 -0.000001 -0.000004 -0.000004 0.000001 0.000003 0.000002 2.165852 -4.997853 7.896614 -0.000001 0.000003 -0.000002 -0.000000 0.000005 -0.000002 0.000005 0.000004 0.000000 -0.000002 -0.000007 -0.000001 -0.668806 -1.716165 3.232253 0.000012 0.000004 0.000002 -0.618827 -2.224033 1.556316 0.000005 0.000004 0.000002 -1.139797 -3.541378 2.553546 0.000000 -0.000005 0.000003 -0.000001 0.000002 -0.000001 -0.095715 19.149414 -0.872779 0.000007 -0.000000 0.000001 -16.249182 -1.457007 -3.766131 -105.049928 13.534892 27.546076 -18.689993 -21.492992 1.212291 6.297217 -41.998027 19.795345 -9.161706 -14.015995 17.244190 -9.870960 -20.534882 17.776004 -5.669905 -4.448004 3.162393 -8.212584 -23.977125 3.208550 -1.150701 -3.013504 -0.086809 0.000002 -0.000004 0.000003 0.431393 -1.930586 -0.420902 0.000007 0.000003 0.000000 0.865004 -1.558799 -0.501394 -0.000002 -0.000005 0.000002 -4.894714 -4.487006 4.992389 -0.000000 0.000009 0.000006 -1.614403 -4.026501 0.464400 0.000003 -0.000011 0.000003 0.881407 -2.472430 -0.679987 2.852690 -0.365215 5.506793 0.983008 -1.727623 -0.664403 -0.000004 0.000003 0.000004 -3.976713 -4.405002 6.377994 -0.000005 0.000002 0.000003 -1.576290 -4.640994 1.506208 -0.000001 -0.000001 0.000004 0.565414 -2.735098 -0.446299 12.297092 1.795441 13.812116 0.577894 -2.212793 -0.468610 0.000003 -0.000004 -0.000002 -2.165821 -4.996996 7.896687 -0.000004 -0.000009 0.000002 -1.107008 -3.866787 1.244104 0.000004 -0.000003 0.000003 0.165912 -2.495204 -0.257390 0.000004 -0.000003 0.000002 0.419297 -2.359496 -0.559603 -0.000002 0.000002 0.000003 0.668783 -1.715999 3.232290 -0.000001 0.000000 0.000005 0.618812 -2.224005 1.556294 -0.000003 -0.000001 -0.000000 1.139797 -3.541095 2.553503 8.182627 -13.848609 -20.786678 -0.589998 -2.627702 1.193710 0.000000 -0.000001 0.000003 8.610315 -5.345805 -1.147063 -100.704173 -0.000644 -0.002208 108.558009 -0.001704 -0.003049 -6.724355 -0.000286 0.000296 1.194452 -7.224802 11.745975 -0.000003 -0.000001 0.000000 0.749603 -1.684399 6.380374 0.000002 0.000000 -0.000000 -8.610320 -5.345827 -1.147061 -18.715401 0.000000 -0.000000 -1.467480 -41.307808 -0.215582 110.543285 0.000000 -0.000000 -1.465900 -41.266689 -3.033068 37.335385 0.000000 0.000000 -1.194488 -7.224801 11.746427 -0.000003 -0.000000 0.000000 -0.749617 -1.684396 6.379956 0.000000 0.000000 0.000000 
0.000000 49.403900 -1.590447 -0.000000 0.000000 -0.000000 0.000000 5.822934 0.122295 14.092943 -4.020713 0.614002 15.142135 3.679535 -2.371611 13.405232 -0.000000 0.000000 0.000000 25.104664 -1.532960 -0.029762 -5.276746 -0.645879 -0.000001 12.653488 1.544387 -18.394659 -10.495214 -1.703996 -3.330328 3.459640 8.674036 0.000001 0.000003 0.000005 3.330326 3.459823 8.674033 0.000002 -0.000000 -0.000000 -0.000001 -0.763519 1.289537 0.000003 -0.000000 -0.000001 -0.000002 6.326752 0.772189 0.000001 0.000000 0.000000 0.095713 19.149216 -0.872781 -0.000001 0.000000 0.000000 16.249258 -1.457224 -3.766126 -1.464722 -6.770260 -24.388872 0.000003 -0.000003 0.000005 0.000001 -0.000001 -0.000001 5.669904 -4.448123 3.162332 -0.000005 -0.000005 0.000001 0.000000 0.000000 -0.000004 0.000005 -0.000002 -0.000001 -0.000003 0.000004 -0.000001 4.894723 -4.487229 4.992384 -0.000001 -0.000009 -0.000000 -0.000005 0.000003 -0.000004 0.000001 -0.000006 0.000004 -0.000003 -0.000004 -0.000005 3.976717 -4.405056 6.377932 -0.000004 -0.000001 -0.000005 0.000005 -0.000009 -0.000008 0.000005 -0.000006 -0.000004 0.000004 0.000000 -0.000001 2.165851 -4.997838 7.896615 -0.000003 0.000003 -0.000004 -0.000002 0.000002 -0.000004 0.000006 0.000003 -0.000001 0.000005 -0.000003 0.000002 -0.668814 -1.716152 3.232250 -0.000002 0.000005 0.000002 -0.618824 -2.224049 1.556321 -0.000003 0.000001 -0.000002 -1.139789 -3.541377 2.553548 0.000004 -0.000006 0.000001 -0.000006 0.000005 -0.000000 -0.095715 19.149414 -0.872786 0.000003 -0.000001 0.000001 -16.249184 -1.456998 -3.766128 -99.848029 16.651532 24.192918 -18.690002 -21.492994 1.212280 5.256879 -39.449817 18.076922 -9.161697 -14.015989 17.244198 -9.423675 -19.169764 16.717994 -5.669896 -4.448003 3.162398 -8.212584 -23.977126 3.208553 -1.150702 -3.013492 -0.086802 -0.000002 0.000001 0.000004 0.431387 -1.930588 -0.420907 0.000004 0.000003 -0.000003 0.864996 -1.558809 -0.501396 0.000002 -0.000002 -0.000006 -4.894705 -4.487003 4.992405 0.000001 0.000007 0.000003 -1.614390 -4.026500 0.464407 -0.000003 -0.000006 -0.000002 0.881408 -2.472404 -0.679996 2.852687 -0.365218 5.506793 0.983001 -1.727615 -0.664405 -0.000006 0.000005 0.000004 -3.976706 -4.405007 6.377996 -0.000006 0.000003 -0.000000 -1.576299 -4.641000 1.506199 0.000004 -0.000001 0.000001 0.565402 -2.735111 -0.446301 12.297089 1.795433 13.812114 0.577900 -2.212800 -0.468595 0.000001 -0.000001 -0.000000 -2.165808 -4.996985 7.896700 -0.000001 -0.000009 0.000004 -1.107000 -3.866799 1.244107 -0.000001 0.000003 0.000002 0.165886 -2.495202 -0.257395 0.000000 -0.000003 0.000004 0.419300 -2.359512 -0.559603 0.000003 -0.000001 -0.000000 0.668792 -1.715997 3.232305 -0.000003 -0.000001 -0.000000 0.618822 -2.223980 1.556296 -0.000007 -0.000002 -0.000001 1.139775 -3.541102 2.553504 8.182621 -13.848606 -20.786678 -0.589987 -2.627707 1.193704 -0.000000 0.000001 0.000001 8.610315 -5.345805 -1.147063 -100.704173 -0.000644 -0.002208 108.558009 -0.001704 -0.003049 -6.724355 -0.000286 0.000296 1.194452 -7.224802 11.745975 -0.000003 -0.000001 0.000000 0.749603 -1.684399 6.380374 0.000002 0.000000 -0.000000 -8.610320 -5.345827 -1.147061 -18.715401 0.000000 -0.000000 -1.467480 -41.307808 -0.215582 110.543285 0.000000 -0.000000 -1.465900 -41.266689 -3.033068 37.335385 0.000000 0.000000 -1.194488 -7.224801 11.746427 -0.000003 -0.000000 0.000000 -0.749617 -1.684396 6.379956 0.000000 0.000000 0.000000 
0.000000 49.403900 -1.590447 -0.000000 0.000000 -0.000000 -0.000000 5.822935 0.122294 13.770942 -5.535750 0.924101 14.556246 3.431023 -2.186633 12.457438 -0.000001 0.000000 0.000000 25.104671 -1.532959 -0.041089 -6.196057 -0.759226 -0.000000 12.653513 1.544393 -17.195768 -12.363950 -1.876526 -3.330328 3.459625 8.674034 0.000001 0.000004 0.000004 3.330329 3.459808 8.674032 0.000001 0.000001 -0.000001 0.000001 -0.763535 1.289540 0.000005 -0.000002 -0.000001 -0.000000 6.326767 0.772194 -0.000003 0.000000 0.000000 0.095713 19.149231 -0.872777 0.000002 0.000000 0.000000 16.249252 -1.457232 -3.766116 -1.464720 -6.770259 -24.388871 0.000004 -0.000003 0.000005 0.000010 -0.000002 0.000004 5.669904 -4.448125 3.162329 -0.000001 -0.000007 0.000007 -0.000003 0.000002 -0.000002 0.000005 -0.000003 0.000004 0.000001 0.000003 0.000004 4.894714 -4.487216 4.992379 0.000001 -0.000008 0.000003 -0.000003 0.000005 -0.000006 0.000001 -0.000006 0.000002 -0.000005 -0.000004 -0.000009 3.976712 -4.405067 6.377925 -0.000003 -0.000008 -0.000000 0.000010 -0.000006 -0.000004 -0.000001 -0.000010 -0.000001 0.000003 0.000004 -0.000001 2.165844 -4.997848 7.896612 -0.000000 0.000000 0.000002 -0.000000 0.000003 -0.000002 -0.000001 0.000002 -0.000003 -0.000001 -0.000006 0.000002 -0.668811 -1.716162 3.232245 0.000006 0.000003 -0.000000 -0.618823 -2.224052 1.556317 -0.000003 0.000002 -0.000004 -1.139792 -3.541355 2.553553 0.000003 -0.000007 0.000002 0.000002 0.000003 0.000002 -0.095715 19.149414 -0.872780 0.000007 -0.000002 0.000000 -16.249195 -1.457002 -3.766126 -93.868622 19.688403 20.149121 -18.689991 -21.493000 1.212277 4.294280 -36.714558 16.376893 -9.161698 -14.015989 17.244196 -8.924355 -17.730806 15.592897 -5.669905 -4.448009 3.162407 -8.212579 -23.977126 3.208551 -1.150708 -3.013505 -0.086805 0.000004 -0.000002 0.000004 0.431400 -1.930582 -0.420901 0.000003 0.000005 -0.000001 0.864996 -1.558788 -0.501397 0.000002 -0.000001 -0.000006 -4.894704 -4.487007 4.992401 0.000005 0.000002 -0.000001 -1.614396 -4.026481 0.464406 -0.000005 -0.000005 -0.000000 0.881402 -2.472405 -0.680014 2.852688 -0.365216 5.506795 0.983014 -1.727599 -0.664409 -0.000004 0.000009 0.000001 -3.976708 -4.405015 6.378002 0.000000 -0.000001 -0.000000 -1.576289 -4.641010 1.506205 0.000003 -0.000001 0.000002 0.565404 -2.735104 -0.446309 12.297091 1.795436 13.812114 0.577913 -2.212791 -0.468598 0.000000 -0.000003 0.000001 -2.165810 -4.996996 7.896712 0.000003 -0.000010 0.000000 -1.106990 -3.866782 1.244105 -0.000005 0.000003 -0.000000 0.165899 -2.495190 -0.257400 0.000002 0.000002 0.000002 0.419297 -2.359506 -0.559603 0.000003 -0.000000 -0.000003 0.668793 -1.715999 3.232304 0.000000 -0.000006 -0.000001 0.618805 -2.224000 1.556287 0.000000 -0.000004 -0.000001 1.139794 -3.541118 2.553515 8.182624 -13.848606 -20.786680 -0.590002 -2.627707 1.193715 -0.000000 -0.000002 -0.000004 8.610315 -5.345805 -1.147063 -100.704173 -0.000644 -0.002208 108.558009 -0.001704 -0.003049 -6.724355 -0.000286 0.000296 1.194452 -7.224802 11.745975 -0.000003 -0.000001 0.000000 0.749603 -1.684399 6.380374 0.000002 0.000000 -0.000000 -8.610320 -5.345827 -1.147061 -18.715401 0.000000 -0.000000 -1.467480 -41.307808 -0.215582 110.543285 0.000000 -0.000000 -1.465900 -41.266689 -3.033068 37.335385 0.000000 0.000000 -1.194488 -7.224801 11.746427 -0.000003 -0.000000 0.000000 -0.749617 -1.684396 6.379956 0.000000 0.000000 0.000000 
0.000000 49.403900 -1.590447 -0.000000 0.000000 -0.000000 -0.000000 5.822936 0.122294 13.442658 -7.118887 1.239587 13.946375 3.169914 -1.996533 11.468961 -0.000000 0.000000 -0.000000 25.104662 -1.532955 -0.054881 -7.154779 -0.877858 0.000001 12.653498 1.544386 -15.939059 -14.320264 -2.015112 -3.330327 3.459625 8.674038 0.000002 0.000003 0.000004 3.330327 3.459808 8.674037 0.000002 -0.000000 -0.000001 0.000000 -0.763519 1.289539 0.000005 -0.000002 -0.000002 0.000001 6.326752 0.772196 0.000000 0.000000 -0.000000 0.095713 19.149216 -0.872776 0.000000 -0.000000 0.000000 16.249258 -1.457195 -3.766128 -1.464721 -6.770258 -24.388872 0.000005 0.000000 0.000007 0.000011 -0.000001 0.000003 5.669898 -4.448134 3.162335 -0.000001 -0.000005 0.000004 0.000004 0.000006 0.000005 0.000003 -0.000008 0.000003 0.000003 0.000005 0.000003 4.894715 -4.487229 4.992390 -0.000001 -0.000005 -0.000004 0.000000 0.000004 -0.000000 0.000003 -0.000001 0.000001 -0.000004 -0.000003 -0.000004 3.976710 -4.405072 6.377935 -0.000007 -0.000001 -0.000002 0.000007 -0.000004 -0.000003 -0.000000 -0.000004 0.000004 0.000007 -0.000001 -0.000002 2.165846 -4.997847 7.896617 -0.000003 0.000008 -0.000002 -0.000003 0.000009 -0.000004 -0.000004 0.000000 -0.000001 0.000002 -0.000004 0.000002 -0.668811 -1.716154 3.232252 0.000005 0.000004 -0.000000 -0.618824 -2.224043 1.556317 -0.000001 -0.000000 -0.000004 -1.139795 -3.541376 2.553545 0.000002 -0.000009 0.000002 -0.000001 0.000004 -0.000001 -0.095716 19.149414 -0.872779 0.000006 0.000001 0.000000 -16.249193 -1.457019 -3.766134 -87.117321 22.457536 15.392653 -18.690002 -21.493004 1.212293 3.425600 -33.827854 14.716616 -9.161697 -14.016002 17.244202 -8.375552 -16.238052 14.412961 -5.669898 -4.448018 3.162406 -8.212580 -23.977130 3.208549 -1.150700 -3.013510 -0.086806 -0.000002 -0.000004 0.000002 0.431396 -1.930601 -0.420904 0.000004 0.000003 -0.000001 0.864999 -1.558808 -0.501395 0.000006 -0.000001 -0.000001 -4.894695 -4.487016 4.992407 0.000008 0.000007 -0.000001 -1.614394 -4.026506 0.464410 -0.000003 0.000000 0.000002 0.881399 -2.472407 -0.680008 2.852692 -0.365215 5.506793 0.983014 -1.727611 -0.664405 -0.000005 0.000010 0.000006 -3.976696 -4.405017 6.378013 0.000002 -0.000002 0.000002 -1.576288 -4.640996 1.506195 0.000002 0.000002 0.000002 0.565392 -2.735105 -0.446305 12.297091 1.795432 13.812114 0.577908 -2.212809 -0.468577 0.000001 -0.000002 -0.000001 -2.165806 -4.997011 7.896702 0.000001 -0.000008 0.000000 -1.107014 -3.866792 1.244099 -0.000001 0.000000 0.000005 0.165891 -2.495190 -0.257394 -0.000002 -0.000003 0.000001 0.419292 -2.359493 -0.559592 -0.000002 -0.000001 -0.000000 0.668798 -1.716008 3.232312 0.000002 -0.000004 0.000003 0.618810 -2.223994 1.556303 -0.000000 -0.000003 -0.000003 1.139783 -3.541095 2.553503 8.182624 -13.848607 -20.786677 -0.589997 -2.627686 1.193708 -0.000005 -0.000000 0.000000 8.610315 -5.345805 -1.147063 -100.704173 -0.000644 -0.002208 108.558009 -0.001704 -0.003049 -6.724355 -0.000286 0.000296 1.194452 -7.224802 11.745975 -0.000003 -0.000001 0.000000 0.749603 -1.684399 6.380374 0.000002 0.000000 -0.000000 -8.610320 -5.345827 -1.147061 -18.715401 0.000000 -0.000000 -1.467480 -41.307808 -0.215582 110.543285 0.000000 -0.000000 -1.465900 -41.266689 -3.033068 37.335385 0.000000 0.000000 -1.194488 -7.224801 11.746427 -0.000003 -0.000000 0.000000 -0.749617 -1.684396 6.379956 0.000000 0.000000 0.000000 
0.000000 49.403900 -1.590447 -0.000000 0.000000 -0.000000 0.000000 5.822933 0.122295 13.112827 -8.749310 1.555823 13.320506 2.899413 -1.804076 10.452676 -0.000000 0.000000 -0.000000 25.104662 -1.532956 -0.071186 -8.140432 -1.000348 0.000002 12.653510 1.544399 -14.637905 -16.337133 -2.112422 -3.330325 3.459625 8.674042 0.000001 0.000003 0.000004 3.330331 3.459808 8.674041 0.000001 -0.000000 -0.000000 0.000000 -0.763535 1.289543 0.000009 -0.000003 0.000000 0.000002 6.326752 0.772202 0.000003 0.000001 -0.000001 0.095712 19.149216 -0.872778 0.000003 0.000000 0.000001 16.249252 -1.457201 -3.766124 -1.464721 -6.770257 -24.388871 0.000006 0.000001 0.000002 0.000009 -0.000001 0.000003 5.669903 -4.448125 3.162334 -0.000001 -0.000002 0.000004 0.000004 0.000004 -0.000006 0.000005 -0.000007 -0.000000 0.000000 -0.000001 -0.000003 4.894712 -4.487224 4.992382 0.000003 -0.000010 -0.000001 -0.000004 0.000009 -0.000002 0.000005 -0.000004 0.000001 -0.000000 -0.000003 -0.000009 3.976713 -4.405072 6.377931 -0.000003 -0.000001 -0.000003 0.000005 0.000001 -0.000006 0.000004 -0.000003 0.000004 0.000002 0.000002 0.000002 2.165848 -4.997848 7.896615 -0.000001 0.000001 -0.000002 0.000000 0.000009 -0.000005 0.000000 0.000003 -0.000005 -0.000000 0.000003 0.000002 -0.668808 -1.716161 3.232252 0.000001 0.000005 0.000007 -0.618823 -2.224041 1.556319 -0.000003 0.000009 -0.000003 -1.139790 -3.541361 2.553542 0.000004 -0.000006 0.000002 -0.000000 0.000005 0.000001 -0.095715 19.149414 -0.872780 0.000005 -0.000001 0.000001 -16.249189 -1.456995 -3.766145 -79.674935 24.757962 9.975339 -18.689991 -21.492994 1.212292 2.660800 -30.831563 13.112842 -9.161706 -14.016003 17.244190 -7.781754 -14.713332 13.191990 -5.669875 -4.448006 3.162412 -8.212584 -23.977126 3.208550 -1.150701 -3.013506 -0.086788 0.000004 -0.000005 -0.000000 0.431392 -1.930588 -0.420881 0.000004 0.000003 -0.000001 0.864998 -1.558806 -0.501387 -0.000001 -0.000002 -0.000003 -4.894694 -4.487017 4.992411 0.000002 0.000009 0.000003 -1.614400 -4.026502 0.464390 -0.000001 -0.000006 0.000006 0.881414 -2.472394 -0.680010 2.852688 -0.365217 5.506792 0.983000 -1.727612 -0.664406 -0.000003 0.000005 0.000002 -3.976682 -4.405002 6.378011 -0.000004 0.000005 0.000001 -1.576295 -4.640995 1.506204 0.000002 -0.000002 0.000005 0.565407 -2.735098 -0.446299 12.297091 1.795436 13.812114 0.577899 -2.212811 -0.468586 0.000004 -0.000001 0.000001 -2.165795 -4.996984 7.896713 0.000000 -0.000004 0.000004 -1.107002 -3.866782 1.244106 -0.000005 -0.000001 -0.000000 0.165894 -2.495193 -0.257405 0.000003 0.000004 0.000003 0.419298 -2.359510 -0.559592 -0.000002 -0.000000 -0.000001 0.668809 -1.715996 3.232311 -0.000005 0.000002 -0.000003 0.618808 -2.224001 1.556288 0.000002 -0.000002 -0.000006 1.139801 -3.541094 2.553528 8.182620 -13.848609 -20.786675 -0.589998 -2.627685 1.193703 -0.000004 -0.000006 0.000002 8.610315 -5.345805 -1.147063 -100.704173 -0.000644 -0.002208 108.558009 -0.001704 -0.003049 -6.724355 -0.000286 0.000296 1.194452 -7.224802 11.745975 -0.000003 -0.000001 0.000000 0.749603 -1.684399 6.380374 0.000002 0.000000 -0.000000 -8.610320 -5.345827 -1.147061 -18.715401 0.000000 -0.000000 -1.467480 -41.307808 -0.215582 110.543285 0.000000 -0.000000 -1.465900 -41.266689 -3.033068 37.335385 0.000000 0.000000 -1.194488 -7.224801 11.746427 -0.000003 -0.000000 0.000000 -0.749617 -1.684396 6.379956 0.000000 0.000000 0.000000 
0.000000 49.403900 -1.590447 -0.000000 0.000000 -0.000000 -0.000000 5.822934 0.122295 12.786044 -10.404660 1.868352 12.687070 2.623050 -1.612036 9.422266 -0.000000 0.000000 0.000000 25.104664 -1.532957 -0.089933 -9.139737 -1.125156 0.000000 12.653509 1.544391 -13.306648 -18.385191 -2.162917 -3.330325 3.459640 8.674031 0.000002 0.000005 0.000004 3.330329 3.459793 8.674030 0.000002 -0.000001 -0.000001 0.000004 -0.763535 1.289537 0.000005 0.000003 -0.000001 -0.000000 6.326752 0.772190 0.000001 0.000000 -0.000000 0.095713 19.149216 -0.872775 -0.000002 0.000000 0.000000 16.249260 -1.457209 -3.766116 -1.464718 -6.770259 -24.388874 -0.000001 -0.000002 0.000002 0.000004 -0.000003 0.000004 5.669899 -4.448130 3.162332 0.000000 -0.000002 0.000004 -0.000003 0.000004 0.000001 0.000003 -0.000006 -0.000002 0.000004 0.000005 0.000005 4.894719 -4.487235 4.992384 0.000000 -0.000008 -0.000004 -0.000004 0.000003 -0.000004 0.000003 -0.000004 0.000004 -0.000005 -0.000003 -0.000003 3.976714 -4.405071 6.377928 -0.000001 -0.000003 -0.000000 0.000003 -0.000006 -0.000003 0.000003 -0.000005 0.000000 0.000005 -0.000001 -0.000003 2.165846 -4.997848 7.896616 -0.000000 0.000003 -0.000000 0.000004 0.000002 -0.000003 -0.000003 0.000003 -0.000000 0.000001 -0.000005 -0.000002 -0.668809 -1.716158 3.232251 0.000002 0.000005 -0.000001 -0.618830 -2.224046 1.556315 0.000001 0.000002 -0.000001 -1.139791 -3.541377 2.553543 0.000001 -0.000006 -0.000000 -0.000003 0.000003 0.000002 -0.095715 19.149414 -0.872783 -0.000000 0.000001 -0.000001 -16.249184 -1.456998 -3.766125 -71.720422 26.409439 4.046824 -18.689985 -21.492998 1.212286 2.004112 -27.772208 11.578269 -9.161692 -14.015984 17.244198 -7.149398 -13.179438 11.945048 -5.669889 -4.448005 3.162396 -8.212583 -23.977121 3.208547 -1.150682 -3.013506 -0.086806 0.000002 -0.000002 0.000003 0.431396 -1.930605 -0.420898 0.000008 0.000004 -0.000001 0.864996 -1.558797 -0.501386 0.000003 -0.000003 -0.000006 -4.894698 -4.487011 4.992402 -0.000000 0.000009 0.000001 -1.614392 -4.026495 0.464400 -0.000001 -0.000004 -0.000000 0.881410 -2.472409 -0.679994 2.852695 -0.365215 5.506789 0.982995 -1.727612 -0.664403 -0.000003 0.000007 0.000007 -3.976691 -4.405006 6.378007 -0.000003 0.000003 -0.000000 -1.576297 -4.640988 1.506193 -0.000002 0.000003 -0.000000 0.565411 -2.735105 -0.446308 12.297091 1.795439 13.812114 0.577906 -2.212808 -0.468595 0.000004 -0.000002 -0.000002 -2.165793 -4.997003 7.896703 -0.000001 -0.000004 0.000000 -1.107000 -3.866781 1.244101 -0.000005 -0.000000 -0.000004 0.165904 -2.495182 -0.257407 0.000003 -0.000003 0.000002 0.419301 -2.359499 -0.559594 -0.000002 -0.000003 -0.000001 0.668808 -1.716004 3.232303 -0.000002 0.000000 -0.000000 0.618804 -2.224022 1.556287 0.000006 -0.000001 -0.000004 1.139783 -3.541106 2.553498 8.182626 -13.848603 -20.786680 -0.590002 -2.627701 1.193712 -0.000002 -0.000003 0.000000 8.610315 -5.345805 -1.147063 -100.704173 -0.000644 -0.002208 108.558009 -0.001704 -0.003049 -6.724355 -0.000286 0.000296 1.194452 -7.224802 11.745975 -0.000003 -0.000001 0.000000 0.749603 -1.684399 6.380374 0.000002 0.000000 -0.000000 -8.610320 -5.345827 -1.147061 -18.715401 0.000000 -0.000000 -1.467480 -41.307808 -0.215582 110.543285 0.000000 -0.000000 -1.465900 -41.266689 -3.033068 37.335385 0.000000 0.000000 -1.194488 -7.224801 11.746427 -0.000003 -0.000000 0.000000 -0.749617 -1.684396 6.379956 0.000000 0.000000 0.000000 
0.000000 49.403900 -1.590447 -0.000000 0.000000 -0.000000 0.000000 5.822936 0.122294 12.466617 -12.061726 2.173023 12.054701 2.344586 -1.423106 8.391852 0.000000 -0.000000 -0.000000 25.104662 -1.532956 -0.110953 -10.139003 -1.250667 0.000001 12.653495 1.544372 -11.960434 -20.433821 -2.163274 -3.330326 3.459625 8.674037 -0.000002 0.000000 0.000006 3.330329 3.459809 8.674036 -0.000001 -0.000006 0.000001 0.000001 -0.763519 1.289541 0.000003 -0.000003 -0.000002 0.000001 6.326767 0.772182 -0.000003 0.000001 -0.000001 0.095713 19.149231 -0.872782 -0.000003 -0.000000 0.000000 16.249262 -1.457209 -3.766110 -1.464725 -6.770261 -24.388872 0.000002 -0.000004 0.000005 0.000007 -0.000004 0.000004 5.669898 -4.448125 3.162330 -0.000000 -0.000001 0.000003 0.000000 0.000000 -0.000004 0.000006 -0.000002 0.000006 -0.000000 0.000003 0.000003 4.894716 -4.487234 4.992383 0.000003 -0.000006 -0.000000 -0.000002 0.000002 -0.000002 0.000003 -0.000004 0.000001 -0.000000 -0.000005 -0.000002 3.976711 -4.405067 6.377930 0.000000 0.000000 -0.000002 0.000007 -0.000006 -0.000005 0.000005 -0.000005 -0.000002 -0.000002 -0.000001 -0.000004 2.165849 -4.997848 7.896616 -0.000000 0.000003 -0.000000 0.000000 0.000005 -0.000004 -0.000002 0.000001 -0.000003 0.000000 -0.000004 -0.000000 -0.668815 -1.716160 3.232250 0.000003 0.000006 0.000003 -0.618820 -2.224046 1.556319 -0.000002 0.000003 -0.000006 -1.139792 -3.541361 2.553549 0.000005 -0.000004 0.000001 -0.000000 0.000000 0.000002 -0.095716 19.149414 -0.872782 -0.000002 0.000001 0.000002 -16.249186 -1.456998 -3.766139 -63.528156 27.292968 -2.147217 -18.689995 -21.492992 1.212281 1.454883 -24.698956 10.122334 -9.161696 -14.015989 17.244190 -6.486816 -11.659305 10.688195 -5.669890 -4.448004 3.162397 -8.212590 -23.977123 3.208548 -1.150689 -3.013505 -0.086803 -0.000000 -0.000004 -0.000000 0.431399 -1.930613 -0.420893 0.000008 0.000005 -0.000005 0.865002 -1.558818 -0.501395 0.000004 -0.000003 -0.000003 -4.894702 -4.487005 4.992402 0.000001 0.000009 0.000001 -1.614395 -4.026494 0.464406 -0.000003 -0.000005 0.000001 0.881406 -2.472408 -0.679989 2.852690 -0.365217 5.506799 0.983011 -1.727615 -0.664409 0.000004 0.000008 0.000002 -3.976695 -4.404997 6.378006 -0.000004 0.000004 -0.000002 -1.576295 -4.640986 1.506200 -0.000004 -0.000001 0.000002 0.565402 -2.735102 -0.446299 12.297095 1.795439 13.812115 0.577904 -2.212815 -0.468598 0.000005 0.000000 -0.000003 -2.165802 -4.996994 7.896698 -0.000000 -0.000008 0.000000 -1.106992 -3.866781 1.244102 0.000000 -0.000001 0.000001 0.165899 -2.495182 -0.257399 0.000001 -0.000001 0.000001 0.419303 -2.359509 -0.559609 -0.000004 -0.000007 0.000001 0.668802 -1.716001 3.232303 -0.000003 0.000003 -0.000003 0.618814 -2.223999 1.556287 -0.000003 -0.000002 -0.000006 1.139794 -3.541100 2.553517 8.182620 -13.848607 -20.786675 -0.590001 -2.627709 1.193709 0.000003 0.000003 0.000001 8.610315 -5.345805 -1.147063 -100.704173 -0.000644 -0.002208 108.558009 -0.001704 -0.003049 -6.724355 -0.000286 0.000296 1.194452 -7.224802 11.745975 -0.000003 -0.000001 0.000000 0.749603 -1.684399 6.380374 0.000002 0.000000 -0.000000 -8.610320 -5.345827 -1.147061 -18.715401 0.000000 -0.000000 -1.467480 -41.307808 -0.215582 110.543285 0.000000 -0.000000 -1.465900 -41.266689 -3.033068 37.335385 0.000000 0.000000 -1.194488 -7.224801 11.746427 -0.000003 -0.000000 0.000000 -0.749617 -1.684396 6.379956 0.000000 0.000000 0.000000 
0.000000 49.403900 -1.590447 -0.000000 0.000000 -0.000000 0.000000 5.822938 0.122294 12.158463 -13.697190 2.466096 11.431962 2.067892 -1.239809 7.375564 -0.000000 -0.000000 -0.000001 25.104658 -1.532957 -0.133934 -11.124529 -1.375228 0.000002 12.653487 1.544384 -10.615057 -22.452331 -2.112687 -3.330327 3.459625 8.674029 0.000001 0.000003 0.000004 3.330328 3.459808 8.674033 0.000001 -0.000003 -0.000001 0.000002 -0.763519 1.289536 0.000005 -0.000001 0.000002 0.000003 6.326736 0.772189 0.000003 -0.000001 -0.000000 0.095712 19.149216 -0.872778 -0.000001 -0.000000 0.000001 16.249256 -1.457209 -3.766123 -1.464718 -6.770262 -24.388869 0.000003 -0.000001 0.000003 -0.000000 0.000000 -0.000003 5.669903 -4.448139 3.162333 0.000001 -0.000003 0.000006 -0.000003 0.000001 -0.000004 0.000007 -0.000008 -0.000007 -0.000002 0.000003 0.000001 4.894721 -4.487226 4.992382 -0.000000 -0.000008 -0.000000 0.000000 0.000000 -0.000002 0.000002 -0.000003 -0.000001 -0.000002 -0.000003 -0.000003 3.976713 -4.405071 6.377931 -0.000004 -0.000006 -0.000000 -0.000002 -0.000001 -0.000003 -0.000002 -0.000003 0.000000 0.000001 0.000000 0.000002 2.165853 -4.997847 7.896617 -0.000002 0.000002 -0.000000 -0.000002 0.000001 -0.000001 0.000007 0.000002 -0.000000 0.000007 -0.000007 -0.000003 -0.668810 -1.716166 3.232250 0.000002 0.000006 0.000004 -0.618821 -2.224038 1.556322 0.000003 0.000004 -0.000001 -1.139792 -3.541376 2.553550 0.000002 -0.000007 0.000002 -0.000002 0.000002 -0.000000 -0.095716 19.149399 -0.872780 0.000002 -0.000003 0.000002 -16.249186 -1.457000 -3.766127 -55.427019 27.381656 -8.305061 -18.690001 -21.493002 1.212292 1.008467 -21.661405 8.751950 -9.161709 -14.015997 17.244186 -5.803963 -10.175148 9.438111 -5.669882 -4.448023 3.162409 -8.212577 -23.977126 3.208549 -1.150695 -3.013510 -0.086790 0.000003 -0.000003 -0.000001 0.431393 -1.930593 -0.420901 0.000003 0.000003 0.000000 0.865000 -1.558787 -0.501392 0.000001 -0.000004 0.000001 -4.894698 -4.487020 4.992410 0.000006 0.000010 0.000001 -1.614394 -4.026507 0.464400 -0.000002 -0.000005 0.000003 0.881409 -2.472411 -0.680006 2.852687 -0.365216 5.506790 0.982998 -1.727620 -0.664399 -0.000003 0.000007 0.000001 -3.976685 -4.405021 6.378010 -0.000001 0.000008 -0.000000 -1.576299 -4.640996 1.506199 -0.000003 -0.000001 0.000001 0.565397 -2.735106 -0.446311 12.297091 1.795435 13.812117 0.577911 -2.212795 -0.468591 0.000003 -0.000000 -0.000002 -2.165799 -4.996993 7.896714 -0.000001 -0.000007 0.000001 -1.106993 -3.866784 1.244097 -0.000003 -0.000009 -0.000003 0.165897 -2.495189 -0.257408 0.000006 -0.000000 0.000000 0.419308 -2.359497 -0.559604 0.000001 -0.000003 0.000002 0.668806 -1.716015 3.232311 0.000002 -0.000000 0.000001 0.618807 -2.224021 1.556285 0.000003 -0.000006 -0.000000 1.139797 -3.541100 2.553504 8.182621 -13.848609 -20.786678 -0.590005 -2.627702 1.193709 -0.000000 0.000001 -0.000001 8.610315 -5.345805 -1.147063 -100.704173 -0.000644 -0.002208 108.558009 -0.001704 -0.003049 -6.724355 -0.000286 0.000296 1.194452 -7.224802 11.745975 -0.000003 -0.000001 0.000000 0.749603 -1.684399 6.380374 0.000002 0.000000 -0.000000 -8.610320 -5.345827 -1.147061 -18.715401 0.000000 -0.000000 -1.467480 -41.307808 -0.215582 110.543285 0.000000 -0.000000 -1.465900 -41.266689 -3.033068 37.335385 0.000000 0.000000 -1.194488 -7.224801 11.746427 -0.000003 -0.000000 0.000000 -0.749617 -1.684396 6.379956 0.000000 0.000000 0.000000 
0.000000 49.403900 -1.590447 -0.000000 0.000000 -0.000000 0.000000 5.822935 0.122295 11.865041 -15.288446 2.744327 10.827124 1.796837 -1.064425 6.387089 0.000000 -0.000001 0.000000 25.104662 -1.532955 -0.158464 -12.083047 -1.497191 -0.000001 12.653504 1.544376 -9.286722 -24.411152 -2.013008 -3.330332 3.459640 8.674034 0.000000 0.000002 0.000007 3.330323 3.459823 8.674034 0.000001 -0.000003 0.000003 -0.000002 -0.763519 1.289537 0.000003 -0.000000 0.000003 -0.000002 6.326752 0.772184 -0.000001 0.000001 -0.000000 0.095713 19.149231 -0.872777 -0.000002 0.000002 -0.000000 16.249262 -1.457208 -3.766125 -1.464717 -6.770261 -24.388871 0.000004 0.000001 0.000002 0.000003 -0.000003 0.000002 5.669905 -4.448123 3.162333 -0.000000 0.000002 0.000003 0.000003 0.000006 -0.000001 0.000003 -0.000007 0.000003 0.000001 0.000003 -0.000001 4.894718 -4.487233 4.992379 -0.000001 -0.000007 -0.000003 -0.000005 0.000005 -0.000006 0.000002 0.000000 -0.000001 -0.000001 -0.000002 0.000002 3.976711 -4.405071 6.377931 -0.000004 0.000003 -0.000004 -0.000001 -0.000007 -0.000002 0.000001 -0.000003 -0.000001 0.000004 0.000003 0.000003 2.165854 -4.997838 7.896610 -0.000004 0.000002 -0.000001 -0.000004 0.000005 -0.000003 -0.000002 0.000003 -0.000005 0.000002 -0.000002 0.000000 -0.668811 -1.716149 3.232250 -0.000001 0.000008 0.000001 -0.618823 -2.224041 1.556317 -0.000001 0.000004 -0.000004 -1.139790 -3.541375 2.553552 0.000003 -0.000005 0.000002 0.000001 0.000004 -0.000002 -0.095714 19.149414 -0.872774 0.000001 0.000001 -0.000001 -16.249180 -1.457016 -3.766125 -47.732429 26.746333 -14.136038 -18.689995 -21.492998 1.212280 0.657142 -18.707272 7.472217 -9.161697 -14.015992 17.244194 -5.112089 -8.747552 8.211609 -5.669901 -4.448013 3.162400 -8.212581 -23.977133 3.208549 -1.150695 -3.013507 -0.086809 0.000003 0.000001 -0.000000 0.431405 -1.930596 -0.420896 0.000006 0.000007 0.000001 0.865007 -1.558803 -0.501413 0.000001 -0.000003 -0.000006 -4.894718 -4.487013 4.992406 0.000003 0.000005 0.000001 -1.614392 -4.026502 0.464390 -0.000002 -0.000006 0.000001 0.881404 -2.472404 -0.680000 2.852687 -0.365221 5.506796 0.983010 -1.727612 -0.664405 -0.000004 0.000010 0.000006 -3.976703 -4.405008 6.377996 0.000001 -0.000002 0.000003 -1.576289 -4.640995 1.506205 0.000002 -0.000002 0.000003 0.565408 -2.735108 -0.446300 12.297088 1.795441 13.812114 0.577902 -2.212804 -0.468595 -0.000001 -0.000002 -0.000002 -2.165807 -4.996989 7.896708 0.000002 -0.000007 0.000001 -1.106994 -3.866793 1.244097 -0.000001 0.000001 0.000002 0.165894 -2.495203 -0.257400 0.000006 0.000002 0.000005 0.419305 -2.359486 -0.559600 -0.000001 -0.000004 -0.000002 0.668785 -1.715992 3.232304 0.000002 -0.000010 0.000003 0.618808 -2.224000 1.556293 -0.000003 -0.000006 -0.000001 1.139781 -3.541092 2.553515 8.182620 -13.848612 -20.786670 -0.590007 -2.627697 1.193716 -0.000002 -0.000003 -0.000001 8.610315 -5.345805 -1.147063 -100.704173 -0.000644 -0.002208 108.558009 -0.001704 -0.003049 -6.724355 -0.000286 0.000296 1.194452 -7.224802 11.745975 -0.000003 -0.000001 0.000000 0.749603 -1.684399 6.380374 0.000002 0.000000 -0.000000 -8.610320 -5.345827 -1.147061 -18.715401 0.000000 -0.000000 -1.467480 -41.307808 -0.215582 110.543285 0.000000 -0.000000 -1.465900 -41.266689 -3.033068 37.335385 0.000000 0.000000 -1.194488 -7.224801 11.746427 -0.000003 -0.000000 0.000000 -0.749617 -1.684396 6.379956 0.000000 0.000000 0.000000 
0.000000 49.403900 -1.590447 -0.000000 0.000000 -0.000000 0.000000 5.822939 0.122295 11.589287 -16.814247 3.004998 10.247895 1.535149 -0.898940 5.439295 -0.000001 -0.000000 -0.000002 25.104635 -1.532961 -0.184042 -13.002092 -1.614962 -0.000001 12.653504 1.544390 -7.991856 -26.282973 -1.868730 -3.330329 3.459625 8.674033 0.000000 0.000001 0.000006 3.330328 3.459808 8.674034 0.000001 -0.000005 0.000001 0.000001 -0.763519 1.289537 0.000002 -0.000001 0.000002 -0.000002 6.326752 0.772198 0.000001 -0.000002 0.000000 0.095711 19.149216 -0.872783 -0.000002 -0.000000 0.000000 16.249254 -1.457209 -3.766122 -1.464719 -6.770258 -24.388871 0.000003 -0.000002 0.000002 0.000000 0.000000 0.000002 5.669903 -4.448134 3.162333 -0.000003 -0.000002 0.000006 0.000000 0.000005 0.000001 0.000006 -0.000005 0.000006 -0.000002 0.000002 -0.000003 4.894719 -4.487235 4.992379 0.000000 -0.000005 -0.000004 -0.000002 0.000003 -0.000004 0.000002 -0.000009 0.000005 -0.000002 0.000003 -0.000005 3.976714 -4.405076 6.377927 -0.000002 0.000000 -0.000004 0.000003 -0.000003 -0.000002 -0.000000 -0.000003 -0.000001 -0.000000 0.000000 0.000001 2.165850 -4.997856 7.896617 -0.000000 0.000004 -0.000003 0.000001 0.000007 -0.000003 -0.000003 0.000004 0.000001 0.000003 -0.000002 0.000000 -0.668815 -1.716157 3.232247 -0.000002 0.000005 0.000003 -0.618817 -2.224044 1.556317 0.000002 -0.000001 -0.000006 -1.139794 -3.541382 2.553546 0.000003 -0.000004 0.000004 -0.000000 0.000002 -0.000000 -0.095716 19.149399 -0.872781 0.000001 -0.000000 0.000002 -16.249184 -1.457000 -3.766134 -40.685084 25.532490 -19.421117 -18.689985 -21.493011 1.212282 0.390976 -15.880489 6.286973 -9.161698 -14.015988 17.244194 -4.423252 -7.394844 7.025199 -5.669912 -4.448004 3.162399 -8.212577 -23.977135 3.208545 -1.150692 -3.013504 -0.086806 -0.000005 -0.000003 0.000002 0.431397 -1.930574 -0.420895 0.000003 0.000003 -0.000000 0.865005 -1.558791 -0.501402 -0.000002 -0.000002 -0.000004 -4.894718 -4.487012 4.992402 0.000005 0.000002 0.000002 -1.614414 -4.026486 0.464411 -0.000001 -0.000007 0.000003 0.881414 -2.472420 -0.680004 2.852691 -0.365214 5.506791 0.983009 -1.727629 -0.664401 -0.000001 0.000009 0.000004 -3.976709 -4.405003 6.378007 0.000000 0.000000 -0.000004 -1.576300 -4.641002 1.506201 0.000002 0.000004 0.000004 0.565405 -2.735115 -0.446306 12.297095 1.795438 13.812115 0.577898 -2.212796 -0.468604 -0.000000 -0.000007 -0.000003 -2.165810 -4.996987 7.896703 0.000004 -0.000010 0.000000 -1.107013 -3.866776 1.244109 0.000002 -0.000006 0.000000 0.165888 -2.495181 -0.257400 0.000001 -0.000003 0.000000 0.419298 -2.359502 -0.559591 -0.000002 -0.000011 -0.000004 0.668790 -1.715999 3.232301 0.000004 -0.000003 -0.000005 0.618803 -2.224006 1.556301 -0.000004 -0.000004 -0.000002 1.139787 -3.541091 2.553508 8.182627 -13.848604 -20.786673 -0.589997 -2.627698 1.193705 -0.000002 -0.000001 0.000002 8.610315 -5.345805 -1.147063 -100.704173 -0.000644 -0.002208 108.558009 -0.001704 -0.003049 -6.724355 -0.000286 0.000296 1.194452 -7.224802 11.745975 -0.000003 -0.000001 0.000000 0.749603 -1.684399 6.380374 0.000002 0.000000 -0.000000 -8.610320 -5.345827 -1.147061 -18.715401 0.000000 -0.000000 -1.467480 -41.307808 -0.215582 110.543285 0.000000 -0.000000 -1.465900 -41.266689 -3.033068 37.335385 0.000000 0.000000 -1.194488 -7.224801 11.746427 -0.000003 -0.000000 0.000000 -0.749617 -1.684396 6.379956 0.000000 0.000000 0.000000 
0.000000 49.403900 -1.590447 -0.000000 0.000000 -0.000000 0.000000 5.822938 0.122294 11.333608 -18.255333 3.245936 9.701292 1.286331 -0.745015 4.543899 -0.000003 0.000001 -0.000001 25.104673 -1.532955 -0.210081 -13.870293 -1.727024 -0.000000 12.653503 1.544400 -6.746845 -28.043633 -1.686736 -3.330330 3.459640 8.674034 -0.000000 0.000000 0.000006 3.330325 3.459824 8.674035 -0.000000 -0.000004 0.000001 -0.000002 -0.763519 1.289538 0.000007 -0.000005 0.000000 0.000001 6.326736 0.772205 -0.000000 0.000001 -0.000000 0.095712 19.149216 -0.872776 0.000003 -0.000001 0.000001 16.249256 -1.457195 -3.766129 -1.464717 -6.770256 -24.388877 0.000003 0.000003 0.000004 0.000005 -0.000003 0.000004 5.669905 -4.448122 3.162335 -0.000002 -0.000001 0.000003 0.000002 0.000007 -0.000004 0.000002 -0.000005 0.000005 -0.000001 0.000003 0.000006 4.894722 -4.487240 4.992384 -0.000000 -0.000009 -0.000002 -0.000002 0.000000 -0.000001 0.000003 -0.000001 0.000001 -0.000003 -0.000001 -0.000006 3.976725 -4.405079 6.377933 -0.000005 -0.000003 -0.000002 -0.000000 -0.000007 -0.000001 -0.000002 -0.000005 -0.000002 0.000003 -0.000000 -0.000000 2.165856 -4.997855 7.896617 -0.000003 0.000000 -0.000003 -0.000001 0.000005 -0.000004 0.000001 0.000003 0.000002 0.000005 0.000000 -0.000001 -0.668802 -1.716160 3.232252 -0.000000 0.000005 0.000003 -0.618823 -2.224033 1.556319 0.000003 0.000006 -0.000002 -1.139781 -3.541370 2.553545 0.000003 -0.000008 0.000002 -0.000004 0.000005 -0.000000 -0.095716 19.149414 -0.872779 0.000003 0.000001 0.000002 -16.249182 -1.457024 -3.766124 -34.423771 23.921582 -24.039855 -18.689980 -21.493008 1.212279 0.198722 -13.219697 5.199181 -9.161694 -14.016001 17.244190 -3.749805 -6.132588 5.894628 -5.669886 -4.448018 3.162395 -8.212580 -23.977128 3.208544 -1.150691 -3.013510 -0.086801 0.000000 -0.000000 -0.000000 0.431397 -1.930588 -0.420903 0.000004 0.000003 0.000000 0.865005 -1.558792 -0.501393 0.000001 0.000000 -0.000004 -4.894711 -4.487013 4.992399 0.000002 0.000007 -0.000001 -1.614396 -4.026509 0.464399 -0.000001 -0.000007 0.000001 0.881413 -2.472399 -0.680005 2.852690 -0.365220 5.506791 0.983002 -1.727614 -0.664400 0.000001 0.000005 0.000006 -3.976696 -4.405012 6.377998 -0.000004 0.000000 -0.000002 -1.576296 -4.640996 1.506199 -0.000001 0.000002 0.000002 0.565400 -2.735111 -0.446302 12.297091 1.795439 13.812114 0.577899 -2.212807 -0.468594 0.000000 -0.000008 -0.000001 -2.165801 -4.996996 7.896703 0.000001 -0.000006 0.000002 -1.107003 -3.866803 1.244094 0.000003 -0.000004 -0.000003 0.165884 -2.495202 -0.257398 0.000002 0.000002 0.000004 0.419303 -2.359497 -0.559593 0.000002 -0.000007 -0.000004 0.668802 -1.716005 3.232305 -0.000003 -0.000008 -0.000000 0.618807 -2.224007 1.556297 0.000006 -0.000002 -0.000002 1.139788 -3.541103 2.553504 8.182624 -13.848615 -20.786678 -0.590005 -2.627695 1.193715 -0.000005 -0.000001 -0.000002 8.610315 -5.345805 -1.147063 -100.704173 -0.000644 -0.002208 108.558009 -0.001704 -0.003049 -6.724355 -0.000286 0.000296 1.194452 -7.224802 11.745975 -0.000003 -0.000001 0.000000 0.749603 -1.684399 6.380374 0.000002 0.000000 -0.000000 -8.610320 -5.345827 -1.147061 -18.715401 0.000000 -0.000000 -1.467480 -41.307808 -0.215582 110.543285 0.000000 -0.000000 -1.465900 -41.266689 -3.033068 37.335385 0.000000 0.000000 -1.194488 -7.224801 11.746427 -0.000003 -0.000000 0.000000 -0.749617 -1.684396 6.379956 0.000000 0.000000 0.000000 
0.000000 49.403900 -1.590447 -0.000000 0.000000 -0.000000 -0.000000 5.822937 0.122295 11.099894 -19.594843 3.465492 9.193443 1.053558 -0.603972 3.711219 0.000001 -0.000000 -0.000000 25.104650 -1.532963 -0.235966 -14.677663 -1.831997 -0.000003 12.653489 1.544381 -5.567753 -29.672592 -1.475921 -3.330328 3.459625 8.674035 0.000000 0.000001 0.000005 3.330328 3.459824 8.674035 -0.000001 -0.000002 0.000000 0.000001 -0.763550 1.289539 0.000000 -0.000002 -0.000001 -0.000002 6.326736 0.772187 0.000001 0.000001 0.000000 0.095713 19.149216 -0.872781 -0.000001 -0.000001 0.000000 16.249258 -1.457223 -3.766128 -1.464719 -6.770256 -24.388869 0.000006 -0.000003 0.000005 0.000006 0.000002 0.000001 5.669901 -4.448125 3.162338 -0.000001 0.000000 0.000003 0.000002 -0.000002 -0.000003 0.000002 -0.000002 0.000001 -0.000000 0.000006 0.000008 4.894719 -4.487236 4.992385 -0.000000 -0.000005 -0.000001 -0.000000 0.000005 -0.000006 0.000006 -0.000005 0.000004 -0.000012 -0.000003 -0.000007 3.976709 -4.405066 6.377933 -0.000002 -0.000002 -0.000004 0.000002 -0.000003 -0.000003 0.000002 -0.000004 -0.000002 0.000002 0.000004 -0.000003 2.165853 -4.997849 7.896619 -0.000001 0.000006 -0.000002 0.000003 0.000003 -0.000002 0.000004 0.000004 -0.000002 0.000002 -0.000001 -0.000003 -0.668808 -1.716156 3.232252 0.000001 0.000006 0.000001 -0.618822 -2.224028 1.556313 0.000004 0.000003 -0.000007 -1.139790 -3.541352 2.553539 0.000003 -0.000010 0.000002 -0.000001 0.000005 -0.000000 -0.095715 19.149414 -0.872784 0.000002 0.000002 0.000002 -16.249180 -1.457016 -3.766128 -28.994126 22.094250 -27.961452 -18.689995 -21.493000 1.212282 0.068436 -10.757305 4.211236 -9.161705 -14.015993 17.244192 -3.103919 -4.973370 4.834429 -5.669882 -4.448013 3.162405 -8.212583 -23.977125 3.208544 -1.150687 -3.013510 -0.086818 -0.000001 -0.000001 -0.000001 0.431400 -1.930588 -0.420893 0.000005 0.000003 -0.000001 0.865008 -1.558789 -0.501397 -0.000000 -0.000003 -0.000004 -4.894713 -4.487014 4.992404 0.000003 0.000006 -0.000004 -1.614395 -4.026509 0.464404 -0.000000 -0.000005 0.000001 0.881407 -2.472415 -0.680005 2.852691 -0.365215 5.506793 0.983007 -1.727605 -0.664401 0.000001 0.000010 0.000006 -3.976704 -4.405013 6.378006 -0.000003 0.000003 -0.000004 -1.576287 -4.641003 1.506202 0.000001 0.000002 0.000003 0.565393 -2.735100 -0.446299 12.297095 1.795435 13.812114 0.577905 -2.212808 -0.468593 0.000001 0.000003 -0.000000 -2.165790 -4.996987 7.896704 0.000001 -0.000008 -0.000002 -1.107006 -3.866780 1.244093 -0.000003 -0.000001 -0.000000 0.165894 -2.495201 -0.257403 0.000001 -0.000001 0.000004 0.419301 -2.359495 -0.559601 0.000001 -0.000003 -0.000001 0.668808 -1.716008 3.232303 -0.000002 -0.000003 -0.000003 0.618807 -2.224015 1.556291 0.000000 -0.000003 -0.000004 1.139796 -3.541095 2.553505 8.182629 -13.848600 -20.786673 -0.589996 -2.627698 1.193709 -0.000003 0.000001 -0.000005 8.610315 -5.345805 -1.147063 -100.704173 -0.000644 -0.002208 108.558009 -0.001704 -0.003049 -6.724355 -0.000286 0.000296 1.194452 -7.224802 11.745975 -0.000003 -0.000001 0.000000 0.749603 -1.684399 6.380374 0.000002 0.000000 -0.000000 -8.610320 -5.345827 -1.147061 -18.715401 0.000000 -0.000000 -1.467480 -41.307808 -0.215582 110.543285 0.000000 -0.000000 -1.465900 -41.266689 -3.033068 37.335385 0.000000 0.000000 -1.194488 -7.224801 11.746427 -0.000003 -0.000000 0.000000 -0.749617 -1.684396 6.379956 0.000000 0.000000 0.000000 
0.000000 49.403900 -1.590447 -0.000000 0.000000 -0.000000 -0.000000 5.822941 0.122296 10.889547 -20.818533 3.662495 8.729574 0.839609 -0.476813 2.950040 0.000000 0.000000 -0.000001 25.104662 -1.532958 -0.261057 -15.415682 -1.928638 0.000001 12.653526 1.544389 -4.470001 -31.153340 -1.246670 -3.330327 3.459625 8.674033 -0.000001 0.000002 0.000006 3.330326 3.459809 8.674034 -0.000001 -0.000002 0.000001 0.000004 -0.763519 1.289541 0.000003 -0.000003 0.000001 0.000001 6.326752 0.772195 -0.000000 -0.000002 0.000000 0.095712 19.149216 -0.872784 -0.000001 0.000001 0.000000 16.249254 -1.457208 -3.766122 -1.464720 -6.770256 -24.388876 0.000004 -0.000003 0.000005 0.000006 -0.000001 0.000006 5.669902 -4.448128 3.162331 -0.000004 -0.000001 0.000005 0.000001 0.000006 -0.000002 0.000003 -0.000004 0.000002 0.000003 0.000003 0.000006 4.894716 -4.487229 4.992383 -0.000004 -0.000007 -0.000002 -0.000003 0.000003 -0.000007 -0.000001 -0.000006 0.000002 -0.000001 -0.000004 -0.000005 3.976715 -4.405078 6.377929 -0.000004 0.000000 -0.000002 0.000004 0.000001 -0.000006 0.000000 -0.000004 -0.000003 -0.000001 -0.000003 -0.000003 2.165846 -4.997844 7.896615 -0.000003 0.000004 -0.000000 -0.000000 -0.000000 -0.000001 0.000004 -0.000001 -0.000004 0.000002 -0.000000 -0.000001 -0.668809 -1.716157 3.232251 -0.000000 0.000006 0.000003 -0.618831 -2.224043 1.556318 -0.000001 0.000003 -0.000000 -1.139788 -3.541369 2.553551 0.000001 -0.000006 0.000002 -0.000001 0.000003 0.000001 -0.095715 19.149414 -0.872783 0.000002 -0.000000 0.000000 -16.249187 -1.457013 -3.766131 -24.376503 20.206466 -31.216960 -18.689999 -21.492994 1.212281 -0.011874 -8.519118 3.325050 -9.161715 -14.015981 17.244192 -2.497111 -3.926750 3.857620 -5.669890 -4.448008 3.162399 -8.212581 -23.977130 3.208549 -1.150692 -3.013514 -0.086802 0.000002 -0.000004 0.000002 0.431397 -1.930588 -0.420893 0.000003 0.000002 -0.000002 0.864999 -1.558808 -0.501399 -0.000001 -0.000006 0.000000 -4.894700 -4.487019 4.992400 0.000001 0.000005 -0.000001 -1.614398 -4.026489 0.464405 -0.000003 -0.000006 0.000003 0.881413 -2.472398 -0.680001 2.852690 -0.365214 5.506796 0.983004 -1.727613 -0.664406 -0.000000 0.000008 0.000002 -3.976696 -4.405015 6.377997 -0.000001 0.000000 -0.000000 -1.576296 -4.641004 1.506191 0.000003 -0.000007 0.000004 0.565400 -2.735114 -0.446306 12.297092 1.795433 13.812115 0.577900 -2.212806 -0.468605 0.000001 -0.000001 -0.000000 -2.165801 -4.997007 7.896703 -0.000001 -0.000006 0.000002 -1.107005 -3.866785 1.244095 0.000000 -0.000003 0.000001 0.165892 -2.495189 -0.257410 0.000003 -0.000003 0.000000 0.419305 -2.359487 -0.559596 -0.000001 -0.000006 -0.000002 0.668798 -1.715998 3.232304 -0.000003 -0.000005 -0.000002 0.618809 -2.224015 1.556297 -0.000001 -0.000001 -0.000005 1.139790 -3.541100 2.553505 8.182626 -13.848607 -20.786672 -0.590000 -2.627698 1.193706 -0.000002 -0.000005 0.000001 8.610315 -5.345805 -1.147063 -100.704173 -0.000644 -0.002208 108.558009 -0.001704 -0.003049 -6.724355 -0.000286 0.000296 1.194452 -7.224802 11.745975 -0.000003 -0.000001 0.000000 0.749603 -1.684399 6.380374 0.000002 0.000000 -0.000000 -8.610320 -5.345827 -1.147061 -18.715401 0.000000 -0.000000 -1.467480 -41.307808 -0.215582 110.543285 0.000000 -0.000000 -1.465900 -41.266689 -3.033068 37.335385 0.000000 0.000000 -1.194488 -7.224801 11.746427 -0.000003 -0.000000 0.000000 -0.749617 -1.684396 6.379956 0.000000 0.000000 0.000000 
0.000000 49.403900 -1.590447 -0.000000 0.000000 -0.000000 0.000000 5.822935 0.122295 10.703542 -21.914887 3.836198 8.313930 0.646838 -0.364242 2.267564 0.000001 -0.000001 0.000000 25.104658 -1.532954 -0.284730 -16.077389 -2.015874 0.000001 12.653502 1.544389 -3.468032 -32.473209 -1.010243 -3.330328 3.459640 8.674035 0.000001 0.000001 0.000007 3.330328 3.459824 8.674033 -0.000000 -0.000001 0.000001 0.000000 -0.763519 1.289540 0.000007 -0.000002 0.000001 -0.000001 6.326767 0.772192 0.000003 0.000001 -0.000001 0.095714 19.149216 -0.872777 0.000001 -0.000000 0.000000 16.249256 -1.457218 -3.766124 -1.464720 -6.770258 -24.388869 -0.000001 0.000003 0.000002 0.000009 0.000000 0.000004 5.669898 -4.448118 3.162329 -0.000001 -0.000001 0.000005 0.000004 0.000003 0.000003 0.000001 -0.000003 0.000004 0.000001 0.000001 0.000001 4.894711 -4.487227 4.992380 -0.000000 -0.000005 -0.000001 -0.000003 0.000005 -0.000004 -0.000000 -0.000002 0.000001 -0.000003 -0.000001 -0.000002 3.976715 -4.405065 6.377922 -0.000002 0.000002 -0.000002 0.000007 -0.000003 -0.000004 -0.000001 -0.000007 -0.000002 0.000003 0.000002 -0.000002 2.165848 -4.997832 7.896612 -0.000003 0.000004 -0.000002 -0.000002 0.000007 -0.000002 0.000000 0.000002 0.000001 0.000004 -0.000000 0.000001 -0.668813 -1.716155 3.232249 0.000003 0.000007 0.000006 -0.618820 -2.224042 1.556315 0.000000 0.000006 -0.000006 -1.139797 -3.541361 2.553550 0.000004 -0.000004 0.000006 -0.000000 0.000002 -0.000001 -0.095714 19.149414 -0.872780 0.000005 0.000001 0.000002 -16.249191 -1.457000 -3.766131 -20.515347 18.379797 -33.870143 -18.690002 -21.492994 1.212278 -0.053712 -6.524597 2.542187 -9.161695 -14.016008 17.244198 -1.939836 -2.999483 2.975447 -5.669897 -4.448003 3.162396 -8.212586 -23.977121 3.208543 -1.150691 -3.013504 -0.086807 0.000000 -0.000001 -0.000001 0.431388 -1.930599 -0.420892 0.000005 0.000003 -0.000004 0.864990 -1.558811 -0.501398 -0.000001 -0.000007 -0.000003 -4.894704 -4.486996 4.992400 -0.000000 0.000009 0.000004 -1.614406 -4.026496 0.464403 -0.000000 -0.000009 0.000003 0.881403 -2.472397 -0.679999 2.852692 -0.365217 5.506792 0.983012 -1.727618 -0.664403 -0.000002 0.000006 0.000004 -3.976703 -4.405004 6.378000 -0.000006 0.000002 -0.000002 -1.576306 -4.641013 1.506198 0.000005 0.000002 0.000003 0.565399 -2.735114 -0.446309 12.297091 1.795436 13.812117 0.577898 -2.212814 -0.468596 0.000000 -0.000003 0.000001 -2.165800 -4.996984 7.896698 -0.000004 -0.000004 0.000002 -1.107002 -3.866802 1.244096 -0.000001 -0.000002 -0.000000 0.165894 -2.495189 -0.257399 0.000003 -0.000004 -0.000001 0.419305 -2.359503 -0.559608 0.000001 -0.000006 -0.000002 0.668803 -1.715992 3.232296 -0.000003 -0.000001 -0.000002 0.618806 -2.224006 1.556287 -0.000003 -0.000003 -0.000003 1.139785 -3.541108 2.553510 8.182622 -13.848610 -20.786673 -0.589996 -2.627711 1.193702 0.000002 0.000003 0.000000 8.610315 -5.345805 -1.147063 -100.704173 -0.000644 -0.002208 108.558009 -0.001704 -0.003049 -6.724355 -0.000286 0.000296 1.194452 -7.224802 11.745975 -0.000003 -0.000001 0.000000 0.749603 -1.684399 6.380374 0.000002 0.000000 -0.000000 -8.610320 -5.345827 -1.147061 -18.715401 0.000000 -0.000000 -1.467480 -41.307808 -0.215582 110.543285 0.000000 -0.000000 -1.465900 -41.266689 -3.033068 37.335385 0.000000 0.000000 -1.194488 -7.224801 11.746427 -0.000003 -0.000000 0.000000 -0.749617 -1.684396 6.379956 0.000000 0.000000 0.000000 
0.000000 49.403900 -1.590447 -0.000000 0.000000 -0.000000 0.000000 5.822935 0.122295 10.542476 -22.875002 3.986204 7.949835 0.477159 -0.266698 1.669417 -0.000002 0.000000 -0.000000 25.104650 -1.532954 -0.306409 -16.657318 -2.092810 -0.000001 12.653496 1.544390 -2.574962 -33.623273 -0.778115 -3.330329 3.459640 8.674033 -0.000000 0.000002 0.000005 3.330328 3.459809 8.674031 -0.000001 -0.000002 0.000001 0.000000 -0.763504 1.289539 0.000007 -0.000002 -0.000001 0.000000 6.326752 0.772197 -0.000000 -0.000001 0.000001 0.095713 19.149216 -0.872775 0.000002 -0.000001 0.000001 16.249249 -1.457209 -3.766123 -1.464721 -6.770258 -24.388872 0.000003 0.000001 0.000003 0.000005 -0.000001 0.000006 5.669895 -4.448143 3.162334 0.000002 -0.000007 0.000006 0.000002 0.000000 -0.000002 -0.000000 -0.000003 -0.000001 -0.000000 0.000001 -0.000001 4.894719 -4.487235 4.992378 -0.000001 -0.000009 -0.000002 -0.000001 0.000002 -0.000002 0.000003 -0.000003 0.000006 -0.000004 -0.000001 -0.000004 3.976709 -4.405076 6.377929 -0.000002 -0.000006 -0.000000 0.000005 -0.000002 -0.000006 0.000002 -0.000005 -0.000001 -0.000003 0.000003 0.000001 2.165857 -4.997849 7.896614 -0.000002 0.000002 -0.000003 0.000001 0.000005 0.000001 0.000001 0.000002 -0.000000 -0.000003 -0.000003 0.000003 -0.668813 -1.716166 3.232249 0.000002 0.000003 0.000001 -0.618819 -2.224046 1.556316 0.000003 0.000003 -0.000007 -1.139801 -3.541368 2.553545 0.000003 -0.000004 0.000003 -0.000002 0.000001 -0.000002 -0.095715 19.149414 -0.872776 0.000004 0.000001 0.000002 -16.249182 -1.457003 -3.766121 -17.341388 16.701652 -35.995729 -18.689987 -21.493008 1.212282 -0.067752 -4.787284 1.863806 -9.161710 -14.015990 17.244196 -1.441241 -2.195822 2.197251 -5.669890 -4.447995 3.162403 -8.212582 -23.977126 3.208548 -1.150699 -3.013500 -0.086797 -0.000003 -0.000003 -0.000001 0.431397 -1.930599 -0.420902 0.000007 0.000001 -0.000002 0.865008 -1.558793 -0.501394 -0.000000 -0.000004 -0.000005 -4.894701 -4.487001 4.992405 0.000000 0.000009 0.000003 -1.614411 -4.026488 0.464401 0.000001 -0.000007 0.000001 0.881407 -2.472417 -0.680000 2.852693 -0.365220 5.506788 0.983012 -1.727621 -0.664404 0.000001 0.000008 0.000004 -3.976700 -4.404994 6.378000 -0.000004 0.000004 0.000005 -1.576298 -4.640985 1.506198 0.000002 -0.000003 -0.000000 0.565400 -2.735100 -0.446300 12.297096 1.795435 13.812114 0.577896 -2.212799 -0.468594 -0.000000 -0.000002 -0.000000 -2.165794 -4.997000 7.896698 0.000003 -0.000009 0.000002 -1.107007 -3.866800 1.244094 -0.000002 -0.000002 -0.000004 0.165908 -2.495186 -0.257404 0.000002 0.000003 0.000001 0.419312 -2.359503 -0.559599 0.000001 -0.000003 -0.000001 0.668807 -1.715990 3.232301 -0.000001 0.000001 0.000001 0.618793 -2.224000 1.556298 0.000002 -0.000003 -0.000007 1.139792 -3.541099 2.553503 8.182625 -13.848612 -20.786673 -0.589993 -2.627702 1.193707 0.000003 -0.000001 -0.000002 8.610315 -5.345805 -1.147063 -100.704173 -0.000644 -0.002208 108.558009 -0.001704 -0.003049 -6.724355 -0.000286 0.000296 1.194452 -7.224802 11.745975 -0.000003 -0.000001 0.000000 0.749603 -1.684399 6.380374 0.000002 0.000000 -0.000000 -8.610320 -5.345827 -1.147061 -18.715401 0.000000 -0.000000 -1.467480 -41.307808 -0.215582 110.543285 0.000000 -0.000000 -1.465900 -41.266689 -3.033068 37.335385 0.000000 0.000000 -1.194488 -7.224801 11.746427 -0.000003 -0.000000 0.000000 -0.749617 -1.684396 6.379956 0.000000 0.000000 0.000000 
0.000000 49.403900 -1.590447 -0.000000 0.000000 -0.000000 0.000000 5.822940 0.122296 10.406643 -23.692432 4.112403 7.639731 0.332045 -0.184412 1.159751 0.000001 -0.000001 -0.000001 25.104647 -1.532955 -0.325581 -17.151442 -2.158736 -0.000001 12.653511 1.544391 -1.802244 -34.597801 -0.561339 -3.330328 3.459640 8.674033 -0.000000 0.000004 0.000005 3.330327 3.459808 8.674034 -0.000000 -0.000000 -0.000001 0.000002 -0.763504 1.289540 0.000007 0.000001 -0.000002 -0.000002 6.326767 0.772193 0.000001 -0.000001 0.000001 0.095713 19.149200 -0.872781 -0.000002 0.000000 0.000001 16.249250 -1.457209 -3.766122 -1.464719 -6.770258 -24.388867 -0.000001 -0.000003 0.000003 0.000003 -0.000007 -0.000002 5.669899 -4.448134 3.162337 0.000002 -0.000002 0.000006 0.000003 -0.000001 0.000000 0.000001 -0.000002 0.000004 0.000005 -0.000003 -0.000003 4.894713 -4.487221 4.992381 0.000001 -0.000008 0.000004 -0.000002 0.000003 -0.000007 -0.000000 -0.000003 0.000001 -0.000003 -0.000001 -0.000002 3.976714 -4.405075 6.377933 -0.000003 -0.000003 -0.000000 -0.000000 -0.000004 -0.000004 0.000002 -0.000005 0.000001 0.000003 0.000001 -0.000002 2.165848 -4.997850 7.896614 0.000002 0.000002 -0.000002 -0.000004 0.000005 0.000001 0.000003 0.000004 -0.000002 -0.000000 -0.000001 0.000003 -0.668814 -1.716158 3.232249 0.000004 0.000000 0.000003 -0.618820 -2.224030 1.556317 -0.000001 0.000001 -0.000006 -1.139792 -3.541368 2.553550 0.000003 -0.000007 0.000002 -0.000003 0.000000 -0.000001 -0.095715 19.149399 -0.872781 0.000001 -0.000004 -0.000000 -16.249186 -1.457017 -3.766129 -14.785217 15.230567 -37.666243 -18.689991 -21.493010 1.212280 -0.063505 -3.315682 1.290687 -9.161713 -14.016009 17.244196 -1.008958 -1.517937 1.530432 -5.669890 -4.447999 3.162402 -8.212581 -23.977135 3.208551 -1.150699 -3.013489 -0.086793 -0.000002 -0.000004 0.000004 0.431397 -1.930586 -0.420895 0.000003 0.000004 0.000000 0.865007 -1.558789 -0.501402 -0.000003 -0.000002 -0.000001 -4.894712 -4.487006 4.992404 -0.000001 0.000003 -0.000001 -1.614400 -4.026502 0.464404 0.000000 -0.000008 -0.000001 0.881415 -2.472409 -0.680006 2.852692 -0.365218 5.506789 0.983000 -1.727614 -0.664400 0.000000 0.000007 0.000002 -3.976703 -4.405005 6.378001 -0.000005 0.000000 -0.000000 -1.576298 -4.640989 1.506196 0.000009 -0.000002 0.000004 0.565397 -2.735109 -0.446308 12.297093 1.795436 13.812113 0.577897 -2.212793 -0.468594 0.000001 0.000003 -0.000000 -2.165802 -4.996984 7.896704 -0.000005 -0.000009 0.000001 -1.106999 -3.866778 1.244103 -0.000004 -0.000001 0.000000 0.165890 -2.495194 -0.257397 0.000003 0.000002 0.000005 0.419312 -2.359508 -0.559600 -0.000002 -0.000007 0.000001 0.668791 -1.716001 3.232305 -0.000002 -0.000005 -0.000000 0.618794 -2.224009 1.556301 0.000000 -0.000003 -0.000003 1.139779 -3.541111 2.553508 8.182625 -13.848606 -20.786675 -0.589996 -2.627700 1.193713 0.000002 -0.000002 -0.000003 8.610315 -5.345805 -1.147063 -100.704173 -0.000644 -0.002208 108.558009 -0.001704 -0.003049 -6.724355 -0.000286 0.000296 1.194452 -7.224802 11.745975 -0.000003 -0.000001 0.000000 0.749603 -1.684399 6.380374 0.000002 0.000000 -0.000000 -8.610320 -5.345827 -1.147061 -18.715401 0.000000 -0.000000 -1.467480 -41.307808 -0.215582 110.543285 0.000000 -0.000000 -1.465900 -41.266689 -3.033068 37.335385 0.000000 0.000000 -1.194488 -7.224801 11.746427 -0.000003 -0.000000 0.000000 -0.749617 -1.684396 6.379956 0.000000 0.000000 0.000000 
0.000000 49.403900 -1.590447 -0.000000 0.000000 -0.000000 0.000000 5.822937 0.122296 10.296090 -24.362916 4.214896 7.385262 0.212560 -0.117436 0.741402 -0.000001 0.000001 -0.000001 25.104681 -1.532952 -0.341801 -17.557046 -2.213114 -0.000002 12.653523 1.544386 -1.159404 -35.393757 -0.369954 -3.330327 3.459640 8.674033 -0.000000 0.000003 0.000006 3.330329 3.459808 8.674032 -0.000000 -0.000003 0.000001 0.000002 -0.763519 1.289537 0.000003 -0.000001 -0.000001 -0.000002 6.326752 0.772189 -0.000002 -0.000004 0.000001 0.095713 19.149231 -0.872777 0.000002 -0.000002 0.000001 16.249262 -1.457202 -3.766122 -1.464718 -6.770256 -24.388869 -0.000001 -0.000003 0.000005 0.000006 -0.000004 0.000008 5.669896 -4.448120 3.162335 0.000000 -0.000002 0.000008 -0.000000 0.000004 0.000000 0.000001 -0.000001 -0.000002 0.000003 -0.000002 0.000002 4.894712 -4.487225 4.992387 0.000001 -0.000010 -0.000001 -0.000000 -0.000004 0.000001 0.000005 -0.000006 0.000002 0.000000 -0.000003 -0.000000 3.976707 -4.405071 6.377934 -0.000002 -0.000001 -0.000002 0.000004 -0.000006 -0.000006 -0.000002 -0.000006 -0.000001 -0.000004 0.000000 0.000001 2.165846 -4.997842 7.896617 0.000001 0.000003 -0.000000 0.000000 0.000003 -0.000002 0.000003 0.000006 -0.000005 0.000003 -0.000002 -0.000002 -0.668815 -1.716168 3.232255 0.000003 0.000005 0.000003 -0.618824 -2.224041 1.556316 0.000001 0.000004 0.000003 -1.139794 -3.541368 2.553549 0.000003 -0.000009 0.000003 0.000001 0.000002 -0.000000 -0.095715 19.149414 -0.872779 0.000005 -0.000000 0.000002 -16.249176 -1.456982 -3.766134 -12.784332 14.002945 -38.945360 -18.689991 -21.493000 1.212282 -0.049113 -2.114140 0.823158 -9.161708 -14.015998 17.244192 -0.649026 -0.966366 0.980462 -5.669903 -4.448004 3.162407 -8.212577 -23.977126 3.208556 -1.150701 -3.013499 -0.086797 -0.000001 -0.000003 0.000007 0.431374 -1.930588 -0.420888 0.000002 0.000003 -0.000000 0.865013 -1.558805 -0.501402 -0.000002 0.000000 -0.000002 -4.894715 -4.487001 4.992409 0.000001 0.000007 0.000006 -1.614405 -4.026494 0.464405 -0.000002 -0.000007 0.000005 0.881408 -2.472389 -0.680004 2.852690 -0.365218 5.506789 0.983011 -1.727612 -0.664407 -0.000001 0.000010 0.000001 -3.976703 -4.405008 6.378010 -0.000001 0.000004 0.000005 -1.576298 -4.640997 1.506191 0.000007 -0.000006 0.000001 0.565393 -2.735106 -0.446294 12.297088 1.795436 13.812114 0.577895 -2.212801 -0.468591 -0.000001 0.000001 -0.000004 -2.165799 -4.997001 7.896706 0.000001 -0.000009 0.000007 -1.107002 -3.866792 1.244105 -0.000000 -0.000002 -0.000000 0.165899 -2.495202 -0.257407 -0.000001 0.000003 -0.000000 0.419303 -2.359503 -0.559598 0.000002 -0.000003 0.000002 0.668799 -1.715999 3.232304 -0.000005 -0.000003 0.000004 0.618789 -2.224007 1.556292 0.000001 -0.000001 -0.000000 1.139779 -3.541118 2.553504 8.182625 -13.848607 -20.786678 -0.590005 -2.627712 1.193711 0.000001 0.000004 -0.000000 8.610315 -5.345805 -1.147063 -100.704173 -0.000644 -0.002208 108.558009 -0.001704 -0.003049 -6.724355 -0.000286 0.000296 1.194452 -7.224802 11.745975 -0.000003 -0.000001 0.000000 0.749603 -1.684399 6.380374 0.000002 0.000000 -0.000000 -8.610320 -5.345827 -1.147061 -18.715401 0.000000 -0.000000 -1.467480 -41.307808 -0.215582 110.543285 0.000000 -0.000000 -1.465900 -41.266689 -3.033068 37.335385 0.000000 0.000000 -1.194488 -7.224801 11.746427 -0.000003 -0.000000 0.000000 -0.749617 -1.684396 6.379956 0.000000 0.000000 0.000000 
0.000000 49.403900 -1.590447 -0.000000 0.000000 -0.000000 -0.000000 5.822934 0.122296 10.210679 -24.884078 4.293939 7.187388 0.119400 -0.065697 0.416009 0.000000 0.000000 -0.000000 25.104662 -1.532956 -0.354723 -17.872513 -2.255578 -0.000000 12.653530 1.544389 -0.653817 -36.010198 -0.212504 -3.330327 3.459640 8.674035 0.000000 0.000003 0.000004 3.330328 3.459824 8.674033 0.000000 -0.000002 -0.000001 0.000000 -0.763535 1.289541 0.000005 0.000001 -0.000002 0.000000 6.326752 0.772194 0.000000 -0.000001 -0.000000 0.095713 19.149216 -0.872780 -0.000001 0.000000 0.000001 16.249252 -1.457216 -3.766123 -1.464718 -6.770261 -24.388874 -0.000001 -0.000003 0.000003 0.000004 -0.000002 0.000004 5.669899 -4.448119 3.162340 -0.000001 0.000000 0.000006 -0.000003 0.000011 -0.000003 0.000002 -0.000003 -0.000003 -0.000000 0.000003 0.000006 4.894716 -4.487226 4.992388 0.000001 -0.000008 -0.000000 0.000000 -0.000002 -0.000006 0.000006 -0.000003 0.000001 -0.000002 -0.000003 -0.000002 3.976712 -4.405072 6.377936 -0.000004 0.000002 -0.000002 0.000004 -0.000004 -0.000003 -0.000002 -0.000008 -0.000001 -0.000000 0.000004 -0.000001 2.165848 -4.997849 7.896616 0.000001 0.000006 -0.000004 -0.000004 0.000003 0.000000 -0.000000 0.000004 -0.000002 0.000002 -0.000002 -0.000002 -0.668812 -1.716147 3.232253 0.000003 0.000006 0.000005 -0.618825 -2.224046 1.556316 0.000001 0.000005 -0.000001 -1.139794 -3.541376 2.553548 0.000002 -0.000006 -0.000001 -0.000000 0.000002 -0.000001 -0.095715 19.149414 -0.872780 0.000004 0.000001 0.000001 -16.249180 -1.456978 -3.766134 -11.286198 13.039354 -39.885351 -18.689995 -21.492992 1.212278 -0.031245 -1.183814 0.461110 -9.161701 -14.015990 17.244192 -0.365932 -0.540471 0.551070 -5.669893 -4.448009 3.162408 -8.212583 -23.977130 3.208551 -1.150705 -3.013510 -0.086805 -0.000004 -0.000003 0.000005 0.431397 -1.930586 -0.420893 0.000002 0.000005 0.000000 0.864995 -1.558791 -0.501399 -0.000000 0.000000 -0.000001 -4.894704 -4.487019 4.992412 0.000003 0.000004 0.000008 -1.614398 -4.026502 0.464403 -0.000001 -0.000005 0.000003 0.881411 -2.472416 -0.680005 2.852690 -0.365217 5.506793 0.982994 -1.727601 -0.664405 -0.000003 0.000009 0.000006 -3.976698 -4.405013 6.378008 -0.000000 -0.000003 0.000005 -1.576289 -4.640993 1.506192 0.000001 -0.000004 0.000001 0.565406 -2.735109 -0.446309 12.297091 1.795434 13.812115 0.577895 -2.212809 -0.468591 -0.000001 0.000001 -0.000004 -2.165805 -4.996987 7.896708 -0.000000 -0.000009 0.000004 -1.106990 -3.866781 1.244086 -0.000001 0.000001 0.000002 0.165880 -2.495188 -0.257397 0.000003 0.000001 0.000001 0.419295 -2.359506 -0.559599 -0.000000 -0.000001 0.000001 0.668804 -1.715997 3.232311 -0.000003 -0.000005 0.000003 0.618808 -2.224011 1.556301 -0.000004 -0.000001 -0.000000 1.139786 -3.541094 2.553502 8.182626 -13.848608 -20.786675 -0.589989 -2.627700 1.193715 -0.000001 0.000001 0.000000 8.610315 -5.345805 -1.147063 -100.704173 -0.000644 -0.002208 108.558009 -0.001704 -0.003049 -6.724355 -0.000286 0.000296 1.194452 -7.224802 11.745975 -0.000003 -0.000001 0.000000 0.749603 -1.684399 6.380374 0.000002 0.000000 -0.000000 -8.610320 -5.345827 -1.147061 -18.715401 0.000000 -0.000000 -1.467480 -41.307808 -0.215582 110.543285 0.000000 -0.000000 -1.465900 -41.266689 -3.033068 37.335385 0.000000 0.000000 -1.194488 -7.224801 11.746427 -0.000003 -0.000000 0.000000 -0.749617 -1.684396 6.379956 0.000000 0.000000 0.000000 
0.000000 49.403900 -1.590447 -0.000000 0.000000 -0.000000 0.000000 5.822937 0.122296 10.150147 -25.255159 4.349893 7.046459 0.052912 -0.029030 0.184217 -0.000001 0.000001 -0.000001 25.104660 -1.532957 -0.364091 -18.097232 -2.285920 -0.000000 12.653497 1.544392 -0.290573 -36.447880 -0.095669 -3.330328 3.459625 8.674034 0.000000 0.000002 0.000006 3.330327 3.459823 8.674032 0.000000 -0.000003 0.000001 0.000002 -0.763535 1.289539 0.000007 -0.000001 0.000001 -0.000001 6.326736 0.772197 0.000000 -0.000002 0.000001 0.095712 19.149231 -0.872779 0.000001 -0.000000 -0.000000 16.249254 -1.457200 -3.766122 -1.464721 -6.770253 -24.388871 -0.000001 -0.000004 0.000008 0.000007 0.000000 0.000006 5.669906 -4.448123 3.162329 -0.000001 -0.000001 0.000005 0.000001 0.000000 0.000000 0.000003 -0.000003 0.000004 0.000003 0.000003 0.000003 4.894721 -4.487227 4.992383 0.000000 -0.000005 0.000002 0.000000 -0.000002 -0.000006 0.000005 0.000000 0.000004 -0.000002 0.000004 -0.000001 3.976715 -4.405073 6.377927 -0.000003 0.000002 -0.000002 0.000004 -0.000001 -0.000002 -0.000000 -0.000006 -0.000007 -0.000001 -0.000000 0.000004 2.165854 -4.997841 7.896616 -0.000001 0.000006 -0.000000 -0.000000 0.000004 0.000004 0.000001 0.000001 -0.000005 0.000002 -0.000002 -0.000001 -0.668815 -1.716160 3.232247 -0.000003 0.000009 0.000005 -0.618824 -2.224039 1.556318 -0.000000 -0.000000 -0.000000 -1.139799 -3.541376 2.553546 0.000002 -0.000007 0.000002 -0.000000 0.000001 -0.000003 -0.095715 19.149414 -0.872780 0.000002 -0.000002 0.000001 -16.249201 -1.456997 -3.766129 -10.248941 12.349723 -40.526767 -18.689989 -21.492994 1.212283 -0.014992 -0.523419 0.203956 -9.161711 -14.015983 17.244192 -0.162586 -0.238768 0.244310 -5.669898 -4.448007 3.162400 -8.212580 -23.977128 3.208548 -1.150697 -3.013508 -0.086800 -0.000002 -0.000005 -0.000000 0.431397 -1.930586 -0.420896 0.000002 0.000004 0.000000 0.865011 -1.558802 -0.501404 -0.000000 0.000001 -0.000001 -4.894714 -4.487007 4.992405 0.000004 0.000007 0.000001 -1.614405 -4.026496 0.464397 -0.000003 -0.000006 0.000005 0.881411 -2.472413 -0.679996 2.852690 -0.365214 5.506792 0.983015 -1.727609 -0.664406 -0.000003 0.000008 0.000000 -3.976693 -4.405010 6.378001 0.000002 0.000002 -0.000004 -1.576312 -4.641007 1.506214 0.000005 -0.000006 0.000005 0.565402 -2.735114 -0.446312 12.297090 1.795433 13.812115 0.577912 -2.212807 -0.468591 0.000002 -0.000001 0.000001 -2.165803 -4.997002 7.896701 -0.000000 -0.000006 -0.000000 -1.106993 -3.866790 1.244102 0.000000 -0.000003 0.000000 0.165899 -2.495209 -0.257418 0.000001 0.000001 -0.000000 0.419311 -2.359501 -0.559599 -0.000002 -0.000006 -0.000004 0.668802 -1.716010 3.232302 -0.000003 0.000002 -0.000003 0.618808 -2.223987 1.556290 -0.000006 0.000001 -0.000002 1.139775 -3.541102 2.553507 8.182628 -13.848607 -20.786677 -0.589998 -2.627707 1.193712 -0.000003 0.000000 0.000001 8.610315 -5.345805 -1.147063 -100.704173 -0.000644 -0.002208 108.558009 -0.001704 -0.003049 -6.724355 -0.000286 0.000296 1.194452 -7.224802 11.745975 -0.000003 -0.000001 0.000000 0.749603 -1.684399 6.380374 0.000002 0.000000 -0.000000 -8.610320 -5.345827 -1.147061 -18.715401 0.000000 -0.000000 -1.467480 -41.307808 -0.215582 110.543285 0.000000 -0.000000 -1.465900 -41.266689 -3.033068 37.335385 0.000000 0.000000 -1.194488 -7.224801 11.746427 -0.000003 -0.000000 0.000000 -0.749617 -1.684396 6.379956 0.000000 0.000000 0.000000 
0.000000 49.403900 -1.590447 -0.000000 0.000000 -0.000000 -0.000000 5.822939 0.122296 10.114124 -25.476602 4.383154 6.962331 0.013173 -0.007214 0.045837 0.000001 0.000000 0.000000 25.104668 -1.532960 -0.369747 -18.231394 -2.304073 0.000000 12.653491 1.544380 -0.072459 -36.708575 -0.024039 -3.330331 3.459640 8.674035 -0.000000 0.000003 0.000005 3.330327 3.459824 8.674035 -0.000000 -0.000002 -0.000000 -0.000002 -0.763535 1.289542 0.000005 -0.000000 -0.000002 -0.000000 6.326752 0.772187 0.000000 -0.000001 -0.000000 0.095713 19.149231 -0.872780 0.000002 -0.000002 0.000001 16.249254 -1.457222 -3.766123 -1.464719 -6.770255 -24.388874 -0.000001 -0.000003 0.000003 -0.000000 -0.000003 0.000002 5.669898 -4.448125 3.162327 0.000001 -0.000001 0.000005 -0.000002 0.000013 0.000002 0.000003 -0.000003 0.000002 0.000000 0.000003 -0.000003 4.894716 -4.487230 4.992382 0.000002 -0.000003 -0.000001 -0.000002 0.000007 -0.000007 0.000005 -0.000005 0.000006 -0.000002 -0.000002 0.000002 3.976706 -4.405067 6.377928 -0.000001 0.000003 0.000002 0.000008 -0.000004 -0.000001 -0.000000 -0.000005 -0.000001 -0.000001 0.000000 0.000002 2.165846 -4.997843 7.896616 0.000001 0.000006 -0.000002 -0.000003 0.000005 -0.000001 -0.000004 0.000003 -0.000002 -0.000001 -0.000004 0.000001 -0.668815 -1.716159 3.232247 0.000003 0.000006 0.000003 -0.618828 -2.224032 1.556319 -0.000000 0.000002 -0.000004 -1.139794 -3.541361 2.553546 0.000002 -0.000005 0.000002 0.000002 0.000002 -0.000001 -0.095714 19.149429 -0.872783 0.000004 -0.000000 0.000001 -16.249178 -1.457001 -3.766137 -9.641259 11.937096 -40.898811 -18.689995 -21.493006 1.212280 -0.003896 -0.130125 0.050712 -9.161694 -14.015985 17.244200 -0.040539 -0.059327 0.060834 -5.669898 -4.448009 3.162405 -8.212583 -23.977125 3.208559 -1.150688 -3.013516 -0.086801 0.000000 -0.000001 -0.000000 0.431415 -1.930592 -0.420903 0.000002 0.000005 -0.000001 0.865007 -1.558802 -0.501394 0.000000 0.000000 -0.000001 -4.894703 -4.487011 4.992406 -0.000000 0.000006 0.000008 -1.614398 -4.026496 0.464399 -0.000000 -0.000003 0.000001 0.881410 -2.472420 -0.680001 2.852689 -0.365214 5.506791 0.983020 -1.727614 -0.664403 -0.000000 0.000007 0.000004 -3.976702 -4.405011 6.378002 -0.000004 0.000000 0.000003 -1.576296 -4.641002 1.506197 0.000004 -0.000003 0.000001 0.565406 -2.735115 -0.446299 12.297089 1.795434 13.812114 0.577906 -2.212800 -0.468597 -0.000003 -0.000002 -0.000002 -2.165797 -4.996984 7.896706 -0.000004 -0.000009 0.000004 -1.106991 -3.866783 1.244103 -0.000001 0.000004 0.000003 0.165889 -2.495193 -0.257397 0.000002 -0.000008 0.000003 0.419298 -2.359495 -0.559607 -0.000001 -0.000002 0.000006 0.668802 -1.716006 3.232312 -0.000003 -0.000003 0.000001 0.618806 -2.224001 1.556300 -0.000000 -0.000004 -0.000006 1.139790 -3.541105 2.553505 8.182623 -13.848609 -20.786675 -0.590000 -2.627706 1.193713 -0.000002 0.000001 -0.000002 8.610315 -5.345805 -1.147063 -100.704173 -0.000644 -0.002208 108.558009 -0.001704 -0.003049 -6.724355 -0.000286 0.000296 1.194452 -7.224802 11.745975 -0.000003 -0.000001 0.000000 0.749603 -1.684399 6.380374 0.000002 0.000000 -0.000000 -8.610320 -5.345827 -1.147061 -18.715401 0.000000 -0.000000 -1.467480 -41.307808 -0.215582 110.543285 0.000000 -0.000000 -1.465900 -41.266689 -3.033068 37.335385 0.000000 0.000000 -1.194488 -7.224801 11.746427 -0.000003 -0.000000 0.000000 -0.749617 -1.684396 6.379956 0.000000 0.000000 0.000000 
0.000000 49.403900 -1.590447 -0.000000 0.000000 -0.000000 -0.000000 5.822938 0.122296 10.102212 -25.549948 4.394149 6.934464 0.000001 -0.000000 0.000001 -0.000003 0.000001 -0.000000 25.104670 -1.532954 -0.371634 -18.275829 -2.310090 0.000001 12.653503 1.544393 0.000002 -36.794844 -0.000000 -3.330332 3.459625 8.674032 -0.000001 0.000003 0.000006 3.330323 3.459809 8.674031 -0.000001 -0.000002 0.000001 -0.000003 -0.763519 1.289540 0.000005 0.000001 -0.000001 0.000002 6.326767 0.772194 0.000002 0.000002 -0.000001 0.095714 19.149216 -0.872779 0.000001 -0.000003 0.000001 16.249262 -1.457202 -3.766122 -1.464720 -6.770257 -24.388872 0.000006 -0.000002 0.000002 0.000000 0.000000 0.000004 5.669902 -4.448129 3.162336 -0.000003 -0.000005 0.000004 -0.000002 0.000000 0.000001 -0.000002 0.000000 -0.000001 0.000001 -0.000001 -0.000004 4.894719 -4.487231 4.992389 0.000000 -0.000007 -0.000004 -0.000004 -0.000002 -0.000006 0.000003 -0.000003 0.000004 -0.000002 0.000001 -0.000001 3.976714 -4.405056 6.377938 -0.000003 0.000002 -0.000004 0.000003 -0.000006 -0.000003 -0.000003 -0.000010 -0.000003 -0.000005 0.000005 0.000002 2.165854 -4.997840 7.896618 -0.000000 0.000005 -0.000007 -0.000003 0.000008 0.000000 0.000000 -0.000001 -0.000005 0.000000 -0.000004 0.000001 -0.668803 -1.716149 3.232254 0.000004 0.000007 0.000003 -0.618820 -2.224046 1.556317 0.000001 0.000005 -0.000003 -1.139799 -3.541367 2.553548 0.000003 -0.000006 0.000004 -0.000001 0.000001 -0.000002 -0.095714 19.149414 -0.872781 0.000005 0.000000 -0.000001 -16.249172 -1.457004 -3.766133 -9.441823 11.800298 -41.020303 -18.689991 -21.493019 1.212273 -0.000004 0.000003 -0.000002 -9.161703 -14.016010 17.244196 0.000007 0.000003 0.000001 -5.669902 -4.448013 3.162406 -8.212581 -23.977130 3.208549 -1.150689 -3.013504 -0.086807 0.000000 -0.000004 -0.000000 0.431389 -1.930588 -0.420900 0.000003 0.000003 0.000000 0.865000 -1.558800 -0.501397 -0.000000 -0.000004 0.000001 -4.894715 -4.487008 4.992406 -0.000001 0.000004 0.000007 -1.614416 -4.026494 0.464405 -0.000000 -0.000006 -0.000000 0.881408 -2.472410 -0.680003 2.852695 -0.365215 5.506793 0.983006 -1.727622 -0.664401 -0.000000 0.000007 0.000006 -3.976707 -4.405017 6.378000 -0.000007 0.000003 0.000007 -1.576296 -4.641006 1.506198 0.000004 -0.000001 0.000003 0.565409 -2.735091 -0.446307 12.297091 1.795433 13.812120 0.577906 -2.212808 -0.468592 0.000003 -0.000002 -0.000002 -2.165817 -4.996992 7.896709 -0.000005 -0.000011 0.000004 -1.106996 -3.866782 1.244102 0.000000 -0.000001 0.000001 0.165893 -2.495202 -0.257398 -0.000000 0.000002 0.000003 0.419298 -2.359513 -0.559609 -0.000001 -0.000001 0.000001 0.668792 -1.716005 3.232306 -0.000001 -0.000005 0.000002 0.618804 -2.224002 1.556289 -0.000000 -0.000001 -0.000004 1.139805 -3.541102 2.553510 8.182626 -13.848607 -20.786672 -0.590003 -2.627707 1.193703 -0.000003 -0.000000 -0.000000 8.610315 -5.345805 -1.147063 -100.704173 -0.000644 -0.002208 108.558009 -0.001704 -0.003049 -6.724355 -0.000286 0.000296 1.194452 -7.224802 11.745975 -0.000003 -0.000001 0.000000 0.749603 -1.684399 6.380374 0.000002 0.000000 -0.000000 -8.610320 -5.345827 -1.147061 -18.715401 0.000000 -0.000000 -1.467480 -41.307808 -0.215582 110.543285 0.000000 -0.000000 -1.465900 -41.266689 -3.033068 37.335385 0.000000 0.000000 -1.194488 -7.224801 11.746427 -0.000003 -0.000000 0.000000 -0.749617 -1.684396 6.379956 0.000000 0.000000 0.000000 
0.000000 49.403900 -1.590447 -0.000000 0.000000 -0.000000 -0.000000 5.822938 0.122296 10.102212 -25.549948 4.394149 6.934464 0.000001 -0.000000 0.000001 -0.000003 0.000001 -0.000000 25.104670 -1.532954 -0.371634 -18.275829 -2.310090 0.000001 12.653503 1.544393 0.000002 -36.794844 -0.000000 -3.330332 3.459625 8.674032 -0.000001 0.000003 0.000006 3.330323 3.459809 8.674031 -0.000001 -0.000002 0.000001 -0.000003 -0.763519 1.289540 0.000005 0.000001 -0.000001 0.000002 6.326767 0.772194 0.000002 0.000002 -0.000001 0.095714 19.149216 -0.872779 0.000001 -0.000003 0.000001 16.249262 -1.457202 -3.766122 -1.464720 -6.770257 -24.388872 0.000006 -0.000002 0.000002 0.000000 0.000000 0.000004 5.669902 -4.448129 3.162336 -0.000003 -0.000005 0.000004 -0.000002 0.000000 0.000001 -0.000002 0.000000 -0.000001 0.000001 -0.000001 -0.000004 4.894719 -4.487231 4.992389 0.000000 -0.000007 -0.000004 -0.000004 -0.000002 -0.000006 0.000003 -0.000003 0.000004 -0.000002 0.000001 -0.000001 3.976714 -4.405056 6.377938 -0.000003 0.000002 -0.000004 0.000003 -0.000006 -0.000003 -0.000003 -0.000010 -0.000003 -0.000005 0.000005 0.000002 2.165854 -4.997840 7.896618 -0.000000 0.000005 -0.000007 -0.000003 0.000008 0.000000 0.000000 -0.000001 -0.000005 0.000000 -0.000004 0.000001 -0.668803 -1.716149 3.232254 0.000004 0.000007 0.000003 -0.618820 -2.224046 1.556317 0.000001 0.000005 -0.000003 -1.139799 -3.541367 2.553548 0.000003 -0.000006 0.000004 -0.000001 0.000001 -0.000002 -0.095714 19.149414 -0.872781 0.000005 0.000000 -0.000001 -16.249172 -1.457004 -3.766133 -9.441823 11.800298 -41.020303 -18.689991 -21.493019 1.212273 -0.000004 0.000003 -0.000002 -9.161703 -14.016010 17.244196 0.000007 0.000003 0.000001 -5.669893 -4.448013 3.162405 -8.034129 -23.445779 3.173091 -1.150686 -3.013505 -0.086802 0.000000 -0.000004 0.000003 0.431389 -1.930583 -0.420901 0.000005 0.000005 0.000001 0.864995 -1.558805 -0.501398 -0.000002 -0.000002 -0.000001 -4.894715 -4.487008 4.992406 -0.000001 0.000004 0.000007 -1.614416 -4.026494 0.464405 -0.000000 -0.000006 -0.000000 0.881406 -2.472399 -0.680003 2.789146 -0.360100 5.384592 0.983005 -1.727620 -0.664401 -0.000001 0.000007 0.000004 -3.976707 -4.405017 6.378000 -0.000007 0.000003 0.000007 -1.576296 -4.641006 1.506198 0.000004 -0.000001 0.000003 0.565407 -2.735087 -0.446306 12.031376 1.724113 13.512286 0.577903 -2.212815 -0.468584 0.000002 -0.000005 0.000002 -2.165817 -4.996992 7.896709 -0.000005 -0.000011 0.000004 -1.106996 -3.866782 1.244102 0.000000 -0.000001 0.000001 0.165893 -2.495202 -0.257398 -0.000000 0.000002 0.000003 0.419298 -2.359513 -0.559609 -0.000001 -0.000001 0.000001 0.668792 -1.716005 3.232306 -0.000001 -0.000005 0.000002 0.618804 -2.224002 1.556289 -0.000000 -0.000001 -0.000004 1.139804 -3.541109 2.553510 8.055798 -13.515953 -20.341092 -0.590003 -2.627699 1.193708 -0.000001 0.000001 -0.000000 8.610315 -5.345805 -1.147063 -100.704173 -0.000644 -0.002208 108.558009 -0.001704 -0.003049 -6.724355 -0.000286 0.000296 1.194452 -7.224802 11.745975 -0.000003 -0.000001 0.000000 0.749603 -1.684399 6.380374 0.000002 0.000000 -0.000000 -8.610320 -5.345827 -1.147061 -18.715401 0.000000 -0.000000 -1.467480 -41.307808 -0.215582 110.543285 0.000000 -0.000000 -1.465900 -41.266689 -3.033068 37.335385 0.000000 0.000000 -1.194488 -7.224801 11.746427 -0.000003 -0.000000 0.000000 -0.749617 -1.684396 6.379956 0.000000 0.000000 0.000000 
0.000000 49.403900 -1.590447 -0.000000 0.000000 -0.000000 -0.000000 5.822938 0.122296 10.102212 -25.549948 4.394149 6.934464 0.000001 -0.000000 0.000001 -0.000003 0.000001 -0.000000 25.104670 -1.532954 -0.371634 -18.275829 -2.310090 0.000001 12.653503 1.544393 0.000002 -36.794844 -0.000000 -3.330332 3.459625 8.674032 -0.000001 0.000003 0.000006 3.330323 3.459809 8.674031 -0.000001 -0.000002 0.000001 -0.000003 -0.763519 1.289540 0.000005 0.000001 -0.000001 0.000002 6.326767 0.772194 0.000002 0.000002 -0.000001 0.095714 19.149216 -0.872779 0.000001 -0.000003 0.000001 16.249262 -1.457202 -3.766122 -1.464720 -6.770257 -24.388872 0.000006 -0.000002 0.000002 0.000000 0.000000 0.000004 5.669902 -4.448129 3.162336 -0.000003 -0.000005 0.000004 -0.000002 0.000000 0.000001 -0.000002 0.000000 -0.000001 0.000001 -0.000001 -0.000004 4.894719 -4.487231 4.992389 0.000000 -0.000007 -0.000004 -0.000004 -0.000002 -0.000006 0.000003 -0.000003 0.000004 -0.000002 0.000001 -0.000001 3.976714 -4.405056 6.377938 -0.000003 0.000002 -0.000004 0.000003 -0.000006 -0.000003 -0.000003 -0.000010 -0.000003 -0.000005 0.000005 0.000002 2.165854 -4.997840 7.896618 -0.000000 0.000005 -0.000007 -0.000003 0.000008 0.000000 0.000000 -0.000001 -0.000005 0.000000 -0.000004 0.000001 -0.668803 -1.716149 3.232254 0.000004 0.000007 0.000003 -0.618820 -2.224046 1.556317 0.000001 0.000005 -0.000003 -1.139799 -3.541367 2.553548 0.000003 -0.000006 0.000004 -0.000001 0.000001 -0.000002 -0.095714 19.149414 -0.872781 0.000005 0.000000 -0.000001 -16.249172 -1.457004 -3.766133 -9.441823 11.800298 -41.020303 -18.689991 -21.493019 1.212273 -0.000004 0.000003 -0.000002 -9.161703 -14.016010 17.244196 0.000007 0.000003 0.000001 -5.669900 -4.448007 3.162406 -7.497916 -21.843981 3.056180 -1.150688 -3.013513 -0.086811 -0.000000 -0.000005 -0.000001 0.431403 -1.930582 -0.420896 0.000005 0.000006 -0.000003 0.864991 -1.558808 -0.501400 -0.000001 -0.000003 -0.000001 -4.894715 -4.487008 4.992406 -0.000001 0.000004 0.000007 -1.614416 -4.026494 0.464405 -0.000000 -0.000006 -0.000000 0.881405 -2.472400 -0.680008 2.597935 -0.343887 5.016811 0.983003 -1.727606 -0.664406 -0.000000 0.000009 0.000001 -3.976707 -4.405017 6.378000 -0.000007 0.000003 0.000007 -1.576296 -4.641006 1.506198 0.000004 -0.000001 0.000003 0.565402 -2.735083 -0.446303 11.228650 1.517642 12.607044 0.577892 -2.212806 -0.468591 -0.000002 0.000001 -0.000002 -2.165817 -4.996992 7.896709 -0.000005 -0.000011 0.000004 -1.106996 -3.866782 1.244102 0.000000 -0.000001 0.000001 0.165893 -2.495202 -0.257398 -0.000000 0.000002 0.000003 0.419298 -2.359513 -0.559609 -0.000001 -0.000001 0.000001 0.668792 -1.716005 3.232306 -0.000001 -0.000005 0.000002 0.618804 -2.224002 1.556289 -0.000000 -0.000001 -0.000004 1.139802 -3.541101 2.553510 7.658249 -12.518463 -18.996032 -0.589995 -2.627699 1.193705 -0.000003 0.000001 -0.000000 8.610315 -5.345805 -1.147063 -100.704173 -0.000644 -0.002208 108.558009 -0.001704 -0.003049 -6.724355 -0.000286 0.000296 1.194452 -7.224802 11.745975 -0.000003 -0.000001 0.000000 0.749603 -1.684399 6.380374 0.000002 0.000000 -0.000000 -8.610320 -5.345827 -1.147061 -18.715401 0.000000 -0.000000 -1.467480 -41.307808 -0.215582 110.543285 0.000000 -0.000000 -1.465900 -41.266689 -3.033068 37.335385 0.000000 0.000000 -1.194488 -7.224801 11.746427 -0.000003 -0.000000 0.000000 -0.749617 -1.684396 6.379956 0.000000 0.000000 0.000000 
0.000000 49.403900 -1.590447 -0.000000 0.000000 -0.000000 -0.000000 5.822938 0.122296 10.102212 -25.549948 4.394149 6.934464 0.000001 -0.000000 0.000001 -0.000003 0.000001 -0.000000 25.104670 -1.532954 -0.371634 -18.275829 -2.310090 0.000001 12.653503 1.544393 0.000002 -36.794844 -0.000000 -3.330332 3.459625 8.674032 -0.000001 0.000003 0.000006 3.330323 3.459809 8.674031 -0.000001 -0.000002 0.000001 -0.000003 -0.763519 1.289540 0.000005 0.000001 -0.000001 0.000002 6.326767 0.772194 0.000002 0.000002 -0.000001 0.095714 19.149216 -0.872779 0.000001 -0.000003 0.000001 16.249262 -1.457202 -3.766122 -1.464720 -6.770257 -24.388872 0.000006 -0.000002 0.000002 0.000000 0.000000 0.000004 5.669902 -4.448129 3.162336 -0.000003 -0.000005 0.000004 -0.000002 0.000000 0.000001 -0.000002 0.000000 -0.000001 0.000001 -0.000001 -0.000004 4.894719 -4.487231 4.992389 0.000000 -0.000007 -0.000004 -0.000004 -0.000002 -0.000006 0.000003 -0.000003 0.000004 -0.000002 0.000001 -0.000001 3.976714 -4.405056 6.377938 -0.000003 0.000002 -0.000004 0.000003 -0.000006 -0.000003 -0.000003 -0.000010 -0.000003 -0.000005 0.000005 0.000002 2.165854 -4.997840 7.896618 -0.000000 0.000005 -0.000007 -0.000003 0.000008 0.000000 0.000000 -0.000001 -0.000005 0.000000 -0.000004 0.000001 -0.668803 -1.716149 3.232254 0.000004 0.000007 0.000003 -0.618820 -2.224046 1.556317 0.000001 0.000005 -0.000003 -1.139799 -3.541367 2.553548 0.000003 -0.000006 0.000004 -0.000001 0.000001 -0.000002 -0.095714 19.149414 -0.872781 0.000005 0.000000 -0.000001 -16.249172 -1.457004 -3.766133 -9.441823 11.800298 -41.020303 -18.689991 -21.493019 1.212273 -0.000004 0.000003 -0.000002 -9.161703 -14.016010 17.244196 0.000007 0.000003 0.000001 -5.669903 -4.448000 3.162405 -6.627435 -19.232768 2.833939 -1.150687 -3.013499 -0.086805 0.000001 -0.000004 0.000003 0.431400 -1.930588 -0.420902 0.000003 0.000003 -0.000001 0.865002 -1.558808 -0.501399 -0.000000 -0.000002 -0.000003 -4.894715 -4.487008 4.992406 -0.000001 0.000004 0.000007 -1.614416 -4.026494 0.464405 -0.000000 -0.000006 -0.000000 0.881411 -2.472407 -0.679999 2.287213 -0.314900 4.418819 0.983006 -1.727622 -0.664409 -0.000001 0.000007 0.000006 -3.976707 -4.405017 6.378000 -0.000007 0.000003 0.000007 -1.576296 -4.641006 1.506198 0.000004 -0.000001 0.000003 0.565401 -2.735086 -0.446304 9.914503 1.208598 11.126665 0.577915 -2.212806 -0.468596 -0.000001 -0.000003 -0.000000 -2.165817 -4.996992 7.896709 -0.000005 -0.000011 0.000004 -1.106996 -3.866782 1.244102 0.000000 -0.000001 0.000001 0.165893 -2.495202 -0.257398 -0.000000 0.000002 0.000003 0.419298 -2.359513 -0.559609 -0.000001 -0.000001 0.000001 0.668792 -1.716005 3.232306 -0.000001 -0.000005 0.000002 0.618804 -2.224002 1.556289 -0.000000 -0.000001 -0.000004 1.139805 -3.541100 2.553513 6.961500 -10.910724 -16.795794 -0.590001 -2.627724 1.193707 -0.000002 0.000000 0.000000 8.610315 -5.345805 -1.147063 -100.704173 -0.000644 -0.002208 108.558009 -0.001704 -0.003049 -6.724355 -0.000286 0.000296 1.194452 -7.224802 11.745975 -0.000003 -0.000001 0.000000 0.749603 -1.684399 6.380374 0.000002 0.000000 -0.000000 -8.610320 -5.345827 -1.147061 -18.715401 0.000000 -0.000000 -1.467480 -41.307808 -0.215582 110.543285 0.000000 -0.000000 -1.465900 -41.266689 -3.033068 37.335385 0.000000 0.000000 -1.194488 -7.224801 11.746427 -0.000003 -0.000000 0.000000 -0.749617 -1.684396 6.379956 0.000000 0.000000 0.000000 
0.000000 49.403900 -1.590447 -0.000000 0.000000 -0.000000 -0.000000 5.822938 0.122296 10.102212 -25.549948 4.394149 6.934464 0.000001 -0.000000 0.000001 -0.000003 0.000001 -0.000000 25.104670 -1.532954 -0.371634 -18.275829 -2.310090 0.000001 12.653503 1.544393 0.000002 -36.794844 -0.000000 -3.330332 3.459625 8.674032 -0.000001 0.000003 0.000006 3.330323 3.459809 8.674031 -0.000001 -0.000002 0.000001 -0.000003 -0.763519 1.289540 0.000005 0.000001 -0.000001 0.000002 6.326767 0.772194 0.000002 0.000002 -0.000001 0.095714 19.149216 -0.872779 0.000001 -0.000003 0.000001 16.249262 -1.457202 -3.766122 -1.464720 -6.770257 -24.388872 0.000006 -0.000002 0.000002 0.000000 0.000000 0.000004 5.669902 -4.448129 3.162336 -0.000003 -0.000005 0.000004 -0.000002 0.000000 0.000001 -0.000002 0.000000 -0.000001 0.000001 -0.000001 -0.000004 4.894719 -4.487231 4.992389 0.000000 -0.000007 -0.000004 -0.000004 -0.000002 -0.000006 0.000003 -0.000003 0.000004 -0.000002 0.000001 -0.000001 3.976714 -4.405056 6.377938 -0.000003 0.000002 -0.000004 0.000003 -0.000006 -0.000003 -0.000003 -0.000010 -0.000003 -0.000005 0.000005 0.000002 2.165854 -4.997840 7.896618 -0.000000 0.000005 -0.000007 -0.000003 0.000008 0.000000 0.000000 -0.000001 -0.000005 0.000000 -0.000004 0.000001 -0.668803 -1.716149 3.232254 0.000004 0.000007 0.000003 -0.618820 -2.224046 1.556317 0.000001 0.000005 -0.000003 -1.139799 -3.541367 2.553548 0.000003 -0.000006 0.000004 -0.000001 0.000001 -0.000002 -0.095714 19.149414 -0.872781 0.000005 0.000000 -0.000001 -16.249172 -1.457004 -3.766133 -9.441823 11.800298 -41.020303 -18.689991 -21.493019 1.212273 -0.000004 0.000003 -0.000002 -9.161703 -14.016010 17.244196 0.000007 0.000003 0.000001 -5.669896 -4.448005 3.162404 -5.487397 -15.810124 2.484443 -1.150696 -3.013505 -0.086801 0.000001 -0.000004 0.000002 0.431400 -1.930600 -0.420892 -0.000000 0.000003 -0.000001 0.864994 -1.558777 -0.501393 -0.000001 -0.000003 -0.000003 -4.894715 -4.487008 4.992406 -0.000001 0.000004 0.000007 -1.614416 -4.026494 0.464405 -0.000000 -0.000006 -0.000000 0.881406 -2.472398 -0.680002 1.881197 -0.272084 3.636768 0.983000 -1.727604 -0.664410 -0.000001 0.000008 0.000002 -3.976707 -4.405017 6.378000 -0.000007 0.000003 0.000007 -1.576296 -4.641006 1.506198 0.000004 -0.000001 0.000003 0.565402 -2.735088 -0.446302 8.181200 0.855301 9.176812 0.577900 -2.212813 -0.468598 -0.000001 -0.000001 -0.000000 -2.165817 -4.996992 7.896709 -0.000005 -0.000011 0.000004 -1.106996 -3.866782 1.244102 0.000000 -0.000001 0.000001 0.165893 -2.495202 -0.257398 -0.000000 0.000002 0.000003 0.419298 -2.359513 -0.559609 -0.000001 -0.000001 0.000001 0.668792 -1.716005 3.232306 -0.000001 -0.000005 0.000002 0.618804 -2.224002 1.556289 -0.000000 -0.000001 -0.000004 1.139802 -3.541102 2.553511 5.957611 -8.841366 -13.892500 -0.589998 -2.627702 1.193706 -0.000002 -0.000003 -0.000004 8.610315 -5.345805 -1.147063 -100.704173 -0.000644 -0.002208 108.558009 -0.001704 -0.003049 -6.724355 -0.000286 0.000296 1.194452 -7.224802 11.745975 -0.000003 -0.000001 0.000000 0.749603 -1.684399 6.380374 0.000002 0.000000 -0.000000 -8.610320 -5.345827 -1.147061 -18.715401 0.000000 -0.000000 -1.467480 -41.307808 -0.215582 110.543285 0.000000 -0.000000 -1.465900 -41.266689 -3.033068 37.335385 0.000000 0.000000 -1.194488 -7.224801 11.746427 -0.000003 -0.000000 0.000000 -0.749617 -1.684396 6.379956 0.000000 0.000000 0.000000 
0.000000 49.403900 -1.590447 -0.000000 0.000000 -0.000000 -0.000000 5.822938 0.122296 10.102212 -25.549948 4.394149 6.934464 0.000001 -0.000000 0.000001 -0.000003 0.000001 -0.000000 25.104670 -1.532954 -0.371634 -18.275829 -2.310090 0.000001 12.653503 1.544393 0.000002 -36.794844 -0.000000 -3.330332 3.459625 8.674032 -0.000001 0.000003 0.000006 3.330323 3.459809 8.674031 -0.000001 -0.000002 0.000001 -0.000003 -0.763519 1.289540 0.000005 0.000001 -0.000001 0.000002 6.326767 0.772194 0.000002 0.000002 -0.000001 0.095714 19.149216 -0.872779 0.000001 -0.000003 0.000001 16.249262 -1.457202 -3.766122 -1.464720 -6.770257 -24.388872 0.000006 -0.000002 0.000002 0.000000 0.000000 0.000004 5.669902 -4.448129 3.162336 -0.000003 -0.000005 0.000004 -0.000002 0.000000 0.000001 -0.000002 0.000000 -0.000001 0.000001 -0.000001 -0.000004 4.894719 -4.487231 4.992389 0.000000 -0.000007 -0.000004 -0.000004 -0.000002 -0.000006 0.000003 -0.000003 0.000004 -0.000002 0.000001 -0.000001 3.976714 -4.405056 6.377938 -0.000003 0.000002 -0.000004 0.000003 -0.000006 -0.000003 -0.000003 -0.000010 -0.000003 -0.000005 0.000005 0.000002 2.165854 -4.997840 7.896618 -0.000000 0.000005 -0.000007 -0.000003 0.000008 0.000000 0.000000 -0.000001 -0.000005 0.000000 -0.000004 0.000001 -0.668803 -1.716149 3.232254 0.000004 0.000007 0.000003 -0.618820 -2.224046 1.556317 0.000001 0.000005 -0.000003 -1.139799 -3.541367 2.553548 0.000003 -0.000006 0.000004 -0.000001 0.000001 -0.000002 -0.095714 19.149414 -0.872781 0.000005 0.000000 -0.000001 -16.249172 -1.457004 -3.766133 -9.441823 11.800298 -41.020303 -18.689991 -21.493019 1.212273 -0.000004 0.000003 -0.000002 -9.161703 -14.016010 17.244196 0.000007 0.000003 0.000001 -5.669897 -4.448009 3.162404 -4.187120 -11.932563 2.009512 -1.150700 -3.013491 -0.086801 -0.000001 -0.000006 -0.000003 0.431401 -1.930594 -0.420899 0.000001 0.000002 -0.000000 0.864996 -1.558817 -0.501398 0.000000 -0.000003 -0.000006 -4.894715 -4.487008 4.992406 -0.000001 0.000004 0.000007 -1.614416 -4.026494 0.464405 -0.000000 -0.000006 -0.000000 0.881407 -2.472410 -0.680002 1.421949 -0.216885 2.751104 0.983007 -1.727628 -0.664405 -0.000001 0.000005 0.000002 -3.976707 -4.405017 6.378000 -0.000007 0.000003 0.000007 -1.576296 -4.641006 1.506198 0.000004 -0.000001 0.000003 0.565403 -2.735089 -0.446302 6.202115 0.526416 6.953594 0.577902 -2.212806 -0.468589 0.000001 -0.000001 0.000001 -2.165817 -4.996992 7.896709 -0.000005 -0.000011 0.000004 -1.106996 -3.866782 1.244102 0.000000 -0.000001 0.000001 0.165893 -2.495202 -0.257398 -0.000000 0.000002 0.000003 0.419298 -2.359513 -0.559609 -0.000001 -0.000001 0.000001 0.668792 -1.716005 3.232306 -0.000001 -0.000005 0.000002 0.618804 -2.224002 1.556289 -0.000000 -0.000001 -0.000004 1.139807 -3.541105 2.553512 4.696977 -6.555531 -10.568129 -0.590001 -2.627709 1.193707 0.000001 -0.000001 0.000000 8.610315 -5.345805 -1.147063 -100.704173 -0.000644 -0.002208 108.558009 -0.001704 -0.003049 -6.724355 -0.000286 0.000296 1.194452 -7.224802 11.745975 -0.000003 -0.000001 0.000000 0.749603 -1.684399 6.380374 0.000002 0.000000 -0.000000 -8.610320 -5.345827 -1.147061 -18.715401 0.000000 -0.000000 -1.467480 -41.307808 -0.215582 110.543285 0.000000 -0.000000 -1.465900 -41.266689 -3.033068 37.335385 0.000000 0.000000 -1.194488 -7.224801 11.746427 -0.000003 -0.000000 0.000000 -0.749617 -1.684396 6.379956 0.000000 0.000000 0.000000 
0.000000 49.403900 -1.590447 -0.000000 0.000000 -0.000000 -0.000000 5.822938 0.122296 10.102212 -25.549948 4.394149 6.934464 0.000001 -0.000000 0.000001 -0.000003 0.000001 -0.000000 25.104670 -1.532954 -0.371634 -18.275829 -2.310090 0.000001 12.653503 1.544393 0.000002 -36.794844 -0.000000 -3.330332 3.459625 8.674032 -0.000001 0.000003 0.000006 3.330323 3.459809 8.674031 -0.000001 -0.000002 0.000001 -0.000003 -0.763519 1.289540 0.000005 0.000001 -0.000001 0.000002 6.326767 0.772194 0.000002 0.000002 -0.000001 0.095714 19.149216 -0.872779 0.000001 -0.000003 0.000001 16.249262 -1.457202 -3.766122 -1.464720 -6.770257 -24.388872 0.000006 -0.000002 0.000002 0.000000 0.000000 0.000004 5.669902 -4.448129 3.162336 -0.000003 -0.000005 0.000004 -0.000002 0.000000 0.000001 -0.000002 0.000000 -0.000001 0.000001 -0.000001 -0.000004 4.894719 -4.487231 4.992389 0.000000 -0.000007 -0.000004 -0.000004 -0.000002 -0.000006 0.000003 -0.000003 0.000004 -0.000002 0.000001 -0.000001 3.976714 -4.405056 6.377938 -0.000003 0.000002 -0.000004 0.000003 -0.000006 -0.000003 -0.000003 -0.000010 -0.000003 -0.000005 0.000005 0.000002 2.165854 -4.997840 7.896618 -0.000000 0.000005 -0.000007 -0.000003 0.000008 0.000000 0.000000 -0.000001 -0.000005 0.000000 -0.000004 0.000001 -0.668803 -1.716149 3.232254 0.000004 0.000007 0.000003 -0.618820 -2.224046 1.556317 0.000001 0.000005 -0.000003 -1.139799 -3.541367 2.553548 0.000003 -0.000006 0.000004 -0.000001 0.000001 -0.000002 -0.095714 19.149414 -0.872781 0.000005 0.000000 -0.000001 -16.249172 -1.457004 -3.766133 -9.441823 11.800298 -41.020303 -18.689991 -21.493019 1.212273 -0.000004 0.000003 -0.000002 -9.161703 -14.016010 17.244196 0.000007 0.000003 0.000001 -5.669899 -4.448005 3.162404 -2.869863 -8.066540 1.451518 -1.150691 -3.013503 -0.086801 -0.000003 -0.000002 0.000004 0.431405 -1.930592 -0.420899 0.000003 0.000003 0.000002 0.865009 -1.558793 -0.501396 -0.000001 -0.000005 -0.000003 -4.894715 -4.487008 4.992406 -0.000001 0.000004 0.000007 -1.614416 -4.026494 0.464405 -0.000000 -0.000006 -0.000000 0.881410 -2.472394 -0.680002 0.963612 -0.154597 1.865914 0.982996 -1.727618 -0.664397 -0.000003 0.000006 0.000004 -3.976707 -4.405017 6.378000 -0.000007 0.000003 0.000007 -1.576296 -4.641006 1.506198 0.000004 -0.000001 0.000003 0.565402 -2.735085 -0.446305 4.211836 0.274717 4.720428 0.577897 -2.212807 -0.468587 0.000002 0.000001 -0.000003 -2.165817 -4.996992 7.896709 -0.000005 -0.000011 0.000004 -1.106996 -3.866782 1.244102 0.000000 -0.000001 0.000001 0.165893 -2.495202 -0.257398 -0.000000 0.000002 0.000003 0.419298 -2.359513 -0.559609 -0.000001 -0.000001 0.000001 0.668792 -1.716005 3.232306 -0.000001 -0.000005 0.000002 0.618804 -2.224002 1.556289 -0.000000 -0.000001 -0.000004 1.139809 -3.541101 2.553511 3.310271 -4.346419 -7.206601 -0.589992 -2.627716 1.193709 -0.000002 -0.000001 -0.000000 8.610315 -5.345805 -1.147063 -100.704173 -0.000644 -0.002208 108.558009 -0.001704 -0.003049 -6.724355 -0.000286 0.000296 1.194452 -7.224802 11.745975 -0.000003 -0.000001 0.000000 0.749603 -1.684399 6.380374 0.000002 0.000000 -0.000000 -8.610320 -5.345827 -1.147061 -18.715401 0.000000 -0.000000 -1.467480 -41.307808 -0.215582 110.543285 0.000000 -0.000000 -1.465900 -41.266689 -3.033068 37.335385 0.000000 0.000000 -1.194488 -7.224801 11.746427 -0.000003 -0.000000 0.000000 -0.749617 -1.684396 6.379956 0.000000 0.000000 0.000000 
0.000000 49.403900 -1.590447 -0.000000 0.000000 -0.000000 -0.000000 5.822938 0.122296 10.102212 -25.549948 4.394149 6.934464 0.000001 -0.000000 0.000001 -0.000003 0.000001 -0.000000 25.104670 -1.532954 -0.371634 -18.275829 -2.310090 0.000001 12.653503 1.544393 0.000002 -36.794844 -0.000000 -3.330332 3.459625 8.674032 -0.000001 0.000003 0.000006 3.330323 3.459809 8.674031 -0.000001 -0.000002 0.000001 -0.000003 -0.763519 1.289540 0.000005 0.000001 -0.000001 0.000002 6.326767 0.772194 0.000002 0.000002 -0.000001 0.095714 19.149216 -0.872779 0.000001 -0.000003 0.000001 16.249262 -1.457202 -3.766122 -1.464720 -6.770257 -24.388872 0.000006 -0.000002 0.000002 0.000000 0.000000 0.000004 5.669902 -4.448129 3.162336 -0.000003 -0.000005 0.000004 -0.000002 0.000000 0.000001 -0.000002 0.000000 -0.000001 0.000001 -0.000001 -0.000004 4.894719 -4.487231 4.992389 0.000000 -0.000007 -0.000004 -0.000004 -0.000002 -0.000006 0.000003 -0.000003 0.000004 -0.000002 0.000001 -0.000001 3.976714 -4.405056 6.377938 -0.000003 0.000002 -0.000004 0.000003 -0.000006 -0.000003 -0.000003 -0.000010 -0.000003 -0.000005 0.000005 0.000002 2.165854 -4.997840 7.896618 -0.000000 0.000005 -0.000007 -0.000003 0.000008 0.000000 0.000000 -0.000001 -0.000005 0.000000 -0.000004 0.000001 -0.668803 -1.716149 3.232254 0.000004 0.000007 0.000003 -0.618820 -2.224046 1.556317 0.000001 0.000005 -0.000003 -1.139799 -3.541367 2.553548 0.000003 -0.000006 0.000004 -0.000001 0.000001 -0.000002 -0.095714 19.149414 -0.872781 0.000005 0.000000 -0.000001 -16.249172 -1.457004 -3.766133 -9.441823 11.800298 -41.020303 -18.689991 -21.493019 1.212273 -0.000004 0.000003 -0.000002 -9.161703 -14.016010 17.244196 0.000007 0.000003 0.000001 -5.669901 -4.448008 3.162402 -1.686891 -4.673297 0.889958 -1.150685 -3.013497 -0.086803 -0.000002 -0.000004 -0.000000 0.431406 -1.930584 -0.420897 0.000007 0.000001 -0.000003 0.864996 -1.558794 -0.501397 0.000000 -0.000003 -0.000006 -4.894715 -4.487008 4.992406 -0.000001 0.000004 0.000007 -1.614416 -4.026494 0.464405 -0.000000 -0.000006 -0.000000 0.881407 -2.472404 -0.680002 0.559915 -0.093744 1.085068 0.983004 -1.727617 -0.664398 -0.000004 0.000004 0.000004 -3.976707 -4.405017 6.378000 -0.000007 0.000003 0.000007 -1.576296 -4.641006 1.506198 0.000004 -0.000001 0.000003 0.565402 -2.735087 -0.446302 2.450175 0.117392 2.745396 0.577886 -2.212808 -0.468594 0.000001 0.000003 -0.000000 -2.165817 -4.996992 7.896709 -0.000005 -0.000011 0.000004 -1.106996 -3.866782 1.244102 0.000000 -0.000001 0.000001 0.165893 -2.495202 -0.257398 -0.000000 0.000002 0.000003 0.419298 -2.359513 -0.559609 -0.000001 -0.000001 0.000001 0.668792 -1.716005 3.232306 -0.000001 -0.000005 0.000002 0.618804 -2.224002 1.556289 -0.000000 -0.000001 -0.000004 1.139802 -3.541105 2.553513 1.986489 -2.471786 -4.209850 -0.589992 -2.627707 1.193711 -0.000001 0.000002 0.000005 8.610315 -5.345805 -1.147063 -100.704173 -0.000644 -0.002208 108.558009 -0.001704 -0.003049 -6.724355 -0.000286 0.000296 1.194452 -7.224802 11.745975 -0.000003 -0.000001 0.000000 0.749603 -1.684399 6.380374 0.000002 0.000000 -0.000000 -8.610320 -5.345827 -1.147061 -18.715401 0.000000 -0.000000 -1.467480 -41.307808 -0.215582 110.543285 0.000000 -0.000000 -1.465900 -41.266689 -3.033068 37.335385 0.000000 0.000000 -1.194488 -7.224801 11.746427 -0.000003 -0.000000 0.000000 -0.749617 -1.684396 6.379956 0.000000 0.000000 0.000000 
0.000000 49.403900 -1.590447 -0.000000 0.000000 -0.000000 -0.000000 5.822938 0.122296 10.102212 -25.549948 4.394149 6.934464 0.000001 -0.000000 0.000001 -0.000003 0.000001 -0.000000 25.104670 -1.532954 -0.371634 -18.275829 -2.310090 0.000001 12.653503 1.544393 0.000002 -36.794844 -0.000000 -3.330332 3.459625 8.674032 -0.000001 0.000003 0.000006 3.330323 3.459809 8.674031 -0.000001 -0.000002 0.000001 -0.000003 -0.763519 1.289540 0.000005 0.000001 -0.000001 0.000002 6.326767 0.772194 0.000002 0.000002 -0.000001 0.095714 19.149216 -0.872779 0.000001 -0.000003 0.000001 16.249262 -1.457202 -3.766122 -1.464720 -6.770257 -24.388872 0.000006 -0.000002 0.000002 0.000000 0.000000 0.000004 5.669902 -4.448129 3.162336 -0.000003 -0.000005 0.000004 -0.000002 0.000000 0.000001 -0.000002 0.000000 -0.000001 0.000001 -0.000001 -0.000004 4.894719 -4.487231 4.992389 0.000000 -0.000007 -0.000004 -0.000004 -0.000002 -0.000006 0.000003 -0.000003 0.000004 -0.000002 0.000001 -0.000001 3.976714 -4.405056 6.377938 -0.000003 0.000002 -0.000004 0.000003 -0.000006 -0.000003 -0.000003 -0.000010 -0.000003 -0.000005 0.000005 0.000002 2.165854 -4.997840 7.896618 -0.000000 0.000005 -0.000007 -0.000003 0.000008 0.000000 0.000000 -0.000001 -0.000005 0.000000 -0.000004 0.000001 -0.668803 -1.716149 3.232254 0.000004 0.000007 0.000003 -0.618820 -2.224046 1.556317 0.000001 0.000005 -0.000003 -1.139799 -3.541367 2.553548 0.000003 -0.000006 0.000004 -0.000001 0.000001 -0.000002 -0.095714 19.149414 -0.872781 0.000005 0.000000 -0.000001 -16.249172 -1.457004 -3.766133 -9.441823 11.800298 -41.020303 -18.689991 -21.493019 1.212273 -0.000004 0.000003 -0.000002 -9.161703 -14.016010 17.244196 0.000007 0.000003 0.000001 -5.669900 -4.448010 3.162405 -0.766376 -2.096777 0.416610 -1.150703 -3.013505 -0.086800 -0.000001 -0.000005 -0.000001 0.431408 -1.930588 -0.420897 0.000001 0.000005 -0.000001 0.865015 -1.558783 -0.501397 -0.000000 -0.000001 0.000001 -4.894715 -4.487008 4.992406 -0.000001 0.000004 0.000007 -1.614416 -4.026494 0.464405 -0.000000 -0.000006 -0.000000 0.881403 -2.472405 -0.680000 0.251914 -0.043525 0.488497 0.983007 -1.727611 -0.664410 -0.000002 0.000009 0.000007 -3.976707 -4.405017 6.378000 -0.000007 0.000003 0.000007 -1.576296 -4.641006 1.506198 0.000004 -0.000001 0.000003 0.565398 -2.735082 -0.446301 1.102862 0.038278 1.235592 0.577899 -2.212801 -0.468604 0.000000 -0.000005 -0.000000 -2.165817 -4.996992 7.896709 -0.000005 -0.000011 0.000004 -1.106996 -3.866782 1.244102 0.000000 -0.000001 0.000001 0.165893 -2.495202 -0.257398 -0.000000 0.000002 0.000003 0.419298 -2.359513 -0.559609 -0.000001 -0.000001 0.000001 0.668792 -1.716005 3.232306 -0.000001 -0.000005 0.000002 0.618804 -2.224002 1.556289 -0.000000 -0.000001 -0.000004 1.139809 -3.541105 2.553514 0.914710 -1.092402 -1.901496 -0.589996 -2.627706 1.193714 -0.000003 -0.000004 0.000001 8.610315 -5.345805 -1.147063 -100.704173 -0.000644 -0.002208 108.558009 -0.001704 -0.003049 -6.724355 -0.000286 0.000296 1.194452 -7.224802 11.745975 -0.000003 -0.000001 0.000000 0.749603 -1.684399 6.380374 0.000002 0.000000 -0.000000 -8.610320 -5.345827 -1.147061 -18.715401 0.000000 -0.000000 -1.467480 -41.307808 -0.215582 110.543285 0.000000 -0.000000 -1.465900 -41.266689 -3.033068 37.335385 0.000000 0.000000 -1.194488 -7.224801 11.746427 -0.000003 -0.000000 0.000000 -0.749617 -1.684396 6.379956 0.000000 0.000000 0.000000 
0.000000 49.403900 -1.590447 -0.000000 0.000000 -0.000000 -0.000000 5.822938 0.122296 10.102212 -25.549948 4.394149 6.934464 0.000001 -0.000000 0.000001 -0.000003 0.000001 -0.000000 25.104670 -1.532954 -0.371634 -18.275829 -2.310090 0.000001 12.653503 1.544393 0.000002 -36.794844 -0.000000 -3.330332 3.459625 8.674032 -0.000001 0.000003 0.000006 3.330323 3.459809 8.674031 -0.000001 -0.000002 0.000001 -0.000003 -0.763519 1.289540 0.000005 0.000001 -0.000001 0.000002 6.326767 0.772194 0.000002 0.000002 -0.000001 0.095714 19.149216 -0.872779 0.000001 -0.000003 0.000001 16.249262 -1.457202 -3.766122 -1.464720 -6.770257 -24.388872 0.000006 -0.000002 0.000002 0.000000 0.000000 0.000004 5.669902 -4.448129 3.162336 -0.000003 -0.000005 0.000004 -0.000002 0.000000 0.000001 -0.000002 0.000000 -0.000001 0.000001 -0.000001 -0.000004 4.894719 -4.487231 4.992389 0.000000 -0.000007 -0.000004 -0.000004 -0.000002 -0.000006 0.000003 -0.000003 0.000004 -0.000002 0.000001 -0.000001 3.976714 -4.405056 6.377938 -0.000003 0.000002 -0.000004 0.000003 -0.000006 -0.000003 -0.000003 -0.000010 -0.000003 -0.000005 0.000005 0.000002 2.165854 -4.997840 7.896618 -0.000000 0.000005 -0.000007 -0.000003 0.000008 0.000000 0.000000 -0.000001 -0.000005 0.000000 -0.000004 0.000001 -0.668803 -1.716149 3.232254 0.000004 0.000007 0.000003 -0.618820 -2.224046 1.556317 0.000001 0.000005 -0.000003 -1.139799 -3.541367 2.553548 0.000003 -0.000006 0.000004 -0.000001 0.000001 -0.000002 -0.095714 19.149414 -0.872781 0.000005 0.000000 -0.000001 -16.249172 -1.457004 -3.766133 -9.441823 11.800298 -41.020303 -18.689991 -21.493019 1.212273 -0.000004 0.000003 -0.000002 -9.161703 -14.016010 17.244196 0.000007 0.000003 0.000001 -5.669895 -4.448011 3.162403 -0.192235 -0.521603 0.106352 -1.150689 -3.013494 -0.086801 -0.000004 -0.000004 0.000002 0.431408 -1.930596 -0.420898 0.000003 0.000003 -0.000002 0.865009 -1.558799 -0.501398 0.000000 -0.000002 -0.000003 -4.894715 -4.487008 4.992406 -0.000001 0.000004 0.000007 -1.614416 -4.026494 0.464405 -0.000000 -0.000006 -0.000000 0.881404 -2.472403 -0.680006 0.062790 -0.011052 0.121797 0.982996 -1.727622 -0.664401 -0.000001 0.000009 0.000002 -3.976707 -4.405017 6.378000 -0.000007 0.000003 0.000007 -1.576296 -4.641006 1.506198 0.000004 -0.000001 0.000003 0.565402 -2.735093 -0.446303 0.274904 0.007315 0.307975 0.577909 -2.212807 -0.468589 0.000001 -0.000003 0.000003 -2.165817 -4.996992 7.896709 -0.000005 -0.000011 0.000004 -1.106996 -3.866782 1.244102 0.000000 -0.000001 0.000001 0.165893 -2.495202 -0.257398 -0.000000 0.000002 0.000003 0.419298 -2.359513 -0.559609 -0.000001 -0.000001 0.000001 0.668792 -1.716005 3.232306 -0.000001 -0.000005 0.000002 0.618804 -2.224002 1.556289 -0.000000 -0.000001 -0.000004 1.139810 -3.541115 2.553515 0.231119 -0.269129 -0.475040 -0.590003 -2.627699 1.193705 -0.000003 -0.000000 -0.000000 8.610315 -5.345805 -1.147063 -100.704173 -0.000644 -0.002208 108.558009 -0.001704 -0.003049 -6.724355 -0.000286 0.000296 1.194452 -7.224802 11.745975 -0.000003 -0.000001 0.000000 0.749603 -1.684399 6.380374 0.000002 0.000000 -0.000000 -8.610320 -5.345827 -1.147061 -18.715401 0.000000 -0.000000 -1.467480 -41.307808 -0.215582 110.543285 0.000000 -0.000000 -1.465900 -41.266689 -3.033068 37.335385 0.000000 0.000000 -1.194488 -7.224801 11.746427 -0.000003 -0.000000 0.000000 -0.749617 -1.684396 6.379956 0.000000 0.000000 0.000000 
0.000000 49.403900 -1.590447 -0.000000 0.000000 -0.000000 -0.000000 5.822938 0.122296 10.102212 -25.549948 4.394149 6.934464 0.000001 -0.000000 0.000001 -0.000003 0.000001 -0.000000 25.104670 -1.532954 -0.371634 -18.275829 -2.310090 0.000001 12.653503 1.544393 0.000002 -36.794844 -0.000000 -3.330332 3.459625 8.674032 -0.000001 0.000003 0.000006 3.330323 3.459809 8.674031 -0.000001 -0.000002 0.000001 -0.000003 -0.763519 1.289540 0.000005 0.000001 -0.000001 0.000002 6.326767 0.772194 0.000002 0.000002 -0.000001 0.095714 19.149216 -0.872779 0.000001 -0.000003 0.000001 16.249262 -1.457202 -3.766122 -1.464720 -6.770257 -24.388872 0.000006 -0.000002 0.000002 0.000000 0.000000 0.000004 5.669902 -4.448129 3.162336 -0.000003 -0.000005 0.000004 -0.000002 0.000000 0.000001 -0.000002 0.000000 -0.000001 0.000001 -0.000001 -0.000004 4.894719 -4.487231 4.992389 0.000000 -0.000007 -0.000004 -0.000004 -0.000002 -0.000006 0.000003 -0.000003 0.000004 -0.000002 0.000001 -0.000001 3.976714 -4.405056 6.377938 -0.000003 0.000002 -0.000004 0.000003 -0.000006 -0.000003 -0.000003 -0.000010 -0.000003 -0.000005 0.000005 0.000002 2.165854 -4.997840 7.896618 -0.000000 0.000005 -0.000007 -0.000003 0.000008 0.000000 0.000000 -0.000001 -0.000005 0.000000 -0.000004 0.000001 -0.668803 -1.716149 3.232254 0.000004 0.000007 0.000003 -0.618820 -2.224046 1.556317 0.000001 0.000005 -0.000003 -1.139799 -3.541367 2.553548 0.000003 -0.000006 0.000004 -0.000001 0.000001 -0.000002 -0.095714 19.149414 -0.872781 0.000005 0.000000 -0.000001 -16.249172 -1.457004 -3.766133 -9.441823 11.800298 -41.020303 -18.689991 -21.493019 1.212273 -0.000004 0.000003 -0.000002 -9.161703 -14.016010 17.244196 0.000007 0.000003 0.000001 -5.669896 -4.447999 3.162401 -0.000006 -0.000001 0.000003 -1.150686 -3.013510 -0.086805 0.000001 -0.000007 -0.000002 0.431401 -1.930594 -0.420895 0.000003 0.000002 -0.000000 0.865005 -1.558811 -0.501394 -0.000000 -0.000003 -0.000003 -4.894715 -4.487008 4.992406 -0.000001 0.000004 0.000007 -1.614416 -4.026494 0.464405 -0.000000 -0.000006 -0.000000 0.881409 -2.472409 -0.680004 0.000003 0.000003 -0.000004 0.983002 -1.727627 -0.664399 -0.000003 0.000007 0.000006 -3.976707 -4.405017 6.378000 -0.000007 0.000003 0.000007 -1.576296 -4.641006 1.506198 0.000004 -0.000001 0.000003 0.565400 -2.735082 -0.446304 -0.000004 -0.000000 0.000004 0.577897 -2.212808 -0.468592 -0.000000 -0.000002 -0.000004 -2.165817 -4.996992 7.896709 -0.000005 -0.000011 0.000004 -1.106996 -3.866782 1.244102 0.000000 -0.000001 0.000001 0.165893 -2.495202 -0.257398 -0.000000 0.000002 0.000003 0.419298 -2.359513 -0.559609 -0.000001 -0.000001 0.000001 0.668792 -1.716005 3.232306 -0.000001 -0.000005 0.000002 0.618804 -2.224002 1.556289 -0.000000 -0.000001 -0.000004 1.139811 -3.541112 2.553513 -0.000000 0.000006 -0.000003 -0.589988 -2.627689 1.193707 -0.000004 -0.000001 -0.000000 8.610315 -5.345805 -1.147063 -100.704173 -0.000644 -0.002208 108.558009 -0.001704 -0.003049 -6.724355 -0.000286 0.000296 1.194452 -7.224802 11.745975 -0.000003 -0.000001 0.000000 0.749603 -1.684399 6.380374 0.000002 0.000000 -0.000000 -8.610320 -5.345827 -1.147061 -18.715401 0.000000 -0.000000 -1.467480 -41.307808 -0.215582 110.543285 0.000000 -0.000000 -1.465900 -41.266689 -3.033068 37.335385 0.000000 0.000000 -1.194488 -7.224801 11.746427 -0.000003 -0.000000 0.000000 -0.749617 -1.684396 6.379956 0.000000 0.000000 0.000000 
0.000000 49.403900 -1.590447 -0.000000 0.000000 -0.000000 0.000000 5.822938 0.122296 10.096959 -25.488171 4.381956 6.934464 0.000001 -0.000000 0.000000 -0.000001 0.000000 -0.000001 25.104652 -1.532955 -0.369748 -18.231390 -2.304072 0.000003 12.653503 1.544391 0.000001 -36.706465 0.000001 -3.330331 3.459640 8.674031 0.000000 0.000003 0.000005 3.330327 3.459824 8.674031 0.000000 -0.000002 0.000000 0.000002 -0.763519 1.289531 0.000003 -0.000001 -0.000000 -0.000000 6.326767 0.772194 -0.000000 0.000000 -0.000000 0.095713 19.149216 -0.872781 -0.000001 -0.000000 0.000000 16.249264 -1.457223 -3.766124 -1.464720 -6.770264 -24.388869 0.000001 0.000004 0.000004 0.000006 -0.000003 0.000002 5.669906 -4.448129 3.162336 -0.000005 0.000000 0.000005 0.000001 0.000007 -0.000004 0.000002 -0.000001 -0.000003 -0.000000 0.000001 -0.000001 4.894719 -4.487236 4.992390 -0.000003 -0.000005 -0.000003 -0.000002 0.000004 -0.000004 0.000003 -0.000003 0.000002 0.000000 0.000000 0.000000 3.976711 -4.405063 6.377936 -0.000003 0.000003 -0.000004 0.000001 -0.000003 -0.000002 0.000000 0.000001 -0.000003 -0.000001 0.000004 -0.000001 2.165848 -4.997848 7.896621 -0.000000 0.000007 -0.000005 -0.000002 0.000005 -0.000001 -0.000003 0.000003 -0.000003 0.000004 -0.000003 0.000001 -0.668814 -1.716158 3.232257 0.000002 0.000009 0.000003 -0.618828 -2.224029 1.556317 -0.000003 0.000001 0.000002 -1.139794 -3.541364 2.553543 0.000004 -0.000008 0.000003 -0.000002 0.000004 -0.000001 -0.095715 19.149414 -0.872783 0.000004 -0.000002 0.000000 -16.249195 -1.456996 -3.766126 -9.493881 12.349961 -40.937084 -18.689987 -21.493011 1.212280 -0.000003 0.000004 -0.000002 -9.161709 -14.015995 17.244196 0.000004 -0.000003 -0.000000 -5.669901 -4.447998 3.162394 -0.000004 -0.000001 0.000001 -1.150694 -3.013498 -0.086799 -0.000001 -0.000005 -0.000002 0.431402 -1.930592 -0.420901 0.000002 0.000003 0.000002 0.865001 -1.558799 -0.501397 -0.000000 -0.000001 -0.000004 -4.894718 -4.487020 4.992401 0.000003 0.000007 0.000001 -1.614396 -4.026490 0.464399 0.000002 -0.000004 -0.000000 0.881403 -2.472408 -0.679998 -0.000000 0.000002 -0.000006 0.983002 -1.727607 -0.664407 -0.000003 0.000007 0.000006 -3.976704 -4.405014 6.377999 -0.000002 0.000000 -0.000002 -1.576298 -4.640997 1.506198 0.000006 -0.000004 -0.000003 0.565395 -2.735097 -0.446299 -0.000001 0.000001 0.000007 0.577904 -2.212805 -0.468592 -0.000001 -0.000003 0.000004 -2.165804 -4.996990 7.896698 -0.000003 -0.000006 -0.000002 -1.107009 -3.866778 1.244098 -0.000003 -0.000002 -0.000001 0.165897 -2.495186 -0.257407 0.000003 -0.000005 0.000004 0.419300 -2.359505 -0.559599 -0.000001 0.000000 -0.000004 0.668800 -1.716006 3.232305 -0.000001 0.000000 -0.000000 0.618792 -2.224018 1.556292 -0.000003 -0.000002 -0.000002 1.139794 -3.541100 2.553506 -0.000003 0.000007 -0.000003 -0.589997 -2.627699 1.193707 -0.000001 0.000003 -0.000006 8.610315 -5.345805 -1.147063 -100.704173 -0.000644 -0.002208 108.558009 -0.001704 -0.003049 -6.724355 -0.000286 0.000296 1.194452 -7.224802 11.745975 -0.000003 -0.000001 0.000000 0.749603 -1.684399 6.380374 0.000002 0.000000 -0.000000 -8.610320 -5.345827 -1.147061 -18.715401 0.000000 -0.000000 -1.467480 -41.307808 -0.215582 110.543285 0.000000 -0.000000 -1.465900 -41.266689 -3.033068 37.335385 0.000000 0.000000 -1.194488 -7.224801 11.746427 -0.000003 -0.000000 0.000000 -0.749617 -1.684396 6.379956 0.000000 0.000000 0.000000 
0.000000 49.403900 -1.590447 -0.000000 0.000000 -0.000000 0.000000 5.822938 0.122296 10.081203 -25.301643 4.345217 6.934464 -0.000001 0.000001 -0.000000 0.000001 -0.000000 -0.000001 25.104645 -1.532953 -0.364090 -18.097232 -2.285922 -0.000001 12.653488 1.544385 0.000005 -36.439571 0.000000 -3.330334 3.459625 8.674034 0.000000 0.000003 0.000007 3.330324 3.459808 8.674032 -0.000000 -0.000003 0.000002 -0.000006 -0.763535 1.289540 0.000005 -0.000001 0.000002 -0.000002 6.326767 0.772188 0.000000 -0.000002 0.000000 0.095713 19.149231 -0.872778 0.000001 0.000003 0.000000 16.249254 -1.457216 -3.766127 -1.464721 -6.770253 -24.388871 0.000000 -0.000000 0.000004 0.000006 -0.000005 0.000003 5.669899 -4.448125 3.162332 -0.000002 0.000000 0.000006 0.000003 0.000005 0.000000 -0.000001 0.000000 0.000001 -0.000002 0.000001 -0.000001 4.894719 -4.487236 4.992386 0.000001 -0.000005 -0.000003 -0.000004 0.000004 -0.000002 0.000004 -0.000005 0.000004 -0.000008 -0.000001 -0.000002 3.976710 -4.405073 6.377929 0.000000 0.000003 -0.000005 0.000004 -0.000004 -0.000001 0.000000 -0.000003 -0.000001 0.000001 0.000000 0.000000 2.165848 -4.997850 7.896613 0.000001 0.000003 -0.000004 -0.000002 0.000006 0.000001 0.000000 0.000005 -0.000006 0.000004 -0.000003 0.000003 -0.668813 -1.716152 3.232250 0.000003 0.000008 0.000002 -0.618822 -2.224045 1.556315 0.000002 0.000007 -0.000000 -1.139794 -3.541377 2.553550 0.000004 -0.000006 0.000003 0.000001 0.000005 0.000001 -0.095715 19.149414 -0.872780 0.000005 0.000002 -0.000002 -16.249191 -1.456994 -3.766133 -9.657636 14.004428 -40.658750 -18.689999 -21.492996 1.212276 -0.000004 0.000003 -0.000003 -9.161720 -14.015992 17.244198 0.000007 -0.000003 -0.000002 -5.669893 -4.447994 3.162399 -0.000003 -0.000003 0.000001 -1.150696 -3.013505 -0.086805 -0.000003 -0.000003 -0.000002 0.431413 -1.930585 -0.420896 0.000002 0.000003 0.000002 0.865014 -1.558799 -0.501404 0.000002 -0.000003 -0.000001 -4.894713 -4.487002 4.992409 -0.000001 0.000007 0.000003 -1.614392 -4.026494 0.464397 -0.000000 -0.000007 -0.000001 0.881396 -2.472416 -0.679998 -0.000000 0.000003 -0.000006 0.982993 -1.727612 -0.664398 -0.000005 0.000007 0.000004 -3.976705 -4.405003 6.378003 -0.000004 0.000002 0.000003 -1.576303 -4.641010 1.506206 0.000003 -0.000004 0.000007 0.565395 -2.735095 -0.446306 -0.000002 0.000005 0.000004 0.577912 -2.212805 -0.468590 -0.000000 -0.000003 0.000001 -2.165798 -4.996991 7.896708 -0.000001 -0.000008 0.000000 -1.106997 -3.866794 1.244091 -0.000001 0.000001 0.000004 0.165893 -2.495181 -0.257398 0.000002 -0.000000 0.000007 0.419307 -2.359503 -0.559605 0.000002 0.000003 0.000001 0.668799 -1.715998 3.232307 0.000000 -0.000002 -0.000002 0.618801 -2.224008 1.556283 -0.000002 -0.000003 -0.000003 1.139791 -3.541095 2.553511 0.000001 0.000006 -0.000002 -0.590003 -2.627698 1.193711 -0.000002 0.000003 0.000002 8.610315 -5.345805 -1.147063 -100.704173 -0.000644 -0.002208 108.558009 -0.001704 -0.003049 -6.724355 -0.000286 0.000296 1.194452 -7.224802 11.745975 -0.000003 -0.000001 0.000000 0.749603 -1.684399 6.380374 0.000002 0.000000 -0.000000 -8.610320 -5.345827 -1.147061 -18.715401 0.000000 -0.000000 -1.467480 -41.307808 -0.215582 110.543285 0.000000 -0.000000 -1.465900 -41.266689 -3.033068 37.335385 0.000000 0.000000 -1.194488 -7.224801 11.746427 -0.000003 -0.000000 0.000000 -0.749617 -1.684396 6.379956 0.000000 0.000000 0.000000 
0.000000 49.403900 -1.590447 -0.000000 0.000000 -0.000000 0.000000 5.822938 0.122296 10.055156 -24.989121 4.283917 6.934464 0.000001 -0.000000 0.000001 0.000001 -0.000000 0.000000 25.104662 -1.532954 -0.354722 -17.872510 -2.255580 0.000003 12.653519 1.544393 0.000002 -35.992184 -0.000001 -3.330331 3.459640 8.674033 0.000001 0.000002 0.000005 3.330328 3.459824 8.674034 0.000000 -0.000004 0.000000 0.000000 -0.763535 1.289542 0.000002 -0.000002 -0.000001 0.000002 6.326752 0.772195 -0.000000 0.000002 -0.000001 0.095713 19.149200 -0.872778 0.000000 0.000001 -0.000000 16.249252 -1.457216 -3.766125 -1.464718 -6.770258 -24.388874 0.000003 -0.000003 -0.000000 0.000006 -0.000002 -0.000001 5.669902 -4.448123 3.162332 -0.000000 -0.000007 0.000006 -0.000003 0.000004 -0.000002 -0.000001 -0.000001 -0.000003 0.000002 0.000001 -0.000001 4.894715 -4.487222 4.992380 0.000001 -0.000007 -0.000004 -0.000003 0.000001 -0.000007 -0.000000 -0.000003 0.000002 -0.000002 -0.000002 -0.000000 3.976714 -4.405053 6.377926 -0.000002 0.000000 -0.000004 0.000001 -0.000007 -0.000002 -0.000005 -0.000004 -0.000004 0.000002 0.000003 0.000002 2.165843 -4.997837 7.896616 0.000002 -0.000001 -0.000002 -0.000001 0.000001 0.000001 0.000001 -0.000001 -0.000005 0.000003 -0.000006 0.000001 -0.668811 -1.716155 3.232252 0.000003 0.000005 0.000003 -0.618817 -2.224046 1.556309 0.000001 0.000003 -0.000006 -1.139792 -3.541376 2.553548 0.000002 -0.000004 0.000001 0.000001 0.000003 0.000001 -0.095715 19.149414 -0.872780 0.000005 -0.000001 -0.000001 -16.249180 -1.457009 -3.766132 -9.949647 16.697256 -40.134195 -18.689985 -21.493002 1.212279 0.000001 0.000003 -0.000003 -9.161697 -14.015985 17.244192 0.000006 -0.000001 0.000002 -5.669899 -4.448003 3.162394 -0.000000 -0.000001 -0.000004 -1.150680 -3.013516 -0.086796 -0.000000 -0.000003 -0.000001 0.431402 -1.930590 -0.420897 0.000003 0.000004 0.000002 0.865004 -1.558810 -0.501400 -0.000000 -0.000001 0.000001 -4.894707 -4.486998 4.992401 -0.000000 0.000005 0.000001 -1.614410 -4.026520 0.464401 0.000000 -0.000006 0.000003 0.881413 -2.472416 -0.679996 -0.000000 0.000002 -0.000002 0.983002 -1.727616 -0.664409 -0.000000 0.000007 0.000006 -3.976708 -4.405007 6.378000 0.000002 0.000002 0.000005 -1.576302 -4.641005 1.506203 0.000005 -0.000001 -0.000000 0.565400 -2.735100 -0.446302 -0.000000 0.000007 0.000001 0.577907 -2.212799 -0.468583 0.000001 -0.000002 -0.000003 -2.165804 -4.997000 7.896703 -0.000000 -0.000006 -0.000002 -1.106995 -3.866775 1.244090 0.000002 0.000003 -0.000001 0.165895 -2.495202 -0.257412 -0.000001 -0.000003 0.000003 0.419303 -2.359504 -0.559601 0.000000 0.000001 -0.000002 0.668799 -1.716000 3.232304 0.000000 -0.000002 -0.000002 0.618816 -2.224008 1.556302 0.000004 0.000000 -0.000002 1.139802 -3.541096 2.553507 0.000002 0.000011 0.000006 -0.589994 -2.627707 1.193707 -0.000003 0.000001 -0.000001 8.610315 -5.345805 -1.147063 -100.704173 -0.000644 -0.002208 108.558009 -0.001704 -0.003049 -6.724355 -0.000286 0.000296 1.194452 -7.224802 11.745975 -0.000003 -0.000001 0.000000 0.749603 -1.684399 6.380374 0.000002 0.000000 -0.000000 -8.610320 -5.345827 -1.147061 -18.715401 0.000000 -0.000000 -1.467480 -41.307808 -0.215582 110.543285 0.000000 -0.000000 -1.465900 -41.266689 -3.033068 37.335385 0.000000 0.000000 -1.194488 -7.224801 11.746427 -0.000003 -0.000000 0.000000 -0.749617 -1.684396 6.379956 0.000000 0.000000 0.000000 
0.000000 49.403900 -1.590447 -0.000000 0.000000 -0.000000 0.000000 5.822938 0.122296 10.019307 -24.550191 4.198357 6.934464 0.000001 -0.000000 0.000000 0.000001 0.000000 0.000000 25.104681 -1.532954 -0.341802 -17.557051 -2.213116 0.000001 12.653503 1.544387 0.000004 -35.363468 0.000001 -3.330328 3.459625 8.674032 0.000001 0.000004 0.000006 3.330329 3.459808 8.674033 0.000001 -0.000002 0.000001 0.000002 -0.763535 1.289539 0.000005 0.000000 -0.000001 0.000000 6.326767 0.772190 0.000002 -0.000000 -0.000000 0.095713 19.149200 -0.872779 -0.000000 -0.000001 -0.000000 16.249252 -1.457201 -3.766121 -1.464720 -6.770256 -24.388871 -0.000004 -0.000003 0.000003 0.000003 -0.000002 0.000003 5.669905 -4.448129 3.162334 0.000001 -0.000001 0.000003 -0.000003 0.000009 0.000003 0.000000 -0.000005 -0.000000 0.000002 0.000000 0.000004 4.894719 -4.487225 4.992388 0.000003 -0.000007 -0.000004 -0.000002 0.000005 0.000003 0.000003 -0.000006 -0.000005 -0.000002 0.000002 0.000000 3.976715 -4.405073 6.377936 0.000001 -0.000004 -0.000005 0.000003 -0.000004 -0.000003 -0.000003 -0.000006 -0.000002 -0.000002 -0.000003 -0.000004 2.165859 -4.997848 7.896618 0.000001 0.000005 -0.000005 -0.000001 0.000008 0.000002 -0.000002 0.000004 -0.000004 0.000006 -0.000007 -0.000002 -0.668806 -1.716153 3.232254 -0.000000 0.000002 -0.000003 -0.618821 -2.224035 1.556317 -0.000002 0.000004 -0.000001 -1.139793 -3.541376 2.553544 0.000002 -0.000009 0.000002 0.000001 0.000003 0.000002 -0.095714 19.149414 -0.872781 0.000004 -0.000002 -0.000000 -16.249174 -1.456999 -3.766132 -10.390844 20.221675 -39.308377 -18.689993 -21.493002 1.212279 -0.000004 0.000005 -0.000007 -9.161699 -14.016002 17.244184 0.000004 -0.000001 -0.000005 -5.669890 -4.447989 3.162401 -0.000003 0.000000 -0.000003 -1.150689 -3.013506 -0.086805 -0.000002 -0.000006 -0.000003 0.431391 -1.930594 -0.420896 0.000004 0.000002 0.000004 0.864999 -1.558802 -0.501395 -0.000001 -0.000002 -0.000008 -4.894702 -4.486984 4.992404 -0.000006 0.000004 0.000000 -1.614403 -4.026473 0.464394 -0.000000 -0.000003 -0.000000 0.881406 -2.472414 -0.679994 0.000001 0.000003 -0.000009 0.983004 -1.727629 -0.664402 -0.000001 0.000009 0.000003 -3.976699 -4.405005 6.378004 -0.000002 -0.000001 0.000003 -1.576306 -4.641003 1.506201 0.000004 0.000001 0.000008 0.565405 -2.735116 -0.446294 -0.000002 0.000005 0.000005 0.577890 -2.212798 -0.468594 0.000000 -0.000001 0.000001 -2.165797 -4.996982 7.896706 -0.000005 -0.000009 -0.000002 -1.106990 -3.866786 1.244102 0.000002 -0.000001 0.000004 0.165905 -2.495187 -0.257409 0.000004 -0.000005 0.000004 0.419288 -2.359504 -0.559596 -0.000000 -0.000002 0.000002 0.668808 -1.715999 3.232308 -0.000005 -0.000000 -0.000004 0.618801 -2.223998 1.556289 0.000003 -0.000003 -0.000003 1.139796 -3.541109 2.553509 0.000002 0.000009 0.000003 -0.590005 -2.627709 1.193709 0.000000 0.000002 0.000001 8.610315 -5.345805 -1.147063 -100.704173 -0.000644 -0.002208 108.558009 -0.001704 -0.003049 -6.724355 -0.000286 0.000296 1.194452 -7.224802 11.745975 -0.000003 -0.000001 0.000000 0.749603 -1.684399 6.380374 0.000002 0.000000 -0.000000 -8.610320 -5.345827 -1.147061 -18.715401 0.000000 -0.000000 -1.467480 -41.307808 -0.215582 110.543285 0.000000 -0.000000 -1.465900 -41.266689 -3.033068 37.335385 0.000000 0.000000 -1.194488 -7.224801 11.746427 -0.000003 -0.000000 0.000000 -0.749617 -1.684396 6.379956 0.000000 0.000000 0.000000 
0.000000 49.403900 -1.590447 -0.000000 0.000000 -0.000000 0.000000 5.822938 0.122295 9.974434 -23.985558 4.089182 6.934464 0.000002 -0.000000 -0.000000 0.000000 -0.000001 -0.000000 25.104647 -1.532954 -0.325581 -17.151445 -2.158736 -0.000002 12.653503 1.544390 0.000005 -34.554023 0.000001 -3.330328 3.459640 8.674033 -0.000001 0.000003 0.000006 3.330330 3.459809 8.674032 -0.000001 -0.000002 0.000000 0.000000 -0.763519 1.289536 0.000003 0.000001 -0.000002 -0.000002 6.326767 0.772192 -0.000000 0.000001 -0.000001 0.095713 19.149231 -0.872779 0.000001 0.000002 0.000000 16.249258 -1.457208 -3.766123 -1.464720 -6.770259 -24.388869 -0.000003 -0.000002 -0.000002 0.000008 -0.000001 0.000004 5.669900 -4.448124 3.162337 -0.000001 0.000004 0.000009 0.000003 0.000005 0.000004 -0.000003 -0.000001 0.000003 0.000000 0.000004 -0.000001 4.894724 -4.487226 4.992387 -0.000000 -0.000003 -0.000001 -0.000001 -0.000001 -0.000003 0.000003 -0.000004 0.000006 -0.000008 -0.000001 -0.000002 3.976713 -4.405053 6.377935 -0.000002 0.000006 -0.000002 0.000004 -0.000000 -0.000006 -0.000003 -0.000004 -0.000003 -0.000002 0.000001 0.000003 2.165853 -4.997841 7.896616 -0.000001 0.000010 -0.000001 0.000000 0.000008 0.000001 -0.000002 0.000005 -0.000006 0.000000 -0.000004 0.000003 -0.668810 -1.716148 3.232254 0.000001 0.000007 0.000004 -0.618823 -2.224037 1.556308 -0.000001 0.000006 -0.000002 -1.139800 -3.541373 2.553546 0.000002 -0.000006 0.000001 -0.000001 0.000000 0.000001 -0.095715 19.149414 -0.872781 0.000005 0.000003 -0.000001 -16.249180 -1.456997 -3.766135 -10.997884 24.207874 -38.137843 -18.689987 -21.493011 1.212280 -0.000004 0.000004 -0.000002 -9.161701 -14.015993 17.244192 0.000005 0.000003 -0.000002 -5.669898 -4.447997 3.162406 -0.000005 -0.000001 -0.000001 -1.150691 -3.013502 -0.086801 -0.000002 -0.000006 -0.000001 0.431398 -1.930603 -0.420895 0.000002 0.000003 0.000002 0.864994 -1.558811 -0.501404 -0.000000 -0.000005 -0.000003 -4.894717 -4.487011 4.992410 -0.000000 0.000006 0.000003 -1.614391 -4.026502 0.464394 -0.000001 -0.000005 0.000001 0.881413 -2.472417 -0.680002 0.000001 0.000003 -0.000002 0.983001 -1.727612 -0.664401 -0.000003 0.000008 0.000004 -3.976693 -4.405006 6.378011 -0.000003 0.000002 -0.000004 -1.576303 -4.641004 1.506195 0.000004 -0.000001 0.000001 0.565393 -2.735096 -0.446292 -0.000002 0.000006 0.000000 0.577905 -2.212807 -0.468594 0.000003 -0.000006 0.000002 -2.165801 -4.996998 7.896712 -0.000007 -0.000011 0.000001 -1.107005 -3.866791 1.244097 -0.000003 -0.000001 0.000004 0.165896 -2.495194 -0.257400 0.000004 -0.000003 0.000000 0.419299 -2.359505 -0.559606 -0.000001 -0.000001 0.000001 0.668799 -1.716005 3.232308 -0.000003 -0.000004 -0.000000 0.618808 -2.224002 1.556289 0.000002 -0.000001 0.000000 1.139789 -3.541091 2.553511 0.000004 0.000006 -0.000001 -0.589995 -2.627708 1.193711 -0.000002 0.000001 -0.000000 8.610315 -5.345805 -1.147063 -100.704173 -0.000644 -0.002208 108.558009 -0.001704 -0.003049 -6.724355 -0.000286 0.000296 1.194452 -7.224802 11.745975 -0.000003 -0.000001 0.000000 0.749603 -1.684399 6.380374 0.000002 0.000000 -0.000000 -8.610320 -5.345827 -1.147061 -18.715401 0.000000 -0.000000 -1.467480 -41.307808 -0.215582 110.543285 0.000000 -0.000000 -1.465900 -41.266689 -3.033068 37.335385 0.000000 0.000000 -1.194488 -7.224801 11.746427 -0.000003 -0.000000 0.000000 -0.749617 -1.684396 6.379956 0.000000 0.000000 0.000000 
0.000000 49.403900 -1.590447 -0.000000 0.000000 -0.000000 -0.000000 5.822938 0.122295 9.921587 -23.297232 3.957395 6.934463 -0.000003 -0.000000 0.000001 0.000001 0.000000 -0.000000 25.104650 -1.532955 -0.306407 -16.657320 -2.092811 0.000000 12.653488 1.544393 0.000002 -33.566292 0.000001 -3.330327 3.459610 8.674032 -0.000000 0.000001 0.000007 3.330329 3.459808 8.674031 0.000000 -0.000002 0.000001 0.000003 -0.763535 1.289537 0.000003 -0.000002 -0.000001 -0.000000 6.326752 0.772198 -0.000001 -0.000001 0.000001 0.095713 19.149216 -0.872780 0.000001 0.000000 0.000000 16.249249 -1.457208 -3.766125 -1.464720 -6.770252 -24.388874 -0.000004 -0.000006 0.000002 0.000006 -0.000004 0.000004 5.669901 -4.448124 3.162336 -0.000002 -0.000003 0.000004 -0.000000 0.000000 0.000001 0.000001 -0.000003 0.000002 -0.000000 0.000002 0.000002 4.894719 -4.487225 4.992391 -0.000001 -0.000005 -0.000004 -0.000002 0.000005 -0.000004 0.000003 -0.000002 0.000006 -0.000005 -0.000001 -0.000000 3.976719 -4.405052 6.377934 -0.000002 0.000000 -0.000002 0.000003 0.000002 -0.000007 -0.000001 -0.000007 0.000000 -0.000002 0.000003 0.000003 2.165850 -4.997842 7.896619 0.000001 0.000008 -0.000002 0.000003 0.000005 0.000000 -0.000002 0.000002 -0.000001 0.000004 -0.000002 -0.000001 -0.668810 -1.716154 3.232257 -0.000001 0.000006 0.000004 -0.618826 -2.224042 1.556313 -0.000002 0.000001 -0.000005 -1.139792 -3.541378 2.553552 0.000001 -0.000004 0.000001 0.000001 0.000005 0.000002 -0.095715 19.149414 -0.872781 0.000006 -0.000001 0.000001 -16.249178 -1.457001 -3.766129 -11.767146 28.169969 -36.612611 -18.689987 -21.493013 1.212278 -0.000003 0.000003 0.000002 -9.161707 -14.016006 17.244194 -0.000001 0.000004 -0.000000 -5.669887 -4.447998 3.162400 -0.000007 -0.000005 -0.000001 -1.150697 -3.013513 -0.086798 -0.000004 -0.000002 0.000004 0.431408 -1.930586 -0.420896 0.000003 0.000003 0.000000 0.865020 -1.558797 -0.501399 -0.000000 -0.000005 -0.000005 -4.894703 -4.487011 4.992407 -0.000001 0.000002 0.000000 -1.614391 -4.026492 0.464398 0.000000 -0.000001 -0.000000 0.881415 -2.472390 -0.679997 0.000000 0.000004 -0.000006 0.982997 -1.727628 -0.664398 -0.000003 0.000004 0.000004 -3.976691 -4.405005 6.378006 -0.000001 -0.000005 -0.000002 -1.576308 -4.641004 1.506197 0.000003 -0.000004 0.000001 0.565394 -2.735111 -0.446298 -0.000003 0.000006 -0.000001 0.577893 -2.212807 -0.468599 0.000002 -0.000001 -0.000005 -2.165790 -4.996984 7.896713 -0.000003 -0.000011 -0.000000 -1.107004 -3.866782 1.244100 -0.000001 -0.000001 0.000001 0.165881 -2.495192 -0.257404 0.000004 -0.000009 0.000005 0.419295 -2.359507 -0.559604 -0.000002 -0.000002 0.000002 0.668814 -1.716006 3.232311 -0.000001 -0.000008 -0.000004 0.618809 -2.224017 1.556295 0.000002 -0.000003 -0.000005 1.139786 -3.541087 2.553511 0.000005 0.000009 0.000002 -0.589994 -2.627699 1.193707 -0.000003 -0.000003 -0.000002 8.610315 -5.345805 -1.147063 -100.704173 -0.000644 -0.002208 108.558009 -0.001704 -0.003049 -6.724355 -0.000286 0.000296 1.194452 -7.224802 11.745975 -0.000003 -0.000001 0.000000 0.749603 -1.684399 6.380374 0.000002 0.000000 -0.000000 -8.610320 -5.345827 -1.147061 -18.715401 0.000000 -0.000000 -1.467480 -41.307808 -0.215582 110.543285 0.000000 -0.000000 -1.465900 -41.266689 -3.033068 37.335385 0.000000 0.000000 -1.194488 -7.224801 11.746427 -0.000003 -0.000000 0.000000 -0.749617 -1.684396 6.379956 0.000000 0.000000 0.000000 
0.000000 49.403900 -1.590447 -0.000000 0.000000 -0.000000 -0.000000 5.822938 0.122296 9.862056 -22.488785 3.804365 6.934464 -0.000001 0.000001 -0.000000 -0.000001 0.000000 0.000000 25.104658 -1.532954 -0.284730 -16.077393 -2.015873 0.000000 12.653503 1.544393 0.000001 -32.404934 0.000001 -3.330326 3.459625 8.674031 -0.000000 0.000001 0.000005 3.330330 3.459808 8.674031 -0.000000 -0.000001 0.000000 0.000003 -0.763504 1.289536 0.000003 -0.000001 -0.000000 -0.000000 6.326752 0.772195 -0.000000 -0.000001 0.000001 0.095712 19.149216 -0.872779 -0.000001 0.000001 0.000001 16.249262 -1.457208 -3.766122 -1.464719 -6.770259 -24.388872 0.000001 0.000005 0.000001 0.000006 -0.000002 0.000004 5.669896 -4.448129 3.162333 -0.000004 0.000000 0.000008 -0.000002 0.000004 -0.000001 0.000003 -0.000003 0.000002 0.000002 0.000000 0.000002 4.894711 -4.487223 4.992384 -0.000001 -0.000007 -0.000002 -0.000003 0.000002 -0.000008 0.000001 -0.000001 0.000001 -0.000005 -0.000001 -0.000002 3.976703 -4.405056 6.377933 -0.000003 -0.000001 -0.000002 0.000004 -0.000006 -0.000005 -0.000004 -0.000001 -0.000001 -0.000000 0.000003 0.000003 2.165848 -4.997848 7.896616 -0.000000 0.000002 -0.000002 -0.000002 0.000005 -0.000002 0.000001 -0.000000 -0.000005 0.000008 -0.000002 0.000001 -0.668813 -1.716151 3.232252 0.000002 0.000011 0.000004 -0.618824 -2.224038 1.556313 -0.000001 0.000004 -0.000006 -1.139797 -3.541369 2.553546 0.000004 -0.000006 0.000003 -0.000001 0.000002 -0.000000 -0.095715 19.149414 -0.872780 0.000003 -0.000000 0.000001 -16.249186 -1.457005 -3.766129 -12.657327 31.621546 -34.774682 -18.690002 -21.492989 1.212281 -0.000004 0.000005 -0.000000 -9.161705 -14.015998 17.244190 0.000001 0.000004 0.000009 -5.669891 -4.447989 3.162399 0.000000 0.000002 -0.000006 -1.150708 -3.013504 -0.086802 -0.000002 -0.000002 0.000004 0.431409 -1.930594 -0.420896 0.000004 0.000002 -0.000000 0.865004 -1.558796 -0.501389 -0.000000 -0.000001 -0.000006 -4.894704 -4.487007 4.992402 0.000003 0.000005 -0.000003 -1.614380 -4.026488 0.464398 0.000002 -0.000004 -0.000000 0.881395 -2.472400 -0.679997 0.000003 0.000002 -0.000007 0.983001 -1.727606 -0.664403 0.000000 0.000009 0.000004 -3.976699 -4.405015 6.378002 -0.000000 0.000003 -0.000000 -1.576295 -4.641001 1.506203 -0.000001 -0.000001 0.000002 0.565397 -2.735099 -0.446297 -0.000001 0.000005 0.000000 0.577888 -2.212787 -0.468592 0.000002 -0.000006 0.000002 -2.165808 -4.997004 7.896700 0.000002 -0.000009 -0.000000 -1.107005 -3.866790 1.244104 -0.000002 0.000000 0.000008 0.165894 -2.495195 -0.257406 0.000003 0.000003 0.000000 0.419307 -2.359500 -0.559600 -0.000001 -0.000002 0.000002 0.668797 -1.716001 3.232306 -0.000003 -0.000003 -0.000001 0.618807 -2.224025 1.556298 0.000000 -0.000004 -0.000002 1.139792 -3.541104 2.553511 0.000001 0.000009 0.000003 -0.590000 -2.627700 1.193706 -0.000004 -0.000002 -0.000000 8.610315 -5.345805 -1.147063 -100.704173 -0.000644 -0.002208 108.558009 -0.001704 -0.003049 -6.724355 -0.000286 0.000296 1.194452 -7.224802 11.745975 -0.000003 -0.000001 0.000000 0.749603 -1.684399 6.380374 0.000002 0.000000 -0.000000 -8.610320 -5.345827 -1.147061 -18.715401 0.000000 -0.000000 -1.467480 -41.307808 -0.215582 110.543285 0.000000 -0.000000 -1.465900 -41.266689 -3.033068 37.335385 0.000000 0.000000 -1.194488 -7.224801 11.746427 -0.000003 -0.000000 0.000000 -0.749617 -1.684396 6.379956 0.000000 0.000000 0.000000 
0.000000 49.403900 -1.590447 -0.000000 0.000000 -0.000000 0.000000 5.822938 0.122296 9.797340 -21.565614 3.631819 6.934463 0.000002 0.000000 0.000000 -0.000001 0.000000 0.000000 25.104677 -1.532953 -0.261052 -15.415686 -1.928637 -0.000002 12.653503 1.544386 0.000001 -31.077248 0.000001 -3.330324 3.459625 8.674034 0.000001 0.000002 0.000005 3.330330 3.459823 8.674034 0.000000 0.000000 -0.000000 0.000004 -0.763519 1.289540 0.000003 -0.000002 -0.000001 -0.000002 6.326767 0.772189 -0.000000 -0.000002 0.000001 0.095714 19.149231 -0.872779 0.000001 0.000000 -0.000000 16.249260 -1.457209 -3.766124 -1.464719 -6.770260 -24.388874 -0.000004 -0.000003 0.000003 0.000005 -0.000003 0.000001 5.669906 -4.448141 3.162338 -0.000005 0.000004 0.000003 -0.000000 -0.000000 0.000001 0.000002 -0.000003 -0.000001 -0.000003 0.000004 0.000006 4.894719 -4.487236 4.992394 -0.000003 -0.000005 -0.000004 -0.000001 0.000000 -0.000003 0.000002 -0.000005 0.000000 -0.000002 -0.000003 -0.000000 3.976717 -4.405071 6.377940 -0.000005 0.000002 -0.000005 0.000003 -0.000004 -0.000002 -0.000002 -0.000010 -0.000002 -0.000003 -0.000003 -0.000002 2.165854 -4.997860 7.896622 -0.000001 0.000004 -0.000003 -0.000000 0.000008 -0.000000 0.000001 0.000005 -0.000005 0.000000 0.000001 0.000001 -0.668810 -1.716174 3.232259 -0.000007 0.000010 -0.000003 -0.618831 -2.224020 1.556313 -0.000002 0.000004 0.000002 -1.139796 -3.541376 2.553548 0.000005 -0.000010 0.000004 0.000002 0.000002 0.000004 -0.095714 19.149414 -0.872781 0.000006 -0.000004 -0.000000 -16.249187 -1.457004 -3.766142 -13.582758 34.192098 -32.719574 -18.689995 -21.493006 1.212275 -0.000004 0.000005 -0.000004 -9.161706 -14.015999 17.244190 0.000008 0.000004 0.000003 -5.669889 -4.448001 3.162401 -0.000001 -0.000001 0.000001 -1.150699 -3.013496 -0.086803 -0.000001 -0.000003 -0.000003 0.431396 -1.930596 -0.420900 0.000002 0.000003 -0.000001 0.864991 -1.558802 -0.501396 -0.000001 -0.000004 -0.000001 -4.894707 -4.487000 4.992403 -0.000000 0.000007 -0.000001 -1.614402 -4.026494 0.464393 0.000000 -0.000012 0.000004 0.881406 -2.472415 -0.680001 -0.000000 0.000002 -0.000007 0.983001 -1.727622 -0.664401 -0.000001 0.000003 0.000006 -3.976697 -4.405003 6.378001 -0.000001 0.000002 0.000003 -1.576302 -4.641002 1.506208 0.000001 -0.000001 -0.000000 0.565405 -2.735122 -0.446313 -0.000000 0.000005 0.000005 0.577886 -2.212806 -0.468602 0.000003 -0.000004 -0.000002 -2.165803 -4.996984 7.896701 -0.000000 -0.000003 0.000002 -1.106999 -3.866783 1.244100 -0.000000 0.000001 0.000000 0.165893 -2.495184 -0.257404 0.000003 0.000000 0.000003 0.419303 -2.359497 -0.559604 -0.000001 0.000001 -0.000002 0.668805 -1.715990 3.232308 0.000000 0.000001 -0.000000 0.618798 -2.224000 1.556290 0.000002 -0.000005 -0.000001 1.139796 -3.541101 2.553500 -0.000002 0.000009 -0.000004 -0.590008 -2.627705 1.193712 -0.000004 -0.000004 -0.000003 8.610315 -5.345805 -1.147063 -100.704173 -0.000644 -0.002208 108.558009 -0.001704 -0.003049 -6.724355 -0.000286 0.000296 1.194452 -7.224802 11.745975 -0.000003 -0.000001 0.000000 0.749603 -1.684399 6.380374 0.000002 0.000000 -0.000000 -8.610320 -5.345827 -1.147061 -18.715401 0.000000 -0.000000 -1.467480 -41.307808 -0.215582 110.543285 0.000000 -0.000000 -1.465900 -41.266689 -3.033068 37.335385 0.000000 0.000000 -1.194488 -7.224801 11.746427 -0.000003 -0.000000 0.000000 -0.749617 -1.684396 6.379956 0.000000 0.000000 0.000000 
0.000000 49.403900 -1.590447 -0.000000 0.000000 -0.000000 0.000000 5.822938 0.122295 9.729093 -20.535129 3.441829 6.934465 0.000002 -0.000000 0.000001 -0.000001 0.000000 -0.000000 25.104650 -1.532952 -0.235967 -14.677662 -1.831997 -0.000001 12.653503 1.544386 0.000002 -29.593495 -0.000000 -3.330328 3.459640 8.674034 -0.000000 0.000003 0.000006 3.330329 3.459824 8.674034 -0.000001 -0.000001 0.000001 0.000004 -0.763519 1.289540 0.000009 -0.000001 -0.000002 -0.000000 6.326752 0.772190 -0.000001 -0.000000 -0.000001 0.095713 19.149231 -0.872776 0.000000 -0.000000 0.000000 16.249256 -1.457224 -3.766123 -1.464721 -6.770261 -24.388872 0.000003 -0.000006 -0.000000 0.000008 -0.000003 -0.000002 5.669902 -4.448128 3.162335 -0.000004 -0.000002 0.000006 -0.000001 0.000004 0.000000 0.000001 -0.000003 0.000004 -0.000000 0.000003 0.000003 4.894720 -4.487224 4.992387 -0.000003 -0.000007 0.000000 -0.000003 -0.000000 -0.000006 0.000004 -0.000006 0.000004 -0.000001 -0.000003 0.000003 3.976707 -4.405064 6.377934 -0.000005 -0.000001 -0.000000 0.000004 0.000001 -0.000005 0.000003 -0.000001 -0.000002 -0.000001 0.000002 -0.000002 2.165850 -4.997853 7.896620 -0.000002 0.000003 0.000002 -0.000001 0.000005 0.000000 -0.000001 0.000003 -0.000003 0.000004 -0.000000 -0.000002 -0.668807 -1.716166 3.232255 -0.000007 0.000007 0.000003 -0.618821 -2.224037 1.556316 0.000003 0.000001 -0.000001 -1.139797 -3.541376 2.553548 0.000002 -0.000009 0.000002 -0.000001 0.000003 0.000002 -0.095716 19.149414 -0.872778 0.000005 -0.000000 0.000001 -16.249180 -1.456995 -3.766135 -14.426398 35.676008 -30.576114 -18.689989 -21.492985 1.212278 -0.000003 -0.000003 0.000001 -9.161697 -14.016012 17.244198 0.000005 0.000000 -0.000002 -5.669886 -4.447997 3.162399 -0.000001 -0.000003 -0.000001 -1.150698 -3.013512 -0.086797 -0.000002 -0.000002 -0.000001 0.431392 -1.930597 -0.420903 0.000001 0.000005 -0.000001 0.865007 -1.558811 -0.501398 -0.000003 -0.000005 -0.000006 -4.894711 -4.487021 4.992405 0.000003 -0.000001 0.000000 -1.614391 -4.026493 0.464398 -0.000002 -0.000006 0.000001 0.881414 -2.472407 -0.680001 -0.000000 0.000005 -0.000002 0.983005 -1.727612 -0.664402 -0.000001 0.000009 0.000004 -3.976699 -4.405008 6.378003 0.000001 0.000003 -0.000000 -1.576290 -4.641002 1.506199 0.000001 -0.000002 -0.000003 0.565395 -2.735101 -0.446305 -0.000002 0.000005 0.000001 0.577907 -2.212800 -0.468590 0.000002 -0.000005 0.000002 -2.165802 -4.997018 7.896706 -0.000001 -0.000011 0.000002 -1.106999 -3.866802 1.244103 -0.000001 -0.000003 0.000004 0.165890 -2.495193 -0.257412 0.000001 0.000002 0.000005 0.419311 -2.359512 -0.559601 -0.000002 0.000001 -0.000002 0.668804 -1.716006 3.232304 -0.000001 -0.000006 -0.000001 0.618807 -2.224000 1.556283 0.000002 -0.000002 -0.000002 1.139780 -3.541110 2.553504 0.000001 0.000006 -0.000004 -0.589999 -2.627698 1.193703 -0.000005 -0.000004 0.000000 8.610315 -5.345805 -1.147063 -100.704173 -0.000644 -0.002208 108.558009 -0.001704 -0.003049 -6.724355 -0.000286 0.000296 1.194452 -7.224802 11.745975 -0.000003 -0.000001 0.000000 0.749603 -1.684399 6.380374 0.000002 0.000000 -0.000000 -8.610320 -5.345827 -1.147061 -18.715401 0.000000 -0.000000 -1.467480 -41.307808 -0.215582 110.543285 0.000000 -0.000000 -1.465900 -41.266689 -3.033068 37.335385 0.000000 0.000000 -1.194488 -7.224801 11.746427 -0.000003 -0.000000 0.000000 -0.749617 -1.684396 6.379956 0.000000 0.000000 0.000000 
0.000000 49.403900 -1.590447 -0.000000 0.000000 -0.000000 -0.000000 5.822938 0.122296 9.659055 -19.406926 3.236774 6.934462 -0.000001 0.000000 0.000001 -0.000001 0.000000 -0.000001 25.104658 -1.532954 -0.210084 -13.870297 -1.727025 0.000001 12.653488 1.544389 0.000000 -27.967181 -0.000001 -3.330328 3.459656 8.674034 -0.000000 0.000001 0.000005 3.330328 3.459824 8.674033 -0.000000 -0.000003 0.000001 0.000000 -0.763504 1.289531 0.000005 -0.000001 -0.000001 -0.000000 6.326752 0.772190 -0.000003 0.000001 -0.000001 0.095712 19.149231 -0.872778 0.000001 0.000001 0.000000 16.249254 -1.457208 -3.766126 -1.464719 -6.770258 -24.388871 -0.000004 -0.000003 0.000003 0.000006 0.000000 0.000006 5.669895 -4.448125 3.162329 0.000001 0.000002 0.000007 -0.000000 0.000006 0.000002 0.000002 -0.000003 0.000004 0.000000 -0.000001 -0.000003 4.894715 -4.487228 4.992380 0.000002 -0.000005 -0.000004 -0.000002 0.000003 -0.000004 0.000005 -0.000009 0.000004 -0.000001 -0.000006 -0.000006 3.976707 -4.405069 6.377929 0.000002 -0.000001 -0.000000 0.000007 -0.000006 -0.000002 -0.000003 -0.000003 -0.000001 -0.000005 0.000000 0.000000 2.165849 -4.997860 7.896612 0.000006 0.000003 -0.000000 0.000002 0.000003 0.000000 0.000002 0.000002 -0.000006 0.000000 -0.000003 0.000002 -0.668815 -1.716158 3.232250 -0.000001 0.000007 0.000001 -0.618825 -2.224044 1.556317 -0.000001 0.000005 -0.000003 -1.139798 -3.541362 2.553550 0.000003 -0.000007 0.000006 -0.000001 0.000005 0.000002 -0.095716 19.149414 -0.872780 0.000007 -0.000004 0.000002 -16.249178 -1.456989 -3.766131 -15.067910 36.010311 -28.472653 -18.689987 -21.493004 1.212277 0.000001 0.000003 -0.000005 -9.161705 -14.016010 17.244198 0.000007 0.000002 -0.000004 -5.669889 -4.447992 3.162407 -0.000003 -0.000003 0.000000 -1.150688 -3.013514 -0.086805 0.000003 -0.000002 -0.000001 0.431402 -1.930609 -0.420897 0.000002 0.000003 0.000002 0.864998 -1.558802 -0.501398 -0.000001 -0.000005 -0.000003 -4.894711 -4.487011 4.992414 -0.000000 0.000002 -0.000001 -1.614399 -4.026505 0.464405 0.000006 -0.000006 0.000001 0.881402 -2.472399 -0.680000 -0.000003 0.000002 -0.000002 0.983005 -1.727616 -0.664400 0.000001 0.000005 0.000004 -3.976699 -4.404996 6.378007 -0.000002 0.000001 -0.000000 -1.576300 -4.640997 1.506202 0.000007 -0.000003 0.000001 0.565399 -2.735101 -0.446311 -0.000000 0.000004 0.000005 0.577896 -2.212801 -0.468598 0.000002 -0.000003 0.000002 -2.165802 -4.996992 7.896707 -0.000001 -0.000012 0.000002 -1.106985 -3.866783 1.244096 0.000001 -0.000001 0.000003 0.165899 -2.495211 -0.257401 0.000002 -0.000002 -0.000001 0.419305 -2.359506 -0.559594 -0.000004 0.000000 0.000002 0.668800 -1.715990 3.232310 -0.000003 -0.000002 -0.000000 0.618797 -2.223993 1.556292 0.000003 -0.000001 -0.000000 1.139798 -3.541100 2.553513 -0.000002 0.000008 -0.000001 -0.589990 -2.627673 1.193702 -0.000004 -0.000003 -0.000002 8.610315 -5.345805 -1.147063 -100.704173 -0.000644 -0.002208 108.558009 -0.001704 -0.003049 -6.724355 -0.000286 0.000296 1.194452 -7.224802 11.745975 -0.000003 -0.000001 0.000000 0.749603 -1.684399 6.380374 0.000002 0.000000 -0.000000 -8.610320 -5.345827 -1.147061 -18.715401 0.000000 -0.000000 -1.467480 -41.307808 -0.215582 110.543285 0.000000 -0.000000 -1.465900 -41.266689 -3.033068 37.335385 0.000000 0.000000 -1.194488 -7.224801 11.746427 -0.000003 -0.000000 0.000000 -0.749617 -1.684396 6.379956 0.000000 0.000000 0.000000 
0.000000 49.403900 -1.590447 -0.000000 0.000000 -0.000000 -0.000000 5.822938 0.122296 9.588967 -18.192795 3.019297 6.934463 0.000001 0.000000 -0.000000 -0.000001 -0.000000 0.000000 25.104635 -1.532958 -0.184044 -13.002091 -1.614962 0.000001 12.653503 1.544387 0.000004 -26.215195 -0.000000 -3.330329 3.459625 8.674033 -0.000000 0.000004 0.000004 3.330328 3.459808 8.674031 0.000000 -0.000001 0.000000 0.000001 -0.763519 1.289538 0.000002 -0.000000 -0.000002 -0.000000 6.326767 0.772191 0.000003 -0.000001 -0.000001 0.095714 19.149200 -0.872782 -0.000001 -0.000000 0.000000 16.249252 -1.457208 -3.766124 -1.464720 -6.770256 -24.388871 -0.000001 -0.000006 0.000007 0.000004 0.000003 -0.000001 5.669895 -4.448125 3.162335 -0.000002 -0.000002 0.000006 0.000002 -0.000001 -0.000002 -0.000000 -0.000005 0.000005 0.000003 -0.000003 0.000005 4.894715 -4.487227 4.992388 -0.000001 -0.000007 -0.000004 -0.000000 -0.000003 -0.000003 0.000006 -0.000005 0.000004 -0.000006 -0.000001 -0.000007 3.976710 -4.405066 6.377932 -0.000004 -0.000001 -0.000002 0.000004 -0.000004 -0.000002 0.000002 -0.000008 -0.000002 -0.000002 0.000000 0.000000 2.165843 -4.997849 7.896616 0.000001 -0.000001 -0.000002 -0.000001 0.000001 -0.000001 0.000003 0.000003 -0.000005 -0.000000 -0.000002 -0.000001 -0.668810 -1.716155 3.232255 -0.000004 0.000000 0.000001 -0.618821 -2.224032 1.556311 0.000004 -0.000001 -0.000006 -1.139791 -3.541382 2.553552 0.000003 -0.000008 0.000002 -0.000000 0.000003 0.000003 -0.095714 19.149414 -0.872783 0.000004 -0.000001 -0.000000 -16.249187 -1.457002 -3.766136 -15.542466 35.604325 -26.247462 -18.689995 -21.493004 1.212275 -0.000003 0.000005 -0.000000 -9.161696 -14.016004 17.244196 0.000008 0.000004 -0.000002 -5.669898 -4.448003 3.162398 -0.000003 -0.000001 -0.000003 -1.150683 -3.013503 -0.086811 -0.000001 -0.000007 -0.000002 0.431389 -1.930597 -0.420897 0.000005 0.000002 0.000000 0.865001 -1.558802 -0.501401 -0.000002 -0.000003 -0.000004 -4.894711 -4.487014 4.992401 0.000006 0.000005 -0.000001 -1.614400 -4.026495 0.464400 0.000003 -0.000009 -0.000001 0.881410 -2.472398 -0.680000 -0.000000 0.000011 -0.000003 0.983013 -1.727611 -0.664405 -0.000003 0.000013 0.000004 -3.976705 -4.405007 6.377996 0.000002 -0.000002 -0.000002 -1.576302 -4.640995 1.506197 0.000004 -0.000003 -0.000000 0.565396 -2.735117 -0.446304 0.000000 -0.000001 0.000004 0.577908 -2.212801 -0.468594 -0.000000 -0.000003 0.000001 -2.165808 -4.997010 7.896704 -0.000000 -0.000008 -0.000000 -1.107000 -3.866795 1.244097 -0.000000 0.000004 -0.000000 0.165893 -2.495194 -0.257412 0.000002 0.000000 0.000003 0.419294 -2.359505 -0.559598 -0.000001 -0.000004 -0.000002 0.668801 -1.716008 3.232301 0.000002 -0.000007 -0.000003 0.618805 -2.224011 1.556293 0.000003 -0.000001 -0.000004 1.139798 -3.541102 2.553503 0.000004 0.000007 -0.000003 -0.589998 -2.627708 1.193702 -0.000004 -0.000003 0.000000 8.610315 -5.345805 -1.147063 -100.704173 -0.000644 -0.002208 108.558009 -0.001704 -0.003049 -6.724355 -0.000286 0.000296 1.194452 -7.224802 11.745975 -0.000003 -0.000001 0.000000 0.749603 -1.684399 6.380374 0.000002 0.000000 -0.000000 -8.610320 -5.345827 -1.147061 -18.715401 0.000000 -0.000000 -1.467480 -41.307808 -0.215582 110.543285 0.000000 -0.000000 -1.465900 -41.266689 -3.033068 37.335385 0.000000 0.000000 -1.194488 -7.224801 11.746427 -0.000003 -0.000000 0.000000 -0.749617 -1.684396 6.379956 0.000000 0.000000 0.000000 
0.000000 49.403900 -1.590447 -0.000000 0.000000 -0.000000 0.000000 5.822938 0.122296 9.520500 -16.906706 2.792253 6.934464 0.000002 -0.000000 -0.000001 -0.000001 -0.000000 0.000000 25.104647 -1.532954 -0.158468 -12.083048 -1.497192 -0.000000 12.653503 1.544390 0.000001 -24.357728 0.000002 -3.330328 3.459640 8.674034 0.000001 0.000004 0.000005 3.330329 3.459823 8.674034 0.000001 -0.000002 0.000001 0.000000 -0.763519 1.289537 0.000007 -0.000000 -0.000003 -0.000001 6.326752 0.772193 0.000002 -0.000001 -0.000000 0.095713 19.149200 -0.872779 -0.000002 0.000000 0.000000 16.249256 -1.457208 -3.766124 -1.464719 -6.770255 -24.388874 -0.000003 -0.000003 0.000005 0.000006 0.000002 0.000004 5.669903 -4.448129 3.162330 -0.000002 -0.000005 0.000006 -0.000000 0.000008 -0.000000 -0.000002 -0.000003 0.000006 0.000000 -0.000002 0.000004 4.894711 -4.487231 4.992383 -0.000001 -0.000007 -0.000002 -0.000004 0.000005 -0.000006 0.000004 -0.000008 0.000002 0.000002 -0.000003 -0.000000 3.976717 -4.405071 6.377929 -0.000003 -0.000003 -0.000002 0.000005 -0.000004 -0.000001 -0.000001 -0.000005 -0.000002 0.000001 0.000000 -0.000003 2.165843 -4.997854 7.896613 -0.000002 0.000005 0.000002 0.000002 0.000005 0.000001 0.000004 0.000005 -0.000005 -0.000001 -0.000006 0.000002 -0.668808 -1.716160 3.232251 -0.000006 0.000002 0.000003 -0.618822 -2.224038 1.556318 0.000000 0.000000 -0.000008 -1.139789 -3.541362 2.553543 0.000003 -0.000007 -0.000002 0.000002 0.000005 0.000002 -0.095714 19.149399 -0.872781 0.000001 -0.000001 -0.000000 -16.249180 -1.456996 -3.766130 -15.930996 34.851481 -23.676482 -18.689991 -21.493004 1.212276 -0.000004 0.000002 -0.000000 -9.161704 -14.015992 17.244200 0.000003 0.000002 -0.000000 -5.669898 -4.447999 3.162400 -0.000002 -0.000001 0.000001 -1.150699 -3.013515 -0.086804 -0.000001 -0.000004 -0.000005 0.431396 -1.930590 -0.420896 0.000002 0.000003 -0.000001 0.865009 -1.558796 -0.501401 -0.000000 -0.000003 -0.000003 -4.894715 -4.487001 4.992405 0.000003 0.000003 -0.000001 -1.614405 -4.026504 0.464408 0.000002 -0.000008 0.000006 0.881408 -2.472406 -0.680000 0.000001 0.000008 -0.000005 0.983008 -1.727604 -0.664403 -0.000002 0.000009 0.000003 -3.976701 -4.405013 6.378000 0.000003 0.000004 0.000003 -1.576302 -4.641003 1.506199 0.000001 -0.000004 0.000004 0.565411 -2.735101 -0.446304 0.000001 -0.000004 0.000001 0.577893 -2.212798 -0.468599 0.000001 -0.000003 0.000002 -2.165803 -4.997007 7.896705 -0.000001 -0.000004 0.000004 -1.107004 -3.866799 1.244100 0.000002 -0.000001 0.000005 0.165891 -2.495209 -0.257397 0.000001 0.000000 0.000004 0.419305 -2.359497 -0.559602 0.000000 -0.000000 -0.000001 0.668794 -1.716014 3.232307 -0.000001 -0.000000 -0.000001 0.618796 -2.224014 1.556298 -0.000001 -0.000004 -0.000000 1.139799 -3.541101 2.553512 -0.000000 0.000008 -0.000002 -0.589991 -2.627697 1.193707 -0.000005 -0.000003 -0.000001 8.610315 -5.345805 -1.147063 -100.704173 -0.000644 -0.002208 108.558009 -0.001704 -0.003049 -6.724355 -0.000286 0.000296 1.194452 -7.224802 11.745975 -0.000003 -0.000001 0.000000 0.749603 -1.684399 6.380374 0.000002 0.000000 -0.000000 -8.610320 -5.345827 -1.147061 -18.715401 0.000000 -0.000000 -1.467480 -41.307808 -0.215582 110.543285 0.000000 -0.000000 -1.465900 -41.266689 -3.033068 37.335385 0.000000 0.000000 -1.194488 -7.224801 11.746427 -0.000003 -0.000000 0.000000 -0.749617 -1.684396 6.379956 0.000000 0.000000 0.000000 
0.000000 49.403900 -1.590447 -0.000000 0.000000 -0.000000 0.000000 5.822938 0.122295 9.455181 -15.564623 2.558647 6.934464 -0.000001 0.000001 -0.000001 -0.000001 0.000001 -0.000000 25.104673 -1.532954 -0.133935 -11.124533 -1.375228 0.000001 12.653519 1.544387 0.000002 -22.418079 -0.000001 -3.330328 3.459625 8.674032 0.000001 -0.000000 0.000005 3.330326 3.459823 8.674031 0.000001 -0.000004 0.000000 0.000001 -0.763535 1.289536 0.000005 -0.000003 0.000002 0.000001 6.326767 0.772189 0.000000 0.000002 -0.000001 0.095713 19.149216 -0.872779 -0.000002 -0.000001 0.000001 16.249258 -1.457201 -3.766123 -1.464720 -6.770258 -24.388877 -0.000000 -0.000003 0.000003 0.000006 -0.000003 0.000002 5.669907 -4.448117 3.162333 0.000002 -0.000003 0.000004 -0.000002 0.000004 -0.000003 0.000003 -0.000006 0.000004 0.000005 -0.000002 0.000004 4.894718 -4.487219 4.992381 0.000003 -0.000012 -0.000004 -0.000000 0.000004 -0.000004 0.000000 -0.000003 0.000004 0.000000 -0.000003 0.000000 3.976718 -4.405059 6.377933 -0.000001 -0.000001 -0.000002 0.000004 -0.000003 -0.000002 -0.000002 -0.000003 -0.000001 -0.000005 -0.000000 0.000001 2.165850 -4.997835 7.896614 0.000002 -0.000003 -0.000002 -0.000002 0.000005 0.000000 0.000004 0.000002 -0.000006 0.000005 -0.000003 -0.000003 -0.668798 -1.716158 3.232253 0.000004 0.000004 -0.000003 -0.618822 -2.224038 1.556313 -0.000001 0.000005 -0.000000 -1.139793 -3.541368 2.553546 0.000005 -0.000010 -0.000004 0.000001 0.000004 -0.000000 -0.095715 19.149414 -0.872780 0.000002 -0.000001 0.000001 -16.249189 -1.456992 -3.766125 -16.192910 33.747012 -20.781373 -18.689991 -21.493002 1.212276 -0.000004 0.000005 -0.000003 -9.161694 -14.016001 17.244198 0.000006 0.000001 -0.000002 -5.669894 -4.447998 3.162400 -0.000002 -0.000005 -0.000001 -1.150689 -3.013509 -0.086807 -0.000000 -0.000010 0.000001 0.431391 -1.930592 -0.420893 0.000002 0.000004 0.000002 0.865010 -1.558794 -0.501397 -0.000000 -0.000003 -0.000001 -4.894711 -4.487002 4.992408 0.000001 0.000004 0.000001 -1.614401 -4.026494 0.464405 0.000002 -0.000007 0.000004 0.881400 -2.472411 -0.679998 -0.000002 0.000001 -0.000004 0.983000 -1.727612 -0.664405 -0.000003 0.000008 0.000002 -3.976704 -4.404997 6.378002 -0.000005 -0.000001 -0.000000 -1.576299 -4.641005 1.506199 0.000002 -0.000002 0.000005 0.565404 -2.735116 -0.446296 0.000002 -0.000000 0.000004 0.577888 -2.212800 -0.468595 0.000002 -0.000002 -0.000000 -2.165804 -4.996996 7.896708 -0.000001 -0.000006 -0.000002 -1.107011 -3.866775 1.244103 -0.000003 -0.000001 0.000003 0.165891 -2.495187 -0.257407 -0.000002 0.000000 0.000004 0.419301 -2.359488 -0.559601 0.000000 -0.000004 -0.000002 0.668797 -1.715999 3.232306 -0.000001 -0.000003 -0.000001 0.618800 -2.223998 1.556291 -0.000001 -0.000002 -0.000002 1.139800 -3.541093 2.553513 0.000002 0.000007 -0.000003 -0.589994 -2.627700 1.193701 0.000002 -0.000002 -0.000004 8.610315 -5.345805 -1.147063 -100.704173 -0.000644 -0.002208 108.558009 -0.001704 -0.003049 -6.724355 -0.000286 0.000296 1.194452 -7.224802 11.745975 -0.000003 -0.000001 0.000000 0.749603 -1.684399 6.380374 0.000002 0.000000 -0.000000 -8.610320 -5.345827 -1.147061 -18.715401 0.000000 -0.000000 -1.467480 -41.307808 -0.215582 110.543285 0.000000 -0.000000 -1.465900 -41.266689 -3.033068 37.335385 0.000000 0.000000 -1.194488 -7.224801 11.746427 -0.000003 -0.000000 0.000000 -0.749617 -1.684396 6.379956 0.000000 0.000000 0.000000 
0.000000 49.403900 -1.590447 -0.000000 0.000000 -0.000000 -0.000000 5.822938 0.122296 9.394316 -14.184141 2.321558 6.934464 0.000000 0.000000 -0.000000 0.000000 0.000000 -0.000001 25.104662 -1.532956 -0.110955 -10.139002 -1.250667 -0.000001 12.653519 1.544392 0.000004 -20.422088 0.000001 -3.330330 3.459625 8.674034 0.000001 0.000004 0.000006 3.330326 3.459793 8.674034 0.000002 -0.000006 0.000001 -0.000000 -0.763550 1.289537 0.000007 0.000000 0.000001 -0.000001 6.326752 0.772195 0.000004 -0.000001 0.000001 0.095712 19.149216 -0.872781 -0.000002 0.000000 0.000001 16.249256 -1.457217 -3.766128 -1.464720 -6.770257 -24.388872 0.000001 -0.000002 0.000002 0.000003 -0.000005 0.000005 5.669899 -4.448117 3.162333 0.000001 -0.000003 0.000004 0.000002 0.000000 -0.000002 0.000002 -0.000005 0.000000 0.000000 -0.000002 0.000002 4.894715 -4.487225 4.992388 0.000000 -0.000005 -0.000004 -0.000001 -0.000004 -0.000001 -0.000004 -0.000006 -0.000001 -0.000006 0.000003 -0.000001 3.976717 -4.405073 6.377933 0.000001 -0.000003 -0.000002 0.000006 -0.000006 -0.000002 0.000000 -0.000006 -0.000002 0.000002 0.000002 -0.000001 2.165847 -4.997849 7.896617 0.000003 0.000002 -0.000004 -0.000002 0.000008 0.000003 0.000005 0.000000 -0.000001 0.000005 -0.000007 -0.000003 -0.668812 -1.716162 3.232254 0.000003 0.000004 0.000001 -0.618826 -2.224027 1.556318 -0.000001 0.000004 -0.000005 -1.139791 -3.541382 2.553549 0.000003 -0.000003 0.000002 -0.000003 0.000006 0.000003 -0.095716 19.149414 -0.872782 0.000001 -0.000000 0.000001 -16.249186 -1.457004 -3.766126 -16.284602 32.297495 -17.593420 -18.689993 -21.492996 1.212277 -0.000005 0.000003 -0.000004 -9.161701 -14.016003 17.244188 0.000003 0.000000 -0.000000 -5.669899 -4.448002 3.162398 -0.000002 -0.000002 0.000004 -1.150691 -3.013512 -0.086804 -0.000001 -0.000002 0.000006 0.431392 -1.930613 -0.420893 0.000003 0.000004 -0.000003 0.865002 -1.558792 -0.501399 0.000000 -0.000003 -0.000001 -4.894715 -4.487005 4.992403 0.000002 0.000001 -0.000001 -1.614405 -4.026505 0.464403 -0.000002 -0.000012 -0.000001 0.881413 -2.472400 -0.680006 0.000002 0.000009 -0.000003 0.983006 -1.727622 -0.664407 -0.000000 0.000007 0.000001 -3.976696 -4.405009 6.378003 -0.000002 0.000002 -0.000002 -1.576295 -4.640991 1.506199 -0.000002 -0.000001 0.000002 0.565405 -2.735101 -0.446304 0.000002 -0.000003 0.000001 0.577909 -2.212808 -0.468596 0.000001 -0.000005 0.000001 -2.165800 -4.996987 7.896706 0.000000 -0.000005 0.000002 -1.106998 -3.866790 1.244093 -0.000001 -0.000003 0.000002 0.165891 -2.495195 -0.257404 0.000002 0.000000 0.000004 0.419301 -2.359496 -0.559600 0.000000 -0.000003 -0.000001 0.668803 -1.716001 3.232303 0.000002 -0.000001 -0.000002 0.618807 -2.224017 1.556289 0.000002 -0.000001 -0.000001 1.139800 -3.541123 2.553504 0.000001 0.000007 -0.000003 -0.589995 -2.627699 1.193710 -0.000003 -0.000001 -0.000001 8.610315 -5.345805 -1.147063 -100.704173 -0.000644 -0.002208 108.558009 -0.001704 -0.003049 -6.724355 -0.000286 0.000296 1.194452 -7.224802 11.745975 -0.000003 -0.000001 0.000000 0.749603 -1.684399 6.380374 0.000002 0.000000 -0.000000 -8.610320 -5.345827 -1.147061 -18.715401 0.000000 -0.000000 -1.467480 -41.307808 -0.215582 110.543285 0.000000 -0.000000 -1.465900 -41.266689 -3.033068 37.335385 0.000000 0.000000 -1.194488 -7.224801 11.746427 -0.000003 -0.000000 0.000000 -0.749617 -1.684396 6.379956 0.000000 0.000000 0.000000 
0.000000 49.403900 -1.590447 -0.000000 0.000000 -0.000000 0.000000 5.822938 0.122297 9.338936 -12.784039 2.084070 6.934464 0.000001 -0.000000 0.000000 0.000000 0.000000 -0.000000 25.104649 -1.532958 -0.089935 -9.139740 -1.125156 -0.000001 12.653519 1.544384 0.000004 -18.397424 0.000001 -3.330330 3.459655 8.674032 0.000001 0.000001 0.000004 3.330326 3.459839 8.674031 0.000001 -0.000004 -0.000001 0.000001 -0.763535 1.289537 0.000002 -0.000001 -0.000002 -0.000001 6.326767 0.772187 0.000001 0.000002 -0.000000 0.095713 19.149200 -0.872781 0.000000 0.000000 0.000001 16.249254 -1.457217 -3.766125 -1.464720 -6.770259 -24.388871 0.000001 -0.000003 0.000005 0.000007 -0.000007 -0.000002 5.669895 -4.448137 3.162334 -0.000004 0.000000 0.000006 -0.000000 0.000002 0.000001 0.000000 -0.000008 0.000007 -0.000001 0.000003 0.000003 4.894711 -4.487237 4.992382 -0.000003 -0.000007 -0.000002 -0.000004 0.000006 -0.000009 -0.000003 -0.000003 0.000007 -0.000006 0.000003 0.000000 3.976709 -4.405079 6.377933 -0.000002 0.000003 -0.000000 0.000005 -0.000004 -0.000004 -0.000003 -0.000004 -0.000006 -0.000002 -0.000002 0.000000 2.165846 -4.997855 7.896616 -0.000003 0.000006 -0.000002 -0.000001 0.000001 -0.000001 0.000000 0.000004 -0.000003 0.000001 -0.000007 -0.000000 -0.668815 -1.716167 3.232250 -0.000006 0.000010 0.000003 -0.618821 -2.224030 1.556317 -0.000001 0.000007 -0.000000 -1.139791 -3.541376 2.553547 0.000002 -0.000007 0.000002 0.000002 0.000003 0.000001 -0.095714 19.149414 -0.872782 0.000003 0.000000 0.000000 -16.249178 -1.456999 -3.766131 -16.164380 30.524928 -14.153470 -18.689999 -21.493006 1.212279 -0.000000 0.000003 -0.000005 -9.161694 -14.016000 17.244194 0.000003 0.000003 -0.000004 -5.669894 -4.447992 3.162402 0.000000 -0.000003 -0.000001 -1.150697 -3.013509 -0.086803 -0.000003 -0.000001 0.000003 0.431396 -1.930605 -0.420891 0.000005 -0.000001 -0.000004 0.865008 -1.558806 -0.501399 -0.000000 -0.000005 -0.000005 -4.894706 -4.487003 4.992408 0.000003 0.000009 0.000001 -1.614385 -4.026505 0.464399 0.000001 -0.000007 -0.000001 0.881411 -2.472411 -0.680004 -0.000001 0.000005 -0.000005 0.983015 -1.727622 -0.664404 -0.000002 0.000009 0.000003 -3.976701 -4.404996 6.378005 -0.000003 0.000002 0.000003 -1.576299 -4.641000 1.506196 -0.000000 -0.000002 0.000005 0.565398 -2.735108 -0.446310 -0.000000 -0.000000 0.000003 0.577911 -2.212793 -0.468595 0.000000 -0.000003 -0.000000 -2.165802 -4.996987 7.896708 0.000004 -0.000008 0.000000 -1.107007 -3.866784 1.244111 -0.000000 -0.000002 -0.000000 0.165891 -2.495196 -0.257398 0.000002 -0.000003 0.000001 0.419307 -2.359481 -0.559596 -0.000001 -0.000009 -0.000002 0.668794 -1.715991 3.232308 0.000000 -0.000004 0.000001 0.618798 -2.224000 1.556297 0.000001 -0.000007 0.000003 1.139799 -3.541095 2.553510 0.000004 0.000007 0.000003 -0.590003 -2.627707 1.193707 -0.000001 -0.000000 -0.000000 8.610315 -5.345805 -1.147063 -100.704173 -0.000644 -0.002208 108.558009 -0.001704 -0.003049 -6.724355 -0.000286 0.000296 1.194452 -7.224802 11.745975 -0.000003 -0.000001 0.000000 0.749603 -1.684399 6.380374 0.000002 0.000000 -0.000000 -8.610320 -5.345827 -1.147061 -18.715401 0.000000 -0.000000 -1.467480 -41.307808 -0.215582 110.543285 0.000000 -0.000000 -1.465900 -41.266689 -3.033068 37.335385 0.000000 0.000000 -1.194488 -7.224801 11.746427 -0.000003 -0.000000 0.000000 -0.749617 -1.684396 6.379956 0.000000 0.000000 0.000000 
0.000000 49.403900 -1.590447 -0.000000 0.000000 -0.000000 0.000000 5.822938 0.122295 9.289764 -11.383727 1.849202 6.934463 0.000000 -0.000000 -0.000001 -0.000001 0.000000 -0.000001 25.104647 -1.532954 -0.071187 -8.140437 -1.000348 -0.000000 12.653488 1.544385 0.000000 -16.372764 -0.000000 -3.330325 3.459625 8.674031 -0.000000 0.000003 0.000005 3.330329 3.459808 8.674031 -0.000000 -0.000002 -0.000000 0.000003 -0.763519 1.289540 0.000003 0.000000 -0.000001 -0.000001 6.326767 0.772188 0.000001 -0.000000 -0.000000 0.095712 19.149200 -0.872778 -0.000002 -0.000000 0.000000 16.249252 -1.457224 -3.766126 -1.464719 -6.770259 -24.388871 0.000001 -0.000003 0.000005 0.000004 -0.000002 0.000006 5.669904 -4.448125 3.162334 -0.000000 0.000000 0.000001 -0.000002 0.000004 -0.000001 -0.000000 -0.000005 0.000005 0.000004 0.000003 0.000008 4.894720 -4.487231 4.992382 0.000000 -0.000007 -0.000002 -0.000003 0.000003 -0.000005 -0.000000 -0.000004 0.000004 -0.000003 -0.000001 -0.000000 3.976720 -4.405067 6.377934 0.000002 -0.000003 -0.000004 0.000006 -0.000005 -0.000002 0.000003 -0.000003 -0.000003 0.000001 0.000004 0.000003 2.165851 -4.997851 7.896613 0.000004 0.000002 -0.000004 -0.000002 0.000005 0.000000 0.000001 0.000004 -0.000003 0.000001 -0.000005 -0.000004 -0.668811 -1.716155 3.232252 0.000003 0.000001 -0.000003 -0.618822 -2.224038 1.556318 0.000000 0.000003 -0.000003 -1.139789 -3.541375 2.553550 0.000002 -0.000006 -0.000004 0.000002 0.000003 0.000001 -0.095716 19.149414 -0.872780 0.000001 -0.000002 0.000001 -16.249186 -1.457011 -3.766129 -15.798603 28.470015 -10.511647 -18.689983 -21.492987 1.212282 -0.000001 0.000001 -0.000002 -9.161703 -14.016003 17.244196 0.000004 0.000003 0.000001 -5.669894 -4.448001 3.162401 -0.000003 0.000000 -0.000003 -1.150692 -3.013510 -0.086799 -0.000001 -0.000003 0.000002 0.431407 -1.930594 -0.420898 0.000003 0.000001 -0.000004 0.865004 -1.558791 -0.501400 -0.000000 -0.000005 -0.000005 -4.894720 -4.487019 4.992410 0.000002 0.000006 0.000004 -1.614394 -4.026501 0.464395 -0.000002 -0.000008 0.000002 0.881402 -2.472398 -0.679996 0.000000 0.000006 -0.000002 0.983001 -1.727622 -0.664404 -0.000001 0.000007 -0.000001 -3.976698 -4.405010 6.378005 0.000002 0.000002 0.000002 -1.576297 -4.640993 1.506192 0.000001 -0.000004 0.000001 0.565403 -2.735099 -0.446304 -0.000001 -0.000002 0.000002 0.577910 -2.212794 -0.468594 0.000001 -0.000002 -0.000002 -2.165810 -4.996995 7.896701 0.000002 -0.000008 0.000000 -1.107011 -3.866781 1.244098 -0.000004 -0.000002 -0.000002 0.165899 -2.495187 -0.257398 0.000001 -0.000003 0.000003 0.419305 -2.359511 -0.559598 -0.000003 -0.000002 -0.000003 0.668797 -1.715999 3.232308 -0.000001 -0.000005 0.000001 0.618801 -2.224001 1.556291 -0.000000 -0.000006 -0.000001 1.139799 -3.541099 2.553510 0.000001 0.000004 -0.000000 -0.590003 -2.627699 1.193705 -0.000003 -0.000003 -0.000001 8.610315 -5.345805 -1.147063 -100.704173 -0.000644 -0.002208 108.558009 -0.001704 -0.003049 -6.724355 -0.000286 0.000296 1.194452 -7.224802 11.745975 -0.000003 -0.000001 0.000000 0.749603 -1.684399 6.380374 0.000002 0.000000 -0.000000 -8.610320 -5.345827 -1.147061 -18.715401 0.000000 -0.000000 -1.467480 -41.307808 -0.215582 110.543285 0.000000 -0.000000 -1.465900 -41.266689 -3.033068 37.335385 0.000000 0.000000 -1.194488 -7.224801 11.746427 -0.000003 -0.000000 0.000000 -0.749617 -1.684396 6.379956 0.000000 0.000000 0.000000 
0.000000 49.403900 -1.590447 -0.000000 0.000000 -0.000000 0.000000 5.822938 0.122297 9.247204 -10.002623 1.619840 6.934462 -0.000000 -0.000000 -0.000001 0.000000 -0.000000 -0.000000 25.104662 -1.532954 -0.054884 -7.154783 -0.877859 -0.000000 12.653488 1.544383 0.000002 -14.376764 0.000001 -3.330328 3.459625 8.674032 -0.000000 0.000006 0.000004 3.330327 3.459824 8.674033 -0.000001 0.000001 -0.000001 0.000000 -0.763535 1.289538 0.000003 0.000003 -0.000003 -0.000001 6.326736 0.772186 0.000001 -0.000000 0.000000 0.095713 19.149216 -0.872781 -0.000000 0.000001 0.000000 16.249258 -1.457209 -3.766124 -1.464719 -6.770259 -24.388876 0.000001 -0.000004 0.000003 0.000005 -0.000002 0.000004 5.669898 -4.448121 3.162325 -0.000003 -0.000001 0.000004 -0.000000 0.000007 -0.000003 -0.000000 -0.000003 -0.000001 -0.000001 0.000003 0.000006 4.894711 -4.487236 4.992381 -0.000001 -0.000003 -0.000003 -0.000003 0.000003 -0.000006 0.000006 -0.000005 0.000004 -0.000002 -0.000003 -0.000006 3.976705 -4.405066 6.377927 -0.000002 0.000004 -0.000002 0.000004 0.000001 -0.000002 0.000001 -0.000008 -0.000001 0.000000 0.000001 0.000003 2.165846 -4.997851 7.896612 -0.000001 0.000006 -0.000002 -0.000002 0.000005 0.000000 0.000003 0.000004 -0.000003 -0.000000 -0.000001 -0.000002 -0.668812 -1.716157 3.232248 -0.000003 0.000006 0.000001 -0.618820 -2.224038 1.556314 -0.000001 0.000005 -0.000003 -1.139793 -3.541359 2.553545 0.000004 -0.000007 0.000001 0.000002 0.000008 0.000001 -0.095715 19.149414 -0.872782 0.000003 -0.000001 0.000001 -16.249180 -1.456990 -3.766125 -15.167991 26.193413 -6.727071 -18.689997 -21.492987 1.212278 -0.000002 0.000003 -0.000003 -9.161711 -14.015996 17.244190 0.000001 0.000003 0.000001 -5.669898 -4.448001 3.162401 -0.000002 -0.000005 -0.000001 -1.150695 -3.013503 -0.086800 -0.000000 -0.000004 0.000001 0.431392 -1.930586 -0.420894 0.000003 0.000003 -0.000001 0.865006 -1.558799 -0.501400 -0.000001 -0.000002 -0.000003 -4.894709 -4.486998 4.992407 0.000002 0.000006 0.000004 -1.614407 -4.026502 0.464400 -0.000002 -0.000011 0.000003 0.881408 -2.472400 -0.679995 0.000002 0.000006 -0.000005 0.983003 -1.727612 -0.664408 -0.000003 0.000009 0.000001 -3.976703 -4.405002 6.378002 -0.000005 0.000001 -0.000000 -1.576287 -4.641003 1.506191 0.000004 -0.000001 0.000002 0.565401 -2.735101 -0.446298 0.000001 0.000004 0.000002 0.577907 -2.212794 -0.468596 0.000002 -0.000003 -0.000000 -2.165808 -4.996983 7.896707 -0.000003 -0.000006 0.000002 -1.107001 -3.866792 1.244107 -0.000001 -0.000001 0.000001 0.165891 -2.495195 -0.257400 0.000002 0.000000 0.000004 0.419310 -2.359497 -0.559601 0.000001 -0.000002 -0.000002 0.668799 -1.715989 3.232309 -0.000003 -0.000003 0.000003 0.618809 -2.223999 1.556293 -0.000001 -0.000004 -0.000001 1.139795 -3.541101 2.553506 0.000003 0.000009 0.000001 -0.589991 -2.627710 1.193708 0.000003 -0.000001 0.000001 8.610315 -5.345805 -1.147063 -100.704173 -0.000644 -0.002208 108.558009 -0.001704 -0.003049 -6.724355 -0.000286 0.000296 1.194452 -7.224802 11.745975 -0.000003 -0.000001 0.000000 0.749603 -1.684399 6.380374 0.000002 0.000000 -0.000000 -8.610320 -5.345827 -1.147061 -18.715401 0.000000 -0.000000 -1.467480 -41.307808 -0.215582 110.543285 0.000000 -0.000000 -1.465900 -41.266689 -3.033068 37.335385 0.000000 0.000000 -1.194488 -7.224801 11.746427 -0.000003 -0.000000 0.000000 -0.749617 -1.684396 6.379956 0.000000 0.000000 0.000000 
0.000000 49.403900 -1.590447 -0.000000 0.000000 -0.000000 -0.000000 5.822938 0.122295 9.211342 -8.659541 1.398682 6.934464 -0.000000 -0.000000 -0.000001 0.000000 -0.000000 -0.000000 25.104671 -1.532954 -0.041092 -6.196057 -0.759226 0.000000 12.653503 1.544388 0.000000 -12.437119 0.000000 -3.330332 3.459640 8.674034 0.000001 0.000001 0.000006 3.330323 3.459823 8.674032 0.000001 -0.000000 0.000001 -0.000001 -0.763519 1.289541 0.000003 -0.000002 -0.000000 -0.000000 6.326767 0.772191 -0.000002 0.000001 -0.000000 0.095713 19.149216 -0.872778 -0.000003 0.000000 0.000000 16.249256 -1.457186 -3.766127 -1.464718 -6.770255 -24.388872 -0.000004 0.000001 -0.000001 0.000006 -0.000005 0.000004 5.669902 -4.448134 3.162338 -0.000001 0.000000 0.000005 -0.000002 0.000006 0.000000 0.000003 -0.000006 0.000004 0.000003 0.000001 0.000000 4.894719 -4.487225 4.992387 -0.000001 -0.000005 -0.000003 -0.000003 0.000004 -0.000004 0.000004 -0.000004 0.000001 -0.000001 -0.000004 -0.000000 3.976715 -4.405073 6.377934 -0.000000 0.000002 -0.000002 0.000008 -0.000004 -0.000002 0.000001 -0.000006 -0.000006 -0.000000 0.000000 0.000001 2.165853 -4.997849 7.896615 0.000001 0.000006 -0.000002 -0.000001 0.000005 -0.000003 0.000002 0.000001 -0.000003 -0.000001 -0.000005 -0.000003 -0.668815 -1.716161 3.232254 0.000001 0.000006 0.000003 -0.618827 -2.224044 1.556322 -0.000001 0.000004 -0.000002 -1.139787 -3.541382 2.553547 0.000004 -0.000006 0.000002 0.000004 0.000001 0.000004 -0.095715 19.149414 -0.872780 0.000002 0.000001 0.000001 -16.249182 -1.457022 -3.766132 -14.272956 23.773798 -2.867307 -18.689989 -21.493002 1.212275 -0.000002 0.000004 -0.000005 -9.161699 -14.016006 17.244204 0.000000 -0.000003 -0.000001 -5.669890 -4.447999 3.162397 -0.000002 -0.000005 -0.000001 -1.150692 -3.013513 -0.086805 -0.000002 -0.000004 0.000002 0.431403 -1.930596 -0.420900 0.000003 0.000003 -0.000003 0.865004 -1.558799 -0.501394 -0.000001 -0.000001 -0.000006 -4.894714 -4.487005 4.992402 0.000002 0.000007 0.000001 -1.614406 -4.026488 0.464398 -0.000000 -0.000009 0.000003 0.881405 -2.472404 -0.679998 -0.000003 0.000008 -0.000003 0.983006 -1.727614 -0.664405 -0.000000 0.000002 -0.000000 -3.976702 -4.405014 6.378003 -0.000002 0.000002 0.000001 -1.576302 -4.641000 1.506201 -0.000001 -0.000001 0.000002 0.565400 -2.735108 -0.446304 -0.000000 0.000002 0.000002 0.577905 -2.212806 -0.468594 -0.000000 -0.000005 0.000001 -2.165807 -4.996999 7.896698 -0.000001 -0.000006 0.000001 -1.107001 -3.866792 1.244098 0.000001 -0.000004 0.000001 0.165895 -2.495202 -0.257407 0.000002 0.000003 0.000002 0.419300 -2.359497 -0.559602 0.000000 -0.000001 -0.000000 0.668799 -1.715999 3.232306 0.000000 -0.000004 -0.000000 0.618805 -2.223993 1.556294 0.000003 -0.000003 -0.000003 1.139802 -3.541095 2.553505 0.000004 0.000009 -0.000001 -0.589992 -2.627700 1.193702 -0.000001 -0.000001 -0.000000 8.610315 -5.345805 -1.147063 -100.704173 -0.000644 -0.002208 108.558009 -0.001704 -0.003049 -6.724355 -0.000286 0.000296 1.194452 -7.224802 11.745975 -0.000003 -0.000001 0.000000 0.749603 -1.684399 6.380374 0.000002 0.000000 -0.000000 -8.610320 -5.345827 -1.147061 -18.715401 0.000000 -0.000000 -1.467480 -41.307808 -0.215582 110.543285 0.000000 -0.000000 -1.465900 -41.266689 -3.033068 37.335385 0.000000 0.000000 -1.194488 -7.224801 11.746427 -0.000003 -0.000000 0.000000 -0.749617 -1.684396 6.379956 0.000000 0.000000 0.000000 
0.000000 49.403900 -1.590447 -0.000000 0.000000 -0.000000 0.000000 5.822938 0.122296 9.181989 -7.372131 1.188192 6.934463 0.000001 0.000000 -0.000001 0.000000 -0.000000 -0.000000 25.104649 -1.532951 -0.029765 -5.276747 -0.645880 -0.000000 12.653519 1.544388 0.000001 -10.579657 -0.000000 -3.330328 3.459625 8.674037 -0.000000 0.000002 0.000005 3.330327 3.459808 8.674035 -0.000001 -0.000001 -0.000000 0.000000 -0.763535 1.289544 0.000005 -0.000002 -0.000002 -0.000001 6.326752 0.772193 0.000002 -0.000000 -0.000000 0.095713 19.149231 -0.872778 -0.000001 0.000001 0.000000 16.249258 -1.457224 -3.766129 -1.464720 -6.770258 -24.388872 -0.000003 -0.000002 0.000003 0.000005 -0.000002 0.000003 5.669903 -4.448122 3.162333 -0.000003 -0.000002 0.000004 0.000003 0.000000 -0.000003 0.000001 -0.000004 -0.000005 0.000001 0.000003 0.000004 4.894719 -4.487217 4.992382 -0.000001 -0.000008 -0.000002 -0.000004 0.000005 -0.000004 0.000004 -0.000009 0.000000 -0.000001 -0.000003 0.000001 3.976718 -4.405057 6.377930 -0.000001 -0.000003 -0.000000 0.000008 -0.000006 -0.000004 0.000001 -0.000005 -0.000001 0.000001 -0.000000 0.000003 2.165852 -4.997841 7.896609 -0.000001 0.000006 -0.000004 -0.000002 0.000008 -0.000001 0.000004 0.000004 -0.000002 0.000002 -0.000003 -0.000004 -0.668810 -1.716156 3.232252 0.000001 0.000004 0.000002 -0.618821 -2.224037 1.556317 -0.000001 -0.000000 -0.000008 -1.139784 -3.541374 2.553550 0.000004 -0.000006 -0.000004 0.000001 0.000003 0.000002 -0.095715 19.149414 -0.872779 0.000002 0.000001 0.000000 -16.249180 -1.457001 -3.766136 -13.136553 21.301997 0.992663 -18.690008 -21.492998 1.212278 -0.000002 0.000003 -0.000001 -9.161711 -14.016006 17.244192 0.000004 0.000003 0.000001 -5.669900 -4.447999 3.162400 -0.000006 -0.000002 0.000000 -1.150698 -3.013504 -0.086803 -0.000002 0.000001 0.000004 0.431390 -1.930596 -0.420895 0.000004 0.000002 -0.000000 0.864993 -1.558802 -0.501394 -0.000001 -0.000001 -0.000004 -4.894704 -4.487010 4.992404 -0.000002 0.000007 0.000004 -1.614390 -4.026493 0.464398 -0.000003 -0.000013 -0.000001 0.881409 -2.472409 -0.680002 0.000000 0.000004 -0.000002 0.983003 -1.727622 -0.664405 -0.000002 0.000001 0.000002 -3.976704 -4.405005 6.378006 -0.000006 0.000004 0.000005 -1.576300 -4.641001 1.506203 0.000001 0.000002 0.000004 0.565400 -2.735106 -0.446301 -0.000000 0.000002 0.000002 0.577902 -2.212814 -0.468604 0.000001 -0.000006 -0.000000 -2.165808 -4.996991 7.896707 -0.000004 -0.000009 0.000004 -1.107010 -3.866782 1.244101 -0.000004 -0.000006 0.000001 0.165894 -2.495201 -0.257403 0.000001 -0.000001 0.000004 0.419294 -2.359503 -0.559604 -0.000000 -0.000004 -0.000002 0.668798 -1.715997 3.232307 -0.000001 -0.000001 0.000003 0.618805 -2.224012 1.556288 -0.000003 -0.000004 -0.000001 1.139798 -3.541108 2.553510 0.000000 0.000006 -0.000002 -0.589993 -2.627709 1.193710 0.000001 -0.000001 0.000000 8.610315 -5.345805 -1.147063 -100.704173 -0.000644 -0.002208 108.558009 -0.001704 -0.003049 -6.724355 -0.000286 0.000296 1.194452 -7.224802 11.745975 -0.000003 -0.000001 0.000000 0.749603 -1.684399 6.380374 0.000002 0.000000 -0.000000 -8.610320 -5.345827 -1.147061 -18.715401 0.000000 -0.000000 -1.467480 -41.307808 -0.215582 110.543285 0.000000 -0.000000 -1.465900 -41.266689 -3.033068 37.335385 0.000000 0.000000 -1.194488 -7.224801 11.746427 -0.000003 -0.000000 0.000000 -0.749617 -1.684396 6.379956 0.000000 0.000000 0.000000 
0.000000 49.403900 -1.590447 -0.000000 0.000000 -0.000000 0.000000 5.822938 0.122295 9.158709 -6.156408 0.990561 6.934464 -0.000000 -0.000000 -0.000000 -0.000000 -0.000000 0.000000 25.104675 -1.532957 -0.020749 -4.408221 -0.539105 0.000001 12.653473 1.544390 -0.000001 -8.827663 -0.000001 -3.330329 3.459625 8.674035 -0.000000 0.000001 0.000005 3.330326 3.459808 8.674034 -0.000000 -0.000002 0.000000 0.000000 -0.763535 1.289542 0.000005 -0.000002 -0.000001 0.000000 6.326736 0.772193 -0.000001 0.000001 -0.000001 0.095713 19.149200 -0.872781 -0.000002 -0.000000 0.000000 16.249256 -1.457224 -3.766126 -1.464719 -6.770259 -24.388876 -0.000000 -0.000002 0.000002 0.000004 -0.000003 0.000004 5.669895 -4.448127 3.162335 -0.000000 -0.000001 0.000006 0.000003 0.000004 -0.000003 0.000000 -0.000008 -0.000005 0.000001 0.000000 0.000002 4.894713 -4.487227 4.992381 -0.000001 -0.000005 0.000002 -0.000003 0.000003 -0.000005 0.000001 -0.000006 0.000004 -0.000002 -0.000001 -0.000003 3.976711 -4.405062 6.377932 0.000000 -0.000001 -0.000000 0.000007 0.000001 -0.000003 0.000000 -0.000005 -0.000009 -0.000000 0.000007 0.000002 2.165851 -4.997849 7.896616 0.000002 0.000003 -0.000004 0.000001 -0.000000 -0.000003 0.000002 0.000004 -0.000001 -0.000000 -0.000005 -0.000003 -0.668809 -1.716152 3.232251 0.000003 0.000006 0.000003 -0.618821 -2.224041 1.556314 -0.000001 0.000004 -0.000005 -1.139790 -3.541381 2.553543 0.000001 -0.000005 0.000002 0.000001 0.000003 0.000002 -0.095715 19.149414 -0.872782 0.000003 0.000000 0.000000 -16.249180 -1.457009 -3.766124 -11.803994 18.871864 4.772832 -18.689989 -21.492979 1.212276 -0.000001 0.000004 -0.000005 -9.161706 -14.015993 17.244196 0.000008 -0.000003 -0.000002 -5.669895 -4.448007 3.162402 -0.000003 0.000005 -0.000001 -1.150698 -3.013497 -0.086800 -0.000000 -0.000004 -0.000001 0.431388 -1.930592 -0.420894 0.000003 0.000002 -0.000002 0.865003 -1.558804 -0.501396 -0.000000 -0.000002 -0.000001 -4.894706 -4.487011 4.992406 0.000002 0.000009 0.000001 -1.614392 -4.026494 0.464398 -0.000002 -0.000004 -0.000000 0.881408 -2.472415 -0.680004 -0.000001 0.000006 -0.000005 0.983007 -1.727612 -0.664403 -0.000003 0.000000 -0.000003 -3.976695 -4.405004 6.378005 -0.000003 0.000006 -0.000002 -1.576297 -4.640993 1.506200 0.000002 -0.000001 0.000002 0.565404 -2.735101 -0.446302 -0.000000 0.000003 0.000002 0.577901 -2.212806 -0.468595 0.000002 -0.000009 -0.000003 -2.165796 -4.996983 7.896707 -0.000002 -0.000003 0.000001 -1.107001 -3.866784 1.244095 -0.000001 -0.000001 -0.000001 0.165895 -2.495193 -0.257404 -0.000001 0.000004 0.000005 0.419307 -2.359496 -0.559600 0.000000 -0.000003 -0.000000 0.668797 -1.716005 3.232309 0.000000 0.000002 -0.000004 0.618809 -2.224000 1.556292 -0.000005 -0.000005 -0.000003 1.139796 -3.541108 2.553513 0.000001 0.000008 -0.000000 -0.590006 -2.627707 1.193706 -0.000001 -0.000002 -0.000001 8.610315 -5.345805 -1.147063 -100.704173 -0.000644 -0.002208 108.558009 -0.001704 -0.003049 -6.724355 -0.000286 0.000296 1.194452 -7.224802 11.745975 -0.000003 -0.000001 0.000000 0.749603 -1.684399 6.380374 0.000002 0.000000 -0.000000 -8.610320 -5.345827 -1.147061 -18.715401 0.000000 -0.000000 -1.467480 -41.307808 -0.215582 110.543285 0.000000 -0.000000 -1.465900 -41.266689 -3.033068 37.335385 0.000000 0.000000 -1.194488 -7.224801 11.746427 -0.000003 -0.000000 0.000000 -0.749617 -1.684396 6.379956 0.000000 0.000000 0.000000 
0.000000 49.403900 -1.590447 -0.000000 0.000000 -0.000000 -0.000000 5.822938 0.122295 9.140890 -5.026418 0.807692 6.934463 0.000000 -0.000000 -0.000001 0.000000 -0.000000 0.000000 25.104639 -1.532959 -0.013832 -3.600488 -0.440031 0.000000 12.653503 1.544391 0.000004 -7.201346 -0.000000 -3.330330 3.459656 8.674038 0.000001 0.000002 0.000005 3.330326 3.459839 8.674036 0.000001 -0.000001 0.000000 0.000000 -0.763504 1.289543 0.000005 -0.000000 -0.000001 0.000000 6.326767 0.772193 0.000003 -0.000000 -0.000000 0.095713 19.149231 -0.872781 -0.000001 -0.000002 0.000001 16.249258 -1.457224 -3.766123 -1.464719 -6.770261 -24.388877 0.000001 -0.000002 0.000003 0.000009 0.000003 0.000002 5.669902 -4.448122 3.162336 -0.000001 -0.000003 0.000004 0.000001 0.000003 0.000005 0.000004 -0.000008 -0.000007 0.000001 0.000001 0.000001 4.894720 -4.487223 4.992385 -0.000001 -0.000008 -0.000000 -0.000004 0.000006 -0.000005 0.000003 -0.000004 0.000001 -0.000003 0.000003 0.000000 3.976711 -4.405057 6.377932 -0.000001 -0.000001 -0.000000 0.000005 -0.000001 -0.000004 -0.000003 -0.000007 0.000003 -0.000001 -0.000000 0.000004 2.165853 -4.997854 7.896619 -0.000000 0.000007 -0.000004 -0.000001 0.000001 0.000001 0.000001 0.000000 -0.000001 -0.000001 -0.000003 -0.000002 -0.668802 -1.716153 3.232254 0.000001 0.000001 0.000001 -0.618821 -2.224043 1.556319 -0.000003 0.000003 -0.000008 -1.139795 -3.541382 2.553548 0.000004 -0.000004 -0.000000 0.000001 0.000006 -0.000001 -0.095715 19.149414 -0.872783 0.000003 0.000001 -0.000000 -16.249186 -1.457002 -3.766130 -10.338408 16.569759 8.392019 -18.689997 -21.492996 1.212277 -0.000004 0.000007 -0.000003 -9.161702 -14.015987 17.244196 0.000007 0.000003 -0.000007 -5.669903 -4.448001 3.162398 -0.000004 -0.000001 -0.000004 -1.150700 -3.013502 -0.086800 -0.000003 -0.000003 -0.000002 0.431402 -1.930593 -0.420895 0.000006 0.000003 0.000002 0.865002 -1.558796 -0.501401 -0.000000 -0.000003 -0.000003 -4.894713 -4.487013 4.992403 0.000003 0.000010 0.000001 -1.614395 -4.026505 0.464399 0.000001 -0.000005 0.000001 0.881407 -2.472398 -0.680005 0.000003 0.000001 -0.000006 0.983007 -1.727613 -0.664405 -0.000000 0.000002 0.000002 -3.976701 -4.405015 6.378003 -0.000001 0.000004 0.000001 -1.576301 -4.640995 1.506201 0.000003 -0.000002 0.000006 0.565406 -2.735107 -0.446304 -0.000002 -0.000003 -0.000000 0.577902 -2.212794 -0.468594 0.000001 -0.000003 0.000001 -2.165800 -4.997001 7.896705 -0.000002 -0.000005 0.000002 -1.107004 -3.866784 1.244092 0.000001 0.000003 0.000002 0.165896 -2.495188 -0.257397 0.000004 0.000001 0.000001 0.419303 -2.359503 -0.559598 -0.000002 0.000003 -0.000001 0.668803 -1.716006 3.232309 0.000002 -0.000003 -0.000002 0.618809 -2.224001 1.556294 -0.000003 -0.000003 -0.000003 1.139796 -3.541094 2.553512 0.000005 0.000007 -0.000003 -0.589994 -2.627709 1.193710 0.000001 -0.000003 -0.000002 8.610315 -5.345805 -1.147063 -100.704173 -0.000644 -0.002208 108.558009 -0.001704 -0.003049 -6.724355 -0.000286 0.000296 1.194452 -7.224802 11.745975 -0.000003 -0.000001 0.000000 0.749603 -1.684399 6.380374 0.000002 0.000000 -0.000000 -8.610320 -5.345827 -1.147061 -18.715401 0.000000 -0.000000 -1.467480 -41.307808 -0.215582 110.543285 0.000000 -0.000000 -1.465900 -41.266689 -3.033068 37.335385 0.000000 0.000000 -1.194488 -7.224801 11.746427 -0.000003 -0.000000 0.000000 -0.749617 -1.684396 6.379956 0.000000 0.000000 0.000000 
0.000000 49.403900 -1.590447 -0.000000 0.000000 -0.000000 -0.000000 5.822938 0.122296 9.127797 -3.994057 0.641186 6.934464 -0.000000 -0.000000 -0.000001 -0.000000 0.000000 -0.000000 25.104660 -1.532953 -0.008736 -2.862089 -0.349618 -0.000000 12.653503 1.544385 0.000001 -5.717592 -0.000000 -3.330329 3.459625 8.674039 0.000001 0.000003 0.000005 3.330326 3.459808 8.674039 0.000001 -0.000002 -0.000000 -0.000000 -0.763519 1.289545 0.000003 -0.000000 0.000000 -0.000001 6.326767 0.772189 0.000001 0.000001 0.000000 0.095713 19.149200 -0.872777 -0.000001 0.000000 0.000000 16.249262 -1.457201 -3.766125 -1.464717 -6.770256 -24.388872 -0.000001 0.000000 0.000005 0.000008 -0.000004 0.000004 5.669896 -4.448123 3.162330 -0.000003 -0.000007 0.000009 -0.000000 0.000006 -0.000004 0.000002 -0.000003 0.000004 -0.000000 0.000003 0.000007 4.894713 -4.487221 4.992379 -0.000001 -0.000010 0.000003 -0.000005 0.000005 -0.000009 0.000005 -0.000003 0.000001 -0.000002 0.000003 -0.000007 3.976709 -4.405068 6.377925 -0.000002 -0.000006 -0.000000 0.000005 -0.000007 -0.000006 0.000000 -0.000003 -0.000004 -0.000000 0.000000 0.000000 2.165854 -4.997850 7.896611 0.000001 0.000000 -0.000001 -0.000001 0.000007 -0.000000 0.000003 0.000005 0.000001 0.000003 -0.000005 0.000004 -0.668817 -1.716155 3.232246 -0.000000 -0.000001 0.000003 -0.618822 -2.224041 1.556317 -0.000001 0.000006 -0.000002 -1.139792 -3.541376 2.553546 0.000002 -0.000007 0.000002 0.000002 0.000003 0.000002 -0.095715 19.149414 -0.872780 0.000003 0.000001 -0.000000 -16.249187 -1.457006 -3.766133 -8.813602 14.465565 11.772924 -18.689993 -21.492996 1.212273 0.000001 0.000009 -0.000005 -9.161704 -14.015999 17.244194 0.000010 0.000000 0.000002 -5.669894 -4.448013 3.162402 -0.000003 0.000000 0.000001 -1.150695 -3.013504 -0.086803 -0.000000 -0.000000 -0.000000 0.431394 -1.930590 -0.420897 0.000003 0.000006 0.000003 0.865005 -1.558791 -0.501396 -0.000001 -0.000005 -0.000003 -4.894715 -4.487011 4.992405 0.000001 0.000007 0.000006 -1.614396 -4.026500 0.464401 -0.000000 -0.000003 -0.000000 0.881408 -2.472419 -0.680008 -0.000001 0.000006 -0.000005 0.983007 -1.727620 -0.664405 -0.000004 0.000004 0.000002 -3.976699 -4.405020 6.378006 -0.000004 0.000003 -0.000000 -1.576290 -4.640996 1.506196 0.000001 -0.000005 0.000003 0.565401 -2.735106 -0.446301 -0.000000 0.000002 0.000001 0.577900 -2.212806 -0.468592 -0.000003 -0.000001 -0.000000 -2.165803 -4.997002 7.896708 0.000001 -0.000003 0.000002 -1.106993 -3.866782 1.244099 -0.000002 0.000001 0.000002 0.165894 -2.495187 -0.257401 0.000001 0.000001 0.000007 0.419300 -2.359508 -0.559601 -0.000003 -0.000002 -0.000005 0.668797 -1.716013 3.232307 -0.000001 -0.000003 -0.000001 0.618807 -2.224005 1.556297 0.000002 -0.000005 -0.000002 1.139799 -3.541109 2.553510 0.000002 0.000005 -0.000000 -0.589998 -2.627708 1.193712 -0.000001 -0.000001 -0.000001 8.610315 -5.345805 -1.147063 -100.704173 -0.000644 -0.002208 108.558009 -0.001704 -0.003049 -6.724355 -0.000286 0.000296 1.194452 -7.224802 11.745975 -0.000003 -0.000001 0.000000 0.749603 -1.684399 6.380374 0.000002 0.000000 -0.000000 -8.610320 -5.345827 -1.147061 -18.715401 0.000000 -0.000000 -1.467480 -41.307808 -0.215582 110.543285 0.000000 -0.000000 -1.465900 -41.266689 -3.033068 37.335385 0.000000 0.000000 -1.194488 -7.224801 11.746427 -0.000003 -0.000000 0.000000 -0.749617 -1.684396 6.379956 0.000000 0.000000 0.000000 
0.000000 49.403900 -1.590447 -0.000000 0.000000 -0.000000 -0.000000 5.822938 0.122295 9.118628 -3.068982 0.492348 6.934464 0.000000 -0.000000 -0.000000 -0.000000 0.000000 0.000000 25.104649 -1.532954 -0.005159 -2.200002 -0.268648 -0.000000 12.653503 1.544388 0.000003 -4.389910 -0.000000 -3.330330 3.459656 8.674035 -0.000001 0.000002 0.000005 3.330325 3.459839 8.674036 -0.000001 -0.000003 0.000000 -0.000001 -0.763535 1.289544 0.000000 -0.000001 -0.000000 -0.000000 6.326767 0.772193 -0.000001 0.000000 0.000000 0.095713 19.149231 -0.872779 0.000001 0.000000 0.000000 16.249252 -1.457223 -3.766126 -1.464718 -6.770259 -24.388874 -0.000000 0.000000 0.000003 0.000008 -0.000003 0.000001 5.669899 -4.448143 3.162330 -0.000001 -0.000005 0.000004 -0.000001 0.000006 0.000000 -0.000000 -0.000005 0.000000 0.000001 0.000003 0.000004 4.894715 -4.487229 4.992379 -0.000000 -0.000009 -0.000002 -0.000004 0.000004 -0.000004 0.000002 -0.000003 -0.000001 -0.000005 0.000003 0.000000 3.976717 -4.405076 6.377927 -0.000005 -0.000003 -0.000002 0.000007 -0.000004 -0.000004 -0.000002 -0.000012 -0.000005 -0.000003 -0.000002 -0.000003 2.165850 -4.997858 7.896612 0.000000 0.000002 -0.000005 0.000000 0.000005 0.000001 0.000002 0.000004 -0.000000 -0.000002 -0.000001 -0.000003 -0.668816 -1.716165 3.232249 -0.000001 0.000000 -0.000000 -0.618826 -2.224042 1.556314 0.000003 0.000006 0.000002 -1.139794 -3.541377 2.553550 0.000001 -0.000006 -0.000001 -0.000001 0.000005 0.000001 -0.095715 19.149414 -0.872781 0.000004 0.000001 0.000000 -16.249184 -1.457005 -3.766133 -7.305529 12.607401 14.847515 -18.689985 -21.493002 1.212279 -0.000006 0.000005 -0.000007 -9.161707 -14.015985 17.244186 0.000009 -0.000003 -0.000005 -5.669900 -4.448007 3.162399 -0.000005 -0.000001 0.000002 -1.150700 -3.013496 -0.086805 -0.000001 -0.000003 0.000002 0.431392 -1.930588 -0.420896 -0.000000 0.000003 0.000007 0.865006 -1.558802 -0.501399 -0.000000 -0.000005 -0.000001 -4.894705 -4.487009 4.992406 -0.000002 0.000006 0.000004 -1.614402 -4.026488 0.464397 -0.000001 -0.000004 0.000001 0.881409 -2.472408 -0.680004 0.000002 0.000003 -0.000004 0.983005 -1.727609 -0.664401 -0.000005 0.000008 0.000004 -3.976701 -4.405014 6.378003 -0.000002 0.000003 0.000002 -1.576299 -4.640996 1.506202 0.000002 -0.000007 0.000002 0.565405 -2.735106 -0.446307 -0.000002 -0.000001 -0.000004 0.577902 -2.212800 -0.468594 0.000001 -0.000002 -0.000002 -2.165804 -4.996992 7.896707 -0.000001 -0.000007 0.000004 -1.107001 -3.866778 1.244100 0.000001 -0.000004 0.000000 0.165887 -2.495187 -0.257399 -0.000000 0.000002 0.000006 0.419307 -2.359503 -0.559603 -0.000003 -0.000002 -0.000004 0.668798 -1.715997 3.232303 -0.000001 0.000001 -0.000003 0.618802 -2.224013 1.556293 -0.000001 -0.000002 0.000001 1.139795 -3.541109 2.553512 -0.000000 0.000008 0.000001 -0.589992 -2.627698 1.193711 -0.000002 -0.000003 -0.000006 8.610315 -5.345805 -1.147063 -100.704173 -0.000644 -0.002208 108.558009 -0.001704 -0.003049 -6.724355 -0.000286 0.000296 1.194452 -7.224802 11.745975 -0.000003 -0.000001 0.000000 0.749603 -1.684399 6.380374 0.000002 0.000000 -0.000000 -8.610320 -5.345827 -1.147061 -18.715401 0.000000 -0.000000 -1.467480 -41.307808 -0.215582 110.543285 0.000000 -0.000000 -1.465900 -41.266689 -3.033068 37.335385 0.000000 0.000000 -1.194488 -7.224801 11.746427 -0.000003 -0.000000 0.000000 -0.749617 -1.684396 6.379956 0.000000 0.000000 0.000000 
0.000000 49.403900 -1.590447 -0.000000 0.000000 -0.000000 -0.000000 5.822938 0.122296 9.112580 -2.258701 0.362195 6.934464 -0.000000 0.000000 0.000000 -0.000000 0.000000 0.000000 25.104666 -1.532953 -0.002796 -1.619703 -0.197742 0.000000 12.653503 1.544385 0.000005 -3.228558 -0.000000 -3.330330 3.459640 8.674036 -0.000000 0.000002 0.000005 3.330326 3.459824 8.674037 -0.000000 -0.000002 0.000000 -0.000000 -0.763504 1.289543 0.000003 -0.000001 -0.000000 -0.000000 6.326767 0.772186 0.000003 0.000000 -0.000000 0.095713 19.149216 -0.872776 -0.000002 0.000000 0.000000 16.249252 -1.457216 -3.766128 -1.464719 -6.770258 -24.388874 -0.000003 -0.000003 0.000005 0.000003 -0.000003 0.000004 5.669903 -4.448131 3.162336 -0.000002 -0.000003 0.000006 0.000000 0.000003 -0.000001 0.000001 -0.000004 -0.000005 0.000000 0.000002 0.000004 4.894717 -4.487233 4.992388 0.000000 -0.000006 0.000001 -0.000003 0.000005 -0.000007 0.000003 -0.000003 -0.000003 -0.000000 -0.000002 0.000001 3.976714 -4.405081 6.377934 0.000000 -0.000003 -0.000000 0.000006 -0.000007 -0.000006 -0.000001 -0.000002 0.000002 -0.000001 0.000000 -0.000001 2.165847 -4.997856 7.896616 0.000003 0.000002 -0.000004 -0.000002 0.000005 -0.000001 0.000001 0.000003 -0.000005 0.000001 -0.000003 0.000002 -0.668812 -1.716161 3.232254 0.000001 0.000006 0.000001 -0.618826 -2.224047 1.556319 0.000003 0.000003 -0.000003 -1.139789 -3.541382 2.553547 0.000003 -0.000007 -0.000002 0.000001 0.000003 -0.000002 -0.095715 19.149414 -0.872778 0.000002 -0.000002 0.000000 -16.249191 -1.457007 -3.766127 -5.884449 11.021035 17.561277 -18.689989 -21.492987 1.212280 -0.000002 0.000006 -0.000003 -9.161708 -14.015989 17.244194 0.000005 0.000006 -0.000004 -5.669903 -4.448002 3.162402 -0.000001 -0.000005 -0.000003 -1.150698 -3.013506 -0.086800 0.000001 -0.000004 -0.000002 0.431394 -1.930594 -0.420897 0.000003 0.000003 -0.000000 0.865002 -1.558794 -0.501401 0.000001 -0.000003 -0.000003 -4.894704 -4.487007 4.992405 0.000003 0.000001 -0.000001 -1.614396 -4.026492 0.464402 -0.000000 -0.000014 0.000002 0.881401 -2.472409 -0.680000 0.000002 0.000003 -0.000004 0.983008 -1.727614 -0.664405 -0.000003 0.000006 0.000002 -3.976697 -4.405000 6.378006 0.000001 -0.000002 -0.000002 -1.576297 -4.641003 1.506199 0.000005 0.000001 -0.000000 0.565402 -2.735106 -0.446306 -0.000005 0.000000 -0.000001 0.577897 -2.212799 -0.468599 0.000000 -0.000005 0.000001 -2.165794 -4.996987 7.896712 0.000003 -0.000008 0.000001 -1.106996 -3.866775 1.244096 -0.000002 0.000003 0.000001 0.165894 -2.495193 -0.257402 0.000005 -0.000005 0.000005 0.419302 -2.359509 -0.559602 -0.000004 -0.000004 -0.000004 0.668801 -1.715995 3.232305 -0.000000 -0.000005 -0.000001 0.618801 -2.224014 1.556294 -0.000001 -0.000004 -0.000001 1.139798 -3.541108 2.553507 0.000003 0.000006 -0.000002 -0.590002 -2.627709 1.193706 -0.000002 -0.000003 0.000000 8.610315 -5.345805 -1.147063 -100.704173 -0.000644 -0.002208 108.558009 -0.001704 -0.003049 -6.724355 -0.000286 0.000296 1.194452 -7.224802 11.745975 -0.000003 -0.000001 0.000000 0.749603 -1.684399 6.380374 0.000002 0.000000 -0.000000 -8.610320 -5.345827 -1.147061 -18.715401 0.000000 -0.000000 -1.467480 -41.307808 -0.215582 110.543285 0.000000 -0.000000 -1.465900 -41.266689 -3.033068 37.335385 0.000000 0.000000 -1.194488 -7.224801 11.746427 -0.000003 -0.000000 0.000000 -0.749617 -1.684396 6.379956 0.000000 0.000000 0.000000 
0.000000 49.403900 -1.590447 -0.000000 0.000000 -0.000000 -0.000000 5.822938 0.122295 9.108880 -1.568680 0.251478 6.934462 0.000000 -0.000000 0.000000 -0.000000 -0.000000 0.000000 25.104650 -1.532954 -0.001348 -1.125234 -0.137355 0.000000 12.653503 1.544392 -0.000001 -2.240819 -0.000000 -3.330330 3.459625 8.674033 0.000001 0.000002 0.000005 3.330326 3.459808 8.674034 0.000001 -0.000003 0.000000 -0.000000 -0.763504 1.289542 0.000005 -0.000002 -0.000000 -0.000000 6.326767 0.772196 -0.000002 0.000000 0.000000 0.095713 19.149231 -0.872778 0.000001 0.000000 0.000000 16.249252 -1.457195 -3.766129 -1.464717 -6.770256 -24.388871 0.000001 0.000000 0.000003 0.000009 -0.000007 0.000008 5.669904 -4.448133 3.162332 -0.000005 -0.000003 0.000010 0.000003 0.000003 0.000002 0.000003 -0.000004 -0.000003 -0.000001 0.000006 0.000008 4.894717 -4.487219 4.992379 -0.000001 -0.000008 0.000003 -0.000002 0.000005 0.000001 0.000001 -0.000004 0.000001 -0.000005 0.000000 -0.000005 3.976711 -4.405072 6.377926 -0.000004 -0.000001 -0.000000 0.000002 -0.000002 -0.000005 -0.000002 -0.000006 -0.000004 0.000001 0.000002 0.000002 2.165855 -4.997849 7.896612 -0.000001 0.000003 0.000001 -0.000002 0.000001 -0.000000 0.000004 0.000003 -0.000002 0.000004 -0.000005 -0.000003 -0.668810 -1.716168 3.232249 -0.000000 0.000007 0.000004 -0.618822 -2.224041 1.556317 0.000003 -0.000000 -0.000003 -1.139793 -3.541368 2.553550 0.000002 -0.000006 0.000003 0.000002 0.000003 0.000001 -0.095715 19.149414 -0.872779 0.000004 -0.000002 0.000001 -16.249182 -1.457014 -3.766136 -4.609351 9.713201 19.875427 -18.689991 -21.493008 1.212278 -0.000001 0.000005 -0.000003 -9.161704 -14.015998 17.244196 0.000007 0.000002 0.000001 -5.669901 -4.447999 3.162400 -0.000003 0.000000 0.000001 -1.150699 -3.013505 -0.086799 -0.000001 -0.000004 0.000005 0.431398 -1.930596 -0.420899 0.000003 0.000003 0.000002 0.865000 -1.558790 -0.501398 -0.000001 -0.000003 0.000001 -4.894710 -4.487003 4.992405 0.000002 0.000009 0.000001 -1.614396 -4.026500 0.464399 -0.000002 -0.000008 0.000001 0.881415 -2.472398 -0.680002 0.000002 0.000004 -0.000006 0.983006 -1.727617 -0.664408 -0.000003 0.000005 0.000000 -3.976700 -4.405015 6.378005 -0.000004 0.000005 0.000003 -1.576298 -4.640996 1.506199 0.000004 -0.000001 0.000004 0.565403 -2.735109 -0.446302 0.000001 0.000001 -0.000002 0.577902 -2.212808 -0.468597 0.000000 0.000001 -0.000001 -2.165806 -4.996991 7.896710 -0.000001 -0.000000 0.000002 -1.106998 -3.866788 1.244097 -0.000004 0.000003 0.000000 0.165891 -2.495184 -0.257399 0.000005 0.000000 0.000004 0.419298 -2.359501 -0.559603 -0.000003 -0.000004 -0.000002 0.668791 -1.716004 3.232306 0.000001 0.000003 0.000003 0.618805 -2.224022 1.556295 -0.000001 -0.000001 -0.000000 1.139790 -3.541108 2.553510 0.000002 0.000008 -0.000001 -0.589997 -2.627708 1.193706 -0.000002 -0.000002 -0.000002 8.610315 -5.345805 -1.147063 -100.704173 -0.000644 -0.002208 108.558009 -0.001704 -0.003049 -6.724355 -0.000286 0.000296 1.194452 -7.224802 11.745975 -0.000003 -0.000001 0.000000 0.749603 -1.684399 6.380374 0.000002 0.000000 -0.000000 -8.610320 -5.345827 -1.147061 -18.715401 0.000000 -0.000000 -1.467480 -41.307808 -0.215582 110.543285 0.000000 -0.000000 -1.465900 -41.266689 -3.033068 37.335385 0.000000 0.000000 -1.194488 -7.224801 11.746427 -0.000003 -0.000000 0.000000 -0.749617 -1.684396 6.379956 0.000000 0.000000 0.000000 
0.000000 49.403900 -1.590447 -0.000000 0.000000 -0.000000 -0.000000 5.822938 0.122295 9.106846 -1.002570 0.160700 6.934462 -0.000000 0.000000 -0.000000 0.000000 -0.000000 0.000000 25.104647 -1.532952 -0.000552 -0.719343 -0.087803 -0.000000 12.653488 1.544389 0.000002 -1.431377 -0.000000 -3.330329 3.459625 8.674035 -0.000002 0.000003 0.000005 3.330327 3.459809 8.674036 -0.000002 -0.000003 0.000000 0.000000 -0.763535 1.289543 0.000002 -0.000001 -0.000000 -0.000000 6.326752 0.772192 -0.000000 -0.000000 -0.000000 0.095713 19.149200 -0.872777 -0.000001 0.000000 0.000001 16.249254 -1.457201 -3.766127 -1.464716 -6.770258 -24.388874 0.000001 0.000000 0.000003 0.000004 0.000000 0.000006 5.669899 -4.448134 3.162336 -0.000006 -0.000003 0.000004 -0.000000 0.000003 0.000001 0.000001 -0.000003 0.000003 0.000001 0.000003 0.000004 4.894728 -4.487231 4.992389 -0.000005 -0.000005 -0.000002 -0.000004 0.000005 -0.000007 0.000001 -0.000005 0.000002 -0.000004 -0.000003 -0.000005 3.976713 -4.405062 6.377931 -0.000009 0.000000 -0.000005 0.000005 -0.000003 -0.000009 -0.000001 -0.000007 -0.000002 0.000000 -0.000003 -0.000002 2.165847 -4.997854 7.896615 -0.000003 0.000002 -0.000004 -0.000002 0.000005 -0.000000 0.000002 0.000000 -0.000001 -0.000000 -0.000001 -0.000003 -0.668811 -1.716163 3.232253 -0.000003 0.000007 0.000001 -0.618822 -2.224031 1.556316 0.000005 0.000003 -0.000003 -1.139790 -3.541367 2.553551 0.000003 -0.000006 0.000002 0.000002 0.000004 -0.000001 -0.095715 19.149399 -0.872778 0.000004 0.000000 0.000000 -16.249178 -1.457013 -3.766135 -3.525253 8.677116 21.766858 -18.689991 -21.492987 1.212277 -0.000005 0.000005 -0.000003 -9.161704 -14.016003 17.244188 0.000009 0.000002 -0.000000 -5.669893 -4.448008 3.162397 -0.000006 -0.000003 0.000002 -1.150699 -3.013506 -0.086803 -0.000001 -0.000002 -0.000001 0.431395 -1.930590 -0.420896 0.000003 0.000005 0.000004 0.865004 -1.558796 -0.501400 0.000001 -0.000003 -0.000006 -4.894716 -4.487012 4.992404 -0.000002 0.000006 0.000006 -1.614401 -4.026496 0.464398 -0.000000 -0.000004 0.000005 0.881415 -2.472398 -0.679998 0.000003 0.000003 -0.000007 0.983004 -1.727609 -0.664405 -0.000003 0.000007 0.000002 -3.976698 -4.405013 6.378002 -0.000006 -0.000002 0.000005 -1.576292 -4.641000 1.506201 0.000006 -0.000002 0.000005 0.565402 -2.735102 -0.446301 -0.000001 0.000000 0.000000 0.577898 -2.212802 -0.468594 0.000002 -0.000001 -0.000001 -2.165805 -4.997000 7.896703 -0.000005 -0.000009 0.000004 -1.107008 -3.866776 1.244100 0.000000 -0.000001 0.000005 0.165889 -2.495189 -0.257403 -0.000001 0.000002 0.000006 0.419294 -2.359510 -0.559598 -0.000001 -0.000001 -0.000001 0.668792 -1.715999 3.232303 -0.000001 -0.000006 0.000002 0.618800 -2.223999 1.556296 -0.000003 -0.000000 -0.000003 1.139799 -3.541106 2.553508 -0.000003 0.000008 -0.000002 -0.589998 -2.627706 1.193710 -0.000002 -0.000003 0.000000 8.610315 -5.345805 -1.147063 -100.704173 -0.000644 -0.002208 108.558009 -0.001704 -0.003049 -6.724355 -0.000286 0.000296 1.194452 -7.224802 11.745975 -0.000003 -0.000001 0.000000 0.749603 -1.684399 6.380374 0.000002 0.000000 -0.000000 -8.610320 -5.345827 -1.147061 -18.715401 0.000000 -0.000000 -1.467480 -41.307808 -0.215582 110.543285 0.000000 -0.000000 -1.465900 -41.266689 -3.033068 37.335385 0.000000 0.000000 -1.194488 -7.224801 11.746427 -0.000003 -0.000000 0.000000 -0.749617 -1.684396 6.379956 0.000000 0.000000 0.000000 
0.000000 49.403900 -1.590447 -0.000000 0.000000 -0.000000 -0.000000 5.822938 0.122296 9.105883 -0.562445 0.090146 6.934463 -0.000000 0.000000 -0.000001 0.000000 -0.000000 0.000000 25.104650 -1.532952 -0.000175 -0.403638 -0.049266 0.000000 12.653503 1.544389 0.000002 -0.802665 -0.000000 -3.330329 3.459625 8.674040 0.000001 0.000003 0.000005 3.330326 3.459808 8.674040 0.000001 -0.000002 -0.000000 0.000000 -0.763535 1.289550 0.000002 -0.000001 -0.000000 -0.000000 6.326767 0.772195 -0.000000 0.000000 -0.000000 0.095713 19.149231 -0.872778 -0.000002 -0.000000 0.000000 16.249252 -1.457202 -3.766125 -1.464719 -6.770262 -24.388869 -0.000001 -0.000003 0.000003 0.000001 -0.000005 0.000001 5.669903 -4.448122 3.162335 0.000001 -0.000003 0.000010 -0.000001 0.000004 0.000002 0.000002 -0.000003 0.000000 0.000002 0.000006 -0.000000 4.894718 -4.487230 4.992386 0.000002 -0.000004 0.000006 -0.000005 0.000008 -0.000002 0.000001 -0.000004 0.000001 -0.000001 -0.000004 -0.000004 3.976712 -4.405069 6.377935 0.000001 -0.000001 0.000001 0.000008 -0.000006 -0.000004 -0.000001 -0.000008 -0.000002 0.000001 0.000001 0.000004 2.165855 -4.997853 7.896616 0.000005 0.000003 0.000001 -0.000001 0.000005 -0.000003 0.000001 0.000001 -0.000006 0.000002 0.000001 0.000004 -0.668813 -1.716156 3.232251 0.000005 0.000003 0.000005 -0.618825 -2.224040 1.556315 0.000004 0.000004 -0.000001 -1.139790 -3.541361 2.553548 0.000002 -0.000003 0.000002 -0.000001 0.000005 -0.000000 -0.095715 19.149414 -0.872781 0.000003 0.000001 0.000001 -16.249197 -1.457000 -3.766131 -2.663110 7.898352 23.226176 -18.689995 -21.492989 1.212278 0.000002 0.000004 -0.000002 -9.161703 -14.015993 17.244192 0.000006 -0.000003 -0.000003 -5.669889 -4.448002 3.162396 -0.000005 -0.000005 0.000000 -1.150692 -3.013505 -0.086803 0.000000 -0.000006 -0.000001 0.431395 -1.930596 -0.420898 0.000003 0.000003 0.000004 0.865001 -1.558808 -0.501396 0.000001 -0.000003 -0.000004 -4.894710 -4.487006 4.992403 -0.000000 0.000006 0.000003 -1.614388 -4.026502 0.464399 -0.000001 -0.000006 0.000001 0.881408 -2.472398 -0.679998 0.000001 0.000003 -0.000004 0.983002 -1.727614 -0.664404 -0.000003 0.000004 0.000005 -3.976693 -4.405007 6.378004 -0.000005 0.000000 -0.000002 -1.576295 -4.640990 1.506199 0.000006 0.000000 0.000003 0.565404 -2.735107 -0.446303 -0.000003 0.000002 -0.000000 0.577905 -2.212799 -0.468592 0.000001 -0.000003 -0.000001 -2.165797 -4.997003 7.896706 -0.000001 -0.000008 0.000002 -1.107005 -3.866799 1.244101 -0.000002 -0.000001 0.000003 0.165897 -2.495183 -0.257403 0.000004 -0.000006 0.000001 0.419299 -2.359504 -0.559604 -0.000004 -0.000005 -0.000000 0.668802 -1.715996 3.232305 -0.000000 -0.000004 0.000001 0.618804 -2.224007 1.556290 -0.000001 -0.000001 0.000000 1.139796 -3.541111 2.553507 0.000003 0.000008 -0.000000 -0.589997 -2.627708 1.193708 -0.000002 -0.000001 -0.000002 8.610315 -5.345805 -1.147063 -100.704173 -0.000644 -0.002208 108.558009 -0.001704 -0.003049 -6.724355 -0.000286 0.000296 1.194452 -7.224802 11.745975 -0.000003 -0.000001 0.000000 0.749603 -1.684399 6.380374 0.000002 0.000000 -0.000000 -8.610320 -5.345827 -1.147061 -18.715401 0.000000 -0.000000 -1.467480 -41.307808 -0.215582 110.543285 0.000000 -0.000000 -1.465900 -41.266689 -3.033068 37.335385 0.000000 0.000000 -1.194488 -7.224801 11.746427 -0.000003 -0.000000 0.000000 -0.749617 -1.684396 6.379956 0.000000 0.000000 0.000000 
0.000000 49.403900 -1.590447 -0.000000 0.000000 -0.000000 0.000000 5.822938 0.122296 9.105527 -0.249028 0.039912 6.934461 0.000000 -0.000000 -0.000001 0.000000 -0.000000 0.000000 25.104643 -1.532955 -0.000035 -0.178743 -0.021817 0.000000 12.653503 1.544386 0.000002 -0.355279 -0.000000 -3.330329 3.459625 8.674031 -0.000001 0.000003 0.000005 3.330326 3.459809 8.674031 -0.000001 -0.000002 0.000000 -0.000000 -0.763535 1.289540 0.000002 -0.000001 -0.000000 -0.000000 6.326752 0.772188 0.000001 0.000000 -0.000000 0.095713 19.149185 -0.872779 -0.000002 0.000000 0.000000 16.249262 -1.457209 -3.766124 -1.464720 -6.770257 -24.388872 0.000001 0.000000 0.000003 0.000008 -0.000002 0.000004 5.669906 -4.448111 3.162336 0.000001 -0.000005 0.000004 -0.000000 0.000003 -0.000001 -0.000000 -0.000004 0.000002 0.000000 0.000005 0.000003 4.894719 -4.487228 4.992386 0.000001 -0.000003 -0.000003 -0.000004 0.000005 -0.000007 0.000002 -0.000002 -0.000001 -0.000006 -0.000001 -0.000002 3.976714 -4.405065 6.377932 0.000001 0.000002 -0.000004 0.000004 -0.000006 -0.000004 -0.000001 -0.000004 0.000001 -0.000002 0.000000 -0.000001 2.165859 -4.997841 7.896616 -0.000001 0.000005 -0.000005 -0.000001 0.000002 -0.000003 0.000001 0.000004 -0.000003 0.000001 -0.000005 -0.000003 -0.668809 -1.716160 3.232252 0.000003 0.000006 -0.000001 -0.618822 -2.224029 1.556313 0.000000 0.000004 -0.000000 -1.139793 -3.541381 2.553546 0.000004 -0.000007 0.000001 0.000001 0.000003 -0.000000 -0.095715 19.149399 -0.872781 0.000001 -0.000000 0.000001 -16.249187 -1.456992 -3.766136 -2.041379 7.359871 24.254741 -18.689997 -21.492998 1.212274 -0.000002 0.000001 -0.000004 -9.161702 -14.015995 17.244194 0.000007 -0.000002 -0.000002 -5.669893 -4.448007 3.162397 -0.000003 -0.000003 0.000001 -1.150699 -3.013506 -0.086800 0.000000 -0.000003 -0.000001 0.431396 -1.930586 -0.420895 0.000003 0.000004 -0.000003 0.865005 -1.558802 -0.501399 0.000000 -0.000003 -0.000004 -4.894713 -4.487019 4.992406 0.000001 0.000007 0.000003 -1.614395 -4.026490 0.464399 0.000001 0.000001 -0.000000 0.881406 -2.472422 -0.680002 0.000003 0.000003 -0.000002 0.983007 -1.727615 -0.664401 -0.000002 0.000004 0.000009 -3.976703 -4.405004 6.378004 -0.000003 -0.000001 0.000002 -1.576293 -4.640993 1.506196 0.000002 0.000002 0.000004 0.565403 -2.735109 -0.446301 0.000001 0.000003 0.000003 0.577904 -2.212799 -0.468594 0.000001 -0.000004 -0.000004 -2.165804 -4.996983 7.896704 -0.000002 -0.000005 0.000002 -1.106999 -3.866791 1.244098 0.000003 -0.000001 0.000004 0.165890 -2.495203 -0.257398 0.000003 -0.000002 -0.000001 0.419310 -2.359507 -0.559602 -0.000003 -0.000002 -0.000002 0.668798 -1.715999 3.232302 -0.000000 -0.000001 -0.000001 0.618807 -2.224007 1.556290 -0.000001 0.000000 0.000001 1.139800 -3.541086 2.553508 0.000002 0.000009 0.000003 -0.589994 -2.627708 1.193706 -0.000001 -0.000003 -0.000002 8.610315 -5.345805 -1.147063 -100.704173 -0.000644 -0.002208 108.558009 -0.001704 -0.003049 -6.724355 -0.000286 0.000296 1.194452 -7.224802 11.745975 -0.000003 -0.000001 0.000000 0.749603 -1.684399 6.380374 0.000002 0.000000 -0.000000 -8.610320 -5.345827 -1.147061 -18.715401 0.000000 -0.000000 -1.467480 -41.307808 -0.215582 110.543285 0.000000 -0.000000 -1.465900 -41.266689 -3.033068 37.335385 0.000000 0.000000 -1.194488 -7.224801 11.746427 -0.000003 -0.000000 0.000000 -0.749617 -1.684396 6.379956 0.000000 0.000000 0.000000 
0.000000 49.403900 -1.590447 -0.000000 0.000000 -0.000000 0.000000 5.822938 0.122296 9.105444 -0.061962 0.009931 6.934463 0.000000 0.000000 -0.000001 0.000000 -0.000000 0.000000 25.104645 -1.532955 -0.000002 -0.044477 -0.005429 0.000000 12.653503 1.544392 0.000001 -0.088380 -0.000000 -3.330329 3.459625 8.674030 -0.000000 0.000003 0.000005 3.330327 3.459808 8.674031 -0.000000 -0.000003 0.000000 0.000000 -0.763504 1.289539 0.000003 -0.000001 -0.000000 0.000000 6.326736 0.772194 0.000001 0.000000 0.000000 0.095713 19.149216 -0.872779 0.000000 0.000001 0.000000 16.249252 -1.457224 -3.766127 -1.464718 -6.770262 -24.388874 -0.000003 -0.000003 0.000005 0.000007 -0.000002 0.000004 5.669900 -4.448126 3.162331 -0.000001 -0.000003 0.000007 0.000000 0.000004 0.000002 0.000000 -0.000002 -0.000001 0.000001 0.000004 0.000001 4.894713 -4.487227 4.992380 -0.000000 -0.000006 -0.000000 -0.000003 0.000006 -0.000009 0.000004 -0.000006 0.000000 -0.000003 -0.000003 -0.000000 3.976707 -4.405067 6.377928 -0.000002 -0.000001 -0.000000 0.000006 -0.000006 -0.000003 0.000001 -0.000007 0.000002 -0.000002 0.000001 0.000004 2.165848 -4.997850 7.896614 0.000001 0.000003 -0.000002 -0.000001 0.000005 0.000001 0.000003 0.000004 -0.000002 -0.000002 -0.000006 0.000000 -0.668810 -1.716163 3.232249 0.000005 0.000004 0.000002 -0.618818 -2.224035 1.556318 0.000004 0.000004 -0.000005 -1.139791 -3.541376 2.553547 0.000002 -0.000004 -0.000000 -0.000001 0.000002 -0.000001 -0.095715 19.149399 -0.872781 0.000004 -0.000000 0.000001 -16.249186 -1.456993 -3.766136 -1.668410 7.045666 24.861528 -18.689985 -21.492992 1.212277 -0.000003 0.000003 -0.000001 -9.161711 -14.016000 17.244204 0.000004 0.000003 0.000001 -5.669897 -4.447995 3.162402 -0.000001 -0.000003 0.000000 -1.150689 -3.013508 -0.086803 -0.000003 -0.000003 -0.000000 0.431391 -1.930584 -0.420900 0.000003 0.000003 0.000004 0.865000 -1.558796 -0.501399 0.000000 -0.000003 0.000001 -4.894710 -4.487015 4.992411 0.000002 0.000007 0.000001 -1.614399 -4.026495 0.464399 0.000003 -0.000005 -0.000001 0.881407 -2.472401 -0.679995 0.000002 0.000001 0.000001 0.983001 -1.727609 -0.664403 -0.000006 0.000006 0.000011 -3.976699 -4.405014 6.378005 -0.000003 0.000001 -0.000000 -1.576297 -4.640996 1.506196 0.000002 -0.000001 0.000002 0.565410 -2.735106 -0.446300 -0.000001 0.000001 -0.000006 0.577892 -2.212808 -0.468597 -0.000002 0.000002 0.000003 -2.165802 -4.997004 7.896708 0.000001 -0.000008 0.000000 -1.107002 -3.866793 1.244101 0.000001 -0.000001 0.000004 0.165891 -2.495196 -0.257402 0.000001 0.000003 -0.000002 0.419301 -2.359504 -0.559601 -0.000002 0.000000 0.000004 0.668800 -1.715999 3.232308 0.000000 -0.000007 -0.000001 0.618804 -2.223994 1.556300 -0.000006 -0.000006 -0.000000 1.139797 -3.541103 2.553504 0.000000 0.000007 0.000002 -0.589998 -2.627700 1.193709 -0.000001 -0.000002 0.000000 8.610315 -5.345805 -1.147063 -100.704173 -0.000644 -0.002208 108.558009 -0.001704 -0.003049 -6.724355 -0.000286 0.000296 1.194452 -7.224802 11.745975 -0.000003 -0.000001 0.000000 0.749603 -1.684399 6.380374 0.000002 0.000000 -0.000000 -8.610320 -5.345827 -1.147061 -18.715401 0.000000 -0.000000 -1.467480 -41.307808 -0.215582 110.543285 0.000000 -0.000000 -1.465900 -41.266689 -3.033068 37.335385 0.000000 0.000000 -1.194488 -7.224801 11.746427 -0.000003 -0.000000 0.000000 -0.749617 -1.684396 6.379956 0.000000 0.000000 0.000000 
0.000000 49.403900 -1.590447 -0.000000 0.000000 -0.000000 0.000000 5.822938 0.122295 9.105439 0.000000 -0.000000 6.934464 0.000000 -0.000000 -0.000000 0.000000 -0.000000 0.000000 25.104660 -1.532955 -0.000000 0.000000 -0.000000 0.000000 12.653503 1.544391 0.000000 0.000000 -0.000000 -3.330329 3.459625 8.674036 0.000000 0.000003 0.000005 3.330326 3.459808 8.674036 0.000000 -0.000003 0.000000 -0.000000 -0.763519 1.289543 0.000003 -0.000001 -0.000000 0.000000 6.326752 0.772193 0.000002 0.000000 -0.000000 0.095713 19.149231 -0.872781 -0.000000 0.000000 0.000000 16.249262 -1.457202 -3.766124 -1.464719 -6.770259 -24.388871 -0.000001 -0.000005 0.000001 0.000005 0.000000 0.000004 5.669903 -4.448129 3.162334 -0.000002 -0.000005 0.000006 0.000000 0.000004 0.000000 0.000002 -0.000003 0.000004 -0.000000 0.000006 -0.000000 4.894720 -4.487217 4.992383 -0.000001 -0.000007 -0.000002 -0.000003 0.000004 -0.000004 0.000003 -0.000003 0.000002 -0.000004 -0.000004 -0.000002 3.976710 -4.405063 6.377934 -0.000002 -0.000001 -0.000002 0.000005 -0.000009 -0.000007 0.000002 -0.000008 -0.000004 -0.000002 -0.000003 -0.000002 2.165859 -4.997848 7.896616 -0.000001 0.000003 0.000001 -0.000002 0.000007 -0.000002 0.000000 0.000004 -0.000000 -0.000002 0.000001 -0.000001 -0.668809 -1.716166 3.232252 0.000005 0.000003 0.000001 -0.618822 -2.224037 1.556315 -0.000000 0.000003 -0.000003 -1.139795 -3.541367 2.553546 0.000003 -0.000004 -0.000000 0.000001 0.000003 0.000002 -0.095715 19.149414 -0.872783 0.000004 -0.000000 0.000001 -16.249191 -1.456996 -3.766132 -1.544911 6.943031 25.060266 -18.689987 -21.493004 1.212276 0.000001 0.000004 -0.000002 -9.161708 -14.016002 17.244196 0.000008 0.000003 -0.000002 -5.669893 -4.447994 3.162401 -0.000006 -0.000005 0.000000 -1.150694 -3.013504 -0.086802 -0.000001 -0.000001 -0.000003 0.431398 -1.930585 -0.420900 0.000001 0.000002 -0.000005 0.865001 -1.558793 -0.501394 0.000001 -0.000004 -0.000005 -4.894710 -4.487007 4.992411 0.000002 0.000007 0.000001 -1.614395 -4.026505 0.464399 0.000002 -0.000003 -0.000000 0.881408 -2.472398 -0.680002 0.000002 0.000002 0.000003 0.982998 -1.727609 -0.664405 -0.000005 0.000003 0.000012 -3.976696 -4.405012 6.378010 -0.000006 0.000000 -0.000002 -1.576296 -4.640987 1.506193 0.000004 -0.000004 0.000005 0.565409 -2.735099 -0.446299 0.000000 0.000003 -0.000003 0.577904 -2.212806 -0.468593 -0.000001 -0.000002 -0.000003 -2.165805 -4.997001 7.896709 -0.000004 -0.000008 0.000002 -1.107002 -3.866797 1.244101 0.000001 0.000001 0.000000 0.165892 -2.495198 -0.257401 0.000001 -0.000003 0.000000 0.419304 -2.359511 -0.559601 -0.000004 -0.000006 0.000001 0.668799 -1.716001 3.232314 -0.000003 -0.000003 -0.000002 0.618812 -2.224016 1.556294 -0.000001 -0.000002 -0.000006 1.139799 -3.541102 2.553508 -0.000001 0.000008 -0.000002 -0.589995 -2.627703 1.193708 0.000002 -0.000001 -0.000001 8.610315 -5.345805 -1.147063 -100.704173 -0.000644 -0.002208 108.558009 -0.001704 -0.003049 -6.724355 -0.000286 0.000296 1.194452 -7.224802 11.745975 -0.000003 -0.000001 0.000000 0.749603 -1.684399 6.380374 0.000002 0.000000 -0.000000 -8.610320 -5.345827 -1.147061 -18.715401 0.000000 -0.000000 -1.467480 -41.307808 -0.215582 110.543285 0.000000 -0.000000 -1.465900 -41.266689 -3.033068 37.335385 0.000000 0.000000 -1.194488 -7.224801 11.746427 -0.000003 -0.000000 0.000000 -0.749617 -1.684396 6.379956 0.000000 0.000000 0.000000 
