# Blender v2.79 (sub 0) OBJ File: ''
# www.blender.org
mtllib 1.mtl
o 1
v -0.239613 0.340606 -0.012168
v -0.217612 0.356060 -0.005802
v -0.215361 0.349672 -0.007231
v -0.237222 0.333616 -0.018230
v -0.192974 0.365229 0.001467
v -0.212742 0.342834 -0.007640
v -0.188669 0.352108 0.001320
v -0.234453 0.326198 -0.018683
v -0.210303 0.335564 -0.007452
v -0.169387 0.374810 -0.001139
v -0.231952 0.318939 -0.018790
v -0.185788 0.344494 0.002558
v -0.165756 0.363813 0.001829
v -0.229738 0.311453 -0.018454
v -0.206491 0.326010 -0.000090
v -0.162701 0.356774 0.004080
v -0.227167 0.303853 -0.017766
v -0.224524 0.296870 -0.018704
v -0.181176 0.333523 0.014752
v -0.160358 0.348403 0.005774
v -0.134907 0.352731 0.008069
v -0.201855 0.315532 0.010254
v -0.177124 0.323777 0.023010
v -0.156681 0.338828 0.014531
v -0.132513 0.345588 0.006646
v -0.221836 0.289908 -0.020007
v -0.198192 0.306893 0.015458
v -0.173762 0.315200 0.027453
v -0.152481 0.327848 0.025976
v -0.129353 0.337691 0.010641
v -0.100082 0.333937 0.013561
v -0.194947 0.299180 0.017905
v -0.192050 0.292147 0.018182
v -0.170692 0.307229 0.030134
v -0.125456 0.327565 0.018983
v -0.097355 0.325929 0.015184
v -0.187216 0.279811 0.012260
v -0.161997 0.282755 0.016608
v -0.149018 0.318638 0.032137
v -0.146020 0.310332 0.035511
v -0.094572 0.318092 0.017542
v -0.189440 0.285727 0.016327
v -0.160780 0.278120 0.005193
v -0.167946 0.300019 0.031002
v -0.163477 0.287712 0.025179
v -0.143118 0.302747 0.037522
v -0.121973 0.317084 0.029578
v -0.091710 0.309958 0.019178
v -0.133350 0.277814 0.026860
v -0.140320 0.295768 0.038292
v -0.118615 0.307931 0.036627
v -0.060569 0.297406 0.003396
v -0.234417 0.247497 -0.052006
v -0.135215 0.283046 0.035147
v -0.115532 0.299766 0.040473
v -0.088729 0.301722 0.023866
v -0.265770 0.192572 -0.044604
v -0.231583 0.240965 -0.054252
v -0.177638 0.250829 -0.041579
v -0.137648 0.289126 0.037781
v -0.112664 0.292218 0.042835
v -0.085957 0.293216 0.030089
v -0.058428 0.290304 0.006730
v -0.248534 0.215027 -0.062716
v -0.230853 0.230623 -0.081019
v -0.204710 0.247979 -0.045253
v -0.109849 0.285007 0.044485
v -0.107078 0.278074 0.045462
v -0.055436 0.282039 0.008299
v -0.227185 0.222094 -0.081203
v -0.229042 0.234447 -0.056696
v -0.194940 0.217845 -0.066202
v -0.150646 0.254570 -0.035182
v -0.124230 0.251792 -0.070659
v -0.104396 0.271324 0.045626
v -0.083128 0.285190 0.035390
v -0.080399 0.277639 0.038588
v -0.222952 0.214907 -0.079879
v -0.209863 0.244664 -0.100056
v -0.205680 0.236593 -0.093885
v -0.169188 0.222051 -0.066351
v -0.164293 0.212257 -0.054228
v -0.101791 0.264676 0.045167
v -0.099206 0.258195 0.044232
v -0.052708 0.275563 0.009352
v -0.023290 0.271414 -0.002829
v -0.243229 0.206091 -0.053234
v -0.214428 0.253215 -0.104054
v -0.201251 0.228806 -0.088327
v -0.175184 0.233858 -0.090634
v -0.077637 0.270271 0.040591
v -0.049996 0.268001 0.009709
v -0.217381 0.204616 -0.065492
v -0.180409 0.244167 -0.108049
v -0.187236 0.257127 -0.131949
v -0.144722 0.230456 -0.086721
v -0.096718 0.251796 0.042925
v -0.074951 0.263226 0.041990
v -0.042173 0.249628 0.003128
v -0.260574 0.185238 -0.038485
v -0.237590 0.196031 -0.036892
v -0.188443 0.206524 -0.047009
v -0.155745 0.252500 -0.124060
v -0.190692 0.265817 -0.137264
v -0.150760 0.241977 -0.111154
v -0.139623 0.219603 -0.069383
v -0.094279 0.245448 0.041413
v -0.072318 0.256354 0.042789
v -0.047075 0.261277 0.010072
v -0.039770 0.243842 -0.000709
v -0.283006 0.167004 -0.041501
v -0.253954 0.175283 -0.023466
v -0.160641 0.263841 -0.138667
v -0.113788 0.222534 -0.102761
v -0.091802 0.239245 0.039700
v -0.069715 0.249613 0.043106
v -0.044240 0.255380 0.008069
v -0.036980 0.234745 0.008971
v -0.291877 0.182732 -0.053978
v -0.277200 0.158994 -0.032201
v -0.271548 0.150178 -0.022173
v -0.228992 0.184072 -0.007534
v -0.160175 0.202947 -0.047217
v -0.122523 0.241788 -0.129854
v -0.125163 0.251165 -0.138511
v -0.119166 0.233865 -0.125022
v -0.109203 0.211380 -0.084505
v -0.089323 0.233085 0.037963
v -0.067089 0.242977 0.043152
v -0.064542 0.236409 0.042793
v -0.034575 0.228294 0.006863
v -0.293640 0.127104 -0.040513
v -0.290584 0.119348 -0.038394
v -0.247068 0.165075 -0.004382
v -0.237525 0.154773 0.026931
v -0.183383 0.196819 -0.036525
v -0.135856 0.210530 -0.062276
v -0.126827 0.259949 -0.136617
v -0.089247 0.217356 -0.089114
v -0.087106 0.227149 0.035917
v -0.061996 0.229923 0.042125
v -0.057064 0.217404 0.039924
v -0.284894 0.111405 -0.032404
v -0.265944 0.141869 -0.011919
v -0.260783 0.133132 -0.001083
v -0.156151 0.193797 -0.041941
v -0.132630 0.201969 -0.058240
v -0.162327 0.268505 -0.128120
v -0.105345 0.202395 -0.078870
v -0.084830 0.221521 0.033030
v -0.082366 0.215908 0.030344
v -0.059484 0.223644 0.041138
v -0.079218 0.209918 0.027499
v -0.054656 0.211103 0.038530
v -0.281059 0.103488 -0.029537
v -0.254439 0.124486 0.016071
v -0.129382 0.193297 -0.055273
v -0.102208 0.194045 -0.075562
v -0.076419 0.204149 0.023897
v -0.052154 0.204788 0.036981
v -0.031831 0.221487 0.007522
v -0.276627 0.095973 -0.023112
v -0.273054 0.088334 -0.017419
v -0.246964 0.116105 0.035822
v -0.099204 0.185879 -0.073589
v -0.071737 0.190531 0.020998
v -0.277444 0.170194 -0.009539
v -0.289360 0.131529 -0.013433
v -0.230295 0.145639 0.047054
v -0.049668 0.198402 0.035493
v -0.309572 0.119056 -0.005800
v -0.225309 0.137654 0.058753
v -0.214838 0.170017 0.042022
v -0.095974 0.177666 -0.072173
v -0.047166 0.192004 0.034097
v -0.290505 0.138416 -0.005922
v -0.241344 0.108264 0.046894
v -0.208419 0.160841 0.059985
v -0.196493 0.182709 0.031297
v -0.069449 0.183840 0.020044
v -0.290885 0.145092 0.002393
v -0.220588 0.129954 0.068157
v -0.203420 0.152625 0.071938
v -0.186671 0.170187 0.065829
v -0.044561 0.185623 0.032615
v -0.236964 0.100977 0.053873
v -0.198918 0.144904 0.081505
v -0.180620 0.160933 0.083424
v -0.066753 0.177207 0.019752
v -0.216213 0.122561 0.075880
v -0.194810 0.137543 0.089418
v -0.176097 0.153032 0.094180
v -0.162020 0.173359 0.072428
v -0.041990 0.179204 0.031125
v -0.233214 0.094046 0.058736
v -0.212170 0.115452 0.082126
v -0.191019 0.130433 0.095944
v -0.155955 0.162991 0.094856
v -0.064054 0.170423 0.019411
v -0.229826 0.087382 0.062596
v -0.208450 0.108552 0.087045
v -0.172367 0.145747 0.101573
v -0.151923 0.155251 0.104456
v -0.134217 0.168481 0.091895
v -0.039279 0.172706 0.029809
v -0.226582 0.080857 0.065581
v -0.187549 0.123494 0.101177
v -0.169001 0.138747 0.107258
v -0.148597 0.148059 0.110685
v -0.129862 0.159670 0.104307
v -0.061300 0.163475 0.020075
v -0.204954 0.101853 0.090842
v -0.184252 0.116700 0.105406
v -0.165810 0.131967 0.111828
v -0.145550 0.141220 0.115299
v -0.126508 0.152190 0.111245
v -0.110360 0.167448 0.080588
v -0.036523 0.166240 0.028582
v -0.223451 0.074399 0.067796
v -0.201697 0.095339 0.093667
v -0.162745 0.125342 0.115602
v -0.142619 0.134552 0.119026
v -0.123654 0.145090 0.115981
v -0.106312 0.159104 0.095494
v -0.057467 0.154600 0.021156
v -0.010068 0.167198 0.003302
v -0.198700 0.088998 0.095705
v -0.181090 0.110054 0.108795
v -0.159741 0.118827 0.118673
v -0.139774 0.128019 0.122033
v -0.120866 0.138325 0.119585
v -0.103098 0.151212 0.103946
v -0.086013 0.154224 -0.016564
v -0.033867 0.159629 0.027547
v -0.031230 0.152647 0.026693
v -0.220427 0.067938 0.069434
v -0.178093 0.103626 0.111391
v -0.156863 0.112421 0.121068
v -0.137008 0.121596 0.124508
v -0.118171 0.131676 0.122571
v -0.100049 0.143969 0.109618
v -0.027417 0.145589 0.028302
v -0.007258 0.160349 0.005222
v -0.195890 0.082744 0.097114
v -0.175263 0.097332 0.113296
v -0.154117 0.106100 0.122894
v -0.134357 0.115248 0.126509
v -0.115502 0.125122 0.125021
v -0.097304 0.136735 0.113800
v -0.004739 0.151737 0.009281
v 0.022545 0.151983 -0.014758
v 0.020007 0.162092 -0.026401
v -0.217477 0.061451 0.070702
v -0.172575 0.091151 0.114603
v -0.151505 0.099900 0.124278
v -0.131824 0.108933 0.128017
v -0.112760 0.118557 0.128337
v -0.094746 0.130006 0.119526
v -0.002129 0.144028 0.013590
v 0.024998 0.141429 0.005545
v 0.051252 0.147870 -0.041582
v -0.018848 0.179362 -0.029787
v -0.193230 0.076528 0.098047
v -0.169995 0.085047 0.115423
v -0.148968 0.093773 0.125242
v -0.129341 0.102704 0.129262
v -0.126899 0.096543 0.130421
v -0.109764 0.111787 0.134295
v 0.049739 0.160805 -0.066840
v -0.190652 0.070274 0.098552
v -0.167484 0.079009 0.115834
v -0.146466 0.087704 0.125899
v -0.144008 0.081669 0.126270
v -0.124472 0.090391 0.131534
v -0.106537 0.105182 0.140860
v -0.214596 0.055014 0.071628
v -0.188166 0.063978 0.098717
v -0.165020 0.072985 0.115855
v -0.162630 0.066912 0.115559
v -0.141628 0.075680 0.126321
v -0.121952 0.084299 0.132877
v -0.119307 0.078259 0.134982
v -0.088664 0.120404 0.147702
v -0.211743 0.048623 0.072369
v -0.185741 0.057694 0.098570
v -0.139260 0.069736 0.126031
v -0.136917 0.063788 0.125475
v -0.134609 0.057805 0.124737
v -0.103245 0.098743 0.147000
v -0.085416 0.113443 0.155966
v -0.069525 0.130788 0.146351
v -0.208916 0.042171 0.072878
v -0.160293 0.060805 0.114937
v -0.158027 0.054660 0.114000
v -0.155769 0.048515 0.112836
v -0.116468 0.072276 0.137939
v -0.100143 0.092426 0.152104
v -0.082539 0.107022 0.161113
v -0.066405 0.122636 0.158985
v -0.183332 0.051455 0.098147
v -0.180931 0.045215 0.097479
v -0.178534 0.038921 0.096562
v -0.132337 0.051739 0.123929
v -0.113594 0.066355 0.140823
v -0.097233 0.086286 0.156210
v -0.079805 0.100754 0.165048
v -0.063720 0.116109 0.164893
v -0.048489 0.136075 0.142069
v -0.206115 0.035686 0.073227
v -0.153514 0.042297 0.111504
v -0.130135 0.045603 0.123082
v -0.110823 0.060472 0.143031
v -0.094527 0.080329 0.159415
v -0.077177 0.094657 0.168328
v -0.061146 0.109757 0.169207
v -0.045590 0.126582 0.159560
v -0.022510 0.124626 0.159417
v -0.203408 0.029190 0.073242
v -0.176151 0.032615 0.095480
v -0.151253 0.036062 0.110040
v -0.108200 0.054572 0.144548
v -0.091986 0.074553 0.161797
v -0.074631 0.088705 0.171146
v -0.058612 0.103662 0.172807
v -0.042872 0.119310 0.166815
v -0.040500 0.112819 0.171206
v -0.200806 0.022790 0.073032
v -0.173825 0.026336 0.094268
v -0.127962 0.039393 0.122283
v -0.105677 0.048635 0.145601
v -0.089496 0.068843 0.163565
v -0.072164 0.082844 0.173462
v -0.056174 0.097612 0.175774
v -0.020074 0.117260 0.166463
v -0.198291 0.016493 0.072578
v -0.149017 0.029854 0.108475
v -0.125762 0.033206 0.121508
v -0.103193 0.042676 0.146298
v -0.087032 0.063138 0.164869
v -0.069775 0.077099 0.175282
v -0.053810 0.091684 0.178180
v -0.035652 0.100843 0.177412
v -0.038042 0.106791 0.174611
v -0.017725 0.110721 0.170718
v 0.000317 0.124012 0.141474
v -0.171542 0.020123 0.092959
v -0.146840 0.023726 0.106874
v -0.123486 0.027095 0.120939
v -0.100732 0.036654 0.146571
v -0.084632 0.057393 0.165717
v -0.067445 0.071437 0.176675
v -0.051476 0.085865 0.180176
v -0.033313 0.094927 0.179760
v -0.015458 0.104460 0.174182
v 0.002941 0.115624 0.159382
v 0.026231 0.113864 0.149740
v -0.195832 0.010196 0.072021
v -0.169279 0.013984 0.091595
v -0.144703 0.017639 0.105257
v -0.098343 0.030621 0.146476
v -0.079901 0.045799 0.166264
v -0.082255 0.051601 0.166160
v -0.065143 0.065808 0.177691
v -0.049165 0.080107 0.181728
v -0.031010 0.089123 0.181642
v -0.013160 0.098448 0.176936
v 0.005167 0.108760 0.165772
v 0.028268 0.107058 0.156931
v 0.024317 0.121870 0.135642
v -0.193396 0.003832 0.071356
v -0.167040 0.007815 0.090194
v -0.121092 0.021106 0.120553
v -0.096022 0.024702 0.146093
v -0.077570 0.039993 0.166066
v -0.058377 0.048893 0.178763
v -0.062866 0.060190 0.178371
v -0.046885 0.074385 0.182900
v -0.028736 0.083373 0.183112
v -0.010880 0.092553 0.179232
v 0.007296 0.102467 0.169759
v 0.030381 0.100795 0.161681
v 0.049957 0.111616 0.149916
v 0.048179 0.118534 0.143541
v -0.190969 -0.002610 0.070685
v -0.142592 0.011548 0.103667
v -0.118629 0.015170 0.120329
v -0.093703 0.018918 0.145565
v -0.075273 0.034176 0.165647
v -0.056176 0.043188 0.178564
v -0.037836 0.051769 0.184457
v -0.060607 0.054566 0.178704
v -0.042359 0.063014 0.184230
v -0.044624 0.068678 0.183714
v -0.026478 0.077652 0.184197
v -0.008589 0.086722 0.181012
v 0.009468 0.096441 0.172683
v 0.011664 0.090570 0.175012
v 0.051935 0.105077 0.154120
v 0.074440 0.110439 0.138303
v 0.072532 0.117420 0.131856
v 0.046677 0.126674 0.131199
v -0.164847 0.001551 0.088731
v -0.140438 0.005381 0.102078
v -0.116185 0.009191 0.120152
v -0.091409 0.013190 0.144970
v -0.073062 0.028390 0.165029
v -0.053972 0.037461 0.178121
v -0.035545 0.046124 0.184241
v -0.017469 0.054905 0.185569
v -0.040100 0.057383 0.184469
v -0.021964 0.066244 0.185422
v -0.024226 0.071943 0.184953
v -0.006272 0.080965 0.182292
v 0.032636 0.094743 0.165291
v 0.054081 0.098918 0.157017
v 0.076526 0.103926 0.141924
v 0.070776 0.124978 0.119428
v -0.188510 -0.008995 0.069998
v -0.162661 -0.004776 0.087214
v -0.138221 -0.000857 0.100526
v -0.113738 0.003150 0.120084
v -0.070907 0.022653 0.164299
v -0.051752 0.031716 0.177447
v -0.033262 0.040490 0.183801
v -0.015232 0.049240 0.185310
v 0.002949 0.058234 0.183513
v -0.019703 0.060563 0.185616
v -0.001655 0.069583 0.183599
v -0.003959 0.075263 0.183141
v 0.013916 0.084734 0.176733
v 0.034841 0.088818 0.167883
v 0.056275 0.092961 0.159079
v 0.078774 0.097778 0.143753
v 0.104243 0.105077 0.105646
v -0.186056 -0.015325 0.069207
v -0.160450 -0.011066 0.085641
v -0.135975 -0.007116 0.099006
v -0.089128 0.007389 0.144359
v -0.068745 0.016990 0.163470
v -0.049546 0.025998 0.176589
v -0.030988 0.034839 0.183123
v -0.012995 0.043632 0.184823
v 0.005216 0.052580 0.183114
v 0.000659 0.063895 0.183695
v 0.018531 0.073159 0.178515
v 0.016212 0.078925 0.177870
v 0.037069 0.082938 0.169664
v 0.058577 0.087071 0.160404
v 0.081153 0.091755 0.144558
v 0.106173 0.098471 0.109134
v 0.102434 0.111890 0.101055
v -0.183657 -0.021719 0.068280
v -0.158154 -0.017345 0.083997
v -0.111266 -0.002910 0.120034
v -0.086891 0.001479 0.143718
v -0.066540 0.011273 0.162615
v -0.047350 0.020326 0.175547
v -0.028729 0.029172 0.182222
v -0.010768 0.038047 0.184089
v 0.007439 0.046973 0.182489
v 0.023196 0.061751 0.178676
v 0.020854 0.067428 0.178743
v 0.039352 0.077101 0.170775
v 0.060922 0.081251 0.161009
v 0.083468 0.085901 0.144606
v 0.108458 0.092261 0.109635
v 0.110997 0.086317 0.108242
v 0.130295 0.103768 0.094136
v 0.100081 0.118382 0.098229
v -0.155835 -0.023721 0.082287
v -0.133704 -0.013323 0.097515
v -0.108755 -0.008907 0.119949
v -0.084654 -0.004467 0.143055
v -0.064327 0.005452 0.161684
v -0.045138 0.014670 0.174365
v -0.026505 0.023538 0.181049
v -0.008527 0.032436 0.183117
v 0.009657 0.041377 0.181602
v 0.025510 0.056139 0.178293
v 0.044065 0.065611 0.171169
v 0.041706 0.071296 0.171239
v 0.063276 0.075462 0.161087
v 0.085798 0.080173 0.143968
v 0.088157 0.074475 0.142612
v 0.132813 0.097511 0.093658
v 0.127835 0.110041 0.094222
v 0.125441 0.116290 0.093863
v 0.097693 0.125080 0.094846
v -0.181272 -0.028222 0.067228
v -0.131443 -0.019539 0.096046
v -0.106308 -0.014855 0.119730
v -0.082415 -0.010339 0.142324
v -0.062088 -0.000442 0.160699
v -0.042963 0.008899 0.173023
v -0.024308 0.017987 0.179621
v -0.006294 0.026787 0.181829
v 0.011840 0.035712 0.180445
v 0.027818 0.050514 0.177581
v 0.046467 0.059963 0.170656
v 0.065630 0.069755 0.160656
v 0.068022 0.064010 0.159687
v 0.070444 0.058315 0.158102
v 0.090587 0.068732 0.140468
v 0.113739 0.080444 0.105630
v 0.154971 0.109257 0.079555
v 0.152371 0.115604 0.080219
v 0.149838 0.121904 0.080489
v 0.123085 0.122629 0.092938
v 0.120748 0.129084 0.091458
v 0.095491 0.131958 0.090665
v -0.153511 -0.030183 0.080515
v -0.129169 -0.025843 0.094644
v -0.103941 -0.020910 0.119403
v -0.080151 -0.016279 0.141546
v -0.059871 -0.006272 0.159607
v -0.040775 0.003060 0.171525
v -0.022142 0.012388 0.177973
v -0.004042 0.021168 0.180228
v 0.014066 0.029994 0.178955
v 0.030153 0.044853 0.176506
v 0.048890 0.054302 0.169749
v 0.051305 0.048616 0.168392
v 0.053701 0.042963 0.166548
v 0.072910 0.052635 0.155783
v 0.093166 0.062998 0.137384
v 0.116590 0.074593 0.102426
v 0.157651 0.102910 0.078426
v 0.147366 0.128233 0.080287
v 0.144962 0.134648 0.079579
v 0.118368 0.135707 0.089301
v 0.093446 0.138957 0.085697
v -0.178898 -0.034771 0.066041
v -0.151211 -0.036711 0.078617
v -0.126907 -0.032223 0.093388
v -0.101603 -0.027076 0.118924
v -0.057657 -0.012069 0.158410
v -0.038583 -0.002703 0.169895
v -0.019990 0.006656 0.176074
v -0.001764 0.015623 0.178334
v 0.016356 0.024310 0.177093
v 0.032517 0.039169 0.175051
v 0.034879 0.033490 0.173214
v 0.037218 0.027845 0.170967
v 0.056096 0.037322 0.164142
v 0.075391 0.046980 0.152704
v 0.077978 0.041244 0.148813
v 0.095922 0.057216 0.133389
v 0.135381 0.091286 0.092768
v 0.137990 0.085106 0.091426
v 0.142615 0.141150 0.078323
v 0.116085 0.142483 0.086373
v -0.176545 -0.041354 0.064758
v -0.148931 -0.043223 0.076611
v -0.124621 -0.038596 0.092138
v -0.077849 -0.022305 0.140692
v -0.055401 -0.017922 0.157128
v -0.036381 -0.008361 0.168137
v -0.017811 0.000837 0.173953
v 0.000531 0.009992 0.176150
v 0.018657 0.018753 0.174886
v 0.020981 0.013245 0.172371
v 0.039555 0.022272 0.168292
v 0.058550 0.031637 0.161157
v 0.061121 0.025915 0.157588
v 0.080720 0.035440 0.144202
v 0.098781 0.051432 0.128211
v 0.119468 0.068549 0.099151
v 0.140661 0.078987 0.089636
v 0.160402 0.096609 0.076873
v 0.140381 0.147824 0.076402
v 0.091483 0.146116 0.080041
v -0.174199 -0.047900 0.063344
v -0.146672 -0.049648 0.074533
v -0.099293 -0.033281 0.118266
v -0.075497 -0.028396 0.139748
v -0.053112 -0.023858 0.155780
v -0.034176 -0.014073 0.166243
v -0.015599 -0.004867 0.171670
v 0.002816 0.004256 0.173682
v 0.023303 0.007598 0.169536
v 0.041974 0.016762 0.165224
v 0.044470 0.011106 0.161792
v 0.063794 0.020232 0.153446
v 0.083642 0.029555 0.138772
v 0.101932 0.045531 0.121580
v 0.122267 0.062516 0.096134
v 0.163240 0.090342 0.074778
v 0.169715 0.148196 0.054703
v 0.113898 0.149393 0.082558
v 0.111829 0.156490 0.077599
v 0.072619 0.136686 0.066282
v -0.171801 -0.054389 0.061876
v -0.122272 -0.044879 0.091022
v -0.096931 -0.039347 0.117494
v -0.073133 -0.034360 0.138714
v -0.050793 -0.029787 0.154296
v -0.031966 -0.019888 0.164277
v -0.013372 -0.010546 0.169245
v 0.005125 -0.001463 0.171011
v 0.025683 0.001788 0.166420
v 0.028113 -0.004019 0.163105
v 0.047014 0.005222 0.158035
v 0.066533 0.014536 0.148820
v 0.069276 0.008672 0.143699
v 0.086692 0.023667 0.132472
v 0.105345 0.039566 0.113358
v 0.108992 0.033550 0.103897
v 0.143436 0.072939 0.087317
v 0.166192 0.084124 0.072102
v 0.172169 0.141559 0.055516
v 0.167471 0.155060 0.052824
v 0.138231 0.154627 0.073591
v 0.136197 0.161640 0.069468
v 0.089694 0.153491 0.073566
v 0.070659 0.144637 0.056530
v -0.144448 -0.056109 0.072412
v -0.119888 -0.051071 0.090164
v -0.094509 -0.045343 0.116692
v -0.070759 -0.040246 0.137589
v -0.048479 -0.035655 0.152723
v -0.029714 -0.025802 0.162238
v -0.011111 -0.016303 0.166724
v 0.007439 -0.007126 0.168162
v 0.009782 -0.012883 0.165167
v 0.030554 -0.009762 0.159632
v 0.049559 -0.000788 0.153981
v 0.052141 -0.006748 0.149652
v 0.072057 0.002632 0.138096
v 0.089841 0.017867 0.125460
v 0.093032 0.011959 0.117781
v 0.096331 0.005771 0.109373
v 0.125162 0.056432 0.092859
v 0.146369 0.066938 0.084332
v 0.149423 0.060921 0.080654
v 0.174669 0.135079 0.055597
v 0.165494 0.162269 0.049519
v 0.110016 0.163906 0.071177
v 0.087933 0.161315 0.065031
v 0.086975 0.170122 0.051888
v -0.169453 -0.060953 0.060357
v -0.142277 -0.062675 0.070257
v -0.117421 -0.057296 0.089533
v -0.092069 -0.051374 0.115851
v -0.046229 -0.041516 0.151039
v -0.027440 -0.031671 0.160080
v -0.008813 -0.022198 0.164158
v 0.012151 -0.018779 0.162074
v 0.033031 -0.015588 0.156017
v 0.035556 -0.021552 0.152257
v 0.054787 -0.012645 0.145031
v 0.074887 -0.003541 0.131999
v 0.077810 -0.009758 0.125470
v 0.080775 -0.015933 0.118664
v 0.112754 0.027343 0.093884
v 0.128190 0.050273 0.089244
v 0.131262 0.044103 0.085287
v 0.169287 0.077978 0.068703
v 0.177372 0.128705 0.055011
v 0.134385 0.168993 0.063734
v 0.108394 0.172034 0.062162
v 0.107709 0.181451 0.047588
v 0.068925 0.153744 0.043478
v -0.167130 -0.067614 0.058766
v -0.140130 -0.069345 0.068075
v -0.114911 -0.063592 0.089048
v -0.068404 -0.046132 0.136433
v -0.043994 -0.047468 0.149317
v -0.025181 -0.037566 0.157802
v -0.006497 -0.028097 0.161518
v 0.014500 -0.024735 0.158900
v 0.016859 -0.030688 0.155615
v 0.038132 -0.027578 0.148335
v 0.057525 -0.018659 0.140095
v 0.060339 -0.024830 0.134799
v 0.063148 -0.031039 0.129180
v 0.099716 -0.000606 0.100139
v 0.116193 0.021194 0.086312
v 0.134381 0.037866 0.081098
v 0.152578 0.054793 0.076386
v 0.172554 0.071891 0.064482
v 0.180225 0.122377 0.053681
v 0.132966 0.177158 0.055083
v 0.132686 0.186877 0.039600
v -0.164831 -0.074330 0.057071
v -0.137982 -0.076040 0.065792
v -0.089651 -0.057486 0.114993
v -0.066085 -0.052128 0.135285
v -0.041781 -0.053516 0.147521
v -0.022929 -0.043535 0.155417
v -0.004181 -0.034025 0.158760
v -0.001854 -0.040044 0.155875
v 0.019242 -0.036753 0.152160
v 0.040714 -0.033695 0.144267
v 0.043298 -0.039949 0.139950
v 0.045877 -0.046319 0.135374
v 0.065953 -0.037321 0.123254
v 0.083818 -0.022244 0.111538
v 0.103250 -0.007158 0.090120
v 0.119390 0.015096 0.080559
v 0.155862 0.048576 0.071654
v 0.176045 0.065759 0.059398
v 0.183181 0.116036 0.051886
v 0.163904 0.169818 0.043502
v 0.163126 0.178449 0.031941
v -0.162559 -0.081045 0.055253
v -0.112422 -0.069933 0.088497
v -0.087287 -0.063646 0.114183
v -0.063779 -0.058215 0.134111
v -0.039542 -0.059611 0.145633
v -0.020661 -0.049587 0.152919
v 0.000518 -0.046171 0.152859
v 0.021655 -0.042920 0.148547
v 0.024107 -0.049174 0.144820
v 0.026581 -0.055448 0.140972
v 0.048470 -0.052751 0.130607
v 0.068801 -0.043698 0.117131
v 0.086930 -0.028723 0.104193
v 0.090142 -0.035287 0.096494
v 0.106883 -0.013813 0.079981
v 0.137551 0.031571 0.076715
v 0.159315 0.042252 0.066514
v 0.179814 0.059541 0.053443
v 0.192891 0.096804 0.042600
v 0.186303 0.109683 0.049584
v 0.164638 0.189531 0.006485
v -0.191969 -0.079719 0.038992
v -0.135852 -0.082689 0.063430
v -0.109974 -0.076286 0.087919
v -0.084931 -0.069833 0.113391
v -0.061482 -0.064324 0.132919
v -0.037288 -0.065693 0.143607
v -0.018380 -0.055675 0.150297
v 0.002921 -0.052357 0.149700
v 0.005321 -0.058552 0.146388
v 0.007713 -0.064753 0.142921
v 0.029061 -0.061708 0.137011
v 0.031578 -0.067984 0.132917
v 0.051066 -0.059154 0.125639
v 0.071694 -0.050218 0.110967
v 0.074613 -0.056864 0.104642
v 0.093517 -0.042016 0.087660
v 0.122532 0.008916 0.075433
v 0.140740 0.025249 0.072115
v 0.162875 0.035867 0.061015
v 0.183818 0.053303 0.046813
v 0.196621 0.090577 0.037162
v 0.189541 0.103270 0.046580
v -0.194527 -0.073050 0.039256
v -0.189474 -0.086386 0.038445
v -0.160312 -0.087730 0.053235
v -0.107540 -0.082538 0.087311
v -0.082606 -0.076000 0.112526
v -0.059184 -0.070413 0.131676
v -0.035021 -0.071784 0.141424
v -0.016069 -0.061793 0.147521
v -0.013704 -0.067935 0.144585
v -0.011316 -0.074144 0.141504
v 0.010078 -0.070979 0.139314
v 0.012426 -0.077234 0.135593
v 0.034123 -0.074292 0.128679
v 0.053687 -0.065532 0.120554
v 0.056346 -0.071924 0.115358
v 0.077559 -0.063600 0.098048
v 0.110375 -0.020387 0.071581
v 0.125670 0.002572 0.070600
v 0.144012 0.018948 0.067333
v 0.166525 0.029428 0.055191
v 0.187993 0.046987 0.039466
v 0.200867 0.084498 0.029245
v -0.197129 -0.066505 0.039302
v -0.186982 -0.093082 0.037584
v -0.133720 -0.089303 0.061019
v -0.105181 -0.088787 0.086643
v -0.080285 -0.082156 0.111607
v -0.056850 -0.076493 0.130355
v -0.032737 -0.077928 0.139064
v -0.030428 -0.084129 0.136549
v -0.008907 -0.080419 0.138285
v -0.006508 -0.086746 0.134919
v 0.014826 -0.083547 0.131763
v 0.036680 -0.080658 0.124282
v 0.039257 -0.087102 0.119740
v 0.059072 -0.078404 0.109920
v 0.061856 -0.085006 0.104272
v 0.097153 -0.048966 0.077427
v 0.113662 -0.027077 0.065130
v 0.128818 -0.003920 0.065894
v 0.147337 0.012619 0.062340
v 0.170254 0.022897 0.049003
v 0.192335 0.040635 0.031228
v 0.205075 0.078263 0.020701
v -0.199794 -0.060029 0.039061
v -0.158123 -0.094386 0.051009
v -0.131622 -0.095913 0.058538
v -0.102844 -0.095079 0.085890
v -0.077954 -0.088349 0.110699
v -0.054491 -0.082614 0.128964
v -0.052135 -0.088776 0.127515
v -0.028105 -0.090383 0.133873
v -0.025762 -0.096681 0.131044
v -0.004132 -0.093096 0.131416
v 0.017302 -0.089921 0.127793
v 0.019850 -0.096366 0.123694
v 0.041891 -0.093641 0.115037
v 0.044585 -0.100312 0.110213
v 0.080564 -0.070460 0.091039
v 0.083699 -0.077465 0.083336
v 0.100793 -0.056053 0.066764
v 0.131977 -0.010528 0.061100
v 0.150702 0.006163 0.057111
v 0.154140 -0.000425 0.051709
v 0.174112 0.016351 0.042442
v 0.197217 0.034204 0.020725
v -0.202522 -0.053561 0.038521
v -0.184491 -0.099838 0.036512
v -0.155976 -0.101066 0.048654
v -0.129545 -0.102568 0.055967
v -0.075550 -0.094579 0.109753
v -0.049797 -0.094976 0.125934
v -0.047499 -0.101225 0.124155
v -0.023422 -0.103039 0.128108
v -0.001777 -0.099493 0.127823
v 0.000594 -0.105961 0.124173
v 0.022433 -0.102913 0.119537
v 0.024989 -0.109546 0.115328
v 0.064708 -0.091751 0.098404
v 0.067664 -0.098666 0.092293
v 0.087032 -0.084621 0.074506
v 0.116878 -0.033854 0.059624
v 0.135204 -0.017211 0.056234
v 0.157658 -0.007094 0.046080
v 0.178079 0.009726 0.035429
v 0.182236 0.003013 0.027949
v 0.212543 0.072798 -0.000340
v -0.205350 -0.047050 0.037609
v -0.182073 -0.106634 0.035152
v -0.153858 -0.107815 0.046164
v -0.100494 -0.101394 0.085103
v -0.073093 -0.100857 0.108719
v -0.070664 -0.107159 0.107545
v -0.045266 -0.107518 0.122138
v -0.021098 -0.109466 0.125040
v -0.018779 -0.115966 0.121853
v 0.002969 -0.112516 0.120485
v 0.005380 -0.119173 0.116758
v 0.027512 -0.116286 0.111073
v 0.047298 -0.107111 0.105337
v 0.049961 -0.114055 0.100427
v 0.070678 -0.105727 0.085946
v 0.104364 -0.063226 0.057277
v 0.120097 -0.040556 0.054517
v 0.138493 -0.023911 0.051244
v 0.161283 -0.013847 0.040156
v 0.165022 -0.020684 0.033894
v 0.202766 0.027707 0.006728
v 0.217641 0.066355 -0.012503
v -0.208241 -0.040471 0.036580
v -0.179686 -0.113473 0.033573
v -0.127418 -0.109279 0.053312
v -0.098092 -0.107802 0.084291
v -0.095594 -0.114227 0.083449
v -0.068242 -0.113470 0.106204
v -0.043068 -0.113879 0.119900
v -0.040826 -0.120278 0.117499
v -0.016460 -0.122530 0.118552
v -0.014112 -0.129092 0.115136
v 0.007819 -0.125879 0.112907
v 0.030049 -0.123094 0.106775
v 0.032575 -0.129973 0.102434
v 0.052643 -0.121094 0.095396
v 0.090501 -0.091943 0.064593
v 0.107743 -0.070397 0.049559
v 0.123322 -0.047323 0.049520
v 0.141802 -0.030708 0.046117
v 0.145180 -0.037515 0.040818
v 0.186634 -0.003812 0.019324
v 0.191482 -0.010806 0.008374
v 0.209938 0.020726 -0.014157
v -0.211201 -0.033838 0.035572
v -0.151755 -0.114664 0.043499
v -0.125276 -0.116065 0.050680
v -0.123037 -0.122892 0.048068
v -0.093021 -0.120644 0.082542
v -0.065837 -0.119764 0.104707
v -0.063443 -0.126033 0.103086
v -0.038542 -0.126692 0.114926
v -0.036215 -0.133135 0.112210
v -0.011721 -0.135675 0.111642
v 0.010296 -0.132617 0.108961
v 0.012827 -0.139377 0.104922
v 0.035161 -0.136886 0.098032
v 0.073733 -0.112996 0.079384
v 0.076826 -0.120564 0.072252
v 0.094035 -0.099497 0.053768
v 0.126580 -0.054155 0.044599
v 0.148635 -0.044358 0.035334
v 0.168906 -0.027596 0.027051
v 0.172929 -0.034631 0.019585
v 0.197650 -0.017992 -0.007923
v 0.222150 0.059929 -0.022463
v -0.214348 -0.027131 0.034153
v -0.177339 -0.120338 0.031767
v -0.149657 -0.121572 0.040704
v -0.147547 -0.128552 0.037727
v -0.120606 -0.129649 0.046057
v -0.090463 -0.127046 0.081542
v -0.061064 -0.132320 0.101393
v -0.058720 -0.138671 0.099646
v -0.033859 -0.139636 0.109427
v -0.031473 -0.146219 0.106512
v -0.009340 -0.142319 0.107990
v -0.006944 -0.149076 0.104219
v 0.015420 -0.146213 0.100785
v 0.055376 -0.128201 0.090258
v 0.058197 -0.135369 0.084954
v 0.080107 -0.128418 0.063388
v 0.110987 -0.077503 0.043160
v 0.129826 -0.061057 0.039740
v 0.152156 -0.051280 0.029649
v 0.155777 -0.058312 0.023745
v 0.177203 -0.041727 0.011396
v 0.181708 -0.048926 0.001735
v 0.217885 0.012929 -0.041192
v 0.227185 0.053578 -0.032051
v -0.217533 -0.020552 0.032522
v -0.175012 -0.127241 0.029705
v -0.172729 -0.134226 0.027387
v -0.145415 -0.135604 0.034556
v -0.143284 -0.142760 0.031150
v -0.118148 -0.136476 0.044196
v -0.087908 -0.133426 0.080434
v -0.085375 -0.139819 0.079268
v -0.082847 -0.146261 0.078160
v -0.056421 -0.145132 0.097864
v -0.054137 -0.151702 0.096024
v -0.029061 -0.152898 0.103461
v -0.026663 -0.159655 0.100251
v -0.004514 -0.155927 0.100343
v 0.037813 -0.143859 0.093581
v 0.040500 -0.150895 0.088979
v 0.061103 -0.142611 0.079403
v 0.064034 -0.149968 0.073488
v 0.097706 -0.107316 0.042432
v 0.114145 -0.084593 0.037579
v 0.133080 -0.068002 0.034855
v 0.136353 -0.074985 0.029888
v 0.159493 -0.065426 0.017521
v 0.163352 -0.072633 0.010898
v 0.186835 -0.056252 -0.011376
v 0.206662 -0.026735 -0.037974
v -0.220675 -0.014083 0.031185
v -0.170516 -0.141301 0.024855
v -0.168360 -0.148476 0.022054
v -0.141129 -0.149986 0.027550
v -0.115512 -0.143188 0.043213
v -0.080354 -0.152721 0.077101
v -0.077904 -0.159215 0.076107
v -0.051863 -0.158330 0.094079
v -0.049567 -0.164993 0.092013
v -0.024275 -0.166462 0.096878
v 0.018040 -0.153139 0.096590
v 0.020678 -0.160130 0.092376
v 0.043209 -0.158004 0.084253
v 0.045940 -0.165165 0.079342
v 0.083729 -0.136817 0.051046
v 0.101332 -0.115251 0.032343
v 0.117294 -0.091714 0.032376
v 0.139683 -0.082016 0.024776
v 0.143054 -0.089145 0.019452
v 0.167288 -0.079945 0.003718
v 0.194811 -0.065322 -0.035849
v 0.225146 0.005779 -0.062002
v -0.199222 -0.149039 0.001604
v -0.166236 -0.155725 0.019006
v -0.138927 -0.157294 0.023694
v -0.112795 -0.149837 0.042834
v -0.075510 -0.165744 0.075117
v -0.073134 -0.172271 0.074031
v -0.047226 -0.171688 0.089799
v -0.002068 -0.162834 0.096368
v 0.000397 -0.169777 0.092347
v 0.023289 -0.167144 0.088073
v 0.025919 -0.174228 0.083672
v 0.066948 -0.157479 0.067152
v 0.070094 -0.165168 0.059686
v 0.087933 -0.146094 0.034150
v 0.120462 -0.098879 0.027380
v 0.123690 -0.106112 0.022372
v 0.146537 -0.096412 0.013831
v 0.171500 -0.087497 -0.004527
v 0.176337 -0.095440 -0.015889
v 0.214713 -0.035648 -0.065541
v -0.202020 -0.142088 0.002403
v -0.196587 -0.156111 0.000286
v -0.194059 -0.163243 -0.001363
v -0.164148 -0.162994 0.015631
v -0.136711 -0.164657 0.019615
v -0.109972 -0.156275 0.043228
v -0.070755 -0.178847 0.072824
v -0.021890 -0.173342 0.093333
v -0.019492 -0.180282 0.089627
v 0.002925 -0.176793 0.088297
v 0.005487 -0.183883 0.084158
v 0.028588 -0.181404 0.079112
v 0.048726 -0.172413 0.074062
v 0.051562 -0.179793 0.068401
v 0.073498 -0.173238 0.050767
v 0.104775 -0.123027 0.024685
v 0.126983 -0.113438 0.017292
v 0.150177 -0.103863 0.007724
v 0.153984 -0.111526 0.000991
v 0.157985 -0.119351 -0.006483
v 0.182591 -0.104466 -0.034099
v 0.203862 -0.076345 -0.074170
v -0.204928 -0.135213 0.002395
v -0.191625 -0.170462 -0.003509
v -0.162057 -0.170305 0.012020
v -0.134470 -0.172066 0.015314
v -0.107000 -0.162615 0.044076
v -0.044857 -0.178441 0.087408
v -0.042480 -0.185241 0.084782
v -0.017107 -0.187289 0.085802
v -0.014681 -0.194375 0.081836
v 0.008090 -0.191048 0.079931
v 0.031294 -0.188688 0.074332
v 0.034028 -0.196111 0.069232
v 0.054405 -0.187408 0.062351
v 0.077341 -0.182025 0.037910
v 0.108100 -0.130650 0.018558
v 0.130387 -0.120910 0.012019
v 0.133858 -0.128547 0.006521
v 0.137420 -0.136285 0.000791
v 0.162187 -0.127401 -0.015089
v 0.166876 -0.135842 -0.026832
v -0.207831 -0.128469 0.001581
v -0.159943 -0.177714 0.008181
v -0.132313 -0.179500 0.010825
v -0.104069 -0.168997 0.044918
v -0.101343 -0.175333 0.045657
v -0.068367 -0.185472 0.071482
v -0.065938 -0.192152 0.069925
v -0.040092 -0.192117 0.081866
v -0.037700 -0.199037 0.078660
v -0.012249 -0.201563 0.077689
v 0.010735 -0.198311 0.075570
v 0.013381 -0.205685 0.070920
v 0.036760 -0.203686 0.063680
v 0.057291 -0.195350 0.055575
v 0.060376 -0.203766 0.047489
v 0.092140 -0.155438 0.018295
v 0.111363 -0.138309 0.012987
v 0.114663 -0.146011 0.007673
v 0.118033 -0.153778 0.002396
v 0.141013 -0.144092 -0.005360
v 0.144737 -0.151986 -0.012113
v 0.173015 -0.145746 -0.045855
v -0.211051 -0.121918 -0.000582
v -0.189339 -0.177804 -0.006129
v -0.157781 -0.185207 0.004070
v -0.098669 -0.181727 0.045949
v -0.096129 -0.188290 0.045830
v -0.063513 -0.198908 0.068114
v -0.061096 -0.205733 0.065992
v -0.035282 -0.206076 0.075131
v -0.032877 -0.213255 0.071215
v -0.009815 -0.208881 0.073305
v -0.007345 -0.216334 0.068632
v 0.016050 -0.213250 0.065812
v 0.039442 -0.211466 0.057506
v 0.042178 -0.219575 0.050566
v 0.063912 -0.212506 0.036723
v 0.095826 -0.164070 0.007587
v 0.099042 -0.171910 0.000613
v 0.121438 -0.161599 -0.002953
v 0.124838 -0.169483 -0.008538
v 0.148665 -0.160082 -0.019765
v 0.152810 -0.168442 -0.028641
v -0.187194 -0.185296 -0.009326
v -0.130253 -0.187003 0.006225
v -0.093574 -0.194812 0.045571
v -0.090956 -0.201396 0.045005
v -0.088354 -0.208089 0.044207
v -0.058697 -0.212636 0.063509
v -0.056333 -0.219656 0.060666
v -0.030506 -0.220551 0.066986
v -0.028180 -0.227995 0.062362
v -0.004833 -0.223901 0.063580
v 0.018764 -0.221046 0.060154
v 0.021471 -0.229101 0.053821
v 0.045146 -0.228241 0.042241
v 0.083508 -0.197156 -0.003845
v 0.102266 -0.179736 -0.005351
v 0.105554 -0.187612 -0.010976
v 0.128338 -0.177407 -0.014508
v 0.131977 -0.185412 -0.021120
v 0.157738 -0.177558 -0.040615
v -0.155605 -0.192792 -0.000240
v -0.128216 -0.194562 0.001516
v -0.085812 -0.214810 0.043038
v -0.083393 -0.221716 0.041180
v -0.054037 -0.226813 0.057388
v -0.051767 -0.234176 0.053591
v -0.025828 -0.235732 0.057155
v -0.002278 -0.231655 0.057995
v 0.000317 -0.239765 0.051649
v 0.024189 -0.237488 0.046593
v 0.048450 -0.237730 0.032153
v 0.086906 -0.206258 -0.015741
v 0.108920 -0.195633 -0.016588
v 0.112392 -0.203808 -0.022510
v 0.135841 -0.193725 -0.028810
v 0.139934 -0.202493 -0.038217
v 0.163720 -0.188080 -0.060827
v -0.185155 -0.192976 -0.013297
v -0.153513 -0.200450 -0.004787
v -0.080989 -0.228804 0.038865
v -0.078683 -0.236100 0.035864
v -0.049467 -0.241834 0.049177
v -0.023424 -0.243854 0.051071
v -0.021038 -0.252708 0.043673
v 0.002935 -0.248434 0.044215
v 0.026993 -0.246439 0.038049
v 0.030033 -0.256427 0.027055
v 0.052304 -0.248238 0.017280
v 0.089837 -0.214548 -0.022269
v 0.115960 -0.212125 -0.029053
v 0.119669 -0.220785 -0.036671
v 0.145002 -0.212515 -0.052690
v -0.183155 -0.200725 -0.017571
v -0.126265 -0.202292 -0.003454
v -0.076374 -0.243685 0.032042
v -0.047170 -0.250029 0.043672
v -0.044924 -0.259110 0.036265
v -0.018579 -0.263021 0.033131
v 0.005679 -0.258204 0.034555
v 0.008743 -0.269638 0.020351
v 0.033776 -0.268277 0.011386
v 0.071680 -0.234102 -0.029197
v 0.093255 -0.222997 -0.028580
v 0.096772 -0.231573 -0.035189
v 0.123577 -0.229972 -0.046439
v -0.151490 -0.208228 -0.009677
v -0.124320 -0.210123 -0.008391
v -0.074063 -0.251681 0.027299
v -0.071767 -0.260382 0.021175
v -0.042624 -0.269425 0.025554
v -0.015910 -0.274901 0.016380
v 0.012131 -0.282570 0.000682
v 0.074255 -0.243159 -0.038586
v 0.100418 -0.240510 -0.042671
v 0.129446 -0.243566 -0.072793
v -0.181090 -0.208631 -0.022182
v -0.149558 -0.216177 -0.014981
v -0.069729 -0.270169 0.012351
v -0.040477 -0.281695 0.008340
v -0.012851 -0.289638 -0.010378
v 0.037412 -0.281788 -0.013136
v 0.077675 -0.252629 -0.046511
v 0.104307 -0.250259 -0.052861
v 0.109829 -0.264387 -0.078816
v -0.178965 -0.216771 -0.027666
v -0.122409 -0.218125 -0.013574
v -0.068068 -0.281561 -0.000501
v 0.015022 -0.293910 -0.015053
v 0.041188 -0.292437 -0.020151
v 0.081367 -0.262728 -0.056498
v 0.085608 -0.274174 -0.071903
v -0.147696 -0.224392 -0.020890
v -0.120465 -0.226613 -0.019463
v -0.065858 -0.293349 -0.018649
v 0.058535 -0.277545 -0.072189
v -0.177039 -0.225462 -0.034485
v -0.145861 -0.233016 -0.027797
v -0.175748 -0.235064 -0.043725
v -0.118376 -0.235666 -0.026656
v 0.205933 0.199439 -0.067939
v -0.144087 -0.242488 -0.036543
v -0.115969 -0.245166 -0.035827
v 0.203567 0.207064 -0.073584
v -0.175454 -0.245942 -0.059322
v -0.142564 -0.253017 -0.049106
v 0.201087 0.213742 -0.074597
v 0.169619 0.216486 -0.068264
v -0.142834 -0.266891 -0.074279
v -0.114202 -0.255363 -0.047257
v -0.098902 -0.290382 -0.042005
v 0.198955 0.223097 -0.081092
v 0.168172 0.228581 -0.090555
v 0.168454 0.203588 -0.036850
v -0.112353 -0.268301 -0.068516
v -0.098788 -0.301820 -0.060583
v 0.166492 0.236871 -0.101385
v 0.141079 0.221266 -0.078941
v 0.139172 0.208961 -0.056158
v -0.109451 -0.278574 -0.081036
v -0.103975 -0.289593 -0.070789
v 0.140812 0.231965 -0.095488
v 0.110447 0.233315 -0.085452
v 0.113221 0.212770 -0.058324
v -0.143695 -0.279922 -0.098550
v -0.106974 -0.284973 -0.079386
v 0.139666 0.241598 -0.103538
v 0.109499 0.244944 -0.108574
v 0.111475 0.222134 -0.067621
v 0.087502 0.208834 -0.062135
v 0.114889 0.204136 -0.051915
v -0.163587 -0.297929 -0.093104
v -0.140810 -0.287433 -0.097037
v -0.136921 -0.292976 -0.091515
v 0.137339 0.249672 -0.109101
v 0.081737 0.239628 -0.102972
v 0.085071 0.217513 -0.068343
v 0.064054 0.197648 -0.067338
v 0.089922 0.200284 -0.057412
v 0.091987 0.191863 -0.053544
v -0.172179 -0.287849 -0.112503
v 0.134566 0.258432 -0.112752
v 0.107492 0.255054 -0.119048
v 0.079360 0.249950 -0.119078
v 0.082985 0.226786 -0.077718
v 0.061574 0.206020 -0.072074
v 0.041239 0.186985 -0.077006
v 0.066598 0.189305 -0.063413
v 0.069368 0.181047 -0.060306
v 0.071850 0.172467 -0.055542
v 0.104545 0.262949 -0.124242
v 0.076872 0.260030 -0.128560
v 0.055198 0.237995 -0.121043
v 0.057098 0.224104 -0.088797
v 0.059240 0.214706 -0.078370
v 0.038618 0.195433 -0.082177
v 0.044026 0.178608 -0.073080
v 0.046841 0.170427 -0.069480
v 0.052946 0.247786 -0.130993
v 0.030054 0.228756 -0.143975
v 0.033770 0.214191 -0.102402
v 0.036233 0.204238 -0.089081
v 0.015352 0.186057 -0.104750
v 0.018606 0.176894 -0.094766
v 0.074475 0.268391 -0.130133
v 0.049794 0.256813 -0.137219
v 0.027443 0.239416 -0.155806
v 0.009581 0.204658 -0.120985
v 0.012100 0.195806 -0.116428
v 0.025540 0.247529 -0.157934
v 0.001841 0.235379 -0.159615
v 0.006879 0.213458 -0.126385
v -0.016738 0.198147 -0.115366
v -0.001265 0.244947 -0.169853
v -0.032436 0.238230 -0.160111
v 0.004175 0.222902 -0.135121
v -0.023230 0.216012 -0.127436
v -0.020050 0.207222 -0.120302
v -0.004130 0.253199 -0.171588
v -0.007824 0.260473 -0.172372
v -0.026786 0.226158 -0.138016
v -0.036395 0.241628 -0.149744
vt 0.192890 0.916009
vt 0.223178 0.930357
vt 0.219803 0.939557
vt 0.197912 0.904042
vt 0.250323 0.955431
vt 0.226736 0.921059
vt 0.256068 0.937728
vt 0.201650 0.894076
vt 0.229886 0.911467
vt 0.282194 0.966958
vt 0.204930 0.884475
vt 0.259573 0.928089
vt 0.286325 0.953711
vt 0.207704 0.874760
vt 0.232841 0.902030
vt 0.289875 0.945363
vt 0.210839 0.865030
vt 0.214552 0.855459
vt 0.262633 0.919041
vt 0.292616 0.934906
vt 0.326080 0.941880
vt 0.236106 0.892522
vt 0.266010 0.909598
vt 0.295606 0.926162
vt 0.329536 0.931528
vt 0.218421 0.845794
vt 0.239566 0.883069
vt 0.269461 0.899847
vt 0.298773 0.916604
vt 0.333032 0.922754
vt 0.243258 0.873598
vt 0.247090 0.864101
vt 0.272982 0.890048
vt 0.336779 0.912903
vt 0.371800 0.919040
vt 0.375239 0.908895
vt 0.255168 0.844876
vt 0.287989 0.850624
vt 0.302156 0.906784
vt 0.305540 0.896809
vt 0.378667 0.899284
vt 0.251106 0.854566
vt 0.292183 0.839818
vt 0.276521 0.880448
vt 0.284005 0.860942
vt 0.309105 0.887153
vt 0.339632 0.903435
vt 0.382313 0.888896
vt 0.312798 0.877754
vt 0.342997 0.893977
vt 0.324623 0.847989
vt 0.320457 0.858659
vt 0.346582 0.884317
vt 0.425696 0.865090
vt 0.385747 0.879664
vt 0.316583 0.868257
vt 0.350148 0.874789
vt 0.388739 0.870626
vt 0.428272 0.856876
vt 0.211596 0.779878
vt 0.215793 0.770887
vt 0.224060 0.750300
vt 0.353776 0.865380
vt 0.357463 0.856044
vt 0.432140 0.846330
vt 0.197087 0.735691
vt 0.228591 0.739688
vt 0.280647 0.787405
vt 0.247218 0.782587
vt 0.264547 0.738321
vt 0.361162 0.846610
vt 0.391961 0.861747
vt 0.395332 0.852556
vt 0.233420 0.731123
vt 0.254259 0.762314
vt 0.219661 0.761897
vt 0.257852 0.754160
vt 0.296494 0.743565
vt 0.313699 0.794298
vt 0.300157 0.734410
vt 0.364850 0.837068
vt 0.368577 0.827583
vt 0.435705 0.837974
vt 0.200889 0.726828
vt 0.249735 0.771574
vt 0.261926 0.746098
vt 0.294021 0.751688
vt 0.398909 0.843073
vt 0.439305 0.827864
vt 0.475413 0.827762
vt 0.169770 0.711708
vt 0.236550 0.721879
vt 0.291213 0.759513
vt 0.287905 0.768446
vt 0.330261 0.748557
vt 0.372216 0.818091
vt 0.402464 0.833763
vt 0.174351 0.703737
vt 0.203140 0.718066
vt 0.268204 0.728982
vt 0.323307 0.765125
vt 0.284941 0.777210
vt 0.327052 0.756031
vt 0.333635 0.739688
vt 0.375805 0.808621
vt 0.406020 0.824436
vt 0.450148 0.800668
vt 0.443187 0.818884
vt 0.146858 0.679562
vt 0.177906 0.694299
vt 0.320037 0.774495
vt 0.369920 0.734710
vt 0.352842 0.779616
vt 0.379463 0.799313
vt 0.409592 0.815095
vt 0.447102 0.810171
vt 0.453547 0.791586
vt 0.456747 0.782550
vt 0.140098 0.696944
vt 0.150973 0.671148
vt 0.154708 0.661664
vt 0.205360 0.709732
vt 0.303940 0.724351
vt 0.363066 0.750866
vt 0.366374 0.742706
vt 0.373152 0.725603
vt 0.383113 0.790091
vt 0.413224 0.805795
vt 0.416787 0.796446
vt 0.460061 0.773140
vt 0.132994 0.628378
vt 0.136104 0.618709
vt 0.180570 0.685148
vt 0.182784 0.678232
vt 0.272189 0.719177
vt 0.337137 0.730135
vt 0.361121 0.759650
vt 0.358942 0.770488
vt 0.397929 0.731816
vt 0.386429 0.781110
vt 0.420373 0.787111
vt 0.427384 0.768835
vt 0.141188 0.609314
vt 0.158377 0.652702
vt 0.161332 0.643085
vt 0.307995 0.713932
vt 0.340504 0.720337
vt 0.316282 0.782992
vt 0.377163 0.715850
vt 0.389915 0.772322
vt 0.393613 0.763671
vt 0.423937 0.777973
vt 0.398240 0.754501
vt 0.430820 0.759579
vt 0.145071 0.599418
vt 0.163689 0.634488
vt 0.344095 0.710065
vt 0.380609 0.706247
vt 0.402448 0.745465
vt 0.434388 0.750283
vt 0.463690 0.764146
vt 0.148472 0.590438
vt 0.151063 0.581092
vt 0.166743 0.626393
vt 0.384069 0.696516
vt 0.409099 0.725936
vt 0.185812 0.669996
vt 0.437917 0.740937
vt 0.188736 0.661221
vt 0.208928 0.703070
vt 0.387884 0.686572
vt 0.441451 0.731630
vt 0.142460 0.690793
vt 0.123931 0.649249
vt 0.098793 0.623451
vt 0.128337 0.638729
vt 0.170501 0.617274
vt 0.212135 0.694641
vt 0.237405 0.717950
vt 0.412288 0.716508
vt 0.120152 0.659810
vt 0.192157 0.652155
vt 0.215380 0.685789
vt 0.241118 0.709573
vt 0.445121 0.722350
vt 0.174090 0.608083
vt 0.218763 0.676856
vt 0.244637 0.700837
vt 0.415960 0.707347
vt 0.195735 0.643011
vt 0.222177 0.667880
vt 0.248064 0.691991
vt 0.274432 0.715966
vt 0.448733 0.713045
vt 0.177606 0.598949
vt 0.199403 0.633844
vt 0.225631 0.658809
vt 0.277409 0.706972
vt 0.419637 0.697972
vt 0.181006 0.589962
vt 0.203108 0.624616
vt 0.251387 0.683006
vt 0.280859 0.698016
vt 0.309954 0.714292
vt 0.452515 0.703705
vt 0.184541 0.580987
vt 0.229074 0.649584
vt 0.254722 0.673884
vt 0.284199 0.688814
vt 0.313608 0.704617
vt 0.423299 0.688616
vt 0.206908 0.615391
vt 0.232617 0.640262
vt 0.258160 0.664716
vt 0.287581 0.679610
vt 0.317070 0.695218
vt 0.346873 0.709617
vt 0.456344 0.694456
vt 0.188209 0.571958
vt 0.210717 0.606204
vt 0.261673 0.655510
vt 0.291047 0.670355
vt 0.320314 0.685677
vt 0.350108 0.701365
vt 0.428392 0.676698
vt 0.492781 0.689754
vt 0.214431 0.597097
vt 0.236257 0.630911
vt 0.265323 0.646240
vt 0.294593 0.661059
vt 0.323737 0.676261
vt 0.353354 0.691812
vt 0.394202 0.668119
vt 0.460017 0.685076
vt 0.463647 0.675245
vt 0.191943 0.562817
vt 0.239924 0.621673
vt 0.268997 0.636934
vt 0.298175 0.651749
vt 0.327178 0.666797
vt 0.356899 0.682352
vt 0.468774 0.665850
vt 0.496494 0.680962
vt 0.218094 0.587988
vt 0.243574 0.612463
vt 0.272648 0.627597
vt 0.301717 0.642401
vt 0.330715 0.657291
vt 0.360287 0.672420
vt 0.499820 0.670207
vt 0.535551 0.665529
vt 0.531938 0.676393
vt 0.195712 0.553569
vt 0.247207 0.603287
vt 0.276231 0.618326
vt 0.305213 0.632962
vt 0.334207 0.647901
vt 0.363169 0.663522
vt 0.503296 0.660640
vt 0.539434 0.655503
vt 0.571216 0.654925
vt 0.481945 0.698161
vt 0.221702 0.578845
vt 0.250835 0.594128
vt 0.279824 0.609065
vt 0.308707 0.623572
vt 0.312168 0.614245
vt 0.337587 0.638665
vt 0.567762 0.666542
vt 0.225335 0.569574
vt 0.254485 0.584993
vt 0.283452 0.599824
vt 0.287094 0.590578
vt 0.315627 0.604898
vt 0.341251 0.629675
vt 0.199510 0.544338
vt 0.228944 0.560192
vt 0.258182 0.575821
vt 0.261858 0.566536
vt 0.290701 0.581351
vt 0.319186 0.595656
vt 0.322781 0.586575
vt 0.367778 0.655123
vt 0.203338 0.535139
vt 0.232563 0.550794
vt 0.294376 0.572149
vt 0.298076 0.562916
vt 0.301761 0.553623
vt 0.345159 0.620725
vt 0.371499 0.645927
vt 0.397825 0.671211
vt 0.207212 0.525821
vt 0.265543 0.557171
vt 0.269203 0.547731
vt 0.272905 0.538292
vt 0.326511 0.577653
vt 0.349025 0.611649
vt 0.375209 0.636751
vt 0.401080 0.661343
vt 0.236242 0.541442
vt 0.239980 0.532079
vt 0.243781 0.522633
vt 0.305403 0.544211
vt 0.330336 0.568756
vt 0.352824 0.602574
vt 0.378930 0.627461
vt 0.404592 0.652237
vt 0.430991 0.678453
vt 0.211105 0.516436
vt 0.276637 0.528755
vt 0.308940 0.534707
vt 0.334169 0.559779
vt 0.356504 0.593559
vt 0.382618 0.618233
vt 0.408171 0.642927
vt 0.433965 0.667815
vt 0.470517 0.664641
vt 0.214975 0.507011
vt 0.247603 0.513180
vt 0.280401 0.519214
vt 0.337932 0.550656
vt 0.360099 0.584642
vt 0.386273 0.609082
vt 0.411809 0.633785
vt 0.437658 0.657867
vt 0.441093 0.648357
vt 0.218767 0.497717
vt 0.251369 0.503785
vt 0.312415 0.525111
vt 0.341645 0.541397
vt 0.363742 0.575694
vt 0.389900 0.599930
vt 0.415397 0.624507
vt 0.474096 0.654465
vt 0.222510 0.488571
vt 0.284141 0.509740
vt 0.315919 0.515570
vt 0.345377 0.532052
vt 0.367439 0.566657
vt 0.393492 0.590837
vt 0.418953 0.615254
vt 0.448434 0.630138
vt 0.444781 0.639283
vt 0.477697 0.644831
vt 0.506645 0.659361
vt 0.255089 0.494510
vt 0.287789 0.500420
vt 0.319487 0.506173
vt 0.349159 0.522561
vt 0.371123 0.557473
vt 0.397064 0.581775
vt 0.422525 0.606051
vt 0.452061 0.620891
vt 0.481229 0.635380
vt 0.510810 0.650188
vt 0.547193 0.645223
vt 0.226200 0.479432
vt 0.258785 0.485371
vt 0.291368 0.491196
vt 0.352900 0.513025
vt 0.378585 0.538774
vt 0.374843 0.548152
vt 0.400652 0.572685
vt 0.426123 0.596828
vt 0.455681 0.611688
vt 0.484861 0.626111
vt 0.514398 0.640555
vt 0.550770 0.635927
vt 0.543558 0.654665
vt 0.229887 0.470206
vt 0.262444 0.476215
vt 0.323189 0.496982
vt 0.356586 0.503658
vt 0.382337 0.529362
vt 0.411483 0.545026
vt 0.404253 0.563547
vt 0.429721 0.587569
vt 0.459295 0.602458
vt 0.488499 0.616883
vt 0.517853 0.631200
vt 0.554386 0.626852
vt 0.584330 0.641696
vt 0.580968 0.651224
vt 0.233557 0.460882
vt 0.294888 0.482000
vt 0.326957 0.487885
vt 0.360292 0.494507
vt 0.386066 0.519922
vt 0.415075 0.535631
vt 0.444351 0.550368
vt 0.407873 0.554345
vt 0.436983 0.568956
vt 0.433332 0.578256
vt 0.462918 0.593179
vt 0.492185 0.607613
vt 0.521392 0.621979
vt 0.524980 0.612833
vt 0.587843 0.632180
vt 0.621022 0.637392
vt 0.617220 0.646903
vt 0.577573 0.661112
vt 0.266041 0.466948
vt 0.298460 0.472724
vt 0.330685 0.478727
vt 0.363965 0.485454
vt 0.389682 0.510531
vt 0.418697 0.526185
vt 0.448109 0.541001
vt 0.477579 0.555689
vt 0.440652 0.559664
vt 0.470233 0.574468
vt 0.466557 0.583844
vt 0.495937 0.598339
vt 0.558197 0.617794
vt 0.591520 0.622921
vt 0.624755 0.627914
vt 0.612952 0.655809
vt 0.237272 0.451654
vt 0.269631 0.457619
vt 0.302102 0.463376
vt 0.334395 0.469480
vt 0.393220 0.501228
vt 0.422365 0.516705
vt 0.451868 0.531639
vt 0.481246 0.546269
vt 0.510965 0.560956
vt 0.473923 0.565075
vt 0.503453 0.579736
vt 0.499698 0.589058
vt 0.528664 0.603585
vt 0.561892 0.608680
vt 0.595208 0.613767
vt 0.628509 0.618595
vt 0.660953 0.622816
vt 0.241004 0.442522
vt 0.273260 0.448377
vt 0.305767 0.454029
vt 0.367615 0.476299
vt 0.396775 0.492058
vt 0.426023 0.507276
vt 0.455622 0.522241
vt 0.484917 0.536930
vt 0.514659 0.551563
vt 0.507229 0.570342
vt 0.536196 0.584876
vt 0.532415 0.594246
vt 0.565588 0.599444
vt 0.599002 0.604547
vt 0.632326 0.609253
vt 0.664456 0.613472
vt 0.657466 0.632184
vt 0.244691 0.433318
vt 0.277017 0.439187
vt 0.338138 0.460204
vt 0.371197 0.466986
vt 0.400395 0.482819
vt 0.429675 0.497934
vt 0.459359 0.512820
vt 0.488573 0.527620
vt 0.518275 0.542234
vt 0.543767 0.566151
vt 0.539972 0.575490
vt 0.569336 0.590131
vt 0.602791 0.595294
vt 0.635933 0.600035
vt 0.667957 0.604168
vt 0.671478 0.594970
vt 0.697106 0.618800
vt 0.653512 0.641332
vt 0.280810 0.429890
vt 0.309449 0.444791
vt 0.341946 0.451027
vt 0.374776 0.457631
vt 0.404030 0.473431
vt 0.433356 0.488639
vt 0.463046 0.503460
vt 0.492249 0.518269
vt 0.521871 0.532916
vt 0.547499 0.556882
vt 0.576938 0.571485
vt 0.573154 0.580751
vt 0.606535 0.585998
vt 0.639453 0.590911
vt 0.642894 0.581746
vt 0.700690 0.609427
vt 0.693519 0.628134
vt 0.689935 0.637348
vt 0.649442 0.650608
vt 0.248386 0.423981
vt 0.313100 0.435571
vt 0.345681 0.441930
vt 0.378364 0.448409
vt 0.407704 0.463948
vt 0.436980 0.479181
vt 0.466690 0.494256
vt 0.495907 0.508860
vt 0.525396 0.523484
vt 0.551200 0.547567
vt 0.580749 0.562226
vt 0.610214 0.576762
vt 0.613879 0.567407
vt 0.617497 0.558083
vt 0.646302 0.572439
vt 0.675052 0.585738
vt 0.729562 0.624305
vt 0.725977 0.633705
vt 0.722389 0.642971
vt 0.686294 0.646569
vt 0.682577 0.655823
vt 0.645549 0.659904
vt 0.284612 0.420507
vt 0.316742 0.426247
vt 0.349315 0.432678
vt 0.381990 0.439097
vt 0.411347 0.454591
vt 0.440625 0.469643
vt 0.470281 0.485001
vt 0.499587 0.499517
vt 0.528970 0.513973
vt 0.554915 0.538177
vt 0.584550 0.552916
vt 0.588283 0.543541
vt 0.591922 0.534209
vt 0.621068 0.548744
vt 0.649760 0.563083
vt 0.678648 0.576518
vt 0.733139 0.614841
vt 0.718773 0.652186
vt 0.715139 0.661412
vt 0.678677 0.665141
vt 0.641800 0.669108
vt 0.252095 0.414608
vt 0.288394 0.411072
vt 0.320325 0.416833
vt 0.352928 0.423270
vt 0.414987 0.445315
vt 0.444274 0.460264
vt 0.473845 0.475562
vt 0.503295 0.490325
vt 0.532623 0.504534
vt 0.558642 0.528743
vt 0.562325 0.519325
vt 0.565924 0.509983
vt 0.595481 0.524897
vt 0.624532 0.539428
vt 0.628016 0.529989
vt 0.653304 0.553624
vt 0.704251 0.600048
vt 0.707761 0.590690
vt 0.711466 0.670623
vt 0.674791 0.674456
vt 0.255791 0.405216
vt 0.292158 0.401708
vt 0.323931 0.407456
vt 0.385680 0.429671
vt 0.418692 0.435980
vt 0.447933 0.451096
vt 0.477443 0.466026
vt 0.507012 0.481029
vt 0.536263 0.495334
vt 0.539907 0.486256
vt 0.569466 0.500791
vt 0.599046 0.515534
vt 0.602700 0.506150
vt 0.631599 0.520483
vt 0.656761 0.544140
vt 0.682243 0.567069
vt 0.711247 0.581392
vt 0.736699 0.605401
vt 0.707817 0.679899
vt 0.638109 0.678280
vt 0.259502 0.395914
vt 0.295891 0.392518
vt 0.356527 0.413825
vt 0.389452 0.420168
vt 0.422444 0.426544
vt 0.451590 0.441884
vt 0.481080 0.456729
vt 0.510691 0.471609
vt 0.543510 0.477004
vt 0.573083 0.491749
vt 0.576763 0.482532
vt 0.606413 0.496887
vt 0.635294 0.510910
vt 0.660355 0.534473
vt 0.685749 0.557734
vt 0.740231 0.595964
vt 0.744195 0.675342
vt 0.670905 0.683688
vt 0.667016 0.692822
vt 0.609310 0.661460
vt 0.263289 0.386727
vt 0.327592 0.398228
vt 0.360219 0.404614
vt 0.393247 0.410890
vt 0.426244 0.417159
vt 0.455243 0.432553
vt 0.484725 0.447528
vt 0.514385 0.462276
vt 0.547167 0.467552
vt 0.550863 0.458180
vt 0.580458 0.473023
vt 0.610131 0.487683
vt 0.613749 0.478310
vt 0.639000 0.501418
vt 0.663993 0.524746
vt 0.667680 0.515055
vt 0.714746 0.572171
vt 0.743756 0.586563
vt 0.747851 0.666084
vt 0.740568 0.684649
vt 0.704108 0.689101
vt 0.700305 0.698210
vt 0.634597 0.687446
vt 0.605457 0.670692
vt 0.299567 0.383322
vt 0.331244 0.389136
vt 0.363998 0.395529
vt 0.397059 0.401764
vt 0.430031 0.407911
vt 0.458948 0.423110
vt 0.488404 0.438260
vt 0.518059 0.453099
vt 0.521750 0.443838
vt 0.554538 0.448989
vt 0.584092 0.463402
vt 0.587722 0.453958
vt 0.617317 0.468774
vt 0.642686 0.492180
vt 0.646266 0.482914
vt 0.649822 0.473382
vt 0.689317 0.548363
vt 0.718296 0.562994
vt 0.721829 0.553786
vt 0.751382 0.656881
vt 0.736971 0.694053
vt 0.663281 0.701933
vt 0.630891 0.696601
vt 0.627771 0.705773
vt 0.267007 0.377467
vt 0.303158 0.374020
vt 0.334966 0.379991
vt 0.367804 0.386411
vt 0.433712 0.398718
vt 0.462677 0.413795
vt 0.492120 0.428829
vt 0.525454 0.434425
vt 0.558229 0.439749
vt 0.561953 0.430376
vt 0.591382 0.444720
vt 0.620845 0.459161
vt 0.624404 0.449627
vt 0.627932 0.440311
vt 0.671351 0.505263
vt 0.692981 0.538923
vt 0.696605 0.529518
vt 0.747271 0.577232
vt 0.755018 0.647693
vt 0.696514 0.707294
vt 0.659432 0.711234
vt 0.656064 0.720635
vt 0.601660 0.680589
vt 0.270696 0.368107
vt 0.306703 0.364617
vt 0.338717 0.370739
vt 0.400836 0.392666
vt 0.437359 0.389422
vt 0.466367 0.404497
vt 0.495841 0.419455
vt 0.529095 0.424992
vt 0.532720 0.415643
vt 0.565711 0.420999
vt 0.595111 0.435411
vt 0.598873 0.425985
vt 0.602543 0.416636
vt 0.653296 0.463752
vt 0.674936 0.495863
vt 0.700215 0.520084
vt 0.725335 0.544439
vt 0.750782 0.567962
vt 0.758655 0.638442
vt 0.692728 0.716620
vt 0.689247 0.726033
vt 0.274365 0.358713
vt 0.310255 0.355234
vt 0.371573 0.377189
vt 0.404546 0.383420
vt 0.440962 0.380021
vt 0.470031 0.395141
vt 0.499540 0.410103
vt 0.503231 0.400679
vt 0.536347 0.406203
vt 0.569432 0.411578
vt 0.573099 0.402052
vt 0.576699 0.392465
vt 0.606123 0.407320
vt 0.631474 0.430948
vt 0.656782 0.454074
vt 0.678462 0.486741
vt 0.728877 0.535015
vt 0.754342 0.558625
vt 0.762296 0.629116
vt 0.733274 0.703171
vt 0.729418 0.712214
vt 0.278013 0.349371
vt 0.342446 0.361438
vt 0.375245 0.367908
vt 0.408228 0.374061
vt 0.444596 0.370596
vt 0.473703 0.385718
vt 0.506967 0.391162
vt 0.539985 0.396694
vt 0.543646 0.387141
vt 0.547302 0.377656
vt 0.580264 0.382906
vt 0.609694 0.398003
vt 0.635028 0.421497
vt 0.638616 0.412100
vt 0.660311 0.444465
vt 0.703821 0.510644
vt 0.732520 0.525509
vt 0.758014 0.549189
vt 0.773182 0.600489
vt 0.766012 0.619725
vt 0.725552 0.720661
vt 0.241429 0.353232
vt 0.313780 0.345975
vt 0.346115 0.352135
vt 0.378896 0.358601
vt 0.411889 0.364696
vt 0.448247 0.361253
vt 0.477378 0.376309
vt 0.510724 0.381634
vt 0.514445 0.372183
vt 0.518122 0.362817
vt 0.550928 0.368292
vt 0.554569 0.359008
vt 0.583776 0.373520
vt 0.613276 0.388605
vt 0.616825 0.379167
vt 0.642204 0.402702
vt 0.681986 0.477626
vt 0.707371 0.501247
vt 0.736183 0.516001
vt 0.761779 0.539791
vt 0.776763 0.591013
vt 0.769671 0.610185
vt 0.237826 0.362525
vt 0.245023 0.343984
vt 0.281660 0.340136
vt 0.349765 0.342997
vt 0.382504 0.349351
vt 0.415547 0.355395
vt 0.451910 0.351962
vt 0.481081 0.366930
vt 0.484847 0.357597
vt 0.488625 0.348246
vt 0.521724 0.353508
vt 0.525266 0.344250
vt 0.558209 0.349785
vt 0.587273 0.364296
vt 0.590775 0.355174
vt 0.620327 0.369761
vt 0.663864 0.435132
vt 0.685523 0.468379
vt 0.710961 0.491971
vt 0.739845 0.506517
vt 0.765527 0.530367
vt 0.780288 0.581544
vt 0.234223 0.371671
vt 0.248694 0.334750
vt 0.317300 0.336821
vt 0.353310 0.333884
vt 0.386106 0.340144
vt 0.419256 0.346147
vt 0.455591 0.342662
vt 0.459299 0.333351
vt 0.492410 0.338880
vt 0.496152 0.329530
vt 0.528854 0.335001
vt 0.561819 0.340588
vt 0.565413 0.331389
vt 0.594309 0.346063
vt 0.597864 0.336912
vt 0.645878 0.393279
vt 0.667407 0.425722
vt 0.689062 0.459016
vt 0.714541 0.482748
vt 0.743478 0.497009
vt 0.769196 0.520987
vt 0.783519 0.571948
vt 0.230618 0.380747
vt 0.285260 0.331012
vt 0.320767 0.327731
vt 0.356833 0.324736
vt 0.389715 0.330899
vt 0.422999 0.336874
vt 0.426731 0.327579
vt 0.463014 0.324040
vt 0.466743 0.314747
vt 0.499830 0.320242
vt 0.532520 0.325765
vt 0.536257 0.316528
vt 0.569042 0.322170
vt 0.572712 0.312872
vt 0.623809 0.360361
vt 0.627328 0.350985
vt 0.649407 0.383909
vt 0.692563 0.449586
vt 0.718083 0.473443
vt 0.721647 0.464056
vt 0.747144 0.487597
vt 0.772898 0.511549
vt 0.227017 0.389832
vt 0.252415 0.325481
vt 0.288815 0.321918
vt 0.324204 0.318641
vt 0.393429 0.321624
vt 0.430434 0.318279
vt 0.434080 0.308975
vt 0.470447 0.305443
vt 0.503446 0.310974
vt 0.507055 0.301688
vt 0.540009 0.307235
vt 0.543681 0.297911
vt 0.601448 0.327701
vt 0.605110 0.318401
vt 0.630915 0.341704
vt 0.670970 0.416270
vt 0.696107 0.440149
vt 0.725226 0.454667
vt 0.750791 0.478201
vt 0.754520 0.468820
vt 0.787404 0.562298
vt 0.223395 0.398992
vt 0.256104 0.316222
vt 0.292342 0.312795
vt 0.360375 0.315575
vt 0.397226 0.312312
vt 0.400988 0.303012
vt 0.437631 0.299688
vt 0.474107 0.296125
vt 0.477736 0.286786
vt 0.510639 0.292354
vt 0.514247 0.282955
vt 0.547266 0.288526
vt 0.576366 0.303496
vt 0.579901 0.294013
vt 0.608778 0.309056
vt 0.652946 0.374520
vt 0.674567 0.407013
vt 0.699674 0.430793
vt 0.728840 0.445280
vt 0.732483 0.435904
vt 0.776430 0.502092
vt 0.790595 0.552558
vt 0.219730 0.408236
vt 0.259797 0.306968
vt 0.327708 0.309536
vt 0.363989 0.306298
vt 0.367741 0.297018
vt 0.404750 0.293757
vt 0.441130 0.290387
vt 0.444687 0.281111
vt 0.481342 0.277444
vt 0.484966 0.268203
vt 0.517863 0.273589
vt 0.550834 0.279140
vt 0.554349 0.269749
vt 0.583415 0.284521
vt 0.634472 0.332524
vt 0.656431 0.365136
vt 0.678154 0.397759
vt 0.703202 0.421406
vt 0.706749 0.412119
vt 0.758213 0.459440
vt 0.761824 0.450034
vt 0.780068 0.492068
vt 0.215971 0.417534
vt 0.295869 0.303611
vt 0.331209 0.300374
vt 0.334821 0.291202
vt 0.371603 0.287781
vt 0.408492 0.284588
vt 0.412219 0.275516
vt 0.448300 0.271903
vt 0.451965 0.262739
vt 0.488627 0.259023
vt 0.521502 0.264282
vt 0.525186 0.255048
vt 0.557913 0.260415
vt 0.612428 0.299579
vt 0.616009 0.289918
vt 0.637913 0.323352
vt 0.681762 0.388507
vt 0.710321 0.402899
vt 0.736134 0.426573
vt 0.739767 0.417239
vt 0.765675 0.440713
vt 0.793583 0.543251
vt 0.212092 0.426932
vt 0.263481 0.297749
vt 0.299398 0.294420
vt 0.302962 0.285219
vt 0.338571 0.282062
vt 0.375450 0.278604
vt 0.415917 0.266466
vt 0.419554 0.257369
vt 0.455653 0.253562
vt 0.459370 0.244354
vt 0.492246 0.249864
vt 0.495859 0.240643
vt 0.528925 0.245810
vt 0.586953 0.275059
vt 0.590562 0.265654
vt 0.619584 0.280349
vt 0.659891 0.355844
vt 0.685327 0.379248
vt 0.713898 0.393692
vt 0.717519 0.384463
vt 0.743502 0.408009
vt 0.747115 0.398896
vt 0.782858 0.481300
vt 0.797293 0.534252
vt 0.208240 0.436129
vt 0.267189 0.288560
vt 0.270885 0.279348
vt 0.306575 0.276016
vt 0.310211 0.266779
vt 0.342315 0.272832
vt 0.379299 0.269503
vt 0.383115 0.260420
vt 0.386906 0.251274
vt 0.423114 0.248153
vt 0.426643 0.238827
vt 0.463107 0.235100
vt 0.466804 0.225837
vt 0.499491 0.231389
vt 0.561535 0.251098
vt 0.565162 0.241819
vt 0.594226 0.256310
vt 0.597843 0.247002
vt 0.641388 0.314104
vt 0.663322 0.346598
vt 0.688861 0.370028
vt 0.692369 0.360861
vt 0.721151 0.375265
vt 0.724837 0.366101
vt 0.750614 0.390056
vt 0.769441 0.430135
vt 0.204366 0.445137
vt 0.274519 0.270102
vt 0.278122 0.260825
vt 0.313893 0.257555
vt 0.346140 0.263610
vt 0.390632 0.242113
vt 0.394278 0.232907
vt 0.430152 0.229482
vt 0.433687 0.220160
vt 0.470466 0.216613
vt 0.532666 0.236541
vt 0.536398 0.227268
vt 0.568774 0.232561
vt 0.572366 0.223376
vt 0.623126 0.270923
vt 0.644902 0.304707
vt 0.666764 0.337368
vt 0.695888 0.351740
vt 0.699382 0.342611
vt 0.728447 0.356983
vt 0.754865 0.380129
vt 0.786329 0.471947
vt 0.242003 0.264360
vt 0.281718 0.251556
vt 0.317662 0.248346
vt 0.349967 0.254360
vt 0.397836 0.223669
vt 0.401371 0.214482
vt 0.437282 0.210877
vt 0.503115 0.222160
vt 0.506734 0.212975
vt 0.540051 0.218075
vt 0.543692 0.208897
vt 0.601345 0.237700
vt 0.605004 0.228565
vt 0.626788 0.261511
vt 0.670230 0.328149
vt 0.673739 0.318935
vt 0.702926 0.333435
vt 0.732122 0.347806
vt 0.735825 0.338663
vt 0.772436 0.419847
vt 0.238072 0.273545
vt 0.245850 0.255140
vt 0.249632 0.245939
vt 0.285318 0.242396
vt 0.321462 0.239189
vt 0.353812 0.245232
vt 0.404915 0.205281
vt 0.474102 0.207402
vt 0.477733 0.198225
vt 0.510412 0.203774
vt 0.514105 0.194576
vt 0.547346 0.199721
vt 0.575969 0.214267
vt 0.579570 0.205184
vt 0.608802 0.219425
vt 0.648458 0.295294
vt 0.677286 0.309702
vt 0.706538 0.324188
vt 0.710194 0.314870
vt 0.713898 0.305583
vt 0.739670 0.329241
vt 0.756895 0.369481
vt 0.234216 0.282793
vt 0.253406 0.236769
vt 0.288951 0.233299
vt 0.325305 0.230102
vt 0.357793 0.236121
vt 0.440914 0.201607
vt 0.444553 0.192390
vt 0.481318 0.189063
vt 0.484935 0.179909
vt 0.517821 0.185380
vt 0.551005 0.190549
vt 0.554649 0.181374
vt 0.583103 0.195991
vt 0.612683 0.210530
vt 0.652031 0.285954
vt 0.680910 0.300402
vt 0.684541 0.291021
vt 0.688208 0.281654
vt 0.717566 0.296333
vt 0.721123 0.287289
vt 0.230594 0.292009
vt 0.292637 0.224194
vt 0.329037 0.221110
vt 0.361726 0.226936
vt 0.365397 0.217827
vt 0.408478 0.196073
vt 0.412110 0.186879
vt 0.448207 0.183208
vt 0.451859 0.174115
vt 0.488532 0.170747
vt 0.521561 0.176172
vt 0.525259 0.166988
vt 0.558222 0.172228
vt 0.586586 0.186674
vt 0.590176 0.177232
vt 0.630460 0.252108
vt 0.655562 0.276576
vt 0.659143 0.267196
vt 0.662783 0.257823
vt 0.691794 0.272387
vt 0.695390 0.263244
vt 0.724869 0.277911
vt 0.226947 0.301177
vt 0.257090 0.227589
vt 0.296417 0.215119
vt 0.369068 0.208745
vt 0.372614 0.199537
vt 0.415750 0.177688
vt 0.419394 0.168536
vt 0.455541 0.165023
vt 0.459196 0.155931
vt 0.492103 0.161561
vt 0.495693 0.152369
vt 0.528941 0.157778
vt 0.561644 0.163106
vt 0.565047 0.153899
vt 0.594074 0.168351
vt 0.633998 0.242793
vt 0.637341 0.233859
vt 0.666418 0.248495
vt 0.669968 0.239239
vt 0.699027 0.254151
vt 0.702648 0.245120
vt 0.260713 0.218404
vt 0.332624 0.212138
vt 0.376200 0.190430
vt 0.379913 0.181335
vt 0.383630 0.172171
vt 0.423028 0.159436
vt 0.426625 0.150342
vt 0.462786 0.146860
vt 0.466296 0.137802
vt 0.499309 0.143241
vt 0.532629 0.148531
vt 0.536240 0.139268
vt 0.568627 0.144524
vt 0.616260 0.201172
vt 0.640785 0.224823
vt 0.644320 0.215745
vt 0.673542 0.230126
vt 0.677143 0.221174
vt 0.706588 0.235973
vt 0.300226 0.206050
vt 0.336166 0.203204
vt 0.387304 0.163104
vt 0.390885 0.154030
vt 0.430139 0.141263
vt 0.433633 0.132144
vt 0.469831 0.128632
vt 0.502947 0.134140
vt 0.506597 0.124925
vt 0.539784 0.129989
vt 0.572480 0.134790
vt 0.619362 0.192325
vt 0.647917 0.206575
vt 0.651566 0.197390
vt 0.680798 0.212210
vt 0.684387 0.203240
vt 0.710122 0.227158
vt 0.264364 0.209231
vt 0.303939 0.197028
vt 0.394485 0.144894
vt 0.398012 0.135754
vt 0.437187 0.122911
vt 0.473429 0.119348
vt 0.476996 0.109660
vt 0.510224 0.115460
vt 0.543340 0.120549
vt 0.547046 0.110765
vt 0.576642 0.125571
vt 0.622412 0.183238
vt 0.655202 0.188300
vt 0.658809 0.179188
vt 0.688235 0.194173
vt 0.268008 0.200120
vt 0.339605 0.194200
vt 0.401612 0.126567
vt 0.440779 0.113423
vt 0.444384 0.103545
vt 0.480693 0.099317
vt 0.513948 0.105464
vt 0.517974 0.095151
vt 0.551393 0.100444
vt 0.598274 0.159712
vt 0.626075 0.173999
vt 0.629782 0.164799
vt 0.662283 0.170159
vt 0.307597 0.188027
vt 0.342995 0.185144
vt 0.405284 0.117225
vt 0.409040 0.107526
vt 0.448209 0.093415
vt 0.484733 0.089503
vt 0.522223 0.085264
vt 0.600697 0.150854
vt 0.633494 0.155522
vt 0.665576 0.160612
vt 0.271784 0.190975
vt 0.311182 0.179009
vt 0.412665 0.097507
vt 0.452110 0.083436
vt 0.489322 0.080148
vt 0.555017 0.091616
vt 0.604283 0.141168
vt 0.637112 0.146186
vt 0.640642 0.136511
vt 0.275804 0.181856
vt 0.346347 0.176024
vt 0.416097 0.087078
vt 0.525736 0.076323
vt 0.559569 0.080253
vt 0.607950 0.131500
vt 0.611676 0.122112
vt 0.314754 0.169917
vt 0.349819 0.166572
vt 0.420615 0.078470
vt 0.578286 0.117995
vt 0.279825 0.172508
vt 0.318437 0.160702
vt 0.283518 0.162835
vt 0.353635 0.156894
vt 0.322327 0.151087
vt 0.358095 0.147399
vt 0.287249 0.153639
vt 0.326506 0.141493
vt 0.760959 0.714781
vt 0.756672 0.722943
vt 0.715961 0.736076
vt 0.330493 0.131968
vt 0.361985 0.137906
vt 0.753381 0.731015
vt 0.749252 0.740960
vt 0.709811 0.745232
vt 0.721003 0.727846
vt 0.367214 0.128360
vt 0.380653 0.091174
vt 0.705744 0.752477
vt 0.678887 0.739252
vt 0.680325 0.729723
vt 0.372411 0.119631
vt 0.377855 0.102462
vt 0.383051 0.083441
vt 0.675890 0.748071
vt 0.640550 0.752424
vt 0.647550 0.733988
vt 0.333437 0.123629
vt 0.375233 0.111152
vt 0.673250 0.757633
vt 0.636548 0.760308
vt 0.644126 0.743329
vt 0.615029 0.728033
vt 0.650531 0.724675
vt 0.308523 0.099836
vt 0.336665 0.113983
vt 0.340491 0.105366
vt 0.669621 0.765868
vt 0.603995 0.755397
vt 0.611373 0.737342
vt 0.585455 0.712678
vt 0.618553 0.718407
vt 0.621567 0.708655
vt 0.301861 0.118480
vt 0.632930 0.769557
vt 0.599749 0.763448
vt 0.607877 0.746430
vt 0.582039 0.722012
vt 0.556739 0.697137
vt 0.588917 0.703109
vt 0.592618 0.693393
vt 0.596127 0.683562
vt 0.665782 0.775387
vt 0.628871 0.777507
vt 0.596034 0.772821
vt 0.571136 0.748646
vt 0.575414 0.740192
vt 0.578725 0.731256
vt 0.553292 0.706449
vt 0.560360 0.687555
vt 0.564025 0.678080
vt 0.567923 0.757664
vt 0.540808 0.732016
vt 0.546599 0.724672
vt 0.550093 0.715700
vt 0.524500 0.690027
vt 0.528597 0.680932
vt 0.563920 0.766635
vt 0.537466 0.741542
vt 0.517434 0.708879
vt 0.520459 0.699293
vt 0.593107 0.782276
vt 0.535240 0.750386
vt 0.508247 0.735958
vt 0.514213 0.718129
vt 0.486346 0.702330
vt 0.504728 0.744456
vt 0.469285 0.739124
vt 0.511006 0.727256
vt 0.478965 0.720917
vt 0.482534 0.712093
vt 0.501506 0.753444
vt 0.497356 0.761537
vt 0.475102 0.730398
vt 0.464403 0.745609
vn 0.0590 -0.5946 0.8018
vn -0.2110 -0.2357 0.9486
vn -0.1445 -0.2642 0.9536
vn -0.1867 -0.3690 0.9105
vn -0.0832 -0.0545 0.9950
vn -0.3290 -0.1376 0.9342
vn -0.1881 0.0196 0.9819
vn -0.3571 -0.1545 0.9212
vn -0.4748 0.0928 0.8752
vn -0.0584 0.1564 0.9859
vn -0.3965 -0.1056 0.9119
vn -0.3298 0.3436 0.8792
vn -0.1381 0.2228 0.9650
vn -0.5401 -0.0620 0.8393
vn -0.6444 0.3063 0.7006
vn -0.1350 0.2131 0.9676
vn -0.4862 -0.2208 0.8455
vn -0.5960 -0.2850 0.7507
vn -0.3509 0.5661 0.7458
vn -0.1063 0.4047 0.9082
vn -0.0665 -0.1168 0.9909
vn -0.6925 0.2234 0.6859
vn -0.3404 0.4388 0.8316
vn -0.0313 0.6743 0.7377
vn 0.0617 0.2885 0.9555
vn -0.6808 -0.3247 0.6565
vn -0.6645 0.0591 0.7449
vn -0.3197 0.2423 0.9160
vn -0.0291 0.6095 0.7923
vn 0.1191 0.6216 0.7742
vn -0.5959 -0.1207 0.7939
vn -0.4835 -0.3577 0.7989
vn -0.3482 -0.0090 0.9373
vn 0.1304 0.6394 0.7577
vn 0.1141 0.3400 0.9335
vn 0.1449 0.2978 0.9436
vn -0.2132 -0.5766 0.7887
vn -0.1629 -0.8076 0.5668
vn -0.0385 0.3990 0.9161
vn -0.2216 0.2755 0.9354
vn 0.3452 0.3796 0.8583
vn -0.5443 -0.5366 0.6448
vn -0.0561 -0.8858 0.4606
vn -0.5190 -0.3767 0.7673
vn -0.4452 -0.6904 0.5701
vn -0.1489 0.0884 0.9849
vn 0.1657 0.5703 0.8045
vn 0.4747 0.4512 0.7557
vn -0.3350 -0.4000 0.8530
vn -0.0782 0.5131 0.8547
vn 0.4741 -0.3345 0.8144
vn -0.0833 0.0436 0.9955
vn 0.0158 0.3775 0.9259
vn 0.5577 0.4821 0.6756
vn 0.4684 0.5754 0.6704
vn 0.5999 -0.1036 0.7933
vn 0.0276 0.2874 0.9574
vn 0.4329 0.5685 0.6995
vn 0.5977 0.4294 0.6770
vn 0.3476 0.8285 -0.4390
vn 0.8888 0.4351 -0.1439
vn 0.5896 -0.4168 0.6918
vn 0.0308 0.1878 0.9817
vn 0.0520 0.0881 0.9948
vn 0.6555 0.4006 0.6401
vn 0.2622 0.7004 0.6638
vn 0.4661 0.3389 0.8172
vn -0.0365 -0.6340 0.7725
vn -0.0529 -0.5815 0.8118
vn -0.2658 0.1966 0.9438
vn 0.0066 -0.0058 0.9999
vn 0.3533 0.5324 0.7692
vn 0.3729 0.4113 0.8317
vn 0.1306 0.6672 0.7333
vn 0.3037 0.6298 0.7149
vn -0.5788 -0.7264 0.3706
vn -0.7454 -0.3156 0.5871
vn -0.2524 -0.9515 0.1756
vn -0.3501 -0.5364 0.7679
vn -0.1622 0.6307 0.7589
vn 0.1841 0.0073 0.9829
vn 0.2369 -0.0403 0.9707
vn 0.6353 0.3051 0.7094
vn 0.0559 0.7948 0.6043
vn 0.8566 -0.5049 -0.1063
vn -0.6496 0.4351 0.6233
vn 0.0062 -0.9003 -0.4352
vn 0.3771 0.3262 0.8668
vn 0.6558 0.2962 0.6944
vn 0.3981 0.1852 0.8984
vn -0.2534 0.5237 0.8133
vn -0.0678 0.8132 0.5780
vn 0.0787 0.9794 0.1858
vn 0.2266 0.7212 0.6546
vn 0.0902 -0.9594 -0.2673
vn 0.1541 -0.1218 0.9805
vn 0.3625 0.2642 0.8937
vn -0.3907 0.5766 0.7175
vn -0.2897 0.7844 0.5484
vn -0.0692 0.7886 0.6110
vn 0.1412 0.8099 0.5693
vn 0.6256 -0.5120 0.5886
vn -0.0499 -0.3804 0.9235
vn 0.8009 -0.5592 -0.2141
vn 0.0751 -0.1913 0.9786
vn 0.3491 0.1953 0.9165
vn 0.9370 0.3491 0.0088
vn 0.8868 0.3997 0.2317
vn -0.1890 0.3380 0.9220
vn -0.5676 0.5981 0.5658
vn -0.1074 -0.4874 0.8665
vn -0.4534 -0.8842 -0.1119
vn 0.1679 -0.9364 0.3082
vn 0.0007 -0.2419 0.9703
vn 0.3333 0.1420 0.9320
vn 0.8928 0.4443 0.0732
vn 0.6264 0.6227 0.4689
vn 0.8919 0.2719 0.3613
vn -0.4385 0.3936 0.8079
vn -0.6522 0.3505 0.6721
vn -0.7136 0.2898 0.6378
vn -0.5757 0.6727 0.4648
vn 0.2203 0.6119 0.7596
vn 0.1374 0.7274 0.6723
vn -0.3734 -0.8601 -0.3476
vn -0.3620 -0.7056 -0.6092
vn -0.0581 -0.2977 0.9529
vn 0.3119 0.0859 0.9462
vn 0.3116 0.0342 0.9496
vn 0.7870 0.2335 0.5711
vn -0.1778 -0.1453 0.9733
vn -0.6638 0.0164 0.7477
vn -0.6854 0.5390 0.4896
vn -0.7861 0.4276 0.4463
vn 0.1281 0.7146 0.6877
vn 0.3632 0.5688 0.7379
vn -0.6219 0.1249 0.7731
vn -0.3297 -0.3627 0.8716
vn -0.0103 -0.6693 -0.7429
vn -0.0827 -0.4022 0.9118
vn 0.2862 -0.0236 0.9579
vn 0.2574 -0.1210 0.9587
vn -0.7022 -0.0055 0.7119
vn -0.7678 0.2352 0.5959
vn -0.8206 0.2570 0.5103
vn 0.2903 0.5535 0.7806
vn 0.4486 0.4814 0.7530
vn 0.0392 -0.9967 0.0714
vn -0.2233 -0.5203 -0.8243
vn -0.1400 -0.4608 0.8764
vn -0.2074 -0.4819 0.8513
vn 0.2745 -0.0742 0.9587
vn -0.2394 -0.5417 0.8057
vn -0.0153 -0.2217 0.9750
vn -0.7777 -0.0080 0.6285
vn -0.8370 0.3044 0.4547
vn 0.4578 0.4523 0.7653
vn -0.3831 -0.3690 -0.8468
vn -0.3655 -0.4417 0.8193
vn -0.4293 -0.3598 0.8284
vn 0.6983 0.3423 0.6287
vn -0.8256 0.0177 0.5639
vn -0.8312 0.0251 0.5554
vn -0.8251 0.2680 0.4973
vn -0.5118 -0.3569 -0.7815
vn -0.4379 -0.3077 0.8447
vn -0.7566 0.4017 0.5158
vn -0.4222 -0.3534 0.8347
vn -0.7381 0.3318 0.5875
vn -0.4908 0.6955 0.5247
vn -0.5475 -0.3466 -0.7617
vn -0.4144 -0.3474 0.8412
vn 0.9133 -0.3890 -0.1201
vn 0.8089 -0.4473 0.3814
vn 0.5910 -0.5785 0.5622
vn 0.9021 -0.3200 0.2894
vn -0.7904 0.1778 0.5862
vn -0.5495 0.6264 0.5528
vn -0.3687 0.8068 0.4617
vn -0.4321 -0.2543 0.8652
vn 0.6140 -0.6015 0.5110
vn -0.7278 0.2731 0.6290
vn -0.5832 0.5196 0.6244
vn -0.4180 0.7500 0.5125
vn -0.3876 -0.3419 0.8560
vn -0.7660 0.0981 0.6353
vn -0.5905 0.4377 0.6780
vn -0.3690 0.6976 0.6141
vn -0.5118 -0.2538 0.8207
vn -0.7204 0.2148 0.6595
vn -0.5959 0.3837 0.7054
vn -0.4426 0.5946 0.6712
vn -0.2527 0.8245 0.5062
vn -0.3580 -0.3230 0.8761
vn -0.7524 0.0349 0.6578
vn -0.7102 0.1534 0.6870
vn -0.5937 0.3136 0.7410
vn -0.2639 0.7727 0.5773
vn -0.5938 -0.2321 0.7704
vn -0.7403 -0.0189 0.6719
vn -0.6956 0.0878 0.7130
vn -0.4474 0.4796 0.7548
vn -0.2485 0.6414 0.7258
vn 0.0227 0.8362 0.5478
vn -0.0833 -0.2026 0.9757
vn -0.7218 -0.0762 0.6878
vn -0.5816 0.2435 0.7762
vn -0.4327 0.3969 0.8094
vn -0.2369 0.5251 0.8174
vn 0.0519 0.7626 0.6447
vn -0.5876 -0.1701 0.7910
vn -0.6782 0.0222 0.7345
vn -0.5665 0.1797 0.8042
vn -0.4152 0.3321 0.8469
vn -0.2201 0.4408 0.8702
vn 0.0643 0.6374 0.7678
vn 0.2167 0.8608 0.4604
vn 0.2525 -0.0440 0.9666
vn -0.7070 -0.1248 0.6961
vn -0.6611 -0.0355 0.7494
vn -0.3952 0.2727 0.8772
vn -0.2007 0.3742 0.9053
vn 0.0698 0.5376 0.8403
vn 0.2109 0.8177 0.5356
vn -0.4792 -0.1370 0.8669
vn 0.5874 0.5502 0.5935
vn -0.6444 -0.0878 0.7596
vn -0.5502 0.1160 0.8269
vn -0.3724 0.2110 0.9037
vn -0.1833 0.3149 0.9312
vn 0.0829 0.4635 0.8822
vn 0.2293 0.6984 0.6780
vn -0.7607 -0.2757 0.5876
vn 0.2722 -0.0273 0.9618
vn 0.2085 0.1818 0.9610
vn -0.6939 -0.1626 0.7014
vn -0.5318 0.0532 0.8451
vn -0.3513 0.1505 0.9240
vn -0.1701 0.2607 0.9503
vn 0.0889 0.4123 0.9067
vn 0.2258 0.5896 0.7754
vn 0.3200 0.3877 0.8644
vn 0.5694 0.4723 0.6728
vn -0.6327 -0.1307 0.7632
vn -0.5121 -0.0046 0.8589
vn -0.3359 0.0960 0.9370
vn -0.1516 0.2033 0.9673
vn 0.0239 0.4131 0.9103
vn 0.1545 0.5794 0.8002
vn 0.5205 0.5112 0.6839
vn 0.4826 0.7177 0.5019
vn 0.5149 0.7450 0.4240
vn -0.6804 -0.1887 0.7081
vn -0.4923 -0.0605 0.8683
vn -0.3225 0.0443 0.9455
vn -0.1639 0.1585 0.9737
vn -0.1434 0.4834 0.8635
vn -0.1941 0.7151 0.6715
vn 0.4501 0.6203 0.6423
vn 0.2117 0.8774 0.4305
vn 0.2397 0.8598 0.4509
vn 0.3786 0.8967 0.2292
vn -0.6189 -0.1710 0.7666
vn -0.4768 -0.1106 0.8720
vn -0.3132 -0.0032 0.9496
vn -0.1690 0.1182 0.9785
vn -0.2597 0.0972 0.9608
vn -0.3476 0.5215 0.7792
vn -0.3410 0.6092 0.7160
vn -0.6049 -0.2022 0.7701
vn -0.4617 -0.1569 0.8730
vn -0.3113 -0.0457 0.9492
vn -0.3144 -0.0901 0.9450
vn -0.2982 0.0641 0.9523
vn -0.6413 0.4007 0.6543
vn -0.6678 -0.2075 0.7147
vn -0.5891 -0.2291 0.7749
vn -0.4494 -0.1980 0.8711
vn -0.4417 -0.2322 0.8666
vn -0.3218 -0.1379 0.9367
vn -0.4436 0.0629 0.8940
vn -0.5884 0.0681 0.8057
vn -0.5258 0.6555 0.5419
vn -0.6560 -0.2226 0.7212
vn -0.5714 -0.2551 0.7800
vn -0.3085 -0.1920 0.9316
vn -0.3381 -0.2189 0.9153
vn -0.3904 -0.2464 0.8870
vn -0.6804 0.2647 0.6833
vn -0.5078 0.4865 0.7109
vn -0.2836 0.7936 0.5382
vn -0.6372 -0.2376 0.7332
vn -0.4300 -0.2686 0.8620
vn -0.4190 -0.2977 0.8578
vn -0.4121 -0.3189 0.8535
vn -0.6648 0.0441 0.7457
vn -0.6724 0.2016 0.7122
vn -0.4886 0.3580 0.7956
vn -0.2805 0.6909 0.6663
vn -0.5542 -0.2832 0.7826
vn -0.5386 -0.3040 0.7858
vn -0.5210 -0.3215 0.7907
vn -0.4415 -0.2658 0.8570
vn -0.6843 -0.0218 0.7288
vn -0.6500 0.1435 0.7462
vn -0.4704 0.2868 0.8345
vn -0.2730 0.5286 0.8038
vn -0.0670 0.8615 0.5032
vn -0.6171 -0.2459 0.7474
vn -0.4096 -0.3346 0.8487
vn -0.4971 -0.2718 0.8240
vn -0.6782 -0.0782 0.7307
vn -0.6317 0.0815 0.7709
vn -0.4583 0.2391 0.8560
vn -0.2680 0.4350 0.8596
vn -0.0528 0.7945 0.6048
vn 0.2316 0.7349 0.6374
vn -0.5975 -0.2629 0.7575
vn -0.5056 -0.3328 0.7960
vn -0.4104 -0.3479 0.8429
vn -0.6660 -0.1347 0.7336
vn -0.6132 0.0162 0.7897
vn -0.4459 0.1903 0.8746
vn -0.2584 0.3751 0.8902
vn -0.0312 0.6210 0.7832
vn -0.0305 0.5260 0.8499
vn -0.5784 -0.2783 0.7667
vn -0.4915 -0.3418 0.8010
vn -0.5263 -0.2865 0.8005
vn -0.6630 -0.1766 0.7275
vn -0.5960 -0.0407 0.8019
vn -0.4319 0.1353 0.8917
vn -0.2444 0.3135 0.9176
vn 0.1795 0.6739 0.7166
vn -0.5614 -0.2893 0.7753
vn -0.4146 -0.3573 0.8369
vn -0.5487 -0.2865 0.7854
vn -0.6538 -0.2147 0.7255
vn -0.5790 -0.0923 0.8101
vn -0.4190 0.0803 0.9044
vn -0.2321 0.2584 0.9377
vn -0.0261 0.3914 0.9198
vn -0.0295 0.4519 0.8916
vn 0.1720 0.5480 0.8186
vn 0.2351 0.8723 0.4287
vn -0.4785 -0.3489 0.8057
vn -0.4225 -0.3619 0.8309
vn -0.5705 -0.2833 0.7709
vn -0.6411 -0.2479 0.7263
vn -0.5639 -0.1404 0.8138
vn -0.4068 0.0268 0.9131
vn -0.2199 0.2042 0.9539
vn -0.0228 0.3333 0.9425
vn 0.1531 0.4982 0.8534
vn 0.2352 0.7993 0.5530
vn 0.1384 0.8102 0.5696
vn -0.5467 -0.2926 0.7845
vn -0.4674 -0.3514 0.8112
vn -0.4334 -0.3624 0.8251
vn -0.6286 -0.2783 0.7262
vn -0.5398 -0.2208 0.8123
vn -0.5499 -0.1845 0.8146
vn -0.3953 -0.0236 0.9182
vn -0.2060 0.1474 0.9674
vn -0.0184 0.2742 0.9615
vn 0.1389 0.4332 0.8905
vn 0.2397 0.6443 0.7262
vn 0.2056 0.6810 0.7028
vn 0.0619 0.8653 0.4973
vn -0.5332 -0.2911 0.7943
vn -0.4581 -0.3494 0.8173
vn -0.5868 -0.2830 0.7587
vn -0.6189 -0.3020 0.7251
vn -0.5300 -0.2521 0.8096
vn -0.3646 -0.1538 0.9183
vn -0.3855 -0.0720 0.9199
vn -0.1928 0.0936 0.9767
vn -0.0138 0.2144 0.9766
vn 0.1339 0.3712 0.9188
vn 0.2501 0.5395 0.8039
vn 0.2319 0.5855 0.7768
vn 0.2261 0.6413 0.7331
vn 0.1498 0.7747 0.6143
vn -0.5807 -0.3026 0.7557
vn -0.4450 -0.3615 0.8193
vn -0.6002 -0.2786 0.7497
vn -0.6112 -0.3148 0.7261
vn -0.5218 -0.2739 0.8079
vn -0.3571 -0.1888 0.9148
vn -0.1496 -0.0803 0.9855
vn -0.3748 -0.1158 0.9198
vn -0.1673 -0.0010 0.9859
vn -0.1796 0.0449 0.9827
vn -0.0080 0.1575 0.9875
vn 0.1344 0.3030 0.9434
vn 0.2579 0.4633 0.8478
vn 0.2569 0.4038 0.8780
vn 0.2806 0.5376 0.7952
vn 0.5160 0.6002 0.6111
vn 0.4658 0.7281 0.5029
vn 0.1318 0.8386 0.5286
vn -0.4487 -0.3486 0.8228
vn -0.4565 -0.3612 0.8131
vn -0.6121 -0.2710 0.7428
vn -0.6063 -0.3159 0.7298
vn -0.5156 -0.2896 0.8064
vn -0.3487 -0.2225 0.9104
vn -0.1421 -0.1147 0.9832
vn 0.0246 -0.0181 0.9995
vn -0.1578 -0.0433 0.9865
vn 0.0060 0.0607 0.9981
vn -0.0018 0.1070 0.9942
vn 0.1369 0.2352 0.9622
vn 0.2481 0.5085 0.8245
vn 0.3291 0.4570 0.8263
vn 0.5579 0.4796 0.6772
vn 0.4861 0.7329 0.4760
vn -0.5990 -0.3156 0.7359
vn -0.4383 -0.3527 0.8267
vn -0.4693 -0.3607 0.8060
vn -0.6219 -0.2667 0.7362
vn -0.5088 -0.3030 0.8058
vn -0.3397 -0.2513 0.9063
vn -0.1340 -0.1510 0.9794
vn 0.0344 -0.0532 0.9980
vn 0.1664 0.0184 0.9859
vn 0.0152 0.0183 0.9997
vn 0.1502 0.1107 0.9824
vn 0.1422 0.1710 0.9749
vn 0.2571 0.3256 0.9098
vn 0.2744 0.4184 0.8658
vn 0.3762 0.3857 0.8424
vn 0.5971 0.3806 0.7061
vn 0.5483 0.5063 0.6655
vn -0.5821 -0.3254 0.7451
vn -0.4271 -0.3618 0.8286
vn -0.4819 -0.3632 0.7974
vn -0.6023 -0.3104 0.7354
vn -0.5013 -0.3121 0.8070
vn -0.3295 -0.2768 0.9026
vn -0.1253 -0.1859 0.9745
vn 0.0452 -0.0911 0.9948
vn 0.1741 -0.0188 0.9845
vn 0.1590 0.0589 0.9855
vn 0.2637 0.1798 0.9477
vn 0.2604 0.2491 0.9328
vn 0.2975 0.3290 0.8962
vn 0.4180 0.3082 0.8545
vn 0.6334 0.3048 0.7113
vn 0.8249 0.3995 0.4000
vn 0.4222 0.5057 0.7523
vn -0.5663 -0.3278 0.7562
vn -0.4200 -0.3718 0.8278
vn -0.6270 -0.2733 0.7295
vn -0.5975 -0.3070 0.7408
vn -0.4929 -0.3149 0.8111
vn -0.3174 -0.2989 0.8999
vn -0.1144 -0.2223 0.9682
vn 0.0564 -0.1287 0.9901
vn 0.1843 -0.0586 0.9811
vn 0.2723 0.0735 0.9594
vn 0.2666 0.1228 0.9559
vn 0.3218 0.2464 0.9142
vn 0.4524 0.2326 0.8609
vn 0.6648 0.2329 0.7097
vn 0.8595 0.3066 0.4090
vn 0.6981 0.1303 0.7040
vn 0.4385 0.1706 0.8824
vn 0.3769 0.4917 0.7850
vn -0.4175 -0.3717 0.8291
vn -0.4946 -0.3652 0.7886
vn -0.6295 -0.2846 0.7230
vn -0.5896 -0.3114 0.7452
vn -0.4827 -0.3177 0.8161
vn -0.3024 -0.3141 0.8999
vn -0.1002 -0.2613 0.9600
vn 0.0693 -0.1699 0.9830
vn 0.1970 -0.0995 0.9753
vn 0.2829 0.0227 0.9589
vn 0.3672 0.1048 0.9242
vn 0.3456 0.1701 0.9228
vn 0.4830 0.1696 0.8590
vn 0.6935 0.1662 0.7010
vn 0.7251 0.0972 0.6817
vn 0.4945 0.0863 0.8649
vn 0.3574 0.1523 0.9214
vn 0.3229 0.2229 0.9198
vn 0.3366 0.5346 0.7751
vn -0.5441 -0.3289 0.7718
vn -0.5083 -0.3616 0.7815
vn -0.6321 -0.2906 0.7183
vn -0.5806 -0.3172 0.7498
vn -0.4690 -0.3251 0.8212
vn -0.2851 -0.3268 0.9010
vn -0.0837 -0.2934 0.9523
vn 0.0837 -0.2159 0.9728
vn 0.2115 -0.1429 0.9669
vn 0.2983 -0.0295 0.9540
vn 0.3869 0.0460 0.9210
vn 0.5108 0.1077 0.8529
vn 0.5423 0.0416 0.8392
vn 0.5788 -0.0293 0.8149
vn 0.7503 0.0308 0.6604
vn 0.7108 -0.0156 0.7032
vn 0.5813 0.1282 0.8035
vn 0.5600 0.1686 0.8112
vn 0.5377 0.2092 0.8167
vn 0.2654 0.2811 0.9222
vn 0.2066 0.3360 0.9189
vn 0.2862 0.5806 0.7622
vn -0.4116 -0.3765 0.8300
vn -0.5255 -0.3503 0.7753
vn -0.6333 -0.2945 0.7157
vn -0.5711 -0.3214 0.7553
vn -0.4478 -0.3385 0.8275
vn -0.2637 -0.3423 0.9018
vn -0.0650 -0.3189 0.9455
vn 0.0998 -0.2596 0.9605
vn 0.2282 -0.1905 0.9548
vn 0.3142 -0.0798 0.9460
vn 0.4061 -0.0095 0.9138
vn 0.4318 -0.0714 0.8991
vn 0.4621 -0.1344 0.8766
vn 0.6155 -0.1013 0.7815
vn 0.7725 -0.0311 0.6342
vn 0.6938 -0.0542 0.7181
vn 0.6024 0.0912 0.7930
vn 0.5057 0.2573 0.8235
vn 0.4719 0.3033 0.8278
vn 0.1371 0.3967 0.9076
vn -0.0949 0.5718 0.8149
vn -0.5236 -0.3334 0.7840
vn -0.4072 -0.3851 0.8282
vn -0.5410 -0.3451 0.7669
vn -0.6303 -0.3055 0.7137
vn -0.4263 -0.3432 0.8369
vn -0.2427 -0.3635 0.8994
vn -0.0443 -0.3417 0.9387
vn 0.1179 -0.2967 0.9476
vn 0.2468 -0.2394 0.9390
vn 0.3310 -0.1321 0.9343
vn 0.3504 -0.1853 0.9181
vn 0.3729 -0.2373 0.8970
vn 0.4935 -0.1931 0.8480
vn 0.6467 -0.1636 0.7450
vn 0.6703 -0.2099 0.7117
vn 0.7920 -0.0871 0.6042
vn 0.4743 0.0324 0.8798
vn 0.4789 -0.0156 0.8777
vn 0.4375 0.3542 0.8265
vn 0.0680 0.4592 0.8857
vn -0.5002 -0.3393 0.7967
vn -0.4039 -0.3960 0.8246
vn -0.5531 -0.3467 0.7576
vn -0.5575 -0.3299 0.7617
vn -0.4097 -0.3498 0.8425
vn -0.2223 -0.3751 0.8999
vn -0.0218 -0.3631 0.9315
vn 0.1372 -0.3266 0.9351
vn 0.2652 -0.2818 0.9221
vn 0.2838 -0.3154 0.9055
vn 0.3964 -0.2816 0.8738
vn 0.5228 -0.2405 0.8178
vn 0.5511 -0.2781 0.7867
vn 0.6928 -0.2417 0.6794
vn 0.8091 -0.1466 0.5690
vn 0.6455 -0.0889 0.7585
vn 0.5007 -0.0722 0.8626
vn 0.6230 0.0506 0.7805
vn 0.3948 0.4182 0.8180
vn -0.4342 0.4933 0.7537
vn -0.4748 -0.3482 0.8082
vn -0.4040 -0.4015 0.8219
vn -0.6239 -0.3226 0.7118
vn -0.5435 -0.3395 0.7677
vn -0.3936 -0.3562 0.8474
vn -0.1985 -0.3787 0.9040
vn 0.0016 -0.3804 0.9248
vn 0.1565 -0.3511 0.9232
vn 0.3017 -0.3388 0.8912
vn 0.4181 -0.3117 0.8532
vn 0.4393 -0.3295 0.8357
vn 0.5761 -0.3056 0.7581
vn 0.7187 -0.2702 0.6406
vn 0.8208 -0.1959 0.5365
vn 0.6028 -0.1415 0.7852
vn 0.6429 0.0058 0.7659
vn 0.5623 0.3470 0.7506
vn 0.0122 0.5234 0.8520
vn -0.0347 0.6077 0.7934
vn -0.6883 0.4462 0.5720
vn -0.4553 -0.3554 0.8163
vn -0.5688 -0.3384 0.7496
vn -0.6162 -0.3381 0.7113
vn -0.5303 -0.3531 0.7707
vn -0.3737 -0.3687 0.8511
vn -0.1747 -0.3773 0.9095
vn 0.0242 -0.3877 0.9214
vn 0.1758 -0.3703 0.9121
vn 0.3189 -0.3550 0.8787
vn 0.3367 -0.3677 0.8668
vn 0.4623 -0.3415 0.8183
vn 0.6017 -0.3267 0.7288
vn 0.6282 -0.3383 0.7006
vn 0.7408 -0.2911 0.6054
vn 0.8257 -0.2410 0.5100
vn 0.8169 -0.2797 0.5044
vn 0.5141 -0.1315 0.8476
vn 0.6620 -0.0455 0.7481
vn 0.5958 0.2817 0.7521
vn 0.5162 0.4371 0.7364
vn 0.3461 0.5047 0.7908
vn 0.2964 0.5911 0.7501
vn -0.4776 0.5553 0.6808
vn -0.7073 0.5042 0.4954
vn -0.4084 -0.3995 0.8207
vn -0.5863 -0.3235 0.7426
vn -0.6097 -0.3444 0.7139
vn -0.5191 -0.3598 0.7753
vn -0.3539 -0.3771 0.8559
vn -0.1499 -0.3826 0.9116
vn 0.0457 -0.3842 0.9221
vn 0.1945 -0.3820 0.9035
vn 0.2133 -0.3826 0.8989
vn 0.3552 -0.3735 0.8569
vn 0.4880 -0.3519 0.7987
vn 0.5166 -0.3592 0.7772
vn 0.6543 -0.3442 0.6734
vn 0.7618 -0.3030 0.5725
vn 0.7806 -0.3046 0.5457
vn 0.7972 -0.3040 0.5215
vn 0.5607 -0.2036 0.8025
vn 0.5349 -0.1906 0.8231
vn 0.5537 -0.2365 0.7984
vn 0.6261 0.2261 0.7462
vn 0.4480 0.5624 0.6950
vn -0.0877 0.6861 0.7222
vn -0.5234 0.6309 0.5727
vn -0.5145 0.6929 0.5051
vn -0.4423 -0.3480 0.8266
vn -0.4145 -0.3959 0.8194
vn -0.6018 -0.3110 0.7356
vn -0.6038 -0.3433 0.7194
vn -0.3359 -0.3783 0.8625
vn -0.1253 -0.3916 0.9115
vn 0.0670 -0.3811 0.9221
vn 0.2335 -0.3801 0.8950
vn 0.3749 -0.3727 0.8488
vn 0.3971 -0.3714 0.8392
vn 0.5461 -0.3602 0.7563
vn 0.6795 -0.3443 0.6478
vn 0.7057 -0.3319 0.6259
vn 0.7310 -0.3221 0.6015
vn 0.7614 -0.3088 0.5700
vn 0.5170 -0.2448 0.8202
vn 0.5238 -0.2856 0.8025
vn 0.6821 -0.0968 0.7248
vn 0.6525 0.1781 0.7365
vn 0.2471 0.6855 0.6848
vn -0.1471 0.7769 0.6121
vn -0.1358 0.8309 0.5396
vn -0.7035 0.5355 0.4671
vn -0.4211 -0.3485 0.8374
vn -0.4193 -0.3999 0.8150
vn -0.6125 -0.3082 0.7279
vn -0.5123 -0.3560 0.7815
vn -0.3164 -0.3748 0.8715
vn -0.1023 -0.3969 0.9121
vn 0.0890 -0.3846 0.9188
vn 0.2539 -0.3814 0.8889
vn 0.2745 -0.3852 0.8811
vn 0.4209 -0.3696 0.8284
vn 0.5753 -0.3561 0.7363
vn 0.5994 -0.3537 0.7180
vn 0.6248 -0.3590 0.6933
vn 0.8081 -0.2981 0.5080
vn 0.6878 -0.3244 0.6493
vn 0.5002 -0.3123 0.8076
vn 0.5682 -0.2678 0.7781
vn 0.7023 -0.1399 0.6979
vn 0.6773 0.1335 0.7235
vn 0.1977 0.7848 0.5874
vn 0.2308 0.8335 0.5020
vn -0.3991 -0.3542 0.8457
vn -0.4220 -0.4099 0.8086
vn -0.6011 -0.3337 0.7262
vn -0.5064 -0.3475 0.7891
vn -0.2934 -0.3760 0.8789
vn -0.0788 -0.3996 0.9133
vn 0.1107 -0.3890 0.9145
vn 0.1323 -0.3915 0.9106
vn 0.2948 -0.3880 0.8732
vn 0.4459 -0.3700 0.8150
vn 0.4760 -0.3669 0.7992
vn 0.5079 -0.3663 0.7796
vn 0.6486 -0.3513 0.6751
vn 0.7434 -0.3086 0.5933
vn 0.8085 -0.3045 0.5035
vn 0.6120 -0.3285 0.7194
vn 0.5821 -0.2847 0.7616
vn 0.7205 -0.1730 0.6715
vn 0.6935 0.1022 0.7132
vn 0.3798 0.7001 0.6046
vn 0.3432 0.8146 0.4676
vn -0.3755 -0.3671 0.8510
vn -0.6206 -0.3111 0.7197
vn -0.5992 -0.3249 0.7317
vn -0.4960 -0.3441 0.7972
vn -0.2660 -0.3835 0.8844
vn -0.0533 -0.4037 0.9133
vn 0.1544 -0.3948 0.9057
vn 0.3150 -0.3884 0.8660
vn 0.3306 -0.3872 0.8607
vn 0.3481 -0.3942 0.8505
vn 0.5347 -0.3634 0.7629
vn 0.6666 -0.3364 0.6651
vn 0.7598 -0.3001 0.5767
vn 0.7819 -0.2940 0.5496
vn 0.7682 -0.3177 0.5558
vn 0.4972 -0.3245 0.8047
vn 0.5978 -0.2940 0.7457
vn 0.7393 -0.1914 0.6455
vn 0.7614 -0.0536 0.6460
vn 0.7116 0.0635 0.6997
vn 0.3358 0.8561 0.3927
vn -0.4931 -0.2460 0.8344
vn -0.4327 -0.4160 0.7998
vn -0.6246 -0.3106 0.7165
vn -0.5942 -0.3254 0.7355
vn -0.4817 -0.3449 0.8056
vn -0.2419 -0.3918 0.8877
vn -0.0262 -0.4110 0.9113
vn 0.1765 -0.4012 0.8988
vn 0.1975 -0.4100 0.8904
vn 0.2173 -0.4179 0.8821
vn 0.3680 -0.3962 0.8412
vn 0.3882 -0.3974 0.8315
vn 0.5585 -0.3594 0.7476
vn 0.6827 -0.3223 0.6557
vn 0.7048 -0.3083 0.6388
vn 0.8006 -0.2990 0.5192
vn 0.5524 -0.3313 0.7649
vn 0.5069 -0.3374 0.7933
vn 0.6148 -0.2988 0.7298
vn 0.7555 -0.1986 0.6243
vn 0.7979 -0.1179 0.5911
vn 0.7356 0.0061 0.6773
vn -0.5228 -0.2326 0.8201
vn -0.4613 -0.2692 0.8454
vn -0.3524 -0.3848 0.8531
vn -0.6254 -0.3179 0.7126
vn -0.5877 -0.3297 0.7389
vn -0.4636 -0.3508 0.8136
vn -0.2148 -0.4093 0.8867
vn 0.0066 -0.4142 0.9102
vn 0.0401 -0.4237 0.9049
vn 0.0659 -0.4282 0.9012
vn 0.2360 -0.4232 0.8747
vn 0.2535 -0.4255 0.8687
vn 0.4087 -0.3976 0.8215
vn 0.5783 -0.3526 0.7356
vn 0.5934 -0.3468 0.7263
vn 0.7318 -0.2984 0.6126
vn 0.7072 -0.3267 0.6270
vn 0.5323 -0.3377 0.7762
vn 0.5137 -0.3439 0.7860
vn 0.6331 -0.3012 0.7130
vn 0.7753 -0.2100 0.5956
vn 0.8266 -0.1438 0.5441
vn -0.5524 -0.2201 0.8040
vn -0.4296 -0.2909 0.8549
vn -0.4405 -0.4276 0.7893
vn -0.6321 -0.3215 0.7050
vn -0.5808 -0.3303 0.7440
vn -0.4433 -0.3568 0.8223
vn -0.1821 -0.4183 0.8898
vn -0.1481 -0.4254 0.8928
vn 0.0913 -0.4326 0.8969
vn 0.1156 -0.4379 0.8915
vn 0.2703 -0.4266 0.8630
vn 0.4285 -0.3966 0.8118
vn 0.4478 -0.3937 0.8027
vn 0.6104 -0.3460 0.7124
vn 0.6299 -0.3375 0.6995
vn 0.8088 -0.2998 0.5058
vn 0.6350 -0.3223 0.7021
vn 0.4996 -0.3470 0.7937
vn 0.5270 -0.3465 0.7760
vn 0.6547 -0.2956 0.6956
vn 0.8030 -0.2157 0.5556
vn 0.8748 -0.1530 0.4597
vn -0.5930 -0.2221 0.7739
vn -0.3323 -0.3976 0.8553
vn -0.4463 -0.4337 0.7827
vn -0.6375 -0.3271 0.6975
vn -0.5731 -0.3317 0.7493
vn -0.4212 -0.3583 0.8331
vn -0.3959 -0.3616 0.8441
vn -0.1132 -0.4321 0.8947
vn -0.0787 -0.4355 0.8967
vn 0.1382 -0.4407 0.8869
vn 0.2871 -0.4272 0.8573
vn 0.3038 -0.4231 0.8536
vn 0.4699 -0.3820 0.7957
vn 0.4928 -0.3711 0.7870
vn 0.7510 -0.2900 0.5932
vn 0.7757 -0.2956 0.5576
vn 0.7829 -0.3143 0.5369
vn 0.4898 -0.3484 0.7992
vn 0.5377 -0.3441 0.7697
vn 0.5521 -0.3439 0.7595
vn 0.6751 -0.2916 0.6776
vn 0.8504 -0.2172 0.4791
vn -0.6373 -0.2002 0.7442
vn -0.3988 -0.3078 0.8638
vn -0.3145 -0.4056 0.8582
vn -0.4508 -0.4409 0.7761
vn -0.5628 -0.3393 0.7537
vn -0.3672 -0.3711 0.8529
vn -0.3369 -0.3848 0.8593
vn -0.0462 -0.4372 0.8982
vn 0.1587 -0.4387 0.8845
vn 0.1769 -0.4331 0.8838
vn 0.3164 -0.4149 0.8531
vn 0.3308 -0.4122 0.8489
vn 0.6514 -0.3253 0.6854
vn 0.6769 -0.3102 0.6675
vn 0.7983 -0.2940 0.5255
vn 0.5766 -0.3167 0.7531
vn 0.4944 -0.3519 0.7948
vn 0.5713 -0.3407 0.7467
vn 0.6999 -0.2888 0.6532
vn 0.7356 -0.2792 0.6171
vn 0.9027 -0.1414 0.4063
vn -0.6648 -0.1941 0.7213
vn -0.4521 -0.3448 0.8226
vn -0.2978 -0.4144 0.8600
vn -0.6423 -0.3317 0.6909
vn -0.5508 -0.3484 0.7584
vn -0.5369 -0.3600 0.7630
vn -0.3074 -0.4002 0.8633
vn -0.0167 -0.4391 0.8983
vn 0.0094 -0.4407 0.8976
vn 0.1929 -0.4265 0.8836
vn 0.2082 -0.4246 0.8811
vn 0.3464 -0.4055 0.8459
vn 0.5118 -0.3584 0.7807
vn 0.5313 -0.3484 0.7722
vn 0.7049 -0.2909 0.6468
vn 0.7349 -0.3335 0.5905
vn 0.5548 -0.3305 0.7635
vn 0.4988 -0.3539 0.7911
vn 0.5918 -0.3373 0.7320
vn 0.6176 -0.3380 0.7102
vn 0.8826 -0.2021 0.4244
vn 0.8828 -0.1450 0.4467
vn -0.6837 -0.2049 0.7003
vn -0.4880 -0.3609 0.7947
vn -0.4578 -0.4428 0.7709
vn -0.6449 -0.3390 0.6849
vn -0.6442 -0.3511 0.6795
vn -0.5211 -0.3738 0.7672
vn -0.2799 -0.4138 0.8662
vn -0.2524 -0.4268 0.8684
vn 0.0363 -0.4397 0.8974
vn 0.0627 -0.4447 0.8935
vn 0.2228 -0.4267 0.8765
vn 0.3604 -0.3998 0.8427
vn 0.3735 -0.3954 0.8391
vn 0.5514 -0.3390 0.7622
vn 0.8149 -0.2855 0.5043
vn 0.6680 -0.3353 0.6644
vn 0.5144 -0.3448 0.7851
vn 0.5092 -0.3543 0.7843
vn 0.5251 -0.3525 0.7746
vn 0.7706 -0.2816 0.5718
vn 0.8214 -0.2811 0.4961
vn 0.8984 -0.2239 0.3778
vn -0.7028 -0.2052 0.6811
vn -0.2831 -0.4234 0.8606
vn -0.4655 -0.4427 0.7664
vn -0.4814 -0.4297 0.7639
vn -0.6419 -0.3608 0.6766
vn -0.5048 -0.3860 0.7721
vn -0.4885 -0.3936 0.7787
vn -0.2304 -0.4358 0.8701
vn -0.2075 -0.4447 0.8713
vn 0.0842 -0.4477 0.8902
vn 0.2354 -0.4286 0.8723
vn 0.2462 -0.4295 0.8689
vn 0.3864 -0.3896 0.8360
vn 0.7254 -0.2757 0.6307
vn 0.7616 -0.2806 0.5841
vn 0.8196 -0.2976 0.4895
vn 0.4916 -0.3412 0.8012
vn 0.5387 -0.3463 0.7680
vn 0.6540 -0.3283 0.6815
vn 0.6849 -0.3160 0.6565
vn 0.8755 -0.2616 0.4062
vn 0.8458 -0.1553 0.5103
vn -0.7260 -0.2115 0.6543
vn -0.4572 -0.3836 0.8023
vn -0.2711 -0.4342 0.8590
vn -0.2580 -0.4493 0.8553
vn -0.5137 -0.4058 0.7559
vn -0.6377 -0.3692 0.6760
vn -0.4726 -0.3944 0.7881
vn -0.4563 -0.3894 0.8000
vn -0.1787 -0.4456 0.8772
vn -0.1466 -0.4481 0.8819
vn 0.1049 -0.4507 0.8865
vn 0.1234 -0.4505 0.8842
vn 0.2556 -0.4279 0.8669
vn 0.5730 -0.3291 0.7505
vn 0.5906 -0.3191 0.7412
vn 0.8067 -0.3005 0.5087
vn 0.6011 -0.3513 0.7178
vn 0.4902 -0.3464 0.7998
vn 0.5585 -0.3442 0.7547
vn 0.5841 -0.3352 0.7392
vn 0.7306 -0.3169 0.6048
vn 0.7764 -0.3179 0.5441
vn 0.9021 -0.2429 0.3567
vn 0.8585 -0.1917 0.4755
vn -0.7417 -0.2234 0.6324
vn -0.4350 -0.3956 0.8088
vn -0.4044 -0.4090 0.8180
vn -0.2524 -0.4612 0.8506
vn -0.2532 -0.4761 0.8421
vn -0.5451 -0.3733 0.7507
vn -0.6326 -0.3739 0.6782
vn -0.6283 -0.3695 0.6845
vn -0.6234 -0.3589 0.6947
vn -0.4375 -0.3840 0.8131
vn -0.4136 -0.3834 0.8257
vn -0.1126 -0.4508 0.8855
vn -0.0787 -0.4553 0.8868
vn 0.1400 -0.4509 0.8815
vn 0.4007 -0.3867 0.8306
vn 0.4178 -0.3853 0.8228
vn 0.6193 -0.3226 0.7158
vn 0.6640 -0.3140 0.6786
vn 0.7779 -0.3271 0.5366
vn 0.5382 -0.3439 0.7694
vn 0.4848 -0.3490 0.8020
vn 0.4898 -0.3499 0.7985
vn 0.6155 -0.3261 0.7175
vn 0.6570 -0.3146 0.6850
vn 0.8419 -0.2896 0.4553
vn 0.9009 -0.2520 0.3533
vn -0.7439 -0.2318 0.6268
vn -0.3763 -0.4227 0.8245
vn -0.3498 -0.4383 0.8280
vn -0.2621 -0.4918 0.8303
vn -0.5922 -0.3269 0.7364
vn -0.6163 -0.3468 0.7070
vn -0.6063 -0.3356 0.7209
vn -0.3850 -0.3882 0.8373
vn -0.3526 -0.3967 0.8475
vn -0.0457 -0.4605 0.8864
vn 0.2641 -0.4247 0.8659
vn 0.2740 -0.4237 0.8634
vn 0.4372 -0.3853 0.8126
vn 0.4634 -0.3854 0.7980
vn 0.8426 -0.3034 0.4448
vn 0.6952 -0.3673 0.6178
vn 0.5128 -0.3562 0.7811
vn 0.5024 -0.3494 0.7909
vn 0.5208 -0.3485 0.7793
vn 0.6915 -0.2911 0.6612
vn 0.8897 -0.2713 0.3671
vn 0.8977 -0.2349 0.3727
vn -0.5297 -0.3312 0.7808
vn -0.3220 -0.4579 0.8286
vn -0.2780 -0.5102 0.8139
vn -0.6358 -0.2854 0.7171
vn -0.5907 -0.3328 0.7350
vn -0.5705 -0.3391 0.7480
vn -0.3177 -0.4068 0.8565
vn 0.1534 -0.4510 0.8792
vn 0.1638 -0.4488 0.8785
vn 0.2860 -0.4251 0.8588
vn 0.2966 -0.4251 0.8552
vn 0.6964 -0.3047 0.6497
vn 0.7416 -0.3193 0.5899
vn 0.8387 -0.3157 0.4437
vn 0.4696 -0.3549 0.8084
vn 0.4622 -0.3695 0.8061
vn 0.5379 -0.3474 0.7681
vn 0.7344 -0.3163 0.6005
vn 0.8058 -0.3124 0.5030
vn 0.9029 -0.2712 0.3335
vn -0.5678 -0.2854 0.7721
vn -0.4994 -0.3553 0.7901
vn -0.4675 -0.3816 0.7974
vn -0.2947 -0.4787 0.8270
vn -0.2984 -0.5272 0.7956
vn -0.6736 -0.2557 0.6934
vn -0.5491 -0.3468 0.7604
vn -0.0149 -0.4652 0.8850
vn 0.0122 -0.4682 0.8835
vn 0.1736 -0.4470 0.8775
vn 0.1838 -0.4479 0.8749
vn 0.3124 -0.4321 0.8459
vn 0.4976 -0.3913 0.7741
vn 0.5339 -0.3903 0.7501
vn 0.7902 -0.3067 0.5306
vn 0.6043 -0.3601 0.7107
vn 0.4482 -0.3752 0.8114
vn 0.5644 -0.3567 0.7444
vn 0.6061 -0.3559 0.7113
vn 0.6413 -0.3512 0.6822
vn 0.8406 -0.3015 0.4500
vn 0.9036 -0.3048 0.3011
vn -0.6135 -0.2233 0.7575
vn -0.4234 -0.4183 0.8036
vn -0.2742 -0.4978 0.8228
vn -0.3419 -0.5341 0.7732
vn -0.6905 -0.2328 0.6848
vn -0.2808 -0.4191 0.8634
vn -0.2431 -0.4355 0.8667
vn 0.0348 -0.4713 0.8813
vn 0.0572 -0.4731 0.8791
vn 0.1945 -0.4501 0.8715
vn 0.3351 -0.4382 0.8340
vn 0.3608 -0.4501 0.8168
vn 0.5626 -0.3882 0.7299
vn 0.8465 -0.3406 0.4091
vn 0.5473 -0.3770 0.7472
vn 0.4537 -0.3770 0.8075
vn 0.4710 -0.3747 0.7986
vn 0.5000 -0.3735 0.7813
vn 0.7102 -0.3562 0.6071
vn 0.7784 -0.3631 0.5121
vn -0.6763 -0.1750 0.7155
vn -0.2564 -0.5097 0.8213
vn -0.2673 -0.5362 0.8006
vn -0.6951 -0.2396 0.6778
vn -0.6964 -0.2447 0.6746
vn -0.5245 -0.3597 0.7717
vn -0.4964 -0.3776 0.7816
vn -0.2067 -0.4542 0.8666
vn -0.1767 -0.4710 0.8643
vn 0.0763 -0.4846 0.8714
vn 0.2076 -0.4591 0.8638
vn 0.2244 -0.4770 0.8498
vn 0.3888 -0.4696 0.7927
vn 0.6068 -0.4104 0.6807
vn 0.6506 -0.4264 0.6284
vn 0.7874 -0.3480 0.5088
vn 0.4558 -0.3964 0.7969
vn 0.3977 -0.3973 0.8270
vn 0.3966 -0.4052 0.8237
vn 0.5280 -0.3739 0.7625
vn 0.5746 -0.3857 0.7219
vn 0.8072 -0.3452 0.4788
vn -0.7087 -0.1529 0.6887
vn -0.3840 -0.4393 0.8121
vn -0.2351 -0.5232 0.8191
vn -0.6745 -0.2634 0.6896
vn -0.6441 -0.2772 0.7129
vn -0.4663 -0.3973 0.7904
vn -0.4360 -0.4250 0.7933
vn -0.1464 -0.4949 0.8565
vn -0.1158 -0.5128 0.8506
vn 0.0885 -0.4979 0.8627
vn 0.1024 -0.5158 0.8506
vn 0.2445 -0.4990 0.8314
vn 0.4194 -0.4898 0.7643
vn 0.4593 -0.5122 0.7257
vn 0.7145 -0.4547 0.5317
vn 0.6583 -0.4288 0.6186
vn 0.4325 -0.4600 0.7754
vn 0.3934 -0.4120 0.8219
vn 0.4121 -0.4190 0.8091
vn 0.6402 -0.3784 0.6685
vn 0.6960 -0.3525 0.6256
vn -0.3584 -0.4794 0.8010
vn -0.0949 -0.5390 0.8369
vn -0.6233 -0.2970 0.7233
vn -0.6014 -0.3179 0.7330
vn -0.5694 -0.3429 0.7471
vn -0.4073 -0.4462 0.7968
vn -0.3738 -0.4703 0.7994
vn -0.0876 -0.5302 0.8433
vn -0.0601 -0.5524 0.8314
vn 0.1184 -0.5390 0.8339
vn 0.2668 -0.5229 0.8095
vn 0.2913 -0.5510 0.7820
vn 0.4961 -0.5217 0.6940
vn 0.6693 -0.5098 0.5405
vn 0.3888 -0.4363 0.8115
vn 0.3556 -0.4639 0.8113
vn 0.4463 -0.4263 0.7868
vn 0.4822 -0.4352 0.7603
vn 0.7597 -0.3904 0.5200
vn -0.2191 -0.5349 0.8160
vn -0.0836 -0.5462 0.8334
vn -0.5346 -0.3683 0.7606
vn -0.5064 -0.4071 0.7601
vn -0.3413 -0.4974 0.7975
vn -0.3088 -0.5278 0.7912
vn -0.0311 -0.5822 0.8124
vn 0.1350 -0.5670 0.8126
vn 0.1510 -0.5990 0.7864
vn 0.3132 -0.5799 0.7521
vn 0.5530 -0.5617 0.6154
vn 0.3300 -0.5583 0.7612
vn 0.3068 -0.4666 0.8295
vn 0.3270 -0.4858 0.8105
vn 0.5362 -0.4592 0.7082
vn 0.6151 -0.4845 0.6220
vn 0.7813 -0.4113 0.4694
vn -0.3408 -0.5132 0.7877
vn -0.2069 -0.5493 0.8096
vn -0.4795 -0.4425 0.7578
vn -0.4513 -0.4871 0.7477
vn -0.2741 -0.5664 0.7772
vn -0.0021 -0.6181 0.7860
vn 0.0266 -0.6722 0.7398
vn 0.1651 -0.6441 0.7469
vn 0.3354 -0.6232 0.7064
vn 0.3675 -0.6748 0.6400
vn 0.5408 -0.6110 0.5780
vn 0.2615 -0.5265 0.8089
vn 0.3612 -0.5068 0.7827
vn 0.4241 -0.5390 0.7277
vn 0.6591 -0.5058 0.5565
vn -0.3281 -0.5313 0.7810
vn -0.0777 -0.5486 0.8325
vn -0.4227 -0.5336 0.7324
vn -0.2371 -0.6180 0.7495
vn -0.1946 -0.6871 0.7000
vn 0.0496 -0.7536 0.6555
vn 0.1768 -0.7074 0.6843
vn 0.1727 -0.7815 0.5995
vn 0.3297 -0.7490 0.5747
vn 0.2441 -0.6018 0.7604
vn 0.2599 -0.5180 0.8149
vn 0.2699 -0.5525 0.7886
vn 0.5244 -0.5924 0.6116
vn -0.1981 -0.5656 0.8005
vn -0.0800 -0.5525 0.8296
vn -0.3889 -0.5814 0.7146
vn -0.3386 -0.6467 0.6834
vn -0.1361 -0.7720 0.6209
vn 0.0600 -0.8347 0.5473
vn 0.1613 -0.8177 0.5524
vn 0.2061 -0.6241 0.7537
vn 0.2888 -0.5865 0.7566
vn 0.5830 -0.6592 0.4749
vn -0.3164 -0.5617 0.7644
vn -0.1955 -0.5877 0.7851
vn -0.2599 -0.7287 0.6336
vn -0.0817 -0.8268 0.5565
vn 0.0320 -0.8585 0.5117
vn 0.2685 -0.6702 0.6919
vn 0.1656 -0.6422 0.7484
vn 0.3959 -0.6911 0.6047
vn 0.4715 -0.7104 0.5224
vn -0.3094 -0.6054 0.7333
vn -0.0861 -0.5721 0.8157
vn -0.1879 -0.7967 0.5744
vn 0.1790 -0.7418 0.6462
vn 0.1931 -0.4911 0.8494
vn 0.1719 -0.7262 0.6656
vn 0.2883 -0.7289 0.6209
vn -0.1977 -0.6188 0.7602
vn -0.0915 -0.6110 0.7862
vn -0.1713 -0.8356 0.5219
vn 0.0535 -0.7637 0.6433
vn -0.3077 -0.6530 0.6920
vn -0.2008 -0.6615 0.7225
vn -0.3083 -0.7329 0.6064
vn -0.0901 -0.6707 0.7362
vn -0.2052 -0.7282 0.6539
vn -0.0933 -0.7336 0.6731
vn -0.3183 -0.7914 0.5218
vn -0.2156 -0.8054 0.5521
vn 0.3418 0.7391 0.5804
vn 0.2061 0.5685 0.7964
vn 0.1024 0.8658 0.4898
vn -0.0780 -0.8676 0.4910
vn -0.3690 -0.7725 0.5168
vn -0.8983 -0.3696 -0.2375
vn 0.0914 0.6626 0.7434
vn -0.0210 0.8313 0.5555
vn 0.1547 0.9119 0.3801
vn -0.5848 -0.7019 0.4066
vn -0.9265 -0.3436 0.1535
vn -0.0067 0.7524 0.6587
vn 0.0825 0.8522 0.5166
vn 0.0074 0.8707 0.4917
vn -0.6458 -0.4218 0.6364
vn -0.9279 -0.3456 0.1400
vn -0.9496 -0.2693 0.1600
vn 0.0717 0.7771 0.6253
vn 0.0558 0.8638 0.5007
vn -0.0532 0.6678 0.7424
vn -0.0848 -0.4842 0.8708
vn -0.8433 -0.1975 0.4998
vn -0.0093 0.6039 0.7970
vn -0.0486 0.7894 0.6119
vn 0.0323 0.7721 0.6347
vn -0.2798 0.4674 0.8386
vn -0.1339 0.5535 0.8220
vn 0.6818 -0.6543 0.3271
vn -0.4725 0.1139 0.8739
vn -0.4956 0.3755 0.7831
vn -0.1023 0.5195 0.8483
vn -0.2019 0.8537 0.4800
vn -0.2439 0.6104 0.7536
vn -0.4160 0.3208 0.8509
vn -0.3095 0.3697 0.8761
vn -0.3442 0.3267 0.8802
vn -0.4423 0.0107 0.8968
vn -0.1632 0.5780 0.7995
vn -0.2597 0.6990 0.6662
vn -0.1844 0.7631 0.6193
vn -0.4180 0.4148 0.8082
vn -0.5740 0.2339 0.7847
vn -0.4094 0.2441 0.8791
vn -0.4404 0.2561 0.8605
vn -0.5322 0.4241 0.7326
vn -0.2525 0.3262 0.9109
vn -0.1661 0.5272 0.8333
vn -0.3053 0.4625 0.8324
vn -0.4995 0.7039 0.5050
vn -0.4407 0.7327 0.5185
vn -0.4280 0.5370 0.7269
vn -0.6108 0.3314 0.7190
vn -0.5610 0.1740 0.8093
vn -0.4883 0.1581 0.8582
vn -0.5383 0.4596 0.7064
vn -0.4327 0.7099 0.5556
vn -0.6272 0.6323 0.4546
vn -0.6511 0.4523 0.6095
vn -0.5877 0.5210 0.6189
vn -0.7025 0.3091 0.6410
vn -0.5532 0.2850 0.7827
vn -0.4963 0.4068 0.7669
vn -0.2075 0.5586 0.8030
vn -0.3248 0.5455 0.7726
vn -0.3129 0.0882 0.9457
vn -0.5232 0.0926 0.8471
vn -0.0591 0.7974 0.6005
vn 0.1143 0.6066 0.7868
vn 0.0754 0.5566 0.8274
vn -0.1173 0.4067 0.9060
vn 0.3634 0.7707 0.5234
vn 0.0358 0.7864 0.6167
vn 0.0206 0.6847 0.7285
vn 0.0537 0.5687 0.8208
vn 0.0830 0.2104 0.9741
vn 0.2576 0.2319 0.9380
vn 0.1484 0.8408 0.5206
vn 0.8026 0.5854 0.1146
usemtl Material.001
s 1
f 1/1/1 3/2/2 2/3/3
f 3/2/2 1/1/1 4/4/4
f 2/3/3 3/2/2 5/5/5
f 3/2/2 4/4/4 6/6/6
f 5/5/5 3/2/2 7/7/7
f 6/6/6 4/4/4 8/8/8
f 3/2/2 6/6/6 7/7/7
f 7/7/7 6/6/6 9/9/9
f 5/5/5 7/7/7 10/10/10
f 6/6/6 8/8/8 9/9/9
f 9/9/9 8/8/8 11/11/11
f 7/7/7 9/9/9 12/12/12
f 10/10/10 7/7/7 13/13/13
f 9/9/9 11/11/11 14/14/14
f 12/12/12 9/9/9 15/15/15
f 7/7/7 12/12/12 13/13/13
f 13/13/13 12/12/12 16/16/16
f 9/9/9 14/14/14 15/15/15
f 15/15/15 14/14/14 17/17/17
f 15/15/15 17/17/17 18/18/18
f 12/12/12 15/15/15 19/19/19
f 16/16/16 12/12/12 20/20/20
f 13/13/13 16/16/16 21/21/21
f 15/15/15 18/18/18 22/22/22
f 19/19/19 15/15/15 22/22/22
f 19/19/19 22/22/22 23/23/23
f 12/12/12 19/19/19 20/20/20
f 20/20/20 19/19/19 24/24/24
f 16/16/16 20/20/20 21/21/21
f 21/21/21 20/20/20 25/25/25
f 22/22/22 18/18/18 26/26/26
f 22/22/22 26/26/26 27/27/27
f 23/23/23 22/22/22 27/27/27
f 23/23/23 27/27/27 28/28/28
f 19/19/19 23/23/23 24/24/24
f 24/24/24 23/23/23 29/29/29
f 20/20/20 24/24/24 25/25/25
f 25/25/25 24/24/24 30/30/30
f 27/27/27 26/26/26 32/31/31
f 28/28/28 27/27/27 32/31/31
f 28/28/28 32/31/31 33/32/32
f 23/23/23 28/28/28 29/29/29
f 29/29/29 28/28/28 34/33/33
f 24/24/24 29/29/29 30/30/30
f 30/30/30 29/29/29 35/34/34
f 31/35/35 30/30/30 35/34/34
f 31/35/35 35/34/34 36/36/36
f 32/31/31 26/26/26 33/32/32
f 33/32/32 26/26/26 37/37/37
f 28/28/28 33/32/32 34/33/33
f 34/33/33 33/32/32 38/38/38
f 29/29/29 34/33/33 39/39/39
f 35/34/34 29/29/29 39/39/39
f 35/34/34 39/39/39 40/40/40
f 36/36/36 35/34/34 41/41/41
f 33/32/32 37/37/37 42/42/42
f 38/38/38 33/32/32 42/42/42
f 38/38/38 42/42/42 43/43/43
f 34/33/33 38/38/38 44/44/44
f 39/39/39 34/33/33 44/44/44
f 39/39/39 44/44/44 45/45/45
f 40/40/40 39/39/39 45/45/45
f 40/40/40 45/45/45 46/46/46
f 35/34/34 40/40/40 47/47/47
f 41/41/41 35/34/34 47/47/47
f 41/41/41 47/47/47 48/48/48
f 43/43/43 42/42/42 37/37/37
f 44/44/44 38/38/38 45/45/45
f 45/45/45 38/38/38 46/46/46
f 40/40/40 46/46/46 47/47/47
f 47/47/47 46/46/46 50/49/49
f 48/48/48 47/47/47 51/50/50
f 46/46/46 49/51/51 50/49/49
f 47/47/47 50/49/49 49/51/51
f 51/50/50 47/47/47 54/52/52
f 48/48/48 51/50/50 55/53/53
f 52/54/54 41/41/41 48/48/48
f 52/54/54 48/48/48 56/55/55
f 54/52/52 47/47/47 60/56/56
f 51/50/50 54/52/52 55/53/53
f 55/53/53 54/52/52 61/57/57
f 48/48/48 55/53/53 56/55/55
f 56/55/55 55/53/53 61/57/57
f 56/55/55 61/57/57 62/58/58
f 52/54/54 56/55/55 63/59/59
f 53/60/60 58/61/61 65/62/62
f 61/57/57 54/52/52 67/63/63
f 62/58/58 61/57/57 67/63/63
f 62/58/58 67/63/63 68/64/64
f 56/55/55 62/58/58 63/59/59
f 63/59/59 62/58/58 69/65/65
f 65/62/62 64/66/66 70/67/67
f 59/68/68 66/69/69 72/70/70
f 67/63/63 54/52/52 68/64/64
f 68/64/64 54/52/52 75/71/71
f 62/58/58 68/64/64 75/71/71
f 62/58/58 75/71/71 76/72/72
f 69/65/65 62/58/58 76/72/72
f 69/65/65 76/72/72 77/73/73
f 70/67/67 64/66/66 78/74/74
f 65/62/62 70/67/67 79/75/75
f 71/76/76 53/60/60 65/62/62
f 71/76/76 65/62/62 80/77/77
f 66/69/69 71/76/76 72/70/70
f 59/68/68 72/70/70 81/78/78
f 73/79/79 59/68/68 81/78/78
f 73/79/79 81/78/78 82/80/80
f 75/71/71 54/52/52 83/81/81
f 76/72/72 75/71/71 83/81/81
f 76/72/72 83/81/81 77/73/73
f 77/73/73 83/81/81 84/82/82
f 69/65/65 77/73/73 85/83/83
f 78/74/74 64/66/66 87/84/84
f 70/67/67 78/74/74 80/77/77
f 65/62/62 79/75/75 88/85/85
f 71/76/76 80/77/77 89/86/86
f 81/78/78 72/70/70 90/87/87
f 77/73/73 84/82/82 91/88/88
f 85/83/83 77/73/73 91/88/88
f 85/83/83 91/88/88 92/89/89
f 86/90/90 85/83/83 92/89/89
f 87/84/84 64/66/66 57/91/91
f 78/74/74 87/84/84 93/92/92
f 80/77/77 78/74/74 89/86/86
f 89/86/86 78/74/74 72/70/70
f 70/67/67 80/77/77 79/75/75
f 79/75/75 80/77/77 94/93/93
f 88/85/85 79/75/75 95/94/94
f 81/78/78 90/87/87 96/95/95
f 91/88/88 84/82/82 97/96/96
f 92/89/89 91/88/88 98/97/97
f 87/84/84 57/91/91 100/98/98
f 93/92/92 87/84/84 101/99/99
f 72/70/70 78/74/74 93/92/92
f 72/70/70 93/92/92 102/100/100
f 79/75/75 94/93/93 95/94/94
f 95/94/94 94/93/93 103/101/101
f 88/85/85 95/94/94 104/102/102
f 96/95/95 90/87/87 105/103/103
f 81/78/78 96/95/95 106/104/104
f 91/88/88 97/96/96 98/97/97
f 98/97/97 97/96/96 107/105/105
f 92/89/89 98/97/97 108/106/106
f 99/107/107 92/89/89 109/108/108
f 100/98/98 57/91/91 111/109/109
f 87/84/84 100/98/98 101/99/99
f 101/99/99 100/98/98 112/110/110
f 72/70/70 102/100/100 82/80/80
f 103/101/101 94/93/93 105/103/103
f 95/94/94 103/101/101 113/111/111
f 104/102/102 95/94/94 113/111/111
f 96/95/95 105/103/103 114/112/112
f 106/104/104 96/95/95 74/113/113
f 98/97/97 107/105/105 108/106/106
f 108/106/106 107/105/105 115/114/114
f 92/89/89 108/106/106 109/108/108
f 109/108/108 108/106/106 116/115/115
f 99/107/107 109/108/108 117/116/116
f 110/117/117 99/107/107 118/118/118
f 111/109/109 57/91/91 119/119/119
f 100/98/98 111/109/109 120/120/120
f 112/110/110 100/98/98 120/120/120
f 112/110/110 120/120/120 121/121/121
f 101/99/99 112/110/110 122/122/122
f 82/80/80 102/100/100 123/123/123
f 103/101/101 105/103/103 124/124/124
f 114/112/112 105/103/103 126/125/125
f 74/113/113 96/95/95 114/112/112
f 74/113/113 114/112/112 127/126/126
f 108/106/106 115/114/114 116/115/115
f 116/115/115 115/114/114 128/127/127
f 109/108/108 116/115/115 129/128/128
f 99/107/107 117/116/116 118/118/118
f 118/118/118 117/116/116 130/129/129
f 110/117/117 118/118/118 131/130/130
f 120/120/120 111/109/109 132/131/131
f 121/121/121 120/120/120 132/131/131
f 121/121/121 132/131/131 133/132/132
f 112/110/110 121/121/121 134/133/133
f 122/122/122 112/110/110 134/133/133
f 122/122/122 134/133/133 135/134/134
f 123/123/123 102/100/100 136/135/135
f 82/80/80 123/123/123 137/136/136
f 103/101/101 124/124/124 125/137/137
f 113/111/111 125/137/137 138/138/138
f 127/126/126 114/112/112 139/139/139
f 116/115/115 128/127/127 129/128/128
f 129/128/128 128/127/127 140/140/140
f 130/129/129 117/116/116 129/128/128
f 118/118/118 130/129/129 141/141/141
f 131/130/130 118/118/118 142/142/142
f 121/121/121 133/132/132 143/143/143
f 134/133/133 121/121/121 144/144/144
f 135/134/134 134/133/133 145/145/145
f 123/123/123 136/135/135 146/146/146
f 137/136/136 123/123/123 147/147/147
f 82/80/80 137/136/136 106/104/104
f 138/138/138 125/137/137 124/124/124
f 113/111/111 138/138/138 148/148/148
f 127/126/126 139/139/139 149/149/149
f 129/128/128 140/140/140 130/129/129
f 130/129/129 140/140/140 150/150/150
f 141/141/141 130/129/129 150/150/150
f 141/141/141 150/150/150 151/151/151
f 118/118/118 141/141/141 152/152/152
f 142/142/142 118/118/118 152/152/152
f 142/142/142 152/152/152 153/153/153
f 131/130/130 142/142/142 154/154/154
f 121/121/121 143/143/143 144/144/144
f 144/144/144 143/143/143 155/155/155
f 144/144/144 155/155/155 145/145/145
f 145/145/145 134/133/133 144/144/144
f 135/134/134 145/145/145 156/156/156
f 123/123/123 146/146/146 147/147/147
f 147/147/147 146/146/146 157/157/157
f 137/136/136 147/147/147 127/126/126
f 113/111/111 148/148/148 104/102/102
f 104/102/102 148/148/148 94/93/93
f 149/149/149 139/139/139 158/158/158
f 127/126/126 149/149/149 137/136/136
f 141/141/141 151/151/151 152/152/152
f 152/152/152 151/151/151 153/153/153
f 142/142/142 153/153/153 159/159/159
f 154/154/154 142/142/142 159/159/159
f 154/154/154 159/159/159 160/160/160
f 131/130/130 154/154/154 161/161/161
f 145/145/145 155/155/155 162/162/162
f 145/145/145 162/162/162 163/163/163
f 135/134/134 156/156/156 164/164/164
f 147/147/147 157/157/157 149/149/149
f 104/102/102 94/93/93 88/85/85
f 88/85/85 94/93/93 80/77/77
f 88/85/85 80/77/77 65/62/62
f 158/158/158 139/139/139 165/165/165
f 160/160/160 159/159/159 166/166/166
f 135/134/134 164/164/164 169/167/167
f 158/158/158 165/165/165 157/157/157
f 117/116/116 110/117/117 131/130/130
f 160/160/160 166/166/166 170/168/168
f 169/167/167 164/164/164 172/169/169
f 135/134/134 169/167/167 173/170/170
f 157/157/157 165/165/165 174/171/171
f 170/168/168 166/166/166 175/172/172
f 111/109/109 167/173/173 176/174/174
f 171/175/175 168/176/176 176/174/174
f 172/169/169 164/164/164 177/177/177
f 169/167/167 172/169/169 178/178/178
f 173/170/170 169/167/167 178/178/178
f 173/170/170 178/178/178 179/179/179
f 175/172/172 166/166/166 180/180/180
f 111/109/109 176/174/174 168/176/176
f 111/109/109 168/176/176 132/131/131
f 171/175/175 176/174/174 181/181/181
f 172/169/169 177/177/177 182/182/182
f 178/178/178 172/169/169 183/183/183
f 179/179/179 178/178/178 184/184/184
f 175/172/172 180/180/180 185/185/185
f 182/182/182 177/177/177 186/186/186
f 172/169/169 182/182/182 183/183/183
f 183/183/183 182/182/182 187/187/187
f 178/178/178 183/183/183 184/184/184
f 184/184/184 183/183/183 188/188/188
f 185/185/185 180/180/180 189/189/189
f 182/182/182 186/186/186 190/190/190
f 187/187/187 182/182/182 190/190/190
f 187/187/187 190/190/190 191/191/191
f 183/183/183 187/187/187 188/188/188
f 188/188/188 187/187/187 191/191/191
f 188/188/188 191/191/191 192/192/192
f 184/184/184 188/188/188 193/193/193
f 185/185/185 189/189/189 194/194/194
f 190/190/190 186/186/186 195/195/195
f 191/191/191 190/190/190 196/196/196
f 192/192/192 191/191/191 197/197/197
f 188/188/188 192/192/192 193/193/193
f 193/193/193 192/192/192 198/198/198
f 194/194/194 189/189/189 199/199/199
f 190/190/190 195/195/195 196/196/196
f 196/196/196 195/195/195 200/200/200
f 191/191/191 196/196/196 197/197/197
f 197/197/197 196/196/196 201/201/201
f 192/192/192 197/197/197 202/202/202
f 198/198/198 192/192/192 202/202/202
f 198/198/198 202/202/202 203/203/203
f 193/193/193 198/198/198 204/204/204
f 194/194/194 199/199/199 205/205/205
f 196/196/196 200/200/200 201/201/201
f 201/201/201 200/200/200 206/206/206
f 197/197/197 201/201/201 207/207/207
f 202/202/202 197/197/197 208/208/208
f 203/203/203 202/202/202 208/208/208
f 203/203/203 208/208/208 209/209/209
f 198/198/198 203/203/203 204/204/204
f 204/204/204 203/203/203 210/210/210
f 205/205/205 199/199/199 211/211/211
f 201/201/201 206/206/206 212/212/212
f 207/207/207 201/201/201 212/212/212
f 207/207/207 212/212/212 213/213/213
f 197/197/197 207/207/207 208/208/208
f 208/208/208 207/207/207 214/214/214
f 209/209/209 208/208/208 214/214/214
f 209/209/209 214/214/214 215/215/215
f 203/203/203 209/209/209 210/210/210
f 210/210/210 209/209/209 216/216/216
f 204/204/204 210/210/210 217/217/217
f 205/205/205 211/211/211 218/218/218
f 212/212/212 206/206/206 219/219/219
f 213/213/213 212/212/212 220/220/220
f 207/207/207 213/213/213 214/214/214
f 214/214/214 213/213/213 221/221/221
f 215/215/215 214/214/214 221/221/221
f 215/215/215 221/221/221 222/222/222
f 209/209/209 215/215/215 216/216/216
f 216/216/216 215/215/215 223/223/223
f 210/210/210 216/216/216 224/224/224
f 217/217/217 210/210/210 224/224/224
f 218/218/218 211/211/211 225/225/225
f 205/205/205 218/218/218 226/226/226
f 212/212/212 219/219/219 220/220/220
f 220/220/220 219/219/219 227/227/227
f 213/213/213 220/220/220 228/228/228
f 221/221/221 213/213/213 228/228/228
f 221/221/221 228/228/228 229/229/229
f 222/222/222 221/221/221 229/229/229
f 222/222/222 229/229/229 230/230/230
f 215/215/215 222/222/222 223/223/223
f 223/223/223 222/222/222 231/231/231
f 216/216/216 223/223/223 232/232/232
f 224/224/224 216/216/216 232/232/232
f 225/225/225 211/211/211 233/233/233
f 218/218/218 225/225/225 234/234/234
f 226/226/226 218/218/218 234/234/234
f 226/226/226 234/234/234 235/235/235
f 227/227/227 219/219/219 236/236/236
f 220/220/220 227/227/227 228/228/228
f 228/228/228 227/227/227 237/237/237
f 229/229/229 228/228/228 237/237/237
f 229/229/229 237/237/237 238/238/238
f 230/230/230 229/229/229 238/238/238
f 230/230/230 238/238/238 239/239/239
f 222/222/222 230/230/230 231/231/231
f 231/231/231 230/230/230 240/240/240
f 223/223/223 231/231/231 241/241/241
f 232/232/232 223/223/223 241/241/241
f 233/233/233 211/211/211 199/199/199
f 233/233/233 199/199/199 189/189/189
f 234/234/234 225/225/225 235/235/235
f 235/235/235 225/225/225 242/242/242
f 226/226/226 235/235/235 243/243/243
f 227/227/227 236/236/236 244/244/244
f 237/237/237 227/227/227 244/244/244
f 237/237/237 244/244/244 245/245/245
f 238/238/238 237/237/237 245/245/245
f 238/238/238 245/245/245 246/246/246
f 239/239/239 238/238/238 246/246/246
f 239/239/239 246/246/246 247/247/247
f 230/230/230 239/239/239 240/240/240
f 240/240/240 239/239/239 248/248/248
f 231/231/231 240/240/240 241/241/241
f 241/241/241 240/240/240 249/249/249
f 235/235/235 242/242/242 250/250/250
f 243/243/243 235/235/235 250/250/250
f 243/243/243 250/250/250 251/251/251
f 226/226/226 243/243/243 252/252/252
f 244/244/244 236/236/236 253/253/253
f 245/245/245 244/244/244 254/254/254
f 246/246/246 245/245/245 254/254/254
f 246/246/246 254/254/254 255/255/255
f 247/247/247 246/246/246 255/255/255
f 247/247/247 255/255/255 256/256/256
f 239/239/239 247/247/247 248/248/248
f 248/248/248 247/247/247 256/256/256
f 248/248/248 256/256/256 257/257/257
f 240/240/240 248/248/248 249/249/249
f 249/249/249 248/248/248 258/258/258
f 250/250/250 242/242/242 259/259/259
f 251/251/251 250/250/250 259/259/259
f 251/251/251 259/259/259 260/260/260
f 243/243/243 251/251/251 252/252/252
f 252/252/252 251/251/251 261/261/261
f 226/226/226 252/252/252 262/262/262
f 244/244/244 253/253/253 263/263/263
f 254/254/254 244/244/244 263/263/263
f 254/254/254 263/263/263 264/264/264
f 255/255/255 254/254/254 264/264/264
f 255/255/255 264/264/264 265/265/265
f 256/256/256 255/255/255 265/265/265
f 256/256/256 265/265/265 266/266/266
f 257/257/257 256/256/256 266/266/266
f 257/257/257 266/266/266 267/267/267
f 248/248/248 257/257/257 258/258/258
f 258/258/258 257/257/257 268/268/268
f 252/252/252 261/261/261 269/269/269
f 263/263/263 253/253/253 270/270/270
f 264/264/264 263/263/263 270/270/270
f 264/264/264 270/270/270 271/271/271
f 265/265/265 264/264/264 271/271/271
f 265/265/265 271/271/271 272/272/272
f 266/266/266 265/265/265 272/272/272
f 266/266/266 272/272/272 267/267/267
f 267/267/267 272/272/272 273/273/273
f 257/257/257 267/267/267 268/268/268
f 268/268/268 267/267/267 274/274/274
f 258/258/258 268/268/268 275/275/275
f 270/270/270 253/253/253 276/276/276
f 271/271/271 270/270/270 277/277/277
f 272/272/272 271/271/271 278/278/278
f 273/273/273 272/272/272 278/278/278
f 273/273/273 278/278/278 279/279/279
f 267/267/267 273/273/273 274/274/274
f 274/274/274 273/273/273 280/280/280
f 268/268/268 274/274/274 281/281/281
f 275/275/275 268/268/268 281/281/281
f 275/275/275 281/281/281 282/282/282
f 258/258/258 275/275/275 283/283/283
f 270/270/270 276/276/276 277/277/277
f 277/277/277 276/276/276 284/284/284
f 271/271/271 277/277/277 278/278/278
f 278/278/278 277/277/277 279/279/279
f 279/279/279 277/277/277 285/285/285
f 273/273/273 279/279/279 280/280/280
f 280/280/280 279/279/279 286/286/286
f 274/274/274 280/280/280 281/281/281
f 281/281/281 280/280/280 286/286/286
f 281/281/281 286/286/286 287/287/287
f 282/282/282 281/281/281 287/287/287
f 282/282/282 287/287/287 288/288/288
f 275/275/275 282/282/282 289/289/289
f 283/283/283 275/275/275 289/289/289
f 283/283/283 289/289/289 290/290/290
f 258/258/258 283/283/283 291/291/291
f 277/277/277 284/284/284 285/285/285
f 285/285/285 284/284/284 292/292/292
f 279/279/279 285/285/285 293/293/293
f 286/286/286 279/279/279 293/293/293
f 286/286/286 293/293/293 287/287/287
f 287/287/287 293/293/293 294/294/294
f 288/288/288 287/287/287 294/294/294
f 288/288/288 294/294/294 295/295/295
f 282/282/282 288/288/288 296/296/296
f 289/289/289 282/282/282 296/296/296
f 289/289/289 296/296/296 297/297/297
f 290/290/290 289/289/289 297/297/297
f 290/290/290 297/297/297 298/298/298
f 283/283/283 290/290/290 291/291/291
f 291/291/291 290/290/290 299/299/299
f 285/285/285 292/292/292 300/300/300
f 293/293/293 285/285/285 300/300/300
f 293/293/293 300/300/300 294/294/294
f 294/294/294 300/300/300 301/301/301
f 295/295/295 294/294/294 301/301/301
f 295/295/295 301/301/301 302/302/302
f 288/288/288 295/295/295 303/303/303
f 296/296/296 288/288/288 303/303/303
f 296/296/296 303/303/303 304/304/304
f 297/297/297 296/296/296 305/305/305
f 298/298/298 297/297/297 306/306/306
f 290/290/290 298/298/298 299/299/299
f 299/299/299 298/298/298 307/307/307
f 291/291/291 299/299/299 308/308/308
f 300/300/300 292/292/292 301/301/301
f 301/301/301 292/292/292 309/309/309
f 295/295/295 302/302/302 310/310/310
f 303/303/303 295/295/295 310/310/310
f 303/303/303 310/310/310 311/311/311
f 304/304/304 303/303/303 311/311/311
f 304/304/304 311/311/311 312/312/312
f 296/296/296 304/304/304 305/305/305
f 305/305/305 304/304/304 313/313/313
f 297/297/297 305/305/305 306/306/306
f 306/306/306 305/305/305 314/314/314
f 298/298/298 306/306/306 307/307/307
f 307/307/307 306/306/306 315/315/315
f 299/299/299 307/307/307 316/316/316
f 308/308/308 299/299/299 316/316/316
f 308/308/308 316/316/316 317/317/317
f 301/301/301 309/309/309 302/302/302
f 302/302/302 309/309/309 318/318/318
f 310/310/310 302/302/302 319/319/319
f 311/311/311 310/310/310 320/320/320
f 312/312/312 311/311/311 321/321/321
f 304/304/304 312/312/312 313/313/313
f 313/313/313 312/312/312 322/322/322
f 305/305/305 313/313/313 314/314/314
f 314/314/314 313/313/313 323/323/323
f 306/306/306 314/314/314 315/315/315
f 315/315/315 314/314/314 324/324/324
f 307/307/307 315/315/315 325/325/325
f 316/316/316 307/307/307 325/325/325
f 316/316/316 325/325/325 317/317/317
f 317/317/317 325/325/325 326/326/326
f 302/302/302 318/318/318 319/319/319
f 319/319/319 318/318/318 327/327/327
f 310/310/310 319/319/319 320/320/320
f 320/320/320 319/319/319 328/328/328
f 311/311/311 320/320/320 329/329/329
f 321/321/321 311/311/311 329/329/329
f 321/321/321 329/329/329 330/330/330
f 312/312/312 321/321/321 322/322/322
f 322/322/322 321/321/321 331/331/331
f 313/313/313 322/322/322 323/323/323
f 323/323/323 322/322/322 332/332/332
f 314/314/314 323/323/323 324/324/324
f 324/324/324 323/323/323 333/333/333
f 315/315/315 324/324/324 326/326/326
f 326/326/326 325/325/325 315/315/315
f 317/317/317 326/326/326 334/334/334
f 319/319/319 327/327/327 328/328/328
f 328/328/328 327/327/327 335/335/335
f 320/320/320 328/328/328 336/336/336
f 329/329/329 320/320/320 336/336/336
f 329/329/329 336/336/336 337/337/337
f 330/330/330 329/329/329 337/337/337
f 330/330/330 337/337/337 338/338/338
f 321/321/321 330/330/330 339/339/339
f 331/331/331 321/321/321 339/339/339
f 331/331/331 339/339/339 340/340/340
f 322/322/322 331/331/331 332/332/332
f 332/332/332 331/331/331 340/340/340
f 332/332/332 340/340/340 341/341/341
f 323/323/323 332/332/332 333/333/333
f 333/333/333 332/332/332 341/341/341
f 333/333/333 341/341/341 342/342/342
f 324/324/324 333/333/333 343/343/343
f 326/326/326 324/324/324 343/343/343
f 326/326/326 343/343/343 334/334/334
f 334/334/334 343/343/343 344/344/344
f 317/317/317 334/334/334 345/345/345
f 328/328/328 335/335/335 346/346/346
f 336/336/336 328/328/328 346/346/346
f 336/336/336 346/346/346 347/347/347
f 337/337/337 336/336/336 347/347/347
f 337/337/337 347/347/347 348/348/348
f 338/338/338 337/337/337 348/348/348
f 338/338/338 348/348/348 349/349/349
f 330/330/330 338/338/338 350/350/350
f 339/339/339 330/330/330 350/350/350
f 339/339/339 350/350/350 351/351/351
f 340/340/340 339/339/339 351/351/351
f 340/340/340 351/351/351 352/352/352
f 341/341/341 340/340/340 352/352/352
f 341/341/341 352/352/352 353/353/353
f 342/342/342 341/341/341 353/353/353
f 342/342/342 353/353/353 354/354/354
f 333/333/333 342/342/342 343/343/343
f 343/343/343 342/342/342 344/344/344
f 344/344/344 342/342/342 354/354/354
f 344/344/344 354/354/354 355/355/355
f 334/334/334 344/344/344 355/355/355
f 334/334/334 355/355/355 345/345/345
f 345/345/345 355/355/355 356/356/356
f 346/346/346 335/335/335 357/357/357
f 347/347/347 346/346/346 358/358/358
f 348/348/348 347/347/347 359/359/359
f 349/349/349 348/348/348 360/360/360
f 338/338/338 349/349/349 361/361/361
f 350/350/350 338/338/338 362/362/362
f 351/351/351 350/350/350 363/363/363
f 352/352/352 351/351/351 364/364/364
f 353/353/353 352/352/352 365/365/365
f 354/354/354 353/353/353 366/366/366
f 355/355/355 354/354/354 367/367/367
f 356/356/356 355/355/355 367/367/367
f 356/356/356 367/367/367 368/368/368
f 345/345/345 356/356/356 369/369/369
f 346/346/346 357/357/357 358/358/358
f 358/358/358 357/357/357 370/370/370
f 347/347/347 358/358/358 359/359/359
f 359/359/359 358/358/358 371/371/371
f 348/348/348 359/359/359 372/372/372
f 360/360/360 348/348/348 372/372/372
f 360/360/360 372/372/372 373/373/373
f 349/349/349 360/360/360 374/374/374
f 361/361/361 349/349/349 374/374/374
f 361/361/361 374/374/374 375/375/375
f 338/338/338 361/361/361 362/362/362
f 362/362/362 361/361/361 376/376/376
f 350/350/350 362/362/362 363/363/363
f 363/363/363 362/362/362 376/376/376
f 363/363/363 376/376/376 377/377/377
f 351/351/351 363/363/363 364/364/364
f 364/364/364 363/363/363 377/377/377
f 364/364/364 377/377/377 378/378/378
f 352/352/352 364/364/364 365/365/365
f 365/365/365 364/364/364 378/378/378
f 365/365/365 378/378/378 379/379/379
f 353/353/353 365/365/365 366/366/366
f 366/366/366 365/365/365 379/379/379
f 366/366/366 379/379/379 380/380/380
f 354/354/354 366/366/366 367/367/367
f 367/367/367 366/366/366 380/380/380
f 367/367/367 380/380/380 368/368/368
f 368/368/368 380/380/380 381/381/381
f 356/356/356 368/368/368 382/382/382
f 369/369/369 356/356/356 383/383/383
f 358/358/358 370/370/370 371/371/371
f 371/371/371 370/370/370 384/384/384
f 359/359/359 371/371/371 385/385/385
f 372/372/372 359/359/359 385/385/385
f 372/372/372 385/385/385 386/386/386
f 373/373/373 372/372/372 386/386/386
f 373/373/373 386/386/386 387/387/387
f 360/360/360 373/373/373 388/388/388
f 374/374/374 360/360/360 388/388/388
f 374/374/374 388/388/388 389/389/389
f 375/375/375 374/374/374 389/389/389
f 375/375/375 389/389/389 390/390/390
f 361/361/361 375/375/375 391/391/391
f 376/376/376 361/361/361 391/391/391
f 376/376/376 391/391/391 392/392/392
f 377/377/377 376/376/376 393/393/393
f 378/378/378 377/377/377 394/394/394
f 379/379/379 378/378/378 395/395/395
f 380/380/380 379/379/379 396/396/396
f 381/381/381 380/380/380 396/396/396
f 381/381/381 396/396/396 397/397/397
f 368/368/368 381/381/381 398/398/398
f 382/382/382 368/368/368 398/398/398
f 382/382/382 398/398/398 399/399/399
f 356/356/356 382/382/382 383/383/383
f 383/383/383 382/382/382 399/399/399
f 383/383/383 399/399/399 400/400/400
f 369/369/369 383/383/383 401/401/401
f 371/371/371 384/384/384 402/402/402
f 385/385/385 371/371/371 402/402/402
f 385/385/385 402/402/402 403/403/403
f 386/386/386 385/385/385 403/403/403
f 386/386/386 403/403/403 404/404/404
f 387/387/387 386/386/386 404/404/404
f 387/387/387 404/404/404 405/405/405
f 373/373/373 387/387/387 406/406/406
f 388/388/388 373/373/373 406/406/406
f 388/388/388 406/406/406 407/407/407
f 389/389/389 388/388/388 407/407/407
f 389/389/389 407/407/407 408/408/408
f 390/390/390 389/389/389 408/408/408
f 390/390/390 408/408/408 409/409/409
f 375/375/375 390/390/390 410/410/410
f 391/391/391 375/375/375 410/410/410
f 391/391/391 410/410/410 392/392/392
f 392/392/392 410/410/410 411/411/411
f 376/376/376 392/392/392 393/393/393
f 393/393/393 392/392/392 412/412/412
f 377/377/377 393/393/393 394/394/394
f 394/394/394 393/393/393 412/412/412
f 394/394/394 412/412/412 413/413/413
f 378/378/378 394/394/394 395/395/395
f 395/395/395 394/394/394 413/413/413
f 395/395/395 413/413/413 397/397/397
f 379/379/379 395/395/395 396/396/396
f 397/397/397 396/396/396 395/395/395
f 381/381/381 397/397/397 414/414/414
f 398/398/398 381/381/381 415/415/415
f 399/399/399 398/398/398 416/416/416
f 383/383/383 400/400/400 401/401/401
f 401/401/401 400/400/400 417/417/417
f 402/402/402 384/384/384 418/418/418
f 403/403/403 402/402/402 419/419/419
f 404/404/404 403/403/403 420/420/420
f 405/405/405 404/404/404 421/421/421
f 387/387/387 405/405/405 422/422/422
f 406/406/406 387/387/387 422/422/422
f 406/406/406 422/422/422 423/423/423
f 407/407/407 406/406/406 423/423/423
f 407/407/407 423/423/423 424/424/424
f 408/408/408 407/407/407 424/424/424
f 408/408/408 424/424/424 425/425/425
f 409/409/409 408/408/408 425/425/425
f 409/409/409 425/425/425 426/426/426
f 390/390/390 409/409/409 427/427/427
f 410/410/410 390/390/390 427/427/427
f 410/410/410 427/427/427 411/411/411
f 411/411/411 427/427/427 428/428/428
f 392/392/392 411/411/411 412/412/412
f 412/412/412 411/411/411 429/429/429
f 413/413/413 412/412/412 429/429/429
f 413/413/413 429/429/429 430/430/430
f 397/397/397 413/413/413 430/430/430
f 397/397/397 430/430/430 414/414/414
f 414/414/414 430/430/430 431/431/431
f 381/381/381 414/414/414 415/415/415
f 415/415/415 414/414/414 432/432/432
f 398/398/398 415/415/415 416/416/416
f 416/416/416 415/415/415 433/433/433
f 417/417/417 400/400/400 434/434/434
f 402/402/402 418/418/418 419/419/419
f 419/419/419 418/418/418 435/435/435
f 403/403/403 419/419/419 420/420/420
f 420/420/420 419/419/419 436/436/436
f 404/404/404 420/420/420 421/421/421
f 421/421/421 420/420/420 437/437/437
f 405/405/405 421/421/421 438/438/438
f 422/422/422 405/405/405 439/439/439
f 423/423/423 422/422/422 440/440/440
f 424/424/424 423/423/423 441/441/441
f 425/425/425 424/424/424 442/442/442
f 426/426/426 425/425/425 443/443/443
f 409/409/409 426/426/426 444/444/444
f 427/427/427 409/409/409 444/444/444
f 427/427/427 444/444/444 428/428/428
f 428/428/428 444/444/444 445/445/445
f 411/411/411 428/428/428 429/429/429
f 429/429/429 428/428/428 446/446/446
f 430/430/430 429/429/429 446/446/446
f 430/430/430 446/446/446 431/431/431
f 431/431/431 446/446/446 447/447/447
f 414/414/414 431/431/431 432/432/432
f 432/432/432 431/431/431 447/447/447
f 432/432/432 447/447/447 448/448/448
f 415/415/415 432/432/432 433/433/433
f 433/433/433 432/432/432 449/449/449
f 434/434/434 400/400/400 450/450/450
f 417/417/417 434/434/434 451/451/451
f 419/419/419 435/435/435 436/436/436
f 436/436/436 435/435/435 452/452/452
f 420/420/420 436/436/436 437/437/437
f 437/437/437 436/436/436 453/453/453
f 421/421/421 437/437/437 454/454/454
f 438/438/438 421/421/421 454/454/454
f 438/438/438 454/454/454 455/455/455
f 405/405/405 438/438/438 439/439/439
f 439/439/439 438/438/438 456/456/456
f 422/422/422 439/439/439 440/440/440
f 440/440/440 439/439/439 457/457/457
f 423/423/423 440/440/440 441/441/441
f 441/441/441 440/440/440 458/458/458
f 424/424/424 441/441/441 442/442/442
f 442/442/442 441/441/441 459/459/459
f 425/425/425 442/442/442 443/443/443
f 443/443/443 442/442/442 460/460/460
f 426/426/426 443/443/443 461/461/461
f 444/444/444 426/426/426 462/462/462
f 445/445/445 444/444/444 462/462/462
f 445/445/445 462/462/462 463/463/463
f 428/428/428 445/445/445 446/446/446
f 446/446/446 445/445/445 447/447/447
f 447/447/447 445/445/445 463/463/463
f 447/447/447 463/463/463 448/448/448
f 448/448/448 463/463/463 464/464/464
f 432/432/432 448/448/448 449/449/449
f 449/449/449 448/448/448 464/464/464
f 449/449/449 464/464/464 465/465/465
f 450/450/450 400/400/400 399/399/399
f 450/450/450 399/399/399 416/416/416
f 450/450/450 416/416/416 433/433/433
f 450/450/450 433/433/433 449/449/449
f 450/450/450 449/449/449 465/465/465
f 450/450/450 465/465/465 466/466/466
f 434/434/434 450/450/450 466/466/466
f 434/434/434 466/466/466 467/467/467
f 451/451/451 434/434/434 468/468/468
f 417/417/417 451/451/451 469/469/469
f 436/436/436 452/452/452 453/453/453
f 453/453/453 452/452/452 470/470/470
f 437/437/437 453/453/453 471/471/471
f 454/454/454 437/437/437 471/471/471
f 454/454/454 471/471/471 472/472/472
f 455/455/455 454/454/454 472/472/472
f 455/455/455 472/472/472 473/473/473
f 438/438/438 455/455/455 456/456/456
f 456/456/456 455/455/455 474/474/474
f 439/439/439 456/456/456 457/457/457
f 457/457/457 456/456/456 475/475/475
f 440/440/440 457/457/457 458/458/458
f 458/458/458 457/457/457 476/476/476
f 441/441/441 458/458/458 459/459/459
f 459/459/459 458/458/458 477/477/477
f 442/442/442 459/459/459 460/460/460
f 460/460/460 459/459/459 478/478/478
f 443/443/443 460/460/460 479/479/479
f 461/461/461 443/443/443 479/479/479
f 461/461/461 479/479/479 480/480/480
f 426/426/426 461/461/461 462/462/462
f 462/462/462 461/461/461 481/481/481
f 463/463/463 462/462/462 481/481/481
f 463/463/463 481/481/481 464/464/464
f 464/464/464 481/481/481 482/482/482
f 465/465/465 464/464/464 482/482/482
f 465/465/465 482/482/482 483/483/483
f 466/466/466 465/465/465 483/483/483
f 466/466/466 483/483/483 484/484/484
f 434/434/434 467/467/467 468/468/468
f 468/468/468 467/467/467 485/485/485
f 451/451/451 468/468/468 486/486/486
f 469/469/469 451/451/451 487/487/487
f 417/417/417 469/469/469 488/488/488
f 470/470/470 452/452/452 489/489/489
f 453/453/453 470/470/470 471/471/471
f 471/471/471 470/470/470 490/490/490
f 472/472/472 471/471/471 490/490/490
f 472/472/472 490/490/490 491/491/491
f 473/473/473 472/472/472 491/491/491
f 473/473/473 491/491/491 492/492/492
f 455/455/455 473/473/473 474/474/474
f 474/474/474 473/473/473 493/493/493
f 456/456/456 474/474/474 475/475/475
f 475/475/475 474/474/474 494/494/494
f 457/457/457 475/475/475 476/476/476
f 476/476/476 475/475/475 495/495/495
f 458/458/458 476/476/476 477/477/477
f 477/477/477 476/476/476 496/496/496
f 459/459/459 477/477/477 478/478/478
f 478/478/478 477/477/477 497/497/497
f 460/460/460 478/478/478 498/498/498
f 479/479/479 460/460/460 498/498/498
f 479/479/479 498/498/498 499/499/499
f 480/480/480 479/479/479 499/499/499
f 480/480/480 499/499/499 500/500/500
f 461/461/461 480/480/480 481/481/481
f 481/481/481 480/480/480 482/482/482
f 482/482/482 480/480/480 500/500/500
f 482/482/482 500/500/500 483/483/483
f 483/483/483 500/500/500 501/501/501
f 484/484/484 483/483/483 501/501/501
f 484/484/484 501/501/501 502/502/502
f 466/466/466 484/484/484 503/503/503
f 485/485/485 467/467/467 504/504/504
f 468/468/468 485/485/485 505/505/505
f 486/486/486 468/468/468 506/506/506
f 451/451/451 486/486/486 487/487/487
f 487/487/487 486/486/486 507/507/507
f 469/469/469 487/487/487 508/508/508
f 488/488/488 469/469/469 508/508/508
f 488/488/488 508/508/508 509/509/509
f 417/417/417 488/488/488 510/510/510
f 470/470/470 489/489/489 511/511/511
f 490/490/490 470/470/470 511/511/511
f 490/490/490 511/511/511 512/512/512
f 491/491/491 490/490/490 512/512/512
f 491/491/491 512/512/512 513/513/513
f 492/492/492 491/491/491 513/513/513
f 492/492/492 513/513/513 514/514/514
f 473/473/473 492/492/492 493/493/493
f 493/493/493 492/492/492 515/515/515
f 474/474/474 493/493/493 494/494/494
f 494/494/494 493/493/493 516/516/516
f 475/475/475 494/494/494 495/495/495
f 495/495/495 494/494/494 517/517/517
f 476/476/476 495/495/495 496/496/496
f 496/496/496 495/495/495 518/518/518
f 477/477/477 496/496/496 497/497/497
f 497/497/497 496/496/496 519/519/519
f 478/478/478 497/497/497 520/520/520
f 498/498/498 478/478/478 520/520/520
f 498/498/498 520/520/520 499/499/499
f 499/499/499 520/520/520 521/521/521
f 500/500/500 499/499/499 501/501/501
f 501/501/501 499/499/499 521/521/521
f 501/501/501 521/521/521 522/522/522
f 502/502/502 501/501/501 522/522/522
f 502/502/502 522/522/522 523/523/523
f 484/484/484 502/502/502 503/503/503
f 503/503/503 502/502/502 524/524/524
f 466/466/466 503/503/503 467/467/467
f 467/467/467 503/503/503 525/525/525
f 485/485/485 504/504/504 526/526/526
f 505/505/505 485/485/485 527/527/527
f 468/468/468 505/505/505 506/506/506
f 486/486/486 506/506/506 507/507/507
f 487/487/487 507/507/507 528/528/528
f 508/508/508 487/487/487 528/528/528
f 508/508/508 528/528/528 509/509/509
f 509/509/509 528/528/528 529/529/529
f 488/488/488 509/509/509 510/510/510
f 510/510/510 509/509/509 530/530/530
f 417/417/417 510/510/510 531/531/531
f 511/511/511 489/489/489 532/532/532
f 512/512/512 511/511/511 533/533/533
f 513/513/513 512/512/512 534/534/534
f 514/514/514 513/513/513 535/535/535
f 492/492/492 514/514/514 515/515/515
f 515/515/515 514/514/514 536/536/536
f 493/493/493 515/515/515 516/516/516
f 516/516/516 515/515/515 537/537/537
f 494/494/494 516/516/516 517/517/517
f 517/517/517 516/516/516 538/538/538
f 495/495/495 517/517/517 518/518/518
f 518/518/518 517/517/517 539/539/539
f 496/496/496 518/518/518 519/519/519
f 519/519/519 518/518/518 540/540/540
f 497/497/497 519/519/519 541/541/541
f 520/520/520 497/497/497 541/541/541
f 520/520/520 541/541/541 521/521/521
f 521/521/521 541/541/541 522/522/522
f 522/522/522 541/541/541 542/542/542
f 523/523/523 522/522/522 542/542/542
f 523/523/523 542/542/542 543/543/543
f 502/502/502 523/523/523 524/524/524
f 524/524/524 523/523/523 544/544/544
f 503/503/503 524/524/524 545/545/545
f 525/525/525 503/503/503 545/545/545
f 525/525/525 545/545/545 546/546/546
f 467/467/467 525/525/525 547/547/547
f 485/485/485 526/526/526 548/548/548
f 527/527/527 485/485/485 548/548/548
f 527/527/527 548/548/548 549/549/549
f 509/509/509 529/529/529 530/530/530
f 530/530/530 529/529/529 550/550/550
f 510/510/510 530/530/530 531/531/531
f 531/531/531 530/530/530 551/551/551
f 511/511/511 532/532/532 533/533/533
f 533/533/533 532/532/532 552/552/552
f 512/512/512 533/533/533 534/534/534
f 534/534/534 533/533/533 553/553/553
f 513/513/513 534/534/534 535/535/535
f 535/535/535 534/534/534 554/554/554
f 514/514/514 535/535/535 555/555/555
f 536/536/536 514/514/514 555/555/555
f 536/536/536 555/555/555 556/556/556
f 515/515/515 536/536/536 557/557/557
f 537/537/537 515/515/515 557/557/557
f 537/537/537 557/557/557 558/558/558
f 516/516/516 537/537/537 538/538/538
f 538/538/538 537/537/537 558/558/558
f 538/538/538 558/558/558 559/559/559
f 517/517/517 538/538/538 539/539/539
f 539/539/539 538/538/538 559/559/559
f 539/539/539 559/559/559 560/560/560
f 518/518/518 539/539/539 540/540/540
f 540/540/540 539/539/539 560/560/560
f 540/540/540 560/560/560 542/542/542
f 542/542/542 541/541/541 519/519/519
f 542/542/542 519/519/519 540/540/540
f 543/543/543 542/542/542 560/560/560
f 543/543/543 560/560/560 561/561/561
f 523/523/523 543/543/543 544/544/544
f 544/544/544 543/543/543 562/562/562
f 524/524/524 544/544/544 545/545/545
f 545/545/545 544/544/544 563/563/563
f 546/546/546 545/545/545 563/563/563
f 546/546/546 563/563/563 564/564/564
f 525/525/525 546/546/546 547/547/547
f 547/547/547 546/546/546 565/565/565
f 467/467/467 547/547/547 504/504/504
f 504/504/504 547/547/547 566/566/566
f 548/548/548 526/526/526 567/567/567
f 549/549/549 548/548/548 567/567/567
f 549/549/549 567/567/567 568/568/568
f 527/527/527 549/549/549 569/569/569
f 530/530/530 550/550/550 551/551/551
f 551/551/551 550/550/550 570/570/570
f 531/531/531 551/551/551 571/571/571
f 533/533/533 552/552/552 553/553/553
f 553/553/553 552/552/552 572/572/572
f 534/534/534 553/553/553 554/554/554
f 554/554/554 553/553/553 573/573/573
f 535/535/535 554/554/554 574/574/574
f 555/555/555 535/535/535 574/574/574
f 555/555/555 574/574/574 575/575/575
f 556/556/556 555/555/555 576/576/576
f 536/536/536 556/556/556 577/577/577
f 557/557/557 536/536/536 577/577/577
f 557/557/557 577/577/577 578/578/578
f 558/558/558 557/557/557 578/578/578
f 558/558/558 578/578/578 579/579/579
f 559/559/559 558/558/558 579/579/579
f 559/559/559 579/579/579 561/561/561
f 561/561/561 560/560/560 559/559/559
f 543/543/543 561/561/561 562/562/562
f 562/562/562 561/561/561 580/580/580
f 544/544/544 562/562/562 563/563/563
f 563/563/563 562/562/562 581/581/581
f 564/564/564 563/563/563 581/581/581
f 564/564/564 581/581/581 582/582/582
f 546/546/546 564/564/564 565/565/565
f 565/565/565 564/564/564 583/583/583
f 547/547/547 565/565/565 566/566/566
f 566/566/566 565/565/565 584/584/584
f 504/504/504 566/566/566 526/526/526
f 526/526/526 566/566/566 585/585/585
f 568/568/568 567/567/567 586/586/586
f 549/549/549 568/568/568 569/569/569
f 569/569/569 568/568/568 587/587/587
f 570/570/570 550/550/550 588/588/588
f 551/551/551 570/570/570 589/589/589
f 571/571/571 551/551/551 589/589/589
f 571/571/571 589/589/589 590/590/590
f 531/531/531 571/571/571 591/591/591
f 553/553/553 572/572/572 573/573/573
f 573/573/573 572/572/572 592/592/592
f 554/554/554 573/573/573 593/593/593
f 574/574/574 554/554/554 593/593/593
f 574/574/574 593/593/593 594/594/594
f 575/575/575 574/574/574 594/594/594
f 575/575/575 594/594/594 595/595/595
f 555/555/555 575/575/575 576/576/576
f 576/576/576 575/575/575 596/596/596
f 556/556/556 576/576/576 597/597/597
f 577/577/577 556/556/556 597/597/597
f 577/577/577 597/597/597 598/598/598
f 578/578/578 577/577/577 598/598/598
f 578/578/578 598/598/598 599/599/599
f 579/579/579 578/578/578 599/599/599
f 579/579/579 599/599/599 580/580/580
f 580/580/580 561/561/561 579/579/579
f 562/562/562 580/580/580 581/581/581
f 581/581/581 580/580/580 600/600/600
f 582/582/582 581/581/581 600/600/600
f 582/582/582 600/600/600 601/601/601
f 564/564/564 582/582/582 583/583/583
f 583/583/583 582/582/582 602/602/602
f 565/565/565 583/583/583 603/603/603
f 584/584/584 565/565/565 603/603/603
f 584/584/584 603/603/603 604/604/604
f 566/566/566 584/584/584 585/585/585
f 585/585/585 584/584/584 605/605/605
f 526/526/526 585/585/585 567/567/567
f 567/567/567 585/585/585 606/606/606
f 586/586/586 567/567/567 606/606/606
f 586/586/586 606/606/606 607/607/607
f 568/568/568 586/586/586 608/608/608
f 587/587/587 568/568/568 608/608/608
f 587/587/587 608/608/608 609/609/609
f 588/588/588 550/550/550 610/610/610
f 570/570/570 588/588/588 611/611/611
f 589/589/589 570/570/570 612/612/612
f 590/590/590 589/589/589 612/612/612
f 590/590/590 612/612/612 613/613/613
f 571/571/571 590/590/590 614/614/614
f 591/591/591 571/571/571 614/614/614
f 591/591/591 614/614/614 615/615/615
f 573/573/573 592/592/592 616/616/616
f 593/593/593 573/573/573 616/616/616
f 593/593/593 616/616/616 617/617/617
f 594/594/594 593/593/593 617/617/617
f 594/594/594 617/617/617 618/618/618
f 595/595/595 594/594/594 618/618/618
f 595/595/595 618/618/618 619/619/619
f 575/575/575 595/595/595 596/596/596
f 596/596/596 595/595/595 620/620/620
f 576/576/576 596/596/596 621/621/621
f 597/597/597 576/576/576 621/621/621
f 597/597/597 621/621/621 622/622/622
f 598/598/598 597/597/597 622/622/622
f 598/598/598 622/622/622 623/623/623
f 599/599/599 598/598/598 623/623/623
f 599/599/599 623/623/623 600/600/600
f 600/600/600 580/580/580 599/599/599
f 601/601/601 600/600/600 623/623/623
f 601/601/601 623/623/623 624/624/624
f 582/582/582 601/601/601 602/602/602
f 602/602/602 601/601/601 625/625/625
f 583/583/583 602/602/602 603/603/603
f 603/603/603 602/602/602 626/626/626
f 604/604/604 603/603/603 626/626/626
f 604/604/604 626/626/626 627/627/627
f 584/584/584 604/604/604 605/605/605
f 605/605/605 604/604/604 628/628/628
f 585/585/585 605/605/605 629/629/629
f 606/606/606 585/585/585 629/629/629
f 606/606/606 629/629/629 630/630/630
f 607/607/607 606/606/606 630/630/630
f 607/607/607 630/630/630 631/631/631
f 586/586/586 607/607/607 632/632/632
f 608/608/608 586/586/586 632/632/632
f 608/608/608 632/632/632 633/633/633
f 609/609/609 608/608/608 633/633/633
f 609/609/609 633/633/633 634/634/634
f 610/610/610 550/550/550 529/529/529
f 610/610/610 529/529/529 528/528/528
f 610/610/610 528/528/528 635/635/635
f 570/570/570 611/611/611 612/612/612
f 612/612/612 611/611/611 613/613/613
f 613/613/613 611/611/611 636/636/636
f 590/590/590 613/613/613 637/637/637
f 614/614/614 590/590/590 637/637/637
f 614/614/614 637/637/637 638/638/638
f 615/615/615 614/614/614 638/638/638
f 615/615/615 638/638/638 639/639/639
f 616/616/616 592/592/592 640/640/640
f 617/617/617 616/616/616 641/641/641
f 618/618/618 617/617/617 642/642/642
f 619/619/619 618/618/618 643/643/643
f 595/595/595 619/619/619 620/620/620
f 620/620/620 619/619/619 644/644/644
f 596/596/596 620/620/620 645/645/645
f 621/621/621 596/596/596 645/645/645
f 621/621/621 645/645/645 646/646/646
f 622/622/622 621/621/621 646/646/646
f 622/622/622 646/646/646 624/624/624
f 624/624/624 623/623/623 622/622/622
f 601/601/601 624/624/624 625/625/625
f 625/625/625 624/624/624 647/647/647
f 602/602/602 625/625/625 626/626/626
f 626/626/626 625/625/625 648/648/648
f 627/627/627 626/626/626 648/648/648
f 627/627/627 648/648/648 649/649/649
f 604/604/604 627/627/627 628/628/628
f 628/628/628 627/627/627 650/650/650
f 605/605/605 628/628/628 629/629/629
f 629/629/629 628/628/628 651/651/651
f 630/630/630 629/629/629 651/651/651
f 630/630/630 651/651/651 652/652/652
f 631/631/631 630/630/630 652/652/652
f 631/631/631 652/652/652 653/653/653
f 607/607/607 631/631/631 654/654/654
f 632/632/632 607/607/607 654/654/654
f 632/632/632 654/654/654 655/655/655
f 633/633/633 632/632/632 655/655/655
f 633/633/633 655/655/655 634/634/634
f 634/634/634 655/655/655 656/656/656
f 609/609/609 634/634/634 657/657/657
f 635/635/635 528/528/528 507/507/507
f 635/635/635 507/507/507 658/658/658
f 613/613/613 636/636/636 659/659/659
f 637/637/637 613/613/613 659/659/659
f 637/637/637 659/659/659 660/660/660
f 638/638/638 637/637/637 660/660/660
f 638/638/638 660/660/660 639/639/639
f 639/639/639 660/660/660 661/661/661
f 615/615/615 639/639/639 662/662/662
f 616/616/616 640/640/640 641/641/641
f 641/641/641 640/640/640 663/663/663
f 617/617/617 641/641/641 642/642/642
f 642/642/642 641/641/641 664/664/664
f 618/618/618 642/642/642 643/643/643
f 643/643/643 642/642/642 665/665/665
f 619/619/619 643/643/643 666/666/666
f 644/644/644 619/619/619 666/666/666
f 644/644/644 666/666/666 667/667/667
f 620/620/620 644/644/644 668/668/668
f 645/645/645 620/620/620 668/668/668
f 645/645/645 668/668/668 669/669/669
f 646/646/646 645/645/645 669/669/669
f 646/646/646 669/669/669 647/647/647
f 647/647/647 624/624/624 646/646/646
f 625/625/625 647/647/647 648/648/648
f 648/648/648 647/647/647 670/670/670
f 649/649/649 648/648/648 670/670/670
f 649/649/649 670/670/670 671/671/671
f 627/627/627 649/649/649 650/650/650
f 650/650/650 649/649/649 672/672/672
f 628/628/628 650/650/650 651/651/651
f 651/651/651 650/650/650 673/673/673
f 652/652/652 651/651/651 673/673/673
f 652/652/652 673/673/673 674/674/674
f 653/653/653 652/652/652 675/675/675
f 631/631/631 653/653/653 676/676/676
f 654/654/654 631/631/631 676/676/676
f 654/654/654 676/676/676 677/677/677
f 655/655/655 654/654/654 656/656/656
f 656/656/656 654/654/654 677/677/677
f 656/656/656 677/677/677 678/678/678
f 634/634/634 656/656/656 679/679/679
f 657/657/657 634/634/634 679/679/679
f 657/657/657 679/679/679 680/680/680
f 658/658/658 507/507/507 506/506/506
f 658/658/658 506/506/506 505/505/505
f 658/658/658 505/505/505 681/681/681
f 659/659/659 636/636/636 682/682/682
f 660/660/660 659/659/659 682/682/682
f 660/660/660 682/682/682 661/661/661
f 661/661/661 682/682/682 683/683/683
f 641/641/641 663/663/663 664/664/664
f 664/664/664 663/663/663 684/684/684
f 642/642/642 664/664/664 665/665/665
f 665/665/665 664/664/664 685/685/685
f 643/643/643 665/665/665 686/686/686
f 666/666/666 643/643/643 687/687/687
f 667/667/667 666/666/666 687/687/687
f 667/667/667 687/687/687 688/688/688
f 644/644/644 667/667/667 689/689/689
f 668/668/668 644/644/644 689/689/689
f 668/668/668 689/689/689 690/690/690
f 669/669/669 668/668/668 690/690/690
f 669/669/669 690/690/690 670/670/670
f 670/670/670 647/647/647 669/669/669
f 671/671/671 670/670/670 690/690/690
f 671/671/671 690/690/690 691/691/691
f 649/649/649 671/671/671 672/672/672
f 672/672/672 671/671/671 692/692/692
f 650/650/650 672/672/672 673/673/673
f 673/673/673 672/672/672 693/693/693
f 674/674/674 673/673/673 693/693/693
f 674/674/674 693/693/693 694/694/694
f 652/652/652 674/674/674 675/675/675
f 675/675/675 674/674/674 694/694/694
f 675/675/675 694/694/694 695/695/695
f 653/653/653 675/675/675 696/696/696
f 676/676/676 653/653/653 697/697/697
f 677/677/677 676/676/676 698/698/698
f 678/678/678 677/677/677 699/699/699
f 656/656/656 678/678/678 679/679/679
f 679/679/679 678/678/678 700/700/700
f 680/680/680 679/679/679 700/700/700
f 680/680/680 700/700/700 701/701/701
f 681/681/681 505/505/505 527/527/527
f 681/681/681 527/527/527 702/702/702
f 682/682/682 636/636/636 703/703/703
f 683/683/683 682/682/682 703/703/703
f 683/683/683 703/703/703 704/704/704
f 664/664/664 684/684/684 685/685/685
f 685/685/685 684/684/684 705/705/705
f 665/665/665 685/685/685 706/706/706
f 686/686/686 665/665/665 706/706/706
f 686/686/686 706/706/706 707/707/707
f 643/643/643 686/686/686 687/687/687
f 687/687/687 686/686/686 708/708/708
f 688/688/688 687/687/687 708/708/708
f 688/688/688 708/708/708 709/709/709
f 667/667/667 688/688/688 710/710/710
f 689/689/689 667/667/667 710/710/710
f 689/689/689 710/710/710 691/691/691
f 691/691/691 690/690/690 689/689/689
f 671/671/671 691/691/691 692/692/692
f 692/692/692 691/691/691 711/711/711
f 672/672/672 692/692/692 693/693/693
f 693/693/693 692/692/692 712/712/712
f 694/694/694 693/693/693 712/712/712
f 694/694/694 712/712/712 713/713/713
f 695/695/695 694/694/694 714/714/714
f 675/675/675 695/695/695 696/696/696
f 696/696/696 695/695/695 715/715/715
f 653/653/653 696/696/696 697/697/697
f 697/697/697 696/696/696 716/716/716
f 676/676/676 697/697/697 717/717/717
f 698/698/698 676/676/676 717/717/717
f 698/698/698 717/717/717 718/718/718
f 677/677/677 698/698/698 699/699/699
f 699/699/699 698/698/698 719/719/719
f 678/678/678 699/699/699 720/720/720
f 700/700/700 678/678/678 720/720/720
f 700/700/700 720/720/720 721/721/721
f 701/701/701 700/700/700 721/721/721
f 701/701/701 721/721/721 722/722/722
f 680/680/680 701/701/701 723/723/723
f 702/702/702 527/527/527 569/569/569
f 702/702/702 569/569/569 587/587/587
f 702/702/702 587/587/587 724/724/724
f 683/683/683 704/704/704 725/725/725
f 705/705/705 684/684/684 726/726/726
f 685/685/685 705/705/705 727/727/727
f 706/706/706 685/685/685 727/727/727
f 706/706/706 727/727/727 728/728/728
f 707/707/707 706/706/706 728/728/728
f 707/707/707 728/728/728 729/729/729
f 686/686/686 707/707/707 708/708/708
f 708/708/708 707/707/707 730/730/730
f 709/709/709 708/708/708 730/730/730
f 709/709/709 730/730/730 731/731/731
f 688/688/688 709/709/709 732/732/732
f 710/710/710 688/688/688 732/732/732
f 710/710/710 732/732/732 711/711/711
f 711/711/711 691/691/691 710/710/710
f 692/692/692 711/711/711 712/712/712
f 712/712/712 711/711/711 733/733/733
f 713/713/713 712/712/712 733/733/733
f 713/713/713 733/733/733 734/734/734
f 694/694/694 713/713/713 714/714/714
f 714/714/714 713/713/713 734/734/734
f 714/714/714 734/734/734 735/735/735
f 695/695/695 714/714/714 736/736/736
f 715/715/715 695/695/695 736/736/736
f 715/715/715 736/736/736 737/737/737
f 696/696/696 715/715/715 716/716/716
f 716/716/716 715/715/715 738/738/738
f 697/697/697 716/716/716 717/717/717
f 717/717/717 716/716/716 739/739/739
f 718/718/718 717/717/717 739/739/739
f 718/718/718 739/739/739 740/740/740
f 698/698/698 718/718/718 719/719/719
f 719/719/719 718/718/718 741/741/741
f 699/699/699 719/719/719 742/742/742
f 720/720/720 699/699/699 743/743/743
f 721/721/721 720/720/720 743/743/743
f 721/721/721 743/743/743 744/744/744
f 722/722/722 721/721/721 744/744/744
f 722/722/722 744/744/744 745/745/745
f 701/701/701 722/722/722 746/746/746
f 723/723/723 701/701/701 746/746/746
f 680/680/680 723/723/723 747/747/747
f 724/724/724 587/587/587 609/609/609
f 724/724/724 609/609/609 747/747/747
f 726/726/726 684/684/684 748/748/748
f 705/705/705 726/726/726 749/749/749
f 727/727/727 705/705/705 750/750/750
f 728/728/728 727/727/727 751/751/751
f 729/729/729 728/728/728 752/752/752
f 707/707/707 729/729/729 730/730/730
f 730/730/730 729/729/729 753/753/753
f 731/731/731 730/730/730 753/753/753
f 731/731/731 753/753/753 754/754/754
f 709/709/709 731/731/731 755/755/755
f 732/732/732 709/709/709 755/755/755
f 732/732/732 755/755/755 733/733/733
f 733/733/733 711/711/711 732/732/732
f 734/734/734 733/733/733 755/755/755
f 734/734/734 755/755/755 756/756/756
f 735/735/735 734/734/734 756/756/756
f 735/735/735 756/756/756 757/757/757
f 714/714/714 735/735/735 736/736/736
f 736/736/736 735/735/735 758/758/758
f 737/737/737 736/736/736 758/758/758
f 737/737/737 758/758/758 759/759/759
f 715/715/715 737/737/737 738/738/738
f 738/738/738 737/737/737 760/760/760
f 716/716/716 738/738/738 739/739/739
f 739/739/739 738/738/738 761/761/761
f 740/740/740 739/739/739 761/761/761
f 740/740/740 761/761/761 762/762/762
f 718/718/718 740/740/740 741/741/741
f 741/741/741 740/740/740 763/763/763
f 719/719/719 741/741/741 764/764/764
f 742/742/742 719/719/719 765/765/765
f 699/699/699 742/742/742 743/743/743
f 743/743/743 742/742/742 766/766/766
f 744/744/744 743/743/743 766/766/766
f 744/744/744 766/766/766 767/767/767
f 745/745/745 744/744/744 767/767/767
f 745/745/745 767/767/767 768/768/768
f 722/722/722 745/745/745 769/769/769
f 746/746/746 722/722/722 769/769/769
f 680/680/680 747/747/747 657/657/657
f 657/657/657 747/747/747 609/609/609
f 748/748/748 684/684/684 663/663/663
f 748/748/748 663/663/663 770/770/770
f 705/705/705 749/749/749 750/750/750
f 750/750/750 749/749/749 771/771/771
f 727/727/727 750/750/750 772/772/772
f 751/751/751 727/727/727 772/772/772
f 751/751/751 772/772/772 773/773/773
f 728/728/728 751/751/751 752/752/752
f 752/752/752 751/751/751 774/774/774
f 729/729/729 752/752/752 753/753/753
f 753/753/753 752/752/752 775/775/775
f 754/754/754 753/753/753 775/775/775
f 754/754/754 775/775/775 776/776/776
f 731/731/731 754/754/754 755/755/755
f 755/755/755 754/754/754 756/756/756
f 756/756/756 754/754/754 776/776/776
f 756/756/756 776/776/776 757/757/757
f 757/757/757 776/776/776 777/777/777
f 735/735/735 757/757/757 758/758/758
f 758/758/758 757/757/757 778/778/778
f 759/759/759 758/758/758 778/778/778
f 759/759/759 778/778/778 779/779/779
f 737/737/737 759/759/759 760/760/760
f 760/760/760 759/759/759 780/780/780
f 738/738/738 760/760/760 761/761/761
f 761/761/761 760/760/760 781/781/781
f 762/762/762 761/761/761 781/781/781
f 762/762/762 781/781/781 782/782/782
f 740/740/740 762/762/762 783/783/783
f 763/763/763 740/740/740 783/783/783
f 763/763/763 783/783/783 784/784/784
f 741/741/741 763/763/763 785/785/785
f 764/764/764 741/741/741 785/785/785
f 764/764/764 785/785/785 786/786/786
f 719/719/719 764/764/764 765/765/765
f 765/765/765 764/764/764 787/787/787
f 742/742/742 765/765/765 766/766/766
f 766/766/766 765/765/765 788/788/788
f 767/767/767 766/766/766 788/788/788
f 767/767/767 788/788/788 789/789/789
f 768/768/768 767/767/767 789/789/789
f 768/768/768 789/789/789 790/790/790
f 745/745/745 768/768/768 769/769/769
f 769/769/769 768/768/768 791/791/791
f 770/770/770 663/663/663 640/640/640
f 770/770/770 640/640/640 792/792/792
f 750/750/750 771/771/771 793/793/793
f 772/772/772 750/750/750 793/793/793
f 772/772/772 793/793/793 794/794/794
f 773/773/773 772/772/772 794/794/794
f 773/773/773 794/794/794 795/795/795
f 751/751/751 773/773/773 774/774/774
f 774/774/774 773/773/773 796/796/796
f 752/752/752 774/774/774 775/775/775
f 775/775/775 774/774/774 797/797/797
f 776/776/776 775/775/775 797/797/797
f 776/776/776 797/797/797 777/777/777
f 777/777/777 797/797/797 798/798/798
f 757/757/757 777/777/777 778/778/778
f 778/778/778 777/777/777 799/799/799
f 779/779/779 778/778/778 799/799/799
f 779/779/779 799/799/799 800/800/800
f 759/759/759 779/779/779 780/780/780
f 780/780/780 779/779/779 801/801/801
f 760/760/760 780/780/780 781/781/781
f 781/781/781 780/780/780 802/802/802
f 782/782/782 781/781/781 802/802/802
f 782/782/782 802/802/802 803/803/803
f 762/762/762 782/782/782 783/783/783
f 783/783/783 782/782/782 804/804/804
f 784/784/784 783/783/783 804/804/804
f 784/784/784 804/804/804 805/805/805
f 763/763/763 784/784/784 806/806/806
f 785/785/785 763/763/763 806/806/806
f 785/785/785 806/806/806 807/807/807
f 786/786/786 785/785/785 808/808/808
f 764/764/764 786/786/786 787/787/787
f 787/787/787 786/786/786 809/809/809
f 765/765/765 787/787/787 788/788/788
f 788/788/788 787/787/787 810/810/810
f 789/789/789 788/788/788 810/810/810
f 789/789/789 810/810/810 811/811/811
f 790/790/790 789/789/789 812/812/812
f 768/768/768 790/790/790 791/791/791
f 791/791/791 790/790/790 813/813/813
f 792/792/792 640/640/640 592/592/592
f 792/792/792 592/592/592 572/572/572
f 792/792/792 572/572/572 814/814/814
f 793/793/793 771/771/771 815/815/815
f 794/794/794 793/793/793 816/816/816
f 795/795/795 794/794/794 817/817/817
f 773/773/773 795/795/795 796/796/796
f 796/796/796 795/795/795 818/818/818
f 774/774/774 796/796/796 797/797/797
f 797/797/797 796/796/796 798/798/798
f 798/798/798 796/796/796 818/818/818
f 798/798/798 818/818/818 819/819/819
f 777/777/777 798/798/798 799/799/799
f 799/799/799 798/798/798 819/819/819
f 799/799/799 819/819/819 800/800/800
f 800/800/800 819/819/819 820/820/820
f 779/779/779 800/800/800 801/801/801
f 801/801/801 800/800/800 821/821/821
f 780/780/780 801/801/801 802/802/802
f 802/802/802 801/801/801 822/822/822
f 803/803/803 802/802/802 822/822/822
f 803/803/803 822/822/822 823/823/823
f 782/782/782 803/803/803 804/804/804
f 804/804/804 803/803/803 824/824/824
f 805/805/805 804/804/804 825/825/825
f 784/784/784 805/805/805 826/826/826
f 806/806/806 784/784/784 826/826/826
f 806/806/806 826/826/826 807/807/807
f 807/807/807 826/826/826 827/827/827
f 785/785/785 807/807/807 808/808/808
f 808/808/808 807/807/807 828/828/828
f 786/786/786 808/808/808 829/829/829
f 809/809/809 786/786/786 830/830/830
f 787/787/787 809/809/809 810/810/810
f 810/810/810 809/809/809 811/811/811
f 811/811/811 809/809/809 830/830/830
f 811/811/811 830/830/830 831/831/831
f 789/789/789 811/811/811 812/812/812
f 812/812/812 811/811/811 831/831/831
f 812/812/812 831/831/831 832/832/832
f 790/790/790 812/812/812 832/832/832
f 790/790/790 832/832/832 813/813/813
f 813/813/813 832/832/832 833/833/833
f 791/791/791 813/813/813 834/834/834
f 814/814/814 572/572/572 552/552/552
f 814/814/814 552/552/552 835/835/835
f 793/793/793 815/815/815 816/816/816
f 816/816/816 815/815/815 836/836/836
f 794/794/794 816/816/816 817/817/817
f 817/817/817 816/816/816 837/837/837
f 795/795/795 817/817/817 838/838/838
f 818/818/818 795/795/795 838/838/838
f 818/818/818 838/838/838 839/839/839
f 819/819/819 818/818/818 839/839/839
f 819/819/819 839/839/839 820/820/820
f 820/820/820 839/839/839 840/840/840
f 800/800/800 820/820/820 821/821/821
f 821/821/821 820/820/820 841/841/841
f 801/801/801 821/821/821 822/822/822
f 822/822/822 821/821/821 842/842/842
f 823/823/823 822/822/822 842/842/842
f 823/823/823 842/842/842 843/843/843
f 803/803/803 823/823/823 824/824/824
f 824/824/824 823/823/823 844/844/844
f 804/804/804 824/824/824 825/825/825
f 825/825/825 824/824/824 844/844/844
f 825/825/825 844/844/844 845/845/845
f 805/805/805 825/825/825 846/846/846
f 826/826/826 805/805/805 847/847/847
f 827/827/827 826/826/826 847/847/847
f 827/827/827 847/847/847 848/848/848
f 807/807/807 827/827/827 828/828/828
f 828/828/828 827/827/827 849/849/849
f 808/808/808 828/828/828 850/850/850
f 829/829/829 808/808/808 851/851/851
f 786/786/786 829/829/829 830/830/830
f 830/830/830 829/829/829 852/852/852
f 831/831/831 830/830/830 852/852/852
f 831/831/831 852/852/852 853/853/853
f 832/832/832 831/831/831 853/853/853
f 832/832/832 853/853/853 833/833/833
f 833/833/833 853/853/853 854/854/854
f 813/813/813 833/833/833 855/855/855
f 834/834/834 813/813/813 855/855/855
f 834/834/834 855/855/855 856/856/856
f 835/835/835 552/552/552 532/532/532
f 835/835/835 532/532/532 857/857/857
f 816/816/816 836/836/836 837/837/837
f 837/837/837 836/836/836 858/858/858
f 817/817/817 837/837/837 859/859/859
f 838/838/838 817/817/817 859/859/859
f 838/838/838 859/859/859 860/860/860
f 839/839/839 838/838/838 860/860/860
f 839/839/839 860/860/860 840/840/840
f 840/840/840 860/860/860 861/861/861
f 820/820/820 840/840/840 841/841/841
f 841/841/841 840/840/840 862/862/862
f 821/821/821 841/841/841 842/842/842
f 842/842/842 841/841/841 863/863/863
f 843/843/843 842/842/842 863/863/863
f 843/843/843 863/863/863 864/864/864
f 823/823/823 843/843/843 844/844/844
f 844/844/844 843/843/843 865/865/865
f 845/845/845 844/844/844 865/865/865
f 845/845/845 865/865/865 866/866/866
f 825/825/825 845/845/845 846/846/846
f 846/846/846 845/845/845 867/867/867
f 805/805/805 846/846/846 847/847/847
f 847/847/847 846/846/846 868/868/868
f 848/848/848 847/847/847 868/868/868
f 848/848/848 868/868/868 869/869/869
f 827/827/827 848/848/848 849/849/849
f 849/849/849 848/848/848 870/870/870
f 828/828/828 849/849/849 871/871/871
f 850/850/850 828/828/828 871/871/871
f 850/850/850 871/871/871 872/872/872
f 808/808/808 850/850/850 851/851/851
f 851/851/851 850/850/850 873/873/873
f 829/829/829 851/851/851 852/852/852
f 852/852/852 851/851/851 874/874/874
f 853/853/853 852/852/852 874/874/874
f 853/853/853 874/874/874 854/854/854
f 854/854/854 874/874/874 875/875/875
f 833/833/833 854/854/854 876/876/876
f 855/855/855 833/833/833 876/876/876
f 855/855/855 876/876/876 877/877/877
f 856/856/856 855/855/855 878/878/878
f 857/857/857 532/532/532 489/489/489
f 857/857/857 489/489/489 879/879/879
f 837/837/837 858/858/858 880/880/880
f 859/859/859 837/837/837 880/880/880
f 859/859/859 880/880/880 881/881/881
f 860/860/860 859/859/859 881/881/881
f 860/860/860 881/881/881 861/861/861
f 861/861/861 881/881/881 882/882/882
f 840/840/840 861/861/861 862/862/862
f 862/862/862 861/861/861 883/883/883
f 841/841/841 862/862/862 863/863/863
f 863/863/863 862/862/862 884/884/884
f 864/864/864 863/863/863 884/884/884
f 864/864/864 884/884/884 885/885/885
f 843/843/843 864/864/864 865/865/865
f 865/865/865 864/864/864 886/886/886
f 866/866/866 865/865/865 887/887/887
f 845/845/845 866/866/866 867/867/867
f 867/867/867 866/866/866 888/888/888
f 846/846/846 867/867/867 868/868/868
f 868/868/868 867/867/867 889/889/889
f 869/869/869 868/868/868 889/889/889
f 869/869/869 889/889/889 890/890/890
f 848/848/848 869/869/869 870/870/870
f 870/870/870 869/869/869 891/891/891
f 849/849/849 870/870/870 892/892/892
f 871/871/871 849/849/849 892/892/892
f 871/871/871 892/892/892 893/893/893
f 872/872/872 871/871/871 894/894/894
f 850/850/850 872/872/872 873/873/873
f 873/873/873 872/872/872 895/895/895
f 851/851/851 873/873/873 874/874/874
f 874/874/874 873/873/873 875/875/875
f 875/875/875 873/873/873 895/895/895
f 875/875/875 895/895/895 896/896/896
f 854/854/854 875/875/875 897/897/897
f 876/876/876 854/854/854 897/897/897
f 876/876/876 897/897/897 877/877/877
f 877/877/877 897/897/897 898/898/898
f 855/855/855 877/877/877 878/878/878
f 878/878/878 877/877/877 899/899/899
f 856/856/856 878/878/878 900/900/900
f 879/879/879 489/489/489 452/452/452
f 879/879/879 452/452/452 901/901/901
f 880/880/880 858/858/858 902/902/902
f 881/881/881 880/880/880 903/903/903
f 882/882/882 881/881/881 903/903/903
f 882/882/882 903/903/903 904/904/904
f 861/861/861 882/882/882 883/883/883
f 883/883/883 882/882/882 905/905/905
f 862/862/862 883/883/883 884/884/884
f 884/884/884 883/883/883 906/906/906
f 864/864/864 885/885/885 886/886/886
f 886/886/886 885/885/885 907/907/907
f 865/865/865 886/886/886 887/887/887
f 887/887/887 886/886/886 907/907/907
f 887/887/887 907/907/907 908/908/908
f 866/866/866 887/887/887 909/909/909
f 888/888/888 866/866/866 909/909/909
f 888/888/888 909/909/909 910/910/910
f 867/867/867 888/888/888 889/889/889
f 889/889/889 888/888/888 911/911/911
f 890/890/890 889/889/889 911/911/911
f 890/890/890 911/911/911 912/912/912
f 869/869/869 890/890/890 891/891/891
f 891/891/891 890/890/890 913/913/913
f 870/870/870 891/891/891 914/914/914
f 892/892/892 870/870/870 914/914/914
f 892/892/892 914/914/914 893/893/893
f 893/893/893 914/914/914 915/915/915
f 871/871/871 893/893/893 894/894/894
f 894/894/894 893/893/893 916/916/916
f 872/872/872 894/894/894 917/917/917
f 895/895/895 872/872/872 918/918/918
f 896/896/896 895/895/895 918/918/918
f 896/896/896 918/918/918 919/919/919
f 875/875/875 896/896/896 897/897/897
f 897/897/897 896/896/896 919/919/919
f 897/897/897 919/919/919 898/898/898
f 898/898/898 919/919/919 920/920/920
f 877/877/877 898/898/898 921/921/921
f 899/899/899 877/877/877 921/921/921
f 899/899/899 921/921/921 922/922/922
f 878/878/878 899/899/899 923/923/923
f 900/900/900 878/878/878 924/924/924
f 901/901/901 452/452/452 435/435/435
f 901/901/901 435/435/435 418/418/418
f 901/901/901 418/418/418 925/925/925
f 880/880/880 902/902/902 903/903/903
f 903/903/903 902/902/902 926/926/926
f 904/904/904 903/903/903 926/926/926
f 904/904/904 926/926/926 927/927/927
f 882/882/882 904/904/904 928/928/928
f 905/905/905 882/882/882 928/928/928
f 905/905/905 928/928/928 929/929/929
f 883/883/883 905/905/905 906/906/906
f 906/906/906 905/905/905 930/930/930
f 884/884/884 906/906/906 885/885/885
f 885/885/885 906/906/906 931/931/931
f 907/907/907 885/885/885 931/931/931
f 907/907/907 931/931/931 932/932/932
f 908/908/908 907/907/907 932/932/932
f 908/908/908 932/932/932 933/933/933
f 887/887/887 908/908/908 909/909/909
f 909/909/909 908/908/908 934/934/934
f 910/910/910 909/909/909 934/934/934
f 910/910/910 934/934/934 935/935/935
f 888/888/888 910/910/910 911/911/911
f 911/911/911 910/910/910 936/936/936
f 912/912/912 911/911/911 936/936/936
f 912/912/912 936/936/936 937/937/937
f 890/890/890 912/912/912 913/913/913
f 913/913/913 912/912/912 938/938/938
f 891/891/891 913/913/913 939/939/939
f 914/914/914 891/891/891 939/939/939
f 914/914/914 939/939/939 915/915/915
f 915/915/915 939/939/939 940/940/940
f 893/893/893 915/915/915 941/941/941
f 916/916/916 893/893/893 941/941/941
f 916/916/916 941/941/941 942/942/942
f 894/894/894 916/916/916 943/943/943
f 917/917/917 894/894/894 943/943/943
f 917/917/917 943/943/943 944/944/944
f 872/872/872 917/917/917 918/918/918
f 918/918/918 917/917/917 945/945/945
f 919/919/919 918/918/918 945/945/945
f 919/919/919 945/945/945 920/920/920
f 920/920/920 945/945/945 946/946/946
f 898/898/898 920/920/920 921/921/921
f 921/921/921 920/920/920 947/947/947
f 922/922/922 921/921/921 947/947/947
f 922/922/922 947/947/947 948/948/948
f 899/899/899 922/922/922 949/949/949
f 923/923/923 899/899/899 950/950/950
f 878/878/878 923/923/923 924/924/924
f 925/925/925 418/418/418 384/384/384
f 925/925/925 384/384/384 951/951/951
f 904/904/904 927/927/927 928/928/928
f 928/928/928 927/927/927 952/952/952
f 929/929/929 928/928/928 952/952/952
f 929/929/929 952/952/952 953/953/953
f 905/905/905 929/929/929 930/930/930
f 930/930/930 929/929/929 954/954/954
f 906/906/906 930/930/930 931/931/931
f 931/931/931 930/930/930 955/955/955
f 908/908/908 933/933/933 934/934/934
f 934/934/934 933/933/933 956/956/956
f 935/935/935 934/934/934 956/956/956
f 935/935/935 956/956/956 957/957/957
f 910/910/910 935/935/935 936/936/936
f 936/936/936 935/935/935 958/958/958
f 937/937/937 936/936/936 958/958/958
f 937/937/937 958/958/958 959/959/959
f 912/912/912 937/937/937 938/938/938
f 938/938/938 937/937/937 960/960/960
f 913/913/913 938/938/938 961/961/961
f 939/939/939 913/913/913 961/961/961
f 939/939/939 961/961/961 940/940/940
f 940/940/940 961/961/961 962/962/962
f 915/915/915 940/940/940 941/941/941
f 941/941/941 940/940/940 963/963/963
f 942/942/942 941/941/941 963/963/963
f 942/942/942 963/963/963 964/964/964
f 916/916/916 942/942/942 965/965/965
f 943/943/943 916/916/916 965/965/965
f 943/943/943 965/965/965 966/966/966
f 944/944/944 943/943/943 967/967/967
f 917/917/917 944/944/944 945/945/945
f 945/945/945 944/944/944 946/946/946
f 946/946/946 944/944/944 967/967/967
f 946/946/946 967/967/967 968/968/968
f 920/920/920 946/946/946 947/947/947
f 947/947/947 946/946/946 968/968/968
f 947/947/947 968/968/968 948/948/948
f 948/948/948 968/968/968 969/969/969
f 922/922/922 948/948/948 949/949/949
f 949/949/949 948/948/948 970/970/970
f 899/899/899 949/949/949 950/950/950
f 950/950/950 949/949/949 971/971/971
f 923/923/923 950/950/950 972/972/972
f 953/953/953 952/952/952 973/973/973
f 929/929/929 953/953/953 954/954/954
f 954/954/954 953/953/953 974/974/974
f 930/930/930 954/954/954 955/955/955
f 955/955/955 954/954/954 975/975/975
f 931/931/931 955/955/955 932/932/932
f 932/932/932 955/955/955 976/976/976
f 935/935/935 957/957/957 958/958/958
f 958/958/958 957/957/957 977/977/977
f 959/959/959 958/958/958 977/977/977
f 959/959/959 977/977/977 978/978/978
f 937/937/937 959/959/959 960/960/960
f 960/960/960 959/959/959 979/979/979
f 938/938/938 960/960/960 980/980/980
f 961/961/961 938/938/938 980/980/980
f 961/961/961 980/980/980 962/962/962
f 962/962/962 980/980/980 981/981/981
f 940/940/940 962/962/962 963/963/963
f 963/963/963 962/962/962 982/982/982
f 964/964/964 963/963/963 982/982/982
f 964/964/964 982/982/982 983/983/983
f 942/942/942 964/964/964 984/984/984
f 965/965/965 942/942/942 984/984/984
f 965/965/965 984/984/984 985/985/985
f 966/966/966 965/965/965 986/986/986
f 943/943/943 966/966/966 967/967/967
f 967/967/967 966/966/966 987/987/987
f 968/968/968 967/967/967 987/987/987
f 968/968/968 987/987/987 969/969/969
f 969/969/969 987/987/987 988/988/988
f 948/948/948 969/969/969 970/970/970
f 970/970/970 969/969/969 989/989/989
f 949/949/949 970/970/970 990/990/990
f 971/971/971 949/949/949 991/991/991
f 950/950/950 971/971/971 992/992/992
f 972/972/972 950/950/950 992/992/992
f 973/973/973 952/952/952 993/993/993
f 953/953/953 973/973/973 994/994/994
f 974/974/974 953/953/953 994/994/994
f 974/974/974 994/994/994 995/995/995
f 954/954/954 974/974/974 975/975/975
f 975/975/975 974/974/974 996/996/996
f 955/955/955 975/975/975 976/976/976
f 976/976/976 975/975/975 997/997/997
f 932/932/932 976/976/976 933/933/933
f 933/933/933 976/976/976 998/998/998
f 959/959/959 978/978/978 979/979/979
f 979/979/979 978/978/978 999/999/999
f 960/960/960 979/979/979 1000/1000/1000
f 980/980/980 960/960/960 1000/1000/1000
f 980/980/980 1000/1000/1000 981/981/981
f 981/981/981 1000/1000/1000 1001/1001/1001
f 962/962/962 981/981/981 982/982/982
f 982/982/982 981/981/981 1002/1002/1002
f 983/983/983 982/982/982 1002/1002/1002
f 983/983/983 1002/1002/1002 1003/1003/1003
f 964/964/964 983/983/983 1004/1004/1004
f 984/984/984 964/964/964 1005/1005/1005
f 985/985/985 984/984/984 1005/1005/1005
f 985/985/985 1005/1005/1005 1006/1006/1006
f 965/965/965 985/985/985 986/986/986
f 986/986/986 985/985/985 1007/1007/1007
f 966/966/966 986/986/986 1008/1008/1008
f 987/987/987 966/966/966 988/988/988
f 988/988/988 966/966/966 1008/1008/1008
f 988/988/988 1008/1008/1008 1009/1009/1009
f 969/969/969 988/988/988 989/989/989
f 989/989/989 988/988/988 1009/1009/1009
f 989/989/989 1009/1009/1009 1010/1010/1010
f 970/970/970 989/989/989 1010/1010/1010
f 970/970/970 1010/1010/1010 990/990/990
f 990/990/990 1010/1010/1010 1011/1011/1011
f 949/949/949 990/990/990 991/991/991
f 991/991/991 990/990/990 1011/1011/1011
f 991/991/991 1011/1011/1011 1012/1012/1012
f 971/971/971 991/991/991 1013/1013/1013
f 992/992/992 971/971/971 1014/1014/1014
f 993/993/993 952/952/952 927/927/927
f 993/993/993 927/927/927 1015/1015/1015
f 974/974/974 995/995/995 996/996/996
f 996/996/996 995/995/995 1016/1016/1016
f 975/975/975 996/996/996 997/997/997
f 997/997/997 996/996/996 1017/1017/1017
f 976/976/976 997/997/997 998/998/998
f 998/998/998 997/997/997 1018/1018/1018
f 933/933/933 998/998/998 956/956/956
f 956/956/956 998/998/998 1019/1019/1019
f 979/979/979 999/999/999 1020/1020/1020
f 1000/1000/1000 979/979/979 1020/1020/1020
f 1000/1000/1000 1020/1020/1020 1001/1001/1001
f 1001/1001/1001 1020/1020/1020 1021/1021/1021
f 981/981/981 1001/1001/1001 1002/1002/1002
f 1002/1002/1002 1001/1001/1001 1022/1022/1022
f 1003/1003/1003 1002/1002/1002 1022/1022/1022
f 1003/1003/1003 1022/1022/1022 1023/1023/1023
f 983/983/983 1003/1003/1003 1004/1004/1004
f 1004/1004/1004 1003/1003/1003 1024/1024/1024
f 964/964/964 1004/1004/1004 1005/1005/1005
f 1005/1005/1005 1004/1004/1004 1025/1025/1025
f 1006/1006/1006 1005/1005/1005 1025/1025/1025
f 1006/1006/1006 1025/1025/1025 1026/1026/1026
f 985/985/985 1006/1006/1006 1007/1007/1007
f 1007/1007/1007 1006/1006/1006 1027/1027/1027
f 986/986/986 1007/1007/1007 1028/1028/1028
f 1008/1008/1008 986/986/986 1029/1029/1029
f 1009/1009/1009 1008/1008/1008 1029/1029/1029
f 1009/1009/1009 1029/1029/1029 1030/1030/1030
f 1010/1010/1010 1009/1009/1009 1030/1030/1030
f 1010/1010/1010 1030/1030/1030 1011/1011/1011
f 1011/1011/1011 1030/1030/1030 1031/1031/1031
f 1012/1012/1012 1011/1011/1011 1031/1031/1031
f 1012/1012/1012 1031/1031/1031 1032/1032/1032
f 991/991/991 1012/1012/1012 1033/1033/1033
f 1013/1013/1013 991/991/991 1033/1033/1033
f 1013/1013/1013 1033/1033/1033 1034/1034/1034
f 1015/1015/1015 927/927/927 926/926/926
f 1015/1015/1015 926/926/926 1035/1035/1035
f 996/996/996 1016/1016/1016 1017/1017/1017
f 1017/1017/1017 1016/1016/1016 1036/1036/1036
f 997/997/997 1017/1017/1017 1018/1018/1018
f 1018/1018/1018 1017/1017/1017 1036/1036/1036
f 1018/1018/1018 1036/1036/1036 1037/1037/1037
f 998/998/998 1018/1018/1018 1019/1019/1019
f 1019/1019/1019 1018/1018/1018 1038/1038/1038
f 956/956/956 1019/1019/1019 957/957/957
f 957/957/957 1019/1019/1019 1038/1038/1038
f 957/957/957 1038/1038/1038 977/977/977
f 977/977/977 1038/1038/1038 1039/1039/1039
f 1020/1020/1020 999/999/999 1040/1040/1040
f 1021/1021/1021 1020/1020/1020 1040/1040/1040
f 1021/1021/1021 1040/1040/1040 1041/1041/1041
f 1001/1001/1001 1021/1021/1021 1022/1022/1022
f 1022/1022/1022 1021/1021/1021 1042/1042/1042
f 1023/1023/1023 1022/1022/1022 1042/1042/1042
f 1023/1023/1023 1042/1042/1042 1043/1043/1043
f 1003/1003/1003 1023/1023/1023 1024/1024/1024
f 1024/1024/1024 1023/1023/1023 1044/1044/1044
f 1004/1004/1004 1024/1024/1024 1025/1025/1025
f 1025/1025/1025 1024/1024/1024 1045/1045/1045
f 1026/1026/1026 1025/1025/1025 1045/1045/1045
f 1026/1026/1026 1045/1045/1045 1046/1046/1046
f 1006/1006/1006 1026/1026/1026 1027/1027/1027
f 1027/1027/1027 1026/1026/1026 1047/1047/1047
f 1007/1007/1007 1027/1027/1027 1048/1048/1048
f 1028/1028/1028 1007/1007/1007 1048/1048/1048
f 1028/1028/1028 1048/1048/1048 1049/1049/1049
f 986/986/986 1028/1028/1028 1050/1050/1050
f 1029/1029/1029 986/986/986 1050/1050/1050
f 1029/1029/1029 1050/1050/1050 1051/1051/1051
f 1030/1030/1030 1029/1029/1029 1051/1051/1051
f 1030/1030/1030 1051/1051/1051 1031/1031/1031
f 1031/1031/1031 1051/1051/1051 1052/1052/1052
f 1032/1032/1032 1031/1031/1031 1052/1052/1052
f 1032/1032/1032 1052/1052/1052 1053/1053/1053
f 1012/1012/1012 1032/1032/1032 1033/1033/1033
f 1033/1033/1033 1032/1032/1032 1054/1054/1054
f 1034/1034/1034 1033/1033/1033 1055/1055/1055
f 1013/1013/1013 1034/1034/1034 1056/1056/1056
f 1035/1035/1035 926/926/926 902/902/902
f 1035/1035/1035 902/902/902 858/858/858
f 1035/1035/1035 858/858/858 1057/1057/1057
f 1036/1036/1036 1016/1016/1016 1058/1058/1058
f 1037/1037/1037 1036/1036/1036 1059/1059/1059
f 1038/1038/1038 1018/1018/1018 1037/1037/1037
f 1038/1038/1038 1037/1037/1037 1039/1039/1039
f 1039/1039/1039 1037/1037/1037 1060/1060/1060
f 977/977/977 1039/1039/1039 978/978/978
f 978/978/978 1039/1039/1039 1060/1060/1060
f 978/978/978 1060/1060/1060 999/999/999
f 999/999/999 1060/1060/1060 1061/1061/1061
f 1021/1021/1021 1041/1041/1041 1042/1042/1042
f 1042/1042/1042 1041/1041/1041 1062/1062/1062
f 1043/1043/1043 1042/1042/1042 1062/1062/1062
f 1043/1043/1043 1062/1062/1062 1063/1063/1063
f 1023/1023/1023 1043/1043/1043 1064/1064/1064
f 1044/1044/1044 1023/1023/1023 1064/1064/1064
f 1044/1044/1044 1064/1064/1064 1065/1065/1065
f 1024/1024/1024 1044/1044/1044 1045/1045/1045
f 1045/1045/1045 1044/1044/1044 1066/1066/1066
f 1046/1046/1046 1045/1045/1045 1066/1066/1066
f 1046/1046/1046 1066/1066/1066 1067/1067/1067
f 1026/1026/1026 1046/1046/1046 1047/1047/1047
f 1047/1047/1047 1046/1046/1046 1068/1068/1068
f 1027/1027/1027 1047/1047/1047 1048/1048/1048
f 1048/1048/1048 1047/1047/1047 1069/1069/1069
f 1049/1049/1049 1048/1048/1048 1069/1069/1069
f 1049/1049/1049 1069/1069/1069 1070/1070/1070
f 1028/1028/1028 1049/1049/1049 1071/1071/1071
f 1050/1050/1050 1028/1028/1028 1072/1072/1072
f 1051/1051/1051 1050/1050/1050 1072/1072/1072
f 1051/1051/1051 1072/1072/1072 1052/1052/1052
f 1052/1052/1052 1072/1072/1072 1053/1053/1053
f 1053/1053/1053 1072/1072/1072 1073/1073/1073
f 1032/1032/1032 1053/1053/1053 1054/1054/1054
f 1054/1054/1054 1053/1053/1053 1074/1074/1074
f 1033/1033/1033 1054/1054/1054 1055/1055/1055
f 1055/1055/1055 1054/1054/1054 1074/1074/1074
f 1055/1055/1055 1074/1074/1074 1075/1075/1075
f 1034/1034/1034 1055/1055/1055 1076/1076/1076
f 1056/1056/1056 1034/1034/1034 1076/1076/1076
f 1056/1056/1056 1076/1076/1076 1077/1077/1077
f 1057/1057/1057 858/858/858 836/836/836
f 1036/1036/1036 1058/1058/1058 1059/1059/1059
f 1059/1059/1059 1058/1058/1058 1078/1078/1078
f 1037/1037/1037 1059/1059/1059 1079/1079/1079
f 999/999/999 1061/1061/1061 1040/1040/1040
f 1040/1040/1040 1061/1061/1061 1080/1080/1080
f 1062/1062/1062 1041/1041/1041 1081/1081/1081
f 1063/1063/1063 1062/1062/1062 1082/1082/1082
f 1043/1043/1043 1063/1063/1063 1064/1064/1064
f 1064/1064/1064 1063/1063/1063 1083/1083/1083
f 1065/1065/1065 1064/1064/1064 1083/1083/1083
f 1065/1065/1065 1083/1083/1083 1084/1084/1084
f 1044/1044/1044 1065/1065/1065 1066/1066/1066
f 1066/1066/1066 1065/1065/1065 1085/1085/1085
f 1067/1067/1067 1066/1066/1066 1085/1085/1085
f 1067/1067/1067 1085/1085/1085 1086/1086/1086
f 1046/1046/1046 1067/1067/1067 1068/1068/1068
f 1068/1068/1068 1067/1067/1067 1087/1087/1087
f 1047/1047/1047 1068/1068/1068 1069/1069/1069
f 1069/1069/1069 1068/1068/1068 1088/1088/1088
f 1070/1070/1070 1069/1069/1069 1088/1088/1088
f 1070/1070/1070 1088/1088/1088 1089/1089/1089
f 1049/1049/1049 1070/1070/1070 1071/1071/1071
f 1071/1071/1071 1070/1070/1070 1090/1090/1090
f 1028/1028/1028 1071/1071/1071 1091/1091/1091
f 1072/1072/1072 1028/1028/1028 1091/1091/1091
f 1072/1072/1072 1091/1091/1091 1073/1073/1073
f 1073/1073/1073 1091/1091/1091 1092/1092/1092
f 1053/1053/1053 1073/1073/1073 1074/1074/1074
f 1074/1074/1074 1073/1073/1073 1092/1092/1092
f 1074/1074/1074 1092/1092/1092 1075/1075/1075
f 1075/1075/1075 1092/1092/1092 1093/1093/1093
f 1055/1055/1055 1075/1075/1075 1076/1076/1076
f 1076/1076/1076 1075/1075/1075 1094/1094/1094
f 1077/1077/1077 1076/1076/1076 1094/1094/1094
f 1077/1077/1077 1094/1094/1094 1095/1095/1095
f 1056/1056/1056 1077/1077/1077 1096/1096/1096
f 1059/1059/1059 1078/1078/1078 1097/1097/1097
f 1079/1079/1079 1059/1059/1059 1097/1097/1097
f 1079/1079/1079 1097/1097/1097 1098/1098/1098
f 1040/1040/1040 1080/1080/1080 1041/1041/1041
f 1041/1041/1041 1080/1080/1080 1081/1081/1081
f 1062/1062/1062 1081/1081/1081 1082/1082/1082
f 1063/1063/1063 1082/1082/1082 1083/1083/1083
f 1083/1083/1083 1082/1082/1082 1099/1099/1099
f 1084/1084/1084 1083/1083/1083 1099/1099/1099
f 1084/1084/1084 1099/1099/1099 1100/1100/1100
f 1065/1065/1065 1084/1084/1084 1085/1085/1085
f 1085/1085/1085 1084/1084/1084 1101/1101/1101
f 1086/1086/1086 1085/1085/1085 1101/1101/1101
f 1086/1086/1086 1101/1101/1101 1102/1102/1102
f 1067/1067/1067 1086/1086/1086 1087/1087/1087
f 1087/1087/1087 1086/1086/1086 1103/1103/1103
f 1068/1068/1068 1087/1087/1087 1088/1088/1088
f 1088/1088/1088 1087/1087/1087 1104/1104/1104
f 1089/1089/1089 1088/1088/1088 1104/1104/1104
f 1089/1089/1089 1104/1104/1104 1105/1105/1105
f 1070/1070/1070 1089/1089/1089 1090/1090/1090
f 1090/1090/1090 1089/1089/1089 1106/1106/1106
f 1071/1071/1071 1090/1090/1090 1107/1107/1107
f 1092/1092/1092 1091/1091/1091 1093/1093/1093
f 1093/1093/1093 1091/1091/1091 1108/1108/1108
f 1075/1075/1075 1093/1093/1093 1094/1094/1094
f 1094/1094/1094 1093/1093/1093 1109/1109/1109
f 1095/1095/1095 1094/1094/1094 1109/1109/1109
f 1095/1095/1095 1109/1109/1109 1110/1110/1110
f 1077/1077/1077 1095/1095/1095 1111/1111/1111
f 1096/1096/1096 1077/1077/1077 1111/1111/1111
f 1096/1096/1096 1111/1111/1111 1112/1112/1112
f 1056/1056/1056 1096/1096/1096 1113/1113/1113
f 1097/1097/1097 1078/1078/1078 1114/1114/1114
f 1098/1098/1098 1097/1097/1097 1115/1115/1115
f 1084/1084/1084 1100/1100/1100 1101/1101/1101
f 1101/1101/1101 1100/1100/1100 1116/1116/1116
f 1102/1102/1102 1101/1101/1101 1116/1116/1116
f 1102/1102/1102 1116/1116/1116 1117/1117/1117
f 1086/1086/1086 1102/1102/1102 1103/1103/1103
f 1103/1103/1103 1102/1102/1102 1118/1118/1118
f 1087/1087/1087 1103/1103/1103 1104/1104/1104
f 1104/1104/1104 1103/1103/1103 1119/1119/1119
f 1105/1105/1105 1104/1104/1104 1119/1119/1119
f 1105/1105/1105 1119/1119/1119 1120/1120/1120
f 1089/1089/1089 1105/1105/1105 1106/1106/1106
f 1106/1106/1106 1105/1105/1105 1121/1121/1121
f 1090/1090/1090 1106/1106/1106 1122/1122/1122
f 1107/1107/1107 1090/1090/1090 1122/1122/1122
f 1107/1107/1107 1122/1122/1122 1123/1123/1123
f 1071/1071/1071 1107/1107/1107 1124/1124/1124
f 1093/1093/1093 1108/1108/1108 1109/1109/1109
f 1109/1109/1109 1108/1108/1108 1110/1110/1110
f 1110/1110/1110 1108/1108/1108 1125/1125/1125
f 1095/1095/1095 1110/1110/1110 1111/1111/1111
f 1111/1111/1111 1110/1110/1110 1126/1126/1126
f 1112/1112/1112 1111/1111/1111 1126/1126/1126
f 1112/1112/1112 1126/1126/1126 1127/1127/1127
f 1096/1096/1096 1112/1112/1112 1113/1113/1113
f 1113/1113/1113 1112/1112/1112 1128/1128/1128
f 1097/1097/1097 1114/1114/1114 1115/1115/1115
f 1115/1115/1115 1114/1114/1114 1129/1129/1129
f 1098/1098/1098 1115/1115/1115 1130/1130/1130
f 1102/1102/1102 1117/1117/1117 1118/1118/1118
f 1118/1118/1118 1117/1117/1117 1131/1131/1131
f 1103/1103/1103 1118/1118/1118 1119/1119/1119
f 1119/1119/1119 1118/1118/1118 1132/1132/1132
f 1120/1120/1120 1119/1119/1119 1132/1132/1132
f 1120/1120/1120 1132/1132/1132 1133/1133/1133
f 1105/1105/1105 1120/1120/1120 1121/1121/1121
f 1121/1121/1121 1120/1120/1120 1134/1134/1134
f 1106/1106/1106 1121/1121/1121 1122/1122/1122
f 1122/1122/1122 1121/1121/1121 1135/1135/1135
f 1123/1123/1123 1122/1122/1122 1135/1135/1135
f 1123/1123/1123 1135/1135/1135 1136/1136/1136
f 1107/1107/1107 1123/1123/1123 1124/1124/1124
f 1124/1124/1124 1123/1123/1123 1137/1137/1137
f 1125/1125/1125 1108/1108/1108 1138/1138/1138
f 1110/1110/1110 1125/1125/1125 1126/1126/1126
f 1126/1126/1126 1125/1125/1125 1139/1139/1139
f 1127/1127/1127 1126/1126/1126 1139/1139/1139
f 1127/1127/1127 1139/1139/1139 1140/1140/1140
f 1112/1112/1112 1127/1127/1127 1128/1128/1128
f 1128/1128/1128 1127/1127/1127 1141/1141/1141
f 1115/1115/1115 1129/1129/1129 1142/1142/1142
f 1130/1130/1130 1115/1115/1115 1142/1142/1142
f 1130/1130/1130 1142/1142/1142 1143/1143/1143
f 1118/1118/1118 1131/1131/1131 1132/1132/1132
f 1132/1132/1132 1131/1131/1131 1144/1144/1144
f 1133/1133/1133 1132/1132/1132 1144/1144/1144
f 1133/1133/1133 1144/1144/1144 1145/1145/1145
f 1120/1120/1120 1133/1133/1133 1134/1134/1134
f 1134/1134/1134 1133/1133/1133 1146/1146/1146
f 1121/1121/1121 1134/1134/1134 1135/1135/1135
f 1135/1135/1135 1134/1134/1134 1136/1136/1136
f 1136/1136/1136 1134/1134/1134 1147/1147/1147
f 1123/1123/1123 1136/1136/1136 1137/1137/1137
f 1137/1137/1137 1136/1136/1136 1148/1148/1148
f 1125/1125/1125 1138/1138/1138 1139/1139/1139
f 1139/1139/1139 1138/1138/1138 1140/1140/1140
f 1140/1140/1140 1138/1138/1138 1149/1149/1149
f 1127/1127/1127 1140/1140/1140 1141/1141/1141
f 1141/1141/1141 1140/1140/1140 1150/1150/1150
f 1128/1128/1128 1141/1141/1141 1151/1151/1151
f 1142/1142/1142 1129/1129/1129 1152/1152/1152
f 1143/1143/1143 1142/1142/1142 1153/1153/1153
f 1133/1133/1133 1145/1145/1145 1146/1146/1146
f 1146/1146/1146 1145/1145/1145 1154/1154/1154
f 1134/1134/1134 1146/1146/1146 1147/1147/1147
f 1147/1147/1147 1146/1146/1146 1155/1155/1155
f 1136/1136/1136 1147/1147/1147 1148/1148/1148
f 1148/1148/1148 1147/1147/1147 1156/1156/1156
f 1137/1137/1137 1148/1148/1148 1157/1157/1157
f 1140/1140/1140 1149/1149/1149 1150/1150/1150
f 1150/1150/1150 1149/1149/1149 1158/1158/1158
f 1141/1141/1141 1150/1150/1150 1159/1159/1159
f 1151/1151/1151 1141/1141/1141 1159/1159/1159
f 1151/1151/1151 1159/1159/1159 1160/1160/1160
f 1142/1142/1142 1152/1152/1152 1153/1153/1153
f 1153/1153/1153 1152/1152/1152 1161/1161/1161
f 1143/1143/1143 1153/1153/1153 1162/1162/1162
f 1146/1146/1146 1154/1154/1154 1155/1155/1155
f 1155/1155/1155 1154/1154/1154 1163/1163/1163
f 1147/1147/1147 1155/1155/1155 1156/1156/1156
f 1148/1148/1148 1156/1156/1156 1164/1164/1164
f 1157/1157/1157 1148/1148/1148 1164/1164/1164
f 1157/1157/1157 1164/1164/1164 1165/1165/1165
f 1150/1150/1150 1158/1158/1158 1159/1159/1159
f 1159/1159/1159 1158/1158/1158 1166/1166/1166
f 1160/1160/1160 1159/1159/1159 1166/1166/1166
f 1160/1160/1160 1166/1166/1166 1167/1167/1167
f 1153/1153/1153 1161/1161/1161 1168/1168/1168
f 1162/1162/1162 1153/1153/1153 1168/1168/1168
f 1162/1162/1162 1168/1168/1168 1169/1169/1169
f 1155/1155/1155 1163/1163/1163 1170/1170/1170
f 1166/1166/1166 1158/1158/1158 1171/1171/1171
f 1167/1167/1167 1166/1166/1166 1171/1171/1171
f 1168/1168/1168 1161/1161/1161 1172/1172/1172
f 1169/1169/1169 1168/1168/1168 1173/1173/1173
f 1168/1168/1168 1172/1172/1172 1173/1173/1173
f 1173/1173/1173 1172/1172/1172 1174/1174/1174
f 1169/1169/1169 1173/1173/1173 1175/1175/1175
f 1173/1173/1173 1174/1174/1174 1177/1176/1176
f 1175/1175/1175 1173/1173/1173 1177/1176/1176
f 1175/1175/1175 1177/1176/1176 1178/1177/1177
f 1177/1176/1176 1174/1174/1174 1180/1178/1178
f 1178/1177/1177 1177/1176/1176 1181/1179/1179
f 1176/1180/1180 1179/1181/1181 1183/1182/1182
f 1177/1176/1176 1180/1178/1178 1181/1179/1179
f 1181/1179/1179 1180/1178/1178 1184/1183/1183
f 1178/1177/1177 1181/1179/1179 1185/1184/1184
f 1179/1181/1181 1182/1185/1185 1187/1186/1186
f 1183/1182/1182 1179/1181/1181 1187/1186/1186
f 1183/1182/1182 1187/1186/1186 1188/1187/1187
f 1176/1180/1180 1183/1182/1182 1189/1188/1188
f 1181/1179/1179 1184/1183/1183 1190/1189/1189
f 1185/1184/1184 1181/1179/1179 1190/1189/1189
f 1185/1184/1184 1190/1189/1189 1186/1190/1190
f 1188/1187/1187 1187/1186/1186 1192/1191/1191
f 1183/1182/1182 1188/1187/1187 1193/1192/1192
f 1189/1188/1188 1183/1182/1182 1194/1193/1193
f 1190/1189/1189 1184/1183/1183 1195/1194/1194
f 1186/1190/1190 1190/1189/1189 1196/1195/1195
f 1191/1196/1196 1186/1190/1190 1196/1195/1195
f 1188/1187/1187 1192/1191/1191 1197/1197/1197
f 1193/1192/1192 1188/1187/1187 1197/1197/1197
f 1193/1192/1192 1197/1197/1197 1198/1198/1198
f 1183/1182/1182 1193/1192/1192 1194/1193/1193
f 1194/1193/1193 1193/1192/1192 1199/1199/1199
f 1195/1194/1194 1184/1183/1183 1200/1200/1200
f 1190/1189/1189 1195/1194/1194 1196/1195/1195
f 1196/1195/1195 1195/1194/1194 1201/1201/1201
f 1197/1197/1197 1192/1191/1191 1202/1202/1202
f 1198/1198/1198 1197/1197/1197 1203/1203/1203
f 1193/1192/1192 1198/1198/1198 1204/1204/1204
f 1199/1199/1199 1193/1192/1192 1204/1204/1204
f 1199/1199/1199 1204/1204/1204 1205/1205/1205
f 1194/1193/1193 1199/1199/1199 1206/1206/1206
f 1200/1200/1200 1184/1183/1183 1207/1207/1207
f 1195/1194/1194 1200/1200/1200 1208/1208/1208
f 1201/1201/1201 1195/1194/1194 1209/1209/1209
f 1202/1202/1202 1192/1191/1191 1210/1210/1210
f 1202/1202/1202 1210/1210/1210 1203/1203/1203
f 1203/1203/1203 1197/1197/1197 1202/1202/1202
f 1198/1198/1198 1203/1203/1203 1211/1211/1211
f 1204/1204/1204 1198/1198/1198 1212/1212/1212
f 1205/1205/1205 1204/1204/1204 1212/1212/1212
f 1205/1205/1205 1212/1212/1212 1213/1213/1213
f 1199/1199/1199 1205/1205/1205 1214/1214/1214
f 1206/1206/1206 1199/1199/1199 1214/1214/1214
f 1206/1206/1206 1214/1214/1214 1215/1215/1215
f 1208/1208/1208 1200/1200/1200 1216/1216/1216
f 1195/1194/1194 1208/1208/1208 1209/1209/1209
f 1203/1203/1203 1210/1210/1210 1218/1217/1217
f 1211/1211/1211 1203/1203/1203 1219/1218/1218
f 1198/1198/1198 1211/1211/1211 1220/1219/1219
f 1212/1212/1212 1198/1198/1198 1220/1219/1219
f 1212/1212/1212 1220/1219/1219 1221/1220/1220
f 1213/1213/1213 1212/1212/1212 1221/1220/1220
f 1213/1213/1213 1221/1220/1220 1222/1221/1221
f 1205/1205/1205 1213/1213/1213 1223/1222/1222
f 1214/1214/1214 1205/1205/1205 1223/1222/1222
f 1214/1214/1214 1223/1222/1222 1224/1223/1223
f 1215/1215/1215 1214/1214/1214 1224/1223/1223
f 1215/1215/1215 1224/1223/1223 1225/1224/1224
f 1210/1210/1210 1217/1225/1225 1218/1217/1217
f 1218/1217/1217 1217/1225/1225 1226/1226/1226
f 1203/1203/1203 1218/1217/1217 1219/1218/1218
f 1219/1218/1218 1218/1217/1217 1226/1226/1226
f 1219/1218/1218 1226/1226/1226 1227/1227/1227
f 1211/1211/1211 1219/1218/1218 1228/1228/1228
f 1220/1219/1219 1211/1211/1211 1229/1229/1229
f 1221/1220/1220 1220/1219/1219 1230/1230/1230
f 1222/1221/1221 1221/1220/1220 1231/1231/1231
f 1213/1213/1213 1222/1221/1221 1232/1232/1232
f 1223/1222/1222 1213/1213/1213 1232/1232/1232
f 1223/1222/1222 1232/1232/1232 1224/1223/1223
f 1224/1223/1223 1232/1232/1232 1233/1233/1233
f 1225/1224/1224 1224/1223/1223 269/269/269
f 1219/1218/1218 1227/1227/1227 1234/1234/1234
f 1228/1228/1228 1219/1218/1218 1234/1234/1234
f 1228/1228/1228 1234/1234/1234 1235/1235/1235
f 1211/1211/1211 1228/1228/1228 1229/1229/1229
f 1229/1229/1229 1228/1228/1228 1236/1236/1236
f 1220/1219/1219 1229/1229/1229 1230/1230/1230
f 1230/1230/1230 1229/1229/1229 1237/1237/1237
f 1221/1220/1220 1230/1230/1230 1231/1231/1231
f 1231/1231/1231 1230/1230/1230 1237/1237/1237
f 1231/1231/1231 1237/1237/1237 1238/1238/1238
f 1222/1221/1221 1231/1231/1231 1239/1239/1239
f 1232/1232/1232 1222/1221/1221 1239/1239/1239
f 1232/1232/1232 1239/1239/1239 1233/1233/1233
f 269/269/269 1224/1223/1223 1233/1233/1233
f 1225/1224/1224 269/269/269 261/261/261
f 1234/1234/1234 1227/1227/1227 1241/1240/1240
f 1235/1235/1235 1234/1234/1234 1242/1241/1241
f 1228/1228/1228 1235/1235/1235 1236/1236/1236
f 1236/1236/1236 1235/1235/1235 1243/1242/1242
f 1229/1229/1229 1236/1236/1236 1237/1237/1237
f 1237/1237/1237 1236/1236/1236 1238/1238/1238
f 1238/1238/1238 1236/1236/1236 1244/1243/1243
f 1231/1231/1231 1238/1238/1238 1239/1239/1239
f 1227/1227/1227 1240/1244/1244 1241/1240/1240
f 1234/1234/1234 1241/1240/1240 1242/1241/1241
f 1242/1241/1241 1241/1240/1240 1245/1245/1245
f 1235/1235/1235 1242/1241/1241 1246/1246/1246
f 1243/1242/1242 1235/1235/1235 1247/1247/1247
f 1236/1236/1236 1243/1242/1242 1244/1243/1243
f 1244/1243/1243 1243/1242/1242 1248/1248/1248
f 1238/1238/1238 1244/1243/1243 1248/1248/1248
f 1242/1241/1241 1245/1245/1245 1249/1249/1249
f 1246/1246/1246 1242/1241/1241 1249/1249/1249
f 1246/1246/1246 1249/1249/1249 1250/1250/1250
f 1235/1235/1235 1246/1246/1246 1251/1251/1251
f 1247/1247/1247 1235/1235/1235 1251/1251/1251
f 1247/1247/1247 1251/1251/1251 1252/1252/1252
f 1243/1242/1242 1247/1247/1247 1248/1248/1248
f 1248/1248/1248 1247/1247/1247 1253/1253/1253
f 1249/1249/1249 1245/1245/1245 1254/1254/1254
f 1249/1249/1249 1254/1254/1254 1250/1250/1250
f 1250/1250/1250 1254/1254/1254 1255/1255/1255
f 1246/1246/1246 1250/1250/1250 1256/1256/1256
f 1251/1251/1251 1246/1246/1246 1256/1256/1256
f 1251/1251/1251 1256/1256/1256 1252/1252/1252
f 1247/1247/1247 1252/1252/1252 1253/1253/1253
f 1256/1256/1256 1250/1250/1250 1257/1257/1257
