# Blender v2.79 (sub 0) OBJ File: ''
# www.blender.org
mtllib 2.mtl
o 2
v -0.155472 0.332349 0.073358
v -0.084749 0.355934 0.081968
v -0.106831 0.345649 0.073419
v -0.101721 0.329777 0.079639
v -0.104599 0.338582 0.073992
v -0.131045 0.335983 0.066326
v -0.126596 0.321249 0.066719
v -0.153835 0.325123 0.068352
v -0.081691 0.349003 0.082707
v -0.122811 0.311467 0.073771
v -0.129020 0.329105 0.064150
v -0.150912 0.317683 0.062055
v -0.057938 0.350755 0.089913
v -0.079395 0.340677 0.083992
v -0.098166 0.318605 0.089712
v -0.119403 0.302963 0.078212
v -0.149307 0.311045 0.059792
v -0.076430 0.331741 0.090449
v -0.072852 0.319458 0.103741
v -0.147272 0.303960 0.058313
v -0.144519 0.297008 0.057231
v -0.055365 0.342545 0.091128
v -0.052869 0.334505 0.094817
v -0.049431 0.323497 0.106200
v -0.095114 0.309643 0.095296
v -0.116236 0.295273 0.080247
v -0.141630 0.289562 0.056586
v -0.030646 0.345511 0.100295
v -0.027611 0.336348 0.101099
v -0.070004 0.309961 0.110743
v -0.092320 0.301725 0.097933
v -0.113298 0.288193 0.079890
v -0.138589 0.282180 0.056293
v -0.024842 0.328677 0.103279
v -0.046257 0.312461 0.117427
v -0.067445 0.301784 0.114261
v -0.089800 0.295046 0.097286
v -0.110728 0.281618 0.076983
v -0.000600 0.334798 0.101231
v -0.022116 0.320641 0.106764
v -0.043525 0.303341 0.123883
v -0.064991 0.294525 0.115581
v -0.087653 0.289444 0.091305
v -0.085580 0.284719 0.079983
v 0.002334 0.327085 0.102193
v -0.019171 0.311142 0.113882
v -0.016414 0.301679 0.122344
v -0.040903 0.295204 0.127964
v -0.062478 0.287940 0.114734
v -0.108453 0.275702 0.071196
v 0.005033 0.320048 0.102648
v 0.007872 0.312662 0.102643
v -0.013701 0.292929 0.128785
v -0.038315 0.287720 0.130700
v 0.010902 0.305606 0.103757
v 0.013318 0.297081 0.105418
v -0.011094 0.284962 0.133078
v -0.035695 0.280598 0.132434
v 0.015856 0.290199 0.107709
v 0.018541 0.282709 0.109097
v -0.008585 0.277493 0.136171
v 0.021006 0.275448 0.110944
v -0.033067 0.273652 0.133320
v -0.027819 0.260247 0.133807
v -0.006121 0.270293 0.138371
v -0.030436 0.266841 0.133663
v -0.025264 0.253735 0.133779
v 0.023401 0.268271 0.112668
v -0.003672 0.263283 0.139993
v -0.022861 0.247222 0.134132
v 0.025778 0.261034 0.114461
v -0.001233 0.256478 0.141114
v 0.001197 0.249920 0.141832
v 0.028132 0.254375 0.114534
v -0.020399 0.240793 0.134745
v 0.003663 0.243534 0.142272
v -0.017746 0.234222 0.136312
v -0.147596 0.181234 0.033646
v 0.030712 0.248206 0.113275
v 0.006127 0.237242 0.142464
v -0.015077 0.227705 0.137671
v -0.028012 0.197430 0.100177
v -0.112520 0.156955 0.018228
v -0.139026 0.152441 0.024590
v 0.033335 0.241702 0.111420
v 0.008599 0.230968 0.142393
v -0.012574 0.221386 0.138823
v -0.084515 0.155864 0.000071
v -0.080839 0.145855 0.019366
v -0.108153 0.146037 0.041788
v -0.134171 0.142634 0.041843
v 0.036199 0.235863 0.108947
v 0.011050 0.224716 0.141969
v -0.010108 0.215034 0.139730
v -0.077263 0.137078 0.030773
v -0.129230 0.133855 0.054261
v -0.158464 0.132413 0.034341
v 0.013531 0.218500 0.141241
v -0.007585 0.208575 0.140318
v -0.048642 0.129369 0.004965
v -0.104171 0.137485 0.052661
v -0.100509 0.129145 0.060892
v 0.039376 0.230130 0.106140
v 0.016088 0.212389 0.140174
v -0.005043 0.202116 0.140574
v -0.051941 0.138007 -0.006755
v -0.045471 0.120345 0.017820
v -0.073852 0.128515 0.041043
v -0.070703 0.120239 0.049825
v -0.097214 0.121255 0.066808
v -0.169040 0.107847 0.090834
v 0.042011 0.223890 0.104150
v 0.018671 0.206276 0.138782
v -0.002481 0.195756 0.140590
v -0.026991 0.142821 -0.016607
v -0.042519 0.111745 0.032767
v -0.067669 0.112403 0.056198
v -0.093929 0.113935 0.071383
v 0.021303 0.200258 0.137024
v 0.000137 0.189479 0.140324
v -0.055336 0.147430 -0.022779
v -0.038996 0.101820 0.065511
v -0.064875 0.104980 0.061343
v -0.185121 0.084120 0.091479
v -0.087951 0.164824 -0.015353
v 0.046864 0.211125 0.102699
v 0.024031 0.194375 0.134796
v 0.002823 0.183256 0.139756
v -0.062120 0.097598 0.068898
v -0.162648 0.099036 0.114594
v 0.049626 0.205147 0.098401
v 0.026904 0.188671 0.131863
v -0.015884 0.169496 0.120861
v -0.058784 0.155639 -0.031528
v -0.058241 0.089161 0.084844
v -0.142818 0.116129 0.115578
v -0.180133 0.076457 0.105466
v 0.033032 0.177490 0.123470
v 0.029868 0.183090 0.128270
v 0.005491 0.177149 0.138876
v -0.013191 0.162705 0.125348
v -0.010450 0.155970 0.127674
v -0.018888 0.176647 0.115126
v -0.035369 0.092612 0.084315
v -0.137524 0.107151 0.135763
v -0.174383 0.068816 0.122348
v 0.038364 0.166949 0.110034
v 0.036087 0.172003 0.117495
v 0.013450 0.159026 0.133736
v 0.008184 0.171090 0.137645
v -0.021935 0.183336 0.111764
v -0.031792 0.084398 0.100816
v -0.119754 0.119847 0.114562
v -0.156151 0.090825 0.134623
v -0.169447 0.061542 0.134066
v -0.193080 0.038489 0.091251
v 0.021340 0.140879 0.123541
v 0.016041 0.152955 0.130884
v -0.004886 0.143030 0.128791
v 0.010835 0.165048 0.135944
v -0.007672 0.149451 0.128544
v -0.024504 0.189901 0.110008
v -0.021111 0.121895 0.109788
v -0.053439 0.080573 0.113567
v -0.114355 0.111099 0.135062
v -0.133719 0.099790 0.145697
v -0.152318 0.083799 0.144367
v -0.183866 0.024747 0.111453
v -0.188593 0.031445 0.099387
v 0.024001 0.134944 0.119563
v 0.018703 0.146862 0.127364
v 0.000340 0.130361 0.127989
v -0.002286 0.136691 0.128576
v -0.018166 0.114942 0.115419
v -0.087066 0.102347 0.125307
v -0.110382 0.103580 0.145190
v -0.130071 0.092718 0.153245
v -0.148517 0.077058 0.151798
v -0.179055 0.018304 0.121624
v 0.026741 0.129195 0.115598
v 0.005489 0.117757 0.126371
v 0.002925 0.124098 0.127211
v -0.015664 0.108041 0.118829
v -0.082900 0.095346 0.139323
v -0.107042 0.096495 0.152803
v -0.126700 0.085942 0.159679
v -0.165361 0.054594 0.142413
v -0.161461 0.047812 0.149314
v 0.008037 0.111353 0.125629
v -0.013018 0.101194 0.121353
v -0.010463 0.094316 0.123270
v -0.079716 0.088217 0.148692
v -0.103882 0.089693 0.159228
v -0.144837 0.070433 0.157981
v -0.141291 0.063846 0.163603
v -0.174942 0.012121 0.128581
v 0.010611 0.104873 0.125335
v -0.008000 0.087506 0.124574
v -0.076891 0.081080 0.157467
v -0.123457 0.079393 0.165408
v -0.120247 0.072938 0.170770
v -0.157729 0.041191 0.155121
v -0.171277 0.005842 0.133854
v 0.029534 0.123381 0.111455
v 0.013212 0.098426 0.125355
v -0.100842 0.083051 0.165215
v -0.097876 0.076489 0.171104
v -0.137914 0.057254 0.168837
v -0.154223 0.034694 0.159966
v -0.150931 0.028342 0.164058
v 0.032402 0.117603 0.107540
v 0.015783 0.092041 0.125438
v -0.074037 0.074492 0.164962
v -0.117112 0.066523 0.175933
v -0.134695 0.050697 0.173700
v -0.131600 0.044227 0.178306
v -0.168052 -0.000460 0.137737
v 0.035070 0.111253 0.104669
v 0.037914 0.104606 0.102687
v 0.018347 0.085529 0.125390
v -0.094933 0.069970 0.177000
v -0.114040 0.060122 0.181068
v -0.110976 0.053747 0.186223
v -0.147841 0.022153 0.167494
v -0.164938 -0.006685 0.140744
v 0.109202 0.158250 -0.008464
v 0.040683 0.097923 0.101063
v -0.071523 0.067712 0.173797
v -0.092040 0.063546 0.183142
v -0.088993 0.056985 0.190830
v -0.128586 0.037874 0.182655
v -0.144892 0.016088 0.170425
v -0.142031 0.010080 0.172908
v 0.138451 0.147915 -0.002506
v 0.110910 0.149874 -0.000152
v 0.079413 0.160114 -0.006279
v 0.042987 0.090743 0.099993
v -0.065761 0.059593 0.207405
v -0.085530 0.050283 0.201145
v -0.107933 0.047411 0.191461
v -0.125614 0.031582 0.186652
v -0.122681 0.025432 0.190161
v -0.119789 0.019436 0.193203
v -0.161827 -0.012865 0.143291
v 0.138810 0.137613 0.019136
v 0.112626 0.141599 0.007159
v 0.081664 0.151808 0.001126
v 0.055165 0.147465 -0.002299
v 0.046385 0.076752 0.102157
v -0.046269 0.069157 0.210669
v -0.082152 0.044073 0.209235
v -0.104964 0.041142 0.196651
v -0.101977 0.034898 0.201517
v -0.099018 0.028750 0.205791
v -0.139203 0.004028 0.175028
v -0.158794 -0.018991 0.145465
v 0.164378 0.141850 0.033390
v 0.114096 0.133659 0.013972
v 0.083911 0.143682 0.007598
v 0.057947 0.139343 0.004737
v 0.052390 0.155720 -0.010241
v 0.045283 0.083808 0.097942
v 0.046996 0.067886 0.145840
v -0.062801 0.053186 0.216619
v -0.079144 0.038063 0.214910
v -0.096193 0.022779 0.209309
v -0.116950 0.013578 0.195789
v -0.136459 -0.002051 0.176753
v -0.155865 -0.025173 0.147208
v 0.114233 0.123569 0.037549
v 0.086210 0.135721 0.013345
v 0.060611 0.131433 0.010894
v 0.077155 0.168515 -0.014483
v 0.070541 0.089655 0.068179
v -0.043655 0.062565 0.220640
v -0.060135 0.047288 0.222310
v -0.076393 0.032165 0.219104
v -0.114229 0.007698 0.197918
v -0.133775 -0.008095 0.178095
v -0.131123 -0.014069 0.179087
v 0.163293 0.130576 0.060793
v 0.088430 0.127847 0.018817
v 0.063146 0.123578 0.016424
v 0.049793 0.163922 -0.018491
v 0.107262 0.166713 -0.017556
v -0.025062 0.072885 0.214429
v -0.041130 0.056477 0.226575
v -0.057428 0.041468 0.226647
v -0.093462 0.017006 0.212127
v -0.111584 0.001776 0.199568
v -0.108992 -0.004144 0.200757
v -0.153066 -0.031410 0.148611
v 0.137265 0.124867 0.065393
v 0.090365 0.120011 0.024513
v 0.065608 0.115679 0.021479
v 0.074676 0.177591 -0.025702
v 0.104793 0.174368 -0.022857
v -0.022651 0.065849 0.225169
v -0.020292 0.059733 0.230737
v -0.038573 0.050524 0.231016
v -0.073812 0.026320 0.222421
v -0.090818 0.011361 0.214330
v -0.088275 0.005676 0.216033
v -0.128546 -0.020042 0.179767
v -0.150311 -0.037687 0.149768
v 0.193804 0.130248 0.044839
v 0.162542 0.120676 0.081791
v 0.091999 0.111775 0.032681
v 0.068217 0.107610 0.026996
v 0.047518 0.172849 -0.028344
v 0.099776 0.188837 -0.025450
v 0.129749 0.178186 -0.014492
v 0.132750 0.171610 -0.015050
v -0.001772 0.069955 0.220716
v 0.000553 0.063343 0.227823
v -0.017918 0.053747 0.234640
v -0.054795 0.035655 0.230119
v -0.071338 0.020565 0.224984
v -0.068895 0.014946 0.226940
v -0.106431 -0.009960 0.201551
v -0.126009 -0.026108 0.180232
v -0.147646 -0.043944 0.150620
v 0.195230 0.121868 0.053726
v 0.195676 0.113241 0.066940
v 0.195818 0.105052 0.079383
v 0.137332 0.115830 0.084612
v 0.093197 0.102547 0.054088
v 0.070471 0.099600 0.034767
v 0.158799 0.166446 0.010613
v 0.135085 0.163690 -0.014444
v -0.004179 0.077205 0.204573
v 0.021553 0.067918 0.214838
v 0.002851 0.057230 0.232319
v -0.036056 0.044716 0.234481
v -0.052271 0.029850 0.232831
v -0.049834 0.024072 0.234826
v -0.085860 -0.000088 0.217232
v -0.083496 -0.005835 0.218027
v -0.103964 -0.015726 0.201996
v -0.123524 -0.032263 0.180545
v 0.229312 0.113024 0.043948
v 0.233044 0.097486 0.052150
v 0.163168 0.112539 0.093086
v 0.137945 0.107551 0.098276
v 0.114590 0.113143 0.065262
v 0.137184 0.156052 -0.009712
v 0.018935 0.074776 0.200087
v 0.023753 0.061463 0.221055
v 0.025829 0.055457 0.224792
v -0.015536 0.047999 0.237574
v -0.033660 0.038974 0.237204
v -0.031329 0.033239 0.239266
v -0.029026 0.027510 0.240772
v -0.066466 0.009356 0.228401
v -0.064076 0.003689 0.229412
v -0.061711 -0.002002 0.230021
v -0.081165 -0.011527 0.218466
v -0.101597 -0.021580 0.202159
v -0.099299 -0.027559 0.202108
v -0.145026 -0.050126 0.151253
v 0.231121 0.105209 0.048458
v 0.196811 0.097365 0.087871
v 0.164303 0.104977 0.101406
v 0.115060 0.104405 0.084227
v 0.092476 0.092701 0.093652
v 0.051454 0.054289 0.194407
v 0.053246 0.048006 0.201874
v 0.005164 0.051471 0.235319
v -0.013251 0.042339 0.239811
v -0.010999 0.036698 0.241495
v -0.008744 0.031028 0.242664
v -0.047452 0.018390 0.236278
v -0.045121 0.012833 0.237312
v -0.042887 0.007217 0.238009
v -0.059396 -0.007675 0.230306
v -0.078858 -0.017275 0.218554
v -0.076576 -0.023156 0.218315
v -0.121130 -0.038444 0.180693
v -0.118754 -0.044514 0.180631
v 0.165749 0.097790 0.108358
v 0.139054 0.100084 0.107839
v 0.115939 0.096296 0.103116
v 0.049356 0.060376 0.184824
v 0.028099 0.049703 0.227236
v 0.007447 0.045852 0.237400
v 0.009698 0.040233 0.238874
v 0.011923 0.034498 0.239802
v -0.026745 0.021833 0.241818
v -0.024493 0.016319 0.242498
v -0.022308 0.010837 0.242878
v -0.040661 0.001533 0.238383
v -0.038446 -0.004105 0.238437
v -0.057117 -0.013353 0.230269
v -0.054843 -0.019159 0.229886
v -0.097023 -0.033600 0.201863
v -0.094705 -0.039554 0.201414
v -0.142429 -0.056272 0.151783
v 0.198385 0.090053 0.093538
v 0.140412 0.093178 0.115776
v 0.142576 0.086347 0.124367
v 0.068105 0.070358 0.188233
v 0.069982 0.063976 0.195598
v 0.055163 0.041934 0.206397
v 0.030439 0.043904 0.228933
v 0.032806 0.038075 0.229988
v -0.006478 0.025333 0.243385
v -0.004199 0.019678 0.243743
v -0.001914 0.014141 0.243760
v -0.020167 0.005234 0.242948
v -0.017988 -0.000469 0.242678
v -0.036212 -0.009675 0.238176
v -0.033974 -0.015306 0.237597
v -0.074295 -0.029154 0.217787
v -0.071993 -0.035134 0.216981
v -0.116384 -0.050532 0.180357
v -0.139825 -0.062482 0.152122
v 0.167313 0.090779 0.114409
v 0.168858 0.083865 0.120237
v 0.067075 0.077389 0.174816
v 0.071885 0.057692 0.200621
v 0.073932 0.051535 0.204497
v 0.057304 0.035977 0.208912
v 0.014140 0.028693 0.240260
v 0.016383 0.022903 0.240350
v 0.018643 0.017291 0.240050
v 0.000349 0.008562 0.243481
v 0.002596 0.002900 0.242876
v -0.015756 -0.006110 0.242100
v -0.013518 -0.011726 0.241202
v -0.052586 -0.025113 0.229194
v -0.050316 -0.031106 0.228202
v -0.092334 -0.045446 0.200767
v -0.114001 -0.056576 0.179956
v -0.137293 -0.068772 0.152279
v 0.200057 0.082986 0.097636
v 0.202032 0.076217 0.100612
v 0.170267 0.077037 0.126704
v 0.087930 0.080374 0.185542
v 0.089154 0.073759 0.194079
v 0.090846 0.067307 0.199846
v 0.092752 0.061119 0.204008
v 0.075999 0.045520 0.207578
v 0.078089 0.039553 0.210036
v 0.035163 0.032222 0.230464
v 0.037463 0.026405 0.230502
v 0.039749 0.020693 0.230005
v 0.020895 0.011825 0.239414
v 0.023136 0.006291 0.238434
v 0.004883 -0.002768 0.241936
v 0.007198 -0.008362 0.240638
v -0.031745 -0.021072 0.236724
v -0.029499 -0.026971 0.235567
v -0.069662 -0.041020 0.215927
v -0.089965 -0.051403 0.199961
v -0.111610 -0.062701 0.179444
v -0.134831 -0.075118 0.152334
v 0.204322 0.069566 0.102364
v 0.171583 0.070138 0.135820
v 0.111011 0.077596 0.191009
v 0.112658 0.071133 0.197116
v 0.114531 0.064957 0.201290
v 0.094802 0.055093 0.207207
v 0.096906 0.049137 0.209618
v 0.099080 0.043237 0.211470
v 0.059572 0.029983 0.210193
v 0.061912 0.024053 0.210711
v 0.042075 0.015099 0.228926
v 0.025460 0.000567 0.237042
v 0.009562 -0.014027 0.238948
v -0.011250 -0.017396 0.239971
v -0.008949 -0.023236 0.238458
v -0.048037 -0.036980 0.226952
v -0.067352 -0.046907 0.214693
v -0.087623 -0.057427 0.199006
v -0.109242 -0.068879 0.178846
v -0.132409 -0.081391 0.152251
v 0.109846 0.084718 0.181442
v 0.137899 0.069276 0.187021
v 0.139569 0.062922 0.191461
v 0.116525 0.058965 0.204264
v 0.118587 0.053011 0.206317
v 0.120732 0.046996 0.207753
v 0.080221 0.033577 0.211888
v 0.082421 0.027637 0.213211
v 0.064346 0.018237 0.210808
v 0.044466 0.009460 0.227346
v 0.027879 -0.005224 0.235163
v 0.011956 -0.019837 0.236843
v -0.027213 -0.032835 0.234142
v -0.045815 -0.042800 0.225467
v -0.065077 -0.052856 0.213322
v -0.085323 -0.063499 0.197888
v -0.106932 -0.075065 0.178132
v -0.130015 -0.087616 0.152147
v 0.136456 0.075911 0.179885
v 0.171494 0.055779 0.161821
v 0.141570 0.056839 0.194144
v 0.143621 0.050789 0.195793
v 0.101266 0.037325 0.212930
v 0.103484 0.031362 0.213970
v 0.084698 0.021798 0.214112
v 0.066778 0.012501 0.210913
v 0.046893 0.003636 0.225272
v 0.030334 -0.010949 0.232765
v -0.006638 -0.029088 0.236661
v -0.024963 -0.038684 0.232460
v -0.043607 -0.048654 0.223851
v -0.062845 -0.058835 0.211804
v -0.083064 -0.069609 0.196619
v -0.104657 -0.081227 0.177298
v -0.127642 -0.093819 0.151991
v 0.171087 0.062659 0.151979
v 0.173251 0.049489 0.165234
v 0.122880 0.041044 0.208750
v 0.125073 0.035075 0.209306
v 0.105711 0.025417 0.214623
v 0.087056 0.016086 0.214672
v 0.069058 0.006712 0.210958
v 0.049327 -0.002298 0.222680
v 0.014329 -0.025793 0.234330
v -0.004331 -0.034950 0.234550
v -0.022735 -0.044587 0.230559
v -0.041400 -0.054565 0.222137
v -0.060628 -0.064825 0.210177
v -0.080874 -0.075725 0.195185
v -0.102365 -0.087394 0.176371
v -0.125225 -0.100050 0.151779
v 0.175392 0.043294 0.166870
v 0.145772 0.044805 0.196682
v 0.148030 0.038824 0.196927
v 0.127313 0.029093 0.209430
v 0.107988 0.019566 0.214922
v 0.089429 0.010421 0.214913
v 0.071342 0.000857 0.210859
v 0.032804 -0.016734 0.229857
v 0.016681 -0.031761 0.231437
v -0.002030 -0.040898 0.232165
v -0.020481 -0.050565 0.228462
v -0.039166 -0.060516 0.220281
v -0.058404 -0.070823 0.208454
v -0.078688 -0.081850 0.193605
v -0.100083 -0.093605 0.175313
v -0.122833 -0.106333 0.151471
v 0.150403 0.032776 0.196554
v 0.129600 0.023106 0.209208
v 0.110359 0.013874 0.214866
v 0.091778 0.004655 0.214831
v 0.073636 -0.005007 0.210585
v 0.051835 -0.008251 0.219425
v 0.035285 -0.022700 0.226421
v 0.019032 -0.037802 0.228185
v 0.000319 -0.046964 0.229537
v -0.018213 -0.056567 0.226155
v -0.036915 -0.066465 0.218270
v -0.056153 -0.076854 0.206627
v -0.076466 -0.088028 0.191894
v -0.097795 -0.099877 0.174102
v -0.120421 -0.112660 0.151102
v 0.177750 0.037001 0.167420
v 0.132017 0.017257 0.208547
v 0.112770 0.008185 0.214390
v 0.094129 -0.001167 0.214378
v 0.075915 -0.010828 0.210031
v 0.054480 -0.014184 0.215517
v 0.037798 -0.028821 0.222378
v 0.021411 -0.043914 0.224642
v 0.002712 -0.053073 0.226676
v -0.015937 -0.062579 0.223651
v -0.034649 -0.072422 0.216072
v -0.053874 -0.082937 0.204659
v -0.074161 -0.094254 0.190150
v -0.095485 -0.106200 0.172798
v -0.117995 -0.119008 0.150616
v 0.152978 0.026723 0.195626
v 0.134560 0.011511 0.207456
v 0.115229 0.002401 0.213490
v 0.096500 -0.006998 0.213538
v 0.078224 -0.016589 0.209213
v 0.057354 -0.020226 0.210855
v 0.040395 -0.035026 0.217651
v 0.023844 -0.050076 0.220916
v 0.005096 -0.059191 0.223567
v -0.013650 -0.068565 0.220961
v -0.032384 -0.078443 0.213673
v -0.051604 -0.089057 0.202578
v -0.071808 -0.100541 0.188371
v -0.093127 -0.112551 0.171526
v -0.115517 -0.125372 0.150027
v 0.155681 0.020689 0.194176
v 0.137174 0.005697 0.205967
v 0.117755 -0.003440 0.212165
v 0.098922 -0.012795 0.212346
v 0.080566 -0.022427 0.208090
v 0.060180 -0.026379 0.206330
v 0.043020 -0.041305 0.212470
v 0.026309 -0.056235 0.216959
v 0.007452 -0.065283 0.220232
v -0.011345 -0.074603 0.218097
v -0.030132 -0.084507 0.211116
v -0.049363 -0.095232 0.200398
v -0.069458 -0.106860 0.186590
v -0.090719 -0.118929 0.170163
v -0.113003 -0.131744 0.149315
v 0.180407 0.030738 0.166884
v 0.158514 0.014723 0.192206
v 0.120322 -0.009338 0.210417
v 0.101406 -0.018628 0.210805
v 0.082970 -0.028363 0.206663
v 0.062783 -0.032455 0.203048
v 0.065229 -0.038476 0.200578
v 0.045669 -0.047640 0.207126
v 0.009774 -0.071359 0.216684
v -0.009007 -0.080691 0.215063
v -0.027897 -0.090610 0.208444
v -0.047158 -0.101456 0.198174
v -0.044997 -0.107729 0.195895
v -0.067148 -0.113189 0.184758
v -0.088299 -0.125285 0.168721
v 0.233702 0.016060 0.073736
v 0.161431 0.008759 0.189765
v 0.139895 -0.000244 0.204049
v 0.122935 -0.015255 0.208298
v 0.103954 -0.024570 0.208907
v 0.085465 -0.034302 0.204938
v 0.067669 -0.044519 0.198220
v 0.048342 -0.054015 0.201650
v 0.028777 -0.062389 0.212716
v 0.012062 -0.077457 0.212915
v -0.006662 -0.086835 0.211883
v -0.025662 -0.096750 0.205677
v -0.023408 -0.102962 0.202851
v -0.042849 -0.114081 0.193523
v -0.064859 -0.119538 0.182897
v -0.110447 -0.138164 0.148498
v 0.237441 0.008990 0.069342
v 0.183273 0.024438 0.165253
v 0.142692 -0.006250 0.201664
v 0.125605 -0.021253 0.205793
v 0.106571 -0.030534 0.206676
v 0.088022 -0.040302 0.202888
v 0.070164 -0.050631 0.195786
v 0.072664 -0.056814 0.193229
v 0.031276 -0.068577 0.208117
v 0.014409 -0.083659 0.208946
v -0.004351 -0.092998 0.208575
v -0.002051 -0.099247 0.205130
v -0.021155 -0.109276 0.199953
v -0.062579 -0.125854 0.181016
v -0.085885 -0.131620 0.167270
v -0.107950 -0.144626 0.147655
v 0.241169 0.002146 0.066159
v 0.164431 0.002752 0.186880
v 0.145534 -0.012309 0.198752
v 0.128338 -0.027282 0.202898
v 0.109251 -0.036567 0.204134
v 0.090631 -0.046400 0.200525
v 0.093291 -0.052577 0.197867
v 0.051073 -0.060434 0.195766
v 0.033800 -0.074831 0.203098
v 0.016827 -0.089927 0.204793
v 0.000285 -0.105574 0.201507
v -0.018888 -0.115702 0.196969
v -0.040655 -0.120477 0.191126
v -0.060311 -0.132175 0.179097
v -0.083490 -0.137980 0.165798
v -0.105503 -0.151108 0.146745
v 0.225946 -0.030023 0.071933
v 0.186449 0.018179 0.162439
v 0.148463 -0.018371 0.195305
v 0.131141 -0.033330 0.199583
v 0.111976 -0.042681 0.201265
v 0.114751 -0.048877 0.198037
v 0.075123 -0.063042 0.190541
v 0.053795 -0.066866 0.189815
v 0.036342 -0.081221 0.197648
v 0.019311 -0.096299 0.200410
v 0.002633 -0.112006 0.197707
v -0.016608 -0.122209 0.193914
v -0.038413 -0.126885 0.188727
v -0.058052 -0.138495 0.177135
v -0.081122 -0.144370 0.164244
v -0.078780 -0.150827 0.162595
v 0.167512 -0.003314 0.183489
v 0.151516 -0.024473 0.191328
v 0.134040 -0.039465 0.195785
v 0.117562 -0.055168 0.194366
v 0.095984 -0.058794 0.194915
v 0.077639 -0.069273 0.187774
v 0.056436 -0.073292 0.184374
v 0.038964 -0.087795 0.191710
v 0.021874 -0.102812 0.195762
v 0.005023 -0.118594 0.193756
v -0.014304 -0.128760 0.190772
v -0.036124 -0.133311 0.186293
v -0.055816 -0.144831 0.175134
v -0.053612 -0.151220 0.173048
v -0.103085 -0.157605 0.145720
v 0.230371 -0.037238 0.063554
v 0.170730 -0.009453 0.179331
v 0.154693 -0.030631 0.186788
v 0.137048 -0.045743 0.191464
v 0.120364 -0.061527 0.190191
v 0.098687 -0.065061 0.191690
v 0.080199 -0.075525 0.184901
v 0.058957 -0.079679 0.179820
v 0.041672 -0.094589 0.185135
v 0.024440 -0.109439 0.190781
v 0.007426 -0.125304 0.189644
v -0.011932 -0.135318 0.187559
v -0.033791 -0.139703 0.183804
v -0.031422 -0.146089 0.181225
v -0.076468 -0.157335 0.160939
v -0.100664 -0.164070 0.144636
v 0.233719 -0.044314 0.058950
v 0.208670 -0.060009 0.083938
v 0.189878 0.011978 0.158235
v 0.174189 -0.015713 0.174360
v 0.158057 -0.036900 0.181566
v 0.140218 -0.052233 0.186516
v 0.101401 -0.071396 0.188189
v 0.082792 -0.081805 0.181874
v 0.061507 -0.086087 0.176079
v 0.064104 -0.092522 0.172684
v 0.026980 -0.116233 0.185441
v 0.009849 -0.132117 0.185409
v -0.009545 -0.141858 0.184233
v -0.029027 -0.152507 0.178566
v -0.051407 -0.157685 0.170941
v -0.074204 -0.163882 0.159319
v -0.098224 -0.170550 0.143513
v -0.126416 -0.172009 0.121775
v 0.216615 -0.068474 0.060567
v 0.217668 -0.021833 0.094347
v 0.193736 0.005772 0.152487
v 0.177923 -0.022067 0.168362
v 0.161555 -0.043313 0.175511
v 0.123263 -0.067975 0.185480
v 0.104124 -0.077796 0.184374
v 0.085436 -0.088165 0.178635
v 0.066737 -0.098992 0.169491
v 0.044523 -0.101592 0.177886
v 0.029514 -0.123217 0.179652
v 0.012344 -0.138957 0.180968
v -0.007181 -0.148426 0.180789
v -0.026616 -0.158997 0.175800
v -0.049193 -0.164209 0.168738
v -0.071933 -0.170426 0.157651
v -0.095730 -0.177040 0.142353
v -0.123838 -0.178464 0.121251
v -0.129016 -0.165544 0.122152
v 0.200737 -0.099364 0.068087
v 0.198058 -0.050079 0.119956
v 0.181950 -0.028569 0.160920
v 0.165315 -0.049943 0.168502
v 0.143493 -0.058800 0.180856
v 0.126309 -0.074536 0.180233
v 0.106935 -0.084272 0.180247
v 0.088135 -0.094594 0.175130
v 0.069408 -0.105528 0.166347
v 0.047509 -0.108771 0.169981
v 0.032016 -0.130436 0.173317
v 0.014899 -0.145800 0.176280
v -0.004782 -0.155099 0.177184
v -0.024209 -0.165530 0.172899
v -0.046935 -0.170776 0.166488
v -0.069643 -0.176980 0.155979
v -0.093246 -0.183557 0.141157
v -0.121329 -0.184918 0.120694
v -0.131677 -0.159081 0.122346
v 0.220069 -0.075583 0.055842
v 0.224383 -0.083413 0.047835
v 0.189811 -0.087333 0.106627
v 0.208807 -0.013997 0.119741
v 0.198114 -0.000571 0.144813
v 0.169338 -0.056750 0.160424
v 0.146882 -0.065450 0.174588
v 0.129506 -0.081213 0.174602
v 0.109869 -0.090828 0.175784
v 0.090879 -0.101111 0.171440
v 0.072060 -0.112158 0.163110
v 0.050405 -0.116131 0.162166
v 0.034580 -0.137846 0.166249
v 0.017466 -0.152741 0.171328
v -0.002356 -0.161862 0.173372
v -0.021800 -0.172137 0.169869
v -0.044587 -0.177368 0.164226
v -0.067342 -0.183513 0.154238
v -0.090769 -0.190055 0.139781
v -0.118834 -0.191378 0.120005
v -0.134397 -0.152630 0.122347
v 0.207220 -0.108057 0.051353
v 0.183338 -0.078759 0.126368
v 0.191590 -0.042451 0.138809
v 0.186513 -0.035364 0.151465
v 0.173626 -0.063790 0.151217
v 0.150421 -0.072184 0.167719
v 0.132855 -0.088025 0.168722
v 0.112896 -0.097485 0.171059
v 0.093680 -0.107744 0.167559
v 0.074680 -0.118839 0.159777
v 0.053102 -0.123358 0.155771
v 0.055674 -0.130379 0.151106
v 0.020111 -0.159887 0.165843
v 0.000074 -0.168707 0.169251
v -0.019383 -0.178818 0.166647
v -0.042177 -0.183960 0.161874
v -0.065009 -0.190035 0.152340
v -0.088312 -0.196583 0.138266
v -0.116312 -0.197870 0.119140
v -0.137041 -0.146180 0.122225
v 0.191996 -0.138219 0.057921
v 0.171698 -0.108974 0.120507
v 0.178210 -0.071106 0.140455
v 0.202960 -0.007109 0.134669
v 0.154123 -0.079047 0.160201
v 0.136311 -0.094903 0.162511
v 0.116020 -0.104272 0.166087
v 0.096519 -0.114494 0.163436
v 0.077314 -0.125603 0.156407
v 0.058175 -0.137330 0.147357
v 0.037467 -0.145452 0.157982
v 0.022786 -0.167289 0.159370
v 0.002608 -0.175692 0.164667
v -0.016993 -0.185609 0.163095
v -0.039724 -0.190601 0.159338
v -0.062671 -0.196624 0.150344
v -0.085902 -0.203182 0.136631
v -0.113798 -0.204492 0.118138
v -0.139646 -0.139793 0.122004
v 0.212059 -0.115901 0.041073
v 0.183197 -0.126820 0.087704
v 0.176955 -0.117362 0.106325
v 0.166748 -0.100971 0.132329
v 0.162265 -0.093420 0.142622
v 0.158044 -0.086120 0.151877
v 0.139858 -0.101899 0.155903
v 0.119224 -0.111170 0.160807
v 0.099394 -0.121361 0.159126
v 0.079984 -0.132455 0.152906
v 0.060758 -0.144238 0.143935
v 0.040707 -0.153683 0.147604
v 0.025520 -0.175032 0.151740
v 0.005212 -0.182842 0.159516
v -0.014574 -0.192540 0.159120
v -0.037248 -0.197275 0.156577
v -0.060285 -0.203204 0.148159
v -0.083515 -0.209810 0.134856
v -0.111268 -0.211174 0.116998
v -0.142244 -0.133448 0.121644
v 0.199481 -0.148487 0.034965
v 0.169577 -0.157204 0.088416
v 0.155679 -0.131789 0.123087
v 0.151462 -0.123974 0.132341
v 0.147419 -0.116392 0.140903
v 0.143571 -0.109046 0.148754
v 0.122473 -0.118222 0.155177
v 0.102350 -0.128307 0.154631
v 0.082693 -0.139399 0.149281
v 0.063370 -0.151065 0.140609
v 0.065989 -0.157893 0.137336
v 0.044099 -0.161975 0.136849
v 0.007864 -0.190262 0.153502
v -0.012169 -0.199639 0.154552
v -0.034793 -0.203952 0.153442
v -0.057836 -0.209782 0.145763
v -0.081126 -0.216466 0.132965
v -0.108740 -0.217945 0.115682
v -0.144912 -0.127095 0.121109
v 0.176778 -0.168248 0.065236
v 0.157584 -0.190568 0.076344
v 0.164588 -0.148263 0.102345
v 0.159999 -0.139840 0.113249
v 0.140031 -0.155498 0.120944
v 0.136360 -0.147749 0.128749
v 0.129321 -0.132754 0.142729
v 0.125863 -0.125435 0.149153
v 0.105349 -0.135375 0.149906
v 0.085490 -0.146373 0.145565
v 0.088317 -0.153339 0.141707
v 0.068677 -0.164757 0.134118
v 0.028330 -0.183181 0.142357
v 0.010517 -0.198160 0.145926
v -0.009794 -0.206997 0.149080
v -0.032365 -0.210752 0.149771
v -0.055380 -0.216440 0.143137
v -0.078782 -0.223192 0.130828
v -0.106251 -0.224820 0.114173
v -0.147596 -0.120748 0.120558
v 0.186195 -0.182529 0.027568
v 0.164970 -0.203282 0.049229
v 0.152576 -0.180891 0.091101
v 0.148044 -0.171954 0.102364
v 0.143891 -0.163524 0.112204
v 0.121372 -0.172196 0.121689
v 0.117988 -0.164579 0.128159
v 0.132795 -0.140178 0.135942
v 0.111538 -0.149815 0.139750
v 0.108415 -0.142553 0.144965
v 0.091175 -0.160342 0.137670
v 0.047056 -0.169675 0.129564
v 0.049400 -0.176730 0.125032
v 0.013179 -0.206751 0.136501
v -0.007458 -0.214858 0.142269
v -0.029987 -0.217823 0.145363
v -0.052995 -0.223219 0.140074
v -0.076460 -0.230003 0.128383
v -0.103823 -0.231788 0.112225
v -0.150275 -0.114398 0.119857
v 0.203974 -0.156787 0.023470
v 0.173441 -0.217096 0.015575
v 0.141563 -0.215314 0.073860
v 0.136799 -0.205623 0.086859
v 0.132519 -0.196671 0.097616
v 0.124896 -0.180058 0.114574
v 0.103313 -0.189493 0.118169
v 0.100143 -0.181965 0.123670
v 0.114699 -0.157137 0.134152
v 0.071357 -0.171639 0.130839
v 0.074040 -0.178587 0.127423
v 0.051889 -0.183680 0.121390
v 0.031735 -0.192326 0.129382
v -0.005097 -0.223607 0.133304
v -0.027721 -0.225296 0.139923
v -0.050670 -0.230237 0.136375
v -0.074133 -0.237034 0.125555
v -0.101412 -0.238871 0.109956
v -0.152871 -0.108048 0.119082
v 0.206757 -0.164898 0.019092
v 0.146973 -0.225943 0.055552
v 0.117111 -0.221764 0.089046
v 0.113474 -0.213290 0.097777
v 0.128597 -0.188211 0.106700
v 0.106580 -0.197196 0.112082
v 0.082608 -0.199931 0.115546
v 0.079677 -0.192697 0.119868
v 0.097080 -0.174604 0.128720
v 0.094109 -0.167404 0.133378
v 0.076826 -0.185594 0.123809
v 0.054484 -0.190635 0.117950
v 0.057116 -0.197643 0.114606
v 0.016164 -0.216510 0.123028
v -0.002566 -0.233708 0.119445
v -0.025492 -0.233333 0.132982
v -0.048369 -0.237675 0.131788
v -0.071813 -0.244356 0.122098
v -0.098997 -0.246140 0.107319
v -0.155547 -0.101753 0.118160
v 0.175744 -0.225418 0.008906
v 0.125241 -0.240453 0.066688
v 0.121051 -0.230825 0.078812
v 0.095320 -0.230849 0.092543
v 0.109967 -0.205120 0.105367
v 0.088768 -0.214912 0.105383
v 0.085643 -0.207333 0.110765
v 0.059828 -0.204755 0.111193
v 0.035642 -0.202713 0.111079
v 0.038267 -0.210932 0.102123
v 0.019061 -0.227967 0.100500
v -0.023309 -0.242302 0.123723
v -0.046151 -0.245684 0.125951
v -0.069503 -0.252129 0.117793
v -0.096572 -0.253842 0.103661
v -0.131105 -0.243415 0.084056
v -0.158330 -0.095503 0.116914
v 0.180174 -0.237086 -0.000615
v 0.155332 -0.241288 0.021136
v 0.130229 -0.251733 0.048974
v 0.102381 -0.248501 0.075356
v 0.098752 -0.239366 0.084634
v 0.074576 -0.242372 0.088086
v 0.091995 -0.222723 0.099363
v 0.068455 -0.226736 0.098976
v 0.065493 -0.219266 0.103455
v 0.062629 -0.211965 0.107506
v 0.040517 -0.218321 0.097535
v 0.043031 -0.225704 0.093363
v 0.000079 -0.246390 0.095386
v -0.021210 -0.252728 0.110809
v -0.044017 -0.254489 0.118189
v -0.067236 -0.260644 0.111932
v -0.094146 -0.262356 0.098598
v -0.128663 -0.251074 0.081324
v -0.133631 -0.236119 0.086137
v 0.158528 -0.251327 0.008889
v 0.106212 -0.258476 0.064109
v 0.081098 -0.259746 0.073524
v 0.077804 -0.250776 0.081426
v 0.054070 -0.256808 0.075250
v 0.071483 -0.234412 0.093877
v 0.045657 -0.233226 0.089296
v 0.022522 -0.240836 0.073372
v -0.018732 -0.265710 0.090937
v -0.041923 -0.264530 0.107651
v -0.065024 -0.270144 0.103855
v -0.092147 -0.272034 0.090201
v -0.126473 -0.259556 0.076762
v -0.136171 -0.228987 0.087423
v 0.136015 -0.265736 0.022290
v 0.110751 -0.270316 0.048122
v 0.084554 -0.269677 0.063805
v 0.060301 -0.274837 0.061705
v 0.057115 -0.265394 0.069270
v 0.030311 -0.266339 0.056173
v 0.051147 -0.248654 0.080394
v 0.048333 -0.240814 0.085001
v 0.024747 -0.249221 0.066941
v -0.039687 -0.276340 0.092658
v -0.062921 -0.280885 0.091879
v -0.090474 -0.283164 0.075481
v -0.124655 -0.269062 0.068668
v -0.138718 -0.222006 0.088162
v 0.088472 -0.281352 0.050284
v 0.063763 -0.285575 0.051128
v 0.033356 -0.275675 0.049301
v 0.027485 -0.257624 0.061782
v -0.037464 -0.290833 0.068273
v -0.061451 -0.294115 0.070381
v -0.123316 -0.279953 0.054791
v -0.141377 -0.215214 0.088543
v 0.093661 -0.295902 0.027233
v 0.067930 -0.298670 0.031795
v 0.036598 -0.286087 0.039648
v 0.003365 -0.269135 0.031481
v -0.016701 -0.281049 0.058300
v -0.035369 -0.304977 0.046097
v -0.144062 -0.208544 0.088714
v 0.039838 -0.299481 0.020752
v 0.004718 -0.281358 0.012730
v -0.146771 -0.201950 0.088952
v -0.149513 -0.195444 0.089206
v -0.152334 -0.188950 0.089117
v -0.155252 -0.182501 0.088725
v -0.158239 -0.176120 0.088048
v -0.161152 -0.169757 0.086830
vt 0.358019 0.941864
vt 0.364046 0.922816
vt 0.386589 0.959596
vt 0.293074 0.923764
vt 0.332674 0.906088
vt 0.326832 0.925831
vt 0.360924 0.932497
vt 0.336624 0.895543
vt 0.393589 0.939557
vt 0.390627 0.950423
vt 0.367555 0.911550
vt 0.296211 0.911963
vt 0.340513 0.885633
vt 0.329863 0.915681
vt 0.396948 0.929981
vt 0.400522 0.918446
vt 0.301259 0.899490
vt 0.303791 0.889721
vt 0.306738 0.879676
vt 0.425474 0.945190
vt 0.422074 0.955993
vt 0.428603 0.935648
vt 0.432525 0.925123
vt 0.371003 0.901374
vt 0.344462 0.875877
vt 0.310554 0.869975
vt 0.314466 0.859782
vt 0.458640 0.953326
vt 0.462763 0.940907
vt 0.403773 0.907994
vt 0.374491 0.891408
vt 0.348461 0.866067
vt 0.318514 0.849804
vt 0.466480 0.931136
vt 0.436176 0.914264
vt 0.406988 0.897883
vt 0.378010 0.881879
vt 0.470111 0.921356
vt 0.439580 0.903962
vt 0.410274 0.888148
vt 0.381626 0.871900
vt 0.352320 0.856071
vt 0.385687 0.861351
vt 0.499771 0.938803
vt 0.503791 0.928453
vt 0.473965 0.910939
vt 0.477575 0.900972
vt 0.443012 0.893992
vt 0.413837 0.878518
vt 0.356153 0.846057
vt 0.507494 0.918818
vt 0.511389 0.908503
vt 0.481226 0.891063
vt 0.446497 0.884353
vt 0.515558 0.899090
vt 0.518900 0.887812
vt 0.484813 0.881321
vt 0.450099 0.874801
vt 0.522431 0.879040
vt 0.526161 0.869042
vt 0.488309 0.871758
vt 0.529608 0.859505
vt 0.453765 0.865153
vt 0.491774 0.862195
vt 0.457467 0.855486
vt 0.532967 0.850010
vt 0.495237 0.852656
vt 0.461159 0.846053
vt 0.464772 0.836676
vt 0.536314 0.840423
vt 0.498699 0.843205
vt 0.468156 0.827427
vt 0.502156 0.833953
vt 0.539583 0.831044
vt 0.471618 0.818377
vt 0.505670 0.824844
vt 0.475327 0.809418
vt 0.509182 0.815781
vt 0.479076 0.800444
vt 0.543116 0.821923
vt 0.512705 0.806658
vt 0.482603 0.791670
vt 0.357805 0.675512
vt 0.397976 0.661331
vt 0.395130 0.671068
vt 0.323106 0.670733
vt 0.360409 0.665201
vt 0.310616 0.710021
vt 0.326632 0.660715
vt 0.546677 0.812164
vt 0.516194 0.797457
vt 0.486089 0.782757
vt 0.401506 0.651679
vt 0.331136 0.651016
vt 0.519717 0.788225
vt 0.489668 0.773580
vt 0.439756 0.637988
vt 0.364226 0.655610
vt 0.368020 0.645717
vt 0.296485 0.646101
vt 0.550530 0.803184
vt 0.523338 0.779059
vt 0.493281 0.764302
vt 0.436294 0.647340
vt 0.443066 0.628094
vt 0.404995 0.641950
vt 0.408332 0.632219
vt 0.371662 0.635954
vt 0.554781 0.794295
vt 0.526981 0.769818
vt 0.496926 0.755097
vt 0.467644 0.651986
vt 0.446062 0.618787
vt 0.411771 0.622613
vt 0.375488 0.626679
vt 0.558307 0.784979
vt 0.530673 0.760638
vt 0.500652 0.745939
vt 0.433041 0.656845
vt 0.449006 0.609546
vt 0.415032 0.613302
vt 0.504472 0.736789
vt 0.392308 0.679828
vt 0.418083 0.604234
vt 0.249260 0.588235
vt 0.274848 0.611695
vt 0.271235 0.620937
vt 0.534476 0.751560
vt 0.538443 0.742599
vt 0.564892 0.766737
vt 0.478352 0.712588
vt 0.429358 0.665730
vt 0.422049 0.594489
vt 0.302176 0.635980
vt 0.252765 0.578943
vt 0.542492 0.733703
vt 0.508261 0.727740
vt 0.482017 0.703905
vt 0.485819 0.694776
vt 0.474322 0.721420
vt 0.452941 0.599170
vt 0.305721 0.626111
vt 0.256742 0.569685
vt 0.546743 0.724557
vt 0.550752 0.715390
vt 0.568423 0.757267
vt 0.519490 0.700437
vt 0.512077 0.718695
vt 0.470201 0.730069
vt 0.457048 0.589578
vt 0.334375 0.641079
vt 0.279591 0.602446
vt 0.260915 0.560247
vt 0.238509 0.525170
vt 0.553569 0.706616
vt 0.530383 0.672429
vt 0.523100 0.691120
vt 0.493625 0.676485
vt 0.515819 0.709591
vt 0.489710 0.685627
vt 0.466708 0.738883
vt 0.471402 0.643227
vt 0.426468 0.585518
vt 0.338644 0.631697
vt 0.309233 0.616828
vt 0.282926 0.593410
vt 0.246174 0.506702
vt 0.242623 0.515715
vt 0.533993 0.663273
vt 0.526775 0.681692
vt 0.500979 0.658211
vt 0.497284 0.667371
vt 0.462250 0.746979
vt 0.475317 0.634279
vt 0.378451 0.617782
vt 0.342682 0.622272
vt 0.313037 0.607485
vt 0.286775 0.584377
vt 0.250386 0.497810
vt 0.537687 0.654453
vt 0.508210 0.639932
vt 0.504612 0.649125
vt 0.478709 0.624999
vt 0.382657 0.609547
vt 0.346280 0.612964
vt 0.316704 0.598308
vt 0.264757 0.550829
vt 0.268731 0.541411
vt 0.511780 0.630678
vt 0.482343 0.615619
vt 0.485878 0.606076
vt 0.386105 0.600343
vt 0.349853 0.603786
vt 0.290770 0.575264
vt 0.294735 0.566046
vt 0.254471 0.489086
vt 0.515386 0.621390
vt 0.489305 0.596525
vt 0.389166 0.590889
vt 0.320360 0.589272
vt 0.324077 0.580235
vt 0.272767 0.532044
vt 0.258378 0.480105
vt 0.541419 0.645579
vt 0.519033 0.612194
vt 0.353363 0.594677
vt 0.356821 0.585568
vt 0.298578 0.556687
vt 0.276738 0.522710
vt 0.280604 0.513475
vt 0.545235 0.636858
vt 0.522639 0.603094
vt 0.392466 0.581954
vt 0.327759 0.571142
vt 0.302305 0.547256
vt 0.305936 0.537848
vt 0.262026 0.471009
vt 0.548792 0.627549
vt 0.552611 0.617990
vt 0.526233 0.593796
vt 0.360285 0.576415
vt 0.331390 0.561972
vt 0.335045 0.552748
vt 0.284350 0.504391
vt 0.265749 0.461970
vt 0.556331 0.608461
vt 0.395169 0.572723
vt 0.363681 0.567319
vt 0.367133 0.558025
vt 0.309532 0.528516
vt 0.288025 0.495421
vt 0.291689 0.486479
vt 0.559432 0.598330
vt 0.400122 0.563426
vt 0.370906 0.548555
vt 0.338692 0.543490
vt 0.313166 0.519179
vt 0.316865 0.509966
vt 0.320617 0.500911
vt 0.269594 0.452956
vt 0.639683 0.663403
vt 0.642697 0.653959
vt 0.673802 0.660543
vt 0.636603 0.672690
vt 0.603196 0.666071
vt 0.599769 0.675413
vt 0.569809 0.660003
vt 0.564205 0.579044
vt 0.429531 0.578576
vt 0.374932 0.539505
vt 0.342276 0.534233
vt 0.345978 0.524900
vt 0.349771 0.515598
vt 0.295398 0.477428
vt 0.273430 0.443987
vt 0.677456 0.650622
vt 0.645378 0.644759
vt 0.606579 0.656697
vt 0.573702 0.650711
vt 0.565924 0.669205
vt 0.562463 0.588461
vt 0.567646 0.570415
vt 0.403662 0.554224
vt 0.378775 0.530483
vt 0.353511 0.506465
vt 0.324397 0.492006
vt 0.299081 0.468302
vt 0.277231 0.434918
vt 0.648501 0.634938
vt 0.609999 0.647324
vt 0.577438 0.641455
vt 0.596315 0.684618
vt 0.594454 0.593409
vt 0.432779 0.569272
vt 0.407178 0.545398
vt 0.382459 0.521464
vt 0.328103 0.483016
vt 0.302767 0.459204
vt 0.306485 0.450197
vt 0.613327 0.637933
vt 0.581008 0.632089
vt 0.562295 0.678166
vt 0.633195 0.681825
vt 0.461748 0.584785
vt 0.436249 0.560220
vt 0.410934 0.536506
vt 0.357244 0.497561
vt 0.331795 0.473926
vt 0.335501 0.464814
vt 0.280932 0.425755
vt 0.712573 0.658333
vt 0.682681 0.640625
vt 0.716301 0.647623
vt 0.616345 0.628532
vt 0.584485 0.622516
vt 0.592413 0.693996
vt 0.629589 0.690483
vt 0.465002 0.574887
vt 0.468449 0.565748
vt 0.439917 0.551152
vt 0.386022 0.512416
vt 0.360957 0.488798
vt 0.364606 0.479931
vt 0.310160 0.441185
vt 0.284633 0.416524
vt 0.719394 0.637324
vt 0.619256 0.618816
vt 0.588216 0.612690
vt 0.559037 0.687625
vt 0.623172 0.708057
vt 0.661325 0.696783
vt 0.664959 0.688411
vt 0.497407 0.580885
vt 0.500971 0.571192
vt 0.472018 0.556569
vt 0.414693 0.527497
vt 0.389536 0.503428
vt 0.393092 0.494595
vt 0.339236 0.455849
vt 0.313824 0.432032
vt 0.288278 0.407322
vt 0.756851 0.634929
vt 0.752995 0.644794
vt 0.760477 0.625144
vt 0.763599 0.615624
vt 0.685941 0.631082
vt 0.623041 0.609177
vt 0.591700 0.603092
vt 0.701424 0.686416
vt 0.667928 0.678554
vt 0.493868 0.590374
vt 0.533222 0.577078
vt 0.504546 0.561915
vt 0.443620 0.542164
vt 0.418379 0.518403
vt 0.422013 0.509275
vt 0.368143 0.470913
vt 0.371667 0.461906
vt 0.342893 0.446959
vt 0.317442 0.422744
vt 0.798972 0.621869
vt 0.806029 0.602204
vt 0.722508 0.627728
vt 0.689101 0.621512
vt 0.652604 0.624791
vt 0.671191 0.669709
vt 0.528825 0.586125
vt 0.536809 0.567580
vt 0.540156 0.558457
vt 0.475659 0.547623
vt 0.447205 0.533171
vt 0.450748 0.524104
vt 0.454292 0.514985
vt 0.396699 0.485768
vt 0.400305 0.476793
vt 0.403924 0.467765
vt 0.375194 0.452980
vt 0.346448 0.437936
vt 0.349934 0.428730
vt 0.291911 0.398232
vt 0.802522 0.612060
vt 0.766982 0.606111
vt 0.725768 0.618341
vt 0.655837 0.615348
vt 0.626440 0.600338
vt 0.577508 0.554195
vt 0.580787 0.545101
vt 0.508173 0.552995
vt 0.479189 0.538716
vt 0.482697 0.529767
vt 0.486232 0.520714
vt 0.425622 0.500250
vt 0.429197 0.491390
vt 0.432652 0.482415
vt 0.407502 0.458761
vt 0.378734 0.443971
vt 0.382278 0.434767
vt 0.320959 0.413422
vt 0.324488 0.404280
vt 0.729217 0.609165
vt 0.692299 0.612319
vt 0.659735 0.606438
vt 0.573673 0.562673
vt 0.543777 0.549564
vt 0.511768 0.544178
vt 0.515322 0.535284
vt 0.518837 0.526148
vt 0.457836 0.505907
vt 0.461359 0.497063
vt 0.464794 0.488254
vt 0.436124 0.473320
vt 0.439603 0.464296
vt 0.411059 0.449754
vt 0.414641 0.440558
vt 0.353417 0.419440
vt 0.356993 0.410304
vt 0.295536 0.389193
vt 0.770511 0.596659
vt 0.695606 0.603561
vt 0.700214 0.594850
vt 0.601889 0.578121
vt 0.605451 0.569107
vt 0.584061 0.536017
vt 0.547492 0.540505
vt 0.551229 0.531329
vt 0.489801 0.511584
vt 0.493400 0.502494
vt 0.497014 0.493581
vt 0.468175 0.479244
vt 0.471628 0.470074
vt 0.443134 0.455388
vt 0.446688 0.446399
vt 0.385855 0.425401
vt 0.389494 0.416091
vt 0.328046 0.395236
vt 0.299213 0.380069
vt 0.732680 0.600012
vt 0.736107 0.590870
vt 0.599052 0.587314
vt 0.608853 0.559911
vt 0.612380 0.550729
vt 0.587534 0.526926
vt 0.522338 0.516862
vt 0.525874 0.507580
vt 0.529428 0.498574
vt 0.500594 0.484599
vt 0.504147 0.475490
vt 0.475172 0.461016
vt 0.478730 0.452019
vt 0.418221 0.431151
vt 0.421843 0.421715
vt 0.360675 0.401288
vt 0.331643 0.386170
vt 0.302825 0.370841
vt 0.773814 0.587287
vt 0.777271 0.578155
vt 0.739527 0.581808
vt 0.631119 0.593016
vt 0.634070 0.583910
vt 0.637399 0.574621
vt 0.640865 0.565484
vt 0.615874 0.541642
vt 0.619350 0.532536
vt 0.554928 0.522068
vt 0.558517 0.512838
vt 0.562051 0.503761
vt 0.532956 0.489803
vt 0.536450 0.480935
vt 0.507758 0.466388
vt 0.511402 0.457432
vt 0.450241 0.437219
vt 0.453829 0.427859
vt 0.393200 0.406964
vt 0.364372 0.392198
vt 0.335268 0.377001
vt 0.306358 0.361541
vt 0.780862 0.569033
vt 0.743470 0.572774
vt 0.666365 0.589424
vt 0.669866 0.580215
vt 0.673414 0.571147
vt 0.644439 0.556441
vt 0.648002 0.547390
vt 0.651603 0.538346
vt 0.591107 0.517680
vt 0.594728 0.508486
vt 0.565605 0.494870
vt 0.540051 0.471785
vt 0.515109 0.448400
vt 0.482337 0.442965
vt 0.485991 0.433677
vt 0.425493 0.412505
vt 0.396886 0.397870
vt 0.368043 0.383035
vt 0.338869 0.367771
vt 0.309860 0.352363
vt 0.663065 0.599093
vt 0.705773 0.576358
vt 0.709190 0.567120
vt 0.676961 0.562182
vt 0.680464 0.553148
vt 0.683994 0.543940
vt 0.622833 0.523341
vt 0.626366 0.514147
vt 0.598454 0.499449
vt 0.569217 0.485925
vt 0.543769 0.462564
vt 0.518842 0.439187
vt 0.457485 0.418595
vt 0.429063 0.403423
vt 0.400524 0.388716
vt 0.371666 0.373834
vt 0.342400 0.358554
vt 0.313324 0.343260
vt 0.702181 0.585644
vt 0.749528 0.553965
vt 0.712759 0.558070
vt 0.716197 0.548946
vt 0.655174 0.529227
vt 0.658738 0.519984
vt 0.629971 0.505073
vt 0.602179 0.490535
vt 0.572838 0.476719
vt 0.547505 0.453499
vt 0.489654 0.424417
vt 0.461084 0.409403
vt 0.432610 0.394329
vt 0.404101 0.379558
vt 0.375239 0.364614
vt 0.345893 0.349403
vt 0.316768 0.334198
vt 0.746565 0.563312
vt 0.752925 0.544889
vt 0.687454 0.534777
vt 0.690905 0.525546
vt 0.662258 0.510735
vt 0.633660 0.496175
vt 0.605666 0.481537
vt 0.576413 0.467387
vt 0.522518 0.429804
vt 0.493299 0.415198
vt 0.464646 0.400176
vt 0.436151 0.385185
vt 0.407655 0.370423
vt 0.378720 0.355430
vt 0.349420 0.340272
vt 0.320284 0.325107
vt 0.756458 0.535790
vt 0.719628 0.539845
vt 0.723082 0.530698
vt 0.694345 0.516268
vt 0.665800 0.501611
vt 0.637333 0.487336
vt 0.609144 0.472436
vt 0.551219 0.444405
vt 0.526133 0.420476
vt 0.496921 0.405905
vt 0.468241 0.390886
vt 0.439730 0.376028
vt 0.411216 0.361319
vt 0.382203 0.346279
vt 0.352946 0.331112
vt 0.323779 0.315959
vt 0.726568 0.521416
vt 0.697788 0.506970
vt 0.669427 0.492726
vt 0.640924 0.478336
vt 0.612617 0.463326
vt 0.580031 0.458091
vt 0.554900 0.435105
vt 0.529714 0.411116
vt 0.500601 0.396494
vt 0.471850 0.381622
vt 0.443331 0.366927
vt 0.414816 0.352210
vt 0.385744 0.337096
vt 0.356495 0.321905
vt 0.327312 0.306762
vt 0.760042 0.526465
vt 0.701337 0.497882
vt 0.673041 0.483844
vt 0.644463 0.469254
vt 0.616032 0.454296
vt 0.583779 0.448911
vt 0.558567 0.425663
vt 0.533304 0.401733
vt 0.504328 0.387090
vt 0.475459 0.372410
vt 0.446952 0.357877
vt 0.418457 0.343075
vt 0.389401 0.327878
vt 0.360082 0.312659
vt 0.330882 0.297562
vt 0.730227 0.512115
vt 0.704983 0.488961
vt 0.676647 0.474824
vt 0.647971 0.460174
vt 0.619457 0.445378
vt 0.587780 0.439667
vt 0.562291 0.416216
vt 0.536945 0.392358
vt 0.508017 0.377756
vt 0.479071 0.363309
vt 0.450565 0.348795
vt 0.422079 0.333938
vt 0.393121 0.318605
vt 0.363725 0.303390
vt 0.334541 0.288367
vt 0.733948 0.502847
vt 0.708644 0.479955
vt 0.680271 0.465739
vt 0.651496 0.451173
vt 0.622888 0.436369
vt 0.591682 0.430334
vt 0.565992 0.406781
vt 0.540597 0.383085
vt 0.511638 0.368550
vt 0.482693 0.354202
vt 0.454149 0.339716
vt 0.425650 0.324771
vt 0.396823 0.309318
vt 0.367445 0.294121
vt 0.338267 0.279195
vt 0.763784 0.517133
vt 0.737728 0.493704
vt 0.683868 0.456600
vt 0.655053 0.442152
vt 0.626368 0.427247
vt 0.595327 0.421132
vt 0.598791 0.412021
vt 0.569678 0.397375
vt 0.515178 0.359461
vt 0.486349 0.345096
vt 0.457693 0.330642
vt 0.429153 0.315578
vt 0.432579 0.306362
vt 0.400458 0.300058
vt 0.371182 0.284926
vt 0.741504 0.484597
vt 0.712363 0.470784
vt 0.687452 0.447478
vt 0.658637 0.433009
vt 0.629936 0.418165
vt 0.602239 0.402914
vt 0.573350 0.388025
vt 0.544212 0.373928
vt 0.518637 0.350435
vt 0.489993 0.335982
vt 0.461222 0.321578
vt 0.464762 0.312464
vt 0.435976 0.297085
vt 0.404050 0.290809
vt 0.342065 0.269987
vt 0.767540 0.507725
vt 0.716080 0.461558
vt 0.691031 0.438286
vt 0.662258 0.423886
vt 0.633542 0.409046
vt 0.605745 0.393753
vt 0.609227 0.384539
vt 0.547826 0.364841
vt 0.522154 0.341347
vt 0.493563 0.326919
vt 0.497093 0.317809
vt 0.468282 0.303260
vt 0.407618 0.281648
vt 0.374901 0.275789
vt 0.345776 0.260739
vt 0.745275 0.475473
vt 0.719729 0.452311
vt 0.694609 0.429115
vt 0.665906 0.414720
vt 0.637167 0.399840
vt 0.640811 0.390585
vt 0.577038 0.378753
vt 0.551423 0.355794
vt 0.525746 0.332260
vt 0.500653 0.308675
vt 0.471805 0.293955
vt 0.439426 0.287792
vt 0.411158 0.272522
vt 0.378585 0.266647
vt 0.349420 0.251491
vt 0.771420 0.498383
vt 0.723367 0.443135
vt 0.698188 0.419996
vt 0.669546 0.405503
vt 0.673177 0.396245
vt 0.612615 0.375322
vt 0.580662 0.369583
vt 0.554987 0.346690
vt 0.529401 0.323129
vt 0.504204 0.299481
vt 0.475329 0.284598
vt 0.442932 0.278526
vt 0.414675 0.263443
vt 0.382228 0.257505
vt 0.385833 0.248315
vt 0.820647 0.475053
vt 0.816605 0.484308
vt 0.802014 0.431371
vt 0.749019 0.466319
vt 0.727043 0.433987
vt 0.701789 0.410839
vt 0.676760 0.386943
vt 0.644442 0.381349
vt 0.616061 0.366158
vt 0.584163 0.360470
vt 0.558603 0.337478
vt 0.533134 0.313909
vt 0.507790 0.290150
vt 0.478868 0.275251
vt 0.446492 0.269285
vt 0.418148 0.254384
vt 0.421566 0.245303
vt 0.353033 0.242265
vt 0.752747 0.457136
vt 0.730745 0.424859
vt 0.705417 0.401577
vt 0.680212 0.377664
vt 0.648025 0.372123
vt 0.619541 0.357028
vt 0.587524 0.351402
vt 0.562267 0.328143
vt 0.536825 0.304663
vt 0.511365 0.280742
vt 0.482488 0.265969
vt 0.450103 0.260154
vt 0.453754 0.251099
vt 0.389384 0.239081
vt 0.356651 0.233118
vt 0.782019 0.389694
vt 0.805609 0.422016
vt 0.775270 0.489169
vt 0.756591 0.447873
vt 0.734530 0.415691
vt 0.709123 0.392131
vt 0.651560 0.362887
vt 0.623030 0.347928
vt 0.590967 0.342273
vt 0.594485 0.333122
vt 0.540426 0.295325
vt 0.514939 0.271282
vt 0.486108 0.256800
vt 0.457428 0.242063
vt 0.424974 0.236151
vt 0.392849 0.229811
vt 0.360295 0.223978
vt 0.323896 0.227208
vt 0.808770 0.412762
vt 0.786639 0.380212
vt 0.796965 0.441722
vt 0.779288 0.480020
vt 0.760536 0.438605
vt 0.738276 0.406465
vt 0.683680 0.368387
vt 0.655035 0.353658
vt 0.626547 0.338795
vt 0.598051 0.323950
vt 0.566050 0.318727
vt 0.543962 0.285890
vt 0.518586 0.261908
vt 0.489671 0.247678
vt 0.461111 0.232993
vt 0.428387 0.226974
vt 0.396319 0.220589
vt 0.364012 0.214853
vt 0.327586 0.218160
vt 0.320197 0.236313
vt 0.767470 0.337758
vt 0.776772 0.400715
vt 0.812865 0.493940
vt 0.764486 0.429300
vt 0.742132 0.397107
vt 0.712797 0.382733
vt 0.687234 0.359094
vt 0.658565 0.344429
vt 0.630089 0.329658
vt 0.601654 0.314730
vt 0.569933 0.309297
vt 0.547385 0.276324
vt 0.522284 0.252671
vt 0.493264 0.238502
vt 0.464772 0.223944
vt 0.431854 0.217786
vt 0.399805 0.211382
vt 0.367711 0.205720
vt 0.331182 0.209132
vt 0.316443 0.245462
vt 0.789978 0.371123
vt 0.793563 0.361498
vt 0.761989 0.349486
vt 0.791705 0.451937
vt 0.783478 0.470791
vt 0.746060 0.387716
vt 0.716467 0.373382
vt 0.690900 0.349774
vt 0.662192 0.335205
vt 0.633647 0.320483
vt 0.605198 0.305444
vt 0.573631 0.299731
vt 0.550822 0.266750
vt 0.525959 0.243436
vt 0.496871 0.229309
vt 0.468420 0.214870
vt 0.435436 0.208606
vt 0.403302 0.202255
vt 0.371415 0.196685
vt 0.334776 0.200139
vt 0.312640 0.254640
vt 0.772009 0.328297
vt 0.757794 0.359273
vt 0.772582 0.410303
vt 0.768625 0.419819
vt 0.750033 0.378242
vt 0.720180 0.364093
vt 0.694700 0.340396
vt 0.665881 0.325954
vt 0.637237 0.311235
vt 0.608662 0.296161
vt 0.577087 0.290244
vt 0.580449 0.280838
vt 0.529697 0.234119
vt 0.500458 0.220145
vt 0.472063 0.205796
vt 0.439098 0.199491
vt 0.406848 0.193218
vt 0.375099 0.187670
vt 0.338431 0.191162
vt 0.308967 0.263841
vt 0.753548 0.286985
vt 0.740130 0.317032
vt 0.753978 0.368709
vt 0.787590 0.461459
vt 0.723937 0.354821
vt 0.698547 0.331076
vt 0.669636 0.316637
vt 0.640822 0.301929
vt 0.612120 0.286823
vt 0.583751 0.271437
vt 0.554618 0.257286
vt 0.533410 0.224773
vt 0.504166 0.210970
vt 0.475654 0.196710
vt 0.442817 0.190399
vt 0.410398 0.184149
vt 0.378719 0.178614
vt 0.342089 0.182053
vt 0.305368 0.272970
vt 0.775841 0.319319
vt 0.748521 0.297382
vt 0.744215 0.307447
vt 0.735839 0.326678
vt 0.731775 0.336102
vt 0.727777 0.345485
vt 0.702400 0.321760
vt 0.673419 0.307301
vt 0.644404 0.292560
vt 0.615592 0.277444
vt 0.587172 0.262096
vt 0.558746 0.247545
vt 0.537123 0.215351
vt 0.507941 0.201793
vt 0.479271 0.187602
vt 0.446563 0.181372
vt 0.414019 0.175183
vt 0.382312 0.169586
vt 0.345784 0.172918
vt 0.301807 0.282062
vt 0.730241 0.255395
vt 0.718304 0.284152
vt 0.714266 0.293633
vt 0.710264 0.303069
vt 0.706334 0.312434
vt 0.677166 0.297899
vt 0.648045 0.283190
vt 0.619083 0.268023
vt 0.590619 0.252914
vt 0.594059 0.243777
vt 0.562985 0.237999
vt 0.511740 0.192558
vt 0.482852 0.178496
vt 0.450278 0.172501
vt 0.417732 0.166323
vt 0.385909 0.160586
vt 0.349494 0.163729
vt 0.298185 0.291190
vt 0.735031 0.245203
vt 0.758149 0.277400
vt 0.711681 0.212407
vt 0.726354 0.264952
vt 0.722292 0.274615
vt 0.696019 0.250866
vt 0.692298 0.260242
vt 0.684828 0.279013
vt 0.681007 0.288439
vt 0.651683 0.273772
vt 0.622664 0.258642
vt 0.626245 0.249375
vt 0.597580 0.234633
vt 0.540826 0.205945
vt 0.515478 0.183189
vt 0.486374 0.169370
vt 0.453958 0.163672
vt 0.421457 0.157460
vt 0.389457 0.151595
vt 0.353168 0.154476
vt 0.294548 0.300304
vt 0.739472 0.234304
vt 0.716299 0.201969
vt 0.707728 0.222117
vt 0.703664 0.231874
vt 0.699775 0.241448
vt 0.670088 0.226963
vt 0.666364 0.236290
vt 0.688560 0.269630
vt 0.659024 0.254911
vt 0.655351 0.264327
vt 0.629821 0.240165
vt 0.566735 0.228661
vt 0.569748 0.219687
vt 0.519147 0.173504
vt 0.489821 0.160027
vt 0.457574 0.154748
vt 0.425095 0.148609
vt 0.392991 0.142620
vt 0.356809 0.145257
vt 0.290952 0.309436
vt 0.761335 0.268638
vt 0.720845 0.192234
vt 0.689806 0.179368
vt 0.685598 0.189096
vt 0.681577 0.198620
vt 0.673857 0.217563
vt 0.644386 0.203298
vt 0.640688 0.212568
vt 0.662654 0.245589
vt 0.601061 0.225536
vt 0.604512 0.216436
vt 0.572996 0.210712
vt 0.545161 0.196261
vt 0.493281 0.150214
vt 0.461043 0.145652
vt 0.428673 0.139674
vt 0.396556 0.133500
vt 0.360456 0.136015
vt 0.287491 0.318567
vt 0.763895 0.258939
vt 0.693858 0.170090
vt 0.659293 0.166253
vt 0.655592 0.175479
vt 0.677695 0.208078
vt 0.648100 0.194036
vt 0.615279 0.189232
vt 0.611650 0.198304
vt 0.637044 0.221809
vt 0.633445 0.231001
vt 0.608065 0.207363
vt 0.576383 0.201738
vt 0.579806 0.192722
vt 0.523129 0.163554
vt 0.496954 0.140233
vt 0.464480 0.136337
vt 0.432254 0.130499
vt 0.400154 0.124228
vt 0.364141 0.126672
vt 0.283956 0.327628
vt 0.666933 0.147365
vt 0.663122 0.156820
vt 0.630179 0.152669
vt 0.651850 0.184746
vt 0.622690 0.171032
vt 0.618973 0.180129
vt 0.583313 0.183636
vt 0.549854 0.186543
vt 0.553070 0.177531
vt 0.526696 0.154251
vt 0.467888 0.126602
vt 0.435768 0.121019
vt 0.403796 0.114673
vt 0.367953 0.117121
vt 0.323849 0.137981
vt 0.280347 0.336653
vt 0.698816 0.159465
vt 0.722502 0.183206
vt 0.670870 0.137624
vt 0.637643 0.133775
vt 0.633890 0.143359
vt 0.601581 0.138144
vt 0.626436 0.161897
vt 0.594204 0.156427
vt 0.590516 0.165508
vt 0.586898 0.174551
vt 0.555932 0.168556
vt 0.559151 0.159542
vt 0.500720 0.130250
vt 0.471234 0.116239
vt 0.439245 0.111191
vt 0.407492 0.104702
vt 0.371915 0.106992
vt 0.327588 0.128355
vt 0.320089 0.147356
vt 0.726264 0.170766
vt 0.700789 0.149960
vt 0.641355 0.123853
vt 0.608994 0.119069
vt 0.605326 0.128730
vt 0.573006 0.122499
vt 0.597897 0.147329
vt 0.562502 0.150375
vt 0.530759 0.144817
vt 0.475205 0.105008
vt 0.442778 0.100763
vt 0.411264 0.094265
vt 0.375657 0.096535
vt 0.331260 0.118259
vt 0.316434 0.156780
vt 0.674368 0.127400
vt 0.645320 0.113200
vt 0.612646 0.108861
vt 0.580395 0.102625
vt 0.576682 0.112817
vt 0.540588 0.115870
vt 0.569403 0.131965
vt 0.565882 0.141256
vt 0.533558 0.135442
vt 0.446673 0.089703
vt 0.415155 0.083702
vt 0.379627 0.086537
vt 0.334951 0.108054
vt 0.312858 0.166177
vt 0.616457 0.097803
vt 0.584204 0.091891
vt 0.544343 0.105688
vt 0.537038 0.125746
vt 0.450904 0.078738
vt 0.418857 0.073521
vt 0.338819 0.098128
vt 0.309189 0.175426
vt 0.620836 0.086539
vt 0.588202 0.081338
vt 0.548199 0.095157
vt 0.505140 0.120106
vt 0.478732 0.095454
vt 0.454687 0.067902
vt 0.305522 0.184571
vt 0.551601 0.084117
vt 0.506836 0.110197
vt 0.301808 0.193597
vt 0.298045 0.202501
vt 0.294240 0.211478
vt 0.290364 0.220464
vt 0.286456 0.229416
vt 0.282763 0.238453
vn -0.5609 0.1392 0.8161
vn -0.4605 0.3557 0.8133
vn -0.4346 0.2039 0.8772
vn 0.3262 0.3159 0.8909
vn -0.0611 0.3384 0.9390
vn -0.0421 0.0701 0.9966
vn -0.8817 0.0142 0.4715
vn -0.3918 0.4089 0.8242
vn -0.7465 0.0386 0.6642
vn -0.4185 0.0247 0.9078
vn -0.5022 0.4197 0.7561
vn -0.3904 -0.2075 0.8970
vn -0.5655 0.0186 0.8245
vn 0.0680 0.4919 0.8679
vn -0.3485 0.5385 0.7672
vn -0.3254 0.5613 0.7609
vn -0.5700 -0.5565 0.6044
vn -0.5579 -0.3592 0.7481
vn -0.5567 -0.3280 0.7632
vn -0.1468 0.2257 0.9630
vn -0.0921 0.1174 0.9888
vn -0.2903 0.5634 0.7735
vn -0.1906 0.6193 0.7617
vn -0.5478 0.2059 0.8109
vn -0.6002 -0.1595 0.7837
vn -0.5637 -0.3140 0.7639
vn -0.6034 -0.2705 0.7501
vn -0.0740 0.3168 0.9456
vn 0.1082 0.2026 0.9733
vn -0.3875 0.3752 0.8421
vn -0.5505 -0.0822 0.8307
vn -0.4882 -0.3743 0.7883
vn -0.6181 -0.2850 0.7326
vn 0.0575 0.4180 0.9066
vn -0.1214 0.5873 0.8002
vn -0.4595 0.1241 0.8794
vn -0.4894 -0.4883 0.7225
vn 0.0923 0.5066 0.8572
vn -0.1602 0.4640 0.8712
vn -0.4998 -0.1363 0.8553
vn -0.2524 -0.7941 0.5529
vn -0.1372 -0.6628 0.7361
vn 0.0551 -0.8882 0.4561
vn 0.1040 0.2209 0.9697
vn 0.2088 0.2439 0.9470
vn 0.0951 0.6317 0.7693
vn 0.1901 0.6155 0.7649
vn -0.2448 0.3076 0.9194
vn -0.5110 -0.2763 0.8140
vn 0.0009 -0.6991 0.7150
vn 0.4142 0.2632 0.8712
vn 0.5282 0.2737 0.8038
vn 0.2426 0.5435 0.8036
vn -0.3017 0.1856 0.9351
vn 0.5295 0.3580 0.7691
vn 0.5727 0.3752 0.7288
vn 0.2570 0.4638 0.8478
vn -0.1991 0.1436 0.9694
vn 0.5752 0.4038 0.7114
vn 0.6080 0.3751 0.6997
vn 0.2368 0.3693 0.8986
vn 0.6183 0.3807 0.6875
vn -0.1227 0.0465 0.9913
vn 0.2111 0.3070 0.9280
vn -0.1552 0.0029 0.9879
vn 0.6235 0.3741 0.6865
vn 0.1973 0.2469 0.9487
vn -0.2132 -0.0528 0.9756
vn -0.2628 -0.0648 0.9626
vn 0.6473 0.3110 0.6959
vn 0.1914 0.1964 0.9616
vn -0.2944 -0.0375 0.9549
vn 0.2061 0.1690 0.9638
vn 0.6940 0.2135 0.6876
vn -0.3228 0.0292 0.9460
vn 0.2404 0.1499 0.9590
vn -0.3135 0.0704 0.9470
vn 0.2825 0.1256 0.9510
vn -0.2669 0.0654 0.9615
vn 0.7374 0.1486 0.6589
vn 0.3333 0.0997 0.9375
vn -0.3809 -0.0149 0.9245
vn 0.1478 0.9040 0.4010
vn 0.4146 0.8111 0.4126
vn 0.2909 0.8708 0.3963
vn 0.6121 0.7574 0.2273
vn 0.1346 0.8507 0.5080
vn 0.9464 0.3100 -0.0901
vn -0.0844 0.8146 0.5739
vn 0.7643 0.1320 0.6312
vn 0.3791 0.0753 0.9223
vn -0.5055 -0.1053 0.8563
vn 0.4793 0.7558 0.4462
vn -0.1856 0.7308 0.6568
vn 0.4241 0.0495 0.9042
vn -0.4625 -0.1334 0.8765
vn 0.4508 0.7751 0.4426
vn 0.1773 0.7667 0.6170
vn 0.1751 0.6789 0.7130
vn -0.4585 0.6294 0.6274
vn 0.7801 0.1336 0.6112
vn 0.4714 0.0302 0.8813
vn -0.4201 -0.1532 0.8944
vn 0.2645 0.8306 0.4901
vn 0.5338 0.7578 0.3753
vn 0.4743 0.7382 0.4797
vn 0.4689 0.6889 0.5528
vn 0.3315 0.6388 0.6942
vn 0.7838 0.1408 0.6048
vn 0.5143 0.0092 0.8575
vn -0.3575 -0.1438 0.9228
vn 0.0476 0.8446 0.5332
vn 0.4400 0.8221 0.3612
vn 0.3692 0.7051 0.6054
vn 0.4223 0.6263 0.6553
vn 0.7857 0.1423 0.6019
vn 0.4538 -0.0702 0.8883
vn -0.2352 -0.1719 0.9566
vn 0.3795 0.8116 0.4442
vn 0.0280 0.8799 0.4742
vn 0.1829 0.6670 0.7223
vn -0.1877 -0.1664 0.9680
vn 0.4999 0.7605 0.4143
vn 0.0632 0.7962 0.6016
vn -0.7670 0.4555 0.4518
vn -0.6983 0.5639 0.4409
vn -0.7052 0.5817 0.4054
vn 0.5064 -0.1231 0.8535
vn 0.6440 -0.0900 0.7597
vn 0.8122 0.0419 0.5819
vn -0.7783 0.0120 0.6278
vn 0.4952 0.7223 0.4827
vn -0.0804 0.9031 0.4219
vn -0.4310 0.7817 0.4507
vn -0.8302 0.3293 0.4498
vn 0.6994 -0.1149 0.7055
vn -0.0348 -0.1767 0.9836
vn -0.5824 -0.0081 0.8129
vn -0.5212 -0.0236 0.8531
vn -0.8346 -0.0172 0.5506
vn -0.4058 0.7818 0.4733
vn -0.3582 0.7581 0.5449
vn -0.8507 0.2560 0.4590
vn 0.7634 -0.1617 0.6253
vn 0.8310 -0.2009 0.5186
vn 0.8909 -0.1100 0.4406
vn 0.2716 -0.2604 0.9265
vn 0.0868 -0.2087 0.9741
vn -0.8336 -0.1603 0.5287
vn -0.6312 0.5732 0.5224
vn 0.0466 0.9212 0.3861
vn -0.6806 0.5065 0.5294
vn -0.8287 0.2012 0.5223
vn -0.8794 0.0576 0.4725
vn 0.8609 -0.2231 0.4571
vn 0.6057 -0.2268 0.7626
vn 0.3998 -0.2575 0.8797
vn -0.3617 -0.1715 0.9163
vn 0.1506 -0.2254 0.9625
vn -0.3483 -0.1110 0.9308
vn -0.9088 -0.2864 0.3032
vn -0.7906 0.0696 0.6084
vn 0.2292 0.9287 0.2915
vn 0.1330 0.8764 0.4627
vn -0.3190 0.6605 0.6796
vn -0.6389 0.4302 0.6377
vn -0.8971 0.0799 0.4345
vn -0.8882 0.0576 0.4558
vn 0.6488 -0.1828 0.7387
vn 0.5205 -0.2488 0.8168
vn -0.1484 -0.1625 0.9755
vn -0.3332 -0.1480 0.9312
vn -0.9351 -0.3479 0.0672
vn -0.7379 0.0866 0.6693
vn 0.4501 0.8422 0.2966
vn 0.1368 0.7969 0.5883
vn -0.2930 0.6035 0.7415
vn -0.6029 0.3792 0.7019
vn -0.8698 0.0423 0.4916
vn 0.6581 -0.1677 0.7340
vn 0.1049 -0.0988 0.9895
vn -0.0060 -0.1289 0.9916
vn -0.6497 0.0613 0.7577
vn 0.4743 0.8010 0.3653
vn 0.1177 0.7362 0.6664
vn -0.2816 0.5668 0.7743
vn -0.8022 0.1655 0.5736
vn -0.7786 0.1349 0.6128
vn 0.1643 -0.0304 0.9859
vn -0.6401 -0.0015 0.7682
vn -0.5132 -0.0186 0.8581
vn 0.4016 0.7768 0.4849
vn 0.1018 0.7042 0.7026
vn -0.5795 0.3461 0.7378
vn -0.5676 0.3263 0.7559
vn -0.8419 0.0013 0.5396
vn 0.2061 0.0556 0.9769
vn -0.3589 -0.0015 0.9333
vn 0.2555 0.7650 0.5911
vn -0.2778 0.5406 0.7941
vn -0.2814 0.5223 0.8050
vn -0.7587 0.1032 0.6431
vn -0.8198 -0.0354 0.5716
vn 0.6952 -0.1179 0.7090
vn 0.2835 0.0943 0.9543
vn 0.0849 0.6854 0.7232
vn 0.0638 0.6859 0.7248
vn -0.5633 0.3067 0.7671
vn -0.7440 0.0703 0.6644
vn -0.7339 0.0373 0.6782
vn 0.7131 -0.0651 0.6980
vn 0.3128 0.1184 0.9424
vn 0.1946 0.7789 0.5962
vn -0.2940 0.5097 0.8086
vn -0.5674 0.2861 0.7721
vn -0.5780 0.2636 0.7722
vn -0.7982 -0.0762 0.5975
vn 0.6893 0.0403 0.7233
vn 0.6920 0.1093 0.7135
vn 0.4939 0.4129 0.7652
vn 0.0218 0.6908 0.7227
vn -0.3165 0.5006 0.8057
vn -0.3565 0.4913 0.7946
vn -0.7275 0.0023 0.6861
vn -0.7805 -0.1149 0.6144
vn 0.7002 0.1194 0.7038
vn -0.0159 0.8948 0.4460
vn -0.1409 0.7471 0.6496
vn -0.4113 0.6345 0.6544
vn -0.5907 0.2321 0.7728
vn -0.7269 -0.0325 0.6859
vn -0.7221 -0.0745 0.6877
vn 0.7397 0.1704 0.6510
vn -0.4456 0.7458 0.4952
vn -0.4479 0.6307 0.6337
vn -0.4243 0.4669 0.7758
vn -0.6004 0.1921 0.7762
vn -0.6072 0.1360 0.7828
vn -0.6155 0.0792 0.7841
vn -0.7685 -0.1440 0.6235
vn 0.0823 0.6796 0.7290
vn -0.0045 0.6944 0.7195
vn -0.0163 0.8564 0.5160
vn 0.0817 0.7029 0.7066
vn -0.0552 0.6391 0.7671
vn -0.0636 0.6720 0.7378
vn -0.2047 0.6210 0.7566
vn 0.6838 0.5552 0.4734
vn -0.3851 0.7626 0.5198
vn -0.4964 0.5056 0.7056
vn -0.4935 0.3980 0.7733
vn -0.5259 0.3202 0.7880
vn -0.5398 0.2600 0.8006
vn -0.7155 -0.1067 0.6904
vn -0.7582 -0.1666 0.6304
vn -0.1530 0.8675 0.4734
vn -0.1476 0.7729 0.6171
vn -0.0574 0.5974 0.7998
vn -0.1900 0.5831 0.7898
vn -0.2140 0.6491 0.7299
vn 0.8962 0.1763 0.4070
vn -0.0381 0.9770 0.2096
vn -0.4714 0.5722 0.6710
vn -0.5123 0.3815 0.7694
vn -0.5485 0.1801 0.8165
vn -0.6194 0.0255 0.7846
vn -0.7076 -0.1386 0.6929
vn -0.7471 -0.1854 0.6384
vn -0.3851 0.8218 0.4199
vn -0.0648 0.5689 0.8198
vn -0.1750 0.5471 0.8185
vn -0.0693 0.6672 0.7417
vn -0.3086 0.9067 0.2874
vn -0.3464 0.6686 0.6580
vn -0.4526 0.4463 0.7720
vn -0.5046 0.2870 0.8142
vn -0.6187 -0.0274 0.7851
vn -0.6975 -0.1725 0.6955
vn -0.6873 -0.2006 0.6981
vn -0.1742 0.5996 0.7811
vn -0.1666 0.5147 0.8410
vn -0.2061 0.6898 0.6940
vn -0.0990 0.4826 0.8702
vn -0.1336 0.8324 0.5379
vn -0.3313 0.5303 0.7804
vn -0.4319 0.3552 0.8290
vn -0.5478 0.1063 0.8298
vn -0.6129 -0.0808 0.7860
vn -0.6044 -0.1306 0.7859
vn -0.7370 -0.1971 0.6465
vn -0.1356 0.9181 0.3724
vn -0.2768 0.8783 0.3898
vn 0.0628 0.8981 0.4353
vn -0.3551 0.5430 0.7609
vn -0.1805 0.5082 0.8421
vn -0.2098 0.7269 0.6540
vn -0.0871 0.3399 0.9364
vn -0.1408 0.7273 0.6717
vn -0.1179 0.5766 0.8084
vn -0.3085 0.4336 0.8466
vn -0.4943 0.2084 0.8439
vn -0.5434 0.0399 0.8385
vn -0.5366 -0.0193 0.8436
vn -0.6784 -0.2196 0.7010
vn -0.7260 -0.2115 0.6543
vn 0.1343 0.8553 0.5004
vn -0.4174 0.7165 0.5589
vn -0.2453 0.5822 0.7751
vn -0.1896 0.7054 0.6829
vn -0.0109 0.1727 0.9849
vn -0.3535 -0.1161 0.9282
vn -0.4560 -0.1462 0.8779
vn 0.0938 0.8352 0.5419
vn 0.1194 0.6778 0.7255
vn -0.0979 0.4725 0.8759
vn -0.4105 0.2775 0.8686
vn -0.4802 0.1339 0.8668
vn -0.4632 0.0659 0.8838
vn -0.5978 -0.1711 0.7831
vn -0.6710 -0.2305 0.7047
vn -0.7151 -0.2268 0.6612
vn 0.3377 0.7694 0.5421
vn 0.3311 0.7124 0.6186
vn 0.4083 0.7606 0.5047
vn 0.4267 0.7356 0.5261
vn -0.2602 0.8453 0.4666
vn -0.4408 0.8459 0.3002
vn -0.3521 0.7851 0.5096
vn -0.7067 -0.0620 0.7048
vn -0.7088 0.0771 0.7012
vn 0.0996 0.9124 0.3970
vn 0.4005 0.7928 0.4593
vn 0.1430 0.5608 0.8155
vn -0.2833 0.3548 0.8910
vn -0.3867 0.1996 0.9003
vn -0.3617 0.1249 0.9239
vn -0.5280 -0.0702 0.8463
vn -0.5157 -0.1216 0.8481
vn -0.5912 -0.2038 0.7803
vn -0.6649 -0.2365 0.7085
vn 0.4610 0.5831 0.6689
vn 0.4960 0.5328 0.6856
vn 0.1756 0.7796 0.6011
vn -0.1837 0.8113 0.5550
vn -0.4925 0.7980 0.3472
vn -0.5672 0.2014 0.7986
vn 0.3689 0.8628 0.3457
vn 0.4415 0.6432 0.6256
vn 0.4691 0.5384 0.7000
vn -0.0782 0.3856 0.9193
vn -0.2568 0.2794 0.9252
vn -0.2296 0.2029 0.9519
vn -0.2046 0.1342 0.9696
vn -0.4438 0.0066 0.8961
vn -0.4254 -0.0493 0.9037
vn -0.4106 -0.0980 0.9065
vn -0.5039 -0.1654 0.8477
vn -0.5848 -0.2223 0.7801
vn -0.5764 -0.2381 0.7817
vn -0.7047 -0.2388 0.6681
vn 0.4874 0.4935 0.7203
vn 0.4235 0.6602 0.6203
vn 0.2150 0.7246 0.6548
vn -0.3959 0.8449 0.3597
vn -0.3525 0.8962 0.2692
vn 0.0829 0.8459 0.5269
vn 0.1968 0.6984 0.6881
vn 0.1738 0.4566 0.8725
vn -0.0553 0.3073 0.9500
vn -0.0308 0.2329 0.9720
vn -0.0052 0.1621 0.9867
vn -0.3389 0.0642 0.9386
vn -0.3188 0.0161 0.9477
vn -0.3005 -0.0292 0.9533
vn -0.3964 -0.1410 0.9071
vn -0.4912 -0.2041 0.8468
vn -0.4775 -0.2371 0.8460
vn -0.6564 -0.2512 0.7113
vn -0.6443 -0.2724 0.7146
vn 0.2511 0.6842 0.6847
vn -0.1121 0.7534 0.6479
vn -0.3011 0.8303 0.4689
vn -0.0990 0.8616 0.4978
vn 0.4858 0.4628 0.7415
vn 0.2020 0.3675 0.9078
vn 0.2267 0.2880 0.9304
vn 0.2479 0.2115 0.9454
vn -0.1810 0.0770 0.9804
vn -0.1583 0.0307 0.9869
vn -0.1355 -0.0131 0.9907
vn -0.2823 -0.0756 0.9563
vn -0.2625 -0.1227 0.9571
vn -0.3807 -0.1842 0.9062
vn -0.3645 -0.2232 0.9040
vn -0.5636 -0.2611 0.7837
vn -0.5473 -0.2892 0.7854
vn -0.6945 -0.2474 0.6755
vn 0.4623 0.5715 0.6780
vn -0.0862 0.7527 0.6526
vn 0.0542 0.7639 0.6430
vn -0.3869 0.7375 0.5535
vn -0.3165 0.6304 0.7088
vn 0.2597 0.5351 0.8038
vn 0.4975 0.3845 0.7776
vn 0.5094 0.3152 0.8007
vn 0.0196 0.1025 0.9945
vn 0.0434 0.0515 0.9977
vn 0.0676 0.0046 0.9977
vn -0.1121 -0.0603 0.9919
vn -0.0882 -0.1085 0.9901
vn -0.2414 -0.1685 0.9557
vn -0.2209 -0.2083 0.9528
vn -0.4620 -0.2699 0.8448
vn -0.4445 -0.3045 0.8424
vn -0.6316 -0.2889 0.7194
vn -0.6842 -0.2572 0.6824
vn 0.2986 0.6627 0.6867
vn 0.3370 0.6632 0.6682
vn -0.5016 0.7912 0.3500
vn -0.2246 0.5185 0.8250
vn -0.1802 0.4457 0.8769
vn 0.2808 0.3769 0.8826
vn 0.2654 0.1493 0.9525
vn 0.2820 0.0952 0.9546
vn 0.3011 0.0432 0.9526
vn 0.0913 -0.0413 0.9950
vn 0.1152 -0.0886 0.9893
vn -0.0639 -0.1546 0.9859
vn -0.0384 -0.1995 0.9791
vn -0.3483 -0.2592 0.9008
vn -0.3312 -0.2964 0.8957
vn -0.5320 -0.3095 0.7881
vn -0.6207 -0.2977 0.7252
vn -0.6760 -0.2592 0.6898
vn 0.5046 0.5036 0.7012
vn 0.5593 0.4415 0.7016
vn 0.3032 0.7247 0.6187
vn -0.1909 0.7846 0.5898
vn -0.1583 0.7066 0.6896
vn -0.1249 0.5870 0.7999
vn -0.0958 0.4905 0.8661
vn -0.1405 0.3703 0.9182
vn -0.1208 0.2898 0.9494
vn 0.5211 0.2431 0.8181
vn 0.5309 0.1828 0.8274
vn 0.5398 0.1101 0.8346
vn 0.3225 -0.0063 0.9465
vn 0.3449 -0.0560 0.9369
vn 0.1408 -0.1372 0.9805
vn 0.1667 -0.1860 0.9683
vn -0.2006 -0.2432 0.9490
vn -0.1800 -0.2777 0.9436
vn -0.4281 -0.3309 0.8409
vn -0.5187 -0.3207 0.7925
vn -0.6108 -0.3021 0.7318
vn -0.6814 -0.2697 0.6803
vn 0.5906 0.3895 0.7067
vn 0.2187 0.7931 0.5685
vn 0.1311 0.7538 0.6438
vn 0.1562 0.6433 0.7495
vn 0.1813 0.5399 0.8219
vn -0.0647 0.4048 0.9121
vn -0.0307 0.3287 0.9439
vn 0.0011 0.2693 0.9630
vn 0.2817 0.2518 0.9259
vn 0.2707 0.1623 0.9489
vn 0.5479 0.0419 0.8355
vn 0.3703 -0.1073 0.9227
vn 0.1947 -0.2325 0.9529
vn -0.0125 -0.2365 0.9715
vn 0.0141 -0.2683 0.9632
vn -0.3144 -0.3290 0.8905
vn -0.4144 -0.3451 0.8421
vn -0.5051 -0.3303 0.7973
vn -0.6004 -0.3059 0.7389
vn -0.6858 -0.2739 0.6743
vn 0.1201 0.8033 0.5834
vn 0.4734 0.6392 0.6060
vn 0.4970 0.5325 0.6850
vn 0.2099 0.4398 0.8732
vn 0.2409 0.3502 0.9051
vn 0.2669 0.2862 0.9202
vn -0.1136 0.2072 0.9717
vn -0.1137 0.1329 0.9846
vn 0.2380 0.1158 0.9643
vn 0.5490 -0.0223 0.8355
vn 0.3998 -0.1632 0.9019
vn 0.2262 -0.2737 0.9348
vn -0.1588 -0.3112 0.9370
vn -0.3004 -0.3494 0.8875
vn -0.4013 -0.3554 0.8441
vn -0.4905 -0.3404 0.8022
vn -0.5883 -0.3121 0.7459
vn -0.6776 -0.2762 0.6815
vn 0.4587 0.7037 0.5426
vn 0.7636 0.5075 0.3991
vn 0.5221 0.4342 0.7340
vn 0.5414 0.3505 0.7642
vn 0.0295 0.2146 0.9762
vn 0.0569 0.1593 0.9856
vn -0.1134 0.0733 0.9908
vn 0.1991 0.0864 0.9761
vn 0.5413 -0.0922 0.8357
vn 0.4292 -0.2165 0.8769
vn 0.0438 -0.3017 0.9524
vn -0.1382 -0.3375 0.9311
vn -0.2884 -0.3599 0.8873
vn -0.3884 -0.3658 0.8458
vn -0.4752 -0.3509 0.8068
vn -0.5744 -0.3203 0.7533
vn -0.6697 -0.2785 0.6884
vn 0.6810 0.6131 0.4003
vn 0.7922 0.4198 0.4429
vn 0.2907 0.2292 0.9289
vn 0.3173 0.1727 0.9325
vn 0.0831 0.1093 0.9905
vn -0.1061 0.0221 0.9941
vn 0.1669 0.0474 0.9848
vn 0.5132 -0.1657 0.8421
vn 0.2592 -0.3110 0.9144
vn 0.0747 -0.3304 0.9409
vn -0.1169 -0.3567 0.9268
vn -0.2745 -0.3707 0.8872
vn -0.3757 -0.3755 0.8473
vn -0.4592 -0.3629 0.8108
vn -0.5589 -0.3287 0.7613
vn -0.6579 -0.2821 0.6982
vn 0.7041 0.3521 0.6166
vn 0.5600 0.2834 0.7785
vn 0.5788 0.2161 0.7863
vn 0.3441 0.1238 0.9307
vn 0.1091 0.0627 0.9920
vn -0.0927 -0.0264 0.9953
vn 0.1487 0.0266 0.9885
vn 0.4566 -0.2624 0.8501
vn 0.2957 -0.3356 0.8943
vn 0.0981 -0.3479 0.9324
vn -0.0934 -0.3746 0.9224
vn -0.2567 -0.3856 0.8862
vn -0.3622 -0.3854 0.8487
vn -0.4425 -0.3752 0.8145
vn -0.5419 -0.3381 0.7694
vn -0.6459 -0.2848 0.7083
vn 0.5953 0.1646 0.7865
vn 0.3696 0.0811 0.9256
vn 0.1366 0.0113 0.9905
vn -0.0733 -0.0768 0.9943
vn 0.1276 -0.0399 0.9910
vn 0.4622 -0.2818 0.8408
vn 0.4837 -0.3030 0.8211
vn 0.3363 -0.3557 0.8720
vn 0.1256 -0.3682 0.9212
vn -0.0683 -0.3932 0.9169
vn -0.2357 -0.4026 0.8845
vn -0.3469 -0.3966 0.8499
vn -0.4276 -0.3832 0.8187
vn -0.5245 -0.3462 0.7778
vn -0.6319 -0.2906 0.7185
vn 0.6786 0.2599 0.6869
vn 0.3980 0.0323 0.9168
vn 0.1674 -0.0471 0.9847
vn -0.0479 -0.1299 0.9904
vn 0.0818 -0.1092 0.9906
vn 0.4184 -0.3715 0.8288
vn 0.5124 -0.3407 0.7882
vn 0.3710 -0.3634 0.8546
vn 0.1579 -0.3844 0.9095
vn -0.0427 -0.4108 0.9107
vn -0.2128 -0.4194 0.8825
vn -0.3304 -0.4065 0.8518
vn -0.4145 -0.3859 0.8241
vn -0.5102 -0.3475 0.7867
vn -0.6163 -0.2994 0.7284
vn 0.6127 0.1157 0.7818
vn 0.4235 -0.0129 0.9058
vn 0.1975 -0.1014 0.9750
vn -0.0201 -0.1803 0.9834
vn 0.0228 -0.1848 0.9825
vn 0.3572 -0.4348 0.8266
vn 0.5361 -0.3664 0.7605
vn 0.4055 -0.3655 0.8378
vn 0.1890 -0.4007 0.8965
vn -0.0171 -0.4253 0.9049
vn -0.1904 -0.4325 0.8813
vn -0.3138 -0.4124 0.8552
vn -0.4026 -0.3845 0.8307
vn -0.4957 -0.3497 0.7950
vn -0.5990 -0.3100 0.7382
vn 0.6277 0.0734 0.7749
vn 0.4463 -0.0562 0.8931
vn 0.2264 -0.1523 0.9620
vn 0.0089 -0.2250 0.9743
vn -0.0346 -0.2513 0.9673
vn 0.2800 -0.4199 0.8633
vn 0.5285 -0.3771 0.7606
vn 0.4399 -0.3710 0.8178
vn 0.2186 -0.4154 0.8830
vn 0.0083 -0.4358 0.9000
vn -0.1687 -0.4410 0.8815
vn -0.2978 -0.4134 0.8604
vn -0.3871 -0.3846 0.8379
vn -0.4794 -0.3576 0.8014
vn -0.5817 -0.3195 0.7480
vn 0.6918 0.1730 0.7010
vn 0.6439 0.0290 0.7645
vn 0.2524 -0.1975 0.9472
vn 0.0384 -0.2644 0.9636
vn -0.0735 -0.3051 0.9495
vn 0.2207 -0.3406 0.9139
vn 0.1742 -0.3157 0.9327
vn 0.4971 -0.4147 0.7621
vn 0.2486 -0.4277 0.8690
vn 0.0349 -0.4434 0.8956
vn -0.1470 -0.4456 0.8831
vn -0.2829 -0.4144 0.8650
vn -0.2684 -0.4136 0.8700
vn -0.3730 -0.3825 0.8453
vn -0.4662 -0.3610 0.8076
vn 0.6573 -0.0066 0.7536
vn 0.4685 -0.0993 0.8778
vn 0.2781 -0.2343 0.9315
vn 0.0646 -0.2996 0.9518
vn -0.0818 -0.3366 0.9381
vn 0.1145 -0.3411 0.9330
vn 0.4547 -0.4448 0.7716
vn 0.4713 -0.3804 0.7956
vn 0.2782 -0.4338 0.8570
vn 0.0623 -0.4482 0.8917
vn -0.1248 -0.4465 0.8860
vn -0.1022 -0.4442 0.8900
vn -0.2485 -0.4111 0.8770
vn -0.3644 -0.3807 0.8499
vn -0.5682 -0.3203 0.7580
vn 0.7115 0.0929 0.6965
vn 0.4917 -0.1451 0.8585
vn 0.3065 -0.2702 0.9127
vn 0.0910 -0.3327 0.9386
vn -0.0664 -0.3698 0.9267
vn 0.0847 -0.3451 0.9347
vn 0.0465 -0.3924 0.9186
vn 0.5017 -0.3916 0.7713
vn 0.3093 -0.4341 0.8461
vn 0.0902 -0.4508 0.8880
vn 0.1124 -0.4511 0.8853
vn -0.0779 -0.4417 0.8938
vn -0.3531 -0.3842 0.8531
vn -0.4554 -0.3594 0.8145
vn -0.5571 -0.3171 0.7674
vn 0.6689 -0.0479 0.7418
vn 0.5155 -0.1906 0.8354
vn 0.3351 -0.3031 0.8921
vn 0.1181 -0.3596 0.9256
vn -0.0482 -0.3977 0.9163
vn -0.0265 -0.4227 0.9059
vn 0.3952 -0.5088 0.7648
vn 0.5287 -0.4001 0.7485
vn 0.3465 -0.4269 0.8352
vn 0.1413 -0.4581 0.8776
vn -0.0508 -0.4387 0.8972
vn -0.2265 -0.4107 0.8832
vn -0.3408 -0.3876 0.8565
vn -0.4400 -0.3609 0.8223
vn -0.5403 -0.3218 0.7775
vn 0.7414 0.0105 0.6710
vn 0.5362 -0.2284 0.8126
vn 0.3656 -0.3334 0.8690
vn 0.1473 -0.3856 0.9108
vn 0.1801 -0.4130 0.8927
vn -0.0080 -0.4243 0.9055
vn 0.3504 -0.5236 0.7765
vn 0.5523 -0.4086 0.7266
vn 0.3894 -0.4241 0.8176
vn 0.1735 -0.4558 0.8730
vn -0.0215 -0.4363 0.8995
vn -0.2075 -0.4094 0.8884
vn -0.3302 -0.3874 0.8607
vn -0.4263 -0.3646 0.8278
vn -0.4178 -0.3621 0.8332
vn 0.5322 -0.1010 0.8405
vn 0.7438 -0.0657 0.6651
vn 0.8302 -0.2485 0.4989
vn 0.6850 -0.0926 0.7226
vn 0.5557 -0.2626 0.7888
vn 0.3960 -0.3611 0.8443
vn 0.2167 -0.4425 0.8701
vn -0.0005 -0.4445 0.8957
vn -0.0523 -0.4467 0.8931
vn 0.2959 -0.5043 0.8112
vn 0.5664 -0.4184 0.7100
vn 0.4297 -0.4209 0.7989
vn 0.2083 -0.4516 0.8675
vn 0.0092 -0.4352 0.9003
vn -0.1861 -0.4112 0.8923
vn -0.3156 -0.3891 0.8654
vn -0.3006 -0.3883 0.8711
vn -0.5248 -0.3242 0.7870
vn 0.7031 -0.1333 0.6984
vn 0.5754 -0.2936 0.7633
vn 0.4248 -0.3867 0.8185
vn 0.2544 -0.4699 0.8452
vn 0.0303 -0.4618 0.8864
vn -0.0764 -0.4629 0.8831
vn 0.2374 -0.4669 0.8518
vn 0.5559 -0.4304 0.7111
vn 0.4626 -0.4176 0.7820
vn 0.2458 -0.4454 0.8609
vn 0.0413 -0.4357 0.8991
vn -0.1621 -0.4157 0.8949
vn -0.1369 -0.4190 0.8976
vn -0.4073 -0.3545 0.8416
vn -0.5133 -0.3279 0.7931
vn 0.8451 -0.3349 0.4168
vn 0.7549 -0.1474 0.6390
vn 0.7694 -0.0575 0.6361
vn 0.7210 -0.1707 0.6715
vn 0.5976 -0.3250 0.7330
vn 0.4546 -0.4141 0.7885
vn 0.0671 -0.4771 0.8763
vn -0.0790 -0.4771 0.8753
vn 0.1945 -0.4147 0.8889
vn 0.1499 -0.4199 0.8951
vn 0.5041 -0.4225 0.7533
vn 0.2869 -0.4407 0.8505
vn 0.0746 -0.4376 0.8961
vn -0.1104 -0.4207 0.9004
vn -0.2826 -0.3882 0.8772
vn -0.3955 -0.3513 0.8486
vn -0.5025 -0.3313 0.7985
vn -0.6256 -0.3014 0.7195
vn 0.7574 -0.2458 0.6048
vn 0.7775 -0.3556 0.5187
vn 0.8739 -0.2653 0.4073
vn 0.7968 -0.1124 0.5936
vn 0.7442 -0.2107 0.6338
vn 0.6221 -0.3506 0.7001
vn 0.2970 -0.4836 0.8234
vn 0.0976 -0.4878 0.8675
vn -0.0630 -0.4885 0.8703
vn 0.0791 -0.4396 0.8947
vn 0.5276 -0.4877 0.6954
vn 0.5504 -0.4191 0.7221
vn 0.3371 -0.4317 0.8366
vn 0.0993 -0.4354 0.8947
vn -0.0819 -0.4237 0.9021
vn -0.2622 -0.3906 0.8824
vn -0.3818 -0.3523 0.8544
vn -0.4927 -0.3357 0.8028
vn -0.6170 -0.3048 0.7255
vn -0.6377 -0.2916 0.7129
vn 0.8060 -0.3332 0.4892
vn 0.8656 -0.3069 0.3956
vn 0.7743 0.0164 0.6325
vn 0.7684 -0.2438 0.5917
vn 0.6463 -0.3699 0.6674
vn 0.4814 -0.4377 0.7593
vn 0.3428 -0.4928 0.7998
vn 0.1355 -0.5042 0.8528
vn -0.0344 -0.4983 0.8663
vn 0.0435 -0.4250 0.9041
vn 0.4680 -0.5198 0.7146
vn 0.5917 -0.4184 0.6890
vn 0.3962 -0.4274 0.8126
vn 0.1322 -0.4435 0.8864
vn -0.0511 -0.4270 0.9028
vn -0.2391 -0.3871 0.8905
vn -0.3716 -0.3525 0.8589
vn -0.4831 -0.3427 0.8057
vn -0.6071 -0.3098 0.7317
vn -0.6381 -0.2782 0.7179
vn 0.6934 -0.2085 0.6897
vn 0.7314 -0.3192 0.6026
vn 0.8337 -0.3544 0.4234
vn 0.8762 -0.2472 0.4138
vn 0.8231 -0.1592 0.5450
vn 0.6717 -0.3846 0.6331
vn 0.5069 -0.4536 0.7330
vn 0.3762 -0.4890 0.7870
vn 0.1758 -0.5081 0.8431
vn -0.0035 -0.5016 0.8650
vn 0.0037 -0.4682 0.8836
vn 0.3841 -0.5540 0.7386
vn 0.6150 -0.4136 0.6713
vn 0.4335 -0.4220 0.7962
vn 0.1731 -0.4499 0.8761
vn -0.0161 -0.4316 0.9019
vn -0.2108 -0.3918 0.8956
vn -0.3562 -0.3674 0.8591
vn -0.4687 -0.3566 0.8082
vn -0.5954 -0.3201 0.7369
vn -0.6310 -0.2605 0.7307
vn 0.7827 -0.3416 0.5202
vn 0.7946 -0.3743 0.4780
vn 0.8347 -0.2991 0.4623
vn 0.7996 -0.2743 0.5341
vn 0.7047 -0.3905 0.5923
vn 0.5359 -0.4596 0.7082
vn 0.4109 -0.4810 0.7744
vn 0.2127 -0.5059 0.8359
vn 0.0296 -0.5047 0.8627
vn -0.0432 -0.4789 0.8768
vn 0.3222 -0.4936 0.8078
vn 0.2612 -0.4415 0.8584
vn 0.4909 -0.4410 0.7513
vn 0.2192 -0.4622 0.8592
vn 0.0260 -0.4431 0.8961
vn -0.1835 -0.4009 0.8975
vn -0.3399 -0.3778 0.8612
vn -0.4561 -0.3636 0.8123
vn -0.5839 -0.3304 0.7415
vn -0.6474 -0.2514 0.7195
vn 0.8465 -0.3218 0.4241
vn 0.7365 -0.4071 0.5401
vn 0.7495 -0.3940 0.5319
vn 0.8531 -0.2057 0.4794
vn 0.5681 -0.4603 0.6821
vn 0.4498 -0.4744 0.7567
vn 0.2498 -0.5045 0.8265
vn 0.0647 -0.5062 0.8599
vn -0.0613 -0.4808 0.8747
vn 0.2164 -0.3827 0.8981
vn 0.6086 -0.4543 0.6505
vn 0.5569 -0.4516 0.6970
vn 0.2732 -0.4778 0.8348
vn 0.0742 -0.4606 0.8845
vn -0.1512 -0.4155 0.8969
vn -0.3213 -0.3905 0.8627
vn -0.4425 -0.3712 0.8163
vn -0.5723 -0.3370 0.7475
vn -0.6634 -0.2445 0.7072
vn 0.7767 -0.2679 0.5700
vn 0.8340 -0.3504 0.4261
vn 0.7807 -0.3755 0.4994
vn 0.6873 -0.4169 0.5948
vn 0.6556 -0.4353 0.6170
vn 0.6063 -0.4479 0.6571
vn 0.4798 -0.4677 0.7423
vn 0.2917 -0.4974 0.8170
vn 0.0918 -0.5027 0.8596
vn -0.0528 -0.4787 0.8764
vn 0.1534 -0.4238 0.8927
vn 0.5330 -0.5380 0.6530
vn 0.6118 -0.4631 0.6412
vn 0.3382 -0.4890 0.8040
vn 0.1171 -0.4814 0.8686
vn -0.1124 -0.4379 0.8920
vn -0.2979 -0.4102 0.8619
vn -0.4266 -0.3808 0.8203
vn -0.5585 -0.3471 0.7534
vn -0.6783 -0.2375 0.6953
vn 0.7726 -0.4032 0.4904
vn 0.6447 -0.4266 0.6342
vn 0.5988 -0.4442 0.6664
vn 0.5582 -0.4629 0.6886
vn 0.5178 -0.4704 0.7145
vn 0.3394 -0.4953 0.7996
vn 0.1271 -0.5071 0.8524
vn -0.0286 -0.4791 0.8773
vn 0.1079 -0.4004 0.9099
vn 0.0300 -0.4569 0.8890
vn 0.4184 -0.5856 0.6942
vn 0.4160 -0.5181 0.7473
vn 0.1727 -0.5221 0.8352
vn -0.0649 -0.4693 0.8806
vn -0.2713 -0.4284 0.8619
vn -0.4076 -0.3933 0.8241
vn -0.5445 -0.3570 0.7590
vn -0.6893 -0.2364 0.6848
vn 0.8177 -0.4004 0.4135
vn 0.8056 -0.3825 0.4524
vn 0.7230 -0.4826 0.4942
vn 0.7156 -0.4140 0.5625
vn 0.6705 -0.4096 0.6185
vn 0.5307 -0.4780 0.6999
vn 0.4920 -0.4791 0.7269
vn 0.4247 -0.4853 0.7642
vn 0.3815 -0.4912 0.7830
vn 0.1676 -0.5040 0.8473
vn 0.0004 -0.4804 0.8770
vn 0.0345 -0.4832 0.8748
vn -0.0435 -0.4654 0.8840
vn 0.6201 -0.4810 0.6197
vn 0.4734 -0.5469 0.6904
vn 0.2408 -0.5624 0.7910
vn -0.0085 -0.5060 0.8625
vn -0.2372 -0.4517 0.8600
vn -0.3850 -0.4140 0.8248
vn -0.5271 -0.3771 0.7615
vn -0.6997 -0.2327 0.6755
vn 0.8004 -0.4164 0.4312
vn 0.7840 -0.4613 0.4153
vn 0.6579 -0.4700 0.5883
vn 0.6105 -0.4677 0.6391
vn 0.5669 -0.4776 0.6712
vn 0.4015 -0.4971 0.7692
vn 0.3572 -0.4969 0.7909
vn 0.4559 -0.4780 0.7508
vn 0.2565 -0.5025 0.8256
vn 0.2107 -0.5013 0.8392
vn 0.0741 -0.4872 0.8701
vn 0.3362 -0.4950 0.8012
vn 0.3052 -0.3919 0.8679
vn 0.5357 -0.5842 0.6098
vn 0.3102 -0.6037 0.7343
vn 0.0567 -0.5475 0.8349
vn -0.1930 -0.4859 0.8524
vn -0.3589 -0.4377 0.8243
vn -0.5100 -0.4050 0.7589
vn -0.7122 -0.2224 0.6658
vn 0.6578 -0.3480 0.6680
vn 0.7439 -0.3914 0.5416
vn 0.6447 -0.5231 0.5574
vn 0.5735 -0.5251 0.6287
vn 0.5247 -0.5182 0.6754
vn 0.4457 -0.4972 0.7444
vn 0.2433 -0.5200 0.8188
vn 0.1959 -0.5111 0.8369
vn 0.3052 -0.4967 0.8125
vn -0.0664 -0.4668 0.8819
vn -0.0545 -0.4722 0.8798
vn 0.2196 -0.4144 0.8832
vn 0.5381 -0.6073 0.5845
vn 0.3925 -0.6493 0.6514
vn 0.1310 -0.5939 0.7938
vn -0.1389 -0.5267 0.8386
vn -0.3249 -0.4685 0.8215
vn -0.4964 -0.4263 0.7562
vn -0.7229 -0.2177 0.6558
vn 0.5427 -0.2470 0.8027
vn 0.6935 -0.5300 0.4880
vn 0.4517 -0.5576 0.6964
vn 0.4012 -0.5473 0.7345
vn 0.4826 -0.5016 0.7180
vn 0.2936 -0.5230 0.8001
vn 0.0602 -0.5108 0.8576
vn 0.0155 -0.4963 0.8680
vn 0.1497 -0.5048 0.8502
vn 0.1082 -0.4908 0.8645
vn -0.0243 -0.4826 0.8755
vn 0.1710 -0.3781 0.9098
vn 0.0130 -0.4982 0.8669
vn 0.5718 -0.6288 0.5269
vn 0.4961 -0.6980 0.5164
vn 0.2002 -0.6380 0.7436
vn -0.0722 -0.5737 0.8159
vn -0.2819 -0.5104 0.8124
vn -0.4728 -0.4668 0.7474
vn -0.7356 -0.2174 0.6416
vn 0.5540 -0.5878 0.5895
vn 0.4925 -0.5649 0.6620
vn 0.2459 -0.5843 0.7733
vn 0.3498 -0.5345 0.7693
vn 0.1435 -0.5495 0.8230
vn 0.0987 -0.5256 0.8450
vn -0.0616 -0.4680 0.8816
vn 0.3567 -0.6791 0.6415
vn 0.2842 -0.5489 0.7860
vn 0.4164 -0.7490 0.5153
vn 0.2923 -0.6885 0.6637
vn 0.0083 -0.6279 0.7783
vn -0.2304 -0.5673 0.7906
vn -0.4410 -0.5268 0.7266
vn -0.5594 -0.4174 0.7161
vn -0.7449 -0.2139 0.6319
vn 0.6719 -0.4964 0.5496
vn 0.6603 -0.3291 0.6750
vn 0.6272 -0.5973 0.4998
vn 0.3532 -0.6164 0.7038
vn 0.2993 -0.6004 0.7415
vn 0.0329 -0.5927 0.8047
vn 0.1932 -0.5660 0.8014
vn -0.0647 -0.5538 0.8301
vn -0.1013 -0.5318 0.8408
vn -0.1001 -0.5250 0.8451
vn 0.1386 -0.5354 0.8332
vn 0.0466 -0.4722 0.8803
vn 0.5712 -0.6812 0.4580
vn 0.4061 -0.7164 0.5673
vn 0.0989 -0.6819 0.7247
vn -0.1700 -0.6325 0.7557
vn -0.4047 -0.5995 0.6905
vn -0.5320 -0.4748 0.7011
vn -0.5810 -0.3771 0.7212
vn 0.6438 -0.3860 0.6607
vn 0.6299 -0.5119 0.5840
vn 0.4174 -0.6410 0.6440
vn 0.1597 -0.6409 0.7508
vn 0.0992 -0.6161 0.7814
vn -0.2123 -0.5957 0.7746
vn -0.0206 -0.5780 0.8158
vn 0.0549 -0.4746 0.8784
vn 0.2314 -0.6963 0.6794
vn 0.4607 -0.7260 0.5105
vn 0.1942 -0.7292 0.6561
vn -0.1046 -0.7105 0.6958
vn -0.3628 -0.7080 0.6059
vn -0.4918 -0.5699 0.6583
vn -0.6091 -0.3266 0.7226
vn 0.6710 -0.5672 0.4776
vn 0.4750 -0.6619 0.5799
vn 0.2242 -0.6752 0.7027
vn -0.1175 -0.6848 0.7192
vn -0.1680 -0.6334 0.7553
vn -0.4207 -0.6060 0.6751
vn -0.2369 -0.5692 0.7873
vn -0.1585 -0.6072 0.7786
vn -0.1322 -0.5994 0.7894
vn 0.2734 -0.7738 0.5714
vn -0.0543 -0.8027 0.5938
vn -0.3307 -0.7793 0.5323
vn -0.4379 -0.6919 0.5739
vn -0.6280 -0.3000 0.7180
vn 0.2814 -0.7349 0.6169
vn -0.0522 -0.7744 0.6305
vn -0.3894 -0.6605 0.6420
vn -0.3996 -0.5803 0.7096
vn 0.3488 -0.7928 0.4997
vn 0.0302 -0.8497 0.5264
vn -0.4109 -0.7360 0.5380
vn -0.6422 -0.2881 0.7103
vn 0.2697 -0.7857 0.5567
vn -0.0077 -0.8299 0.5578
vn -0.3559 -0.7526 0.5540
vn -0.4958 -0.7009 0.5127
vn 0.5450 -0.7216 0.4268
vn 0.3828 -0.7620 0.5222
vn -0.6503 -0.2900 0.7021
vn -0.3423 -0.7932 0.5036
vn -0.4902 -0.7468 0.4494
vn -0.6532 -0.3006 0.6950
vn -0.6616 -0.2949 0.6894
vn -0.6754 -0.2767 0.6835
vn -0.6875 -0.2626 0.6770
vn -0.7079 -0.2310 0.6674
vn -0.7223 -0.2042 0.6608
usemtl Material.001
s 1
f 3/1/1 4/2/2 2/3/3
f 1/4/4 7/5/5 6/6/6
f 3/1/1 5/7/7 4/2/2
f 5/7/7 6/6/6 4/2/2
f 6/6/6 7/5/5 4/2/2
f 7/5/5 10/8/8 4/2/2
f 1/4/4 10/8/8 7/5/5
f 4/2/2 14/9/9 9/10/10
f 10/8/8 15/11/11 4/2/2
f 8/12/12 16/13/13 11/14/14
f 14/9/9 18/15/15 9/10/10
f 14/9/9 4/2/2 18/15/15
f 4/2/2 15/11/11 18/15/15
f 15/11/11 19/16/16 18/15/15
f 10/8/8 16/13/13 15/11/11
f 8/12/12 12/17/17 16/13/13
f 12/17/17 17/18/18 16/13/13
f 17/18/18 20/19/19 16/13/13
f 18/15/15 22/20/20 13/21/21
f 18/15/15 23/22/22 22/20/20
f 19/16/16 23/22/22 18/15/15
f 19/16/16 24/23/23 23/22/22
f 15/11/11 25/24/24 19/16/16
f 16/13/13 25/24/24 15/11/11
f 16/13/13 26/25/25 25/24/24
f 20/19/19 21/26/26 16/13/13
f 21/26/26 27/27/27 16/13/13
f 24/23/23 28/28/28 23/22/22
f 24/23/23 29/29/29 28/28/28
f 19/16/16 30/30/30 24/23/23
f 25/24/24 30/30/30 19/16/16
f 25/24/24 31/31/31 30/30/30
f 26/25/25 31/31/31 25/24/24
f 26/25/25 32/32/32 31/31/31
f 16/13/13 27/27/27 26/25/25
f 27/27/27 33/33/33 26/25/25
f 24/23/23 34/34/34 29/29/29
f 30/30/30 35/35/35 24/23/23
f 31/31/31 36/36/36 30/30/30
f 32/32/32 37/37/37 31/31/31
f 26/25/25 33/33/33 32/32/32
f 24/23/23 35/35/35 34/34/34
f 35/35/35 40/38/38 34/34/34
f 30/30/30 36/36/36 35/35/35
f 36/36/36 41/39/39 35/35/35
f 31/31/31 37/37/37 36/36/36
f 37/37/37 42/40/40 36/36/36
f 32/32/32 43/41/41 37/37/37
f 38/42/42 43/41/41 32/32/32
f 38/42/42 44/43/43 43/41/41
f 34/34/34 40/38/38 39/44/44
f 40/38/38 45/45/45 39/44/44
f 40/38/38 46/46/46 45/45/45
f 35/35/35 46/46/46 40/38/38
f 35/35/35 41/39/39 46/46/46
f 41/39/39 47/47/47 46/46/46
f 36/36/36 42/40/40 41/39/39
f 42/40/40 48/48/48 41/39/39
f 37/37/37 49/49/49 42/40/40
f 43/41/41 49/49/49 37/37/37
f 38/42/42 50/50/50 44/43/43
f 46/46/46 51/51/51 45/45/45
f 47/47/47 51/51/51 46/46/46
f 47/47/47 52/52/52 51/51/51
f 41/39/39 48/48/48 47/47/47
f 48/48/48 53/53/53 47/47/47
f 42/40/40 49/49/49 48/48/48
f 49/49/49 54/54/54 48/48/48
f 47/47/47 55/55/55 52/52/52
f 53/53/53 55/55/55 47/47/47
f 53/53/53 56/56/56 55/55/55
f 48/48/48 54/54/54 53/53/53
f 54/54/54 57/57/57 53/53/53
f 49/49/49 58/58/58 54/54/54
f 53/53/53 59/59/59 56/56/56
f 57/57/57 59/59/59 53/53/53
f 57/57/57 60/60/60 59/59/59
f 54/54/54 58/58/58 57/57/57
f 58/58/58 61/61/61 57/57/57
f 57/57/57 61/61/61 60/60/60
f 61/61/61 62/62/62 60/60/60
f 58/58/58 63/63/63 61/61/61
f 61/61/61 65/64/64 62/62/62
f 63/63/63 66/65/65 61/61/61
f 65/64/64 68/66/66 62/62/62
f 65/64/64 69/67/67 68/66/66
f 61/61/61 66/65/65 65/64/64
f 66/65/65 64/68/68 65/64/64
f 67/69/69 69/67/67 64/68/68
f 69/67/67 71/70/70 68/66/66
f 69/67/67 65/64/64 64/68/68
f 67/69/69 72/71/71 69/67/67
f 70/72/72 72/71/71 67/69/69
f 70/72/72 73/73/73 72/71/71
f 69/67/67 72/71/71 71/70/70
f 72/71/71 73/73/73 71/70/70
f 73/73/73 74/74/74 71/70/70
f 70/72/72 75/75/75 73/73/73
f 73/73/73 76/76/76 74/74/74
f 75/75/75 77/77/77 73/73/73
f 76/76/76 80/78/78 74/74/74
f 73/73/73 77/77/77 76/76/76
f 77/77/77 81/79/79 76/76/76
f 80/78/78 79/80/80 74/74/74
f 80/78/78 86/81/81 79/80/80
f 76/76/76 81/79/79 80/78/78
f 81/79/79 87/82/82 80/78/78
f 83/83/83 89/84/84 88/85/85
f 84/86/86 90/87/87 83/83/83
f 78/88/88 91/89/89 84/86/86
f 86/81/81 85/90/90 79/80/80
f 86/81/81 93/91/91 85/90/90
f 80/78/78 87/82/82 86/81/81
f 87/82/82 94/92/92 86/81/81
f 83/83/83 90/87/87 89/84/84
f 90/87/87 95/93/93 89/84/84
f 84/86/86 91/89/89 90/87/87
f 91/89/89 96/94/94 90/87/87
f 93/91/91 98/95/95 85/90/90
f 86/81/81 94/92/92 93/91/91
f 94/92/92 99/96/96 93/91/91
f 95/93/93 100/97/97 89/84/84
f 90/87/87 101/98/98 95/93/93
f 96/94/94 101/98/98 90/87/87
f 96/94/94 102/99/99 101/98/98
f 91/89/89 97/100/100 96/94/94
f 98/95/95 92/101/101 85/90/90
f 98/95/95 104/102/102 92/101/101
f 93/91/91 99/96/96 98/95/95
f 99/96/96 105/103/103 98/95/95
f 100/97/97 106/104/104 89/84/84
f 95/93/93 107/105/105 100/97/97
f 101/98/98 108/106/106 95/93/93
f 102/99/99 108/106/106 101/98/98
f 102/99/99 109/107/107 108/106/106
f 96/94/94 110/108/108 102/99/99
f 104/102/102 103/109/109 92/101/101
f 104/102/102 113/110/110 103/109/109
f 98/95/95 105/103/103 104/102/102
f 105/103/103 114/111/111 104/102/102
f 100/97/97 115/112/112 106/104/104
f 95/93/93 108/106/106 107/105/105
f 108/106/106 116/113/113 107/105/105
f 109/107/107 116/113/113 108/106/106
f 109/107/107 117/114/114 116/113/113
f 102/99/99 110/108/108 109/107/107
f 110/108/108 117/114/114 109/107/107
f 110/108/108 118/115/115 117/114/114
f 113/110/110 112/116/116 103/109/109
f 113/110/110 119/117/117 112/116/116
f 104/102/102 114/111/111 113/110/110
f 114/111/111 120/118/118 113/110/110
f 115/112/112 121/119/119 106/104/104
f 117/114/114 122/120/120 116/113/113
f 118/115/115 123/121/121 117/114/114
f 113/110/110 120/118/118 119/117/117
f 120/118/118 128/122/122 119/117/117
f 121/119/119 125/123/123 106/104/104
f 117/114/114 123/121/121 122/120/120
f 123/121/121 129/124/124 122/120/120
f 118/115/115 129/124/124 123/121/121
f 124/125/125 130/126/126 111/127/127
f 127/128/128 132/129/129 126/130/130
f 128/122/122 127/128/128 119/117/117
f 120/118/118 133/131/131 128/122/122
f 121/119/119 134/132/132 125/123/123
f 129/124/124 135/133/133 122/120/120
f 130/126/126 136/134/134 111/127/127
f 124/125/125 137/135/135 130/126/126
f 132/129/129 139/136/136 126/130/130
f 127/128/128 140/137/137 132/129/129
f 128/122/122 140/137/137 127/128/128
f 128/122/122 141/138/138 140/137/137
f 133/131/131 142/139/139 128/122/122
f 120/118/118 114/111/111 133/131/131
f 114/111/111 143/140/140 133/131/131
f 135/133/133 144/141/141 122/120/120
f 130/126/126 145/142/142 136/134/134
f 137/135/135 146/143/143 130/126/126
f 138/144/144 148/145/145 131/146/146
f 126/130/130 139/136/136 138/144/144
f 139/136/136 149/147/147 138/144/144
f 132/129/129 150/148/148 139/136/136
f 140/137/137 150/148/148 132/129/129
f 140/137/137 142/139/139 150/148/148
f 114/111/111 151/149/149 143/140/140
f 135/133/133 152/150/150 144/141/141
f 145/142/142 153/151/151 136/134/134
f 130/126/126 154/152/152 145/142/142
f 146/143/143 154/152/152 130/126/126
f 146/143/143 155/153/153 154/152/152
f 137/135/135 156/154/154 146/143/143
f 131/146/146 148/145/145 147/155/155
f 148/145/145 157/156/156 147/155/155
f 138/144/144 158/157/157 148/145/145
f 149/147/147 158/157/157 138/144/144
f 149/147/147 159/158/158 158/157/157
f 139/136/136 160/159/159 149/147/147
f 150/148/148 160/159/159 139/136/136
f 142/139/139 160/159/159 150/148/148
f 142/139/139 161/160/160 160/159/159
f 140/137/137 141/138/138 142/139/139
f 114/111/111 105/103/103 151/149/149
f 105/103/103 162/161/161 151/149/149
f 152/150/150 163/162/162 144/141/141
f 135/133/133 164/163/163 152/150/150
f 145/142/142 165/164/164 153/151/151
f 154/152/152 166/165/165 145/142/142
f 155/153/153 167/166/166 154/152/152
f 146/143/143 168/167/167 155/153/153
f 156/154/154 169/168/168 146/143/143
f 157/156/156 170/169/169 147/155/155
f 148/145/145 171/170/170 157/156/156
f 158/157/157 171/170/170 148/145/145
f 158/157/157 172/171/171 171/170/170
f 159/158/158 173/172/172 158/157/157
f 149/147/147 161/160/160 159/158/158
f 161/160/160 149/147/147 160/159/159
f 162/161/161 82/173/173 151/149/149
f 105/103/103 99/96/96 162/161/161
f 99/96/96 94/92/92 162/161/161
f 94/92/92 87/82/82 162/161/161
f 152/150/150 174/174/174 163/162/162
f 165/164/164 175/175/175 153/151/151
f 145/142/142 166/165/165 165/164/164
f 166/165/165 176/176/176 165/164/164
f 154/152/152 167/166/166 166/165/165
f 167/166/166 177/177/177 166/165/165
f 155/153/153 178/178/178 167/166/166
f 168/167/167 179/179/179 155/153/153
f 146/143/143 169/168/168 168/167/167
f 170/169/169 180/180/180 147/155/155
f 157/156/156 181/181/181 170/169/169
f 171/170/170 182/182/182 157/156/156
f 172/171/171 182/182/182 171/170/170
f 172/171/171 183/183/183 182/182/182
f 158/157/157 173/172/172 172/171/171
f 173/172/172 174/174/174 172/171/171
f 159/158/158 163/162/162 173/172/172
f 152/150/150 183/183/183 174/174/174
f 165/164/164 176/176/176 175/175/175
f 176/176/176 184/184/184 175/175/175
f 166/165/165 177/177/177 176/176/176
f 177/177/177 185/185/185 176/176/176
f 167/166/166 178/178/178 177/177/177
f 178/178/178 186/186/186 177/177/177
f 155/153/153 187/187/187 178/178/178
f 179/179/179 187/187/187 155/153/153
f 179/179/179 188/188/188 187/187/187
f 170/169/169 189/189/189 180/180/180
f 181/181/181 189/189/189 170/169/169
f 181/181/181 190/190/190 189/189/189
f 157/156/156 182/182/182 181/181/181
f 182/182/182 190/190/190 181/181/181
f 183/183/183 190/190/190 182/182/182
f 183/183/183 152/150/150 190/190/190
f 152/150/150 191/191/191 190/190/190
f 174/174/174 183/183/183 172/171/171
f 163/162/162 190/190/190 173/172/172
f 159/158/158 161/160/160 163/162/162
f 184/184/184 164/163/163 175/175/175
f 176/176/176 185/185/185 184/184/184
f 185/185/185 192/192/192 184/184/184
f 177/177/177 186/186/186 185/185/185
f 186/186/186 193/193/193 185/185/185
f 178/178/178 194/194/194 186/186/186
f 187/187/187 194/194/194 178/178/178
f 187/187/187 188/188/188 194/194/194
f 188/188/188 195/195/195 194/194/194
f 179/179/179 196/196/196 188/188/188
f 189/189/189 197/197/197 180/180/180
f 152/150/150 198/198/198 191/191/191
f 184/184/184 192/192/192 164/163/163
f 185/185/185 193/193/193 192/192/192
f 193/193/193 199/199/199 192/192/192
f 186/186/186 200/200/200 193/193/193
f 194/194/194 200/200/200 186/186/186
f 194/194/194 195/195/195 200/200/200
f 195/195/195 201/201/201 200/200/200
f 188/188/188 202/202/202 195/195/195
f 196/196/196 202/202/202 188/188/188
f 196/196/196 203/203/203 202/202/202
f 197/197/197 204/204/204 180/180/180
f 189/189/189 191/191/191 197/197/197
f 198/198/198 197/197/197 191/191/191
f 198/198/198 205/205/205 197/197/197
f 193/193/193 206/206/206 199/199/199
f 200/200/200 206/206/206 193/193/193
f 200/200/200 201/201/201 206/206/206
f 201/201/201 207/207/207 206/206/206
f 195/195/195 208/208/208 201/201/201
f 202/202/202 208/208/208 195/195/195
f 202/202/202 209/209/209 208/208/208
f 203/203/203 209/209/209 202/202/202
f 203/203/203 210/210/210 209/209/209
f 197/197/197 205/205/205 204/204/204
f 205/205/205 211/211/211 204/204/204
f 198/198/198 212/212/212 205/205/205
f 206/206/206 207/207/207 199/199/199
f 207/207/207 213/213/213 199/199/199
f 201/201/201 214/214/214 207/207/207
f 208/208/208 214/214/214 201/201/201
f 208/208/208 215/215/215 214/214/214
f 209/209/209 215/215/215 208/208/208
f 209/209/209 210/210/210 215/215/215
f 210/210/210 216/216/216 215/215/215
f 203/203/203 217/217/217 210/210/210
f 205/205/205 218/218/218 211/211/211
f 212/212/212 218/218/218 205/205/205
f 212/212/212 219/219/219 218/218/218
f 198/198/198 220/220/220 212/212/212
f 207/207/207 221/221/221 213/213/213
f 214/214/214 221/221/221 207/207/207
f 214/214/214 222/222/222 221/221/221
f 215/215/215 222/222/222 214/214/214
f 215/215/215 216/216/216 222/222/222
f 216/216/216 223/223/223 222/222/222
f 210/210/210 224/224/224 216/216/216
f 217/217/217 224/224/224 210/210/210
f 217/217/217 225/225/225 224/224/224
f 212/212/212 220/220/220 219/219/219
f 220/220/220 227/226/226 219/219/219
f 221/221/221 228/227/227 213/213/213
f 222/222/222 229/228/228 221/221/221
f 223/223/223 229/228/228 222/222/222
f 223/223/223 230/229/229 229/228/228
f 216/216/216 231/230/230 223/223/223
f 224/224/224 231/230/230 216/216/216
f 224/224/224 232/231/231 231/230/230
f 225/225/225 232/231/231 224/224/224
f 225/225/225 233/232/232 232/231/231
f 220/220/220 237/233/233 227/226/226
f 221/221/221 229/228/228 228/227/227
f 229/228/228 238/234/234 228/227/227
f 230/229/229 238/234/234 229/228/228
f 230/229/229 239/235/235 238/234/234
f 223/223/223 240/236/236 230/229/229
f 231/230/230 240/236/236 223/223/223
f 231/230/230 241/237/237 240/236/236
f 232/231/231 241/237/237 231/230/230
f 232/231/231 242/238/238 241/237/237
f 233/232/232 242/238/238 232/231/231
f 233/232/232 243/239/239 242/238/238
f 225/225/225 244/240/240 233/232/232
f 235/241/241 246/242/242 234/243/243
f 226/244/244 247/245/245 235/241/241
f 236/246/246 247/245/245 226/244/244
f 236/246/246 248/247/247 247/245/245
f 220/220/220 249/248/248 237/233/233
f 238/234/234 250/249/249 228/227/227
f 239/235/235 251/250/250 238/234/234
f 230/229/229 240/236/236 239/235/235
f 240/236/236 252/251/251 239/235/235
f 241/237/237 252/251/251 240/236/236
f 241/237/237 242/238/238 252/251/251
f 242/238/238 253/252/252 252/251/251
f 243/239/239 253/252/252 242/238/238
f 243/239/239 254/253/253 253/252/252
f 233/232/232 255/254/254 243/239/239
f 244/240/240 255/254/254 233/232/232
f 244/240/240 256/255/255 255/254/254
f 234/243/243 246/242/242 245/256/256
f 246/242/242 258/257/257 245/256/256
f 235/241/241 259/258/258 246/242/242
f 247/245/245 259/258/258 235/241/241
f 247/245/245 260/259/259 259/258/258
f 248/247/247 260/259/259 247/245/245
f 236/246/246 261/260/260 248/247/247
f 249/248/248 262/261/261 237/233/233
f 220/220/220 263/262/262 249/248/248
f 238/234/234 264/263/263 250/249/249
f 251/250/250 264/263/263 238/234/234
f 251/250/250 265/264/264 264/263/263
f 239/235/235 252/251/251 251/250/250
f 252/251/251 253/252/252 251/250/250
f 253/252/252 254/253/253 251/250/250
f 254/253/253 265/264/264 251/250/250
f 254/253/253 266/265/265 265/264/264
f 243/239/239 267/266/266 254/253/253
f 255/254/254 267/266/266 243/239/239
f 255/254/254 268/267/267 267/266/266
f 256/255/255 268/267/267 255/254/254
f 256/255/255 269/268/268 268/267/267
f 258/257/257 270/269/269 245/256/256
f 246/242/242 271/270/270 258/257/257
f 259/258/258 271/270/270 246/242/242
f 259/258/258 272/271/271 271/270/270
f 260/259/259 272/271/271 259/258/258
f 236/246/246 273/272/272 261/260/260
f 262/261/261 274/273/273 237/233/233
f 264/263/263 275/274/274 250/249/249
f 265/264/264 276/275/275 264/263/263
f 266/265/265 277/276/276 265/264/264
f 254/253/253 267/266/266 266/265/265
f 267/266/266 278/277/277 266/265/265
f 268/267/267 278/277/277 267/266/266
f 268/267/267 279/278/278 278/277/277
f 269/268/268 279/278/278 268/267/267
f 269/268/268 280/279/279 279/278/278
f 258/257/257 282/280/280 270/269/269
f 271/270/270 282/280/280 258/257/257
f 271/270/270 283/281/281 282/280/280
f 272/271/271 283/281/281 271/270/270
f 273/272/272 284/282/282 261/260/260
f 236/246/246 285/283/283 273/272/272
f 275/274/274 286/284/284 250/249/249
f 264/263/263 276/275/275 275/274/274
f 276/275/275 287/285/285 275/274/274
f 265/264/264 277/276/276 276/275/275
f 277/276/276 288/286/286 276/275/275
f 266/265/265 289/287/287 277/276/276
f 278/277/277 289/287/287 266/265/265
f 278/277/277 290/288/288 289/287/287
f 279/278/278 290/288/288 278/277/277
f 279/278/278 280/279/279 290/288/288
f 280/279/279 291/289/289 290/288/288
f 269/268/268 292/290/290 280/279/279
f 257/291/291 293/292/292 281/293/293
f 282/280/280 294/294/294 270/269/269
f 283/281/281 295/295/295 282/280/280
f 273/272/272 296/296/296 284/282/282
f 285/283/283 297/297/297 273/272/272
f 275/274/274 298/298/298 286/284/284
f 287/285/285 298/298/298 275/274/274
f 287/285/285 299/299/299 298/298/298
f 276/275/275 288/286/286 287/285/285
f 288/286/286 300/300/300 287/285/285
f 277/276/276 301/301/301 288/286/286
f 289/287/287 301/301/301 277/276/276
f 289/287/287 302/302/302 301/301/301
f 290/288/288 302/302/302 289/287/287
f 290/288/288 291/289/289 302/302/302
f 291/289/289 303/303/303 302/302/302
f 280/279/279 304/304/304 291/289/289
f 292/290/290 304/304/304 280/279/279
f 292/290/290 305/305/305 304/304/304
f 293/292/292 307/306/306 281/293/293
f 294/294/294 308/307/307 270/269/269
f 282/280/280 295/295/295 294/294/294
f 295/295/295 309/308/308 294/294/294
f 296/296/296 310/309/309 284/282/282
f 297/297/297 311/310/310 273/272/272
f 297/297/297 312/311/311 311/310/310
f 285/283/283 312/311/311 297/297/297
f 285/283/283 313/312/312 312/311/311
f 298/298/298 314/313/313 286/284/284
f 299/299/299 315/314/314 298/298/298
f 287/285/285 300/300/300 299/299/299
f 300/300/300 316/315/315 299/299/299
f 288/286/286 317/316/316 300/300/300
f 301/301/301 317/316/316 288/286/286
f 301/301/301 318/317/317 317/316/316
f 302/302/302 318/317/317 301/301/301
f 302/302/302 303/303/303 318/317/317
f 303/303/303 319/318/318 318/317/317
f 291/289/289 320/319/319 303/303/303
f 304/304/304 320/319/319 291/289/289
f 304/304/304 321/320/320 320/319/319
f 305/305/305 321/320/320 304/304/304
f 305/305/305 322/321/321 321/320/320
f 281/293/293 323/322/322 306/323/323
f 281/293/293 324/324/324 323/322/322
f 307/306/306 324/324/324 281/293/293
f 307/306/306 325/325/325 324/324/324
f 293/292/292 326/326/326 307/306/306
f 308/307/307 327/327/327 270/269/269
f 294/294/294 309/308/308 308/307/307
f 309/308/308 328/328/328 308/307/307
f 313/312/312 329/329/329 312/311/311
f 285/283/283 330/330/330 313/312/312
f 314/313/313 331/331/331 286/284/284
f 298/298/298 315/314/314 314/313/313
f 315/314/314 332/332/332 314/313/313
f 299/299/299 316/315/315 315/314/314
f 316/315/315 333/333/333 315/314/314
f 300/300/300 334/334/334 316/315/315
f 317/316/316 334/334/334 300/300/300
f 317/316/316 335/335/335 334/334/334
f 318/317/317 335/335/335 317/316/316
f 318/317/317 319/318/318 335/335/335
f 319/318/318 336/336/336 335/335/335
f 303/303/303 337/337/337 319/318/318
f 320/319/319 337/337/337 303/303/303
f 320/319/319 338/338/338 337/337/337
f 321/320/320 339/339/339 320/319/319
f 322/321/321 340/340/340 321/320/320
f 324/324/324 341/341/341 323/322/322
f 325/325/325 342/342/342 324/324/324
f 307/306/306 343/343/343 325/325/325
f 326/326/326 343/343/343 307/306/306
f 326/326/326 344/344/344 343/343/343
f 293/292/292 345/345/345 326/326/326
f 327/327/327 345/345/345 270/269/269
f 308/307/307 328/328/328 327/327/327
f 328/328/328 274/273/273 327/327/327
f 313/312/312 346/346/346 329/329/329
f 330/330/330 346/346/346 313/312/312
f 285/283/283 346/346/346 330/330/330
f 314/313/313 332/332/332 331/331/331
f 332/332/332 347/347/347 331/331/331
f 315/314/314 348/348/348 332/332/332
f 333/333/333 348/348/348 315/314/314
f 333/333/333 349/349/349 348/348/348
f 316/315/315 350/350/350 333/333/333
f 334/334/334 350/350/350 316/315/315
f 334/334/334 351/351/351 350/350/350
f 335/335/335 351/351/351 334/334/334
f 335/335/335 352/352/352 351/351/351
f 336/336/336 352/352/352 335/335/335
f 336/336/336 353/353/353 352/352/352
f 319/318/318 354/354/354 336/336/336
f 337/337/337 354/354/354 319/318/318
f 337/337/337 355/355/355 354/354/354
f 338/338/338 355/355/355 337/337/337
f 338/338/338 356/356/356 355/355/355
f 320/319/319 339/339/339 338/338/338
f 339/339/339 357/357/357 338/338/338
f 321/320/320 358/358/358 339/339/339
f 340/340/340 358/358/358 321/320/320
f 340/340/340 359/359/359 358/358/358
f 322/321/321 360/360/360 340/340/340
f 324/324/324 361/361/361 341/341/341
f 342/342/342 361/361/361 324/324/324
f 343/343/343 362/362/362 325/325/325
f 344/344/344 363/363/363 343/343/343
f 326/326/326 364/364/364 344/344/344
f 345/345/345 364/364/364 326/326/326
f 345/345/345 327/327/327 364/364/364
f 327/327/327 365/365/365 364/364/364
f 293/292/292 270/269/269 345/345/345
f 274/273/273 365/365/365 327/327/327
f 332/332/332 366/366/366 347/347/347
f 348/348/348 367/367/367 332/332/332
f 333/333/333 368/368/368 349/349/349
f 350/350/350 368/368/368 333/333/333
f 350/350/350 369/369/369 368/368/368
f 351/351/351 369/369/369 350/350/350
f 351/351/351 352/352/352 369/369/369
f 352/352/352 370/370/370 369/369/369
f 353/353/353 370/370/370 352/352/352
f 353/353/353 371/371/371 370/370/370
f 336/336/336 372/372/372 353/353/353
f 354/354/354 372/372/372 336/336/336
f 354/354/354 355/355/355 372/372/372
f 355/355/355 373/373/373 372/372/372
f 356/356/356 374/374/374 355/355/355
f 338/338/338 357/357/357 356/356/356
f 357/357/357 375/375/375 356/356/356
f 339/339/339 358/358/358 357/357/357
f 358/358/358 376/376/376 357/357/357
f 359/359/359 376/376/376 358/358/358
f 359/359/359 377/377/377 376/376/376
f 340/340/340 378/378/378 359/359/359
f 360/360/360 378/378/378 340/340/340
f 360/360/360 379/379/379 378/378/378
f 343/343/343 363/363/363 362/362/362
f 363/363/363 380/380/380 362/362/362
f 344/344/344 381/381/381 363/363/363
f 364/364/364 382/382/382 344/344/344
f 365/365/365 382/382/382 364/364/364
f 366/366/366 383/383/383 347/347/347
f 367/367/367 383/383/383 332/332/332
f 348/348/348 349/349/349 367/367/367
f 349/349/349 384/384/384 367/367/367
f 368/368/368 384/384/384 349/349/349
f 368/368/368 385/385/385 384/384/384
f 369/369/369 385/385/385 368/368/368
f 369/369/369 370/370/370 385/385/385
f 370/370/370 386/386/386 385/385/385
f 371/371/371 386/386/386 370/370/370
f 371/371/371 387/387/387 386/386/386
f 353/353/353 388/388/388 371/371/371
f 372/372/372 388/388/388 353/353/353
f 372/372/372 373/373/373 388/388/388
f 373/373/373 389/389/389 388/388/388
f 355/355/355 374/374/374 373/373/373
f 374/374/374 389/389/389 373/373/373
f 374/374/374 390/390/390 389/389/389
f 356/356/356 391/391/391 374/374/374
f 375/375/375 391/391/391 356/356/356
f 375/375/375 392/392/392 391/391/391
f 357/357/357 376/376/376 375/375/375
f 376/376/376 393/393/393 375/375/375
f 377/377/377 393/393/393 376/376/376
f 377/377/377 394/394/394 393/393/393
f 359/359/359 395/395/395 377/377/377
f 378/378/378 395/395/395 359/359/359
f 378/378/378 379/379/379 395/395/395
f 379/379/379 396/396/396 395/395/395
f 360/360/360 397/397/397 379/379/379
f 380/380/380 398/398/398 362/362/362
f 363/363/363 381/381/381 380/380/380
f 381/381/381 399/399/399 380/380/380
f 344/344/344 382/382/382 381/381/381
f 382/382/382 399/399/399 381/381/381
f 382/382/382 400/400/400 399/399/399
f 366/366/366 401/401/401 383/383/383
f 367/367/367 402/402/402 383/383/383
f 384/384/384 403/403/403 367/367/367
f 385/385/385 386/386/386 384/384/384
f 386/386/386 404/404/404 384/384/384
f 387/387/387 404/404/404 386/386/386
f 387/387/387 405/405/405 404/404/404
f 371/371/371 406/406/406 387/387/387
f 388/388/388 406/406/406 371/371/371
f 388/388/388 389/389/389 406/406/406
f 389/389/389 407/407/407 406/406/406
f 390/390/390 407/407/407 389/389/389
f 390/390/390 408/408/408 407/407/407
f 374/374/374 391/391/391 390/390/390
f 391/391/391 409/409/409 390/390/390
f 392/392/392 409/409/409 391/391/391
f 392/392/392 410/410/410 409/409/409
f 375/375/375 393/393/393 392/392/392
f 393/393/393 411/411/411 392/392/392
f 394/394/394 411/411/411 393/393/393
f 394/394/394 412/412/412 411/411/411
f 377/377/377 413/413/413 394/394/394
f 395/395/395 413/413/413 377/377/377
f 395/395/395 396/396/396 413/413/413
f 396/396/396 414/414/414 413/413/413
f 379/379/379 415/415/415 396/396/396
f 397/397/397 415/415/415 379/379/379
f 397/397/397 416/416/416 415/415/415
f 380/380/380 417/417/417 398/398/398
f 399/399/399 417/417/417 380/380/380
f 399/399/399 400/400/400 417/417/417
f 400/400/400 418/418/418 417/417/417
f 401/401/401 419/419/419 383/383/383
f 366/366/366 402/402/402 401/401/401
f 367/367/367 420/420/420 402/402/402
f 403/403/403 421/421/421 367/367/367
f 384/384/384 404/404/404 403/403/403
f 404/404/404 405/405/405 403/403/403
f 405/405/405 422/422/422 403/403/403
f 387/387/387 423/423/423 405/405/405
f 406/406/406 423/423/423 387/387/387
f 406/406/406 407/407/407 423/423/423
f 407/407/407 424/424/424 423/423/423
f 408/408/408 424/424/424 407/407/407
f 408/408/408 425/425/425 424/424/424
f 390/390/390 409/409/409 408/408/408
f 409/409/409 426/426/426 408/408/408
f 410/410/410 426/426/426 409/409/409
f 410/410/410 427/427/427 426/426/426
f 392/392/392 411/411/411 410/410/410
f 411/411/411 428/428/428 410/410/410
f 412/412/412 428/428/428 411/411/411
f 412/412/412 429/429/429 428/428/428
f 394/394/394 430/430/430 412/412/412
f 413/413/413 430/430/430 394/394/394
f 413/413/413 414/414/414 430/430/430
f 414/414/414 431/431/431 430/430/430
f 396/396/396 432/432/432 414/414/414
f 415/415/415 432/432/432 396/396/396
f 415/415/415 433/433/433 432/432/432
f 416/416/416 433/433/433 415/415/415
f 416/416/416 434/434/434 433/433/433
f 417/417/417 435/435/435 398/398/398
f 418/418/418 435/435/435 417/417/417
f 418/418/418 436/436/436 435/435/435
f 400/400/400 437/437/437 418/418/418
f 419/419/419 263/262/262 383/383/383
f 401/401/401 438/438/438 419/419/419
f 402/402/402 439/439/439 401/401/401
f 420/420/420 440/440/440 402/402/402
f 367/367/367 421/421/421 420/420/420
f 421/421/421 441/441/441 420/420/420
f 403/403/403 442/442/442 421/421/421
f 422/422/422 442/442/442 403/403/403
f 422/422/422 443/443/443 442/442/442
f 405/405/405 444/444/444 422/422/422
f 423/423/423 444/444/444 405/405/405
f 423/423/423 424/424/424 444/444/444
f 424/424/424 445/445/445 444/444/444
f 425/425/425 445/445/445 424/424/424
f 425/425/425 446/446/446 445/445/445
f 408/408/408 426/426/426 425/425/425
f 426/426/426 447/447/447 425/425/425
f 427/427/427 447/447/447 426/426/426
f 427/427/427 448/448/448 447/447/447
f 410/410/410 428/428/428 427/427/427
f 428/428/428 449/449/449 427/427/427
f 429/429/429 449/449/449 428/428/428
f 429/429/429 450/450/450 449/449/449
f 412/412/412 451/451/451 429/429/429
f 430/430/430 451/451/451 412/412/412
f 430/430/430 431/431/431 451/451/451
f 431/431/431 452/452/452 451/451/451
f 414/414/414 453/453/453 431/431/431
f 432/432/432 453/453/453 414/414/414
f 432/432/432 454/454/454 453/453/453
f 433/433/433 454/454/454 432/432/432
f 433/433/433 455/455/455 454/454/454
f 434/434/434 455/455/455 433/433/433
f 434/434/434 456/456/456 455/455/455
f 418/418/418 437/437/437 436/436/436
f 437/437/437 457/457/457 436/436/436
f 400/400/400 458/458/458 437/437/437
f 401/401/401 439/439/439 438/438/438
f 439/439/439 459/459/459 438/438/438
f 402/402/402 440/440/440 439/439/439
f 440/440/440 460/460/460 439/439/439
f 420/420/420 441/441/441 440/440/440
f 441/441/441 460/460/460 440/440/440
f 441/441/441 461/461/461 460/460/460
f 421/421/421 462/462/462 441/441/441
f 442/442/442 462/462/462 421/421/421
f 442/442/442 463/463/463 462/462/462
f 443/443/443 463/463/463 442/442/442
f 443/443/443 464/464/464 463/463/463
f 422/422/422 465/465/465 443/443/443
f 444/444/444 445/445/445 422/422/422
f 445/445/445 465/465/465 422/422/422
f 445/445/445 446/446/446 465/465/465
f 446/446/446 466/466/466 465/465/465
f 425/425/425 447/447/447 446/446/446
f 447/447/447 448/448/448 446/446/446
f 448/448/448 467/467/467 446/446/446
f 427/427/427 449/449/449 448/448/448
f 449/449/449 468/468/468 448/448/448
f 450/450/450 468/468/468 449/449/449
f 450/450/450 469/469/469 468/468/468
f 429/429/429 470/470/470 450/450/450
f 451/451/451 470/470/470 429/429/429
f 451/451/451 452/452/452 470/470/470
f 452/452/452 471/471/471 470/470/470
f 431/431/431 472/472/472 452/452/452
f 453/453/453 472/472/472 431/431/431
f 453/453/453 473/473/473 472/472/472
f 454/454/454 473/473/473 453/453/453
f 454/454/454 474/474/474 473/473/473
f 455/455/455 474/474/474 454/454/454
f 455/455/455 475/475/475 474/474/474
f 456/456/456 475/475/475 455/455/455
f 456/456/456 476/476/476 475/475/475
f 459/459/459 477/477/477 438/438/438
f 439/439/439 460/460/460 459/459/459
f 460/460/460 478/478/478 459/459/459
f 461/461/461 478/478/478 460/460/460
f 461/461/461 479/479/479 478/478/478
f 441/441/441 462/462/462 461/461/461
f 462/462/462 480/480/480 461/461/461
f 463/463/463 480/480/480 462/462/462
f 463/463/463 481/481/481 480/480/480
f 464/464/464 481/481/481 463/463/463
f 464/464/464 482/482/482 481/481/481
f 443/443/443 483/483/483 464/464/464
f 465/465/465 483/483/483 443/443/443
f 465/465/465 466/466/466 483/483/483
f 466/466/466 484/484/484 483/483/483
f 446/446/446 467/467/467 466/466/466
f 467/467/467 485/485/485 466/466/466
f 448/448/448 468/468/468 467/467/467
f 468/468/468 486/486/486 467/467/467
f 469/469/469 487/487/487 468/468/468
f 450/450/450 470/470/470 469/469/469
f 470/470/470 471/471/471 469/469/469
f 471/471/471 488/488/488 469/469/469
f 452/452/452 489/489/489 471/471/471
f 472/472/472 489/489/489 452/452/452
f 472/472/472 490/490/490 489/489/489
f 473/473/473 490/490/490 472/472/472
f 473/473/473 491/491/491 490/490/490
f 474/474/474 491/491/491 473/473/473
f 474/474/474 492/492/492 491/491/491
f 475/475/475 492/492/492 474/474/474
f 475/475/475 493/493/493 492/492/492
f 476/476/476 493/493/493 475/475/475
f 476/476/476 494/494/494 493/493/493
f 459/459/459 495/495/495 477/477/477
f 478/478/478 495/495/495 459/459/459
f 478/478/478 496/496/496 495/495/495
f 461/461/461 480/480/480 479/479/479
f 480/480/480 497/497/497 479/479/479
f 481/481/481 497/497/497 480/480/480
f 481/481/481 482/482/482 497/497/497
f 482/482/482 498/498/498 497/497/497
f 464/464/464 499/499/499 482/482/482
f 483/483/483 499/499/499 464/464/464
f 483/483/483 484/484/484 499/499/499
f 484/484/484 500/500/500 499/499/499
f 466/466/466 485/485/485 484/484/484
f 485/485/485 501/501/501 484/484/484
f 467/467/467 486/486/486 485/485/485
f 486/486/486 502/502/502 485/485/485
f 468/468/468 487/487/487 486/486/486
f 487/487/487 503/503/503 486/486/486
f 469/469/469 488/488/488 487/487/487
f 488/488/488 504/504/504 487/487/487
f 471/471/471 505/505/505 488/488/488
f 489/489/489 505/505/505 471/471/471
f 489/489/489 506/506/506 505/505/505
f 490/490/490 506/506/506 489/489/489
f 490/490/490 507/507/507 506/506/506
f 491/491/491 507/507/507 490/490/490
f 491/491/491 508/508/508 507/507/507
f 492/492/492 508/508/508 491/491/491
f 492/492/492 509/509/509 508/508/508
f 493/493/493 509/509/509 492/492/492
f 493/493/493 510/510/510 509/509/509
f 494/494/494 510/510/510 493/493/493
f 494/494/494 511/511/511 510/510/510
f 496/496/496 512/512/512 495/495/495
f 478/478/478 479/479/479 496/496/496
f 479/479/479 497/497/497 496/496/496
f 497/497/497 513/513/513 496/496/496
f 482/482/482 514/514/514 498/498/498
f 499/499/499 514/514/514 482/482/482
f 499/499/499 500/500/500 514/514/514
f 500/500/500 515/515/515 514/514/514
f 484/484/484 501/501/501 500/500/500
f 501/501/501 516/516/516 500/500/500
f 485/485/485 502/502/502 501/501/501
f 502/502/502 517/517/517 501/501/501
f 486/486/486 503/503/503 502/502/502
f 503/503/503 518/518/518 502/502/502
f 487/487/487 504/504/504 503/503/503
f 504/504/504 519/519/519 503/503/503
f 488/488/488 520/520/520 504/504/504
f 505/505/505 520/520/520 488/488/488
f 505/505/505 521/521/521 520/520/520
f 506/506/506 521/521/521 505/505/505
f 506/506/506 522/522/522 521/521/521
f 507/507/507 522/522/522 506/506/506
f 507/507/507 523/523/523 522/522/522
f 508/508/508 523/523/523 507/507/507
f 508/508/508 524/524/524 523/523/523
f 509/509/509 524/524/524 508/508/508
f 509/509/509 525/525/525 524/524/524
f 510/510/510 525/525/525 509/509/509
f 510/510/510 526/526/526 525/525/525
f 511/511/511 526/526/526 510/510/510
f 511/511/511 527/527/527 526/526/526
f 496/496/496 513/513/513 512/512/512
f 513/513/513 528/528/528 512/512/512
f 497/497/497 498/498/498 513/513/513
f 498/498/498 529/529/529 513/513/513
f 514/514/514 529/529/529 498/498/498
f 514/514/514 515/515/515 529/529/529
f 515/515/515 530/530/530 529/529/529
f 500/500/500 516/516/516 515/515/515
f 516/516/516 531/531/531 515/515/515
f 501/501/501 517/517/517 516/516/516
f 517/517/517 532/532/532 516/516/516
f 502/502/502 518/518/518 517/517/517
f 518/518/518 533/533/533 517/517/517
f 503/503/503 519/519/519 518/518/518
f 519/519/519 534/534/534 518/518/518
f 504/504/504 535/535/535 519/519/519
f 520/520/520 535/535/535 504/504/504
f 520/520/520 536/536/536 535/535/535
f 521/521/521 536/536/536 520/520/520
f 521/521/521 537/537/537 536/536/536
f 522/522/522 537/537/537 521/521/521
f 522/522/522 538/538/538 537/537/537
f 523/523/523 538/538/538 522/522/522
f 523/523/523 539/539/539 538/538/538
f 524/524/524 539/539/539 523/523/523
f 524/524/524 540/540/540 539/539/539
f 525/525/525 540/540/540 524/524/524
f 525/525/525 541/541/541 540/540/540
f 526/526/526 541/541/541 525/525/525
f 526/526/526 542/542/542 541/541/541
f 527/527/527 542/542/542 526/526/526
f 527/527/527 543/543/543 542/542/542
f 513/513/513 529/529/529 528/528/528
f 529/529/529 530/530/530 528/528/528
f 530/530/530 544/544/544 528/528/528
f 515/515/515 531/531/531 530/530/530
f 531/531/531 544/544/544 530/530/530
f 531/531/531 545/545/545 544/544/544
f 516/516/516 532/532/532 531/531/531
f 532/532/532 545/545/545 531/531/531
f 532/532/532 546/546/546 545/545/545
f 517/517/517 533/533/533 532/532/532
f 533/533/533 546/546/546 532/532/532
f 533/533/533 547/547/547 546/546/546
f 518/518/518 534/534/534 533/533/533
f 534/534/534 547/547/547 533/533/533
f 534/534/534 548/548/548 547/547/547
f 519/519/519 548/548/548 534/534/534
f 519/519/519 549/549/549 548/548/548
f 535/535/535 549/549/549 519/519/519
f 535/535/535 550/550/550 549/549/549
f 536/536/536 550/550/550 535/535/535
f 536/536/536 551/551/551 550/550/550
f 537/537/537 552/552/552 536/536/536
f 538/538/538 552/552/552 537/537/537
f 538/538/538 553/553/553 552/552/552
f 539/539/539 553/553/553 538/538/538
f 539/539/539 554/554/554 553/553/553
f 540/540/540 554/554/554 539/539/539
f 540/540/540 555/555/555 554/554/554
f 541/541/541 555/555/555 540/540/540
f 541/541/541 556/556/556 555/555/555
f 542/542/542 556/556/556 541/541/541
f 542/542/542 557/557/557 556/556/556
f 543/543/543 557/557/557 542/542/542
f 543/543/543 558/558/558 557/557/557
f 544/544/544 559/559/559 528/528/528
f 545/545/545 560/560/560 544/544/544
f 546/546/546 561/561/561 545/545/545
f 547/547/547 561/561/561 546/546/546
f 547/547/547 562/562/562 561/561/561
f 548/548/548 562/562/562 547/547/547
f 548/548/548 563/563/563 562/562/562
f 549/549/549 563/563/563 548/548/548
f 549/549/549 564/564/564 563/563/563
f 550/550/550 564/564/564 549/549/549
f 550/550/550 565/565/565 564/564/564
f 551/551/551 565/565/565 550/550/550
f 551/551/551 566/566/566 565/565/565
f 536/536/536 552/552/552 551/551/551
f 552/552/552 567/567/567 551/551/551
f 553/553/553 567/567/567 552/552/552
f 553/553/553 568/568/568 567/567/567
f 554/554/554 568/568/568 553/553/553
f 554/554/554 569/569/569 568/568/568
f 555/555/555 569/569/569 554/554/554
f 555/555/555 570/570/570 569/569/569
f 556/556/556 570/570/570 555/555/555
f 556/556/556 571/571/571 570/570/570
f 557/557/557 571/571/571 556/556/556
f 557/557/557 572/572/572 571/571/571
f 558/558/558 572/572/572 557/557/557
f 558/558/558 573/573/573 572/572/572
f 544/544/544 574/574/574 559/559/559
f 560/560/560 574/574/574 544/544/544
f 560/560/560 575/575/575 574/574/574
f 545/545/545 561/561/561 560/560/560
f 561/561/561 576/576/576 560/560/560
f 562/562/562 576/576/576 561/561/561
f 562/562/562 577/577/577 576/576/576
f 563/563/563 577/577/577 562/562/562
f 563/563/563 578/578/578 577/577/577
f 564/564/564 578/578/578 563/563/563
f 564/564/564 579/579/579 578/578/578
f 565/565/565 579/579/579 564/564/564
f 565/565/565 580/580/580 579/579/579
f 566/566/566 580/580/580 565/565/565
f 566/566/566 581/581/581 580/580/580
f 551/551/551 567/567/567 566/566/566
f 567/567/567 582/582/582 566/566/566
f 568/568/568 582/582/582 567/567/567
f 568/568/568 583/583/583 582/582/582
f 569/569/569 583/583/583 568/568/568
f 569/569/569 584/584/584 583/583/583
f 570/570/570 584/584/584 569/569/569
f 570/570/570 585/585/585 584/584/584
f 571/571/571 585/585/585 570/570/570
f 571/571/571 586/586/586 585/585/585
f 572/572/572 586/586/586 571/571/571
f 572/572/572 587/587/587 586/586/586
f 573/573/573 587/587/587 572/572/572
f 573/573/573 588/588/588 587/587/587
f 574/574/574 589/589/589 559/559/559
f 575/575/575 589/589/589 574/574/574
f 575/575/575 590/590/590 589/589/589
f 560/560/560 576/576/576 575/575/575
f 576/576/576 591/591/591 575/575/575
f 577/577/577 591/591/591 576/576/576
f 577/577/577 592/592/592 591/591/591
f 578/578/578 592/592/592 577/577/577
f 578/578/578 593/593/593 592/592/592
f 579/579/579 593/593/593 578/578/578
f 579/579/579 594/594/594 593/593/593
f 580/580/580 594/594/594 579/579/579
f 580/580/580 595/595/595 594/594/594
f 581/581/581 595/595/595 580/580/580
f 581/581/581 596/596/596 595/595/595
f 566/566/566 582/582/582 581/581/581
f 582/582/582 597/597/597 581/581/581
f 583/583/583 597/597/597 582/582/582
f 583/583/583 598/598/598 597/597/597
f 584/584/584 598/598/598 583/583/583
f 584/584/584 599/599/599 598/598/598
f 585/585/585 599/599/599 584/584/584
f 585/585/585 600/600/600 599/599/599
f 586/586/586 600/600/600 585/585/585
f 586/586/586 601/601/601 600/600/600
f 587/587/587 601/601/601 586/586/586
f 587/587/587 602/602/602 601/601/601
f 588/588/588 602/602/602 587/587/587
f 588/588/588 603/603/603 602/602/602
f 589/589/589 604/604/604 559/559/559
f 590/590/590 605/605/605 589/589/589
f 575/575/575 591/591/591 590/590/590
f 591/591/591 606/606/606 590/590/590
f 592/592/592 606/606/606 591/591/591
f 592/592/592 607/607/607 606/606/606
f 593/593/593 607/607/607 592/592/592
f 593/593/593 608/608/608 607/607/607
f 594/594/594 608/608/608 593/593/593
f 594/594/594 609/609/609 608/608/608
f 595/595/595 609/609/609 594/594/594
f 595/595/595 610/610/610 609/609/609
f 596/596/596 611/611/611 595/595/595
f 581/581/581 597/597/597 596/596/596
f 597/597/597 612/612/612 596/596/596
f 598/598/598 612/612/612 597/597/597
f 598/598/598 613/613/613 612/612/612
f 599/599/599 613/613/613 598/598/598
f 599/599/599 614/614/614 613/613/613
f 600/600/600 614/614/614 599/599/599
f 600/600/600 615/615/615 614/614/614
f 601/601/601 615/615/615 600/600/600
f 601/601/601 616/616/616 615/615/615
f 602/602/602 617/617/617 601/601/601
f 603/603/603 618/618/618 602/602/602
f 589/589/589 605/605/605 604/604/604
f 605/605/605 620/619/619 604/604/604
f 590/590/590 621/620/620 605/605/605
f 606/606/606 621/620/620 590/590/590
f 606/606/606 622/621/621 621/620/620
f 607/607/607 622/621/621 606/606/606
f 607/607/607 623/622/622 622/621/621
f 608/608/608 623/622/622 607/607/607
f 608/608/608 624/623/623 623/622/622
f 609/609/609 610/610/610 608/608/608
f 610/610/610 624/623/623 608/608/608
f 610/610/610 625/624/624 624/623/623
f 595/595/595 611/611/611 610/610/610
f 611/611/611 625/624/624 610/610/610
f 611/611/611 626/625/625 625/624/624
f 596/596/596 627/626/626 611/611/611
f 612/612/612 627/626/626 596/596/596
f 612/612/612 628/627/627 627/626/626
f 613/613/613 628/627/627 612/612/612
f 613/613/613 629/628/628 628/627/627
f 614/614/614 629/628/628 613/613/613
f 614/614/614 630/629/629 629/628/628
f 615/615/615 630/629/629 614/614/614
f 615/615/615 616/616/616 630/629/629
f 616/616/616 631/630/630 630/629/629
f 601/601/601 617/617/617 616/616/616
f 617/617/617 632/631/631 616/616/616
f 602/602/602 618/618/618 617/617/617
f 618/618/618 633/632/632 617/617/617
f 603/603/603 634/633/633 618/618/618
f 620/619/619 636/634/634 604/604/604
f 605/605/605 621/620/620 620/619/619
f 621/620/620 637/635/635 620/619/619
f 622/621/621 637/635/635 621/620/620
f 622/621/621 638/636/636 637/635/635
f 623/622/622 639/637/637 622/621/621
f 624/623/623 639/637/637 623/622/622
f 624/623/623 640/638/638 639/637/637
f 625/624/624 640/638/638 624/623/623
f 625/624/624 641/639/639 640/638/638
f 626/625/625 641/639/639 625/624/624
f 626/625/625 642/640/640 641/639/639
f 611/611/611 627/626/626 626/625/625
f 627/626/626 643/641/641 626/625/625
f 628/627/627 643/641/641 627/626/626
f 628/627/627 644/642/642 643/641/641
f 629/628/628 644/642/642 628/627/627
f 629/628/628 645/643/643 644/642/642
f 630/629/629 645/643/643 629/628/628
f 630/629/629 631/630/630 645/643/643
f 631/630/630 646/644/644 645/643/643
f 616/616/616 632/631/631 631/630/630
f 632/631/631 647/645/645 631/630/630
f 617/617/617 633/632/632 632/631/631
f 633/632/632 648/646/646 632/631/631
f 618/618/618 649/647/647 633/632/632
f 634/633/633 649/647/647 618/618/618
f 634/633/633 650/648/648 649/647/647
f 620/619/619 652/649/649 636/634/634
f 637/635/635 652/649/649 620/619/619
f 637/635/635 653/650/650 652/649/649
f 638/636/636 653/650/650 637/635/635
f 638/636/636 654/651/651 653/650/650
f 622/621/621 639/637/637 638/636/636
f 639/637/637 655/652/652 638/636/636
f 640/638/638 655/652/652 639/637/637
f 640/638/638 656/653/653 655/652/652
f 641/639/639 656/653/653 640/638/638
f 641/639/639 642/640/640 656/653/653
f 642/640/640 657/654/654 656/653/653
f 626/625/625 658/655/655 642/640/640
f 643/641/641 658/655/655 626/625/625
f 643/641/641 659/656/656 658/655/655
f 644/642/642 659/656/656 643/641/641
f 644/642/642 660/657/657 659/656/656
f 645/643/643 660/657/657 644/642/642
f 645/643/643 646/644/644 660/657/657
f 646/644/644 661/658/658 660/657/657
f 631/630/630 647/645/645 646/644/644
f 647/645/645 661/658/658 646/644/644
f 647/645/645 662/659/659 661/658/658
f 632/631/631 663/660/660 647/645/645
f 648/646/646 663/660/660 632/631/631
f 648/646/646 664/661/661 663/660/660
f 633/632/632 649/647/647 648/646/646
f 649/647/647 665/662/662 648/646/646
f 650/648/648 665/662/662 649/647/647
f 650/648/648 666/663/663 665/662/662
f 652/649/649 668/664/664 636/634/634
f 653/650/650 669/665/665 652/649/649
f 654/651/651 669/665/665 653/650/650
f 654/651/651 670/666/666 669/665/665
f 638/636/636 655/652/652 654/651/651
f 655/652/652 671/667/667 654/651/651
f 656/653/653 671/667/667 655/652/652
f 656/653/653 657/654/654 671/667/667
f 657/654/654 672/668/668 671/667/667
f 642/640/640 673/669/669 657/654/654
f 658/655/655 673/669/669 642/640/640
f 658/655/655 674/670/670 673/669/669
f 659/656/656 675/671/671 658/655/655
f 660/657/657 675/671/671 659/656/656
f 660/657/657 676/672/672 675/671/671
f 661/658/658 676/672/672 660/657/657
f 661/658/658 677/673/673 676/672/672
f 662/659/659 677/673/673 661/658/658
f 662/659/659 678/674/674 677/673/673
f 647/645/645 663/660/660 662/659/659
f 663/660/660 679/675/675 662/659/659
f 664/661/661 679/675/675 663/660/660
f 664/661/661 680/676/676 679/675/675
f 648/646/646 665/662/662 664/661/661
f 665/662/662 680/676/676 664/661/661
f 665/662/662 681/677/677 680/676/676
f 666/663/663 681/677/677 665/662/662
f 666/663/663 682/678/678 681/677/677
f 651/679/679 635/680/680 667/681/681
f 652/649/649 683/682/682 668/664/664
f 669/665/665 683/682/682 652/649/649
f 669/665/665 684/683/683 683/682/682
f 670/666/666 684/683/683 669/665/665
f 670/666/666 685/684/684 684/683/683
f 654/651/651 671/667/667 670/666/666
f 671/667/667 672/668/668 670/666/666
f 672/668/668 685/684/684 670/666/666
f 672/668/668 686/685/685 685/684/684
f 657/654/654 687/686/686 672/668/668
f 673/669/669 687/686/686 657/654/654
f 673/669/669 688/687/687 687/686/686
f 674/670/670 688/687/687 673/669/669
f 674/670/670 689/688/688 688/687/687
f 658/655/655 675/671/671 674/670/670
f 675/671/671 689/688/688 674/670/670
f 675/671/671 690/689/689 689/688/688
f 676/672/672 690/689/689 675/671/671
f 676/672/672 691/690/690 690/689/689
f 677/673/673 691/690/690 676/672/672
f 677/673/673 692/691/691 691/690/690
f 678/674/674 692/691/691 677/673/673
f 678/674/674 693/692/692 692/691/691
f 662/659/659 679/675/675 678/674/674
f 679/675/675 694/693/693 678/674/674
f 680/676/676 694/693/693 679/675/675
f 680/676/676 695/694/694 694/693/693
f 681/677/677 695/694/694 680/676/676
f 681/677/677 682/678/678 695/694/694
f 682/678/678 696/695/695 695/694/694
f 666/663/663 697/696/696 682/678/678
f 683/682/682 699/697/697 668/664/664
f 684/683/683 699/697/697 683/682/682
f 684/683/683 700/698/698 699/697/697
f 685/684/684 700/698/698 684/683/683
f 685/684/684 701/699/699 700/698/698
f 686/685/685 701/699/699 685/684/684
f 686/685/685 702/700/700 701/699/699
f 672/668/668 687/686/686 686/685/685
f 687/686/686 703/701/701 686/685/685
f 688/687/687 703/701/701 687/686/686
f 688/687/687 704/702/702 703/701/701
f 689/688/688 704/702/702 688/687/687
f 689/688/688 705/703/703 704/702/702
f 690/689/689 705/703/703 689/688/688
f 690/689/689 706/704/704 705/703/703
f 691/690/690 706/704/704 690/689/689
f 691/690/690 707/705/705 706/704/704
f 692/691/691 707/705/705 691/690/690
f 692/691/691 708/706/706 707/705/705
f 693/692/692 708/706/706 692/691/691
f 693/692/692 709/707/707 708/706/706
f 678/674/674 694/693/693 693/692/692
f 694/693/693 710/708/708 693/692/692
f 695/694/694 710/708/708 694/693/693
f 695/694/694 696/695/695 710/708/708
f 696/695/695 711/709/709 710/708/708
f 682/678/678 712/710/710 696/695/695
f 697/696/696 712/710/710 682/678/678
f 697/696/696 713/711/711 712/710/710
f 667/681/681 715/712/712 698/713/713
f 699/697/697 716/714/714 668/664/664
f 700/698/698 717/715/715 699/697/697
f 701/699/699 718/716/716 700/698/698
f 702/700/700 719/717/717 701/699/699
f 686/685/685 703/701/701 702/700/700
f 703/701/701 720/718/718 702/700/700
f 704/702/702 720/718/718 703/701/701
f 704/702/702 721/719/719 720/718/718
f 705/703/703 721/719/719 704/702/702
f 705/703/703 722/720/720 721/719/719
f 706/704/704 722/720/720 705/703/703
f 706/704/704 723/721/721 722/720/720
f 707/705/705 724/722/722 706/704/704
f 708/706/706 724/722/722 707/705/705
f 708/706/706 725/723/723 724/722/722
f 709/707/707 725/723/723 708/706/706
f 709/707/707 726/724/724 725/723/723
f 693/692/692 710/708/708 709/707/707
f 710/708/708 711/709/709 709/707/707
f 711/709/709 726/724/724 709/707/707
f 711/709/709 727/725/725 726/724/724
f 696/695/695 728/726/726 711/709/709
f 712/710/710 728/726/726 696/695/695
f 712/710/710 729/727/727 728/726/726
f 713/711/711 729/727/727 712/710/710
f 713/711/711 730/728/728 729/727/727
f 697/696/696 731/729/729 713/711/711
f 698/713/713 715/712/712 714/730/730
f 715/712/712 732/731/731 714/730/730
f 667/681/681 733/732/732 715/712/712
f 699/697/697 717/715/715 716/714/714
f 717/715/715 734/733/733 716/714/714
f 700/698/698 718/716/716 717/715/715
f 718/716/716 735/734/734 717/715/715
f 701/699/699 719/717/717 718/716/716
f 719/717/717 736/735/735 718/716/716
f 702/700/700 737/736/736 719/717/717
f 720/718/718 737/736/736 702/700/700
f 720/718/718 738/737/737 737/736/736
f 721/719/719 738/737/737 720/718/718
f 721/719/719 739/738/738 738/737/737
f 722/720/720 723/721/721 721/719/719
f 723/721/721 739/738/738 721/719/719
f 723/721/721 740/739/739 739/738/738
f 706/704/704 741/740/740 723/721/721
f 724/722/722 741/740/740 706/704/704
f 724/722/722 742/741/741 741/740/740
f 725/723/723 742/741/741 724/722/722
f 725/723/723 743/742/742 742/741/741
f 726/724/724 743/742/742 725/723/723
f 726/724/724 744/743/743 743/742/742
f 727/725/725 744/743/743 726/724/724
f 727/725/725 745/744/744 744/743/743
f 711/709/709 728/726/726 727/725/725
f 728/726/726 746/745/745 727/725/725
f 729/727/727 746/745/745 728/726/726
f 729/727/727 747/746/746 746/745/745
f 730/728/728 747/746/746 729/727/727
f 730/728/728 748/747/747 747/746/746
f 713/711/711 749/748/748 730/728/728
f 731/729/729 749/748/748 713/711/711
f 697/696/696 750/749/749 731/729/729
f 715/712/712 751/750/750 732/731/731
f 733/732/732 752/751/751 715/712/712
f 667/681/681 635/680/680 733/732/732
f 635/680/680 619/752/752 733/732/732
f 717/715/715 735/734/734 734/733/733
f 735/734/734 753/753/753 734/733/733
f 718/716/716 736/735/735 735/734/734
f 736/735/735 753/753/753 735/734/734
f 736/735/735 754/754/754 753/753/753
f 719/717/717 755/755/755 736/735/735
f 737/736/736 755/755/755 719/717/717
f 737/736/736 756/756/756 755/755/755
f 738/737/737 757/757/757 737/736/736
f 739/738/738 757/757/757 738/737/737
f 739/738/738 758/758/758 757/757/757
f 740/739/739 758/758/758 739/738/738
f 740/739/739 759/759/759 758/758/758
f 723/721/721 741/740/740 740/739/739
f 741/740/740 760/760/760 740/739/739
f 742/741/741 760/760/760 741/740/740
f 742/741/741 761/761/761 760/760/760
f 743/742/742 761/761/761 742/741/741
f 743/742/742 762/762/762 761/761/761
f 744/743/743 763/763/763 743/742/742
f 745/744/744 763/763/763 744/743/743
f 745/744/744 764/764/764 763/763/763
f 727/725/725 746/745/745 745/744/744
f 746/745/745 765/765/765 745/744/744
f 747/746/746 765/765/765 746/745/745
f 747/746/746 766/766/766 765/765/765
f 748/747/747 766/766/766 747/746/746
f 748/747/747 767/767/767 766/766/766
f 730/728/728 768/768/768 748/747/747
f 749/748/748 768/768/768 730/728/728
f 697/696/696 666/663/663 750/749/749
f 666/663/663 769/769/769 750/749/749
f 751/750/750 770/770/770 732/731/731
f 751/750/750 771/771/771 770/770/770
f 752/751/751 772/772/772 715/712/712
f 733/732/732 773/773/773 752/751/751
f 753/753/753 774/774/774 734/733/733
f 754/754/754 775/775/775 753/753/753
f 736/735/735 776/776/776 754/754/754
f 755/755/755 776/776/776 736/735/735
f 755/755/755 756/756/756 776/776/776
f 756/756/756 777/777/777 776/776/776
f 737/736/736 757/757/757 756/756/756
f 757/757/757 778/778/778 756/756/756
f 758/758/758 778/778/778 757/757/757
f 758/758/758 779/779/779 778/778/778
f 759/759/759 779/779/779 758/758/758
f 759/759/759 780/780/780 779/779/779
f 740/739/739 760/760/760 759/759/759
f 760/760/760 780/780/780 759/759/759
f 760/760/760 781/781/781 780/780/780
f 761/761/761 781/781/781 760/760/760
f 761/761/761 782/782/782 781/781/781
f 762/762/762 782/782/782 761/761/761
f 762/762/762 783/783/783 782/782/782
f 743/742/742 763/763/763 762/762/762
f 763/763/763 784/784/784 762/762/762
f 764/764/764 784/784/784 763/763/763
f 764/764/764 785/785/785 784/784/784
f 745/744/744 765/765/765 764/764/764
f 765/765/765 786/786/786 764/764/764
f 766/766/766 787/787/787 765/765/765
f 767/767/767 787/787/787 766/766/766
f 767/767/767 788/788/788 787/787/787
f 748/747/747 768/768/768 767/767/767
f 768/768/768 789/789/789 767/767/767
f 666/663/663 650/648/648 769/769/769
f 650/648/648 790/790/790 769/769/769
f 751/750/750 791/791/791 771/771/771
f 752/751/751 792/792/792 772/772/772
f 773/773/773 793/793/793 752/751/751
f 753/753/753 794/794/794 774/774/774
f 775/775/775 794/794/794 753/753/753
f 775/775/775 795/795/795 794/794/794
f 754/754/754 796/796/796 775/775/775
f 776/776/776 796/796/796 754/754/754
f 776/776/776 777/777/777 796/796/796
f 777/777/777 797/797/797 796/796/796
f 756/756/756 778/778/778 777/777/777
f 778/778/778 798/798/798 777/777/777
f 779/779/779 798/798/798 778/778/778
f 779/779/779 799/799/799 798/798/798
f 780/780/780 799/799/799 779/779/779
f 780/780/780 800/800/800 799/799/799
f 781/781/781 800/800/800 780/780/780
f 781/781/781 801/801/801 800/800/800
f 782/782/782 801/801/801 781/781/781
f 782/782/782 802/802/802 801/801/801
f 783/783/783 803/803/803 782/782/782
f 762/762/762 784/784/784 783/783/783
f 784/784/784 804/804/804 783/783/783
f 785/785/785 804/804/804 784/784/784
f 785/785/785 805/805/805 804/804/804
f 764/764/764 786/786/786 785/785/785
f 786/786/786 806/806/806 785/785/785
f 765/765/765 787/787/787 786/786/786
f 787/787/787 807/807/807 786/786/786
f 788/788/788 807/807/807 787/787/787
f 788/788/788 808/808/808 807/807/807
f 767/767/767 789/789/789 788/788/788
f 789/789/789 809/809/809 788/788/788
f 650/648/648 634/633/633 790/790/790
f 634/633/633 810/810/810 790/790/790
f 751/750/750 811/811/811 791/791/791
f 792/792/792 812/812/812 772/772/772
f 752/751/751 813/813/813 792/792/792
f 793/793/793 813/813/813 752/751/751
f 793/793/793 795/795/795 813/813/813
f 773/773/773 814/814/814 793/793/793
f 794/794/794 814/814/814 774/774/774
f 795/795/795 793/793/793 794/794/794
f 775/775/775 815/815/815 795/795/795
f 796/796/796 815/815/815 775/775/775
f 796/796/796 797/797/797 815/815/815
f 797/797/797 816/816/816 815/815/815
f 777/777/777 798/798/798 797/797/797
f 798/798/798 817/817/817 797/797/797
f 799/799/799 817/817/817 798/798/798
f 799/799/799 818/818/818 817/817/817
f 800/800/800 818/818/818 799/799/799
f 800/800/800 819/819/819 818/818/818
f 801/801/801 819/819/819 800/800/800
f 801/801/801 802/802/802 819/819/819
f 802/802/802 820/820/820 819/819/819
f 782/782/782 821/821/821 802/802/802
f 803/803/803 821/821/821 782/782/782
f 803/803/803 822/822/822 821/821/821
f 783/783/783 804/804/804 803/803/803
f 804/804/804 823/823/823 803/803/803
f 805/805/805 823/823/823 804/804/804
f 805/805/805 824/824/824 823/823/823
f 785/785/785 806/806/806 805/805/805
f 806/806/806 825/825/825 805/805/805
f 786/786/786 807/807/807 806/806/806
f 807/807/807 826/826/826 806/806/806
f 808/808/808 826/826/826 807/807/807
f 808/808/808 827/827/827 826/826/826
f 788/788/788 809/809/809 808/808/808
f 809/809/809 828/828/828 808/808/808
f 634/633/633 603/603/603 810/810/810
f 603/603/603 829/829/829 810/810/810
f 811/811/811 830/830/830 791/791/791
f 751/750/750 831/831/831 811/811/811
f 812/812/812 832/832/832 772/772/772
f 792/792/792 833/833/833 812/812/812
f 813/813/813 834/834/834 792/792/792
f 795/795/795 835/835/835 813/813/813
f 814/814/814 794/794/794 793/793/793
f 815/815/815 835/835/835 795/795/795
f 815/815/815 816/816/816 835/835/835
f 816/816/816 836/836/836 835/835/835
f 797/797/797 817/817/817 816/816/816
f 817/817/817 837/837/837 816/816/816
f 818/818/818 837/837/837 817/817/817
f 818/818/818 838/838/838 837/837/837
f 819/819/819 838/838/838 818/818/818
f 819/819/819 839/839/839 838/838/838
f 820/820/820 839/839/839 819/819/819
f 820/820/820 840/840/840 839/839/839
f 802/802/802 821/821/821 820/820/820
f 821/821/821 840/840/840 820/820/820
f 821/821/821 841/841/841 840/840/840
f 822/822/822 841/841/841 821/821/821
f 822/822/822 842/842/842 841/841/841
f 803/803/803 823/823/823 822/822/822
f 823/823/823 843/843/843 822/822/822
f 824/824/824 843/843/843 823/823/823
f 824/824/824 844/844/844 843/843/843
f 805/805/805 825/825/825 824/824/824
f 825/825/825 845/845/845 824/824/824
f 806/806/806 826/826/826 825/825/825
f 826/826/826 846/846/846 825/825/825
f 827/827/827 846/846/846 826/826/826
f 827/827/827 847/847/847 846/846/846
f 808/808/808 828/828/828 827/827/827
f 828/828/828 848/848/848 827/827/827
f 603/603/603 588/588/588 829/829/829
f 588/588/588 849/849/849 829/829/829
f 831/831/831 851/850/850 811/811/811
f 832/832/832 831/831/831 772/772/772
f 812/812/812 852/851/851 832/832/832
f 833/833/833 853/852/852 812/812/812
f 792/792/792 834/834/834 833/833/833
f 834/834/834 854/853/853 833/833/833
f 813/813/813 835/835/835 834/834/834
f 835/835/835 855/854/854 834/834/834
f 836/836/836 855/854/854 835/835/835
f 836/836/836 856/855/855 855/854/854
f 816/816/816 837/837/837 836/836/836
f 837/837/837 856/855/855 836/836/836
f 837/837/837 857/856/856 856/855/855
f 838/838/838 857/856/856 837/837/837
f 838/838/838 839/839/839 857/856/856
f 839/839/839 858/857/857 857/856/856
f 840/840/840 858/857/857 839/839/839
f 840/840/840 859/858/858 858/857/857
f 841/841/841 859/858/858 840/840/840
f 841/841/841 860/859/859 859/858/858
f 842/842/842 861/860/860 841/841/841
f 822/822/822 843/843/843 842/842/842
f 843/843/843 862/861/861 842/842/842
f 844/844/844 863/862/862 843/843/843
f 824/824/824 845/845/845 844/844/844
f 845/845/845 864/863/863 844/844/844
f 825/825/825 846/846/846 845/845/845
f 846/846/846 865/864/864 845/845/845
f 847/847/847 865/864/864 846/846/846
f 847/847/847 866/865/865 865/864/864
f 827/827/827 848/848/848 847/847/847
f 848/848/848 867/866/866 847/847/847
f 588/588/588 573/573/573 849/849/849
f 573/573/573 868/867/867 849/849/849
f 811/811/811 869/868/868 850/869/869
f 851/850/850 869/868/868 811/811/811
f 851/850/850 870/870/870 869/868/868
f 831/831/831 871/871/871 851/850/850
f 832/832/832 871/871/871 831/831/831
f 832/832/832 872/872/872 871/871/871
f 852/851/851 872/872/872 832/832/832
f 852/851/851 873/873/873 872/872/872
f 812/812/812 853/852/852 852/851/851
f 853/852/852 874/874/874 852/851/851
f 833/833/833 854/853/853 853/852/852
f 854/853/853 875/875/875 853/852/852
f 834/834/834 855/854/854 854/853/853
f 855/854/854 876/876/876 854/853/853
f 856/855/855 876/876/876 855/854/854
f 856/855/855 877/877/877 876/876/876
f 857/856/856 877/877/877 856/855/855
f 857/856/856 858/857/857 877/877/877
f 858/857/857 878/878/878 877/877/877
f 859/858/858 878/878/878 858/857/857
f 859/858/858 860/859/859 878/878/878
f 860/859/859 879/879/879 878/878/878
f 841/841/841 861/860/860 860/859/859
f 861/860/860 880/880/880 860/859/859
f 842/842/842 881/881/881 861/860/860
f 862/861/861 881/881/881 842/842/842
f 862/861/861 882/882/882 881/881/881
f 843/843/843 863/862/862 862/861/861
f 863/862/862 883/883/883 862/861/861
f 844/844/844 864/863/863 863/862/862
f 864/863/863 884/884/884 863/862/862
f 845/845/845 865/864/864 864/863/863
f 865/864/864 885/885/885 864/863/863
f 866/865/865 885/885/885 865/864/864
f 866/865/865 886/886/886 885/885/885
f 847/847/847 867/866/866 866/865/865
f 867/866/866 887/887/887 866/865/865
f 573/573/573 558/558/558 868/867/867
f 558/558/558 888/888/888 868/867/867
f 869/868/868 889/889/889 850/869/869
f 870/870/870 890/890/890 869/868/868
f 851/850/850 891/891/891 870/870/870
f 871/871/871 892/892/892 851/850/850
f 872/872/872 893/893/893 871/871/871
f 873/873/873 893/893/893 872/872/872
f 873/873/873 894/894/894 893/893/893
f 852/851/851 874/874/874 873/873/873
f 874/874/874 895/895/895 873/873/873
f 853/852/852 896/896/896 874/874/874
f 875/875/875 896/896/896 853/852/852
f 875/875/875 897/897/897 896/896/896
f 854/853/853 876/876/876 875/875/875
f 876/876/876 898/898/898 875/875/875
f 877/877/877 898/898/898 876/876/876
f 877/877/877 878/878/878 898/898/898
f 878/878/878 879/879/879 898/898/898
f 879/879/879 897/897/897 898/898/898
f 860/859/859 880/880/880 879/879/879
f 880/880/880 899/899/899 879/879/879
f 861/860/860 900/900/900 880/880/880
f 881/881/881 900/900/900 861/860/860
f 881/881/881 901/901/901 900/900/900
f 882/882/882 902/902/902 881/881/881
f 862/861/861 883/883/883 882/882/882
f 883/883/883 903/903/903 882/882/882
f 863/862/862 884/884/884 883/883/883
f 884/884/884 904/904/904 883/883/883
f 864/863/863 885/885/885 884/884/884
f 885/885/885 905/905/905 884/884/884
f 886/886/886 905/905/905 885/885/885
f 886/886/886 906/906/906 905/905/905
f 866/865/865 887/887/887 886/886/886
f 887/887/887 907/907/907 886/886/886
f 558/558/558 543/543/543 888/888/888
f 543/543/543 908/908/908 888/888/888
f 889/889/889 909/909/909 850/869/869
f 869/868/868 890/890/890 889/889/889
f 890/890/890 910/910/910 889/889/889
f 870/870/870 911/911/911 890/890/890
f 891/891/891 912/912/912 870/870/870
f 851/850/850 892/892/892 891/891/891
f 892/892/892 913/913/913 891/891/891
f 871/871/871 893/893/893 892/892/892
f 893/893/893 914/914/914 892/892/892
f 894/894/894 914/914/914 893/893/893
f 894/894/894 915/915/915 914/914/914
f 873/873/873 895/895/895 894/894/894
f 895/895/895 916/916/916 894/894/894
f 874/874/874 917/917/917 895/895/895
f 896/896/896 917/917/917 874/874/874
f 897/897/897 917/917/917 896/896/896
f 897/897/897 899/899/899 917/917/917
f 875/875/875 898/898/898 897/897/897
f 899/899/899 897/897/897 879/879/879
f 880/880/880 918/918/918 899/899/899
f 900/900/900 918/918/918 880/880/880
f 900/900/900 901/901/901 918/918/918
f 901/901/901 919/919/919 918/918/918
f 881/881/881 920/920/920 901/901/901
f 902/902/902 921/921/921 881/881/881
f 882/882/882 903/903/903 902/902/902
f 903/903/903 922/922/922 902/902/902
f 883/883/883 904/904/904 903/903/903
f 904/904/904 923/923/923 903/903/903
f 884/884/884 905/905/905 904/904/904
f 905/905/905 924/924/924 904/904/904
f 906/906/906 924/924/924 905/905/905
f 906/906/906 925/925/925 924/924/924
f 886/886/886 907/907/907 906/906/906
f 907/907/907 926/926/926 906/906/906
f 543/543/543 527/527/527 908/908/908
f 527/527/527 927/927/927 908/908/908
f 889/889/889 928/928/928 909/909/909
f 911/911/911 929/929/929 890/890/890
f 870/870/870 912/912/912 911/911/911
f 912/912/912 930/930/930 911/911/911
f 891/891/891 913/913/913 912/912/912
f 913/913/913 931/931/931 912/912/912
f 892/892/892 932/932/932 913/913/913
f 914/914/914 932/932/932 892/892/892
f 914/914/914 933/933/933 932/932/932
f 915/915/915 933/933/933 914/914/914
f 915/915/915 934/934/934 933/933/933
f 894/894/894 916/916/916 915/915/915
f 916/916/916 935/935/935 915/915/915
f 895/895/895 936/936/936 916/916/916
f 917/917/917 936/936/936 895/895/895
f 917/917/917 937/937/937 936/936/936
f 899/899/899 937/937/937 917/917/917
f 899/899/899 918/918/918 937/937/937
f 918/918/918 919/919/919 937/937/937
f 919/919/919 936/936/936 937/937/937
f 919/919/919 938/938/938 936/936/936
f 901/901/901 920/920/920 919/919/919
f 920/920/920 939/939/939 919/919/919
f 881/881/881 921/921/921 920/920/920
f 921/921/921 939/939/939 920/920/920
f 921/921/921 940/940/940 939/939/939
f 902/902/902 941/941/941 921/921/921
f 922/922/922 941/941/941 902/902/902
f 922/922/922 942/942/942 941/941/941
f 903/903/903 923/923/923 922/922/922
f 923/923/923 943/943/943 922/922/922
f 904/904/904 924/924/924 923/923/923
f 924/924/924 944/944/944 923/923/923
f 925/925/925 944/944/944 924/924/924
f 925/925/925 945/945/945 944/944/944
f 906/906/906 926/926/926 925/925/925
f 926/926/926 946/946/946 925/925/925
f 527/527/527 511/511/511 927/927/927
f 511/511/511 947/947/947 927/927/927
f 911/911/911 949/948/948 929/929/929
f 930/930/930 950/949/949 911/911/911
f 912/912/912 931/931/931 930/930/930
f 931/931/931 951/950/950 930/930/930
f 913/913/913 952/951/951 931/931/931
f 932/932/932 952/951/951 913/913/913
f 932/932/932 933/933/933 952/951/951
f 933/933/933 953/952/952 952/951/951
f 934/934/934 954/953/953 933/933/933
f 915/915/915 935/935/935 934/934/934
f 935/935/935 955/954/954 934/934/934
f 916/916/916 938/938/938 935/935/935
f 938/938/938 916/916/916 936/936/936
f 919/919/919 939/939/939 938/938/938
f 939/939/939 940/940/940 938/938/938
f 940/940/940 935/935/935 938/938/938
f 940/940/940 955/954/954 935/935/935
f 940/940/940 956/955/955 955/954/954
f 921/921/921 956/955/955 940/940/940
f 921/921/921 941/941/941 956/955/955
f 941/941/941 957/956/956 956/955/955
f 942/942/942 958/957/957 941/941/941
f 922/922/922 959/958/958 942/942/942
f 943/943/943 959/958/958 922/922/922
f 943/943/943 960/959/959 959/958/958
f 923/923/923 944/944/944 943/943/943
f 944/944/944 960/959/959 943/943/943
f 944/944/944 945/945/945 960/959/959
f 945/945/945 961/960/960 960/959/959
f 925/925/925 946/946/946 945/945/945
f 946/946/946 962/961/961 945/945/945
f 926/926/926 963/962/962 946/946/946
f 511/511/511 494/494/494 947/947/947
f 494/494/494 476/476/476 947/947/947
f 476/476/476 964/963/963 947/947/947
f 910/910/910 966/964/964 948/965/965
f 949/948/948 967/966/966 929/929/929
f 911/911/911 950/949/949 949/948/948
f 950/949/949 968/967/967 949/948/948
f 930/930/930 969/968/968 950/949/949
f 951/950/950 969/968/968 930/930/930
f 951/950/950 970/969/969 969/968/968
f 931/931/931 971/970/970 951/950/950
f 952/951/951 971/970/970 931/931/931
f 952/951/951 953/952/952 971/970/970
f 953/952/952 972/971/971 971/970/970
f 933/933/933 954/953/953 953/952/952
f 954/953/953 973/972/972 953/952/952
f 934/934/934 974/973/973 954/953/953
f 955/954/954 974/973/973 934/934/934
f 955/954/954 956/955/955 974/973/973
f 956/955/955 957/956/956 974/973/973
f 957/956/956 975/974/974 974/973/973
f 941/941/941 975/974/974 957/956/956
f 941/941/941 958/957/957 975/974/974
f 958/957/957 976/975/975 975/974/974
f 942/942/942 977/976/976 958/957/957
f 959/958/958 978/977/977 942/942/942
f 960/959/959 979/978/978 959/958/958
f 961/960/960 979/978/978 960/959/959
f 961/960/960 980/979/979 979/978/978
f 945/945/945 962/961/961 961/960/960
f 962/961/961 980/979/979 961/960/960
f 962/961/961 981/980/980 980/979/979
f 946/946/946 982/981/981 962/961/961
f 963/962/962 982/981/981 946/946/946
f 926/926/926 983/982/982 963/962/962
f 476/476/476 456/456/456 964/963/963
f 948/965/965 966/964/964 965/983/983
f 966/964/964 984/984/984 965/983/983
f 967/966/966 966/964/964 929/929/929
f 949/948/948 985/985/985 967/966/966
f 968/967/967 985/985/985 949/948/948
f 968/967/967 986/986/986 985/985/985
f 950/949/949 969/968/968 968/967/967
f 969/968/968 987/987/987 968/967/967
f 970/969/969 987/987/987 969/968/968
f 970/969/969 988/988/988 987/987/987
f 951/950/950 989/989/989 970/969/969
f 971/970/970 989/989/989 951/950/950
f 971/970/970 972/971/971 989/989/989
f 972/971/971 990/990/990 989/989/989
f 953/952/952 973/972/972 972/971/971
f 973/972/972 976/975/975 972/971/971
f 954/953/953 974/973/973 973/972/972
f 974/973/973 975/974/974 973/972/972
f 976/975/975 973/972/972 975/974/974
f 958/957/957 990/990/990 976/975/975
f 977/976/976 991/991/991 958/957/957
f 942/942/942 978/977/977 977/976/976
f 978/977/977 992/992/992 977/976/976
f 959/958/958 979/978/978 978/977/977
f 979/978/978 993/993/993 978/977/977
f 980/979/979 993/993/993 979/978/978
f 980/979/979 994/994/994 993/993/993
f 981/980/980 994/994/994 980/979/979
f 981/980/980 995/995/995 994/994/994
f 962/961/961 982/981/981 981/980/980
f 982/981/981 996/996/996 981/980/980
f 926/926/926 907/907/907 983/982/982
f 907/907/907 887/887/887 983/982/982
f 887/887/887 997/997/997 983/982/982
f 966/964/964 998/998/998 984/984/984
f 967/966/966 998/998/998 966/964/964
f 967/966/966 999/999/999 998/998/998
f 985/985/985 999/999/999 967/966/966
f 985/985/985 1000/1000/1000 999/999/999
f 986/986/986 1000/1000/1000 985/985/985
f 986/986/986 1001/1001/1001 1000/1000/1000
f 968/967/967 987/987/987 986/986/986
f 987/987/987 1002/1002/1002 986/986/986
f 988/988/988 1002/1002/1002 987/987/987
f 988/988/988 1003/1003/1003 1002/1002/1002
f 970/969/969 1004/1004/1004 988/988/988
f 989/989/989 1005/1005/1005 970/969/969
f 990/990/990 1005/1005/1005 989/989/989
f 990/990/990 958/957/957 1005/1005/1005
f 958/957/957 991/991/991 1005/1005/1005
f 991/991/991 1004/1004/1004 1005/1005/1005
f 972/971/971 976/975/975 990/990/990
f 977/976/976 1006/1006/1006 991/991/991
f 978/977/977 993/993/993 992/992/992
f 993/993/993 1007/1007/1007 992/992/992
f 994/994/994 1007/1007/1007 993/993/993
f 994/994/994 1008/1008/1008 1007/1007/1007
f 995/995/995 1008/1008/1008 994/994/994
f 995/995/995 1009/1009/1009 1008/1008/1008
f 981/980/980 996/996/996 995/995/995
f 996/996/996 1010/1010/1010 995/995/995
f 887/887/887 867/866/866 997/997/997
f 867/866/866 1011/1011/1011 997/997/997
f 1000/1000/1000 1012/1012/1012 999/999/999
f 1001/1001/1001 1013/1013/1013 1000/1000/1000
f 986/986/986 1002/1002/1002 1001/1001/1001
f 1002/1002/1002 1003/1003/1003 1001/1001/1001
f 1003/1003/1003 1014/1014/1014 1001/1001/1001
f 988/988/988 1015/1015/1015 1003/1003/1003
f 1004/1004/1004 1015/1015/1015 988/988/988
f 1004/1004/1004 1006/1006/1006 1015/1015/1015
f 970/969/969 1005/1005/1005 1004/1004/1004
f 1006/1006/1006 1004/1004/1004 991/991/991
f 1007/1007/1007 1016/1016/1016 992/992/992
f 1008/1008/1008 1017/1017/1017 1007/1007/1007
f 1009/1009/1009 1017/1017/1017 1008/1008/1008
f 995/995/995 1010/1010/1010 1009/1009/1009
f 1010/1010/1010 1018/1018/1018 1009/1009/1009
f 867/866/866 848/848/848 1011/1011/1011
f 848/848/848 1019/1019/1019 1011/1011/1011
f 1012/1012/1012 1020/1020/1020 999/999/999
f 1000/1000/1000 1013/1013/1013 1012/1012/1012
f 1013/1013/1013 1021/1021/1021 1012/1012/1012
f 1001/1001/1001 1014/1014/1014 1013/1013/1013
f 1014/1014/1014 1022/1022/1022 1013/1013/1013
f 1003/1003/1003 1023/1023/1023 1014/1014/1014
f 1015/1015/1015 1023/1023/1023 1003/1003/1003
f 1016/1016/1016 1024/1024/1024 992/992/992
f 1007/1007/1007 1017/1017/1017 1016/1016/1016
f 1017/1017/1017 1025/1025/1025 1016/1016/1016
f 848/848/848 828/828/828 1019/1019/1019
f 828/828/828 1026/1026/1026 1019/1019/1019
f 1012/1012/1012 1021/1021/1021 1020/1020/1020
f 1013/1013/1013 1022/1022/1022 1021/1021/1021
f 1022/1022/1022 1027/1027/1027 1021/1021/1021
f 1014/1014/1014 1023/1023/1023 1022/1022/1022
f 1023/1023/1023 1028/1028/1028 1022/1022/1022
f 1016/1016/1016 1025/1025/1025 1024/1024/1024
f 828/828/828 809/809/809 1026/1026/1026
f 809/809/809 1029/1029/1029 1026/1026/1026
f 1022/1022/1022 1028/1028/1028 1027/1027/1027
f 809/809/809 789/789/789 1029/1029/1029
f 789/789/789 1030/1030/1030 1029/1029/1029
f 789/789/789 768/768/768 1030/1030/1030
f 768/768/768 749/748/748 1030/1030/1030
f 749/748/748 1031/1031/1031 1030/1030/1030
f 749/748/748 731/729/729 1031/1031/1031
f 731/729/729 1032/1032/1032 1031/1031/1031
f 731/729/729 750/749/749 1032/1032/1032
f 750/749/749 1033/1033/1033 1032/1032/1032
f 750/749/749 769/769/769 1033/1033/1033
f 769/769/769 1034/1034/1034 1033/1033/1033
