# Blender v2.79 (sub 0) OBJ File: ''
# www.blender.org
mtllib 4.mtl
o 4
v -0.035341 0.101229 0.112564
v -0.034523 0.094342 0.118906
v -0.024166 0.096258 0.118666
v -0.033107 0.090224 0.122631
v -0.023185 0.091536 0.122184
v -0.041630 0.082072 0.128386
v -0.012220 0.086385 0.121140
v -0.031989 0.086764 0.126128
v -0.030935 0.083552 0.129594
v -0.013833 0.095245 0.106088
v -0.022317 0.087876 0.125622
v -0.020911 0.081713 0.128172
v -0.039757 0.078647 0.133042
v -0.003866 0.091912 0.111972
v -0.011333 0.083082 0.124242
v -0.010346 0.080149 0.126788
v -0.029965 0.080130 0.132282
v -0.038280 0.074570 0.137676
v -0.004622 0.097148 0.108182
v -0.003211 0.088119 0.114743
v -0.002278 0.084797 0.117422
v -0.001194 0.081907 0.120062
v -0.020106 0.078909 0.129932
v -0.029158 0.076229 0.134183
v -0.036570 0.069101 0.142965
v -0.049131 0.067114 0.143085
v 0.006818 0.091328 0.105075
v 0.007676 0.087730 0.107981
v 0.008606 0.084585 0.110621
v 0.009526 0.081644 0.113231
v -0.000117 0.079181 0.122567
v -0.009274 0.077399 0.129057
v -0.019016 0.076056 0.131894
v -0.016805 0.070270 0.135281
v -0.047545 0.060685 0.154524
v 0.006026 0.095875 0.100920
v 0.019424 0.088416 0.103800
v 0.020159 0.085119 0.105877
v 0.020912 0.082056 0.108110
v 0.010451 0.078796 0.115693
v 0.011491 0.076034 0.117904
v 0.000994 0.076509 0.124880
v -0.008217 0.074709 0.130997
v -0.017880 0.073127 0.133650
v -0.015691 0.067529 0.136790
v 0.021848 0.079071 0.110201
v 0.022721 0.076044 0.112070
v 0.012591 0.073273 0.120088
v 0.002040 0.073799 0.127129
v -0.007080 0.072033 0.132645
v -0.005934 0.069375 0.134057
v 0.023892 0.073120 0.114175
v 0.013627 0.070467 0.122337
v 0.003155 0.071085 0.129214
v 0.004245 0.068325 0.131028
v -0.014560 0.064759 0.138039
v 0.025155 0.070241 0.115866
v 0.014647 0.067644 0.124274
v 0.005351 0.065541 0.132557
v -0.004833 0.066643 0.135490
v -0.013344 0.062107 0.139233
v 0.026374 0.067272 0.117460
v 0.015674 0.064873 0.125986
v -0.003722 0.063919 0.136921
v -0.012110 0.059536 0.140459
v 0.027498 0.064264 0.119149
v 0.006434 0.062818 0.134056
v -0.002567 0.061222 0.138226
v -0.010892 0.057004 0.141509
v 0.016669 0.062121 0.127499
v 0.007506 0.060150 0.135367
v -0.001429 0.058557 0.139310
v -0.009748 0.054467 0.142508
v 0.028684 0.061345 0.120828
v 0.017669 0.059424 0.128869
v -0.000338 0.055977 0.140270
v -0.008733 0.051843 0.143608
v 0.030188 0.058497 0.122382
v 0.008589 0.057515 0.136493
v 0.000697 0.053406 0.141106
v -0.007601 0.049222 0.144374
v 0.018664 0.056697 0.130192
v 0.009667 0.054910 0.137328
v 0.001664 0.050850 0.141694
v -0.006552 0.046722 0.144812
v 0.032011 0.055447 0.123770
v 0.019657 0.053992 0.131321
v 0.010654 0.052354 0.138016
v 0.002642 0.048305 0.142014
v 0.020659 0.051395 0.132127
v 0.011652 0.049838 0.138321
v 0.003613 0.045814 0.142126
v -0.005481 0.044201 0.145180
v 0.021709 0.048875 0.132630
v 0.012664 0.047353 0.138333
v 0.004606 0.043346 0.142142
v -0.004388 0.041731 0.145435
v 0.022952 0.046393 0.132919
v 0.013662 0.044894 0.138085
v 0.005618 0.040914 0.142045
v -0.003448 0.039136 0.145667
v 0.024394 0.043785 0.133273
v 0.014606 0.042441 0.137969
v 0.006615 0.038433 0.141738
v -0.002533 0.036498 0.145607
v 0.026224 0.041203 0.134110
v 0.015604 0.039929 0.137943
v 0.007641 0.035987 0.141311
v -0.001711 0.033892 0.145532
v 0.016685 0.037429 0.138102
v 0.017842 0.034896 0.138489
v -0.000850 0.031453 0.145361
v 0.028752 0.038486 0.135335
v 0.019229 0.032187 0.138794
v 0.008701 0.033535 0.140941
v 0.009738 0.031074 0.140816
v 0.020884 0.029278 0.139410
v -0.000123 0.028944 0.144715
v 0.023176 0.025840 0.140312
v 0.010773 0.028499 0.140839
v 0.000541 0.025997 0.143978
v 0.011700 0.025764 0.141057
v 0.001222 0.023016 0.143541
v 0.012705 0.022754 0.141451
v 0.002031 0.019791 0.143556
v 0.013836 0.019347 0.142118
v 0.002979 0.016306 0.143842
v 0.015445 0.015571 0.143741
v 0.003832 0.013012 0.144554
v 0.017885 0.011513 0.145069
v 0.004525 -0.003017 0.151780
v 0.023665 0.107621 0.027529
v 0.013050 0.110408 0.040179
v 0.015278 0.097369 0.039694
v 0.025032 0.101976 0.027992
v 0.034686 0.102531 0.038894
v 0.036373 0.098245 0.040212
v 0.047932 0.106882 0.040058
v 0.029919 0.087461 0.040080
v 0.049492 0.101190 0.038363
v 0.037996 0.094810 0.040203
v 0.039542 0.091711 0.039585
v 0.041079 0.088810 0.039165
v 0.042596 0.085947 0.039439
v 0.034624 0.071696 0.042268
v 0.054689 0.088827 0.028852
v 0.043721 0.083139 0.039325
v 0.054441 0.091892 0.026495
v 0.055810 0.080167 0.038157
v 0.055263 0.075823 0.052557
v 0.045874 0.073231 0.055581
v 0.062226 0.094635 0.023966
v 0.063162 0.091182 0.026263
v 0.062400 0.083334 0.043716
v 0.068381 0.090496 0.056891
v 0.055996 0.072525 0.054206
v 0.036285 0.067533 0.057479
v 0.069679 0.094878 0.038688
v 0.064430 0.087783 0.027010
v 0.068934 0.087111 0.065488
v 0.046667 0.070219 0.052475
v 0.037368 0.065162 0.054399
v 0.071833 0.099689 0.025504
v 0.075528 0.101970 0.068769
v 0.047579 0.067480 0.049514
v 0.038396 0.062595 0.051674
v 0.039464 0.059960 0.048984
v 0.061941 0.098660 0.020465
v 0.086891 0.100622 0.056731
v 0.075946 0.097043 0.070105
v 0.048662 0.064761 0.047373
v 0.049813 0.062124 0.045383
v 0.040576 0.057174 0.046648
v 0.051132 0.098099 0.024503
v 0.061877 0.102870 0.016827
v 0.087509 0.096883 0.053024
v 0.093929 0.104922 0.060209
v 0.069844 0.084064 0.072298
v 0.050912 0.059324 0.043747
v 0.073342 0.105327 0.013371
v 0.087693 0.093750 0.051999
v 0.096870 0.091260 0.063514
v 0.094097 0.098335 0.066174
v 0.076860 0.093441 0.070291
v 0.041778 0.054430 0.044636
v 0.061751 0.107861 0.012656
v 0.088217 0.090788 0.051200
v 0.098281 0.088278 0.061317
v 0.107203 0.093361 0.067146
v 0.104966 0.101301 0.072230
v 0.077891 0.090324 0.070624
v 0.070691 0.080363 0.080477
v 0.052039 0.056409 0.042412
v 0.032332 0.050064 0.048557
v 0.099838 0.085215 0.059186
v 0.108769 0.090132 0.063707
v 0.118074 0.100391 0.067244
v 0.105905 0.096991 0.069543
v 0.095347 0.094732 0.065570
v 0.079049 0.087173 0.070918
v 0.083292 0.074722 0.082930
v 0.060089 0.079078 0.080196
v 0.042987 0.051691 0.042716
v 0.033740 0.047468 0.046361
v 0.030873 0.052701 0.051007
v 0.089277 0.087614 0.051302
v 0.111439 0.086727 0.053818
v 0.119258 0.095973 0.065744
v 0.080347 0.084163 0.070627
v 0.081715 0.081363 0.069822
v 0.071009 0.076052 0.088937
v 0.060986 0.074877 0.086312
v 0.053028 0.053476 0.041055
v 0.035067 0.044845 0.044058
v 0.024730 0.039625 0.047190
v 0.029327 0.055114 0.053863
v 0.101375 0.082160 0.056637
v 0.103021 0.079047 0.052823
v 0.115728 0.109234 0.073722
v 0.082659 0.078837 0.069119
v 0.084424 0.071378 0.086744
v 0.062029 0.071584 0.089350
v 0.054252 0.067313 0.075933
v 0.044107 0.048962 0.040778
v 0.036169 0.042100 0.041948
v 0.026201 0.037523 0.043805
v 0.112540 0.083743 0.051779
v 0.092115 0.081219 0.054063
v 0.085806 0.068068 0.087033
v 0.072138 0.072601 0.091871
v 0.063191 0.068405 0.091096
v 0.054880 0.064426 0.080090
v 0.054104 0.050679 0.039981
v 0.045191 0.046330 0.039199
v 0.027890 0.034957 0.041805
v 0.019666 0.028536 0.043539
v 0.104447 0.076003 0.048879
v 0.093622 0.078143 0.053052
v 0.087294 0.065037 0.085432
v 0.074682 0.066579 0.093411
v 0.073381 0.069551 0.093104
v 0.064389 0.065344 0.092185
v 0.055841 0.061309 0.083171
v 0.055225 0.048028 0.039378
v 0.056296 0.045129 0.038533
v 0.037377 0.039389 0.040299
v 0.029449 0.032353 0.040231
v 0.021330 0.025630 0.041074
v 0.113880 0.081001 0.050303
v 0.089029 0.062151 0.082675
v 0.079029 0.057985 0.091358
v 0.076107 0.063682 0.093199
v 0.065641 0.062433 0.092939
v 0.057120 0.058349 0.084972
v 0.046280 0.043777 0.037690
v 0.038797 0.036804 0.038395
v 0.039647 0.034108 0.037634
v 0.030580 0.029909 0.038783
v 0.013134 0.018446 0.050232
v 0.090748 0.084495 0.053134
v 0.095011 0.075038 0.051318
v 0.115297 0.078136 0.049017
v 0.080485 0.055101 0.089866
v 0.070825 0.051042 0.092258
v 0.077566 0.060818 0.092478
v 0.068136 0.056729 0.093269
v 0.066861 0.059566 0.093297
v 0.058427 0.055437 0.086280
v 0.047470 0.041241 0.036332
v 0.022902 0.022758 0.039652
v 0.024226 0.019669 0.038464
v 0.096315 0.071962 0.049041
v 0.105649 0.073068 0.047207
v 0.081924 0.052190 0.087970
v 0.072143 0.048315 0.091281
v 0.069448 0.053900 0.092919
v 0.060759 0.049824 0.086677
v 0.059575 0.052594 0.086714
v 0.058900 0.040264 0.036655
v 0.048668 0.038611 0.034910
v 0.025607 0.016639 0.037360
v 0.014700 0.016198 0.042907
v 0.097513 0.068961 0.046713
v 0.098779 0.065974 0.044636
v 0.116783 0.075208 0.047849
v 0.083297 0.049453 0.085886
v 0.073443 0.045743 0.089966
v 0.062068 0.047207 0.086341
v 0.050893 0.031943 0.034384
v 0.016425 0.012933 0.041434
v 0.106873 0.070072 0.045833
v 0.118411 0.072272 0.046679
v 0.090841 0.059051 0.079045
v 0.074771 0.043328 0.087945
v 0.063457 0.044752 0.085761
v 0.058761 0.033691 0.080420
v 0.017989 0.009803 0.040448
v 0.108203 0.067105 0.044538
v 0.120136 0.069302 0.045331
v 0.084644 0.047021 0.083235
v 0.076201 0.040902 0.084677
v 0.064838 0.042364 0.084884
v 0.061487 0.025927 0.086723
v 0.058018 0.036501 0.076177
v 0.026889 0.013813 0.036506
v 0.008892 0.004785 0.041137
v 0.100178 0.062822 0.042991
v 0.109737 0.064294 0.043267
v 0.092881 0.055884 0.075200
v 0.086018 0.044651 0.079111
v 0.070554 0.030218 0.082054
v 0.066142 0.039947 0.082852
v 0.050680 0.026883 0.087923
v 0.049727 0.029808 0.084853
v 0.019317 0.006756 0.039731
v 0.010616 0.001680 0.040846
v 0.012339 0.016225 0.044798
v 0.092947 0.055765 0.038491
v 0.101742 0.059659 0.041795
v 0.111450 0.061554 0.041939
v 0.087518 0.042700 0.073596
v 0.077573 0.038709 0.079847
v 0.072723 0.024786 0.083850
v 0.060516 0.028553 0.085329
v 0.059595 0.031120 0.082977
v 0.051663 0.024179 0.089353
v 0.040958 0.025236 0.086142
v 0.038859 0.031163 0.079508
v 0.028146 0.011010 0.035833
v 0.020466 0.004052 0.039064
v 0.001574 0.006256 0.032051
v 0.000756 0.010089 0.032405
v 0.095566 0.053395 0.034628
v 0.103221 0.056413 0.041039
v 0.113181 0.058820 0.040931
v 0.122074 0.066407 0.043927
v 0.079246 0.036330 0.074110
v 0.071627 0.027549 0.083336
v 0.052647 0.021451 0.090082
v 0.042055 0.022470 0.087247
v 0.032995 0.017938 0.078475
v 0.039836 0.028023 0.083922
v 0.030673 0.023472 0.074800
v 0.029446 0.008324 0.035409
v 0.021573 0.001502 0.038524
v 0.011824 -0.001114 0.040210
v 0.002168 0.002842 0.029053
v -0.007475 0.004641 0.032129
v 0.000153 0.013573 0.032001
v 0.092750 0.042821 0.033728
v 0.097858 0.050926 0.029976
v 0.107294 0.047829 0.036046
v 0.123982 0.063350 0.042730
v 0.073848 0.021936 0.083757
v 0.062457 0.023158 0.087381
v 0.043133 0.019690 0.087899
v 0.034176 0.015086 0.079212
v 0.031799 0.020703 0.077196
v 0.029666 0.026135 0.071246
v 0.030696 0.005820 0.034937
v 0.012967 -0.003575 0.039775
v 0.006431 -0.012021 0.037873
v 0.002953 -0.000189 0.026791
v -0.010437 0.013497 0.035989
v -0.001027 0.020206 0.034244
v 0.093561 0.040583 0.036036
v 0.099299 0.048912 0.027891
v 0.108708 0.045914 0.032881
v 0.114679 0.055942 0.040754
v 0.125739 0.060387 0.041646
v 0.063498 0.020304 0.087409
v 0.053663 0.018665 0.090182
v 0.044203 0.016913 0.088275
v 0.035332 0.012230 0.079862
v 0.034362 -0.004188 0.039758
v 0.023541 -0.003389 0.038924
v 0.013963 -0.005978 0.039911
v -0.003464 -0.006275 0.022870
v -0.013170 -0.007560 0.028014
v -0.018269 0.005801 0.039397
v 0.105643 0.050190 0.040432
v 0.102607 0.039768 0.032610
v 0.100593 0.046903 0.028201
v 0.101234 0.044790 0.029541
v 0.116132 0.052981 0.040933
v 0.127293 0.057506 0.041209
v 0.064586 0.017424 0.087047
v 0.045292 0.014119 0.088338
v 0.036482 0.009523 0.080183
v 0.031842 0.003274 0.034566
v 0.035046 -0.006989 0.042590
v 0.016157 -0.010805 0.041377
v 0.007518 -0.014822 0.037653
v -0.011264 -0.013295 0.027300
v -0.012229 -0.010299 0.027723
v -0.014201 -0.004944 0.029216
v -0.017103 0.003004 0.037081
v -0.019246 0.009066 0.041938
v 0.104416 0.053191 0.040806
v 0.094079 0.038425 0.037512
v 0.103616 0.037380 0.033497
v 0.101789 0.042466 0.031120
v 0.104843 0.034525 0.034653
v 0.117621 0.049962 0.041124
v 0.075075 0.019062 0.083255
v 0.054740 0.015842 0.089876
v 0.046372 0.011335 0.088231
v 0.037626 0.006917 0.080293
v 0.032914 0.000753 0.034429
v 0.036283 -0.009587 0.041906
v 0.024801 -0.006438 0.038344
v 0.028918 -0.016492 0.041153
v 0.017268 -0.013112 0.039720
v 0.008476 -0.017341 0.035929
v -0.010458 -0.016466 0.026681
v -0.020768 -0.017492 0.033459
v -0.015240 -0.002271 0.031823
v -0.016196 0.000356 0.034433
v -0.006443 0.001776 0.032157
v -0.028067 0.000526 0.038959
v -0.028959 0.003672 0.043186
v 0.094601 0.036367 0.039536
v 0.096902 0.027395 0.042673
v 0.109940 0.043233 0.040310
v 0.119211 0.046984 0.041385
v 0.128950 0.055124 0.040797
v 0.065697 0.014539 0.086322
v 0.055855 0.013000 0.089254
v 0.047437 0.008640 0.087987
v 0.038847 0.004399 0.080277
v 0.033845 -0.001584 0.035104
v 0.026581 -0.011299 0.036172
v 0.037229 -0.012026 0.044342
v 0.037998 -0.014762 0.046931
v 0.029930 -0.019112 0.042894
v 0.027701 -0.013818 0.038107
v 0.011390 -0.024246 0.035125
v 0.004705 -0.009382 0.024635
v 0.000563 -0.024660 0.029142
v -0.019575 -0.020064 0.033781
v -0.026656 -0.004573 0.033624
v -0.004628 -0.003417 0.029459
v -0.005630 -0.000752 0.032137
v -0.027310 -0.002131 0.036197
v -0.037409 -0.004484 0.040533
v 0.110538 0.040429 0.044179
v 0.085733 0.028439 0.040722
v 0.098146 0.024777 0.041991
v 0.111177 0.037804 0.044653
v 0.112084 0.035332 0.046121
v 0.130387 0.052869 0.040493
v 0.066814 0.011726 0.085456
v 0.056929 0.010207 0.088539
v 0.048518 0.006030 0.087622
v 0.040035 0.001909 0.080103
v 0.025764 -0.008891 0.036525
v 0.038785 -0.017335 0.048393
v 0.019658 -0.018068 0.036042
v 0.020776 -0.020788 0.034824
v 0.003916 -0.029183 0.036378
v -0.000315 -0.022327 0.021651
v 0.002547 -0.026971 0.035409
v -0.017323 -0.025337 0.031935
v -0.018371 -0.022644 0.032735
v -0.035475 -0.010018 0.034855
v -0.036577 -0.007231 0.038278
v -0.048208 -0.006834 0.034995
v -0.038564 -0.001155 0.043004
v 0.095043 0.033043 0.043453
v 0.083504 0.033395 0.044245
v 0.102041 0.018689 0.029971
v 0.105923 0.031782 0.038851
v 0.113202 0.033124 0.047381
v 0.120414 0.043815 0.041468
v 0.076301 0.016133 0.082268
v 0.058035 0.007578 0.087854
v 0.049627 0.003493 0.087330
v 0.041243 -0.000553 0.080007
v 0.022721 -0.001002 0.038205
v 0.018511 -0.015483 0.037245
v 0.039734 -0.019647 0.050694
v 0.021868 -0.023645 0.033714
v -0.009222 -0.019699 0.021650
v -0.003075 -0.008911 0.018262
v -0.048417 -0.022551 0.047631
v -0.049402 -0.003258 0.036866
v 0.106282 0.028859 0.042986
v 0.080621 0.034403 0.052704
v 0.084845 0.031210 0.045359
v 0.086925 0.025522 0.036789
v 0.131600 0.050687 0.041233
v 0.067994 0.009028 0.084587
v 0.059180 0.005054 0.087173
v 0.050759 0.000977 0.087032
v 0.042436 -0.003081 0.080106
v 0.014869 -0.008285 0.039431
v 0.022963 -0.026665 0.032662
v 0.032849 -0.027512 0.041000
v 0.030897 -0.021820 0.043302
v 0.033424 -0.030076 0.058300
v -0.007164 -0.028127 0.017185
v -0.002662 -0.011595 0.015600
v -0.047263 -0.009940 0.032812
v -0.057159 -0.024053 0.044019
v 0.095787 0.030141 0.044294
v 0.088419 0.019062 0.031533
v 0.121270 0.040723 0.041042
v 0.077690 0.013231 0.080675
v 0.060333 0.002545 0.086369
v 0.051923 -0.001516 0.086553
v 0.043671 -0.005618 0.080103
v 0.009325 -0.019733 0.034498
v 0.010256 -0.022077 0.033794
v 0.031866 -0.024559 0.042898
v 0.041503 -0.022355 0.065163
v 0.024109 -0.029644 0.031452
v -0.002300 -0.014139 0.014504
v 0.004543 -0.007302 0.022293
v -0.046123 -0.012947 0.030074
v 0.122355 0.038024 0.042090
v 0.092305 0.013410 0.024136
v 0.069222 0.006374 0.083648
v 0.061529 0.000036 0.085289
v 0.053135 -0.004067 0.085788
v 0.044851 -0.008073 0.079775
v 0.049826 -0.019456 0.063489
v 0.034195 -0.032438 0.062057
v 0.020164 -0.042064 0.032356
v -0.008150 -0.022645 0.017398
v -0.001667 -0.016897 0.014344
v 0.004260 -0.005122 0.023659
v 0.131408 0.048257 0.046266
v 0.123436 0.030857 0.054150
v 0.103341 0.014988 0.027695
v 0.070490 0.003781 0.082754
v 0.071764 0.001196 0.081741
v 0.054336 -0.006603 0.084694
v 0.046052 -0.010532 0.079176
v 0.048365 -0.015971 0.075914
v 0.042355 -0.025007 0.068989
v 0.016695 -0.035791 0.054558
v 0.025276 -0.032435 0.030000
v -0.007780 -0.025232 0.017143
v -0.000954 -0.019871 0.017367
v 0.003660 -0.002939 0.025033
v 0.124516 0.027933 0.054423
v 0.115467 0.027440 0.053972
v 0.093720 0.010402 0.021640
v 0.112045 0.009333 0.042762
v 0.079072 0.010447 0.078818
v 0.080673 0.007802 0.076618
v 0.062785 -0.002546 0.083642
v 0.055512 -0.009103 0.083256
v 0.047163 -0.013130 0.077906
v 0.060009 -0.017893 0.067704
v 0.035190 -0.034948 0.064859
v 0.018036 -0.038537 0.053319
v 0.014395 -0.029951 0.055149
v 0.026439 -0.035206 0.028627
v 0.121594 0.033947 0.057757
v 0.116524 0.024811 0.058377
v 0.114228 0.030091 0.048875
v 0.085964 -0.000238 0.016452
v 0.104476 0.011664 0.025559
v 0.113348 0.006954 0.040985
v 0.073047 -0.001454 0.080513
v 0.064074 -0.005187 0.081506
v 0.056676 -0.011540 0.081378
v 0.060635 -0.019812 0.065145
v 0.057776 -0.014278 0.078593
v 0.043129 -0.027553 0.070968
v 0.010210 -0.045213 0.064677
v 0.007216 -0.037022 0.065876
v 0.027514 -0.037886 0.027328
v 0.125478 0.025565 0.055490
v 0.116631 0.021816 0.064407
v 0.105408 0.025954 0.064701
v 0.095012 0.007228 0.019300
v 0.105285 0.008450 0.023436
v 0.106185 0.005692 0.021702
v 0.114016 0.004337 0.042686
v 0.074296 -0.004045 0.078943
v 0.065416 -0.007753 0.078900
v 0.050811 -0.021390 0.064594
v 0.069101 -0.016545 0.063839
v 0.066612 -0.010222 0.076430
v 0.052474 -0.025960 0.069954
v 0.036353 -0.037466 0.066873
v 0.011266 -0.047942 0.063402
v 0.009236 -0.042455 0.065856
v 0.008241 -0.039730 0.066153
v 0.006190 -0.034257 0.065630
v 0.031412 -0.048726 0.030317
v 0.126336 0.023506 0.057353
v 0.105797 0.022520 0.066306
v 0.096179 0.004231 0.017499
v 0.097489 0.001379 0.015730
v 0.110236 -0.006910 0.030749
v 0.114419 0.002624 0.045817
v 0.107844 0.012568 0.063127
v 0.082590 0.005306 0.073636
v 0.075610 -0.006705 0.076739
v 0.051725 -0.023475 0.067655
v 0.070319 -0.018640 0.060827
v 0.067780 -0.012790 0.074066
v 0.076868 -0.009356 0.073942
v 0.053413 -0.028614 0.071717
v 0.044093 -0.030271 0.072146
v 0.012431 -0.050651 0.061881
v 0.004000 -0.054489 0.071967
v 0.002980 -0.051958 0.073298
v -0.000129 -0.044236 0.073378
v -0.001174 -0.041451 0.072709
v -0.003628 -0.033197 0.072789
v 0.005085 -0.032018 0.062973
v 0.028590 -0.040495 0.026402
v 0.032430 -0.051436 0.033546
v 0.127237 0.021122 0.059666
v 0.117372 0.019036 0.067549
v 0.097901 0.020200 0.062136
v 0.088145 -0.003180 0.014830
v 0.107222 0.003149 0.020508
v 0.108240 0.000608 0.019926
v 0.087736 -0.013893 0.075280
v 0.061382 -0.021591 0.067469
v 0.081073 -0.021634 0.067118
v 0.087455 -0.011074 0.069584
v 0.062066 -0.024088 0.072900
v 0.062946 -0.026767 0.075691
v 0.054471 -0.031333 0.073148
v 0.037466 -0.039969 0.068455
v 0.013420 -0.053392 0.059699
v 0.005004 -0.057138 0.069910
v -0.003093 -0.064491 0.074206
v -0.004318 -0.061797 0.075566
v 0.001850 -0.049502 0.073452
v 0.000844 -0.046942 0.073406
v -0.010038 -0.039681 0.082525
v -0.010883 -0.037181 0.080219
v -0.004452 -0.030795 0.071452
v -0.005327 -0.027804 0.069271
v 0.013532 -0.027185 0.052056
v 0.030676 -0.045886 0.026876
v 0.033449 -0.053980 0.038047
v 0.128197 0.017779 0.065482
v 0.106245 0.019308 0.065387
v 0.106893 0.015994 0.064922
v 0.080886 -0.015763 0.013587
v 0.098701 -0.000948 0.014569
v 0.109052 -0.001681 0.019782
v 0.110177 -0.004428 0.019190
v 0.084249 0.002629 0.070017
v 0.088365 -0.016625 0.079126
v 0.071106 -0.020687 0.064209
v 0.080733 -0.019391 0.052896
v 0.081921 -0.024074 0.070729
v 0.072908 -0.025446 0.070483
v 0.045131 -0.032941 0.072725
v 0.046153 -0.035580 0.073008
v 0.014691 -0.056167 0.055972
v 0.006029 -0.059900 0.067721
v -0.001927 -0.067364 0.072435
v -0.005784 -0.059216 0.076151
v -0.007117 -0.056800 0.076119
v -0.008154 -0.054423 0.075312
v -0.008788 -0.052053 0.073415
v -0.011938 -0.034551 0.078970
v -0.012973 -0.031801 0.078257
v -0.013961 -0.028769 0.077744
v -0.015094 -0.025453 0.076350
v 0.015435 -0.032921 0.055475
v 0.029670 -0.043190 0.025992
v 0.024470 -0.056273 0.022983
v 0.129228 0.014967 0.068523
v 0.118292 0.016095 0.068389
v 0.120206 0.010276 0.069139
v 0.079639 -0.013437 0.020917
v 0.089681 -0.006096 0.013482
v 0.090701 -0.008679 0.012329
v 0.101524 -0.009479 0.018017
v 0.089544 0.015154 0.058310
v 0.096488 -0.008953 0.074232
v 0.096604 -0.011982 0.081322
v 0.072057 -0.022929 0.067005
v 0.076272 -0.033459 0.073663
v 0.073912 -0.028060 0.072617
v 0.055464 -0.033934 0.074388
v 0.038640 -0.042595 0.069536
v 0.016010 -0.059027 0.048808
v 0.008196 -0.065707 0.062924
v 0.007134 -0.062763 0.065353
v -0.000655 -0.070095 0.070231
v -0.002247 -0.038740 0.069478
v -0.020506 -0.038342 0.085813
v -0.021775 -0.035800 0.084753
v -0.022959 -0.033102 0.083868
v -0.025418 -0.027323 0.082123
v 0.023730 -0.053430 0.024354
v 0.017755 -0.063228 0.024745
v 0.025283 -0.059230 0.022042
v 0.130882 0.011868 0.069679
v 0.131646 0.009786 0.081497
v 0.112354 0.001327 0.076018
v 0.081630 -0.018272 0.020198
v 0.091397 -0.010928 0.010372
v 0.097262 -0.014637 0.084671
v 0.075086 -0.030777 0.073482
v 0.067429 -0.037441 0.077508
v 0.077405 -0.036136 0.073352
v 0.082843 -0.026602 0.073275
v 0.064056 -0.029559 0.076863
v 0.047143 -0.038211 0.073065
v 0.009225 -0.068709 0.060704
v 0.000534 -0.072902 0.068056
v -0.002810 -0.035891 0.070498
v -0.019237 -0.040899 0.087300
v -0.030396 -0.039618 0.090620
v -0.031548 -0.037109 0.089392
v -0.024132 -0.030314 0.083043
v -0.033743 -0.031741 0.087166
v -0.026771 -0.024203 0.080932
v 0.023027 -0.050645 0.026036
v 0.018878 -0.066142 0.022280
v 0.026302 -0.062126 0.021272
v 0.139069 0.024367 0.081019
v 0.121035 0.007703 0.070710
v 0.107137 -0.012748 0.083812
v 0.088991 -0.019189 0.081416
v 0.066301 -0.034879 0.077563
v 0.068616 -0.040070 0.077221
v 0.078541 -0.038857 0.072540
v 0.083856 -0.029161 0.074574
v 0.065188 -0.032252 0.077337
v 0.056451 -0.036475 0.075432
v 0.039770 -0.045341 0.070155
v 0.010438 -0.071914 0.058811
v 0.001810 -0.075958 0.065722
v -0.009113 -0.042565 0.085706
v -0.029180 -0.042227 0.092210
v -0.038465 -0.043665 0.096134
v -0.039815 -0.040997 0.094723
v -0.032660 -0.034493 0.088266
v -0.042363 -0.035668 0.092031
v -0.034868 -0.028856 0.086137
v -0.035927 -0.025830 0.085064
v -0.027937 -0.020252 0.076870
v 0.022398 -0.047911 0.027669
v 0.019918 -0.069241 0.020856
v 0.132886 0.006773 0.083646
v 0.122784 0.002599 0.078437
v 0.119328 0.013072 0.067708
v 0.106417 -0.010206 0.080022
v 0.108024 -0.015478 0.086872
v 0.098104 -0.017241 0.086494
v 0.057514 -0.039022 0.076205
v 0.069850 -0.042809 0.076829
v 0.048188 -0.040841 0.072965
v 0.011894 -0.075108 0.056878
v 0.003063 -0.079257 0.063362
v -0.017926 -0.043518 0.089392
v -0.027878 -0.044951 0.094182
v -0.037157 -0.046316 0.097647
v -0.047970 -0.048065 0.100156
v -0.041123 -0.038376 0.093348
v -0.049689 -0.045525 0.098362
v -0.043533 -0.032859 0.090881
v -0.044699 -0.029961 0.089382
v -0.037218 -0.022693 0.082897
v -0.038771 -0.019531 0.075205
v 0.021527 -0.045210 0.029426
v 0.027336 -0.065020 0.020643
v 0.123626 -0.000035 0.081281
v 0.105959 -0.007738 0.074288
v 0.113376 -0.001157 0.079656
v 0.119791 -0.016775 0.083183
v 0.099016 -0.019912 0.087608
v 0.089964 -0.021818 0.082956
v 0.058636 -0.041637 0.076747
v 0.059805 -0.044315 0.077082
v 0.079649 -0.041599 0.071370
v 0.040894 -0.048071 0.070487
v 0.014082 -0.078175 0.053689
v 0.004470 -0.082887 0.061059
v -0.016473 -0.046592 0.092735
v -0.026586 -0.047585 0.096788
v -0.035904 -0.048906 0.099568
v -0.046222 -0.050589 0.101789
v -0.051388 -0.043274 0.094184
v -0.046013 -0.027234 0.085650
v 0.021011 -0.072478 0.019745
v 0.122033 0.005280 0.071640
v 0.126104 -0.005519 0.080730
v 0.134442 0.004033 0.085151
v 0.117542 -0.007340 0.066870
v 0.114716 -0.003588 0.078387
v 0.108960 -0.018114 0.088370
v 0.100039 -0.022647 0.088302
v 0.091093 -0.024412 0.084076
v 0.050399 -0.046257 0.072463
v 0.051540 -0.048983 0.072332
v 0.061017 -0.047042 0.077262
v 0.071159 -0.045662 0.076327
v 0.084962 -0.031707 0.075488
v 0.049267 -0.043537 0.072736
v 0.006137 -0.087218 0.058925
v -0.025061 -0.050161 0.100524
v -0.034738 -0.051421 0.101920
v -0.044681 -0.052940 0.103538
v -0.053314 -0.059602 0.106190
v -0.055000 -0.057747 0.098703
v -0.063815 -0.054014 0.088048
v 0.014647 -0.084827 0.020272
v 0.028530 -0.068160 0.020275
v 0.135951 0.001294 0.085264
v 0.124866 -0.002637 0.081916
v 0.118684 -0.009572 0.066344
v 0.128459 -0.010609 0.081536
v 0.120813 -0.019762 0.084824
v 0.109979 -0.020872 0.089212
v 0.092226 -0.027005 0.084844
v 0.042034 -0.050795 0.070616
v 0.052675 -0.051675 0.072292
v 0.062243 -0.049759 0.077351
v 0.080854 -0.044407 0.069677
v 0.086051 -0.034263 0.076076
v 0.007546 -0.092357 0.057258
v -0.007023 -0.086865 0.047101
v -0.023527 -0.052936 0.101060
v -0.033560 -0.053833 0.104964
v -0.043297 -0.055278 0.105554
v -0.051517 -0.061879 0.110821
v -0.059400 -0.068911 0.108732
v -0.062433 -0.056638 0.089455
v -0.065015 -0.051695 0.084223
v 0.022169 -0.075989 0.019092
v 0.029955 -0.071386 0.019797
v 0.138029 -0.001673 0.084644
v 0.129749 -0.013124 0.083344
v 0.119732 -0.011758 0.066581
v 0.111087 -0.023675 0.089613
v 0.101140 -0.025362 0.088719
v 0.093423 -0.029593 0.085214
v 0.043246 -0.053540 0.070538
v 0.044397 -0.056245 0.070256
v 0.053842 -0.054338 0.072209
v 0.072400 -0.048440 0.075770
v 0.082283 -0.047305 0.067659
v 0.089826 -0.042952 0.073106
v 0.087187 -0.036804 0.076180
v -0.005507 -0.091573 0.044900
v -0.021588 -0.055780 0.098440
v -0.032518 -0.056341 0.106126
v -0.040807 -0.060121 0.109435
v -0.041997 -0.057679 0.107541
v -0.049728 -0.064258 0.113910
v -0.057853 -0.071187 0.114198
v -0.067745 -0.068153 0.097237
v -0.069100 -0.065647 0.093560
v -0.070389 -0.063154 0.090141
v -0.073190 -0.058374 0.082641
v 0.023390 -0.079619 0.018626
v 0.031520 -0.074869 0.018543
v 0.127320 -0.008165 0.080040
v 0.131092 -0.015608 0.084824
v 0.120933 -0.013889 0.069396
v 0.132596 -0.018265 0.085448
v 0.112286 -0.026479 0.089486
v 0.102367 -0.028055 0.088738
v 0.094629 -0.032229 0.085151
v 0.045541 -0.058996 0.069648
v 0.046760 -0.061801 0.068613
v 0.063448 -0.052397 0.077254
v 0.073609 -0.051184 0.075190
v 0.074835 -0.053900 0.074446
v 0.083673 -0.050146 0.064707
v 0.088431 -0.039643 0.075497
v 0.095867 -0.034892 0.084567
v 0.008552 -0.101439 0.053944
v -0.029851 -0.061844 0.106908
v -0.031245 -0.059031 0.107409
v -0.039732 -0.062678 0.111191
v -0.048231 -0.066781 0.115549
v -0.055908 -0.074324 0.117244
v -0.064272 -0.074076 0.103969
v -0.066307 -0.070884 0.101256
v -0.077393 -0.073692 0.090604
v -0.078823 -0.071130 0.087630
v -0.071746 -0.060745 0.086628
v -0.081947 -0.066342 0.081035
v -0.074632 -0.056141 0.078083
v 0.024626 -0.083454 0.017489
v 0.033144 -0.078290 0.018181
v 0.122002 -0.022405 0.084710
v 0.113587 -0.029204 0.088704
v 0.103704 -0.030789 0.088301
v 0.055016 -0.057030 0.071963
v 0.064662 -0.055072 0.077002
v 0.065893 -0.057853 0.076492
v 0.076094 -0.056662 0.073519
v 0.100093 -0.043794 0.076579
v 0.098530 -0.040602 0.080636
v 0.106440 -0.036290 0.085565
v -0.003756 -0.097351 0.042192
v -0.028466 -0.065113 0.104383
v -0.037149 -0.068250 0.113609
v -0.038527 -0.065397 0.112434
v -0.046905 -0.069397 0.117183
v -0.054410 -0.077263 0.119296
v -0.073005 -0.083018 0.098941
v -0.076024 -0.076435 0.093426
v -0.085174 -0.086939 0.085488
v -0.087216 -0.083505 0.081794
v -0.080351 -0.068678 0.084388
v -0.089118 -0.080734 0.078111
v -0.083613 -0.064182 0.077164
v -0.075976 -0.053836 0.073310
v -0.066254 -0.049432 0.078621
v 0.015952 -0.088842 0.018450
v 0.025650 -0.087617 0.013793
v 0.124777 -0.028100 0.081326
v 0.134150 -0.021005 0.085655
v 0.123383 -0.025205 0.083661
v 0.105080 -0.033572 0.087293
v 0.097174 -0.037543 0.083163
v 0.048010 -0.064726 0.066928
v 0.056147 -0.059848 0.071494
v 0.067175 -0.060844 0.075537
v 0.077223 -0.059494 0.071998
v 0.078353 -0.062473 0.069666
v 0.109440 -0.042131 0.079221
v 0.107844 -0.039029 0.083092
v -0.027472 -0.068874 0.098032
v -0.035605 -0.071400 0.113688
v -0.044116 -0.075011 0.119437
v -0.045508 -0.072146 0.118597
v -0.053092 -0.080307 0.121086
v -0.071240 -0.087203 0.102422
v -0.074623 -0.079464 0.096220
v -0.083527 -0.090713 0.088765
v -0.091321 -0.078642 0.073126
v -0.085550 -0.062005 0.072040
v -0.077642 -0.051359 0.067093
v -0.067815 -0.046965 0.072470
v 0.026474 -0.091886 0.010213
v 0.126258 -0.031015 0.077529
v 0.135718 -0.023609 0.085573
v 0.137981 -0.026579 0.084904
v 0.114922 -0.031950 0.087143
v 0.057294 -0.062847 0.070852
v 0.068371 -0.063963 0.074165
v 0.069456 -0.067180 0.072370
v 0.079637 -0.065516 0.065787
v 0.111180 -0.045354 0.072747
v 0.117831 -0.037655 0.080445
v 0.116283 -0.034768 0.084488
v -0.032273 -0.078732 0.103510
v -0.033974 -0.074928 0.111349
v -0.042696 -0.078168 0.119852
v -0.051738 -0.083580 0.122701
v -0.064306 -0.089544 0.108705
v -0.093605 -0.076948 0.065371
v -0.088191 -0.059787 0.059552
v -0.069502 -0.044489 0.064692
v 0.017400 -0.093513 0.017270
v 0.127285 -0.033905 0.075032
v 0.049306 -0.067924 0.064655
v 0.058573 -0.066034 0.069549
v 0.059982 -0.069504 0.067783
v 0.070611 -0.070690 0.069255
v 0.086289 -0.053705 0.054044
v 0.119898 -0.041019 0.073414
v -0.040217 -0.086412 0.117598
v -0.041273 -0.081863 0.119658
v -0.050614 -0.087296 0.124165
v -0.069705 -0.093244 0.104748
v -0.080412 -0.048842 0.057112
v -0.071454 -0.041602 0.056691
v -0.061666 -0.037396 0.063349
v 0.018677 -0.098527 0.016055
v 0.127884 -0.036537 0.075237
v 0.128842 -0.038948 0.076836
v 0.037535 -0.064707 0.054325
v 0.050935 -0.071423 0.060555
v 0.061498 -0.073187 0.063989
v 0.073475 -0.075559 0.053196
v 0.081564 -0.069074 0.058885
v 0.087987 -0.058917 0.056301
v 0.092549 -0.046824 0.050069
v 0.113559 -0.048902 0.060675
v -0.039652 -0.095924 0.109089
v -0.089727 -0.057512 0.054461
v -0.081698 -0.046553 0.052002
v -0.063370 -0.034544 0.055483
v 0.027796 -0.095430 0.009055
v 0.120734 -0.043347 0.072556
v 0.121755 -0.045795 0.073393
v 0.130169 -0.041519 0.080243
v 0.036243 -0.062079 0.053551
v 0.038695 -0.067750 0.052647
v 0.073710 -0.078020 0.052603
v 0.087377 -0.056342 0.053694
v 0.093935 -0.049803 0.049234
v 0.103079 -0.048447 0.053247
v 0.114339 -0.051087 0.061905
v -0.091486 -0.055362 0.051217
v -0.092799 -0.052727 0.047399
v -0.072892 -0.039032 0.051632
v -0.064715 -0.031914 0.049461
v -0.055135 -0.030079 0.055653
v 0.028394 -0.100604 0.010300
v 0.122713 -0.048304 0.074153
v 0.123824 -0.050665 0.075085
v 0.131739 -0.043857 0.083219
v 0.035034 -0.059442 0.050726
v 0.040271 -0.071640 0.047773
v 0.065695 -0.088691 0.050810
v 0.082020 -0.071533 0.059918
v 0.094908 -0.052421 0.050221
v 0.104034 -0.051141 0.051832
v 0.115539 -0.055304 0.065634
v 0.115254 -0.053172 0.063508
v -0.082821 -0.044036 0.048620
v -0.074092 -0.036408 0.047659
v -0.075239 -0.033685 0.044372
v -0.056270 -0.027012 0.050338
v -0.047663 -0.025067 0.056496
v 0.125053 -0.052865 0.076725
v 0.133362 -0.046284 0.084886
v 0.034171 -0.056594 0.044301
v 0.041976 -0.075122 0.044085
v 0.074108 -0.080178 0.054686
v 0.089275 -0.063793 0.063279
v 0.097284 -0.058163 0.048587
v 0.099858 -0.062539 0.036755
v 0.119921 -0.063583 0.075821
v 0.108156 -0.059561 0.048174
v -0.084028 -0.041501 0.045797
v -0.085522 -0.038778 0.042853
v -0.065880 -0.029110 0.044175
v -0.055232 -0.033696 0.031116
v 0.134798 -0.048689 0.086472
v 0.043030 -0.077821 0.042929
v 0.074576 -0.082617 0.056841
v 0.082404 -0.073977 0.062592
v 0.090200 -0.066345 0.065151
v 0.088484 -0.061480 0.060437
v 0.109601 -0.061964 0.048372
v 0.104821 -0.053528 0.052899
v 0.114861 -0.056375 0.087696
v 0.121166 -0.066030 0.075053
v 0.106002 -0.055856 0.053863
v -0.062749 -0.042269 0.035694
v -0.053980 -0.038171 0.021997
v 0.126013 -0.055580 0.081578
v 0.066427 -0.092332 0.054048
v 0.083157 -0.076533 0.065539
v 0.090965 -0.068978 0.067209
v 0.101515 -0.065010 0.033053
v 0.105283 -0.061086 0.089193
v 0.122814 -0.071085 0.076463
v -0.062915 -0.046708 0.016783
v 0.127145 -0.058125 0.082617
v 0.128446 -0.060734 0.082436
v 0.075128 -0.085293 0.059345
v 0.084075 -0.079217 0.068417
v 0.091914 -0.071734 0.069108
v 0.095939 -0.054815 0.051506
v 0.102814 -0.067383 0.031061
v 0.115790 -0.058664 0.092808
v 0.122980 -0.074109 0.080127
v 0.122031 -0.068581 0.075019
v -0.068879 -0.026636 0.014505
v 0.136700 -0.051316 0.088162
v 0.075916 -0.088273 0.062331
v 0.085143 -0.082136 0.070560
v 0.093102 -0.074592 0.071152
v 0.105128 -0.062964 0.099361
v 0.113858 -0.076825 0.065566
v 0.129882 -0.063645 0.082389
v 0.076597 -0.092393 0.065601
v 0.086280 -0.085477 0.071791
v 0.096239 -0.080581 0.073016
v 0.094462 -0.077462 0.072716
v 0.105886 -0.064907 0.105158
v 0.094671 -0.067762 0.101646
v 0.124106 -0.077071 0.080951
v 0.131418 -0.066715 0.082296
v 0.087250 -0.089337 0.072803
v 0.132961 -0.069763 0.082647
v 0.095286 -0.069646 0.108410
v 0.134615 -0.073035 0.083213
v 0.115140 -0.080242 0.063684
v 0.107062 -0.067298 0.109056
v 0.125406 -0.080215 0.081709
v 0.108712 -0.069828 0.110436
v 0.096275 -0.072028 0.113653
v 0.136436 -0.075937 0.083559
v 0.096803 -0.075157 0.118994
v 0.126889 -0.083735 0.082099
v 0.097687 -0.078832 0.122545
v 0.139370 -0.078821 0.083677
v 0.128332 -0.087794 0.082068
v 0.129723 -0.094468 0.080575
v -0.093456 0.092515 0.044295
v -0.104023 0.090361 0.047959
v -0.105016 0.093678 0.048591
v -0.106199 0.097183 0.048653
v -0.117029 0.087590 0.042852
v -0.092357 0.088924 0.042143
v -0.107525 0.101223 0.048527
v -0.118385 0.090884 0.042974
v -0.115662 0.084420 0.042815
v -0.102832 0.086335 0.047431
v -0.082959 0.098665 0.038203
v -0.119804 0.094378 0.042620
v -0.114467 0.081381 0.042577
v -0.091191 0.085560 0.040345
v -0.082142 0.094761 0.036664
v -0.083752 0.103752 0.042232
v -0.121196 0.098347 0.041439
v -0.101876 0.082720 0.046958
v -0.100828 0.079486 0.045645
v -0.081302 0.091478 0.035399
v -0.071531 0.102125 0.027826
v -0.072315 0.107985 0.030114
v -0.122576 0.103692 0.039342
v -0.113246 0.078392 0.041795
v -0.100005 0.076772 0.043929
v -0.090318 0.082523 0.038505
v -0.080333 0.088344 0.034147
v -0.070916 0.097407 0.027038
v -0.061149 0.099834 0.021882
v -0.061388 0.104371 0.025023
v -0.134783 0.105812 0.034647
v -0.112084 0.075509 0.040664
v -0.099291 0.074182 0.041185
v -0.089572 0.079890 0.036536
v -0.070305 0.093631 0.026296
v -0.060915 0.096195 0.019948
v -0.040490 0.098608 0.016801
v -0.110971 0.072719 0.038257
v -0.098763 0.071706 0.036901
v -0.088786 0.077377 0.034526
v -0.079234 0.085307 0.031693
v -0.078353 0.082411 0.027257
v -0.069724 0.090655 0.025547
v -0.110182 0.069452 0.032770
v -0.098135 0.068981 0.030950
v -0.087920 0.074856 0.032222
v -0.069227 0.087899 0.024779
v -0.068552 0.084807 0.023078
v -0.109303 0.066471 0.027890
v -0.086886 0.072413 0.028694
v -0.077714 0.079510 0.024357
v -0.076903 0.076654 0.022934
v -0.122736 0.065769 0.022822
v -0.097404 0.066423 0.027143
v -0.096429 0.064256 0.026206
v -0.108352 0.064021 0.026466
v -0.107394 0.061677 0.025616
v -0.106395 0.059264 0.025116
v -0.120749 0.062981 0.024912
v -0.119186 0.060298 0.025989
v -0.117684 0.057438 0.026085
v -0.105132 0.056596 0.024690
v -0.116320 0.054488 0.025732
v -0.114823 0.051649 0.025559
v -0.103870 0.054277 0.024129
v -0.113357 0.048869 0.025496
v -0.122177 0.037817 0.012695
v -0.112072 0.045925 0.025561
v -0.120573 0.034818 0.015729
v -0.118848 0.032058 0.017462
v -0.050538 0.094547 -0.004990
v -0.054709 0.100482 -0.010601
v -0.057640 0.112828 -0.005459
v 0.131426 0.081861 0.103426
v 0.128003 0.088506 0.102463
v 0.115710 0.082364 0.097991
v 0.120037 0.073155 0.099273
v 0.114101 0.085785 0.097910
v 0.132893 0.078881 0.103756
v 0.126532 0.091990 0.102003
v 0.121427 0.069953 0.100110
v 0.112477 0.089307 0.097687
v 0.134390 0.075984 0.104156
v 0.125103 0.095961 0.101970
v 0.137000 0.073504 0.104393
v 0.122880 0.067028 0.100814
v 0.124403 0.064168 0.100975
v 0.125788 0.061353 0.101004
v 0.127224 0.058916 0.100494
v 0.129023 0.056709 0.097597
v -0.152720 0.097636 -0.078009
v -0.154699 0.101457 -0.077813
v -0.158380 0.106257 -0.081645
v -0.126491 0.088426 -0.056886
v -0.121937 0.079284 -0.051521
v -0.129393 0.091125 -0.049992
v -0.122613 0.086164 -0.066949
v -0.056948 0.081202 0.004368
v -0.058193 0.085104 -0.000386
v -0.068615 0.080791 0.001320
v -0.040684 0.084467 0.010677
v -0.070093 0.062463 0.078207
v -0.072705 0.068805 0.069485
v -0.083159 0.067498 0.069131
v -0.079028 0.057609 0.079501
v -0.073694 0.072629 0.066452
v -0.060886 0.067514 0.075959
v -0.068605 0.059359 0.082278
v -0.091590 0.059518 0.073150
v -0.062304 0.071057 0.069810
v -0.050442 0.069163 0.075521
v -0.059251 0.064232 0.081869
v -0.057487 0.060905 0.087080
v -0.077549 0.054732 0.083849
v -0.089750 0.056356 0.076658
v -0.052976 0.073578 0.065515
v -0.067262 0.056358 0.086420
v -0.076099 0.051886 0.087505
v -0.088245 0.053340 0.080202
v -0.097674 0.049152 0.080288
v -0.065694 0.053278 0.090637
v -0.074644 0.049026 0.091278
v -0.086566 0.050334 0.085601
v -0.095865 0.046045 0.085512
v -0.105567 0.041035 0.081949
v -0.055567 0.057473 0.091872
v -0.073087 0.046019 0.095359
v -0.085072 0.047617 0.089686
v -0.094002 0.043111 0.090839
v -0.103852 0.038623 0.087699
v -0.112341 0.028603 0.087316
v -0.063674 0.050128 0.094877
v -0.071277 0.043000 0.099185
v -0.083576 0.044959 0.093039
v -0.092353 0.040370 0.094646
v -0.101888 0.036035 0.093238
v -0.110213 0.026190 0.094819
v -0.061223 0.046780 0.099331
v -0.069098 0.039855 0.102931
v -0.082018 0.042193 0.096864
v -0.090822 0.037711 0.098009
v -0.100066 0.033394 0.098102
v -0.108080 0.023630 0.100261
v -0.118770 0.013156 0.089422
v -0.066333 0.036052 0.107076
v -0.078623 0.036274 0.103943
v -0.080338 0.039257 0.100558
v -0.089335 0.035047 0.101770
v -0.098543 0.030800 0.101718
v -0.106117 0.020852 0.104568
v -0.116763 0.009578 0.094487
v -0.120474 0.016445 0.083010
v -0.059736 0.043865 0.095947
v -0.076635 0.033033 0.107351
v -0.086351 0.029357 0.108501
v -0.087872 0.032246 0.105372
v -0.097074 0.028142 0.105202
v -0.095666 0.025387 0.108450
v -0.114706 0.005818 0.098171
v -0.074100 0.028876 0.111915
v -0.084583 0.026165 0.111471
v -0.104535 0.017881 0.107677
v -0.102934 0.014452 0.109891
v -0.082169 0.022508 0.115155
v -0.094206 0.022386 0.111448
v -0.092496 0.018743 0.114308
v -0.113275 0.001581 0.101511
v -0.079782 0.018185 0.118213
v -0.101206 0.010434 0.112007
v -0.111965 -0.002842 0.103519
v -0.090147 0.014351 0.117115
v -0.099220 0.006061 0.113895
v -0.109614 -0.006801 0.104370
v -0.075736 0.007613 0.123868
v -0.064672 0.012799 0.125645
v -0.072966 0.002703 0.114431
v -0.063285 0.008578 0.122628
v -0.061828 0.004957 0.117762
v -0.053605 0.014081 0.118449
v -0.052176 0.010605 0.115770
v -0.060493 0.001005 0.112640
v -0.055317 0.018031 0.119278
v -0.044440 0.018633 0.115408
v -0.051003 0.007403 0.113680
v -0.049955 0.004087 0.111235
v -0.059296 -0.003111 0.104296
v -0.045978 0.021997 0.117475
v -0.036055 0.022836 0.114048
v -0.043036 0.015560 0.112808
v -0.041783 0.012613 0.110951
v -0.040730 0.009498 0.109735
v -0.049185 0.000173 0.106547
v -0.048127 -0.004003 0.098946
v -0.037413 0.026104 0.115811
v -0.034730 0.019783 0.111853
v -0.033461 0.016876 0.109575
v -0.039748 0.006156 0.108020
v -0.038942 0.002419 0.104397
v -0.038126 -0.001506 0.099458
v -0.038428 0.029595 0.114832
v -0.028646 0.029682 0.114413
v -0.027387 0.026642 0.112812
v -0.026149 0.023825 0.110952
v -0.032382 0.013959 0.107445
v -0.031338 0.010959 0.105984
v -0.030347 0.007726 0.104047
v -0.029335 0.004126 0.100875
v -0.020391 0.033324 0.112731
v -0.019030 0.030523 0.110800
v -0.024859 0.021108 0.108650
v -0.023719 0.018319 0.106223
v -0.022670 0.015416 0.103770
v -0.021423 0.012088 0.101361
v -0.019922 0.009091 0.098354
v -0.021896 0.036852 0.113785
v -0.011842 0.037351 0.109726
v -0.017671 0.027759 0.108706
v -0.016393 0.025088 0.106384
v -0.015198 0.022375 0.103906
v -0.014069 0.019569 0.101360
v -0.012930 0.016350 0.098995
v -0.011707 0.013252 0.095202
v -0.013046 0.040978 0.113293
v -0.010675 0.034594 0.107074
v -0.009534 0.032051 0.104593
v -0.008364 0.029519 0.102226
v -0.007249 0.026762 0.100114
v -0.006181 0.023759 0.098314
v -0.004839 0.020493 0.096859
v -0.003743 0.017492 0.093137
v -0.153895 0.067847 -0.072201
v -0.151027 0.064148 -0.066166
v -0.161969 0.073453 -0.056674
v -0.157981 0.072370 -0.076325
v -0.147788 0.060437 -0.055061
v -0.133740 0.065143 -0.075935
v -0.141709 0.076975 -0.080715
v -0.134572 0.072050 -0.093544
v -0.135113 0.077026 -0.090967
v -0.031773 0.063400 0.025482
v -0.029908 0.058921 0.027169
v -0.041540 0.056903 0.022049
v -0.033068 0.067354 0.010562
v -0.037904 0.048667 0.028298
v -0.021002 0.066683 0.024175
v -0.021199 0.070562 0.005898
v -0.028904 0.055488 0.029140
v -0.014286 0.053800 0.035172
v -0.034411 0.072055 0.006081
v -0.028019 0.052458 0.030038
v -0.012728 0.051541 0.034050
v -0.051676 0.061519 0.002592
v -0.026889 0.049848 0.030540
v -0.025384 0.046940 0.032046
v -0.009593 0.044990 0.052130
v -0.052680 0.063836 0.004066
v -0.050815 0.059105 0.001446
v -0.034885 0.042599 0.033720
v -0.010272 0.049260 0.033228
v -0.015803 0.056570 0.036619
v -0.054205 0.067135 0.011109
v -0.060664 0.058072 0.007769
v -0.059168 0.054385 0.006276
v -0.033817 0.039636 0.034078
v -0.032543 0.036358 0.034553
v -0.023718 0.043775 0.034411
v -0.019980 0.063167 0.034822
v -0.062051 0.060572 0.015158
v -0.070012 0.046348 -0.000377
v -0.050304 0.056239 0.000819
v -0.042307 0.032040 0.023264
v -0.032611 0.033536 0.038461
v -0.022545 0.040660 0.035195
v -0.017887 0.059793 0.037895
v -0.030953 0.061210 0.027015
v -0.054900 0.070182 0.025375
v -0.058169 0.051023 0.006019
v -0.049390 0.053374 0.000545
v -0.043336 0.035175 0.018029
v -0.042262 0.059370 0.025563
v -0.068376 0.043462 -0.002649
v -0.057470 0.047808 0.005848
v -0.039129 0.051411 0.021901
v -0.051828 0.029943 0.024279
v -0.042937 0.061825 0.028387
v -0.076002 0.037152 -0.005235
v -0.067170 0.040613 -0.004611
v -0.048301 0.050506 0.001164
v -0.044860 0.039184 0.005166
v -0.054228 0.034408 0.009895
v -0.051149 0.027090 0.026798
v -0.043435 0.064629 0.033613
v -0.077604 0.040851 0.003516
v -0.074963 0.033220 -0.012240
v -0.056822 0.044913 0.005798
v -0.047138 0.047755 0.001660
v -0.036067 0.045496 0.032928
v -0.040217 0.054352 0.020366
v -0.046212 0.044790 0.002213
v -0.054667 0.036875 0.006129
v -0.050423 0.023795 0.028320
v -0.044018 0.067821 0.036054
v -0.079408 0.025560 0.009445
v -0.066420 0.037641 -0.006049
v -0.056193 0.042158 0.005844
v -0.045510 0.042122 0.002863
v -0.055446 0.039482 0.005915
v -0.080560 0.029263 0.013318
v -0.078544 0.022242 0.008008
v -0.065793 0.034642 -0.007578
v -0.081877 0.033859 0.017896
v -0.088881 0.021979 0.017178
v -0.087948 0.018581 0.014787
v -0.073151 0.029773 -0.016187
v -0.065125 0.031552 -0.008390
v -0.099790 0.018712 0.014871
v -0.087022 0.015643 0.013144
v -0.064400 0.028105 -0.008809
v -0.098169 0.014287 0.012174
v -0.086165 0.012775 0.011266
v -0.077750 0.019404 0.007691
v -0.072603 0.026502 -0.020804
v -0.108374 0.009940 0.015377
v -0.096666 0.010709 0.010658
v -0.085304 0.010039 0.009183
v -0.063654 0.024269 -0.008650
v -0.106589 0.006184 0.014879
v -0.095254 0.007747 0.010247
v -0.076013 0.013812 0.007241
v -0.071946 0.022614 -0.021228
v -0.117426 -0.002064 0.010670
v -0.105156 0.002825 0.014116
v -0.103955 -0.000059 0.012970
v -0.094085 0.005004 0.009703
v -0.075402 0.009751 0.004522
v -0.070076 0.019082 -0.016199
v -0.116046 -0.004935 0.009060
v -0.102936 -0.002447 0.011857
v -0.093105 0.002346 0.008986
v -0.084090 0.007239 0.007946
v -0.082905 0.004490 0.008005
v -0.068896 0.015340 -0.014355
v -0.114658 -0.007527 0.007509
v -0.101819 -0.004736 0.010918
v -0.092147 -0.000236 0.008022
v -0.091151 -0.002694 0.007244
v -0.071639 0.004708 0.000407
v -0.062431 0.020176 -0.006764
v -0.113317 -0.009859 0.006388
v -0.100609 -0.007160 0.011255
v -0.078445 -0.003535 0.005000
v -0.077240 -0.005821 0.002646
v -0.060687 0.001697 0.004562
v -0.066585 0.010636 -0.013964
v -0.111846 -0.011993 0.006993
v -0.109657 -0.014526 0.011028
v -0.090036 -0.004966 0.007187
v -0.076109 -0.008083 0.002388
v -0.070033 0.001364 -0.002239
v -0.068625 -0.002489 -0.003613
v -0.060258 0.015486 -0.003563
v -0.099313 -0.009871 0.013053
v -0.088239 -0.007406 0.010241
v -0.074456 -0.011092 0.010681
v -0.059236 -0.003823 0.002024
v -0.108248 -0.017314 0.014012
v -0.097871 -0.012551 0.015670
v -0.086349 -0.010242 0.015159
v -0.063722 -0.013007 -0.000262
v -0.067344 -0.005630 -0.003979
v -0.058009 -0.007788 -0.000736
v -0.106839 -0.020099 0.015879
v -0.096383 -0.015252 0.018248
v -0.084933 -0.013053 0.017968
v -0.061001 -0.020713 0.001870
v -0.064724 -0.010564 -0.003446
v -0.066066 -0.008158 -0.004130
v -0.105485 -0.022895 0.017216
v -0.104185 -0.025666 0.018244
v -0.094927 -0.017993 0.020209
v -0.083611 -0.015776 0.019575
v -0.073205 -0.013667 0.013586
v -0.070466 -0.021867 0.015249
v -0.056244 -0.017551 -0.011940
v -0.061979 -0.018484 0.001799
v -0.057366 -0.014039 -0.010659
v -0.057715 -0.010994 -0.005718
v -0.093708 -0.020724 0.021413
v -0.082489 -0.018429 0.020461
v -0.072111 -0.016309 0.015084
v -0.071209 -0.019050 0.015510
v -0.069655 -0.024493 0.014677
v -0.055408 -0.020035 -0.011453
v -0.062799 -0.015670 0.001848
v -0.046012 -0.017913 -0.012053
v -0.102951 -0.028463 0.018775
v -0.092613 -0.023512 0.021959
v -0.081496 -0.021165 0.020869
v -0.080685 -0.024072 0.020528
v -0.079996 -0.026965 0.019757
v -0.079114 -0.029584 0.018777
v -0.054285 -0.022020 -0.010960
v -0.045117 -0.020431 -0.015681
v -0.059974 -0.023133 0.005626
v -0.034243 -0.018361 -0.011005
v -0.046645 -0.015535 -0.002296
v -0.091627 -0.026380 0.021935
v -0.090726 -0.029243 0.021402
v -0.089991 -0.032003 0.020391
v -0.052575 -0.024718 -0.006437
v -0.043858 -0.023270 -0.018682
v -0.033271 -0.020935 -0.014220
v -0.034699 -0.016123 -0.006496
v -0.034610 -0.013178 0.007682
v -0.101669 -0.031278 0.018968
v -0.089199 -0.034594 0.019205
v -0.032243 -0.024479 -0.016569
v -0.100485 -0.034178 0.018937
v -0.099417 -0.037166 0.018540
v -0.088497 -0.036878 0.018071
v -0.098432 -0.040126 0.017687
v -0.097541 -0.043145 0.016274
v -0.096646 -0.046287 0.014100
v -0.095917 -0.049468 0.011484
v -0.139913 0.052268 0.000126
v -0.129530 0.052426 -0.007923
v -0.138670 0.048226 -0.000320
v -0.150702 0.043392 0.008013
v -0.137418 0.044695 -0.001717
v -0.152838 0.046970 0.009641
v -0.143728 0.031623 0.005533
v -0.136115 0.041183 -0.002292
v -0.154325 0.049268 0.009697
v -0.135026 0.037882 -0.002714
v -0.133814 0.034634 -0.002794
v -0.132284 0.031585 -0.002429
v -0.126484 0.045118 0.003128
v -0.131332 0.028752 -0.003435
v -0.124299 0.041346 0.007511
v -0.128065 0.048309 0.000621
v -0.141041 0.028620 0.006985
v -0.159161 0.019413 0.003197
v -0.136332 0.016853 -0.007787
v -0.142286 0.026271 -0.017317
v -0.156450 0.017591 -0.009895
v -0.147711 0.035495 -0.018523
v 0.134741 0.029286 0.081462
v 0.130967 0.034501 0.085119
v 0.117012 0.034427 0.085252
v 0.129077 0.037139 0.087054
v 0.136588 0.026925 0.081599
v -0.139097 0.019827 -0.017279
v -0.149710 0.007246 -0.024151
v -0.147975 0.003773 -0.021992
v -0.122586 -0.022690 -0.017221
v -0.126009 -0.015370 -0.013656
v -0.125069 -0.017736 -0.015824
v -0.131120 -0.029499 -0.026944
v -0.129760 -0.032342 -0.027471
v -0.133192 -0.026934 -0.030639
v -0.121758 -0.025501 -0.022604
v -0.140971 -0.037267 -0.035082
v -0.147247 -0.026870 -0.033518
v -0.120693 -0.027960 -0.028147
v -0.138914 -0.040130 -0.034497
v -0.142969 -0.034554 -0.035552
v -0.158654 -0.036264 -0.027070
v -0.128506 -0.035360 -0.029994
v -0.137220 -0.043226 -0.034908
v -0.149325 -0.047872 -0.038143
v -0.151947 -0.045375 -0.040123
v -0.156574 -0.040223 -0.037005
v -0.149091 -0.024018 -0.030808
v -0.119241 -0.030956 -0.033714
v -0.127480 -0.038612 -0.034333
v -0.147056 -0.050805 -0.037114
v -0.144702 -0.032120 -0.036246
v -0.151402 -0.020702 -0.029325
v -0.116644 -0.037858 -0.037336
v -0.126878 -0.042116 -0.039275
v -0.135895 -0.046649 -0.036923
v -0.145077 -0.054139 -0.037236
v -0.154621 -0.043106 -0.041452
v -0.153728 -0.017431 -0.027498
v -0.117932 -0.034222 -0.036603
v -0.115937 -0.041159 -0.041131
v -0.134832 -0.050123 -0.039735
v -0.143395 -0.057668 -0.038315
v -0.158426 -0.062404 -0.034949
v -0.145946 -0.029528 -0.036178
v -0.158513 -0.037285 -0.035462
v -0.134950 -0.025084 -0.042915
v -0.126239 -0.045700 -0.043979
v -0.133835 -0.053577 -0.042956
v -0.154068 -0.065874 -0.035608
v -0.152344 -0.069573 -0.037741
v -0.114646 -0.044244 -0.042929
v -0.125381 -0.049000 -0.047437
v -0.142092 -0.061253 -0.040449
v -0.140969 -0.064874 -0.043145
v -0.123893 -0.020069 -0.016673
v -0.113527 -0.047422 -0.045992
v -0.124004 -0.052166 -0.049401
v -0.132747 -0.056942 -0.046412
v -0.131669 -0.060248 -0.049383
v -0.150777 -0.073087 -0.040524
v -0.137729 -0.019771 -0.046138
v -0.122404 -0.055302 -0.050568
v -0.120825 -0.058361 -0.051403
v -0.119305 -0.061483 -0.052375
v -0.139986 -0.068385 -0.046219
v -0.149564 -0.076372 -0.043175
v -0.139098 -0.016681 -0.046314
v -0.136181 -0.022660 -0.047377
v -0.111576 -0.051014 -0.048168
v -0.110202 -0.054253 -0.049386
v -0.108428 -0.057217 -0.050027
v -0.130573 -0.063546 -0.051634
v -0.129381 -0.066802 -0.053411
v -0.139048 -0.071773 -0.049383
v -0.140690 -0.013089 -0.050577
v -0.117644 -0.064658 -0.053550
v -0.128188 -0.070122 -0.054906
v -0.138072 -0.075067 -0.051706
v -0.148298 -0.079718 -0.046225
v -0.106412 -0.060539 -0.051572
v -0.116005 -0.068022 -0.055124
v -0.126856 -0.073558 -0.056134
v -0.147133 -0.083082 -0.048984
v -0.105052 -0.063459 -0.052992
v -0.125423 -0.077075 -0.057194
v -0.137003 -0.078377 -0.053444
v -0.135889 -0.081804 -0.054837
v -0.114405 -0.071717 -0.057225
v -0.124084 -0.080684 -0.058203
v -0.134685 -0.085363 -0.056023
v -0.145974 -0.086529 -0.051382
v -0.103624 -0.066787 -0.055905
v -0.112936 -0.075795 -0.060686
v -0.133324 -0.089028 -0.057213
v -0.144740 -0.090165 -0.053517
v -0.160623 -0.095733 -0.046406
v -0.101919 -0.071251 -0.062458
v -0.122760 -0.084538 -0.060388
v -0.131651 -0.093276 -0.059390
v -0.143425 -0.094209 -0.055324
v -0.156966 -0.100986 -0.049781
v -0.111899 -0.080936 -0.067994
v -0.121672 -0.089375 -0.067213
v -0.130351 -0.099140 -0.066039
v -0.142727 -0.098923 -0.056875
v -0.155614 -0.107048 -0.051619
v -0.100020 -0.075575 -0.069790
v -0.111094 -0.085579 -0.073488
v -0.121071 -0.093479 -0.071658
v -0.142356 -0.105197 -0.058543
v -0.142597 -0.112999 -0.065237
v -0.097425 -0.079143 -0.076489
v -0.109992 -0.089363 -0.076963
v -0.120279 -0.097399 -0.074220
v -0.130144 -0.104858 -0.069469
v -0.129152 -0.110541 -0.071668
v -0.094323 -0.083158 -0.080963
v -0.108847 -0.092860 -0.079497
v -0.119490 -0.102027 -0.075880
v -0.118610 -0.107306 -0.077527
v -0.091086 -0.086578 -0.080320
v -0.107499 -0.096184 -0.081615
v -0.105572 -0.099648 -0.083216
v -0.104082 -0.103769 -0.084216
v -0.116938 -0.114118 -0.079126
v -0.102748 -0.109451 -0.085995
v -0.103771 -0.127366 -0.084380
v -0.144014 -0.006155 -0.059117
v -0.142384 -0.009746 -0.055767
v -0.159173 -0.014977 -0.055223
v -0.015747 -0.054341 0.035740
v -0.014131 -0.057954 0.030838
v -0.006867 -0.049013 0.026944
v -0.016856 -0.049549 0.043339
v -0.013022 -0.060680 0.026300
v -0.025390 -0.061701 0.033807
v -0.012410 -0.063630 0.022704
v -0.021284 -0.071072 0.027940
v -0.024015 -0.064440 0.030491
v -0.020233 -0.074125 0.027599
v -0.023459 -0.068060 0.026299
v -0.011986 -0.066885 0.019686
v -0.011353 -0.070201 0.016569
v -0.018968 -0.077663 0.026991
v -0.010386 -0.073331 0.013564
v -0.017795 -0.081010 0.026225
v -0.016711 -0.084385 0.025220
v -0.009216 -0.076487 0.010072
v -0.015641 -0.088068 0.023622
v -0.006361 -0.085480 0.012553
v -0.014549 -0.092335 0.020701
v -0.008088 -0.079809 0.007091
v -0.013685 -0.098029 0.009268
v -0.006843 -0.083187 0.005403
v -0.058085 -0.063844 -0.008320
v -0.059916 -0.057362 -0.002771
v -0.058063 -0.061064 -0.010221
v 0.058910 -0.098466 0.030227
v 0.058491 -0.092099 0.030437
v 0.065802 -0.084358 0.028974
v 0.057395 -0.088635 0.030588
v 0.049422 -0.093434 0.037880
v 0.056154 -0.085520 0.031054
v 0.048277 -0.089641 0.036609
v 0.036173 -0.093378 0.045347
v 0.046802 -0.086382 0.039040
v 0.045124 -0.083360 0.041129
v -0.045395 -0.093412 -0.026808
v -0.042542 -0.099959 -0.032774
v -0.029708 -0.090600 -0.022499
v -0.026496 -0.100307 -0.030744
v -0.026446 -0.109651 -0.025891
v -0.040776 -0.106703 -0.036588
vt 0.362872 0.996241
vt 0.364237 0.966978
vt 0.403438 0.976578
vt 0.368614 0.949101
vt 0.406463 0.955475
vt 0.334301 0.911670
vt 0.448285 0.928047
vt 0.371967 0.934205
vt 0.375125 0.920389
vt 0.444074 0.960236
vt 0.409108 0.939544
vt 0.414023 0.909625
vt 0.340020 0.897478
vt 0.480554 0.948518
vt 0.451298 0.913550
vt 0.454789 0.900376
vt 0.378192 0.904664
vt 0.344295 0.879566
vt 0.477977 0.971628
vt 0.482845 0.931603
vt 0.486210 0.916854
vt 0.490182 0.904151
vt 0.416803 0.896392
vt 0.380851 0.885644
vt 0.349361 0.854371
vt 0.299682 0.843812
vt 0.520375 0.939770
vt 0.523586 0.924106
vt 0.527093 0.910362
vt 0.530594 0.897500
vt 0.494170 0.892069
vt 0.458669 0.887820
vt 0.420670 0.882971
vt 0.428693 0.855027
vt 0.301372 0.816892
vt 0.517432 0.958924
vt 0.566758 0.924183
vt 0.569664 0.909340
vt 0.572673 0.895682
vt 0.534142 0.884882
vt 0.538144 0.872410
vt 0.498331 0.880013
vt 0.462555 0.875228
vt 0.424777 0.868900
vt 0.432804 0.841601
vt 0.576373 0.882205
vt 0.579838 0.868258
vt 0.542404 0.859824
vt 0.502278 0.867611
vt 0.466804 0.862405
vt 0.471133 0.849433
vt 0.584472 0.854904
vt 0.546459 0.846952
vt 0.506526 0.854968
vt 0.510712 0.841801
vt 0.437042 0.827769
vt 0.589432 0.841401
vt 0.550464 0.833679
vt 0.514987 0.828230
vt 0.475308 0.836017
vt 0.441641 0.814466
vt 0.594243 0.827294
vt 0.554509 0.820437
vt 0.479545 0.822570
vt 0.446327 0.801555
vt 0.598736 0.812965
vt 0.519197 0.814885
vt 0.483983 0.809115
vt 0.450992 0.788687
vt 0.558440 0.807088
vt 0.523385 0.801639
vt 0.488387 0.795628
vt 0.455389 0.775711
vt 0.603490 0.799000
vt 0.562399 0.793866
vt 0.492629 0.782467
vt 0.459282 0.762277
vt 0.609461 0.785246
vt 0.527631 0.788393
vt 0.496670 0.769236
vt 0.463687 0.748626
vt 0.566354 0.780394
vt 0.531866 0.775084
vt 0.500462 0.755910
vt 0.467804 0.735420
vt 0.616652 0.770277
vt 0.570301 0.766865
vt 0.535752 0.761912
vt 0.504311 0.742474
vt 0.574264 0.753675
vt 0.539673 0.748718
vt 0.508140 0.729209
vt 0.472021 0.722045
vt 0.578390 0.740699
vt 0.543638 0.735527
vt 0.512057 0.716016
vt 0.476339 0.708874
vt 0.583244 0.727795
vt 0.547532 0.722350
vt 0.516049 0.702965
vt 0.480056 0.695008
vt 0.588884 0.714244
vt 0.551220 0.709276
vt 0.519978 0.689569
vt 0.483693 0.680780
vt 0.596112 0.701021
vt 0.555124 0.695933
vt 0.524015 0.676328
vt 0.486961 0.666722
vt 0.559369 0.682730
vt 0.563935 0.669429
vt 0.490387 0.653532
vt 0.606144 0.687204
vt 0.569400 0.655145
vt 0.528181 0.663097
vt 0.532258 0.649920
vt 0.575959 0.639882
vt 0.493298 0.639819
vt 0.585074 0.621848
vt 0.536332 0.636189
vt 0.495956 0.623762
vt 0.539991 0.621659
vt 0.498665 0.607647
vt 0.543969 0.605695
vt 0.501865 0.590355
vt 0.548468 0.587647
vt 0.505610 0.571722
vt 0.554938 0.567759
vt 0.508978 0.554164
vt 0.564718 0.546187
vt 0.511686 0.468062
vt 0.574381 0.954867
vt 0.540416 0.977106
vt 0.547770 0.918211
vt 0.578866 0.930345
vt 0.611877 0.940776
vt 0.617667 0.922513
vt 0.655918 0.961179
vt 0.596273 0.874000
vt 0.660694 0.934376
vt 0.623041 0.907081
vt 0.628051 0.892750
vt 0.633059 0.879463
vt 0.638128 0.866799
vt 0.612190 0.804384
vt 0.675455 0.872951
vt 0.641827 0.854135
vt 0.674066 0.884949
vt 0.681505 0.840122
vt 0.683517 0.828864
vt 0.652473 0.818703
vt 0.698589 0.895335
vt 0.702274 0.881679
vt 0.704923 0.857710
vt 0.729322 0.899071
vt 0.686448 0.814682
vt 0.620249 0.793482
vt 0.727471 0.906337
vt 0.706605 0.867204
vt 0.734256 0.889336
vt 0.654464 0.803156
vt 0.623394 0.780970
vt 0.730125 0.918532
vt 0.758312 0.961490
vt 0.656868 0.789080
vt 0.626386 0.767857
vt 0.629492 0.754565
vt 0.696690 0.910573
vt 0.792210 0.945646
vt 0.760303 0.939364
vt 0.660010 0.775632
vt 0.663394 0.762716
vt 0.632786 0.740856
vt 0.662883 0.910869
vt 0.695480 0.926355
vt 0.792646 0.925656
vt 0.817849 0.968291
vt 0.739911 0.879699
vt 0.666669 0.749305
vt 0.730970 0.934541
vt 0.792810 0.910566
vt 0.829598 0.907313
vt 0.821398 0.942363
vt 0.763556 0.922530
vt 0.636418 0.727572
vt 0.693941 0.944943
vt 0.794220 0.896462
vt 0.833306 0.891886
vt 0.867219 0.919797
vt 0.862388 0.961166
vt 0.767280 0.908080
vt 0.746004 0.867634
vt 0.670094 0.735573
vt 0.605477 0.709338
vt 0.837519 0.876236
vt 0.870623 0.902193
vt 0.904882 0.952843
vt 0.864107 0.938681
vt 0.825406 0.925039
vt 0.771433 0.893426
vt 0.791707 0.842137
vt 0.708421 0.861287
vt 0.640069 0.714431
vt 0.609869 0.696719
vt 0.600918 0.722337
vt 0.797839 0.882026
vt 0.873995 0.879637
vt 0.908008 0.930976
vt 0.775825 0.879025
vt 0.780230 0.865288
vt 0.750483 0.852452
vt 0.713637 0.845043
vt 0.673042 0.721809
vt 0.613943 0.684028
vt 0.579821 0.661411
vt 0.596082 0.734586
vt 0.841415 0.860466
vt 0.844975 0.843790
vt 0.900881 1.000000
vt 0.783198 0.852941
vt 0.797548 0.828367
vt 0.718413 0.830978
vt 0.686558 0.802500
vt 0.643398 0.701408
vt 0.617272 0.670943
vt 0.584371 0.650873
vt 0.876535 0.864638
vt 0.808707 0.854514
vt 0.802629 0.812498
vt 0.755740 0.837524
vt 0.723206 0.816548
vt 0.689978 0.791013
vt 0.676336 0.708822
vt 0.646663 0.689025
vt 0.589759 0.638739
vt 0.562582 0.610225
vt 0.847684 0.827556
vt 0.813323 0.839786
vt 0.807153 0.796905
vt 0.765574 0.808991
vt 0.760741 0.823369
vt 0.727917 0.802231
vt 0.694305 0.777689
vt 0.679891 0.696702
vt 0.683209 0.683413
vt 0.621007 0.658236
vt 0.594736 0.626619
vt 0.567914 0.596599
vt 0.880191 0.851186
vt 0.811950 0.781480
vt 0.780350 0.765816
vt 0.770632 0.794674
vt 0.732715 0.788411
vt 0.699410 0.764338
vt 0.649943 0.677079
vt 0.625379 0.646088
vt 0.628050 0.633816
vt 0.598291 0.615304
vt 0.541115 0.565727
vt 0.803646 0.868952
vt 0.817176 0.824557
vt 0.884199 0.837350
vt 0.784904 0.751005
vt 0.751163 0.732318
vt 0.775580 0.780254
vt 0.741856 0.760645
vt 0.737259 0.774560
vt 0.704488 0.750900
vt 0.653573 0.665312
vt 0.572997 0.583422
vt 0.577262 0.569371
vt 0.820456 0.809248
vt 0.850823 0.813269
vt 0.789186 0.735952
vt 0.755514 0.718557
vt 0.746458 0.746615
vt 0.712949 0.723897
vt 0.708731 0.737335
vt 0.691290 0.661050
vt 0.657199 0.653158
vt 0.581707 0.555647
vt 0.546016 0.554440
vt 0.823332 0.794363
vt 0.826538 0.779776
vt 0.888493 0.823351
vt 0.793115 0.721757
vt 0.759644 0.705459
vt 0.717511 0.711078
vt 0.664385 0.623333
vt 0.551667 0.539545
vt 0.854179 0.798938
vt 0.893245 0.809367
vt 0.816533 0.764736
vt 0.763557 0.692912
vt 0.722268 0.698962
vt 0.703798 0.643848
vt 0.556792 0.525371
vt 0.857918 0.784841
vt 0.898195 0.795188
vt 0.796653 0.708899
vt 0.767273 0.679945
vt 0.726879 0.687082
vt 0.715566 0.608128
vt 0.699850 0.655968
vt 0.585838 0.542911
vt 0.526663 0.502868
vt 0.830381 0.764745
vt 0.862333 0.771517
vt 0.821749 0.747775
vt 0.799550 0.695886
vt 0.746134 0.627641
vt 0.730780 0.674690
vt 0.677277 0.613059
vt 0.673035 0.626424
vt 0.561139 0.511631
vt 0.532373 0.488894
vt 0.538234 0.554826
vt 0.804264 0.731032
vt 0.834978 0.749942
vt 0.867293 0.758539
vt 0.802183 0.684537
vt 0.770070 0.667711
vt 0.754550 0.601938
vt 0.711630 0.620487
vt 0.707577 0.632235
vt 0.681202 0.600256
vt 0.642075 0.604643
vt 0.633245 0.631476
vt 0.589898 0.530329
vt 0.564889 0.499463
vt 0.502560 0.508875
vt 0.499878 0.525903
vt 0.811117 0.718887
vt 0.839501 0.735009
vt 0.872473 0.745784
vt 0.903799 0.781380
vt 0.773486 0.654506
vt 0.750447 0.615132
vt 0.684947 0.587128
vt 0.646238 0.591488
vt 0.612372 0.567995
vt 0.637605 0.617565
vt 0.603640 0.593657
vt 0.594122 0.518315
vt 0.568503 0.488014
vt 0.536357 0.476324
vt 0.504549 0.493612
vt 0.472964 0.501719
vt 0.497915 0.541311
vt 0.801468 0.671529
vt 0.816451 0.706157
vt 0.850366 0.694615
vt 0.909407 0.767002
vt 0.758513 0.588177
vt 0.719262 0.594854
vt 0.650245 0.578130
vt 0.616660 0.554476
vt 0.607956 0.580963
vt 0.599609 0.605482
vt 0.598169 0.507125
vt 0.540125 0.465274
vt 0.518480 0.427488
vt 0.507130 0.480188
vt 0.462967 0.541439
vt 0.493985 0.571083
vt 0.805172 0.662285
vt 0.820161 0.696513
vt 0.853342 0.684990
vt 0.877339 0.732771
vt 0.914564 0.753152
vt 0.722996 0.581016
vt 0.688628 0.573570
vt 0.654166 0.564711
vt 0.620856 0.540894
vt 0.610937 0.462523
vt 0.575043 0.466109
vt 0.543428 0.454487
vt 0.486485 0.453501
vt 0.454720 0.447737
vt 0.436784 0.507325
vt 0.847215 0.706796
vt 0.833231 0.657624
vt 0.824514 0.687769
vt 0.827245 0.678896
vt 0.882259 0.719534
vt 0.919444 0.739996
vt 0.726758 0.566983
vt 0.658083 0.551146
vt 0.624978 0.527962
vt 0.601883 0.495769
vt 0.613643 0.449880
vt 0.550775 0.432744
vt 0.522064 0.414974
vt 0.460974 0.422516
vt 0.457804 0.435682
vt 0.451252 0.459250
vt 0.440908 0.494678
vt 0.433227 0.522191
vt 0.843344 0.720427
vt 0.807553 0.653088
vt 0.836978 0.647277
vt 0.829823 0.669128
vt 0.841589 0.634893
vt 0.887308 0.706033
vt 0.762665 0.574229
vt 0.692407 0.559762
vt 0.661927 0.537606
vt 0.629042 0.515482
vt 0.605383 0.484544
vt 0.617644 0.438200
vt 0.579149 0.452457
vt 0.593091 0.407179
vt 0.554357 0.422479
vt 0.525196 0.403876
vt 0.463638 0.408615
vt 0.429312 0.403446
vt 0.447600 0.471068
vt 0.444190 0.482777
vt 0.476337 0.489016
vt 0.404448 0.483655
vt 0.400744 0.497964
vt 0.810213 0.644450
vt 0.819329 0.604885
vt 0.861386 0.675504
vt 0.892738 0.692734
vt 0.924674 0.729112
vt 0.730465 0.552890
vt 0.696220 0.545833
vt 0.665680 0.524490
vt 0.633355 0.503412
vt 0.608538 0.474152
vt 0.584787 0.430813
vt 0.621196 0.427066
vt 0.624209 0.414486
vt 0.596673 0.395200
vt 0.588698 0.419431
vt 0.534757 0.373193
vt 0.512819 0.439847
vt 0.499323 0.372229
vt 0.433181 0.391980
vt 0.409988 0.460849
vt 0.482408 0.465990
vt 0.478998 0.477805
vt 0.407415 0.471724
vt 0.373218 0.461188
vt 0.865505 0.664114
vt 0.781369 0.609151
vt 0.823133 0.592946
vt 0.867900 0.652392
vt 0.871756 0.641620
vt 0.929240 0.718856
vt 0.734132 0.539162
vt 0.699849 0.532161
vt 0.669455 0.511789
vt 0.637519 0.491471
vt 0.582136 0.441545
vt 0.627106 0.402660
vt 0.561992 0.400622
vt 0.565574 0.388635
vt 0.510190 0.350972
vt 0.496671 0.383487
vt 0.505696 0.361006
vt 0.440778 0.368819
vt 0.437255 0.380650
vt 0.380822 0.436591
vt 0.376465 0.448908
vt 0.338962 0.450766
vt 0.368823 0.476183
vt 0.813516 0.630549
vt 0.775428 0.632346
vt 0.830083 0.563686
vt 0.847315 0.623712
vt 0.876218 0.631943
vt 0.896780 0.678505
vt 0.766601 0.559965
vt 0.703593 0.519322
vt 0.673345 0.499461
vt 0.641768 0.479672
vt 0.572267 0.476794
vt 0.558301 0.412052
vt 0.630716 0.391868
vt 0.569066 0.376069
vt 0.468007 0.394954
vt 0.487927 0.442150
vt 0.334730 0.379037
vt 0.334514 0.466695
vt 0.850685 0.611557
vt 0.769232 0.639216
vt 0.780368 0.622746
vt 0.783653 0.595244
vt 0.933748 0.709336
vt 0.738011 0.526030
vt 0.707469 0.507021
vt 0.677312 0.487247
vt 0.646005 0.467561
vt 0.546403 0.444149
vt 0.572561 0.362815
vt 0.606108 0.357645
vt 0.599945 0.382934
vt 0.610636 0.342744
vt 0.474901 0.358915
vt 0.489351 0.430644
vt 0.342653 0.437032
vt 0.306628 0.372751
vt 0.816395 0.617651
vt 0.786338 0.565574
vt 0.899362 0.664459
vt 0.770840 0.545796
vt 0.711324 0.494817
vt 0.681339 0.475154
vt 0.650369 0.455405
vt 0.527959 0.393370
vt 0.530997 0.383029
vt 0.603113 0.370636
vt 0.639569 0.377443
vt 0.576196 0.349814
vt 0.490545 0.419724
vt 0.512303 0.449027
vt 0.347098 0.423866
vt 0.903603 0.652630
vt 0.795806 0.539693
vt 0.742022 0.513142
vt 0.715228 0.482637
vt 0.685447 0.462802
vt 0.654462 0.443655
vt 0.667843 0.391200
vt 0.613869 0.331002
vt 0.563376 0.294557
vt 0.471735 0.382645
vt 0.492566 0.407834
vt 0.511385 0.458532
vt 0.936458 0.700261
vt 0.914815 0.623337
vt 0.833198 0.547045
vt 0.746180 0.500592
vt 0.750300 0.488114
vt 0.689408 0.450563
vt 0.658559 0.431914
vt 0.665893 0.406222
vt 0.643314 0.364407
vt 0.553368 0.317232
vt 0.579861 0.337741
vt 0.472934 0.371467
vt 0.494744 0.394673
vt 0.509437 0.468090
vt 0.918650 0.609975
vt 0.887721 0.607608
vt 0.799286 0.526290
vt 0.869731 0.523467
vt 0.774915 0.532239
vt 0.779584 0.519397
vt 0.719135 0.470147
vt 0.693161 0.438559
vt 0.662165 0.419584
vt 0.704159 0.398014
vt 0.617754 0.318654
vt 0.557826 0.304938
vt 0.545603 0.343947
vt 0.583506 0.325793
vt 0.910878 0.638523
vt 0.893989 0.596462
vt 0.880526 0.618529
vt 0.772281 0.479760
vt 0.835825 0.532190
vt 0.873057 0.512611
vt 0.754350 0.475363
vt 0.722965 0.457449
vt 0.696719 0.426945
vt 0.705522 0.389332
vt 0.699747 0.414044
vt 0.646429 0.352059
vt 0.531672 0.270755
vt 0.521371 0.308702
vt 0.586857 0.314279
vt 0.922610 0.599326
vt 0.898101 0.583763
vt 0.859624 0.603146
vt 0.802413 0.512277
vt 0.837389 0.517914
vt 0.839430 0.505743
vt 0.876241 0.500937
vt 0.758124 0.462949
vt 0.726788 0.445218
vt 0.671513 0.382032
vt 0.734238 0.404734
vt 0.730113 0.433548
vt 0.678681 0.359755
vt 0.622116 0.306362
vt 0.535266 0.258444
vt 0.528343 0.283283
vt 0.524914 0.295952
vt 0.517829 0.321700
vt 0.599905 0.265642
vt 0.926760 0.590224
vt 0.861876 0.587425
vt 0.805357 0.499158
vt 0.808755 0.486738
vt 0.857209 0.450533
vt 0.879387 0.493348
vt 0.867107 0.540434
vt 0.784973 0.507304
vt 0.761845 0.450288
vt 0.675468 0.371821
vt 0.737331 0.395313
vt 0.733352 0.421496
vt 0.765096 0.437791
vt 0.682433 0.346903
vt 0.650049 0.338984
vt 0.539210 0.246364
vt 0.510229 0.224545
vt 0.506655 0.236001
vt 0.495789 0.272557
vt 0.492162 0.285953
vt 0.483592 0.324998
vt 0.514019 0.332755
vt 0.590242 0.303029
vt 0.603671 0.252589
vt 0.931387 0.579645
vt 0.902648 0.571323
vt 0.832428 0.575812
vt 0.778595 0.467024
vt 0.842169 0.494595
vt 0.845146 0.483512
vt 0.803754 0.416163
vt 0.708837 0.380690
vt 0.776829 0.380538
vt 0.800059 0.429908
vt 0.712977 0.368096
vt 0.716987 0.354896
vt 0.686527 0.333742
vt 0.626254 0.294182
vt 0.542502 0.234446
vt 0.513731 0.212888
vt 0.485392 0.176190
vt 0.481029 0.188343
vt 0.502704 0.247580
vt 0.499189 0.259726
vt 0.460339 0.291481
vt 0.457562 0.304140
vt 0.480790 0.336655
vt 0.477875 0.351197
vt 0.542536 0.357212
vt 0.597065 0.279198
vt 0.607665 0.239693
vt 0.938673 0.565089
vt 0.862898 0.572224
vt 0.864866 0.556659
vt 0.755022 0.412789
vt 0.812097 0.476658
vt 0.847679 0.473550
vt 0.850985 0.461603
vt 0.789122 0.494446
vt 0.807838 0.402770
vt 0.741273 0.385366
vt 0.769688 0.392778
vt 0.781345 0.368515
vt 0.749891 0.362085
vt 0.653803 0.326224
vt 0.657437 0.313663
vt 0.546650 0.223063
vt 0.517283 0.200836
vt 0.489545 0.163451
vt 0.475850 0.200357
vt 0.471172 0.211870
vt 0.467595 0.223511
vt 0.465527 0.235506
vt 0.453960 0.317057
vt 0.450386 0.330371
vt 0.446963 0.344958
vt 0.443141 0.361030
vt 0.549149 0.330217
vt 0.593693 0.291295
vt 0.576559 0.234902
vt 0.944372 0.552367
vt 0.906374 0.557649
vt 0.913500 0.530384
vt 0.753707 0.422326
vt 0.782939 0.454456
vt 0.785708 0.443365
vt 0.822692 0.439694
vt 0.801966 0.551810
vt 0.833877 0.439689
vt 0.838099 0.424827
vt 0.745603 0.374482
vt 0.762896 0.323550
vt 0.754228 0.349346
vt 0.690358 0.321124
vt 0.630531 0.281512
vt 0.550711 0.212825
vt 0.524705 0.175872
vt 0.521083 0.188480
vt 0.494058 0.151682
vt 0.488556 0.299677
vt 0.422685 0.296983
vt 0.418329 0.309563
vt 0.414262 0.322808
vt 0.405837 0.351014
vt 0.574299 0.246871
vt 0.555015 0.203785
vt 0.579088 0.222326
vt 0.950936 0.537938
vt 0.962324 0.529360
vt 0.890518 0.488530
vt 0.759837 0.401325
vt 0.787113 0.433787
vt 0.842276 0.411771
vt 0.758676 0.336303
vt 0.733377 0.303635
vt 0.766727 0.310941
vt 0.785695 0.356125
vt 0.721285 0.341373
vt 0.660909 0.301189
vt 0.528190 0.162991
vt 0.498250 0.139626
vt 0.486554 0.312830
vt 0.426992 0.284153
vt 0.386350 0.289367
vt 0.382483 0.301950
vt 0.410236 0.336433
vt 0.375132 0.328602
vt 0.401267 0.366216
vt 0.572176 0.258536
vt 0.558480 0.192049
vt 0.582290 0.209985
vt 0.988238 0.599282
vt 0.917421 0.518413
vt 0.876918 0.420958
vt 0.811186 0.390212
vt 0.729428 0.315844
vt 0.737447 0.291177
vt 0.770351 0.298277
vt 0.789828 0.343738
vt 0.725431 0.328430
vt 0.694125 0.308791
vt 0.634577 0.268381
vt 0.532287 0.149095
vt 0.502715 0.126579
vt 0.463347 0.276588
vt 0.390387 0.276124
vt 0.355825 0.267754
vt 0.351320 0.281342
vt 0.378752 0.314974
vt 0.342884 0.308252
vt 0.371359 0.342808
vt 0.367845 0.357653
vt 0.397936 0.385725
vt 0.570278 0.270052
vt 0.561727 0.179141
vt 0.968359 0.515066
vt 0.928798 0.494698
vt 0.909521 0.543357
vt 0.872067 0.433426
vt 0.881972 0.407491
vt 0.846298 0.398989
vt 0.698089 0.296463
vt 0.741638 0.278239
vt 0.664534 0.288764
vt 0.537183 0.135357
vt 0.507068 0.112515
vt 0.431386 0.270755
vt 0.394679 0.262110
vt 0.360173 0.254146
vt 0.319955 0.244548
vt 0.346978 0.294624
vt 0.314292 0.257793
vt 0.339011 0.322271
vt 0.335273 0.336745
vt 0.363797 0.373153
vt 0.360284 0.389375
vt 0.567593 0.281444
vt 0.585547 0.197623
vt 0.933762 0.482187
vt 0.867054 0.445452
vt 0.896422 0.476772
vt 0.921485 0.401611
vt 0.850191 0.385900
vt 0.815412 0.377356
vt 0.702198 0.283849
vt 0.706414 0.270981
vt 0.773715 0.285654
vt 0.638552 0.255400
vt 0.544471 0.122984
vt 0.511914 0.096987
vt 0.436156 0.254584
vt 0.398837 0.248206
vt 0.364236 0.240609
vt 0.325812 0.231366
vt 0.309581 0.270340
vt 0.331720 0.350755
vt 0.565154 0.165545
vt 0.921519 0.507045
vt 0.942140 0.455868
vt 0.975061 0.501949
vt 0.902803 0.447573
vt 0.900333 0.465135
vt 0.886264 0.394532
vt 0.854253 0.372517
vt 0.819999 0.364675
vt 0.672124 0.263290
vt 0.676070 0.250441
vt 0.710734 0.257917
vt 0.746044 0.264813
vt 0.794126 0.331446
vt 0.668243 0.276072
vt 0.517612 0.078226
vt 0.403667 0.234007
vt 0.367897 0.227174
vt 0.330904 0.218921
vt 0.298142 0.184385
vt 0.294800 0.197220
vt 0.267210 0.220231
vt 0.544757 0.111535
vt 0.589342 0.184102
vt 0.980529 0.488717
vt 0.938607 0.469698
vt 0.906412 0.437137
vt 0.951063 0.431406
vt 0.926256 0.387004
vt 0.890454 0.381009
vt 0.824431 0.352018
vt 0.642544 0.242508
vt 0.680018 0.237724
vt 0.715076 0.244927
vt 0.777176 0.272936
vt 0.798223 0.319149
vt 0.522399 0.055559
vt 0.473488 0.087132
vt 0.409182 0.220008
vt 0.371460 0.213837
vt 0.335364 0.206343
vt 0.303064 0.170568
vt 0.274577 0.136263
vt 0.271578 0.206867
vt 0.264539 0.233013
vt 0.568816 0.150585
vt 0.593860 0.170272
vt 0.987440 0.474368
vt 0.956980 0.419183
vt 0.910187 0.426884
vt 0.894691 0.367302
vt 0.858443 0.359251
vt 0.828893 0.339439
vt 0.646743 0.229592
vt 0.650683 0.216952
vt 0.684066 0.225162
vt 0.750183 0.251786
vt 0.781251 0.259977
vt 0.810010 0.278725
vt 0.802260 0.307028
vt 0.478689 0.067157
vt 0.416730 0.207067
vt 0.375019 0.200756
vt 0.343392 0.180153
vt 0.339554 0.193373
vt 0.308604 0.156856
vt 0.278041 0.121481
vt 0.248981 0.146565
vt 0.245759 0.160871
vt 0.242695 0.174806
vt 0.236192 0.201496
vt 0.572689 0.135043
vt 0.598721 0.155712
vt 0.945942 0.443203
vt 0.962873 0.407067
vt 0.916193 0.416670
vt 0.968710 0.394158
vt 0.898914 0.353673
vt 0.862854 0.346154
vt 0.833158 0.326714
vt 0.654519 0.204248
vt 0.658507 0.191510
vt 0.719282 0.232384
vt 0.754194 0.238953
vt 0.758189 0.226343
vt 0.784751 0.247705
vt 0.806295 0.293711
vt 0.837251 0.313996
vt 0.525763 0.016064
vt 0.384696 0.172780
vt 0.379419 0.186647
vt 0.346868 0.166335
vt 0.313627 0.143096
vt 0.284081 0.103568
vt 0.258640 0.113233
vt 0.252392 0.130759
vt 0.217283 0.123176
vt 0.213668 0.137345
vt 0.239467 0.188216
vt 0.205947 0.163973
vt 0.233236 0.214180
vt 0.576541 0.118989
vt 0.603873 0.141036
vt 0.930411 0.374257
vt 0.903067 0.340575
vt 0.867386 0.332961
vt 0.688090 0.212536
vt 0.723464 0.219732
vt 0.727610 0.206697
vt 0.762214 0.213624
vt 0.847794 0.273626
vt 0.844538 0.287619
vt 0.875508 0.306978
vt 0.484660 0.042836
vt 0.390373 0.157749
vt 0.355819 0.136754
vt 0.351001 0.151897
vt 0.318036 0.128783
vt 0.288899 0.087155
vt 0.229000 0.072068
vt 0.220791 0.108068
vt 0.192110 0.062100
vt 0.186879 0.081116
vt 0.209879 0.150984
vt 0.182200 0.096724
vt 0.202084 0.176229
vt 0.230769 0.227099
vt 0.262517 0.246019
vt 0.548853 0.095086
vt 0.579450 0.102981
vt 0.937870 0.347438
vt 0.974413 0.380881
vt 0.934584 0.360924
vt 0.871703 0.319692
vt 0.841129 0.301589
vt 0.662430 0.178559
vt 0.691895 0.199423
vt 0.731767 0.192888
vt 0.765526 0.200873
vt 0.768485 0.187867
vt 0.882254 0.280728
vt 0.878988 0.294453
vt 0.395360 0.142563
vt 0.361580 0.120712
vt 0.327794 0.098613
vt 0.322816 0.113844
vt 0.293172 0.070267
vt 0.233746 0.048839
vt 0.224464 0.091423
vt 0.196217 0.041492
vt 0.177254 0.109691
vt 0.197983 0.188984
vt 0.227906 0.241159
vt 0.259640 0.259938
vt 0.581707 0.086630
vt 0.940394 0.334287
vt 0.979942 0.368300
vt 0.987477 0.354065
vt 0.906811 0.327594
vt 0.695698 0.185557
vt 0.735457 0.178715
vt 0.738584 0.164354
vt 0.771301 0.175401
vt 0.884379 0.267468
vt 0.912682 0.301806
vt 0.909894 0.314615
vt 0.376558 0.090295
vt 0.368297 0.104305
vt 0.333031 0.082129
vt 0.297679 0.052220
vt 0.256376 0.032428
vt 0.173663 0.122146
vt 0.195377 0.204882
vt 0.257073 0.274132
vt 0.553420 0.075507
vt 0.942222 0.321106
vt 0.666344 0.164694
vt 0.699750 0.171156
vt 0.704091 0.155725
vt 0.741442 0.149389
vt 0.788972 0.235120
vt 0.915256 0.287788
vt 0.343114 0.041526
vt 0.338481 0.063299
vt 0.301393 0.031892
vt 0.238261 0.016943
vt 0.223105 0.256407
vt 0.253764 0.289928
vt 0.284573 0.307610
vt 0.557423 0.054536
vt 0.944468 0.308547
vt 0.948983 0.296636
vt 0.623946 0.184486
vt 0.670906 0.150473
vt 0.708131 0.140470
vt 0.745270 0.135249
vt 0.775002 0.162197
vt 0.795742 0.210263
vt 0.808289 0.267977
vt 0.885260 0.254912
vt 0.347787 0.000000
vt 0.192789 0.217476
vt 0.221153 0.268602
vt 0.281707 0.322748
vt 0.585764 0.072119
vt 0.917604 0.277027
vt 0.921732 0.265165
vt 0.956160 0.283343
vt 0.619439 0.196892
vt 0.627570 0.171308
vt 0.745845 0.124293
vt 0.792499 0.223151
vt 0.812553 0.254671
vt 0.845396 0.259522
vt 0.888678 0.244329
vt 0.188531 0.228595
vt 0.186114 0.242009
vt 0.251028 0.303112
vt 0.279425 0.336115
vt 0.309598 0.343259
vt 0.587789 0.049191
vt 0.925599 0.253008
vt 0.930130 0.241459
vt 0.963957 0.271161
vt 0.614893 0.210152
vt 0.631976 0.155920
vt 0.718184 0.076542
vt 0.776998 0.150291
vt 0.816299 0.242392
vt 0.847868 0.247669
vt 0.895105 0.223244
vt 0.892804 0.234028
vt 0.218966 0.281123
vt 0.248673 0.316068
vt 0.246234 0.329160
vt 0.307520 0.358302
vt 0.334718 0.366190
vt 0.935587 0.230361
vt 0.971007 0.258887
vt 0.610994 0.225632
vt 0.636971 0.142001
vt 0.747970 0.113228
vt 0.803374 0.184622
vt 0.823487 0.216846
vt 0.826244 0.201924
vt 0.916945 0.179728
vt 0.859750 0.210653
vt 0.216258 0.293439
vt 0.212676 0.306523
vt 0.277510 0.349877
vt 0.317083 0.331935
vt 0.977366 0.246680
vt 0.640254 0.130422
vt 0.750375 0.100750
vt 0.779461 0.137536
vt 0.807449 0.171830
vt 0.799333 0.196653
vt 0.864707 0.199641
vt 0.851098 0.236356
vt 0.906961 0.208920
vt 0.920793 0.168468
vt 0.855618 0.225316
vt 0.290949 0.292746
vt 0.323868 0.314276
vt 0.942429 0.215391
vt 0.721723 0.057796
vt 0.783339 0.123992
vt 0.811086 0.158484
vt 0.829874 0.192476
vt 0.873589 0.185340
vt 0.927539 0.143693
vt 0.296835 0.278507
vt 0.947196 0.202705
vt 0.951680 0.190235
vt 0.753218 0.086874
vt 0.787795 0.109756
vt 0.815308 0.144554
vt 0.820396 0.230986
vt 0.833141 0.182817
vt 0.913758 0.195454
vt 0.930667 0.127218
vt 0.923802 0.156366
vt 0.278600 0.365786
vt 0.985511 0.233288
vt 0.757084 0.071162
vt 0.792478 0.094727
vt 0.820461 0.129974
vt 0.879359 0.171080
vt 0.889264 0.122611
vt 0.956740 0.176255
vt 0.760734 0.049771
vt 0.797008 0.078181
vt 0.832364 0.100575
vt 0.826002 0.115518
vt 0.885864 0.158360
vt 0.842470 0.146052
vt 0.935228 0.112535
vt 0.962119 0.161536
vt 0.800868 0.059258
vt 0.967860 0.146689
vt 0.848663 0.132753
vt 0.974169 0.130623
vt 0.892520 0.107735
vt 0.892787 0.144198
vt 0.940372 0.096978
vt 0.899855 0.130638
vt 0.855484 0.117545
vt 0.980911 0.116441
vt 0.860752 0.098157
vt 0.945911 0.079812
vt 0.866339 0.076832
vt 0.991435 0.102469
vt 0.951004 0.060319
vt 0.954829 0.029335
vt 0.185539 0.899564
vt 0.148186 0.892300
vt 0.144484 0.907824
vt 0.140477 0.923820
vt 0.107885 0.876368
vt 0.190307 0.881918
vt 0.136102 0.942111
vt 0.103296 0.891304
vt 0.112456 0.862050
vt 0.152484 0.873655
vt 0.223341 0.922955
vt 0.098808 0.906816
vt 0.116579 0.848203
vt 0.195088 0.865632
vt 0.226733 0.904422
vt 0.218854 0.948776
vt 0.094963 0.923854
vt 0.155957 0.856941
vt 0.160206 0.841479
vt 0.230063 0.888924
vt 0.265133 0.930883
vt 0.261693 0.958433
vt 0.091781 0.946316
vt 0.121125 0.834276
vt 0.163910 0.828201
vt 0.198894 0.850878
vt 0.233797 0.874159
vt 0.267431 0.909562
vt 0.300823 0.916660
vt 0.299018 0.938732
vt 0.054797 0.952238
vt 0.125677 0.820665
vt 0.167795 0.814987
vt 0.202323 0.837937
vt 0.269694 0.892462
vt 0.302204 0.899496
vt 0.368465 0.907878
vt 0.130820 0.806836
vt 0.171860 0.801588
vt 0.205882 0.825587
vt 0.238459 0.859147
vt 0.243208 0.843715
vt 0.271857 0.878908
vt 0.136679 0.789430
vt 0.177074 0.786433
vt 0.209820 0.813121
vt 0.273751 0.866339
vt 0.276555 0.851776
vt 0.142381 0.773864
vt 0.214845 0.800455
vt 0.246481 0.829325
vt 0.249680 0.816048
vt 0.101963 0.768409
vt 0.181427 0.773299
vt 0.185067 0.763335
vt 0.146281 0.762421
vt 0.149864 0.751744
vt 0.153376 0.740940
vt 0.107065 0.757153
vt 0.111453 0.745851
vt 0.116260 0.733328
vt 0.157696 0.729065
vt 0.120893 0.720231
vt 0.125845 0.707702
vt 0.162080 0.718682
vt 0.130628 0.695477
vt 0.110040 0.643483
vt 0.134750 0.682577
vt 0.113296 0.631330
vt 0.117756 0.619798
vt 0.342071 0.876719
vt 0.330689 0.898043
vt 0.320244 0.953025
vt 0.978678 0.891195
vt 0.965329 0.923563
vt 0.917049 0.889683
vt 0.933745 0.845033
vt 0.911132 0.906521
vt 0.984345 0.876571
vt 0.959571 0.940528
vt 0.939438 0.829707
vt 0.905064 0.923740
vt 0.990187 0.862393
vt 0.954302 0.960253
vt 1.000000 0.850169
vt 0.945279 0.815632
vt 0.950977 0.801528
vt 0.956072 0.787567
vt 0.960935 0.775191
vt 0.965248 0.762749
vt 0.073429 0.848662
vt 0.067786 0.863232
vt 0.059816 0.879310
vt 0.136067 0.823808
vt 0.146456 0.790570
vt 0.124055 0.837816
vt 0.152187 0.810273
vt 0.319570 0.825711
vt 0.317065 0.839654
vt 0.284037 0.822348
vt 0.369196 0.843131
vt 0.249168 0.780614
vt 0.243917 0.805949
vt 0.207798 0.799601
vt 0.217047 0.758062
vt 0.241847 0.822171
vt 0.282475 0.803471
vt 0.252625 0.767843
vt 0.176300 0.764029
vt 0.279904 0.816738
vt 0.319272 0.811066
vt 0.285961 0.791053
vt 0.290245 0.777798
vt 0.220121 0.746332
vt 0.180785 0.750709
vt 0.313733 0.826063
vt 0.255581 0.755428
vt 0.223480 0.734264
vt 0.184118 0.737947
vt 0.150737 0.717913
vt 0.259356 0.742488
vt 0.226841 0.722028
vt 0.187084 0.725894
vt 0.153969 0.705116
vt 0.121739 0.679603
vt 0.295326 0.763577
vt 0.230465 0.709038
vt 0.190167 0.714472
vt 0.157389 0.692973
vt 0.124037 0.669981
vt 0.093922 0.621250
vt 0.264813 0.729026
vt 0.235188 0.695704
vt 0.193705 0.702881
vt 0.161022 0.680996
vt 0.127420 0.659238
vt 0.096200 0.611395
vt 0.271834 0.714478
vt 0.241368 0.681534
vt 0.197250 0.690806
vt 0.164543 0.669109
vt 0.130799 0.647813
vt 0.100045 0.600070
vt 0.069330 0.546615
vt 0.249612 0.664015
vt 0.205819 0.664040
vt 0.201360 0.677679
vt 0.167702 0.657191
vt 0.133967 0.636058
vt 0.104154 0.587197
vt 0.072718 0.529746
vt 0.068095 0.561584
vt 0.278650 0.698681
vt 0.211331 0.648952
vt 0.174660 0.630826
vt 0.170911 0.644380
vt 0.137062 0.623798
vt 0.140125 0.610839
vt 0.077396 0.511570
vt 0.218340 0.629387
vt 0.179466 0.615547
vt 0.107770 0.572931
vt 0.112134 0.556052
vt 0.186329 0.597909
vt 0.143582 0.596428
vt 0.148104 0.578571
vt 0.080099 0.490773
vt 0.193540 0.576500
vt 0.117075 0.536047
vt 0.083393 0.468799
vt 0.155114 0.556696
vt 0.123181 0.514067
vt 0.091412 0.449027
vt 0.205684 0.522954
vt 0.247024 0.550043
vt 0.221265 0.497039
vt 0.253762 0.527807
vt 0.261534 0.508751
vt 0.292282 0.555529
vt 0.298717 0.537386
vt 0.268826 0.488335
vt 0.285475 0.575921
vt 0.327919 0.578231
vt 0.303913 0.520863
vt 0.308734 0.503863
vt 0.276824 0.467458
vt 0.321429 0.595843
vt 0.359795 0.599316
vt 0.334031 0.562134
vt 0.339295 0.546928
vt 0.343588 0.531048
vt 0.313276 0.483929
vt 0.319790 0.463035
vt 0.354203 0.616392
vt 0.365344 0.583346
vt 0.370662 0.568222
vt 0.347745 0.514052
vt 0.351773 0.495082
vt 0.356148 0.475399
vt 0.350673 0.633893
vt 0.387479 0.634211
vt 0.392549 0.618321
vt 0.397564 0.603585
vt 0.375199 0.553191
vt 0.379413 0.537941
vt 0.383520 0.521559
vt 0.387949 0.503382
vt 0.418723 0.652171
vt 0.424122 0.637386
vt 0.402828 0.589355
vt 0.407517 0.574854
vt 0.411837 0.559903
vt 0.416838 0.542975
vt 0.422819 0.527762
vt 0.412906 0.670438
vt 0.451026 0.671491
vt 0.429501 0.622843
vt 0.434573 0.608816
vt 0.439318 0.594658
vt 0.443789 0.580147
vt 0.448237 0.563751
vt 0.453104 0.547885
vt 0.446117 0.691196
vt 0.455642 0.656697
vt 0.460103 0.643163
vt 0.464622 0.629834
vt 0.468883 0.615565
vt 0.472918 0.600257
vt 0.477903 0.583818
vt 0.482097 0.568367
vt 0.066696 0.737968
vt 0.071190 0.725948
vt 0.033997 0.765569
vt 0.057716 0.753641
vt 0.073781 0.715400
vt 0.125360 0.726352
vt 0.105646 0.769348
vt 0.131993 0.746025
vt 0.129222 0.765487
vt 0.394733 0.759247
vt 0.400474 0.740300
vt 0.363912 0.729344
vt 0.393322 0.769643
vt 0.374279 0.695578
vt 0.429770 0.773040
vt 0.431464 0.781199
vt 0.403395 0.725983
vt 0.450385 0.720906
vt 0.389912 0.787648
vt 0.406126 0.712951
vt 0.455608 0.710415
vt 0.336570 0.741314
vt 0.409728 0.701598
vt 0.414404 0.689255
vt 0.464482 0.687509
vt 0.333033 0.751762
vt 0.339560 0.730630
vt 0.382993 0.670539
vt 0.463729 0.699971
vt 0.445243 0.733852
vt 0.326279 0.768952
vt 0.306867 0.728717
vt 0.312034 0.712415
vt 0.386423 0.657475
vt 0.390510 0.643026
vt 0.419503 0.675992
vt 0.431719 0.762478
vt 0.300124 0.742453
vt 0.280266 0.676070
vt 0.341316 0.718265
vt 0.361156 0.621083
vt 0.389525 0.631471
vt 0.423242 0.662370
vt 0.438227 0.748808
vt 0.397111 0.750305
vt 0.319900 0.788960
vt 0.315251 0.697994
vt 0.344236 0.706053
vt 0.359084 0.633455
vt 0.360760 0.741594
vt 0.286127 0.663226
vt 0.317499 0.684238
vt 0.371707 0.705313
vt 0.330154 0.612138
vt 0.357894 0.753618
vt 0.263422 0.636034
vt 0.290517 0.650708
vt 0.347478 0.694139
vt 0.357282 0.647313
vt 0.326550 0.628127
vt 0.331641 0.600156
vt 0.354987 0.768418
vt 0.255136 0.653946
vt 0.269158 0.617996
vt 0.319550 0.671889
vt 0.350987 0.682660
vt 0.379284 0.683150
vt 0.368547 0.717560
vt 0.353747 0.670274
vt 0.326227 0.637732
vt 0.333571 0.585946
vt 0.352459 0.783812
vt 0.247129 0.590120
vt 0.293305 0.637879
vt 0.321513 0.660166
vt 0.355787 0.659155
vt 0.323840 0.648785
vt 0.241905 0.606797
vt 0.250428 0.575672
vt 0.295732 0.624970
vt 0.235793 0.627713
vt 0.213710 0.576054
vt 0.217770 0.560985
vt 0.276070 0.602914
vt 0.298047 0.611891
vt 0.180014 0.561563
vt 0.221447 0.548096
vt 0.300408 0.597432
vt 0.186516 0.542145
vt 0.224991 0.535547
vt 0.253055 0.563496
vt 0.279307 0.588608
vt 0.152395 0.523725
vt 0.192020 0.526619
vt 0.228615 0.523617
vt 0.302653 0.581466
vt 0.158354 0.507462
vt 0.196686 0.513879
vt 0.258701 0.539558
vt 0.281434 0.572613
vt 0.126309 0.471809
vt 0.163324 0.492925
vt 0.167745 0.480461
vt 0.200640 0.502087
vt 0.261653 0.521995
vt 0.285429 0.558817
vt 0.131604 0.459506
vt 0.171558 0.470172
vt 0.204071 0.490671
vt 0.232971 0.511545
vt 0.236682 0.499799
vt 0.288416 0.543589
vt 0.136865 0.448452
vt 0.175579 0.460341
vt 0.207540 0.479601
vt 0.211033 0.469092
vt 0.274923 0.500345
vt 0.305840 0.564669
vt 0.141715 0.438539
vt 0.179240 0.449927
vt 0.251923 0.465505
vt 0.256610 0.455815
vt 0.307787 0.487752
vt 0.295341 0.524168
vt 0.146008 0.429407
vt 0.150702 0.418307
vt 0.214570 0.459393
vt 0.260245 0.446232
vt 0.280844 0.486137
vt 0.285680 0.469911
vt 0.311590 0.545428
vt 0.182447 0.438207
vt 0.218877 0.448897
vt 0.262305 0.433068
vt 0.313100 0.464289
vt 0.153543 0.406065
vt 0.185728 0.426507
vt 0.222698 0.436514
vt 0.299812 0.425524
vt 0.289770 0.456721
vt 0.317739 0.447570
vt 0.157016 0.393849
vt 0.189203 0.414627
vt 0.225983 0.424190
vt 0.307632 0.392758
vt 0.297713 0.435981
vt 0.293777 0.446111
vt 0.160619 0.381584
vt 0.164227 0.369424
vt 0.192905 0.402538
vt 0.229517 0.412243
vt 0.265175 0.421823
vt 0.273276 0.386279
vt 0.326348 0.407361
vt 0.304599 0.402205
vt 0.322556 0.421853
vt 0.320086 0.434282
vt 0.196234 0.390509
vt 0.232736 0.400615
vt 0.268095 0.410309
vt 0.270812 0.398424
vt 0.276068 0.375012
vt 0.328776 0.397003
vt 0.302023 0.414118
vt 0.357694 0.405869
vt 0.167898 0.357195
vt 0.199494 0.378275
vt 0.235752 0.388650
vt 0.238503 0.376029
vt 0.241038 0.363549
vt 0.244272 0.352325
vt 0.332085 0.388704
vt 0.361241 0.395793
vt 0.309699 0.382039
vt 0.393527 0.403914
vt 0.353471 0.415006
vt 0.202680 0.365759
vt 0.205833 0.353354
vt 0.208670 0.341510
vt 0.336151 0.376901
vt 0.365720 0.384431
vt 0.397057 0.393559
vt 0.391321 0.412863
vt 0.388986 0.424306
vt 0.171905 0.344931
vt 0.211762 0.330472
vt 0.400581 0.379197
vt 0.175715 0.332335
vt 0.179341 0.319441
vt 0.214531 0.320796
vt 0.182926 0.306794
vt 0.186481 0.294071
vt 0.190406 0.281085
vt 0.193993 0.268149
vt 0.062308 0.701233
vt 0.099602 0.699127
vt 0.066477 0.684015
vt 0.022955 0.666070
vt 0.071291 0.668691
vt 0.015003 0.681888
vt 0.046677 0.615215
vt 0.075712 0.653737
vt 0.010261 0.691753
vt 0.079364 0.639735
vt 0.083175 0.626054
vt 0.087692 0.613309
vt 0.102316 0.671943
vt 0.091274 0.601187
vt 0.106494 0.657182
vt 0.098917 0.684669
vt 0.054119 0.602723
vt 0.000000 0.562886
vt 0.078572 0.550647
vt 0.066484 0.588271
vt 0.018149 0.553460
vt 0.050815 0.625976
vt 0.973261 0.623005
vt 0.962651 0.649174
vt 0.913005 0.648857
vt 0.957367 0.662564
vt 0.979910 0.611699
vt 0.076146 0.561741
vt 0.048532 0.509505
vt 0.052324 0.495433
vt 0.126263 0.386647
vt 0.113803 0.416537
vt 0.117921 0.406930
vt 0.106072 0.360097
vt 0.110449 0.348639
vt 0.102035 0.371017
vt 0.131752 0.375775
vt 0.081578 0.330128
vt 0.061997 0.371662
vt 0.137951 0.366519
vt 0.087317 0.318511
vt 0.075951 0.341103
vt 0.023681 0.332646
vt 0.115634 0.336856
vt 0.092582 0.306163
vt 0.058802 0.288317
vt 0.052353 0.298764
vt 0.036666 0.318659
vt 0.054768 0.382818
vt 0.145215 0.355251
vt 0.121113 0.324578
vt 0.064844 0.276317
vt 0.071255 0.350981
vt 0.046901 0.396064
vt 0.154757 0.328193
vt 0.125605 0.311573
vt 0.097689 0.292909
vt 0.070764 0.263005
vt 0.045362 0.308104
vt 0.038724 0.409156
vt 0.150581 0.342618
vt 0.158738 0.315784
vt 0.102455 0.279734
vt 0.076393 0.249208
vt 0.029798 0.229161
vt 0.067535 0.361361
vt 0.029891 0.330128
vt 0.103933 0.379994
vt 0.130016 0.298374
vt 0.107222 0.266856
vt 0.043143 0.215459
vt 0.049639 0.201414
vt 0.163409 0.303910
vt 0.134353 0.286155
vt 0.081528 0.235570
vt 0.086440 0.222061
vt 0.121982 0.397387
vt 0.168163 0.292034
vt 0.139379 0.274183
vt 0.112343 0.254513
vt 0.117120 0.242370
vt 0.056050 0.188443
vt 0.097663 0.401384
vt 0.144619 0.262170
vt 0.149615 0.250399
vt 0.154496 0.238451
vt 0.091129 0.209223
vt 0.061293 0.176428
vt 0.093774 0.413613
vt 0.102884 0.390094
vt 0.174877 0.278397
vt 0.179437 0.265966
vt 0.184878 0.254488
vt 0.121522 0.230124
vt 0.125921 0.217956
vt 0.095700 0.197011
vt 0.091630 0.428037
vt 0.159871 0.226394
vt 0.130153 0.205497
vt 0.099862 0.184949
vt 0.066899 0.164426
vt 0.191412 0.241903
vt 0.165355 0.213775
vt 0.134629 0.192537
vt 0.071987 0.152330
vt 0.195970 0.230905
vt 0.139294 0.179239
vt 0.103936 0.172666
vt 0.107929 0.159839
vt 0.170951 0.200113
vt 0.143650 0.165600
vt 0.112051 0.146456
vt 0.076802 0.139837
vt 0.201347 0.218862
vt 0.176764 0.185561
vt 0.116613 0.132705
vt 0.081645 0.126564
vt 0.031086 0.101212
vt 0.208989 0.203802
vt 0.148536 0.151552
vt 0.122582 0.117203
vt 0.086502 0.111618
vt 0.043945 0.082249
vt 0.183019 0.168595
vt 0.154982 0.135866
vt 0.129785 0.097773
vt 0.089413 0.094006
vt 0.049047 0.059435
vt 0.217356 0.189834
vt 0.187711 0.153094
vt 0.158813 0.122161
vt 0.091443 0.070468
vt 0.094581 0.043996
vt 0.227264 0.178761
vt 0.192302 0.140194
vt 0.162251 0.108421
vt 0.132140 0.077573
vt 0.136059 0.057018
vt 0.237592 0.165321
vt 0.196575 0.128074
vt 0.165239 0.091639
vt 0.168462 0.072459
vt 0.246368 0.152155
vt 0.201210 0.116496
vt 0.207216 0.104209
vt 0.211747 0.089210
vt 0.173857 0.047540
vt 0.216141 0.068803
vt 0.212674 0.000697
vt 0.087024 0.455412
vt 0.089756 0.441352
vt 0.041094 0.420910
vt 0.445523 0.238901
vt 0.451322 0.224642
vt 0.475268 0.265424
vt 0.441002 0.257792
vt 0.455358 0.214353
vt 0.414110 0.206865
vt 0.457656 0.202849
vt 0.428361 0.167932
vt 0.419112 0.196085
vt 0.431820 0.154646
vt 0.421529 0.181922
vt 0.459278 0.189902
vt 0.461561 0.176854
vt 0.436002 0.139374
vt 0.464875 0.164678
vt 0.439896 0.125053
vt 0.443519 0.110774
vt 0.468835 0.152731
vt 0.447147 0.095528
vt 0.477726 0.112857
vt 0.450956 0.078591
vt 0.472590 0.139951
vt 0.454776 0.060864
vt 0.476605 0.126391
vt 0.319688 0.213914
vt 0.312414 0.239112
vt 0.320295 0.226180
vt 0.689562 0.045760
vt 0.688252 0.073782
vt 0.711654 0.108828
vt 0.684717 0.089013
vt 0.660352 0.063226
vt 0.680788 0.102530
vt 0.656291 0.080965
vt 0.617839 0.058702
vt 0.651956 0.094101
vt 0.646843 0.106465
vt 0.362836 0.100450
vt 0.372590 0.077161
vt 0.409190 0.109684
vt 0.419990 0.074637
vt 0.419486 0.033919
vt 0.378568 0.052227
vn -0.1062 0.6667 0.7377
vn -0.1050 0.6553 0.7480
vn 0.1790 0.6962 0.6951
vn -0.0981 0.6596 0.7451
vn 0.1636 0.6512 0.7411
vn -0.1655 0.7211 0.6727
vn 0.3550 0.7185 0.5981
vn -0.1090 0.6975 0.7082
vn -0.0015 0.6623 0.7493
vn 0.1549 0.8050 0.5726
vn 0.1998 0.6057 0.7702
vn 0.2355 0.5152 0.8240
vn -0.1136 0.7302 0.6736
vn 0.2442 0.6741 0.6970
vn 0.3137 0.6643 0.6785
vn 0.2555 0.6727 0.6944
vn 0.1498 0.5798 0.8009
vn -0.0249 0.7044 0.7093
vn 0.1093 0.6059 0.7879
vn 0.4035 0.6116 0.6805
vn 0.3778 0.6712 0.6378
vn 0.3692 0.6983 0.6132
vn 0.1979 0.5787 0.7911
vn 0.2300 0.5575 0.7976
vn 0.0168 0.7239 0.6896
vn -0.1276 0.8021 0.5833
vn 0.3520 0.6464 0.6770
vn 0.3294 0.6478 0.6869
vn 0.3337 0.6627 0.6704
vn 0.3434 0.6795 0.6483
vn 0.3709 0.6948 0.6161
vn 0.2410 0.6485 0.7220
vn 0.1660 0.5798 0.7976
vn 0.1922 0.5483 0.8139
vn -0.1307 0.8564 0.4994
vn 0.3839 0.6584 0.6474
vn 0.2606 0.6079 0.7500
vn 0.2858 0.5817 0.7615
vn 0.2994 0.6237 0.7220
vn 0.3620 0.6668 0.6513
vn 0.3842 0.6587 0.6468
vn 0.3757 0.6793 0.6303
vn 0.2321 0.6018 0.7642
vn 0.1642 0.5427 0.8237
vn 0.1852 0.5080 0.8412
vn 0.3503 0.5957 0.7228
vn 0.3713 0.6024 0.7065
vn 0.3956 0.6594 0.6392
vn 0.3727 0.6618 0.6505
vn 0.2251 0.5605 0.7970
vn 0.2201 0.5270 0.8209
vn 0.3812 0.6180 0.6876
vn 0.4164 0.6322 0.6533
vn 0.3722 0.6287 0.6828
vn 0.3779 0.5802 0.7215
vn 0.1469 0.4634 0.8739
vn 0.4153 0.5770 0.7032
vn 0.4376 0.5946 0.6745
vn 0.3803 0.5575 0.7379
vn 0.2065 0.5175 0.8303
vn 0.1286 0.4700 0.8732
vn 0.4323 0.5604 0.7064
vn 0.4506 0.5666 0.6898
vn 0.2012 0.5083 0.8373
vn 0.1256 0.4557 0.8812
vn 0.4317 0.5654 0.7028
vn 0.3812 0.5405 0.7500
vn 0.2078 0.4725 0.8564
vn 0.1364 0.4250 0.8949
vn 0.4588 0.5420 0.7040
vn 0.3853 0.5061 0.7716
vn 0.2183 0.4338 0.8741
vn 0.1426 0.4209 0.8958
vn 0.4163 0.5806 0.6996
vn 0.4564 0.5269 0.7170
vn 0.2296 0.4082 0.8835
vn 0.1665 0.3869 0.9069
vn 0.4035 0.5744 0.7121
vn 0.3918 0.4608 0.7963
vn 0.2532 0.3510 0.9015
vn 0.2070 0.3041 0.9299
vn 0.4527 0.5000 0.7383
vn 0.4031 0.4046 0.8208
vn 0.2786 0.2734 0.9207
vn 0.2364 0.2471 0.9397
vn 0.4158 0.4933 0.7640
vn 0.4585 0.4481 0.7674
vn 0.4108 0.3295 0.8501
vn 0.3036 0.2015 0.9312
vn 0.4674 0.3770 0.7996
vn 0.4320 0.2289 0.8723
vn 0.3282 0.1572 0.9314
vn 0.2622 0.2235 0.9387
vn 0.4606 0.3302 0.8239
vn 0.4501 0.1535 0.8796
vn 0.3504 0.1311 0.9274
vn 0.2933 0.2005 0.9348
vn 0.4349 0.3284 0.8384
vn 0.4458 0.1187 0.8872
vn 0.3794 0.0801 0.9218
vn 0.3315 0.1442 0.9323
vn 0.3496 0.4319 0.8314
vn 0.3910 0.1472 0.9085
vn 0.3948 0.0341 0.9181
vn 0.3637 0.0909 0.9270
vn 0.2446 0.4678 0.8493
vn 0.3287 0.1505 0.9323
vn 0.3716 0.0309 0.9279
vn 0.3862 0.0772 0.9192
vn 0.2715 0.2400 0.9320
vn 0.2161 0.2100 0.9535
vn 0.3961 0.0007 0.9182
vn 0.1580 0.3972 0.9040
vn 0.1632 0.2395 0.9571
vn 0.3310 0.0452 0.9425
vn 0.2928 0.0999 0.9509
vn 0.1066 0.2877 0.9518
vn 0.3608 -0.1178 0.9252
vn 0.0558 0.2897 0.9555
vn 0.2260 0.1245 0.9661
vn 0.2902 -0.1036 0.9513
vn 0.1556 0.1539 0.9757
vn 0.2161 -0.0049 0.9763
vn 0.1036 0.1875 0.9767
vn 0.1522 0.0944 0.9838
vn 0.0268 0.3074 0.9512
vn 0.0729 0.1893 0.9792
vn -0.0043 0.3339 0.9426
vn 0.0141 0.3099 0.9507
vn 0.0045 0.3475 0.9377
vn 0.0105 0.4113 0.9114
vn 0.2891 0.0971 0.9523
vn 0.7732 0.1089 0.6248
vn 0.3682 0.4419 0.8180
vn -0.1334 0.5087 0.8505
vn -0.2019 0.4219 0.8838
vn -0.0055 0.1006 0.9949
vn 0.5077 -0.0105 0.8614
vn 0.0315 0.0375 0.9988
vn 0.7344 0.0528 0.6766
vn 0.1042 -0.0407 0.9937
vn 0.1437 -0.0926 0.9853
vn 0.0595 0.0397 0.9974
vn 0.2316 0.1248 0.9648
vn -0.6899 0.3931 0.6078
vn 0.3695 0.6176 0.6943
vn 0.0428 0.3678 0.9289
vn 0.6152 0.0973 0.7823
vn -0.2061 0.8231 0.5291
vn -0.2322 0.8285 0.5096
vn -0.0756 0.2615 0.9622
vn -0.1700 0.6414 0.7481
vn -0.1801 0.5007 0.8466
vn -0.6617 0.7235 0.1966
vn -0.7817 0.6227 -0.0345
vn 0.1020 -0.1111 0.9886
vn -0.5122 -0.0968 0.8534
vn -0.7494 0.6344 0.1892
vn 0.7274 0.3947 0.5613
vn -0.8448 0.4463 0.2952
vn 0.2669 -0.6623 0.7001
vn -0.3704 -0.7714 0.5173
vn -0.3502 0.8025 0.4831
vn -0.4315 0.7762 0.4596
vn 0.2248 -0.6071 0.7621
vn -0.3879 -0.7308 0.5616
vn -0.4209 -0.6985 0.5787
vn -0.0888 0.6503 0.7544
vn -0.2656 0.7562 -0.5979
vn -0.2286 0.2116 0.9502
vn 0.1743 -0.5593 0.8104
vn 0.2716 -0.4691 0.8403
vn 0.2521 -0.5210 0.8155
vn 0.3952 0.9095 0.1286
vn -0.0304 0.7322 0.6804
vn 0.1676 0.4537 -0.8752
vn 0.3565 0.8835 -0.3038
vn -0.4950 0.7155 0.4930
vn 0.2932 -0.3597 0.8858
vn -0.0168 0.8404 0.5418
vn 0.2340 0.3011 -0.9244
vn 0.5207 0.3567 -0.7756
vn -0.1077 0.2652 0.9582
vn 0.1672 0.1191 0.9787
vn 0.3956 -0.4077 0.8229
vn 0.0928 0.6399 0.7628
vn 0.4212 0.3009 -0.8556
vn 0.3273 0.6876 -0.6481
vn 0.0287 0.5665 -0.8235
vn 0.0418 0.7262 -0.6862
vn 0.1947 0.2405 0.9509
vn -0.0103 0.8494 0.5275
vn 0.2395 -0.3497 0.9057
vn 0.4872 -0.4155 0.7681
vn 0.0839 0.6092 -0.7885
vn -0.1829 0.7994 -0.5723
vn -0.2060 0.4609 -0.8632
vn 0.2665 0.5775 -0.7717
vn 0.1961 -0.3075 0.9311
vn 0.4792 0.3016 0.8242
vn 0.5328 0.7128 0.4560
vn -0.4654 0.7205 0.5140
vn 0.3628 -0.4246 0.8295
vn 0.4727 -0.4157 0.7770
vn 0.5308 -0.4546 0.7152
vn 0.6686 0.3397 -0.6615
vn -0.3342 0.6802 -0.6523
vn -0.1097 0.4971 -0.8607
vn 0.7683 0.2322 0.5965
vn 0.7771 0.1646 0.6074
vn 0.0231 0.7772 0.6288
vn -0.5910 0.5628 0.5779
vn 0.1763 -0.3500 0.9200
vn 0.4675 -0.4222 0.7767
vn 0.5174 -0.5320 0.6702
vn 0.5439 -0.4724 0.6935
vn 0.0413 0.7209 -0.6918
vn -0.1978 0.6938 -0.6924
vn -0.2717 0.5208 -0.8093
vn 0.8719 -0.0134 0.4894
vn 0.6858 0.5074 0.5217
vn -0.5702 0.3606 0.7381
vn -0.8847 0.3107 0.3475
vn 0.3020 -0.4154 0.8580
vn 0.4130 -0.4026 0.8169
vn 0.4866 -0.5111 0.7085
vn -0.2493 0.4814 -0.8403
vn 0.6240 -0.3217 0.7121
vn 0.7858 0.2469 0.5671
vn 0.0520 0.5285 0.8473
vn -0.5099 0.1924 0.8384
vn -0.8680 0.2606 0.4227
vn 0.1173 -0.2352 0.9648
vn 0.2317 -0.4142 0.8802
vn 0.3763 -0.3533 0.8564
vn 0.6091 -0.2842 0.7403
vn -0.1925 0.5466 -0.8150
vn 0.2580 0.3647 -0.8946
vn 0.8613 0.1255 0.4924
vn 0.2132 0.1286 0.9685
vn 0.1242 0.2990 0.9461
vn -0.4582 0.0851 0.8847
vn -0.8047 0.1352 0.5781
vn 0.0600 -0.2597 0.9638
vn -0.0200 -0.3678 0.9297
vn 0.3779 -0.3458 0.8588
vn 0.3438 -0.3451 0.8733
vn 0.5839 -0.1887 0.7896
vn -0.0803 0.4104 -0.9084
vn 0.8141 -0.0927 0.5733
vn 0.4551 -0.1609 0.8757
vn 0.2948 0.0064 0.9555
vn -0.3925 0.0081 0.9197
vn -0.7178 0.0259 0.6958
vn 0.2001 -0.4177 0.8863
vn 0.6508 -0.0851 0.7544
vn 0.3404 -0.2053 0.9176
vn 0.3271 -0.3369 0.8829
vn 0.6042 -0.5248 0.5995
vn 0.8696 0.3972 -0.2931
vn -0.2671 0.4230 -0.8659
vn -0.0428 0.3825 -0.9229
vn 0.5314 -0.2131 0.8198
vn -0.0585 -0.3135 0.9478
vn 0.3769 -0.0943 0.9214
vn -0.2167 -0.1690 0.9615
vn -0.3056 -0.0828 0.9485
vn -0.6411 -0.0604 0.7650
vn 0.1731 -0.3865 0.9059
vn 0.5376 -0.1029 0.8368
vn 0.4431 -0.1944 0.8751
vn -0.2693 0.5092 -0.8174
vn -0.0926 0.4311 -0.8975
vn 0.5845 -0.2483 0.7725
vn 0.0229 -0.3912 0.9200
vn -0.1363 -0.2449 0.9599
vn -0.5018 -0.3157 0.8053
vn -0.5529 -0.1871 0.8119
vn -0.0897 -0.3219 0.9425
vn 0.1180 -0.2481 0.9615
vn 0.4079 -0.1191 0.9052
vn 0.8591 -0.1991 0.4714
vn -0.2234 0.5001 -0.8366
vn -0.1880 0.5154 -0.8360
vn -0.0103 0.3706 -0.9287
vn 0.6373 -0.3178 0.7020
vn 0.1139 -0.4983 0.8595
vn -0.5016 -0.3629 0.7853
vn 0.0661 -0.0565 0.9962
vn 0.4151 -0.2134 0.8844
vn -0.0380 0.3931 -0.9187
vn -0.0087 0.3902 -0.9207
vn 0.7883 -0.2062 0.5798
vn 0.2412 -0.5514 0.7986
vn -0.2644 -0.4059 0.8748
vn -0.5037 0.5307 0.6816
vn 0.3094 -0.1084 0.9447
vn -0.0292 0.3981 -0.9168
vn -0.0191 0.4150 -0.9096
vn 0.6810 -0.4290 0.5934
vn 0.5991 -0.5233 0.6059
vn -0.1484 -0.4667 0.8719
vn 0.1123 0.4364 0.8927
vn -0.6583 0.5530 0.5108
vn 0.4195 -0.0628 0.9056
vn -0.4484 -0.2398 0.8610
vn 0.0378 0.4652 -0.8844
vn -0.0338 0.4035 -0.9144
vn 0.8098 -0.2647 0.5235
vn 0.7054 -0.5414 0.4574
vn -0.0892 0.1110 0.9898
vn 0.0793 -0.3901 0.9173
vn -0.0782 0.5671 0.8199
vn -0.1183 0.7567 0.6430
vn 0.3098 -0.0898 0.9465
vn -0.2615 -0.1661 0.9508
vn -0.3464 -0.6212 0.7029
vn -0.8805 0.4178 0.2239
vn 0.2095 0.3918 -0.8959
vn -0.0379 0.3603 -0.9320
vn 0.7120 -0.5783 0.3982
vn 0.7363 -0.5004 0.4554
vn 0.3595 0.2214 0.9065
vn 0.2366 0.3534 0.9050
vn 0.5153 -0.3713 0.7723
vn -0.0468 0.3430 0.9381
vn -0.4819 0.3061 0.8210
vn -0.5011 0.6593 0.5605
vn -0.6419 0.7095 0.2908
vn 0.3013 -0.0880 0.9494
vn -0.4279 -0.4310 0.7944
vn -0.3244 -0.0933 0.9413
vn -0.4144 0.6073 -0.6778
vn 0.1990 0.4632 -0.8636
vn 0.0315 0.2918 -0.9560
vn -0.0094 0.3921 -0.9198
vn 0.7479 -0.4924 0.4452
vn 0.2634 0.2114 0.9412
vn -0.0029 0.1480 0.9890
vn -0.4729 0.1015 0.8752
vn -0.6897 -0.0275 0.7236
vn -0.4922 0.5365 0.6855
vn -0.7345 0.3734 0.5666
vn 0.8639 -0.3750 -0.3361
vn 0.1799 0.0673 0.9814
vn 0.0994 -0.1607 0.9820
vn -0.4393 -0.5367 0.7204
vn 0.4104 -0.2355 0.8809
vn -0.1884 -0.1167 0.9751
vn -0.8398 -0.3216 -0.4374
vn -0.2369 0.6568 -0.7158
vn 0.2596 0.6966 -0.6688
vn 0.0060 0.3566 -0.9342
vn 0.4104 0.0782 0.9085
vn 0.2419 0.2310 0.9424
vn -0.4592 -0.0064 0.8883
vn -0.6679 -0.0936 0.7383
vn -0.7309 0.1503 0.6657
vn -0.7213 0.4405 0.5345
vn 0.1052 0.9563 -0.2727
vn 0.0151 -0.0639 0.9978
vn -0.6803 -0.0800 0.7285
vn -0.6465 -0.3195 0.6927
vn 0.4180 -0.2263 0.8798
vn -0.2201 -0.3474 0.9115
vn -0.8791 -0.4669 0.0951
vn -0.0584 0.3583 -0.9318
vn 0.6225 0.1368 -0.7705
vn 0.1979 0.0850 -0.9765
vn 0.0162 0.2264 -0.9739
vn 0.2886 0.0322 0.9569
vn 0.0465 -0.0130 0.9988
vn -0.4277 -0.0954 0.8989
vn -0.6409 -0.1425 0.7543
vn 0.6249 0.5765 0.5264
vn 0.0050 0.0460 0.9989
vn -0.1209 0.1088 0.9867
vn -0.1168 0.0974 0.9883
vn 0.7762 0.0183 0.6302
vn 0.4487 -0.4515 0.7712
vn -0.2553 0.0925 0.9624
vn -0.0190 -0.4322 -0.9015
vn 0.1277 -0.2358 -0.9634
vn 0.0978 -0.5247 -0.8456
vn 0.2543 0.3843 -0.8874
vn 0.1508 0.2418 -0.9585
vn 0.3160 -0.0572 0.9470
vn -0.3908 -0.1614 0.9062
vn -0.6041 -0.2016 0.7710
vn 0.5334 0.3146 -0.7852
vn 0.3678 0.4755 0.7991
vn -0.0062 -0.0468 0.9989
vn -0.6362 -0.4825 0.6020
vn 0.2073 0.1073 0.9724
vn 0.5649 0.0124 0.8250
vn 0.7635 -0.0877 0.6399
vn 0.3244 -0.5257 0.7864
vn 0.5097 -0.4282 0.7462
vn -0.1668 -0.1327 0.9770
vn -0.9743 -0.2182 -0.0561
vn -0.0504 -0.3838 -0.9220
vn 0.0765 -0.5048 -0.8598
vn 0.0755 -0.3902 -0.9176
vn 0.3144 0.0978 -0.9442
vn 0.3606 -0.0911 0.9283
vn 0.0902 -0.1172 0.9890
vn -0.3522 -0.2025 0.9137
vn -0.5757 -0.2532 0.7774
vn 0.5804 0.2296 -0.7812
vn 0.9120 -0.0361 -0.4085
vn -0.0621 -0.0168 0.9979
vn -0.1235 0.4179 0.9001
vn 0.0366 -0.5371 0.8427
vn -0.8934 0.0349 0.4479
vn 0.0694 -0.0179 0.9974
vn 0.3669 0.0960 0.9253
vn 0.6494 -0.3641 0.6676
vn 0.2992 -0.5451 0.7831
vn 0.8072 0.2807 0.5193
vn 0.3827 -0.6455 0.6609
vn 0.3847 -0.6528 0.6525
vn -0.9427 0.2961 -0.1539
vn -0.1894 -0.0505 -0.9806
vn 0.6400 -0.5553 -0.5311
vn 0.3677 -0.1681 -0.9146
vn 0.6302 0.5010 -0.5931
vn 0.3357 -0.1271 0.9333
vn 0.1285 -0.1749 0.9761
vn -0.3139 -0.2380 0.9191
vn -0.5509 -0.2967 0.7800
vn 0.7760 0.0276 -0.6301
vn 0.2126 -0.1552 -0.9647
vn 0.8838 0.1357 0.4476
vn 0.6926 0.4456 0.5672
vn 0.8240 0.5604 0.0832
vn 0.7994 -0.3141 -0.5121
vn 0.1362 -0.1523 0.9789
vn -0.7708 -0.4100 0.4876
vn -0.6485 0.0096 0.7611
vn 0.5404 0.1258 0.8319
vn 0.2188 -0.3438 0.9132
vn -0.2873 -0.9432 0.1664
vn 0.7728 0.3294 0.5424
vn 0.3674 -0.6206 0.6927
vn 0.0551 -0.6158 0.7859
vn -0.0016 0.6149 0.7886
vn -0.2071 0.4310 -0.8783
vn -0.1614 0.4686 -0.8685
vn 0.5617 -0.3460 -0.7515
vn 0.5037 -0.2515 -0.8264
vn 0.6730 0.3255 -0.6641
vn 0.3507 -0.1436 0.9254
vn 0.1539 -0.1768 0.9721
vn -0.3009 -0.2447 0.9217
vn -0.5411 -0.3066 0.7830
vn -0.1799 0.2432 -0.9531
vn -0.3164 0.6078 0.7283
vn 0.3366 -0.6102 0.7172
vn 0.0525 -0.9827 0.1774
vn -0.1665 -0.0705 0.9835
vn 0.3635 -0.6052 0.7082
vn -0.8441 -0.1155 0.5236
vn 0.5278 0.1287 0.8396
vn 0.6141 -0.0132 0.7891
vn 0.1597 -0.5819 0.7974
vn 0.1965 -0.6493 0.7346
vn -0.7011 0.1248 0.7021
vn 0.0065 -0.5945 0.8040
vn 0.1109 0.5783 0.8082
vn -0.8056 0.4681 -0.3632
vn 0.3201 0.6681 -0.6717
vn 0.7207 -0.3301 -0.6096
vn -0.1014 0.6040 0.7905
vn -0.3947 0.2957 -0.8699
vn 0.4117 -0.1944 0.8903
vn 0.1856 -0.1709 0.9676
vn -0.2834 -0.2356 0.9296
vn -0.5572 -0.2680 0.7859
vn -0.3251 0.0492 -0.9444
vn -0.0628 0.3555 -0.9325
vn -0.5994 0.6523 0.4639
vn -0.2415 -0.4114 0.8789
vn -0.3316 -0.0159 0.9433
vn -0.6500 0.7220 -0.2369
vn 0.3216 -0.5009 0.8035
vn -0.2958 -0.5428 0.7860
vn 0.8493 -0.4510 -0.2742
vn -0.6356 0.2054 0.7442
vn -0.5632 -0.7947 0.2261
vn 0.1337 0.7656 -0.6292
vn 0.8761 0.0316 -0.4810
vn 0.3733 -0.1488 0.9157
vn 0.2182 -0.1794 0.9593
vn -0.2351 -0.2540 0.9382
vn -0.5502 -0.2570 0.7945
vn -0.0741 0.2317 -0.9699
vn -0.1385 -0.3970 0.9073
vn 0.9390 0.3395 -0.0544
vn -0.7228 0.3450 -0.5987
vn -0.6268 0.6629 0.4095
vn 0.6450 -0.7320 0.2194
vn -0.2422 0.4908 -0.8369
vn 0.6806 -0.6814 0.2692
vn -0.7704 -0.5849 0.2535
vn 0.3944 0.2126 0.8940
vn -0.0648 0.6827 -0.7278
vn -0.0236 0.0179 -0.9995
vn 0.4908 -0.2305 0.8402
vn 0.2597 -0.2238 0.9394
vn -0.1711 -0.3140 0.9339
vn -0.4833 -0.3127 0.8177
vn 0.1064 0.4751 -0.8734
vn 0.0789 0.3294 -0.9409
vn 0.9090 0.2587 -0.3266
vn -0.5972 0.7807 0.1839
vn 0.3392 -0.1262 0.9322
vn -0.0710 0.2603 -0.9629
vn 0.7070 0.3712 -0.6020
vn 0.0501 -0.9513 0.3042
vn 0.3420 0.3337 0.8784
vn 0.0113 0.6859 -0.7276
vn 0.3786 -0.1425 0.9145
vn 0.2994 -0.3080 0.9030
vn -0.1054 -0.3824 0.9179
vn -0.4068 -0.3698 0.8353
vn -0.1728 0.9631 -0.2063
vn -0.6920 0.4695 0.5483
vn 0.4427 0.1836 0.8776
vn -0.8142 0.0594 -0.5775
vn 0.3521 -0.1442 -0.9248
vn 0.7532 0.4529 -0.4769
vn 0.9383 -0.3281 0.1091
vn 0.6120 0.6512 0.4487
vn 0.5529 0.5815 -0.5967
vn 0.3997 -0.1502 0.9042
vn 0.4316 -0.1909 0.8816
vn -0.0225 -0.4558 0.8898
vn -0.3184 -0.4647 0.8262
vn 0.1344 0.7971 -0.5887
vn -0.4895 0.5202 0.6998
vn 0.3482 -0.0469 0.9362
vn 0.6171 -0.1380 0.7747
vn -0.4859 -0.0688 -0.8712
vn 0.7972 -0.3908 -0.4601
vn 0.7886 0.6142 0.0295
vn 0.9174 0.3854 0.0987
vn -0.2254 0.7695 0.5975
vn -0.0171 0.6095 -0.7926
vn 0.8864 0.4288 -0.1740
vn 0.5783 -0.2394 0.7799
vn 0.6509 -0.2345 0.7220
vn 0.3283 -0.4224 0.8448
vn 0.0648 -0.5323 0.8441
vn 0.1353 0.9289 -0.3448
vn -0.1625 0.8702 -0.4651
vn -0.7396 0.2642 0.6189
vn 0.8654 0.0205 0.5007
vn 0.7609 0.4803 0.4361
vn 0.6440 -0.1065 0.7575
vn 0.7602 0.3950 0.5157
vn -0.0703 0.8802 0.4693
vn -0.8882 -0.2548 -0.3822
vn -0.3033 0.4216 -0.8545
vn 0.5731 0.5621 -0.5963
vn 0.9326 0.3294 -0.1472
vn 0.4429 -0.2646 0.8566
vn 0.3428 -0.5146 0.7859
vn 0.2310 -0.5744 0.7852
vn -0.1119 -0.0610 -0.9918
vn -0.0517 0.9871 -0.1516
vn -0.3839 0.3954 0.8344
vn 0.7910 0.0213 0.6114
vn 0.6143 0.2925 0.7328
vn 0.3215 0.8955 -0.3076
vn 0.9109 0.4101 0.0443
vn 0.1811 0.6753 0.7150
vn -0.0423 0.5696 0.8208
vn 0.0349 0.5659 -0.8237
vn 0.5677 0.5573 -0.6058
vn 0.6538 0.4871 -0.5790
vn 0.9857 0.1299 -0.1071
vn 0.4685 -0.3741 0.8003
vn 0.3113 -0.5884 0.7462
vn 0.1415 -0.6083 -0.7809
vn -0.1071 0.8004 -0.5898
vn -0.2185 0.8343 -0.5062
vn -0.1745 0.5742 0.7999
vn -0.6793 0.1826 0.7107
vn 0.7895 -0.0007 0.6138
vn 0.7310 0.1119 0.6731
vn 0.6464 0.2449 0.7226
vn 0.5672 0.4873 0.6640
vn 0.9631 0.2673 0.0312
vn 0.8162 0.4800 0.3214
vn -0.2132 0.1340 0.9677
vn 0.0594 0.5382 -0.8407
vn 0.0750 0.5067 -0.8589
vn 0.9683 -0.0979 -0.2299
vn 0.9765 0.2154 0.0093
vn -0.7421 -0.5926 0.3132
vn 0.7853 -0.0102 0.6190
vn 0.1874 -0.1155 0.9755
vn 0.9033 0.1286 0.4093
vn -0.1209 0.1453 -0.9820
vn -0.1583 0.7778 -0.6082
vn -0.4188 0.5708 -0.7062
vn -0.1327 0.3599 0.9235
vn -0.3291 0.2122 0.9201
vn 0.8152 -0.0728 0.5746
vn 0.6910 -0.1643 0.7038
vn 0.5411 0.0133 0.8408
vn 0.3721 0.3412 0.8632
vn 0.6337 0.3082 0.7095
vn 0.5742 0.4134 0.7066
vn 0.2978 0.8818 0.3657
vn 0.4647 0.4328 -0.7724
vn 0.9332 0.3574 -0.0365
vn 0.4904 0.6337 0.5983
vn 0.0362 0.5127 0.8578
vn -0.3525 -0.2072 0.9126
vn -0.2058 0.3374 -0.9186
vn 0.7448 0.4740 -0.4696
vn 0.7965 0.3689 -0.4790
vn 0.6668 0.3893 0.6354
vn -0.0011 -0.7715 -0.6362
vn 0.5419 -0.3791 -0.7501
vn 0.4089 -0.1383 -0.9020
vn -0.1481 0.6705 0.7270
vn -0.0623 0.5499 0.8329
vn -0.1928 0.3573 0.9138
vn -0.5651 0.1188 0.8164
vn 0.8581 -0.1534 0.4900
vn 0.7287 -0.2203 0.6485
vn 0.5798 -0.2158 0.7856
vn 0.4532 -0.1266 0.8824
vn 0.4395 0.1679 0.8824
vn 0.3760 0.1541 0.9137
vn 0.3211 0.6348 0.7027
vn 0.6579 0.5903 0.4676
vn 0.5296 0.5560 0.6405
vn -0.1375 0.8677 -0.4776
vn 0.6615 0.6365 0.3966
vn 0.8866 0.0701 -0.4572
vn 0.9476 0.3174 -0.0352
vn 0.2449 0.7768 0.5802
vn -0.3041 -0.2329 0.9237
vn -0.4545 -0.1525 0.8776
vn -0.5626 -0.4553 -0.6900
vn 0.2447 0.2557 -0.9352
vn 0.8147 0.3776 -0.4401
vn 0.8428 -0.1741 -0.5093
vn 0.9659 0.2484 0.0730
vn -0.4962 0.5993 0.6282
vn -0.2701 -0.8182 -0.5075
vn 0.4546 0.1101 -0.8838
vn 0.7775 -0.3694 -0.5090
vn 0.1948 -0.7868 -0.5856
vn -0.3290 0.0073 0.9443
vn -0.3512 -0.0450 0.9352
vn 0.9182 -0.1753 0.3551
vn 0.7369 -0.2321 0.6349
vn 0.6421 -0.2489 0.7251
vn 0.2766 0.0433 0.9600
vn 0.2141 0.1184 0.9696
vn -0.2718 0.3823 0.8831
vn -0.4277 0.4773 0.7676
vn 0.4496 0.4772 0.7550
vn 0.4879 0.3532 0.7982
vn 0.4809 0.3979 0.7813
vn 0.2912 0.5553 0.7790
vn 0.6864 0.3434 -0.6410
vn 0.5920 0.3044 -0.7462
vn -0.0460 0.3146 -0.9481
vn 0.5169 0.8214 0.2408
vn -0.2267 0.2199 0.9488
vn -0.2655 0.2951 0.9178
vn -0.9826 0.0423 -0.1806
vn -0.2026 0.3250 -0.9237
vn -0.3178 0.4426 -0.8385
vn 0.5041 -0.3974 -0.7667
vn 0.0512 -0.2175 0.9747
vn 0.9738 -0.0098 0.2269
vn -0.3140 0.8298 0.4612
vn -0.0747 -0.8531 -0.5164
vn -0.3488 -0.1452 -0.9259
vn 0.1502 0.6008 0.7851
vn -0.2810 0.2907 0.9146
vn -0.4441 0.0651 0.8936
vn 0.9433 -0.1429 0.2997
vn 0.7592 -0.2203 0.6124
vn 0.7460 -0.2333 0.6237
vn 0.6699 -0.2593 0.6957
vn -0.9994 -0.0163 0.0307
vn 0.3266 0.5539 0.7658
vn 0.3635 0.4683 0.8053
vn 0.3623 0.4132 0.8354
vn 0.3330 0.4355 0.8363
vn -0.3600 0.3468 -0.8661
vn -0.4967 0.3718 -0.7842
vn 0.1393 0.3255 -0.9352
vn 0.8508 -0.3060 -0.4272
vn 0.2577 0.6924 0.6739
vn -0.1389 -0.7454 0.6520
vn -0.6152 -0.7575 -0.2183
vn -0.1398 0.2833 -0.9488
vn -0.3211 0.6021 0.7309
vn -0.3403 -0.2957 -0.8926
vn -0.1146 0.0002 -0.9934
vn -0.4571 0.0100 -0.8893
vn 0.9570 0.2862 -0.0475
vn -0.0093 0.2930 0.9561
vn -0.2852 -0.1026 0.9529
vn 0.7344 -0.1632 0.6587
vn 0.6858 -0.2492 0.6838
vn -0.7422 -0.2293 -0.6296
vn 0.2699 0.6386 0.7206
vn 0.2794 0.5544 0.7840
vn 0.2921 0.5016 0.8143
vn 0.3454 0.4059 0.8461
vn 0.2869 0.4346 0.8537
vn 0.2994 0.6019 0.7402
vn -0.4620 0.3711 -0.8055
vn -0.3697 0.3522 -0.8598
vn 0.0460 0.2401 -0.9696
vn 0.5081 0.7412 0.4387
vn -0.7926 0.2316 0.5640
vn -0.0299 0.6976 0.7158
vn -0.7029 0.2693 0.6583
vn -0.2753 -0.0541 -0.9598
vn -0.1907 0.0209 -0.9814
vn -0.3287 0.2071 -0.9214
vn -0.1478 0.3086 0.9396
vn -0.0208 0.1561 0.9875
vn -0.3311 0.2116 0.9195
vn -0.3426 -0.0011 0.9395
vn 0.7564 -0.1057 0.6455
vn 0.6813 -0.2318 0.6943
vn 0.2128 0.7431 0.6344
vn 0.2492 0.6168 0.7466
vn 0.1782 0.5465 0.8183
vn 0.1797 0.5314 0.8278
vn 0.2890 0.4647 0.8369
vn 0.1010 0.4679 0.8780
vn 0.2798 0.4203 0.8631
vn 0.2216 0.5171 0.8267
vn 0.2080 0.7897 0.5771
vn -0.4645 0.3349 -0.8198
vn -0.2486 0.2557 -0.9342
vn 0.6777 0.3463 0.6487
vn -0.3971 0.7188 0.5706
vn -0.0433 0.4727 0.8802
vn -0.4286 0.7642 0.4818
vn 0.0796 0.6281 0.7740
vn -0.3124 0.3769 0.8719
vn 0.2050 -0.1083 -0.9727
vn -0.2671 0.0326 -0.9631
vn -0.2529 -0.1393 0.9574
vn 0.7550 -0.0797 0.6508
vn 0.6561 -0.2245 0.7205
vn 0.2107 0.7180 0.6633
vn 0.2003 0.6883 0.6972
vn 0.1353 0.5932 0.7936
vn -0.2088 0.5026 0.8389
vn 0.1816 0.5069 0.8426
vn -0.4303 0.5086 0.7458
vn 0.0580 0.4419 0.8952
vn 0.0328 0.5681 0.8223
vn -0.0216 0.7992 0.6006
vn -0.1164 0.9101 0.3976
vn -0.5343 0.2813 -0.7971
vn -0.0881 0.1630 -0.9827
vn -0.3392 0.3370 0.8782
vn -0.5565 0.8306 -0.0214
vn -0.2507 0.4073 0.8782
vn 0.0537 0.4316 0.9004
vn -0.2905 0.2179 0.9317
vn -0.6559 0.1150 0.7460
vn 0.2653 -0.0423 -0.9632
vn 0.2403 0.0233 -0.9704
vn -0.1962 0.3366 -0.9210
vn -0.3047 -0.0523 0.9510
vn 0.7572 -0.0982 0.6457
vn 0.3394 -0.3406 0.8767
vn 0.2708 0.7041 0.6565
vn 0.1269 0.7844 0.6071
vn 0.0645 0.6660 0.7431
vn -0.0157 0.5594 0.8287
vn -0.5708 0.5293 0.6277
vn -0.2259 0.7862 0.5751
vn -0.2189 0.1757 -0.9598
vn 0.3497 -0.6659 -0.6590
vn 0.4088 0.2430 -0.8796
vn 0.4118 0.4426 0.7966
vn -0.5342 0.1890 -0.8240
vn 0.0868 -0.0915 0.9920
vn 0.0843 0.4196 0.9037
vn -0.2694 0.0972 0.9581
vn -0.6178 0.0154 0.7862
vn 0.2781 0.1553 -0.9479
vn 0.2849 0.1398 -0.9483
vn 0.1985 0.0538 -0.9786
vn -0.3364 0.0304 -0.9412
vn 0.5962 0.1372 -0.7910
vn 0.2939 0.2260 0.9287
vn 0.0299 -0.3731 0.9273
vn 0.2613 0.6318 0.7298
vn -0.0100 0.7263 0.6873
vn -0.0518 0.6265 0.7777
vn -0.6168 0.6308 0.4707
vn -0.6959 0.5166 0.4988
vn -0.6102 0.4426 0.6570
vn -0.2889 0.2276 -0.9299
vn -0.0038 0.1284 -0.9917
vn 0.8447 0.3468 0.4076
vn -0.2644 0.0419 0.9635
vn -0.5381 -0.2574 -0.8026
vn -0.5932 -0.0797 0.8010
vn 0.1413 0.2782 0.9500
vn 0.1035 0.2527 0.9620
vn -0.5760 -0.0782 0.8137
vn 0.1413 0.0815 -0.9866
vn 0.3047 0.1631 -0.9384
vn 0.1606 0.0846 -0.9834
vn -0.2352 0.4382 -0.8675
vn 0.6025 0.2066 -0.7709
vn -0.4262 -0.3608 0.8296
vn -0.6111 -0.4787 0.6303
vn 0.6069 0.1800 0.7741
vn 0.0679 0.6346 0.7698
vn -0.0202 0.6500 0.7596
vn -0.3956 0.6749 0.6229
vn -0.7259 0.5117 0.4595
vn -0.5895 0.3140 0.7442
vn -0.6214 0.6011 0.5025
vn -0.1485 0.1220 -0.9813
vn -0.0491 0.2202 -0.9742
vn 0.9883 0.1234 0.0898
vn -0.3508 0.2822 0.8929
vn -0.5074 -0.6467 -0.5694
vn 0.1429 0.1021 0.9844
vn -0.2374 -0.0186 0.9712
vn -0.4704 -0.1519 0.8693
vn 0.3523 0.2124 -0.9114
vn 0.4755 0.3328 -0.8143
vn 0.3241 0.2083 -0.9228
vn -0.4015 0.0182 -0.9156
vn -0.3446 0.5021 -0.7931
vn 0.2914 0.5844 -0.7573
vn 0.7892 0.4228 -0.4453
vn -0.6500 -0.4549 0.6086
vn 0.7862 -0.1267 0.6048
vn 0.1973 0.4808 0.8543
vn 0.0818 0.5976 0.7976
vn -0.0137 0.6318 0.7750
vn -0.1785 0.5912 0.7865
vn -0.6919 0.3577 0.6272
vn -0.6429 0.5183 0.5639
vn -0.5900 0.5470 0.5938
vn -0.5602 0.5405 0.6277
vn -0.6048 0.5940 0.5304
vn -0.1820 0.1461 -0.9724
vn -0.0592 0.2021 -0.9776
vn 0.6182 0.1785 -0.7655
vn 0.8230 0.3495 0.4477
vn 0.4476 -0.5387 -0.7137
vn 0.7769 0.5651 0.2777
vn 0.1994 -0.0701 0.9774
vn -0.1893 -0.1570 0.9692
vn -0.2993 -0.2499 0.9208
vn 0.4437 0.4145 -0.7945
vn 0.3992 0.5112 -0.7611
vn 0.1230 0.1270 -0.9842
vn -0.4425 0.0139 -0.8966
vn -0.4976 0.0542 -0.8657
vn -0.6573 0.5729 -0.4896
vn 0.7031 0.5302 -0.4737
vn 0.2340 0.2581 0.9373
vn -0.6692 -0.3556 0.6524
vn 0.6951 0.0181 0.7186
vn 0.3761 0.3495 0.8581
vn 0.1522 0.5380 0.8290
vn -0.0611 0.5171 0.8537
vn -0.5769 0.3102 0.7556
vn -0.7400 0.1833 0.6472
vn -0.7085 0.3240 0.6269
vn -0.7125 0.3179 0.6254
vn -0.7064 0.3529 0.6136
vn -0.6018 0.5473 0.5816
vn -0.7105 0.4145 0.5686
vn -0.5967 0.6422 0.4811
vn -0.2900 0.4068 -0.8662
vn -0.0533 0.2186 -0.9743
vn 0.2128 -0.0796 0.9738
vn 0.2725 -0.2561 0.9274
vn -0.1277 -0.3039 0.9441
vn 0.3377 0.2722 -0.9010
vn 0.0860 0.1784 -0.9802
vn 0.0451 0.2617 -0.9641
vn -0.5565 0.1192 -0.8222
vn 0.1400 0.8117 -0.5671
vn 0.2370 0.7219 -0.6501
vn -0.1293 0.9913 -0.0237
vn -0.6865 -0.4686 0.5560
vn 0.8498 -0.2268 0.4758
vn 0.3851 0.3590 0.8502
vn 0.2090 0.4747 0.8549
vn 0.0020 0.4966 0.8679
vn -0.5108 0.2725 0.8153
vn -0.7118 0.2203 0.6669
vn -0.7262 0.2791 0.6282
vn -0.7635 0.2062 0.6120
vn -0.7668 0.2351 0.5973
vn -0.7032 0.3766 0.6030
vn -0.7933 0.2808 0.5401
vn -0.7249 0.4636 0.5094
vn -0.5869 0.6713 0.4526
vn -0.5726 0.6992 0.4281
vn -0.4385 0.2985 -0.8477
vn -0.3935 0.5503 -0.7364
vn 0.5261 0.5209 -0.6722
vn 0.8362 0.3864 0.3891
vn 0.3402 -0.2999 0.8912
vn -0.0542 -0.4636 0.8843
vn -0.1629 -0.5367 0.8279
vn 0.4101 0.5837 -0.7008
vn 0.3492 0.3097 -0.8844
vn -0.0058 0.3519 -0.9360
vn -0.6142 0.2496 -0.7486
vn -0.6809 0.3652 -0.6348
vn -0.1634 0.8083 -0.5656
vn -0.0910 0.7087 -0.6996
vn 0.8861 -0.3245 0.3309
vn 0.6555 0.1108 0.7470
vn 0.2326 0.3113 0.9214
vn 0.0928 0.4207 0.9024
vn -0.4645 0.2452 0.8509
vn -0.6952 0.1731 0.6977
vn -0.7196 0.2227 0.6577
vn -0.7597 0.1774 0.6255
vn -0.8500 0.3172 0.4205
vn -0.7712 0.5082 0.3833
vn -0.6161 0.6964 0.3680
vn -0.5588 0.7289 0.3956
vn -0.5794 0.1699 -0.7971
vn 0.5813 0.7588 -0.2937
vn 0.8123 0.3882 0.4352
vn 0.6969 0.2715 -0.6638
vn 0.4052 -0.3718 0.8352
vn 0.3187 0.4037 -0.8576
vn -0.0635 0.4331 -0.8991
vn -0.1388 0.5453 -0.8266
vn -0.7232 0.4391 -0.5330
vn -0.8010 0.5518 -0.2318
vn -0.5710 0.7197 -0.3949
vn 0.7675 0.4432 0.4630
vn 0.9000 -0.2800 0.3341
vn 0.8567 -0.1681 0.4876
vn 0.3790 0.2084 0.9016
vn -0.3904 0.2323 0.8908
vn -0.7125 0.1527 0.6848
vn -0.8885 0.3431 0.3045
vn -0.7634 0.5486 0.3408
vn -0.5670 0.7350 0.3719
vn -0.6159 0.0193 -0.7875
vn 0.1775 0.3706 -0.9116
vn 0.3918 0.7037 -0.5927
vn 0.3186 0.5202 -0.7924
vn 0.3042 0.6379 -0.7074
vn -0.2343 0.7587 -0.6079
vn -0.7878 0.0896 -0.6094
vn -0.1670 0.6612 -0.7313
vn 0.7028 -0.3457 0.6216
vn 0.5956 -0.0340 0.8026
vn -0.0790 -0.0110 0.9968
vn -0.6882 0.1017 0.7183
vn -0.6169 0.6647 0.4214
vn -0.5564 0.7031 0.4428
vn -0.5452 0.7444 0.3855
vn -0.6030 -0.0310 -0.7971
vn 0.5338 -0.0641 -0.8432
vn 0.8297 -0.2098 -0.5173
vn 0.8057 0.4320 -0.4053
vn 0.4374 0.7286 -0.5271
vn 0.0299 0.8011 -0.5978
vn -0.1332 0.4946 -0.8588
vn 0.0514 0.2780 -0.9592
vn -0.9874 0.0886 -0.1309
vn -0.0572 0.9228 -0.3811
vn -0.2651 0.0918 -0.9598
vn 0.7793 -0.3914 0.4893
vn -0.6441 0.5207 0.5603
vn -0.5610 0.6325 0.5341
vn -0.5009 0.7521 0.4282
vn -0.5817 -0.1089 -0.8060
vn 0.5721 0.2132 -0.7920
vn 0.6602 0.0049 -0.7510
vn 0.7988 -0.2317 -0.5552
vn 0.8975 0.3728 -0.2354
vn 0.7522 0.5717 -0.3276
vn 0.2433 0.0084 -0.9699
vn -0.6850 -0.4444 -0.5773
vn -0.3305 -0.0054 -0.9438
vn 0.4368 0.8802 -0.1854
vn 0.4920 -0.1419 -0.8589
vn -0.5935 0.5450 0.5922
vn -0.5537 0.5564 0.6196
vn -0.5082 0.6749 0.5350
vn -0.4654 0.7387 0.4875
vn -0.4631 0.7376 0.4913
vn -0.5325 -0.2557 -0.8068
vn 0.6662 0.0220 -0.7454
vn 0.7322 -0.0633 -0.6782
vn 0.7648 -0.1335 -0.6303
vn 0.9205 0.3900 0.0226
vn 0.6510 0.6781 -0.3412
vn 0.4181 -0.1536 -0.8953
vn 0.6797 -0.3211 -0.6594
vn -0.6956 -0.3174 -0.6445
vn 0.5442 0.4235 -0.7242
vn -0.2131 -0.8141 -0.5402
vn 0.8211 -0.2038 -0.5331
vn -0.5066 0.5683 0.6483
vn -0.4477 0.6362 0.6283
vn -0.4978 0.7942 0.3486
vn -0.3915 0.8624 0.3208
vn -0.5187 0.6879 0.5077
vn 0.7915 -0.1471 -0.5932
vn 0.7108 -0.0258 -0.7029
vn 0.9219 0.3845 0.0466
vn 0.6557 0.5775 -0.4863
vn 0.7304 -0.3882 -0.5620
vn 0.8060 -0.2194 -0.5497
vn -0.7515 -0.4804 -0.4522
vn -0.4572 -0.8352 0.3056
vn -0.9298 -0.3454 -0.1269
vn 0.3533 0.6402 -0.6821
vn -0.4618 0.5398 0.7038
vn -0.4346 0.5404 0.7204
vn -0.4056 0.8936 -0.1925
vn -0.6750 0.5506 -0.4910
vn 0.6519 -0.1035 -0.7512
vn 0.2253 0.4160 -0.8810
vn 0.7325 -0.3730 -0.5695
vn 0.6931 -0.4526 -0.5610
vn 0.6457 -0.3176 -0.6944
vn 0.9693 -0.1993 -0.1437
vn -0.3390 -0.8849 0.3192
vn 0.9165 0.2098 -0.3405
vn -0.5579 0.8283 0.0515
vn -0.8433 -0.4503 -0.2933
vn 0.6367 0.7364 -0.2286
vn -0.6613 0.4941 -0.5643
vn -0.8104 0.5375 0.2332
vn 0.9062 -0.0227 -0.4221
vn 0.6897 -0.3996 -0.6038
vn 0.6620 -0.4433 -0.6044
vn 0.6161 -0.3468 -0.7071
vn -0.5262 -0.7369 0.4243
vn -0.3741 0.9270 0.0251
vn -0.9827 0.0026 0.1849
vn -0.7273 0.4389 0.5276
vn 0.7581 0.3026 -0.5776
vn 0.8908 0.3347 -0.3072
vn 0.7349 -0.3741 -0.5656
vn 0.5876 -0.3851 -0.7116
vn 0.5461 -0.3590 -0.7569
vn 0.1675 0.4458 0.8793
vn -0.5776 -0.6867 0.4414
vn 0.0388 0.8527 0.5210
vn -0.5780 -0.0620 0.8136
vn -0.8907 -0.2021 0.4070
vn -0.7306 -0.2377 -0.6400
vn 0.6148 -0.0607 -0.7863
vn 0.7034 -0.3491 -0.6192
vn 0.4900 -0.2829 -0.8245
vn 0.4773 -0.2207 -0.8506
vn -0.2865 0.9221 0.2602
vn -0.7747 -0.3541 0.5239
vn 0.9761 0.1528 0.1545
vn 0.6258 -0.4188 -0.6580
vn 0.4626 -0.1363 -0.8760
vn 0.3773 -0.1642 -0.9114
vn 0.8469 0.4999 0.1809
vn -0.2022 0.8916 0.4051
vn -0.3377 0.9033 0.2646
vn -0.6023 -0.0545 0.7964
vn 0.8399 0.3788 0.3885
vn 0.4927 -0.1571 -0.8559
vn -0.1097 0.1135 0.9875
vn -0.2489 0.8865 0.3901
vn -0.2044 0.0402 0.9781
vn -0.7331 -0.4909 0.4708
vn 0.3778 0.7714 0.5120
vn -0.4159 -0.0135 0.9093
vn 0.2144 0.6666 0.7139
vn -0.0779 0.8544 0.5137
vn -0.1363 -0.0234 0.9904
vn 0.1161 0.7626 0.6364
vn -0.1357 -0.0151 0.9906
vn 0.1773 0.7056 0.6861
vn -0.0778 -0.0878 0.9931
vn -0.0215 -0.1508 0.9883
vn 0.0301 -0.2122 0.9767
vn -0.4814 0.2892 -0.8274
vn -0.0430 0.1657 -0.9852
vn -0.0131 0.0842 -0.9963
vn 0.0063 -0.0118 -0.9999
vn 0.3384 0.1742 -0.9247
vn -0.5133 0.2652 -0.8162
vn 0.2190 -0.0269 -0.9753
vn 0.3716 0.1218 -0.9204
vn 0.3185 0.1767 -0.9313
vn -0.1012 0.1153 -0.9882
vn -0.6636 0.2807 -0.6934
vn 0.4332 -0.0079 -0.9012
vn 0.2933 0.2619 -0.9194
vn -0.5558 0.2542 -0.7915
vn -0.6101 0.1599 -0.7760
vn -0.6881 0.3815 -0.6171
vn 0.4474 -0.1838 -0.8752
vn -0.1375 0.2091 -0.9681
vn -0.1984 0.4004 -0.8946
vn -0.5857 0.1526 -0.7960
vn -0.5352 0.1947 -0.8220
vn -0.5717 0.2593 -0.7784
vn 0.3645 -0.2570 -0.8950
vn 0.2816 0.4126 -0.8663
vn -0.2524 0.5616 -0.7879
vn -0.5599 0.3697 -0.7415
vn -0.5923 0.2465 -0.7670
vn -0.5894 0.0794 -0.8039
vn -0.3716 0.4166 -0.8296
vn -0.3305 0.4734 -0.8165
vn 0.3020 -0.2796 -0.9114
vn 0.6228 0.5718 -0.5340
vn -0.3236 0.7265 -0.6062
vn -0.4973 0.4321 -0.7523
vn -0.5856 0.1223 -0.8013
vn -0.4088 0.3490 -0.8432
vn -0.1877 0.4515 -0.8723
vn 0.0974 0.7833 -0.6139
vn -0.3025 0.8130 -0.4975
vn -0.5070 0.5022 -0.7005
vn -0.6568 0.4461 -0.6079
vn -0.6195 0.5012 -0.6041
vn -0.4687 0.1416 -0.8719
vn 0.0225 0.8647 -0.5017
vn -0.2202 0.8209 -0.5269
vn -0.4839 0.5666 -0.6669
vn -0.5057 0.2531 -0.8247
vn -0.4576 0.3448 -0.8195
vn 0.0893 0.7310 -0.6764
vn -0.5027 0.5935 -0.6285
vn -0.5066 0.4004 -0.7635
vn -0.4613 0.2872 -0.8394
vn 0.2164 -0.0112 -0.9762
vn -0.1147 0.5772 -0.8085
vn -0.0433 0.3388 -0.9398
vn 0.0672 0.4094 -0.9098
vn -0.0171 0.2311 -0.9727
vn -0.0487 0.1549 -0.9867
vn 0.1496 -0.4112 -0.8992
vn 0.5852 0.1239 -0.8013
vn -0.0182 0.0390 -0.9991
vn -0.0720 0.1588 -0.9847
vn -0.0974 0.0506 -0.9939
vn 0.0837 0.0947 -0.9920
vn -0.1022 0.1387 -0.9850
vn 0.2835 0.1409 -0.9485
vn 0.8391 -0.0702 -0.5393
vn 0.4590 0.1229 -0.8799
vn 0.7833 -0.0512 -0.6194
vn 0.7359 0.0353 -0.6762
vn 0.0983 0.8586 0.5031
vn 0.8905 0.3381 -0.3043
vn -0.3196 -0.0369 0.9468
vn -0.3174 -0.0274 0.9479
vn -0.3086 -0.0694 0.9486
vn -0.3433 0.0278 0.9388
vn -0.2869 -0.0825 0.9544
vn -0.2864 -0.0136 0.9580
vn -0.2932 -0.0485 0.9548
vn -0.3392 0.0687 0.9382
vn -0.2800 -0.0728 0.9572
vn -0.1017 0.0502 0.9935
vn -0.2763 -0.0915 0.9567
vn -0.0981 -0.1335 0.9862
vn -0.2736 -0.0073 0.9618
vn -0.2101 -0.0814 0.9743
vn -0.1058 -0.1754 0.9788
vn 0.3145 -0.4361 0.8432
vn 0.4926 -0.5172 0.6999
vn -0.8544 -0.4553 0.2503
vn -0.8350 -0.5205 -0.1781
vn -0.8346 -0.5209 -0.1791
vn -0.8448 -0.5119 -0.1552
vn -0.8254 -0.5282 -0.1993
vn -0.3200 0.6836 0.6559
vn -0.3317 0.6847 0.6489
vn -0.1962 0.7321 0.6523
vn -0.3852 0.6467 0.6583
vn -0.2680 0.7214 0.6385
vn -0.1516 0.6983 0.6995
vn -0.2013 0.6772 0.7077
vn -0.2764 0.6997 0.6588
vn -0.1258 0.5963 0.7928
vn -0.1892 0.8240 0.5341
vn -0.3141 0.7130 0.6269
vn -0.2635 0.6437 0.7184
vn -0.1397 0.8363 0.5301
vn -0.0852 0.8711 0.4837
vn -0.2116 0.8005 0.5607
vn -0.3062 0.7313 0.6094
vn -0.2713 0.7389 0.6168
vn -0.2670 0.6543 0.7074
vn -0.0546 0.9084 0.4146
vn -0.3209 0.7071 0.6300
vn -0.2477 0.7240 0.6438
vn -0.2990 0.7253 0.6201
vn -0.3951 0.6966 0.5988
vn -0.3204 0.6939 0.6449
vn -0.2488 0.7262 0.6409
vn -0.2954 0.7680 0.5683
vn -0.4336 0.7172 0.5454
vn -0.5958 0.6467 0.4762
vn -0.2364 0.6575 0.7154
vn -0.2415 0.7186 0.6522
vn -0.2459 0.7350 0.6318
vn -0.3758 0.7109 0.5945
vn -0.5991 0.6377 0.4841
vn -0.7551 0.5116 0.4099
vn -0.3085 0.6781 0.6671
vn -0.2272 0.6937 0.6834
vn -0.2357 0.7257 0.6464
vn -0.3149 0.6964 0.6448
vn -0.5442 0.6538 0.5256
vn -0.7398 0.4933 0.4575
vn 0.4119 0.4025 0.8175
vn -0.2095 0.6637 0.7181
vn -0.2328 0.7248 0.6484
vn -0.2973 0.6996 0.6497
vn -0.4644 0.6538 0.5974
vn -0.6962 0.4548 0.5553
vn -0.8113 0.3517 0.4670
vn -0.0892 0.6373 0.7654
vn -0.1787 0.6777 0.7133
vn -0.2059 0.7032 0.6805
vn -0.2909 0.7054 0.6464
vn -0.4223 0.6372 0.6446
vn -0.6572 0.4014 0.6379
vn -0.7895 0.2483 0.5612
vn -0.8159 0.3969 0.4204
vn 0.8744 -0.1039 0.4738
vn -0.1763 0.6645 0.7262
vn -0.2112 0.6341 0.7438
vn -0.2534 0.6772 0.6908
vn -0.4068 0.6194 0.6714
vn -0.3854 0.5793 0.7182
vn -0.7667 0.1913 0.6127
vn -0.1802 0.6495 0.7387
vn -0.2139 0.6091 0.7637
vn -0.6241 0.2973 0.7225
vn -0.5962 0.2061 0.7759
vn -0.1981 0.5473 0.8131
vn -0.3618 0.5060 0.7830
vn -0.3633 0.4135 0.8348
vn -0.7290 0.1585 0.6659
vn -0.2298 0.4330 0.8716
vn -0.5734 0.1435 0.8066
vn -0.6308 -0.0267 0.7754
vn -0.3938 0.2446 0.8860
vn -0.5629 0.0792 0.8227
vn -0.5564 -0.1549 0.8163
vn -0.3236 -0.4385 0.8384
vn 0.2217 -0.2730 0.9361
vn -0.1418 -0.8830 0.4474
vn 0.3294 -0.5942 0.7338
vn 0.2354 -0.7336 0.6374
vn 0.4690 -0.2493 0.8472
vn 0.4633 -0.4061 0.7877
vn 0.1121 -0.8267 0.5513
vn 0.3945 -0.0218 0.9186
vn 0.4015 -0.4058 0.8210
vn 0.4130 -0.4111 0.8126
vn 0.3530 -0.5956 0.7215
vn 0.1164 -0.8788 0.4628
vn 0.3401 -0.2637 0.9026
vn 0.3237 -0.4010 0.8570
vn 0.3969 -0.4211 0.8155
vn 0.3621 -0.3139 0.8777
vn 0.3668 -0.3088 0.8775
vn 0.2480 -0.7809 0.5733
vn 0.1792 -0.8515 0.4928
vn 0.1873 -0.0295 0.9818
vn 0.3355 -0.4647 0.8194
vn 0.3567 -0.4581 0.8142
vn 0.3652 -0.4880 0.7928
vn 0.3327 -0.6609 0.6726
vn 0.2922 -0.7512 0.5918
vn 0.0437 0.2815 0.9586
vn 0.2802 -0.2692 0.9214
vn 0.3258 -0.3822 0.8647
vn 0.3585 -0.4493 0.8183
vn 0.3667 -0.3834 0.8477
vn 0.3868 -0.3534 0.8517
vn 0.4182 -0.4688 0.7780
vn 0.4122 -0.5614 0.7176
vn 0.3389 -0.3074 0.8892
vn 0.4433 -0.3805 0.8116
vn 0.3882 -0.4920 0.7792
vn 0.4133 -0.4857 0.7702
vn 0.4356 -0.4484 0.7805
vn 0.4483 -0.4618 0.7653
vn 0.4710 -0.5144 0.7166
vn 0.2046 -0.1990 0.9584
vn 0.5083 -0.4742 0.7189
vn 0.4833 -0.4049 0.7762
vn 0.5070 -0.4328 0.7454
vn 0.5004 -0.4452 0.7425
vn 0.4617 -0.4376 0.7715
vn 0.4667 -0.5044 0.7265
vn 0.5022 -0.5852 0.6366
vn 0.4200 -0.4604 0.7820
vn 0.5535 -0.4276 0.7147
vn 0.5791 -0.4032 0.7085
vn 0.5717 -0.3758 0.7293
vn 0.5452 -0.3173 0.7758
vn 0.5524 -0.2250 0.8026
vn 0.8656 -0.0778 0.4947
vn 0.5930 -0.5325 0.6040
vn -0.4242 -0.7872 -0.4475
vn -0.5448 -0.8116 -0.2110
vn -0.6840 -0.7251 -0.0793
vn -0.3632 -0.7853 -0.5014
vn -0.6722 -0.7386 -0.0508
vn -0.4877 -0.6616 -0.5695
vn -0.5340 -0.5620 -0.6316
vn -0.8833 -0.2549 -0.3935
vn -0.8268 0.1851 -0.5311
vn 0.3565 -0.6297 -0.6902
vn 0.2392 -0.3752 -0.8955
vn 0.7726 -0.1063 -0.6258
vn 0.3383 -0.7913 -0.5092
vn 0.6857 -0.3648 -0.6298
vn 0.3740 -0.5554 -0.7427
vn 0.1025 -0.9220 -0.3734
vn 0.2928 -0.3586 -0.8863
vn 0.7833 0.4723 -0.4040
vn 0.1663 -0.4957 -0.8524
vn 0.2725 -0.1249 -0.9540
vn 0.5440 0.6199 -0.5655
vn -0.2343 0.3361 -0.9122
vn 0.2375 -0.2181 -0.9466
vn 0.2026 -0.3749 -0.9047
vn 0.8083 0.5849 0.0664
vn -0.4299 0.5806 -0.6914
vn -0.3396 0.2650 -0.9024
vn 0.6024 -0.0912 -0.7929
vn 0.5603 0.5985 -0.5725
vn 0.8833 0.4185 0.2112
vn -0.3747 0.8498 -0.3708
vn -0.4930 0.4620 -0.7372
vn -0.1469 0.2063 -0.9674
vn 0.4110 -0.0329 -0.9110
vn 0.5368 -0.4389 -0.7205
vn 0.6041 -0.1056 -0.7898
vn 0.1227 0.7962 0.5925
vn -0.6960 0.6650 -0.2707
vn -0.1001 0.6409 -0.7610
vn -0.5244 -0.0028 -0.8514
vn 0.5995 -0.5165 -0.6113
vn 0.5418 -0.6859 -0.4859
vn 0.2102 -0.3431 -0.9154
vn 0.2322 0.1763 0.9565
vn 0.8770 -0.3762 -0.2988
vn 0.3828 0.8797 -0.2820
vn -0.0465 0.0818 -0.9955
vn -0.4508 -0.1824 -0.8737
vn 0.7117 -0.6048 -0.3573
vn 0.6727 0.6770 -0.2986
vn 0.0600 0.5916 -0.8039
vn 0.0805 0.0604 -0.9949
vn 0.8907 -0.1748 -0.4197
vn 0.1578 -0.7858 -0.5979
vn 0.5903 0.7005 -0.4010
vn -0.6107 0.5988 -0.5181
vn 0.2534 0.5670 -0.7838
vn 0.0447 -0.1463 -0.9882
vn 0.6433 -0.5276 -0.5548
vn 0.3408 -0.7781 -0.5275
vn -0.0480 -0.5221 -0.8515
vn 0.6300 0.6327 -0.4502
vn -0.9157 0.2640 -0.3028
vn 0.0903 0.7673 -0.6349
vn 0.1697 0.0263 -0.9851
vn 0.4171 -0.0046 -0.9088
vn 0.6891 -0.4407 -0.5752
vn 0.8333 -0.1558 -0.5304
vn 0.4692 -0.0815 -0.8793
vn -0.5216 -0.5782 -0.6274
vn -0.1121 -0.4369 -0.8925
vn 0.6485 0.5336 -0.5429
vn -0.8611 0.1098 -0.4963
vn 0.4632 0.4770 -0.7469
vn 0.2165 -0.0443 -0.9753
vn 0.6691 -0.1374 -0.7304
vn -0.7466 -0.2549 -0.6144
vn -0.8501 0.2297 -0.4739
vn -0.6987 0.0631 -0.7126
vn 0.5920 0.4074 -0.6954
vn -0.8646 0.2079 -0.4574
vn -0.4327 0.4711 -0.7686
vn -0.3419 0.4209 -0.8401
vn 0.4604 0.6912 -0.5570
vn 0.6878 0.2890 -0.6659
vn -0.1822 0.4699 -0.8637
vn -0.3346 0.4129 -0.8470
vn 0.7323 0.2431 -0.6361
vn -0.2077 0.3888 -0.8976
vn -0.3343 0.4523 -0.8268
vn -0.3558 0.0349 -0.9339
vn 0.7441 0.3822 -0.5480
vn -0.1853 0.1439 -0.9721
vn -0.2210 0.1879 -0.9570
vn -0.3054 0.3386 -0.8900
vn 0.8048 0.0062 -0.5935
vn -0.1113 0.1228 -0.9861
vn -0.2407 0.0607 -0.9687
vn -0.2923 0.2438 -0.9247
vn 0.8318 0.0397 -0.5536
vn 0.0755 0.4459 -0.8918
vn -0.1470 0.2354 -0.9607
vn -0.1559 0.3269 -0.9321
vn -0.2601 0.1350 -0.9561
vn -0.3438 0.3983 -0.8504
vn 0.8081 -0.1882 -0.5581
vn 0.0675 0.5113 -0.8567
vn -0.1333 0.3460 -0.9287
vn -0.2913 0.1939 -0.9368
vn -0.2641 0.1068 -0.9585
vn -0.2582 0.0547 -0.9645
vn 0.7252 0.1017 -0.6810
vn 0.1019 0.5103 -0.8539
vn -0.0425 0.1312 -0.9904
vn -0.2625 0.2050 -0.9429
vn -0.2476 0.0621 -0.9668
vn -0.1081 0.5694 -0.8149
vn 0.7975 0.0205 -0.6029
vn 0.2476 0.2676 -0.9312
vn 0.0694 -0.3476 -0.9351
vn -0.4474 0.3395 -0.8273
vn -0.5094 0.1084 -0.8537
vn 0.4784 0.5553 -0.6803
vn 0.8361 -0.1006 -0.5392
vn 0.4391 -0.2385 -0.8662
vn 0.4421 -0.5661 -0.6958
vn -0.2342 -0.4185 -0.8774
vn -0.4613 -0.6069 -0.6472
vn -0.1021 0.4513 -0.8865
vn -0.0077 0.1488 -0.9888
vn 0.8748 -0.1626 -0.4563
vn 0.1464 -0.5958 -0.7897
vn -0.1192 -0.8489 -0.5148
vn -0.4532 -0.7736 -0.4428
vn 0.3269 0.7776 -0.5370
vn 0.3621 -0.4945 -0.7902
vn 0.2310 -0.6088 -0.7589
vn -0.0575 -0.7960 -0.6025
vn -0.9362 -0.3512 0.0075
vn -0.6754 -0.0125 -0.7373
vn 0.4245 0.7308 -0.5345
vn 0.2804 -0.3578 -0.8907
vn 0.2644 -0.5179 -0.8135
vn -0.1115 -0.6437 -0.7571
vn -0.6770 -0.5907 -0.4390
vn -0.6555 -0.5714 -0.4937
vn -0.4230 -0.2233 -0.8782
vn 0.2922 -0.2748 -0.9160
vn 0.3217 -0.1454 -0.9356
vn 0.2356 -0.4066 -0.8827
vn -0.1773 -0.4826 -0.8577
vn -0.7065 -0.6070 -0.3638
vn -0.6666 -0.1481 -0.7305
vn -0.5589 -0.0759 -0.8257
vn -0.9357 -0.3526 0.0069
vn -0.2455 0.5178 -0.8195
vn 0.3130 0.8176 -0.4832
vn 0.1710 -0.2291 -0.9583
vn -0.2149 -0.3118 -0.9255
vn -0.7787 -0.4322 -0.4547
vn -0.8395 -0.2716 -0.4705
vn -0.6217 -0.0888 -0.7782
vn -0.6732 -0.3916 -0.6272
vn -0.9614 -0.1745 0.2125
vn 0.1027 0.8756 -0.4718
vn 0.2848 0.0059 -0.9586
vn 0.1097 -0.0555 -0.9924
vn -0.2871 -0.0994 -0.9527
vn -0.3277 0.0801 -0.9413
vn -0.3398 0.1983 -0.9193
vn -0.3360 0.2189 -0.9160
vn -0.5850 -0.6714 -0.4550
vn -0.0565 0.7361 -0.6745
vn -0.3775 -0.8240 -0.4226
vn 0.6696 0.4895 -0.5585
vn 0.1877 0.9514 -0.2442
vn 0.0439 0.1066 -0.9933
vn -0.0175 0.2620 -0.9649
vn -0.0609 0.3507 -0.9345
vn -0.3502 -0.9189 -0.1817
vn 0.2047 -0.0418 -0.9779
vn 0.1525 0.7001 -0.6976
vn 0.2991 0.9406 -0.1606
vn -0.0232 0.9789 -0.2032
vn 0.1960 0.0968 -0.9758
vn -0.1144 0.3873 -0.9148
vn 0.2038 0.5813 -0.7877
vn 0.0821 0.1221 -0.9891
vn -0.0083 0.2131 -0.9770
vn -0.1380 0.4140 -0.8997
vn -0.0722 0.3322 -0.9404
vn -0.1570 0.4749 -0.8659
vn -0.2571 0.5562 -0.7903
vn -0.2821 0.5700 -0.7717
vn -0.5759 -0.0903 -0.8125
vn 0.0763 -0.3533 -0.9324
vn -0.6028 0.0000 -0.7978
vn -0.5857 -0.0517 -0.8088
vn -0.6081 -0.0303 -0.7933
vn -0.5384 -0.1692 -0.8255
vn -0.3236 -0.3325 -0.8858
vn -0.6028 -0.0963 -0.7920
vn -0.4855 -0.2941 -0.8233
vn -0.1519 -0.1023 -0.9831
vn -0.0295 -0.0605 -0.9977
vn -0.8804 -0.2809 -0.3820
vn 0.7192 -0.1949 -0.6669
vn -0.6110 0.3309 -0.7191
vn 0.8388 -0.1055 -0.5341
vn 0.7755 -0.3496 -0.5257
vn -0.3531 -0.3728 -0.8581
vn 0.2929 -0.1909 -0.9369
vn -0.9107 0.0808 0.4050
vn -0.0748 0.4501 0.8898
vn 0.3878 -0.2125 0.8969
vn 0.2965 0.2932 0.9089
vn -0.6911 -0.6220 0.3679
vn -0.0285 -0.5933 0.8045
vn 0.0108 -0.5765 0.8170
vn 0.0108 -0.5864 0.8100
vn -0.6921 -0.5119 0.5089
vn 0.1107 -0.9702 0.2155
vn 0.3669 0.1596 0.9164
vn 0.1831 0.5834 0.7913
vn 0.5231 -0.2486 0.8152
vn -0.8870 -0.4494 0.1059
vn -0.1336 0.9628 0.2349
vn -0.6131 -0.1741 0.7706
vn -0.0961 -0.5578 0.8244
vn -0.0968 0.9760 0.1948
vn 0.9997 0.0098 -0.0223
vn -0.4018 -0.1306 0.9064
vn 0.1729 -0.3908 0.9041
vn 0.9450 0.2904 0.1501
vn -0.3038 -0.1814 0.9353
vn -0.4121 -0.3608 0.8367
vn 0.4795 -0.4751 0.7378
vn 0.2197 -0.6282 0.7463
vn 0.0247 -0.3501 0.9364
vn -0.3349 0.1923 0.9224
vn -0.4501 0.1272 0.8838
vn 0.3138 -0.8576 0.4075
vn 0.3421 -0.3776 0.8604
vn 0.8674 0.4396 0.2330
vn 0.2875 -0.7311 0.6187
vn -0.1148 0.0564 0.9918
vn -0.4763 -0.3895 0.7883
vn 0.6192 0.0864 0.7804
vn 0.8534 -0.2362 0.4646
vn 0.4274 -0.8807 0.2040
vn 0.3558 -0.4583 0.8145
vn 0.1392 -0.1155 0.9835
vn -0.4396 -0.0285 0.8977
vn 0.5096 -0.1139 0.8528
vn 0.7360 0.4536 -0.5024
vn 0.6077 -0.5380 -0.5842
vn 0.5262 -0.4791 0.7025
vn 0.4029 -0.2689 0.8748
vn 0.0268 0.0086 0.9996
vn -0.0371 0.9780 0.2051
vn 0.2203 -0.4585 0.8609
vn 0.2482 0.9687 -0.0067
vn 0.3301 -0.6807 0.6540
vn 0.5670 -0.4599 0.6833
vn 0.0330 -0.3660 0.9300
vn 0.4256 -0.3695 0.8260
vn 0.0176 -0.7214 0.6923
vn 0.3143 -0.5256 0.7905
vn 0.5316 -0.3457 0.7732
vn 0.5848 -0.3962 0.7078
vn 0.6096 0.5910 -0.5282
vn -0.0068 -0.5913 0.8064
vn 0.2103 -0.3643 0.9072
vn 0.5280 -0.4519 0.7190
vn 0.4249 -0.4641 0.7772
vn 0.5406 -0.3896 0.7456
vn 0.7777 0.4714 0.4158
vn 0.1538 -0.2367 0.9593
vn 0.1014 -0.2652 0.9588
vn 0.0360 -0.3291 0.9436
vn 0.5850 -0.4266 0.6897
vn 0.5750 -0.4054 0.7106
vn 0.8807 0.4042 0.2469
vn 0.8861 0.4626 0.0285
vn -0.0162 -0.4360 0.8997
vn -0.0655 -0.3204 0.9450
vn -0.0549 -0.3473 0.9361
vn 0.3742 -0.3863 0.8430
vn 0.3184 -0.3362 0.8863
vn 0.5423 -0.4235 0.7255
vn 0.6190 -0.5680 -0.5423
vn 0.0258 -0.3815 0.9240
vn 0.2568 -0.2912 0.9215
vn 0.4801 -0.3442 0.8068
vn 0.5661 -0.4042 0.7184
vn 0.0001 -0.4286 0.9035
vn 0.0695 -0.4201 0.9048
vn 0.2083 -0.2374 0.9488
vn 0.5167 -0.3837 0.7654
vn 0.0731 -0.5059 0.8594
vn 0.2017 -0.2178 0.9549
vn 0.4182 -0.2608 0.8701
vn 0.3684 -0.2203 0.9031
vn 0.1989 -0.5028 0.8412
vn 0.3037 -0.2916 0.9070
vn 0.3204 -0.2035 0.9251
vn 0.4620 -0.3481 0.8157
vn 0.2526 -0.6456 0.7206
vn 0.3997 -0.6247 0.6707
vn 0.3370 -0.2651 0.9033
vn 0.4235 -0.2967 0.8559
vn 0.4646 -0.2817 0.8395
vn 0.3968 -0.7222 0.5665
vn 0.5047 -0.4908 0.7101
vn 0.5068 -0.4204 0.7526
vn 0.3927 -0.2543 0.8838
vn 0.4584 -0.2124 0.8629
vn 0.4849 -0.6599 0.5739
vn 0.6047 -0.5677 0.5586
vn 0.6320 -0.4469 0.6331
vn 0.3959 -0.2198 0.8916
vn 0.4656 -0.2749 0.8412
vn 0.4265 -0.7127 0.5569
vn 0.4821 -0.5828 0.6541
vn 0.5900 -0.4544 0.6674
vn 0.4974 -0.4307 0.7530
vn 0.5125 -0.5219 0.6818
vn 0.3366 -0.6659 0.6657
vn 0.4210 -0.4643 0.7792
vn 0.5450 -0.2995 0.7830
vn 0.5648 -0.3284 0.7570
vn 0.5011 -0.2068 0.8403
vn -0.2725 -0.4629 0.8435
vn 0.3718 -0.4175 0.8291
vn 0.5103 -0.1994 0.8365
vn 0.4845 -0.1307 0.8650
vn -0.0760 -0.2147 0.9737
vn 0.3458 -0.3103 0.8855
vn 0.3632 -0.1845 0.9132
vn 0.4488 -0.1086 0.8870
vn 0.4551 -0.0561 0.8886
vn 0.4520 -0.0651 0.8896
vn 0.4195 0.0577 0.9059
vn 0.1715 -0.6293 -0.7580
vn 0.2012 -0.7155 -0.6690
vn 0.2021 -0.7178 -0.6662
vn 0.5959 -0.6034 0.5298
vn 0.6348 -0.5023 0.5871
vn 0.7600 -0.4420 0.4765
vn 0.6030 -0.6321 0.4866
vn 0.7553 -0.4355 0.4897
vn 0.3640 -0.6977 0.6169
vn 0.9842 -0.0809 0.1574
vn -0.3630 -0.3330 0.8702
vn -0.8656 0.1980 0.4599
vn -0.3192 -0.8047 0.5005
vn -0.9108 -0.0153 -0.4126
vn -0.0501 0.7184 -0.6938
vn -0.7631 0.1925 -0.6169
vn -0.8535 -0.1361 -0.5029
vn -0.8867 0.1039 -0.4504
vn -0.8206 -0.1269 -0.5572
vn -0.8663 -0.0617 -0.4957
vn -0.9090 -0.1748 -0.3782
vn -0.8268 -0.0126 -0.5622
vn -0.9553 0.0657 -0.2883
vn -0.7920 0.3594 -0.4935
vn -0.9485 -0.3154 -0.0275
vn -0.8326 0.5289 -0.1643
vn -0.9975 0.0090 0.0701
vn -0.9758 -0.1181 -0.1840
vn -0.5095 -0.0052 -0.8604
vn -0.3942 -0.0464 -0.9178
vn -0.2042 0.0213 -0.9787
vn -0.3701 -0.0465 -0.9278
vn -0.5226 -0.3537 -0.7757
vn -0.4475 0.0164 -0.8941
vn -0.5970 -0.0660 -0.7995
vn -0.5612 0.0493 -0.8262
vn -0.6287 0.2124 -0.7480
vn -0.5647 0.1424 -0.8129
vn -0.0744 -0.6892 0.7207
vn -0.2819 -0.5029 0.8170
vn -0.4052 -0.6748 0.6168
vn -0.7262 -0.1349 0.6741
vn -0.7209 0.1008 0.6857
vn -0.5792 -0.5109 0.6352
usemtl Material.001
s 1
f 1/1/1 2/2/2 3/3/3
f 2/2/2 4/4/4 3/3/3
f 4/4/4 5/5/5 3/3/3
f 2/2/2 6/6/6 4/4/4
f 5/5/5 7/7/7 3/3/3
f 4/4/4 8/8/8 5/5/5
f 6/6/6 8/8/8 4/4/4
f 6/6/6 9/9/9 8/8/8
f 7/7/7 10/10/10 3/3/3
f 5/5/5 11/11/11 7/7/7
f 8/8/8 11/11/11 5/5/5
f 8/8/8 9/9/9 11/11/11
f 9/9/9 12/12/12 11/11/11
f 6/6/6 13/13/13 9/9/9
f 7/7/7 14/14/14 10/10/10
f 11/11/11 15/15/15 7/7/7
f 12/12/12 15/15/15 11/11/11
f 12/12/12 16/16/16 15/15/15
f 9/9/9 17/17/17 12/12/12
f 13/13/13 17/17/17 9/9/9
f 13/13/13 18/18/18 17/17/17
f 14/14/14 19/19/19 10/10/10
f 7/7/7 20/20/20 14/14/14
f 15/15/15 21/21/21 7/7/7
f 16/16/16 22/22/22 15/15/15
f 12/12/12 23/23/23 16/16/16
f 17/17/17 23/23/23 12/12/12
f 17/17/17 24/24/24 23/23/23
f 18/18/18 24/24/24 17/17/17
f 18/18/18 25/25/25 24/24/24
f 13/13/13 26/26/26 18/18/18
f 14/14/14 27/27/27 19/19/19
f 20/20/20 28/28/28 14/14/14
f 7/7/7 21/21/21 20/20/20
f 21/21/21 29/29/29 20/20/20
f 15/15/15 22/22/22 21/21/21
f 22/22/22 30/30/30 21/21/21
f 16/16/16 31/31/31 22/22/22
f 23/23/23 32/32/32 16/16/16
f 24/24/24 33/33/33 23/23/23
f 25/25/25 34/34/34 24/24/24
f 18/18/18 26/26/26 25/25/25
f 26/26/26 35/35/35 25/25/25
f 27/27/27 36/36/36 19/19/19
f 14/14/14 28/28/28 27/27/27
f 28/28/28 37/37/37 27/27/27
f 20/20/20 29/29/29 28/28/28
f 29/29/29 37/37/37 28/28/28
f 29/29/29 38/38/38 37/37/37
f 21/21/21 30/30/30 29/29/29
f 30/30/30 39/39/39 29/29/29
f 22/22/22 40/40/40 30/30/30
f 31/31/31 40/40/40 22/22/22
f 31/31/31 41/41/41 40/40/40
f 16/16/16 32/32/32 31/31/31
f 32/32/32 42/42/42 31/31/31
f 23/23/23 33/33/33 32/32/32
f 33/33/33 43/43/43 32/32/32
f 24/24/24 44/44/44 33/33/33
f 34/34/34 44/44/44 24/24/24
f 34/34/34 43/43/43 44/44/44
f 25/25/25 45/45/45 34/34/34
f 27/27/27 37/37/37 36/36/36
f 29/29/29 39/39/39 38/38/38
f 30/30/30 40/40/40 39/39/39
f 40/40/40 46/46/46 39/39/39
f 41/41/41 46/46/46 40/40/40
f 41/41/41 47/47/47 46/46/46
f 31/31/31 42/42/42 41/41/41
f 42/42/42 48/48/48 41/41/41
f 43/43/43 42/42/42 32/32/32
f 43/43/43 49/49/49 42/42/42
f 33/33/33 44/44/44 43/43/43
f 34/34/34 50/50/50 43/43/43
f 45/45/45 50/50/50 34/34/34
f 45/45/45 51/51/51 50/50/50
f 41/41/41 48/48/48 47/47/47
f 48/48/48 52/52/52 47/47/47
f 42/42/42 49/49/49 48/48/48
f 49/49/49 53/53/53 48/48/48
f 43/43/43 50/50/50 49/49/49
f 50/50/50 54/54/54 49/49/49
f 51/51/51 54/54/54 50/50/50
f 51/51/51 55/55/55 54/54/54
f 45/45/45 56/56/56 51/51/51
f 48/48/48 53/53/53 52/52/52
f 53/53/53 57/57/57 52/52/52
f 49/49/49 54/54/54 53/53/53
f 54/54/54 58/58/58 53/53/53
f 55/55/55 58/58/58 54/54/54
f 55/55/55 59/59/59 58/58/58
f 51/51/51 60/60/60 55/55/55
f 56/56/56 60/60/60 51/51/51
f 56/56/56 61/61/61 60/60/60
f 53/53/53 58/58/58 57/57/57
f 58/58/58 62/62/62 57/57/57
f 59/59/59 63/63/63 58/58/58
f 55/55/55 60/60/60 59/59/59
f 60/60/60 64/64/64 59/59/59
f 61/61/61 64/64/64 60/60/60
f 61/61/61 65/65/65 64/64/64
f 58/58/58 63/63/63 62/62/62
f 63/63/63 66/66/66 62/62/62
f 59/59/59 67/67/67 63/63/63
f 64/64/64 67/67/67 59/59/59
f 64/64/64 68/68/68 67/67/67
f 65/65/65 68/68/68 64/64/64
f 65/65/65 69/69/69 68/68/68
f 63/63/63 70/70/70 66/66/66
f 67/67/67 70/70/70 63/63/63
f 67/67/67 71/71/71 70/70/70
f 68/68/68 71/71/71 67/67/67
f 68/68/68 72/72/72 71/71/71
f 69/69/69 72/72/72 68/68/68
f 69/69/69 73/73/73 72/72/72
f 70/70/70 74/74/74 66/66/66
f 71/71/71 75/75/75 70/70/70
f 72/72/72 76/76/76 71/71/71
f 73/73/73 76/76/76 72/72/72
f 73/73/73 77/77/77 76/76/76
f 70/70/70 75/75/75 74/74/74
f 75/75/75 78/78/78 74/74/74
f 71/71/71 79/79/79 75/75/75
f 76/76/76 79/79/79 71/71/71
f 76/76/76 80/80/80 79/79/79
f 77/77/77 80/80/80 76/76/76
f 77/77/77 81/81/81 80/80/80
f 75/75/75 82/82/82 78/78/78
f 79/79/79 82/82/82 75/75/75
f 79/79/79 83/83/83 82/82/82
f 80/80/80 83/83/83 79/79/79
f 80/80/80 84/84/84 83/83/83
f 81/81/81 84/84/84 80/80/80
f 81/81/81 85/85/85 84/84/84
f 82/82/82 86/86/86 78/78/78
f 83/83/83 87/87/87 82/82/82
f 84/84/84 88/88/88 83/83/83
f 85/85/85 89/89/89 84/84/84
f 82/82/82 87/87/87 86/86/86
f 87/87/87 90/90/90 86/86/86
f 83/83/83 88/88/88 87/87/87
f 88/88/88 90/90/90 87/87/87
f 88/88/88 91/91/91 90/90/90
f 84/84/84 89/89/89 88/88/88
f 89/89/89 91/91/91 88/88/88
f 89/89/89 92/92/92 91/91/91
f 85/85/85 93/93/93 89/89/89
f 90/90/90 94/94/94 86/86/86
f 91/91/91 95/95/95 90/90/90
f 92/92/92 95/95/95 91/91/91
f 92/92/92 96/96/96 95/95/95
f 89/89/89 93/93/93 92/92/92
f 93/93/93 97/97/97 92/92/92
f 94/94/94 98/98/98 86/86/86
f 90/90/90 95/95/95 94/94/94
f 95/95/95 99/99/99 94/94/94
f 96/96/96 100/100/100 95/95/95
f 92/92/92 97/97/97 96/96/96
f 97/97/97 101/101/101 96/96/96
f 98/98/98 102/102/102 86/86/86
f 94/94/94 99/99/99 98/98/98
f 99/99/99 103/103/103 98/98/98
f 95/95/95 100/100/100 99/99/99
f 100/100/100 103/103/103 99/99/99
f 100/100/100 104/104/104 103/103/103
f 96/96/96 101/101/101 100/100/100
f 101/101/101 105/105/105 100/100/100
f 102/102/102 106/106/106 86/86/86
f 98/98/98 103/103/103 102/102/102
f 103/103/103 106/106/106 102/102/102
f 103/103/103 107/107/107 106/106/106
f 104/104/104 107/107/107 103/103/103
f 104/104/104 108/108/108 107/107/107
f 100/100/100 105/105/105 104/104/104
f 105/105/105 109/109/109 104/104/104
f 107/107/107 110/110/110 106/106/106
f 108/108/108 110/110/110 107/107/107
f 108/108/108 111/111/111 110/110/110
f 104/104/104 109/109/109 108/108/108
f 109/109/109 112/112/112 108/108/108
f 110/110/110 113/113/113 106/106/106
f 111/111/111 113/113/113 110/110/110
f 111/111/111 114/114/114 113/113/113
f 108/108/108 115/115/115 111/111/111
f 112/112/112 115/115/115 108/108/108
f 112/112/112 116/116/116 115/115/115
f 114/114/114 117/117/117 113/113/113
f 111/111/111 116/116/116 114/114/114
f 116/116/116 111/111/111 115/115/115
f 112/112/112 118/118/118 116/116/116
f 117/117/117 119/119/119 113/113/113
f 114/114/114 120/120/120 117/117/117
f 116/116/116 120/120/120 114/114/114
f 116/116/116 118/118/118 120/120/120
f 118/118/118 121/121/121 120/120/120
f 117/117/117 122/122/122 119/119/119
f 120/120/120 122/122/122 117/117/117
f 120/120/120 121/121/121 122/122/122
f 121/121/121 123/123/123 122/122/122
f 122/122/122 124/124/124 119/119/119
f 123/123/123 124/124/124 122/122/122
f 123/123/123 125/125/125 124/124/124
f 124/124/124 126/126/126 119/119/119
f 125/125/125 126/126/126 124/124/124
f 125/125/125 127/127/127 126/126/126
f 126/126/126 128/128/128 119/119/119
f 127/127/127 128/128/128 126/126/126
f 127/127/127 129/129/129 128/128/128
f 128/128/128 130/130/130 119/119/119
f 129/129/129 130/130/130 128/128/128
f 129/129/129 131/131/131 130/130/130
f 132/132/132 133/133/133 134/134/134
f 134/134/134 135/135/135 132/132/132
f 134/134/134 136/136/136 135/135/135
f 136/136/136 132/132/132 135/135/135
f 134/134/134 137/137/137 136/136/136
f 137/137/137 138/138/138 136/136/136
f 134/134/134 139/139/139 137/137/137
f 137/137/137 140/140/140 138/138/138
f 139/139/139 141/141/141 137/137/137
f 137/137/137 141/141/141 140/140/140
f 141/141/141 142/142/142 140/140/140
f 139/139/139 142/142/142 141/141/141
f 139/139/139 143/143/143 142/142/142
f 142/142/142 143/143/143 140/140/140
f 143/143/143 144/144/144 140/140/140
f 139/139/139 144/144/144 143/143/143
f 139/139/139 145/145/145 144/144/144
f 144/144/144 146/146/146 140/140/140
f 145/145/145 147/147/147 144/144/144
f 146/146/146 148/148/148 140/140/140
f 144/144/144 149/149/149 146/146/146
f 147/147/147 149/149/149 144/144/144
f 147/147/147 150/150/150 149/149/149
f 145/145/145 151/151/151 147/147/147
f 148/148/148 152/152/152 140/140/140
f 146/146/146 153/153/153 148/148/148
f 149/149/149 154/154/154 146/146/146
f 150/150/150 154/154/154 149/149/149
f 150/150/150 155/155/155 154/154/154
f 147/147/147 151/151/151 150/150/150
f 151/151/151 156/156/156 150/150/150
f 145/145/145 157/157/157 151/151/151
f 148/148/148 153/153/153 152/152/152
f 153/153/153 158/158/158 152/152/152
f 146/146/146 154/154/154 153/153/153
f 154/154/154 159/159/159 153/153/153
f 155/155/155 158/158/158 154/154/154
f 150/150/150 160/160/160 155/155/155
f 151/151/151 161/161/161 156/156/156
f 145/145/145 162/162/162 157/157/157
f 158/158/158 163/163/163 152/152/152
f 159/159/159 163/163/163 153/153/153
f 160/160/160 164/164/164 155/155/155
f 161/161/161 165/165/165 156/156/156
f 151/151/151 157/157/157 161/161/161
f 157/157/157 162/162/162 161/161/161
f 162/162/162 166/166/166 161/161/161
f 145/145/145 166/166/166 162/162/162
f 145/145/145 167/167/167 166/166/166
f 163/163/163 168/168/168 152/152/152
f 164/164/164 169/169/169 155/155/155
f 160/160/160 170/170/170 164/164/164
f 165/165/165 171/171/171 156/156/156
f 161/161/161 166/166/166 165/165/165
f 166/166/166 171/171/171 165/165/165
f 166/166/166 167/167/167 171/171/171
f 167/167/167 172/172/172 171/171/171
f 145/145/145 173/173/173 167/167/167
f 168/168/168 174/174/174 152/152/152
f 163/163/163 175/175/175 168/168/168
f 169/169/169 176/176/176 155/155/155
f 164/164/164 177/177/177 169/169/169
f 160/160/160 178/178/178 170/170/170
f 171/171/171 172/172/172 156/156/156
f 167/167/167 173/173/173 172/172/172
f 173/173/173 179/179/179 172/172/172
f 174/174/174 140/140/140 152/152/152
f 174/174/174 138/138/138 140/140/140
f 168/168/168 175/175/175 174/174/174
f 163/163/163 180/180/180 175/175/175
f 176/176/176 181/181/181 155/155/155
f 169/169/169 177/177/177 176/176/176
f 177/177/177 182/182/182 176/176/176
f 164/164/164 183/183/183 177/177/177
f 178/178/178 184/184/184 170/170/170
f 173/173/173 185/185/185 179/179/179
f 180/180/180 186/186/186 175/175/175
f 181/181/181 187/187/187 155/155/155
f 182/182/182 188/188/188 176/176/176
f 177/177/177 189/189/189 182/182/182
f 183/183/183 190/190/190 177/177/177
f 164/164/164 170/170/170 183/183/183
f 170/170/170 184/184/184 183/183/183
f 184/184/184 191/191/191 183/183/183
f 178/178/178 191/191/191 184/184/184
f 178/178/178 192/192/192 191/191/191
f 185/185/185 193/193/193 179/179/179
f 173/173/173 194/194/194 185/185/185
f 188/188/188 181/181/181 176/176/176
f 188/188/188 187/187/187 181/181/181
f 188/188/188 195/195/195 187/187/187
f 182/182/182 196/196/196 188/188/188
f 189/189/189 196/196/196 182/182/182
f 189/189/189 197/197/197 196/196/196
f 177/177/177 198/198/198 189/189/189
f 183/183/183 199/199/199 190/190/190
f 191/191/191 199/199/199 183/183/183
f 191/191/191 200/200/200 199/199/199
f 192/192/192 200/200/200 191/191/191
f 192/192/192 201/201/201 200/200/200
f 178/178/178 202/202/202 192/192/192
f 185/185/185 203/203/203 193/193/193
f 194/194/194 204/204/204 185/185/185
f 173/173/173 205/205/205 194/194/194
f 195/195/195 206/206/206 187/187/187
f 188/188/188 207/207/207 195/195/195
f 196/196/196 207/207/207 188/188/188
f 196/196/196 208/208/208 207/207/207
f 197/197/197 208/208/208 196/196/196
f 189/189/189 198/198/198 197/197/197
f 198/198/198 190/190/190 197/197/197
f 200/200/200 209/209/209 199/199/199
f 201/201/201 209/209/209 200/200/200
f 201/201/201 210/210/210 209/209/209
f 192/192/192 211/211/211 201/201/201
f 202/202/202 212/212/212 192/192/192
f 203/203/203 213/213/213 193/193/193
f 185/185/185 204/204/204 203/203/203
f 204/204/204 214/214/214 203/203/203
f 194/194/194 215/215/215 204/204/204
f 205/205/205 215/215/215 194/194/194
f 205/205/205 216/216/216 215/215/215
f 173/173/173 216/216/216 205/205/205
f 195/195/195 217/217/217 206/206/206
f 207/207/207 217/217/217 195/195/195
f 207/207/207 218/218/218 217/217/217
f 190/190/190 219/219/219 197/197/197
f 198/198/198 177/177/177 190/190/190
f 209/209/209 210/210/210 199/199/199
f 210/210/210 220/220/220 199/199/199
f 201/201/201 220/220/220 210/210/210
f 211/211/211 221/221/221 201/201/201
f 192/192/192 212/212/212 211/211/211
f 212/212/212 222/222/222 211/211/211
f 202/202/202 223/223/223 212/212/212
f 203/203/203 224/224/224 213/213/213
f 214/214/214 224/224/224 203/203/203
f 214/214/214 225/225/225 224/224/224
f 204/204/204 215/215/215 214/214/214
f 215/215/215 225/225/225 214/214/214
f 215/215/215 226/226/226 225/225/225
f 217/217/217 218/218/218 206/206/206
f 207/207/207 227/227/227 218/218/218
f 220/220/220 228/228/228 199/199/199
f 221/221/221 229/229/229 201/201/201
f 211/211/211 230/230/230 221/221/221
f 222/222/222 230/230/230 211/211/211
f 222/222/222 231/231/231 230/230/230
f 212/212/212 232/232/232 222/222/222
f 223/223/223 232/232/232 212/212/212
f 224/224/224 233/233/233 213/213/213
f 225/225/225 234/234/234 224/224/224
f 226/226/226 235/235/235 225/225/225
f 215/215/215 236/236/236 226/226/226
f 227/227/227 237/237/237 218/218/218
f 228/228/228 218/218/218 199/199/199
f 220/220/220 238/238/238 228/228/228
f 229/229/229 239/239/239 201/201/201
f 221/221/221 240/240/240 229/229/229
f 230/230/230 241/241/241 221/221/221
f 231/231/231 241/241/241 230/230/230
f 231/231/231 242/242/242 241/241/241
f 222/222/222 243/243/243 231/231/231
f 232/232/232 243/243/243 222/222/222
f 224/224/224 244/244/244 233/233/233
f 234/234/234 244/244/244 224/224/224
f 234/234/234 245/245/245 244/244/244
f 225/225/225 246/246/246 234/234/234
f 235/235/235 246/246/246 225/225/225
f 235/235/235 247/247/247 246/246/246
f 226/226/226 236/236/236 235/235/235
f 236/236/236 247/247/247 235/235/235
f 236/236/236 248/248/248 247/247/247
f 237/237/237 238/238/238 218/218/218
f 227/227/227 249/249/249 237/237/237
f 239/239/239 250/250/250 201/201/201
f 229/229/229 251/251/251 239/239/239
f 240/240/240 252/252/252 229/229/229
f 221/221/221 241/241/241 240/240/240
f 241/241/241 253/253/253 240/240/240
f 242/242/242 253/253/253 241/241/241
f 242/242/242 254/254/254 253/253/253
f 231/231/231 254/254/254 242/242/242
f 231/231/231 243/243/243 254/254/254
f 234/234/234 255/255/255 245/245/245
f 246/246/246 255/255/255 234/234/234
f 246/246/246 256/256/256 255/255/255
f 247/247/247 257/257/257 246/246/246
f 248/248/248 258/258/258 247/247/247
f 236/236/236 259/259/259 248/248/248
f 238/238/238 260/260/260 218/218/218
f 237/237/237 261/261/261 238/238/238
f 249/249/249 262/262/262 237/237/237
f 239/239/239 263/263/263 250/250/250
f 251/251/251 263/263/263 239/239/239
f 251/251/251 264/264/264 263/263/263
f 229/229/229 265/265/265 251/251/251
f 252/252/252 265/265/265 229/229/229
f 252/252/252 266/266/266 265/265/265
f 240/240/240 267/267/267 252/252/252
f 253/253/253 267/267/267 240/240/240
f 253/253/253 268/268/268 267/267/267
f 254/254/254 268/268/268 253/253/253
f 255/255/255 269/269/269 245/245/245
f 256/256/256 269/269/269 255/255/255
f 256/256/256 257/257/257 269/269/269
f 257/257/257 256/256/256 246/246/246
f 247/247/247 258/258/258 257/257/257
f 248/248/248 270/270/270 258/258/258
f 259/259/259 270/270/270 248/248/248
f 259/259/259 271/271/271 270/270/270
f 238/238/238 206/206/206 260/260/260
f 237/237/237 272/272/272 261/261/261
f 262/262/262 273/273/273 237/237/237
f 263/263/263 274/274/274 250/250/250
f 264/264/264 275/275/275 263/263/263
f 251/251/251 276/276/276 264/264/264
f 265/265/265 276/276/276 251/251/251
f 265/265/265 266/266/266 276/276/276
f 266/266/266 277/277/277 276/276/276
f 252/252/252 267/267/267 266/266/266
f 267/267/267 278/278/278 266/266/266
f 268/268/268 278/278/278 267/267/267
f 269/269/269 279/279/279 245/245/245
f 257/257/257 280/280/280 269/269/269
f 270/270/270 271/271/271 258/258/258
f 271/271/271 281/281/281 258/258/258
f 259/259/259 282/282/282 271/271/271
f 237/237/237 283/283/283 272/272/272
f 273/273/273 283/283/283 237/237/237
f 273/273/273 284/284/284 283/283/283
f 262/262/262 285/285/285 273/273/273
f 274/274/274 286/286/286 250/250/250
f 263/263/263 275/275/275 274/274/274
f 275/275/275 287/287/287 274/274/274
f 264/264/264 288/288/288 275/275/275
f 276/276/276 277/277/277 264/264/264
f 277/277/277 288/288/288 264/264/264
f 266/266/266 278/278/278 277/277/277
f 269/269/269 280/280/280 279/279/279
f 280/280/280 289/289/289 279/279/279
f 257/257/257 289/289/289 280/280/280
f 271/271/271 290/290/290 281/281/281
f 282/282/282 290/290/290 271/271/271
f 282/282/282 259/259/259 290/290/290
f 273/273/273 291/291/291 284/284/284
f 285/285/285 291/291/291 273/273/273
f 285/285/285 292/292/292 291/291/291
f 286/286/286 293/293/293 250/250/250
f 274/274/274 287/287/287 286/286/286
f 287/287/287 294/294/294 286/286/286
f 275/275/275 295/295/295 287/287/287
f 288/288/288 295/295/295 275/275/275
f 288/288/288 296/296/296 295/295/295
f 290/290/290 297/297/297 281/281/281
f 291/291/291 298/298/298 284/284/284
f 292/292/292 298/298/298 291/291/291
f 292/292/292 299/299/299 298/298/298
f 286/286/286 300/300/300 293/293/293
f 294/294/294 300/300/300 286/286/286
f 294/294/294 301/301/301 300/300/300
f 287/287/287 302/302/302 294/294/294
f 295/295/295 302/302/302 287/287/287
f 295/295/295 296/296/296 302/302/302
f 296/296/296 303/303/303 302/302/302
f 288/288/288 304/304/304 296/296/296
f 297/297/297 305/305/305 281/281/281
f 290/290/290 306/306/306 297/297/297
f 298/298/298 307/307/307 284/284/284
f 299/299/299 308/308/308 298/298/298
f 300/300/300 309/309/309 293/293/293
f 301/301/301 310/310/310 300/300/300
f 294/294/294 311/311/311 301/301/301
f 302/302/302 312/312/312 294/294/294
f 296/296/296 313/313/313 303/303/303
f 304/304/304 314/314/314 296/296/296
f 288/288/288 277/277/277 304/304/304
f 297/297/297 315/315/315 305/305/305
f 306/306/306 316/316/316 297/297/297
f 290/290/290 317/317/317 306/306/306
f 307/307/307 318/318/318 284/284/284
f 298/298/298 308/308/308 307/307/307
f 308/308/308 319/319/319 307/307/307
f 299/299/299 320/320/320 308/308/308
f 300/300/300 310/310/310 309/309/309
f 310/310/310 321/321/321 309/309/309
f 301/301/301 322/322/322 310/310/310
f 311/311/311 323/323/323 301/301/301
f 294/294/294 312/312/312 311/311/311
f 312/312/312 324/324/324 311/311/311
f 302/302/302 325/325/325 312/312/312
f 313/313/313 326/326/326 303/303/303
f 296/296/296 314/314/314 313/313/313
f 314/314/314 327/327/327 313/313/313
f 304/304/304 328/328/328 314/314/314
f 315/315/315 329/329/329 305/305/305
f 297/297/297 316/316/316 315/315/315
f 316/316/316 330/330/330 315/315/315
f 306/306/306 331/331/331 316/316/316
f 317/317/317 332/332/332 306/306/306
f 290/290/290 259/259/259 317/317/317
f 307/307/307 333/333/333 318/318/318
f 319/319/319 333/333/333 307/307/307
f 319/319/319 334/334/334 333/333/333
f 308/308/308 320/320/320 319/319/319
f 320/320/320 334/334/334 319/319/319
f 320/320/320 335/335/335 334/334/334
f 299/299/299 336/336/336 320/320/320
f 310/310/310 337/337/337 321/321/321
f 322/322/322 337/337/337 310/310/310
f 322/322/322 323/323/323 337/337/337
f 301/301/301 338/338/338 322/322/322
f 311/311/311 303/303/303 323/323/323
f 326/326/326 339/339/339 303/303/303
f 313/313/313 340/340/340 326/326/326
f 327/327/327 340/340/340 313/313/313
f 327/327/327 341/341/341 340/340/340
f 314/314/314 342/342/342 327/327/327
f 328/328/328 342/342/342 314/314/314
f 328/328/328 343/343/343 342/342/342
f 315/315/315 344/344/344 329/329/329
f 330/330/330 344/344/344 315/315/315
f 330/330/330 345/345/345 344/344/344
f 316/316/316 346/346/346 330/330/330
f 331/331/331 347/347/347 316/316/316
f 306/306/306 332/332/332 331/331/331
f 332/332/332 348/348/348 331/331/331
f 317/317/317 349/349/349 332/332/332
f 333/333/333 350/350/350 318/318/318
f 334/334/334 351/351/351 333/333/333
f 335/335/335 352/352/352 334/334/334
f 320/320/320 336/336/336 335/335/335
f 336/336/336 353/353/353 335/335/335
f 323/323/323 354/354/354 337/337/337
f 322/322/322 338/338/338 323/323/323
f 338/338/338 355/355/355 323/323/323
f 311/311/311 324/324/324 303/303/303
f 339/339/339 355/355/355 303/303/303
f 326/326/326 356/356/356 339/339/339
f 340/340/340 356/356/356 326/326/326
f 340/340/340 357/357/357 356/356/356
f 341/341/341 357/357/357 340/340/340
f 327/327/327 358/358/358 341/341/341
f 342/342/342 358/358/358 327/327/327
f 342/342/342 343/343/343 358/358/358
f 328/328/328 359/359/359 343/343/343
f 345/345/345 360/360/360 344/344/344
f 330/330/330 346/346/346 345/345/345
f 346/346/346 361/361/361 345/345/345
f 316/316/316 362/362/362 346/346/346
f 331/331/331 348/348/348 347/347/347
f 348/348/348 363/363/363 347/347/347
f 332/332/332 364/364/364 348/348/348
f 349/349/349 364/364/364 332/332/332
f 349/349/349 365/365/365 364/364/364
f 317/317/317 365/365/365 349/349/349
f 350/350/350 366/366/366 318/318/318
f 333/333/333 351/351/351 350/350/350
f 351/351/351 367/367/367 350/350/350
f 334/334/334 352/352/352 351/351/351
f 352/352/352 367/367/367 351/351/351
f 352/352/352 368/368/368 367/367/367
f 335/335/335 369/369/369 352/352/352
f 353/353/353 370/370/370 335/335/335
f 323/323/323 371/371/371 354/354/354
f 355/355/355 338/338/338 303/303/303
f 339/339/339 372/372/372 355/355/355
f 356/356/356 373/373/373 339/339/339
f 357/357/357 374/374/374 356/356/356
f 345/345/345 375/375/375 360/360/360
f 361/361/361 376/376/376 345/345/345
f 346/346/346 362/362/362 361/361/361
f 362/362/362 377/377/377 361/361/361
f 316/316/316 347/347/347 362/362/362
f 347/347/347 363/363/363 362/362/362
f 363/363/363 378/378/378 362/362/362
f 348/348/348 378/378/378 363/363/363
f 348/348/348 379/379/379 378/378/378
f 364/364/364 380/380/380 348/348/348
f 366/366/366 381/381/381 318/318/318
f 350/350/350 382/382/382 366/366/366
f 367/367/367 383/383/383 350/350/350
f 368/368/368 383/383/383 367/367/367
f 368/368/368 384/384/384 383/383/383
f 352/352/352 385/385/385 368/368/368
f 335/335/335 370/370/370 369/369/369
f 370/370/370 386/386/386 369/369/369
f 371/371/371 387/387/387 354/354/354
f 372/372/372 371/371/371 355/355/355
f 339/339/339 373/373/373 372/372/372
f 373/373/373 388/388/388 372/372/372
f 356/356/356 374/374/374 373/373/373
f 374/374/374 388/388/388 373/373/373
f 374/374/374 389/389/389 388/388/388
f 375/375/375 390/390/390 360/360/360
f 345/345/345 376/376/376 375/375/375
f 376/376/376 391/391/391 375/375/375
f 361/361/361 377/377/377 376/376/376
f 377/377/377 392/392/392 376/376/376
f 362/362/362 392/392/392 377/377/377
f 362/362/362 393/393/393 392/392/392
f 378/378/378 394/394/394 362/362/362
f 379/379/379 395/395/395 378/378/378
f 348/348/348 396/396/396 379/379/379
f 380/380/380 397/397/397 348/348/348
f 364/364/364 398/398/398 380/380/380
f 381/381/381 399/399/399 318/318/318
f 366/366/366 400/400/400 381/381/381
f 382/382/382 400/400/400 366/366/366
f 382/382/382 401/401/401 400/400/400
f 350/350/350 402/402/402 382/382/382
f 383/383/383 384/384/384 350/350/350
f 384/384/384 402/402/402 350/350/350
f 384/384/384 368/368/368 402/402/402
f 368/368/368 382/382/382 402/402/402
f 368/368/368 401/401/401 382/382/382
f 368/368/368 403/403/403 401/401/401
f 385/385/385 404/404/404 368/368/368
f 352/352/352 399/399/399 385/385/385
f 386/386/386 385/385/385 369/369/369
f 387/387/387 405/405/405 354/354/354
f 371/371/371 406/406/406 387/387/387
f 372/372/372 406/406/406 371/371/371
f 372/372/372 388/388/388 406/406/406
f 388/388/388 407/407/407 406/406/406
f 389/389/389 407/407/407 388/388/388
f 389/389/389 408/408/408 407/407/407
f 375/375/375 409/409/409 390/390/390
f 391/391/391 410/410/410 375/375/375
f 376/376/376 411/411/411 391/391/391
f 392/392/392 411/411/411 376/376/376
f 392/392/392 412/412/412 411/411/411
f 393/393/393 413/413/413 392/392/392
f 362/362/362 414/414/414 393/393/393
f 394/394/394 415/415/415 362/362/362
f 395/395/395 394/394/394 378/378/378
f 395/395/395 416/416/416 394/394/394
f 379/379/379 396/396/396 395/395/395
f 396/396/396 417/417/417 395/395/395
f 348/348/348 417/417/417 396/396/396
f 348/348/348 418/418/418 417/417/417
f 397/397/397 419/419/419 348/348/348
f 380/380/380 420/420/420 397/397/397
f 398/398/398 421/421/421 380/380/380
f 399/399/399 284/284/284 318/318/318
f 399/399/399 369/369/369 284/284/284
f 400/400/400 422/422/422 381/381/381
f 401/401/401 403/403/403 400/400/400
f 403/403/403 422/422/422 400/400/400
f 403/403/403 423/423/423 422/422/422
f 368/368/368 424/424/424 403/403/403
f 404/404/404 425/425/425 368/368/368
f 385/385/385 426/426/426 404/404/404
f 386/386/386 426/426/426 385/385/385
f 387/387/387 427/427/427 405/405/405
f 406/406/406 428/428/428 387/387/387
f 407/407/407 428/428/428 406/406/406
f 407/407/407 429/429/429 428/428/428
f 408/408/408 429/429/429 407/407/407
f 408/408/408 430/430/430 429/429/429
f 375/375/375 431/431/431 409/409/409
f 410/410/410 431/431/431 375/375/375
f 410/410/410 432/432/432 431/431/431
f 391/391/391 433/433/433 410/410/410
f 411/411/411 412/412/412 391/391/391
f 412/412/412 433/433/433 391/391/391
f 412/412/412 434/434/434 433/433/433
f 392/392/392 435/435/435 412/412/412
f 413/413/413 436/436/436 392/392/392
f 393/393/393 414/414/414 413/413/413
f 414/414/414 437/437/437 413/413/413
f 362/362/362 438/438/438 414/414/414
f 415/415/415 439/439/439 362/362/362
f 394/394/394 440/440/440 415/415/415
f 416/416/416 440/440/440 394/394/394
f 395/395/395 417/417/417 416/416/416
f 417/417/417 418/418/418 416/416/416
f 418/418/418 441/441/441 416/416/416
f 419/419/419 442/442/442 348/348/348
f 397/397/397 443/443/443 419/419/419
f 420/420/420 444/444/444 397/397/397
f 380/380/380 421/421/421 420/420/420
f 421/421/421 445/445/445 420/420/420
f 422/422/422 446/446/446 381/381/381
f 423/423/423 447/447/447 422/422/422
f 403/403/403 448/448/448 423/423/423
f 424/424/424 449/449/449 403/403/403
f 368/368/368 425/425/425 424/424/424
f 425/425/425 449/449/449 424/424/424
f 425/425/425 450/450/450 449/449/449
f 404/404/404 451/451/451 425/425/425
f 426/426/426 451/451/451 404/404/404
f 427/427/427 452/452/452 405/405/405
f 387/387/387 428/428/428 427/427/427
f 428/428/428 453/453/453 427/427/427
f 429/429/429 453/453/453 428/428/428
f 429/429/429 454/454/454 453/453/453
f 430/430/430 454/454/454 429/429/429
f 430/430/430 455/455/455 454/454/454
f 432/432/432 456/456/456 431/431/431
f 410/410/410 436/436/436 432/432/432
f 412/412/412 435/435/435 434/434/434
f 435/435/435 457/457/457 434/434/434
f 436/436/436 456/456/456 392/392/392
f 413/413/413 458/458/458 436/436/436
f 437/437/437 458/458/458 413/413/413
f 437/437/437 459/459/459 458/458/458
f 414/414/414 460/460/460 437/437/437
f 438/438/438 461/461/461 414/414/414
f 362/362/362 442/442/442 438/438/438
f 439/439/439 462/462/462 362/362/362
f 415/415/415 463/463/463 439/439/439
f 440/440/440 464/464/464 415/415/415
f 441/441/441 465/465/465 416/416/416
f 418/418/418 444/444/444 441/441/441
f 419/419/419 443/443/443 442/442/442
f 397/397/397 418/418/418 443/443/443
f 420/420/420 466/466/466 444/444/444
f 445/445/445 466/466/466 420/420/420
f 445/445/445 467/467/467 466/466/466
f 421/421/421 468/468/468 445/445/445
f 446/446/446 385/385/385 381/381/381
f 422/422/422 469/469/469 446/446/446
f 447/447/447 470/470/470 422/422/422
f 423/423/423 448/448/448 447/447/447
f 403/403/403 471/471/471 448/448/448
f 449/449/449 472/472/472 403/403/403
f 450/450/450 472/472/472 449/449/449
f 450/450/450 473/473/473 472/472/472
f 425/425/425 473/473/473 450/450/450
f 451/451/451 474/474/474 425/425/425
f 452/452/452 475/475/475 405/405/405
f 427/427/427 476/476/476 452/452/452
f 453/453/453 476/476/476 427/427/427
f 453/453/453 477/477/477 476/476/476
f 454/454/454 477/477/477 453/453/453
f 454/454/454 455/455/455 477/477/477
f 455/455/455 478/478/478 477/477/477
f 456/456/456 409/409/409 431/431/431
f 456/456/456 479/479/479 409/409/409
f 432/432/432 480/480/480 456/456/456
f 436/436/436 459/459/459 432/432/432
f 410/410/410 435/435/435 436/436/436
f 435/435/435 481/481/481 457/457/457
f 437/437/437 482/482/482 459/459/459
f 414/414/414 462/462/462 460/460/460
f 438/438/438 483/483/483 461/461/461
f 442/442/442 484/484/484 438/438/438
f 439/439/439 460/460/460 462/462/462
f 415/415/415 464/464/464 463/463/463
f 441/441/441 466/466/466 465/465/465
f 418/418/418 397/397/397 444/444/444
f 466/466/466 441/441/441 444/444/444
f 467/467/467 485/485/485 466/466/466
f 445/445/445 486/486/486 467/467/467
f 468/468/468 486/486/486 445/445/445
f 446/446/446 425/425/425 385/385/385
f 469/469/469 487/487/487 446/446/446
f 422/422/422 470/470/470 469/469/469
f 470/470/470 488/488/488 469/469/469
f 447/447/447 489/489/489 470/470/470
f 471/471/471 490/490/490 448/448/448
f 473/473/473 487/487/487 472/472/472
f 451/451/451 491/491/491 474/474/474
f 452/452/452 492/492/492 475/475/475
f 476/476/476 493/493/493 452/452/452
f 477/477/477 494/494/494 476/476/476
f 478/478/478 495/495/495 477/477/477
f 479/479/479 390/390/390 409/409/409
f 479/479/479 360/360/360 390/390/390
f 479/479/479 344/344/344 360/360/360
f 479/479/479 329/329/329 344/344/344
f 479/479/479 305/305/305 329/329/329
f 456/456/456 496/496/496 479/479/479
f 432/432/432 458/458/458 480/480/480
f 436/436/436 497/497/497 459/459/459
f 435/435/435 498/498/498 436/436/436
f 410/410/410 433/433/433 435/435/435
f 433/433/433 499/499/499 435/435/435
f 435/435/435 499/499/499 481/481/481
f 499/499/499 500/500/500 481/481/481
f 482/482/482 499/499/499 459/459/459
f 437/437/437 497/497/497 482/482/482
f 483/483/483 501/501/501 461/461/461
f 438/438/438 484/484/484 483/483/483
f 484/484/484 502/502/502 483/483/483
f 466/466/466 503/503/503 465/465/465
f 467/467/467 504/504/504 485/485/485
f 487/487/487 473/473/473 446/446/446
f 473/473/473 474/474/474 446/446/446
f 469/469/469 505/505/505 487/487/487
f 488/488/488 505/505/505 469/469/469
f 489/489/489 488/488/488 470/470/470
f 489/489/489 505/505/505 488/488/488
f 489/489/489 448/448/448 505/505/505
f 490/490/490 505/505/505 448/448/448
f 490/490/490 447/447/447 505/505/505
f 471/471/471 506/506/506 490/490/490
f 487/487/487 448/448/448 472/472/472
f 491/491/491 507/507/507 474/474/474
f 492/492/492 508/508/508 475/475/475
f 452/452/452 493/493/493 492/492/492
f 493/493/493 509/509/509 492/492/492
f 476/476/476 494/494/494 493/493/493
f 494/494/494 510/510/510 493/493/493
f 477/477/477 495/495/495 494/494/494
f 495/495/495 511/511/511 494/494/494
f 458/458/458 512/512/512 480/480/480
f 497/497/497 513/513/513 459/459/459
f 433/433/433 514/514/514 499/499/499
f 500/500/500 515/515/515 481/481/481
f 497/497/497 514/514/514 482/482/482
f 437/437/437 516/516/516 497/497/497
f 483/483/483 463/463/463 501/501/501
f 502/502/502 517/517/517 483/483/483
f 484/484/484 518/518/518 502/502/502
f 503/503/503 519/519/519 465/465/465
f 466/466/466 485/485/485 503/503/503
f 485/485/485 519/519/519 503/503/503
f 485/485/485 504/504/504 519/519/519
f 467/467/467 519/519/519 504/504/504
f 473/473/473 520/520/520 474/474/474
f 471/471/471 521/521/521 506/506/506
f 507/507/507 446/446/446 474/474/474
f 507/507/507 472/472/472 446/446/446
f 491/491/491 520/520/520 507/507/507
f 492/492/492 522/522/522 508/508/508
f 509/509/509 522/522/522 492/492/492
f 509/509/509 523/523/523 522/522/522
f 493/493/493 510/510/510 509/509/509
f 510/510/510 524/524/524 509/509/509
f 494/494/494 511/511/511 510/510/510
f 511/511/511 524/524/524 510/510/510
f 511/511/511 525/525/525 524/524/524
f 512/512/512 414/414/414 480/480/480
f 458/458/458 513/513/513 512/512/512
f 514/514/514 498/498/498 499/499/499
f 433/433/433 434/434/434 514/514/514
f 434/434/434 457/457/457 514/514/514
f 515/515/515 526/526/526 481/481/481
f 500/500/500 527/527/527 515/515/515
f 437/437/437 528/528/528 516/516/516
f 517/517/517 529/529/529 483/483/483
f 502/502/502 518/518/518 517/517/517
f 518/518/518 530/530/530 517/517/517
f 484/484/484 531/531/531 518/518/518
f 520/520/520 532/532/532 474/474/474
f 473/473/473 533/533/533 520/520/520
f 471/471/471 534/534/534 521/521/521
f 472/472/472 352/352/352 446/446/446
f 491/491/491 532/532/532 520/520/520
f 491/491/491 451/451/451 532/532/532
f 451/451/451 426/426/426 532/532/532
f 426/426/426 386/386/386 532/532/532
f 522/522/522 535/535/535 508/508/508
f 523/523/523 535/535/535 522/522/522
f 523/523/523 536/536/536 535/535/535
f 509/509/509 524/524/524 523/523/523
f 524/524/524 537/537/537 523/523/523
f 525/525/525 537/537/537 524/524/524
f 525/525/525 538/538/538 537/537/537
f 414/414/414 496/496/496 480/480/480
f 512/512/512 439/439/439 414/414/414
f 515/515/515 539/539/539 526/526/526
f 527/527/527 540/540/540 515/515/515
f 500/500/500 541/541/541 527/527/527
f 528/528/528 542/542/542 516/516/516
f 437/437/437 460/460/460 528/528/528
f 529/529/529 543/543/543 483/483/483
f 517/517/517 530/530/530 529/529/529
f 530/530/530 543/543/543 529/529/529
f 530/530/530 501/501/501 543/543/543
f 518/518/518 544/544/544 530/530/530
f 531/531/531 362/362/362 518/518/518
f 484/484/484 545/545/545 531/531/531
f 533/533/533 546/546/546 520/520/520
f 473/473/473 547/547/547 533/533/533
f 534/534/534 548/548/548 521/521/521
f 471/471/471 549/549/549 534/534/534
f 535/535/535 550/550/550 508/508/508
f 536/536/536 550/550/550 535/535/535
f 536/536/536 551/551/551 550/550/550
f 523/523/523 552/552/552 536/536/536
f 537/537/537 552/552/552 523/523/523
f 537/537/537 553/553/553 552/552/552
f 538/538/538 553/553/553 537/537/537
f 538/538/538 554/554/554 553/553/553
f 539/539/539 555/555/555 526/526/526
f 515/515/515 554/554/554 539/539/539
f 527/527/527 556/556/556 540/540/540
f 541/541/541 557/557/557 527/527/527
f 500/500/500 558/558/558 541/541/541
f 528/528/528 559/559/559 542/542/542
f 530/530/530 544/544/544 501/501/501
f 544/544/544 461/461/461 501/501/501
f 544/544/544 518/518/518 461/461/461
f 531/531/531 545/545/545 362/362/362
f 545/545/545 443/443/443 362/362/362
f 533/533/533 560/560/560 546/546/546
f 547/547/547 561/561/561 533/533/533
f 473/473/473 562/562/562 547/547/547
f 548/548/548 563/563/563 521/521/521
f 534/534/534 564/564/564 548/548/548
f 549/549/549 565/565/565 534/534/534
f 471/471/471 487/487/487 549/549/549
f 536/536/536 566/566/566 551/551/551
f 552/552/552 566/566/566 536/536/536
f 552/552/552 567/567/567 566/566/566
f 553/553/553 567/567/567 552/552/552
f 553/553/553 568/568/568 567/567/567
f 554/554/554 568/568/568 553/553/553
f 555/555/555 569/569/569 526/526/526
f 539/539/539 570/570/570 555/555/555
f 554/554/554 570/570/570 539/539/539
f 556/556/556 571/571/571 540/540/540
f 541/541/541 572/572/572 557/557/557
f 558/558/558 573/573/573 541/541/541
f 528/528/528 574/574/574 559/559/559
f 545/545/545 348/348/348 443/443/443
f 560/560/560 575/575/575 546/546/546
f 561/561/561 576/576/576 533/533/533
f 547/547/547 577/577/577 561/561/561
f 548/548/548 578/578/578 563/563/563
f 564/564/564 578/578/578 548/548/548
f 564/564/564 579/579/579 578/578/578
f 534/534/534 565/565/565 564/564/564
f 565/565/565 579/579/579 564/564/564
f 565/565/565 580/580/580 579/579/579
f 549/549/549 581/581/581 565/565/565
f 487/487/487 562/562/562 549/549/549
f 566/566/566 582/582/582 551/551/551
f 567/567/567 582/582/582 566/566/566
f 567/567/567 583/583/583 582/582/582
f 568/568/568 583/583/583 567/567/567
f 568/568/568 570/570/570 583/583/583
f 569/569/569 584/584/584 526/526/526
f 555/555/555 585/585/585 569/569/569
f 570/570/570 586/586/586 555/555/555
f 571/571/571 587/587/587 540/540/540
f 556/556/556 588/588/588 571/571/571
f 572/572/572 589/589/589 557/557/557
f 541/541/541 590/590/590 572/572/572
f 573/573/573 591/591/591 541/541/541
f 558/558/558 592/592/592 573/573/573
f 528/528/528 593/593/593 574/574/574
f 560/560/560 594/594/594 575/575/575
f 576/576/576 594/594/594 533/533/533
f 561/561/561 577/577/577 576/576/576
f 577/577/577 595/595/595 576/576/576
f 578/578/578 596/596/596 563/563/563
f 579/579/579 580/580/580 578/578/578
f 580/580/580 596/596/596 578/578/578
f 580/580/580 597/597/597 596/596/596
f 565/565/565 598/598/598 580/580/580
f 581/581/581 598/598/598 565/565/565
f 581/581/581 599/599/599 598/598/598
f 549/549/549 599/599/599 581/581/581
f 549/549/549 600/600/600 599/599/599
f 582/582/582 601/601/601 551/551/551
f 583/583/583 602/602/602 582/582/582
f 569/569/569 603/603/603 584/584/584
f 585/585/585 604/604/604 569/569/569
f 555/555/555 605/605/605 585/585/585
f 586/586/586 605/605/605 555/555/555
f 586/586/586 606/606/606 605/605/605
f 587/587/587 603/603/603 540/540/540
f 571/571/571 607/607/607 587/587/587
f 588/588/588 608/608/608 571/571/571
f 589/589/589 609/609/609 557/557/557
f 572/572/572 610/610/610 589/589/589
f 590/590/590 611/611/611 572/572/572
f 541/541/541 591/591/591 590/590/590
f 591/591/591 612/612/612 590/590/590
f 573/573/573 613/613/613 591/591/591
f 592/592/592 613/613/613 573/573/573
f 592/592/592 614/614/614 613/613/613
f 558/558/558 615/615/615 592/592/592
f 593/593/593 616/616/616 574/574/574
f 528/528/528 617/617/617 593/593/593
f 560/560/560 618/618/618 594/594/594
f 595/595/595 619/619/619 576/576/576
f 577/577/577 620/620/620 595/595/595
f 596/596/596 597/597/597 563/563/563
f 597/597/597 621/621/621 563/563/563
f 580/580/580 622/622/622 597/597/597
f 598/598/598 622/622/622 580/580/580
f 598/598/598 623/623/623 622/622/622
f 582/582/582 602/602/602 601/601/601
f 602/602/602 624/624/624 601/601/601
f 583/583/583 586/586/586 602/602/602
f 569/569/569 625/625/625 603/603/603
f 585/585/585 626/626/626 604/604/604
f 605/605/605 606/606/606 585/585/585
f 606/606/606 627/627/627 585/585/585
f 603/603/603 526/526/526 540/540/540
f 587/587/587 628/628/628 603/603/603
f 607/607/607 628/628/628 587/587/587
f 607/607/607 629/629/629 628/628/628
f 571/571/571 608/608/608 607/607/607
f 608/608/608 630/630/630 607/607/607
f 588/588/588 631/631/631 608/608/608
f 609/609/609 632/632/632 557/557/557
f 589/589/589 633/633/633 609/609/609
f 610/610/610 633/633/633 589/589/589
f 610/610/610 634/634/634 633/633/633
f 572/572/572 611/611/611 610/610/610
f 611/611/611 635/635/635 610/610/610
f 590/590/590 636/636/636 611/611/611
f 612/612/612 637/637/637 590/590/590
f 591/591/591 613/613/613 612/612/612
f 613/613/613 638/638/638 612/612/612
f 614/614/614 638/638/638 613/613/613
f 614/614/614 639/639/639 638/638/638
f 592/592/592 640/640/640 614/614/614
f 615/615/615 641/641/641 592/592/592
f 558/558/558 642/642/642 615/615/615
f 593/593/593 643/643/643 616/616/616
f 528/528/528 644/644/644 617/617/617
f 560/560/560 576/576/576 618/618/618
f 619/619/619 645/645/645 576/576/576
f 595/595/595 646/646/646 619/619/619
f 620/620/620 646/646/646 595/595/595
f 620/620/620 647/647/647 646/646/646
f 621/621/621 648/648/648 563/563/563
f 597/597/597 649/649/649 621/621/621
f 622/622/622 649/649/649 597/597/597
f 622/622/622 623/623/623 649/649/649
f 623/623/623 650/650/650 649/649/649
f 598/598/598 650/650/650 623/623/623
f 598/598/598 651/651/651 650/650/650
f 624/624/624 652/652/652 601/601/601
f 602/602/602 653/653/653 624/624/624
f 625/625/625 607/607/607 603/603/603
f 569/569/569 654/654/654 625/625/625
f 626/626/626 655/655/655 604/604/604
f 627/627/627 626/626/626 585/585/585
f 627/627/627 656/656/656 626/626/626
f 606/606/606 652/652/652 627/627/627
f 629/629/629 657/657/657 628/628/628
f 608/608/608 658/658/658 630/630/630
f 631/631/631 658/658/658 608/608/608
f 631/631/631 659/659/659 658/658/658
f 632/632/632 660/660/660 557/557/557
f 609/609/609 661/661/661 632/632/632
f 633/633/633 661/661/661 609/609/609
f 633/633/633 662/662/662 661/661/661
f 634/634/634 662/662/662 633/633/633
f 610/610/610 635/635/635 634/634/634
f 611/611/611 663/663/663 635/635/635
f 636/636/636 664/664/664 611/611/611
f 590/590/590 637/637/637 636/636/636
f 637/637/637 665/665/665 636/636/636
f 612/612/612 665/665/665 637/637/637
f 612/612/612 666/666/666 665/665/665
f 638/638/638 636/636/636 612/612/612
f 639/639/639 667/667/667 638/638/638
f 614/614/614 667/667/667 639/639/639
f 614/614/614 668/668/668 667/667/667
f 640/640/640 668/668/668 614/614/614
f 640/640/640 669/669/669 668/668/668
f 592/592/592 641/641/641 640/640/640
f 641/641/641 670/670/670 640/640/640
f 558/558/558 671/671/671 642/642/642
f 643/643/643 672/672/672 616/616/616
f 593/593/593 673/673/673 643/643/643
f 576/576/576 645/645/645 618/618/618
f 619/619/619 674/674/674 645/645/645
f 646/646/646 675/675/675 619/619/619
f 647/647/647 675/675/675 646/646/646
f 647/647/647 676/676/676 675/675/675
f 620/620/620 600/600/600 647/647/647
f 648/648/648 677/677/677 563/563/563
f 621/621/621 678/678/678 648/648/648
f 649/649/649 678/678/678 621/621/621
f 649/649/649 679/679/679 678/678/678
f 650/650/650 651/651/651 649/649/649
f 651/651/651 680/680/680 649/649/649
f 598/598/598 680/680/680 651/651/651
f 652/652/652 681/681/681 601/601/601
f 624/624/624 682/682/682 652/652/652
f 653/653/653 683/683/683 624/624/624
f 607/607/607 658/658/658 603/603/603
f 654/654/654 684/684/684 625/625/625
f 569/569/569 604/604/604 654/654/654
f 604/604/604 655/655/655 654/654/654
f 655/655/655 684/684/684 654/654/654
f 655/655/655 626/626/626 684/684/684
f 626/626/626 657/657/657 684/684/684
f 656/656/656 685/685/685 626/626/626
f 627/627/627 624/624/624 656/656/656
f 652/652/652 682/682/682 627/627/627
f 606/606/606 602/602/602 652/652/652
f 629/629/629 686/686/686 657/657/657
f 658/658/658 687/687/687 630/630/630
f 631/631/631 688/688/688 659/659/659
f 660/660/660 689/689/689 557/557/557
f 632/632/632 690/690/690 660/660/660
f 661/661/661 691/691/691 632/632/632
f 662/662/662 692/692/692 661/661/661
f 611/611/611 664/664/664 663/663/663
f 612/612/612 693/693/693 666/666/666
f 667/667/667 694/694/694 638/638/638
f 668/668/668 695/695/695 667/667/667
f 669/669/669 696/696/696 668/668/668
f 640/640/640 670/670/670 669/669/669
f 670/670/670 697/697/697 669/669/669
f 671/671/671 557/557/557 642/642/642
f 558/558/558 500/500/500 671/671/671
f 643/643/643 698/698/698 672/672/672
f 673/673/673 698/698/698 643/643/643
f 673/673/673 699/699/699 698/698/698
f 593/593/593 700/700/700 673/673/673
f 674/674/674 701/701/701 645/645/645
f 619/619/619 675/675/675 674/674/674
f 675/675/675 702/702/702 674/674/674
f 600/600/600 703/703/703 647/647/647
f 620/620/620 681/681/681 600/600/600
f 648/648/648 704/704/704 677/677/677
f 678/678/678 679/679/679 648/648/648
f 679/679/679 705/705/705 648/648/648
f 649/649/649 705/705/705 679/679/679
f 649/649/649 680/680/680 705/705/705
f 653/653/653 706/706/706 683/683/683
f 657/657/657 625/625/625 684/684/684
f 626/626/626 707/707/707 657/657/657
f 685/685/685 707/707/707 626/626/626
f 685/685/685 708/708/708 707/707/707
f 656/656/656 709/709/709 685/685/685
f 624/624/624 710/710/710 656/656/656
f 627/627/627 682/682/682 624/624/624
f 686/686/686 656/656/656 657/657/657
f 629/629/629 711/711/711 686/686/686
f 687/687/687 629/629/629 630/630/630
f 688/688/688 712/712/712 659/659/659
f 690/690/690 713/713/713 660/660/660
f 632/632/632 691/691/691 690/690/690
f 691/691/691 714/714/714 690/690/690
f 661/661/661 692/692/692 691/691/691
f 692/692/692 714/714/714 691/691/691
f 612/612/612 715/715/715 693/693/693
f 694/694/694 716/716/716 638/638/638
f 667/667/667 695/695/695 694/694/694
f 695/695/695 717/717/717 694/694/694
f 668/668/668 696/696/696 695/695/695
f 696/696/696 718/718/718 695/695/695
f 669/669/669 719/719/719 696/696/696
f 697/697/697 719/719/719 669/669/669
f 697/697/697 720/720/720 719/719/719
f 670/670/670 721/721/721 697/697/697
f 671/671/671 500/500/500 557/557/557
f 698/698/698 722/722/722 672/672/672
f 699/699/699 722/722/722 698/698/698
f 673/673/673 700/700/700 699/699/699
f 700/700/700 723/723/723 699/699/699
f 593/593/593 617/617/617 700/700/700
f 617/617/617 724/724/724 700/700/700
f 674/674/674 725/725/725 701/701/701
f 702/702/702 725/725/725 674/674/674
f 675/675/675 676/676/676 702/702/702
f 676/676/676 726/726/726 702/702/702
f 600/600/600 726/726/726 703/703/703
f 648/648/648 705/705/705 704/704/704
f 706/706/706 727/727/727 683/683/683
f 653/653/653 728/728/728 706/706/706
f 708/708/708 729/729/729 707/707/707
f 685/685/685 730/730/730 708/708/708
f 709/709/709 730/730/730 685/685/685
f 709/709/709 731/731/731 730/730/730
f 656/656/656 731/731/731 709/709/709
f 710/710/710 732/732/732 656/656/656
f 711/711/711 733/733/733 686/686/686
f 629/629/629 687/687/687 711/711/711
f 687/687/687 734/734/734 711/711/711
f 712/712/712 734/734/734 659/659/659
f 688/688/688 735/735/735 712/712/712
f 713/713/713 736/736/736 660/660/660
f 690/690/690 714/714/714 713/713/713
f 714/714/714 737/737/737 713/713/713
f 715/715/715 615/615/615 693/693/693
f 716/716/716 738/738/738 638/638/638
f 694/694/694 739/739/739 716/716/716
f 717/717/717 739/739/739 694/694/694
f 717/717/717 740/740/740 739/739/739
f 695/695/695 718/718/718 717/717/717
f 718/718/718 741/741/741 717/717/717
f 696/696/696 742/742/742 718/718/718
f 719/719/719 742/742/742 696/696/696
f 719/719/719 720/720/720 742/742/742
f 720/720/720 743/743/743 742/742/742
f 697/697/697 744/744/744 720/720/720
f 721/721/721 744/744/744 697/697/697
f 721/721/721 745/745/745 744/744/744
f 670/670/670 746/746/746 721/721/721
f 722/722/722 747/747/747 672/672/672
f 700/700/700 724/724/724 723/723/723
f 724/724/724 748/748/748 723/723/723
f 617/617/617 644/644/644 724/724/724
f 725/725/725 702/702/702 701/701/701
f 702/702/702 749/749/749 701/701/701
f 726/726/726 750/750/750 702/702/702
f 676/676/676 703/703/703 726/726/726
f 676/676/676 751/751/751 703/703/703
f 727/727/727 752/752/752 683/683/683
f 706/706/706 753/753/753 727/727/727
f 728/728/728 754/754/754 706/706/706
f 653/653/653 710/710/710 728/728/728
f 729/729/729 686/686/686 707/707/707
f 730/730/730 755/755/755 708/708/708
f 731/731/731 756/756/756 730/730/730
f 733/733/733 707/707/707 686/686/686
f 734/734/734 733/733/733 711/711/711
f 734/734/734 755/755/755 733/733/733
f 687/687/687 659/659/659 734/734/734
f 735/735/735 757/757/757 712/712/712
f 736/736/736 689/689/689 660/660/660
f 736/736/736 758/758/758 689/689/689
f 713/713/713 737/737/737 736/736/736
f 737/737/737 759/759/759 736/736/736
f 715/715/715 641/641/641 615/615/615
f 715/715/715 670/670/670 641/641/641
f 715/715/715 638/638/638 670/670/670
f 716/716/716 760/760/760 738/738/738
f 739/739/739 760/760/760 716/716/716
f 739/739/739 761/761/761 760/760/760
f 740/740/740 761/761/761 739/739/739
f 740/740/740 762/762/762 761/761/761
f 717/717/717 741/741/741 740/740/740
f 741/741/741 763/763/763 740/740/740
f 718/718/718 764/764/764 741/741/741
f 742/742/742 764/764/764 718/718/718
f 742/742/742 743/743/743 764/764/764
f 743/743/743 765/765/765 764/764/764
f 720/720/720 766/766/766 743/743/743
f 744/744/744 766/766/766 720/720/720
f 744/744/744 767/767/767 766/766/766
f 745/745/745 767/767/767 744/744/744
f 745/745/745 768/768/768 767/767/767
f 721/721/721 768/768/768 745/745/745
f 721/721/721 746/746/746 768/768/768
f 746/746/746 769/769/769 768/768/768
f 747/747/747 616/616/616 672/672/672
f 747/747/747 770/770/770 616/616/616
f 724/724/724 771/771/771 748/748/748
f 749/749/749 750/750/750 701/701/701
f 750/750/750 772/772/772 702/702/702
f 751/751/751 647/647/647 703/703/703
f 751/751/751 576/576/576 647/647/647
f 676/676/676 701/701/701 751/751/751
f 752/752/752 773/773/773 683/683/683
f 727/727/727 774/774/774 752/752/752
f 753/753/753 775/775/775 727/727/727
f 706/706/706 754/754/754 753/753/753
f 754/754/754 776/776/776 753/753/753
f 728/728/728 777/777/777 754/754/754
f 710/710/710 777/777/777 728/728/728
f 755/755/755 734/734/734 708/708/708
f 734/734/734 729/729/729 708/708/708
f 730/730/730 778/778/778 755/755/755
f 756/756/756 779/779/779 730/730/730
f 731/731/731 780/780/780 756/756/756
f 755/755/755 729/729/729 733/733/733
f 757/757/757 755/755/755 712/712/712
f 735/735/735 781/781/781 757/757/757
f 758/758/758 782/782/782 689/689/689
f 736/736/736 759/759/759 758/758/758
f 759/759/759 783/783/783 758/758/758
f 760/760/760 784/784/784 738/738/738
f 761/761/761 784/784/784 760/760/760
f 761/761/761 785/785/785 784/784/784
f 762/762/762 785/785/785 761/761/761
f 762/762/762 786/786/786 785/785/785
f 740/740/740 763/763/763 762/762/762
f 763/763/763 787/787/787 762/762/762
f 741/741/741 765/765/765 763/763/763
f 765/765/765 741/741/741 764/764/764
f 743/743/743 788/788/788 765/765/765
f 766/766/766 788/788/788 743/743/743
f 766/766/766 767/767/767 788/788/788
f 768/768/768 789/789/789 767/767/767
f 769/769/769 789/789/789 768/768/768
f 770/770/770 574/574/574 616/616/616
f 770/770/770 559/559/559 574/574/574
f 771/771/771 790/790/790 748/748/748
f 750/750/750 791/791/791 701/701/701
f 749/749/749 792/792/792 750/750/750
f 772/772/772 749/749/749 702/702/702
f 772/772/772 793/793/793 749/749/749
f 750/750/750 774/774/774 772/772/772
f 773/773/773 624/624/624 683/683/683
f 774/774/774 773/773/773 752/752/752
f 774/774/774 794/794/794 773/773/773
f 775/775/775 795/795/795 727/727/727
f 753/753/753 796/796/796 775/775/775
f 776/776/776 796/796/796 753/753/753
f 776/776/776 797/797/797 796/796/796
f 754/754/754 777/777/777 776/776/776
f 777/777/777 798/798/798 776/776/776
f 778/778/778 799/799/799 755/755/755
f 730/730/730 779/779/779 778/778/778
f 779/779/779 800/800/800 778/778/778
f 756/756/756 801/801/801 779/779/779
f 780/780/780 802/802/802 756/756/756
f 731/731/731 803/803/803 780/780/780
f 781/781/781 804/804/804 757/757/757
f 783/783/783 805/805/805 758/758/758
f 785/785/785 806/806/806 784/784/784
f 786/786/786 806/806/806 785/785/785
f 786/786/786 807/807/807 806/806/806
f 762/762/762 787/787/787 786/786/786
f 787/787/787 808/808/808 786/786/786
f 763/763/763 809/809/809 787/787/787
f 765/765/765 810/810/810 763/763/763
f 788/788/788 810/810/810 765/765/765
f 788/788/788 811/811/811 810/810/810
f 790/790/790 812/812/812 748/748/748
f 771/771/771 813/813/813 790/790/790
f 791/791/791 726/726/726 701/701/701
f 749/749/749 814/814/814 792/792/792
f 772/772/772 815/815/815 793/793/793
f 774/774/774 815/815/815 772/772/772
f 774/774/774 795/795/795 815/815/815
f 794/794/794 816/816/816 773/773/773
f 775/775/775 815/815/815 795/795/795
f 775/775/775 817/817/817 815/815/815
f 796/796/796 818/818/818 775/775/775
f 797/797/797 819/819/819 796/796/796
f 776/776/776 798/798/798 797/797/797
f 798/798/798 820/820/820 797/797/797
f 777/777/777 732/732/732 798/798/798
f 799/799/799 804/804/804 755/755/755
f 778/778/778 800/800/800 799/799/799
f 800/800/800 821/821/821 799/799/799
f 779/779/779 801/801/801 800/800/800
f 801/801/801 822/822/822 800/800/800
f 756/756/756 802/802/802 801/801/801
f 802/802/802 823/823/823 801/801/801
f 780/780/780 824/824/824 802/802/802
f 803/803/803 825/825/825 780/780/780
f 781/781/781 821/821/821 804/804/804
f 805/805/805 782/782/782 758/758/758
f 805/805/805 826/826/826 782/782/782
f 783/783/783 827/827/827 805/805/805
f 806/806/806 828/828/828 784/784/784
f 807/807/807 829/829/829 806/806/806
f 786/786/786 808/808/808 807/807/807
f 808/808/808 830/830/830 807/807/807
f 787/787/787 809/809/809 808/808/808
f 809/809/809 831/831/831 808/808/808
f 763/763/763 810/810/810 809/809/809
f 810/810/810 832/832/832 809/809/809
f 811/811/811 833/833/833 810/810/810
f 788/788/788 834/834/834 811/811/811
f 790/790/790 835/835/835 812/812/812
f 813/813/813 836/836/836 790/790/790
f 814/814/814 837/837/837 792/792/792
f 749/749/749 793/793/793 814/814/814
f 815/815/815 814/814/814 793/793/793
f 815/815/815 838/838/838 814/814/814
f 774/774/774 727/727/727 795/795/795
f 816/816/816 839/839/839 773/773/773
f 775/775/775 838/838/838 817/817/817
f 796/796/796 819/819/819 818/818/818
f 819/819/819 840/840/840 818/818/818
f 797/797/797 841/841/841 819/819/819
f 820/820/820 841/841/841 797/797/797
f 820/820/820 842/842/842 841/841/841
f 798/798/798 803/803/803 820/820/820
f 821/821/821 781/781/781 799/799/799
f 800/800/800 843/843/843 821/821/821
f 822/822/822 843/843/843 800/800/800
f 822/822/822 844/844/844 843/843/843
f 801/801/801 823/823/823 822/822/822
f 823/823/823 845/845/845 822/822/822
f 802/802/802 846/846/846 823/823/823
f 824/824/824 846/846/846 802/802/802
f 824/824/824 847/847/847 846/846/846
f 780/780/780 848/848/848 824/824/824
f 825/825/825 848/848/848 780/780/780
f 825/825/825 849/849/849 848/848/848
f 803/803/803 842/842/842 825/825/825
f 827/827/827 826/826/826 805/805/805
f 827/827/827 850/850/850 826/826/826
f 828/828/828 851/851/851 784/784/784
f 806/806/806 852/852/852 828/828/828
f 829/829/829 852/852/852 806/806/806
f 829/829/829 853/853/853 852/852/852
f 807/807/807 830/830/830 829/829/829
f 830/830/830 854/854/854 829/829/829
f 808/808/808 831/831/831 830/830/830
f 831/831/831 854/854/854 830/830/830
f 831/831/831 855/855/855 854/854/854
f 809/809/809 832/832/832 831/831/831
f 832/832/832 856/856/856 831/831/831
f 810/810/810 857/857/857 832/832/832
f 833/833/833 858/858/858 810/810/810
f 811/811/811 859/859/859 833/833/833
f 834/834/834 860/860/860 811/811/811
f 835/835/835 861/861/861 812/812/812
f 790/790/790 836/836/836 835/835/835
f 836/836/836 862/862/862 835/835/835
f 837/837/837 863/863/863 792/792/792
f 838/838/838 837/837/837 814/814/814
f 838/838/838 864/864/864 837/837/837
f 815/815/815 817/817/817 838/838/838
f 839/839/839 865/865/865 773/773/773
f 775/775/775 818/818/818 838/838/838
f 818/818/818 864/864/864 838/838/838
f 818/818/818 866/866/866 864/864/864
f 840/840/840 867/867/867 818/818/818
f 819/819/819 841/841/841 840/840/840
f 841/841/841 868/868/868 840/840/840
f 842/842/842 868/868/868 841/841/841
f 842/842/842 869/869/869 868/868/868
f 820/820/820 825/825/825 842/842/842
f 822/822/822 870/870/870 844/844/844
f 845/845/845 870/870/870 822/822/822
f 845/845/845 871/871/871 870/870/870
f 823/823/823 872/872/872 845/845/845
f 846/846/846 872/872/872 823/823/823
f 846/846/846 873/873/873 872/872/872
f 847/847/847 873/873/873 846/846/846
f 847/847/847 874/874/874 873/873/873
f 824/824/824 848/848/848 847/847/847
f 848/848/848 875/875/875 847/847/847
f 849/849/849 876/876/876 848/848/848
f 825/825/825 877/877/877 849/849/849
f 850/850/850 878/878/878 826/826/826
f 828/828/828 879/879/879 851/851/851
f 852/852/852 880/880/880 828/828/828
f 853/853/853 880/880/880 852/852/852
f 853/853/853 881/881/881 880/880/880
f 829/829/829 854/854/854 853/853/853
f 854/854/854 855/855/855 853/853/853
f 855/855/855 881/881/881 853/853/853
f 855/855/855 882/882/882 881/881/881
f 831/831/831 856/856/856 855/855/855
f 856/856/856 882/882/882 855/855/855
f 856/856/856 883/883/883 882/882/882
f 832/832/832 884/884/884 856/856/856
f 857/857/857 885/885/885 832/832/832
f 810/810/810 858/858/858 857/857/857
f 858/858/858 886/886/886 857/857/857
f 833/833/833 859/859/859 858/858/858
f 859/859/859 887/887/887 858/858/858
f 811/811/811 888/888/888 859/859/859
f 860/860/860 888/888/888 811/811/811
f 860/860/860 889/889/889 888/888/888
f 834/834/834 890/890/890 860/860/860
f 861/861/861 891/891/891 812/812/812
f 835/835/835 862/862/862 861/861/861
f 862/862/862 891/891/891 861/861/861
f 862/862/862 892/892/892 891/891/891
f 863/863/863 865/865/865 792/792/792
f 837/837/837 864/864/864 863/863/863
f 818/818/818 893/893/893 866/866/866
f 867/867/867 893/893/893 818/818/818
f 867/867/867 894/894/894 893/893/893
f 840/840/840 868/868/868 867/867/867
f 868/868/868 895/895/895 867/867/867
f 869/869/869 895/895/895 868/868/868
f 869/869/869 877/877/877 895/895/895
f 845/845/845 896/896/896 871/871/871
f 872/872/872 896/896/896 845/845/845
f 872/872/872 897/897/897 896/896/896
f 873/873/873 897/897/897 872/872/872
f 873/873/873 874/874/874 897/897/897
f 874/874/874 898/898/898 897/897/897
f 847/847/847 875/875/875 874/874/874
f 875/875/875 899/899/899 874/874/874
f 876/876/876 900/900/900 848/848/848
f 849/849/849 901/901/901 876/876/876
f 877/877/877 901/901/901 849/849/849
f 877/877/877 902/902/902 901/901/901
f 850/850/850 903/903/903 878/878/878
f 879/879/879 904/904/904 851/851/851
f 828/828/828 880/880/880 879/879/879
f 880/880/880 905/905/905 879/879/879
f 881/881/881 906/906/906 880/880/880
f 882/882/882 906/906/906 881/881/881
f 882/882/882 907/907/907 906/906/906
f 883/883/883 907/907/907 882/882/882
f 883/883/883 908/908/908 907/907/907
f 856/856/856 884/884/884 883/883/883
f 832/832/832 885/885/885 884/884/884
f 885/885/885 909/909/909 884/884/884
f 857/857/857 910/910/910 885/885/885
f 886/886/886 910/910/910 857/857/857
f 886/886/886 911/911/911 910/910/910
f 858/858/858 887/887/887 886/886/886
f 887/887/887 912/912/912 886/886/886
f 859/859/859 913/913/913 887/887/887
f 888/888/888 913/913/913 859/859/859
f 888/888/888 889/889/889 913/913/913
f 889/889/889 914/914/914 913/913/913
f 860/860/860 915/915/915 889/889/889
f 890/890/890 915/915/915 860/860/860
f 890/890/890 916/916/916 915/915/915
f 834/834/834 917/917/917 890/890/890
f 891/891/891 918/918/918 812/812/812
f 892/892/892 919/919/919 891/891/891
f 863/863/863 864/864/864 865/865/865
f 864/864/864 920/920/920 865/865/865
f 893/893/893 921/921/921 866/866/866
f 894/894/894 922/922/922 893/893/893
f 867/867/867 895/895/895 894/894/894
f 895/895/895 923/923/923 894/894/894
f 877/877/877 923/923/923 895/895/895
f 877/877/877 924/924/924 923/923/923
f 896/896/896 925/925/925 871/871/871
f 897/897/897 926/926/926 896/896/896
f 898/898/898 926/926/926 897/897/897
f 898/898/898 927/927/927 926/926/926
f 874/874/874 927/927/927 898/898/898
f 874/874/874 899/899/899 927/927/927
f 899/899/899 928/928/928 927/927/927
f 875/875/875 928/928/928 899/899/899
f 875/875/875 929/929/929 928/928/928
f 876/876/876 901/901/901 900/900/900
f 901/901/901 930/930/930 900/900/900
f 902/902/902 931/931/931 901/901/901
f 904/904/904 932/932/932 851/851/851
f 879/879/879 933/933/933 904/904/904
f 905/905/905 933/933/933 879/879/879
f 905/905/905 934/934/934 933/933/933
f 880/880/880 906/906/906 905/905/905
f 906/906/906 907/907/907 905/905/905
f 907/907/907 935/935/935 905/905/905
f 908/908/908 935/935/935 907/907/907
f 908/908/908 936/936/936 935/935/935
f 909/909/909 937/937/937 884/884/884
f 885/885/885 938/938/938 909/909/909
f 910/910/910 938/938/938 885/885/885
f 910/910/910 911/911/911 938/938/938
f 911/911/911 939/939/939 938/938/938
f 886/886/886 912/912/912 911/911/911
f 887/887/887 913/913/913 912/912/912
f 913/913/913 914/914/914 912/912/912
f 889/889/889 940/940/940 914/914/914
f 915/915/915 940/940/940 889/889/889
f 915/915/915 941/941/941 940/940/940
f 916/916/916 941/941/941 915/915/915
f 916/916/916 942/942/942 941/941/941
f 890/890/890 917/917/917 916/916/916
f 917/917/917 943/943/943 916/916/916
f 891/891/891 919/919/919 918/918/918
f 919/919/919 944/944/944 918/918/918
f 920/920/920 945/945/945 865/865/865
f 864/864/864 866/866/866 920/920/920
f 866/866/866 945/945/945 920/920/920
f 866/866/866 921/921/921 945/945/945
f 921/921/921 946/946/946 945/945/945
f 893/893/893 922/922/922 921/921/921
f 922/922/922 946/946/946 921/921/921
f 922/922/922 947/947/947 946/946/946
f 894/894/894 948/948/948 922/922/922
f 923/923/923 948/948/948 894/894/894
f 923/923/923 902/902/902 948/948/948
f 896/896/896 926/926/926 925/925/925
f 926/926/926 949/949/949 925/925/925
f 927/927/927 949/949/949 926/926/926
f 927/927/927 950/950/950 949/949/949
f 928/928/928 950/950/950 927/927/927
f 928/928/928 929/929/929 950/950/950
f 929/929/929 951/951/951 950/950/950
f 875/875/875 952/952/952 929/929/929
f 930/930/930 953/953/953 900/900/900
f 901/901/901 931/931/931 930/930/930
f 931/931/931 954/954/954 930/930/930
f 902/902/902 955/955/955 931/931/931
f 904/904/904 956/956/956 932/932/932
f 933/933/933 957/957/957 904/904/904
f 934/934/934 958/958/958 933/933/933
f 905/905/905 935/935/935 934/934/934
f 935/935/935 936/936/936 934/934/934
f 936/936/936 959/959/959 934/934/934
f 908/908/908 960/960/960 936/936/936
f 937/937/937 960/960/960 884/884/884
f 909/909/909 939/939/939 937/937/937
f 939/939/939 909/909/909 938/938/938
f 941/941/941 961/961/961 940/940/940
f 942/942/942 962/962/962 941/941/941
f 916/916/916 943/943/943 942/942/942
f 943/943/943 963/963/963 942/942/942
f 944/944/944 964/964/964 918/918/918
f 946/946/946 947/947/947 945/945/945
f 947/947/947 965/965/965 945/945/945
f 948/948/948 955/955/955 922/922/922
f 923/923/923 924/924/924 902/902/902
f 949/949/949 966/966/966 925/925/925
f 950/950/950 967/967/967 949/949/949
f 951/951/951 967/967/967 950/950/950
f 951/951/951 968/968/968 967/967/967
f 929/929/929 952/952/952 951/951/951
f 952/952/952 969/969/969 951/951/951
f 875/875/875 970/970/970 952/952/952
f 930/930/930 971/971/971 953/953/953
f 954/954/954 971/971/971 930/930/930
f 954/954/954 945/945/945 971/971/971
f 955/955/955 954/954/954 931/931/931
f 904/904/904 957/957/957 956/956/956
f 957/957/957 972/972/972 956/956/956
f 933/933/933 973/973/973 957/957/957
f 958/958/958 973/973/973 933/933/933
f 958/958/958 974/974/974 973/973/973
f 934/934/934 959/959/959 958/958/958
f 959/959/959 974/974/974 958/958/958
f 960/960/960 959/959/959 936/936/936
f 960/960/960 974/974/974 959/959/959
f 908/908/908 883/883/883 960/960/960
f 883/883/883 884/884/884 960/960/960
f 937/937/937 975/975/975 960/960/960
f 939/939/939 975/975/975 937/937/937
f 941/941/941 962/962/962 961/961/961
f 942/942/942 976/976/976 962/962/962
f 963/963/963 976/976/976 942/942/942
f 963/963/963 977/977/977 976/976/976
f 943/943/943 978/978/978 963/963/963
f 944/944/944 979/979/979 964/964/964
f 965/965/965 971/971/971 945/945/945
f 965/965/965 980/980/980 971/971/971
f 947/947/947 980/980/980 965/965/965
f 947/947/947 981/981/981 980/980/980
f 955/955/955 945/945/945 922/922/922
f 966/966/966 982/982/982 925/925/925
f 949/949/949 967/967/967 966/966/966
f 967/967/967 983/983/983 966/966/966
f 968/968/968 983/983/983 967/967/967
f 968/968/968 984/984/984 983/983/983
f 951/951/951 969/969/969 968/968/968
f 969/969/969 984/984/984 968/968/968
f 969/969/969 985/985/985 984/984/984
f 952/952/952 986/986/986 969/969/969
f 970/970/970 987/987/987 952/952/952
f 875/875/875 988/988/988 970/970/970
f 971/971/971 989/989/989 953/953/953
f 972/972/972 990/990/990 956/956/956
f 957/957/957 973/973/973 972/972/972
f 973/973/973 974/974/974 972/972/972
f 974/974/974 990/990/990 972/972/972
f 976/976/976 991/991/991 962/962/962
f 977/977/977 992/992/992 976/976/976
f 963/963/963 978/978/978 977/977/977
f 978/978/978 993/993/993 977/977/977
f 944/944/944 994/994/994 979/979/979
f 980/980/980 995/995/995 971/971/971
f 981/981/981 996/996/996 980/980/980
f 947/947/947 997/997/997 981/981/981
f 955/955/955 981/981/981 945/945/945
f 982/982/982 871/871/871 925/925/925
f 982/982/982 998/998/998 871/871/871
f 966/966/966 983/983/983 982/982/982
f 983/983/983 999/999/999 982/982/982
f 985/985/985 1000/1000/1000 984/984/984
f 969/969/969 986/986/986 985/985/985
f 952/952/952 987/987/987 986/986/986
f 987/987/987 1001/1001/1001 986/986/986
f 970/970/970 1001/1001/1001 987/987/987
f 970/970/970 1002/1002/1002 1001/1001/1001
f 988/988/988 1002/1002/1002 970/970/970
f 988/988/988 1003/1003/1003 1002/1002/1002
f 989/989/989 1004/1004/1004 953/953/953
f 971/971/971 995/995/995 989/989/989
f 995/995/995 1004/1004/1004 989/989/989
f 995/995/995 996/996/996 1004/1004/1004
f 976/976/976 1005/1005/1005 991/991/991
f 992/992/992 1005/1005/1005 976/976/976
f 992/992/992 1006/1006/1006 1005/1005/1005
f 977/977/977 1007/1007/1007 992/992/992
f 993/993/993 1007/1007/1007 977/977/977
f 993/993/993 1008/1008/1008 1007/1007/1007
f 978/978/978 1009/1009/1009 993/993/993
f 994/994/994 1010/1010/1010 979/979/979
f 996/996/996 995/995/995 980/980/980
f 981/981/981 1011/1011/1011 996/996/996
f 997/997/997 1012/1012/1012 981/981/981
f 947/947/947 1013/1013/1013 997/997/997
f 998/998/998 870/870/870 871/871/871
f 998/998/998 844/844/844 870/870/870
f 998/998/998 843/843/843 844/844/844
f 982/982/982 999/999/999 998/998/998
f 999/999/999 1014/1014/1014 998/998/998
f 983/983/983 1015/1015/1015 999/999/999
f 1000/1000/1000 1016/1016/1016 984/984/984
f 985/985/985 1017/1017/1017 1000/1000/1000
f 1002/1002/1002 1018/1018/1018 1001/1001/1001
f 1003/1003/1003 1019/1019/1019 1002/1002/1002
f 1004/1004/1004 1020/1020/1020 953/953/953
f 996/996/996 1021/1021/1021 1004/1004/1004
f 992/992/992 1022/1022/1022 1006/1006/1006
f 1007/1007/1007 1022/1022/1022 992/992/992
f 1007/1007/1007 1023/1023/1023 1022/1022/1022
f 1008/1008/1008 1023/1023/1023 1007/1007/1007
f 1008/1008/1008 1024/1024/1024 1023/1023/1023
f 993/993/993 1025/1025/1025 1008/1008/1008
f 1009/1009/1009 1025/1025/1025 993/993/993
f 1009/1009/1009 1026/1026/1026 1025/1025/1025
f 1011/1011/1011 1021/1021/1021 996/996/996
f 1011/1011/1011 1012/1012/1012 1021/1021/1021
f 1012/1012/1012 1011/1011/1011 981/981/981
f 997/997/997 1027/1027/1027 1012/1012/1012
f 1013/1013/1013 1027/1027/1027 997/997/997
f 1013/1013/1013 1028/1028/1028 1027/1027/1027
f 999/999/999 1015/1015/1015 1014/1014/1014
f 1015/1015/1015 1029/1029/1029 1014/1014/1014
f 983/983/983 1030/1030/1030 1015/1015/1015
f 1017/1017/1017 1031/1031/1031 1000/1000/1000
f 985/985/985 986/986/986 1017/1017/1017
f 986/986/986 1032/1032/1032 1017/1017/1017
f 1018/1018/1018 1033/1033/1033 1001/1001/1001
f 1002/1002/1002 1033/1033/1033 1018/1018/1018
f 1002/1002/1002 1034/1034/1034 1033/1033/1033
f 1003/1003/1003 1004/1004/1004 1019/1019/1019
f 1020/1020/1020 1035/1035/1035 953/953/953
f 1021/1021/1021 1036/1036/1036 1004/1004/1004
f 1022/1022/1022 1037/1037/1037 1006/1006/1006
f 1023/1023/1023 1037/1037/1037 1022/1022/1022
f 1023/1023/1023 1024/1024/1024 1037/1037/1037
f 1024/1024/1024 1038/1038/1038 1037/1037/1037
f 1008/1008/1008 1039/1039/1039 1024/1024/1024
f 1025/1025/1025 1039/1039/1039 1008/1008/1008
f 1025/1025/1025 1040/1040/1040 1039/1039/1039
f 1012/1012/1012 1020/1020/1020 1021/1021/1021
f 1028/1028/1028 1041/1041/1041 1027/1027/1027
f 983/983/983 1042/1042/1042 1030/1030/1030
f 1031/1031/1031 1016/1016/1016 1000/1000/1000
f 1031/1031/1031 1043/1043/1043 1016/1016/1016
f 1017/1017/1017 1044/1044/1044 1031/1031/1031
f 1032/1032/1032 1045/1045/1045 1017/1017/1017
f 986/986/986 1046/1046/1046 1032/1032/1032
f 1033/1033/1033 1046/1046/1046 1001/1001/1001
f 1034/1034/1034 1047/1047/1047 1033/1033/1033
f 1004/1004/1004 1048/1048/1048 1019/1019/1019
f 1035/1035/1035 1049/1049/1049 953/953/953
f 1020/1020/1020 1050/1050/1050 1035/1035/1035
f 1036/1036/1036 1051/1051/1051 1004/1004/1004
f 1037/1037/1037 1038/1038/1038 1006/1006/1006
f 1039/1039/1039 1052/1052/1052 1024/1024/1024
f 1040/1040/1040 1052/1052/1052 1039/1039/1039
f 1040/1040/1040 1053/1053/1053 1052/1052/1052
f 1020/1020/1020 1051/1051/1051 1021/1021/1021
f 1012/1012/1012 1027/1027/1027 1020/1020/1020
f 1041/1041/1041 1054/1054/1054 1027/1027/1027
f 1043/1043/1043 1055/1055/1055 1016/1016/1016
f 1031/1031/1031 1044/1044/1044 1043/1043/1043
f 1044/1044/1044 1056/1056/1056 1043/1043/1043
f 1017/1017/1017 1057/1057/1057 1044/1044/1044
f 1045/1045/1045 1057/1057/1057 1017/1017/1017
f 1046/1046/1046 875/875/875 1032/1032/1032
f 986/986/986 1001/1001/1001 1046/1046/1046
f 1034/1034/1034 1058/1058/1058 1047/1047/1047
f 1048/1048/1048 1036/1036/1036 1019/1019/1019
f 1049/1049/1049 954/954/954 953/953/953
f 1035/1035/1035 1059/1059/1059 1049/1049/1049
f 1050/1050/1050 1060/1060/1060 1035/1035/1035
f 1051/1051/1051 1048/1048/1048 1004/1004/1004
f 1036/1036/1036 1048/1048/1048 1051/1051/1051
f 1053/1053/1053 1061/1061/1061 1052/1052/1052
f 1054/1054/1054 1062/1062/1062 1027/1027/1027
f 1041/1041/1041 1062/1062/1062 1054/1054/1054
f 1041/1041/1041 1063/1063/1063 1062/1062/1062
f 1043/1043/1043 1064/1064/1064 1055/1055/1055
f 1056/1056/1056 1064/1064/1064 1043/1043/1043
f 1056/1056/1056 1065/1065/1065 1064/1064/1064
f 1044/1044/1044 1066/1066/1066 1056/1056/1056
f 1057/1057/1057 1066/1066/1066 1044/1044/1044
f 1046/1046/1046 1067/1067/1067 875/875/875
f 1058/1058/1058 1068/1068/1068 1047/1047/1047
f 1036/1036/1036 1033/1033/1033 1019/1019/1019
f 1059/1059/1059 1069/1069/1069 1049/1049/1049
f 1060/1060/1060 1070/1070/1070 1035/1035/1035
f 1050/1050/1050 1071/1071/1071 1060/1060/1060
f 1053/1053/1053 1072/1072/1072 1061/1061/1061
f 1062/1062/1062 1063/1063/1063 1027/1027/1027
f 1063/1063/1063 1050/1050/1050 1027/1027/1027
f 1041/1041/1041 1073/1073/1073 1063/1063/1063
f 1064/1064/1064 1074/1074/1074 1055/1055/1055
f 1065/1065/1065 1074/1074/1074 1064/1064/1064
f 1065/1065/1065 1075/1075/1075 1074/1074/1074
f 1056/1056/1056 1076/1076/1076 1065/1065/1065
f 1066/1066/1066 1076/1076/1076 1056/1056/1056
f 1067/1067/1067 988/988/988 875/875/875
f 1067/1067/1067 1003/1003/1003 988/988/988
f 1067/1067/1067 1051/1051/1051 1003/1003/1003
f 1069/1069/1069 1063/1063/1063 1049/1049/1049
f 1059/1059/1059 1077/1077/1077 1069/1069/1069
f 1060/1060/1060 1078/1078/1078 1070/1070/1070
f 1071/1071/1071 1078/1078/1078 1060/1060/1060
f 1050/1050/1050 1078/1078/1078 1071/1071/1071
f 1063/1063/1063 1079/1079/1079 1050/1050/1050
f 1074/1074/1074 1080/1080/1080 1055/1055/1055
f 1075/1075/1075 1081/1081/1081 1074/1074/1074
f 1065/1065/1065 1082/1082/1082 1075/1075/1075
f 1076/1076/1076 1082/1082/1082 1065/1065/1065
f 1076/1076/1076 1083/1083/1083 1082/1082/1082
f 1067/1067/1067 1046/1046/1046 1051/1051/1051
f 1069/1069/1069 1079/1079/1079 1063/1063/1063
f 1069/1069/1069 1070/1070/1070 1079/1079/1079
f 1077/1077/1077 1084/1084/1084 1069/1069/1069
f 1059/1059/1059 1085/1085/1085 1077/1077/1077
f 1078/1078/1078 1086/1086/1086 1070/1070/1070
f 1079/1079/1079 1087/1087/1087 1050/1050/1050
f 1074/1074/1074 1088/1088/1088 1080/1080/1080
f 1081/1081/1081 1088/1088/1088 1074/1074/1074
f 1081/1081/1081 1082/1082/1082 1088/1088/1088
f 1082/1082/1082 1081/1081/1081 1075/1075/1075
f 1070/1070/1070 1087/1087/1087 1079/1079/1079
f 1070/1070/1070 1089/1089/1089 1087/1087/1087
f 1077/1077/1077 1085/1085/1085 1084/1084/1084
f 1085/1085/1085 1090/1090/1090 1084/1084/1084
f 1086/1086/1086 1089/1089/1089 1070/1070/1070
f 1086/1086/1086 1091/1091/1091 1089/1089/1089
f 1078/1078/1078 1092/1092/1092 1086/1086/1086
f 1087/1087/1087 1089/1089/1089 1050/1050/1050
f 1090/1090/1090 1093/1093/1093 1084/1084/1084
f 1086/1086/1086 1094/1094/1094 1091/1091/1091
f 1092/1092/1092 1094/1094/1094 1086/1086/1086
f 1093/1093/1093 1095/1095/1095 1084/1084/1084
f 1090/1090/1090 1096/1096/1096 1093/1093/1093
f 1094/1094/1094 1097/1097/1097 1091/1091/1091
f 1093/1093/1093 1096/1096/1096 1095/1095/1095
f 1096/1096/1096 1098/1098/1098 1095/1095/1095
f 1094/1094/1094 1099/1099/1099 1097/1097/1097
f 1098/1098/1098 1100/1100/1100 1095/1095/1095
f 1099/1099/1099 1101/1101/1101 1097/1097/1097
f 1099/1099/1099 1102/1102/1102 1101/1101/1101
f 1102/1102/1102 1103/1103/1103 1101/1101/1101
f 1104/1104/1104 1105/1105/1105 1106/1106/1106
f 1106/1106/1106 1107/1107/1107 1104/1104/1104
f 1105/1105/1105 1108/1108/1108 1106/1106/1106
f 1104/1104/1104 1109/1109/1109 1105/1105/1105
f 1107/1107/1107 1110/1110/1110 1104/1104/1104
f 1106/1106/1106 1111/1111/1111 1107/1107/1107
f 1108/1108/1108 1111/1111/1111 1106/1106/1106
f 1105/1105/1105 1112/1112/1112 1108/1108/1108
f 1109/1109/1109 1113/1113/1113 1105/1105/1105
f 1104/1104/1104 1114/1114/1114 1109/1109/1109
f 1107/1107/1107 1115/1115/1115 1110/1110/1110
f 1111/1111/1111 1115/1115/1115 1107/1107/1107
f 1105/1105/1105 1113/1113/1113 1112/1112/1112
f 1113/1113/1113 1116/1116/1116 1112/1112/1112
f 1109/1109/1109 1117/1117/1117 1113/1113/1113
f 1114/1114/1114 1118/1118/1118 1109/1109/1109
f 1104/1104/1104 1119/1119/1119 1114/1114/1114
f 1115/1115/1115 1120/1120/1120 1110/1110/1110
f 1113/1113/1113 1121/1121/1121 1116/1116/1116
f 1117/1117/1117 1121/1121/1121 1113/1113/1113
f 1117/1117/1117 1122/1122/1122 1121/1121/1121
f 1109/1109/1109 1118/1118/1118 1117/1117/1117
f 1118/1118/1118 1123/1123/1123 1117/1117/1117
f 1114/1114/1114 1124/1124/1124 1118/1118/1118
f 1119/1119/1119 1125/1125/1125 1114/1114/1114
f 1120/1120/1120 1126/1126/1126 1110/1110/1110
f 1121/1121/1121 1127/1127/1127 1116/1116/1116
f 1122/1122/1122 1127/1127/1127 1121/1121/1121
f 1122/1122/1122 1128/1128/1128 1127/1127/1127
f 1117/1117/1117 1128/1128/1128 1122/1122/1122
f 1117/1117/1117 1129/1129/1129 1128/1128/1128
f 1123/1123/1123 1129/1129/1129 1117/1117/1117
f 1123/1123/1123 1130/1130/1130 1129/1129/1129
f 1118/1118/1118 1131/1131/1131 1123/1123/1123
f 1124/1124/1124 1131/1131/1131 1118/1118/1118
f 1124/1124/1124 1132/1132/1132 1131/1131/1131
f 1114/1114/1114 1125/1125/1125 1124/1124/1124
f 1125/1125/1125 1133/1133/1133 1124/1124/1124
f 1120/1120/1120 1134/1134/1134 1126/1126/1126
f 1128/1128/1128 1135/1135/1135 1127/1127/1127
f 1129/1129/1129 1136/1136/1136 1128/1128/1128
f 1130/1130/1130 1137/1137/1137 1129/1129/1129
f 1123/1123/1123 1138/1138/1138 1130/1130/1130
f 1131/1131/1131 1138/1138/1138 1123/1123/1123
f 1131/1131/1131 1139/1139/1139 1138/1138/1138
f 1132/1132/1132 1139/1139/1139 1131/1131/1131
f 1132/1132/1132 1140/1140/1140 1139/1139/1139
f 1124/1124/1124 1133/1133/1133 1132/1132/1132
f 1135/1135/1135 1141/1141/1141 1127/1127/1127
f 1128/1128/1128 1136/1136/1136 1135/1135/1135
f 1136/1136/1136 1141/1141/1141 1135/1135/1135
f 1136/1136/1136 1142/1142/1142 1141/1141/1141
f 1129/1129/1129 1142/1142/1142 1136/1136/1136
f 1129/1129/1129 1137/1137/1137 1142/1142/1142
f 1137/1137/1137 1143/1143/1143 1142/1142/1142
f 1130/1130/1130 1144/1144/1144 1137/1137/1137
f 1138/1138/1138 1144/1144/1144 1130/1130/1130
f 1138/1138/1138 1145/1145/1145 1144/1144/1144
f 1139/1139/1139 1146/1146/1146 1138/1138/1138
f 1142/1142/1142 1147/1147/1147 1141/1141/1141
f 1143/1143/1143 1148/1148/1148 1142/1142/1142
f 1137/1137/1137 1144/1144/1144 1143/1143/1143
f 1144/1144/1144 1145/1145/1145 1143/1143/1143
f 1145/1145/1145 1149/1149/1149 1143/1143/1143
f 1138/1138/1138 1146/1146/1146 1145/1145/1145
f 1146/1146/1146 1150/1150/1150 1145/1145/1145
f 1139/1139/1139 1150/1150/1150 1146/1146/1146
f 1139/1139/1139 1151/1151/1151 1150/1150/1150
f 1142/1142/1142 1148/1148/1148 1147/1147/1147
f 1148/1148/1148 1152/1152/1152 1147/1147/1147
f 1143/1143/1143 1149/1149/1149 1148/1148/1148
f 1149/1149/1149 1153/1153/1153 1148/1148/1148
f 1145/1145/1145 1153/1153/1153 1149/1149/1149
f 1145/1145/1145 1154/1154/1154 1153/1153/1153
f 1150/1150/1150 1154/1154/1154 1145/1145/1145
f 1150/1150/1150 1151/1151/1151 1154/1154/1154
f 1151/1151/1151 1155/1155/1155 1154/1154/1154
f 1152/1152/1152 1156/1156/1156 1147/1147/1147
f 1148/1148/1148 1157/1157/1157 1152/1152/1152
f 1153/1153/1153 1157/1157/1157 1148/1148/1148
f 1153/1153/1153 1158/1158/1158 1157/1157/1157
f 1154/1154/1154 1155/1155/1155 1153/1153/1153
f 1152/1152/1152 1159/1159/1159 1156/1156/1156
f 1157/1157/1157 1159/1159/1159 1152/1152/1152
f 1157/1157/1157 1160/1160/1160 1159/1159/1159
f 1158/1158/1158 1160/1160/1160 1157/1157/1157
f 1158/1158/1158 1161/1161/1161 1160/1160/1160
f 1159/1159/1159 1162/1162/1162 1156/1156/1156
f 1160/1160/1160 1162/1162/1162 1159/1159/1159
f 1160/1160/1160 1163/1163/1163 1162/1162/1162
f 1161/1161/1161 1164/1164/1164 1160/1160/1160
f 1158/1158/1158 1165/1165/1165 1161/1161/1161
f 1160/1160/1160 1164/1164/1164 1163/1163/1163
f 1164/1164/1164 1162/1162/1162 1163/1163/1163
f 1161/1161/1161 1166/1166/1166 1164/1164/1164
f 1165/1165/1165 1166/1166/1166 1161/1161/1161
f 1165/1165/1165 1167/1167/1167 1166/1166/1166
f 1158/1158/1158 1168/1168/1168 1165/1165/1165
f 1165/1165/1165 1168/1168/1168 1167/1167/1167
f 1168/1168/1168 1169/1169/1169 1167/1167/1167
f 1169/1169/1169 1170/1170/1170 1167/1167/1167
f 1168/1168/1168 1171/1171/1171 1169/1169/1169
f 1169/1169/1169 1171/1171/1171 1170/1170/1170
f 1171/1171/1171 1172/1172/1172 1170/1170/1170
f 1171/1171/1171 1173/1173/1173 1172/1172/1172
f 1174/1174/1174 1175/1175/1175 1176/1176/1175
f 1177/1177/1176 1178/1178/1177 1179/1179/1178
f 1179/1179/1178 1180/1180/1179 1177/1177/1176
f 1178/1178/1177 1181/1181/1180 1179/1179/1178
f 1180/1180/1179 1182/1182/1181 1177/1177/1176
f 1178/1178/1177 1183/1183/1182 1181/1181/1180
f 1180/1180/1179 1184/1184/1183 1182/1182/1181
f 1183/1183/1182 1185/1185/1184 1181/1181/1180
f 1184/1184/1183 1186/1186/1185 1182/1182/1181
f 1183/1183/1182 1187/1187/1186 1185/1185/1184
f 1186/1186/1185 1188/1188/1187 1182/1182/1181
f 1184/1184/1183 1189/1189/1188 1186/1186/1185
f 1186/1186/1185 1190/1190/1189 1188/1188/1187
f 1189/1189/1188 1190/1190/1189 1186/1186/1185
f 1190/1190/1189 1191/1191/1190 1188/1188/1187
f 1191/1191/1190 1192/1192/1191 1188/1188/1187
f 1192/1192/1191 1193/1193/1192 1188/1188/1187
f 1194/1194/1193 1195/1195/1193 1196/1196/1193
f 1197/1197/1194 1198/1198/1195 1199/1199/1196
f 1197/1197/1194 1200/1200/1197 1198/1198/1195
f 1201/1201/1198 1202/1202/1199 1203/1203/1200
f 1201/1201/1198 1174/1174/1174 1202/1202/1199
f 1201/1201/1198 1204/1204/1201 1174/1174/1174
f 1205/1205/1202 1206/1206/1203 1207/1207/1204
f 1207/1207/1204 1208/1208/1205 1205/1205/1202
f 1206/1206/1203 1209/1209/1206 1207/1207/1204
f 1205/1205/1202 1210/1210/1207 1206/1206/1203
f 1208/1208/1205 1211/1211/1208 1205/1205/1202
f 1207/1207/1204 1212/1212/1209 1208/1208/1205
f 1206/1206/1203 1213/1213/1210 1209/1209/1206
f 1210/1210/1207 1213/1213/1210 1206/1206/1203
f 1210/1210/1207 1214/1214/1211 1213/1213/1210
f 1205/1205/1202 1215/1215/1212 1210/1210/1207
f 1211/1211/1208 1215/1215/1212 1205/1205/1202
f 1211/1211/1208 1216/1216/1213 1215/1215/1212
f 1208/1208/1205 1217/1217/1214 1211/1211/1208
f 1212/1212/1209 1218/1218/1215 1208/1208/1205
f 1214/1214/1211 1219/1219/1216 1213/1213/1210
f 1210/1210/1207 1215/1215/1212 1214/1214/1211
f 1215/1215/1212 1216/1216/1213 1214/1214/1211
f 1211/1211/1208 1220/1220/1217 1216/1216/1213
f 1217/1217/1214 1220/1220/1217 1211/1211/1208
f 1217/1217/1214 1221/1221/1218 1220/1220/1217
f 1208/1208/1205 1222/1222/1219 1217/1217/1214
f 1218/1218/1215 1222/1222/1219 1208/1208/1205
f 1218/1218/1215 1223/1223/1220 1222/1222/1219
f 1212/1212/1209 1223/1223/1220 1218/1218/1215
f 1220/1220/1217 1224/1224/1221 1216/1216/1213
f 1221/1221/1218 1224/1224/1221 1220/1220/1217
f 1221/1221/1218 1225/1225/1222 1224/1224/1221
f 1217/1217/1214 1226/1226/1223 1221/1221/1218
f 1222/1222/1219 1226/1226/1223 1217/1217/1214
f 1222/1222/1219 1227/1227/1224 1226/1226/1223
f 1223/1223/1220 1227/1227/1224 1222/1222/1219
f 1223/1223/1220 1228/1228/1225 1227/1227/1224
f 1224/1224/1221 1229/1229/1226 1216/1216/1213
f 1225/1225/1222 1230/1230/1227 1224/1224/1221
f 1221/1221/1218 1231/1231/1228 1225/1225/1222
f 1226/1226/1223 1231/1231/1228 1221/1221/1218
f 1226/1226/1223 1232/1232/1229 1231/1231/1228
f 1227/1227/1224 1232/1232/1229 1226/1226/1223
f 1227/1227/1224 1233/1233/1230 1232/1232/1229
f 1228/1228/1225 1233/1233/1230 1227/1227/1224
f 1228/1228/1225 1234/1234/1231 1233/1233/1230
f 1224/1224/1221 1235/1235/1232 1229/1229/1226
f 1230/1230/1227 1235/1235/1232 1224/1224/1221
f 1230/1230/1227 1236/1236/1233 1235/1235/1232
f 1225/1225/1222 1237/1237/1234 1230/1230/1227
f 1231/1231/1228 1237/1237/1234 1225/1225/1222
f 1231/1231/1228 1232/1232/1229 1237/1237/1234
f 1232/1232/1229 1238/1238/1235 1237/1237/1234
f 1233/1233/1230 1239/1239/1236 1232/1232/1229
f 1234/1234/1231 1239/1239/1236 1233/1233/1230
f 1234/1234/1231 1240/1240/1237 1239/1239/1236
f 1235/1235/1232 1241/1241/1238 1229/1229/1226
f 1236/1236/1233 1241/1241/1238 1235/1235/1232
f 1236/1236/1233 1242/1242/1239 1241/1241/1238
f 1230/1230/1227 1243/1243/1240 1236/1236/1233
f 1237/1237/1234 1243/1243/1240 1230/1230/1227
f 1237/1237/1234 1238/1238/1235 1243/1243/1240
f 1238/1238/1235 1244/1244/1241 1243/1243/1240
f 1232/1232/1229 1239/1239/1236 1238/1238/1235
f 1239/1239/1236 1245/1245/1242 1238/1238/1235
f 1240/1240/1237 1245/1245/1242 1239/1239/1236
f 1240/1240/1237 1246/1246/1243 1245/1245/1242
f 1234/1234/1231 1247/1247/1244 1240/1240/1237
f 1242/1242/1239 1248/1248/1245 1241/1241/1238
f 1236/1236/1233 1249/1249/1246 1242/1242/1239
f 1243/1243/1240 1250/1250/1247 1236/1236/1233
f 1244/1244/1241 1251/1251/1248 1243/1243/1240
f 1238/1238/1235 1245/1245/1242 1244/1244/1241
f 1245/1245/1242 1252/1252/1249 1244/1244/1241
f 1246/1246/1243 1252/1252/1249 1245/1245/1242
f 1246/1246/1243 1253/1253/1250 1252/1252/1249
f 1240/1240/1237 1254/1254/1251 1246/1246/1243
f 1247/1247/1244 1254/1254/1251 1240/1240/1237
f 1234/1234/1231 1255/1255/1252 1247/1247/1244
f 1248/1248/1245 1256/1256/1253 1241/1241/1238
f 1242/1242/1239 1257/1257/1254 1248/1248/1245
f 1249/1249/1246 1257/1257/1254 1242/1242/1239
f 1249/1249/1246 1258/1258/1255 1257/1257/1254
f 1236/1236/1233 1250/1250/1247 1249/1249/1246
f 1250/1250/1247 1259/1259/1256 1249/1249/1246
f 1243/1243/1240 1251/1251/1248 1250/1250/1247
f 1251/1251/1248 1259/1259/1256 1250/1250/1247
f 1251/1251/1248 1260/1260/1257 1259/1259/1256
f 1244/1244/1241 1252/1252/1249 1251/1251/1248
f 1252/1252/1249 1260/1260/1257 1251/1251/1248
f 1252/1252/1249 1253/1253/1250 1260/1260/1257
f 1253/1253/1250 1261/1261/1258 1260/1260/1257
f 1246/1246/1243 1254/1254/1251 1253/1253/1250
f 1254/1254/1251 1262/1262/1259 1253/1253/1250
f 1256/1256/1253 1229/1229/1226 1241/1241/1238
f 1257/1257/1254 1263/1263/1260 1248/1248/1245
f 1258/1258/1255 1264/1264/1261 1257/1257/1254
f 1249/1249/1246 1259/1259/1256 1258/1258/1255
f 1259/1259/1256 1261/1261/1258 1258/1258/1255
f 1261/1261/1258 1259/1259/1256 1260/1260/1257
f 1253/1253/1250 1265/1265/1262 1261/1261/1258
f 1262/1262/1259 1265/1265/1262 1253/1253/1250
f 1262/1262/1259 1266/1266/1263 1265/1265/1262
f 1257/1257/1254 1264/1264/1261 1263/1263/1260
f 1264/1264/1261 1267/1267/1264 1263/1263/1260
f 1258/1258/1255 1268/1268/1265 1264/1264/1261
f 1261/1261/1258 1268/1268/1265 1258/1258/1255
f 1261/1261/1258 1265/1265/1262 1268/1268/1265
f 1265/1265/1262 1266/1266/1263 1268/1268/1265
f 1266/1266/1263 1269/1269/1266 1268/1268/1265
f 1262/1262/1259 1270/1270/1267 1266/1266/1263
f 1267/1267/1264 1271/1271/1268 1263/1263/1260
f 1264/1264/1261 1269/1269/1266 1267/1267/1264
f 1269/1269/1266 1264/1264/1261 1268/1268/1265
f 1266/1266/1263 1272/1272/1269 1269/1269/1266
f 1270/1270/1267 1272/1272/1269 1266/1266/1263
f 1270/1270/1267 1273/1273/1270 1272/1272/1269
f 1267/1267/1264 1274/1274/1271 1271/1271/1268
f 1269/1269/1266 1274/1274/1271 1267/1267/1264
f 1269/1269/1266 1272/1272/1269 1274/1274/1271
f 1272/1272/1269 1275/1275/1272 1274/1274/1271
f 1273/1273/1270 1275/1275/1272 1272/1272/1269
f 1273/1273/1270 1276/1276/1273 1275/1275/1272
f 1274/1274/1271 1277/1277/1274 1271/1271/1268
f 1277/1277/1274 1278/1278/1275 1271/1271/1268
f 1274/1274/1271 1279/1279/1276 1277/1277/1274
f 1277/1277/1274 1280/1280/1277 1278/1278/1275
f 1279/1279/1276 1281/1281/1278 1277/1277/1274
f 1280/1280/1277 1282/1282/1279 1278/1278/1275
f 1277/1277/1274 1281/1281/1278 1280/1280/1277
f 1281/1281/1278 1283/1283/1280 1280/1280/1277
f 1279/1279/1276 1284/1284/1281 1281/1281/1278
f 1282/1282/1279 1285/1285/1282 1278/1278/1275
f 1280/1280/1277 1283/1283/1280 1282/1282/1279
f 1283/1283/1280 1286/1286/1283 1282/1282/1279
f 1281/1281/1278 1287/1287/1284 1283/1283/1280
f 1284/1284/1281 1288/1288/1285 1281/1281/1278
f 1279/1279/1276 1289/1289/1286 1284/1284/1281
f 1282/1282/1279 1290/1290/1287 1285/1285/1282
f 1286/1286/1283 1290/1290/1287 1282/1282/1279
f 1286/1286/1283 1291/1291/1288 1290/1290/1287
f 1283/1283/1280 1292/1292/1289 1286/1286/1283
f 1287/1287/1284 1293/1293/1290 1283/1283/1280
f 1281/1281/1278 1288/1288/1285 1287/1287/1284
f 1288/1288/1285 1294/1294/1291 1287/1287/1284
f 1284/1284/1281 1295/1295/1292 1288/1288/1285
f 1289/1289/1286 1295/1295/1292 1284/1284/1281
f 1289/1289/1286 1296/1296/1293 1295/1295/1292
f 1291/1291/1288 1297/1297/1294 1290/1290/1287
f 1286/1286/1283 1298/1298/1295 1291/1291/1288
f 1292/1292/1289 1298/1298/1295 1286/1286/1283
f 1292/1292/1289 1293/1293/1290 1298/1298/1295
f 1293/1293/1290 1292/1292/1289 1283/1283/1280
f 1287/1287/1284 1294/1294/1291 1293/1293/1290
f 1294/1294/1291 1299/1299/1296 1293/1293/1290
f 1288/1288/1285 1300/1300/1297 1294/1294/1291
f 1295/1295/1292 1300/1300/1297 1288/1288/1285
f 1295/1295/1292 1301/1301/1298 1300/1300/1297
f 1296/1296/1293 1302/1302/1299 1295/1295/1292
f 1297/1297/1294 1303/1303/1300 1290/1290/1287
f 1291/1291/1288 1304/1304/1301 1297/1297/1294
f 1298/1298/1295 1305/1305/1302 1291/1291/1288
f 1293/1293/1290 1299/1299/1296 1298/1298/1295
f 1299/1299/1296 1306/1306/1303 1298/1298/1295
f 1294/1294/1291 1307/1307/1304 1299/1299/1296
f 1300/1300/1297 1308/1308/1305 1294/1294/1291
f 1301/1301/1298 1309/1309/1306 1300/1300/1297
f 1295/1295/1292 1302/1302/1299 1301/1301/1298
f 1302/1302/1299 1310/1310/1307 1301/1301/1298
f 1297/1297/1294 1304/1304/1301 1303/1303/1300
f 1291/1291/1288 1305/1305/1302 1304/1304/1301
f 1305/1305/1302 1311/1311/1308 1304/1304/1301
f 1298/1298/1295 1306/1306/1303 1305/1305/1302
f 1306/1306/1303 1312/1312/1309 1305/1305/1302
f 1299/1299/1296 1313/1313/1310 1306/1306/1303
f 1307/1307/1304 1313/1313/1310 1299/1299/1296
f 1307/1307/1304 1314/1314/1311 1313/1313/1310
f 1294/1294/1291 1308/1308/1305 1307/1307/1304
f 1308/1308/1305 1314/1314/1311 1307/1307/1304
f 1308/1308/1305 1315/1315/1312 1314/1314/1311
f 1300/1300/1297 1309/1309/1306 1308/1308/1305
f 1309/1309/1306 1315/1315/1312 1308/1308/1305
f 1309/1309/1306 1316/1316/1313 1315/1315/1312
f 1301/1301/1298 1310/1310/1307 1309/1309/1306
f 1310/1310/1307 1316/1316/1313 1309/1309/1306
f 1310/1310/1307 1317/1317/1314 1316/1316/1313
f 1311/1311/1308 1318/1318/1315 1304/1304/1301
f 1305/1305/1302 1312/1312/1309 1311/1311/1308
f 1312/1312/1309 1319/1319/1316 1311/1311/1308
f 1306/1306/1303 1320/1320/1317 1312/1312/1309
f 1313/1313/1310 1320/1320/1317 1306/1306/1303
f 1313/1313/1310 1321/1321/1318 1320/1320/1317
f 1314/1314/1311 1321/1321/1318 1313/1313/1310
f 1314/1314/1311 1322/1322/1319 1321/1321/1318
f 1315/1315/1312 1322/1322/1319 1314/1314/1311
f 1315/1315/1312 1323/1323/1320 1322/1322/1319
f 1316/1316/1313 1323/1323/1320 1315/1315/1312
f 1316/1316/1313 1324/1324/1321 1323/1323/1320
f 1317/1317/1314 1324/1324/1321 1316/1316/1313
f 1317/1317/1314 1325/1325/1322 1324/1324/1321
f 1311/1311/1308 1326/1326/1323 1318/1318/1315
f 1319/1319/1316 1326/1326/1323 1311/1311/1308
f 1312/1312/1309 1327/1327/1324 1319/1319/1316
f 1320/1320/1317 1327/1327/1324 1312/1312/1309
f 1320/1320/1317 1328/1328/1325 1327/1327/1324
f 1321/1321/1318 1328/1328/1325 1320/1320/1317
f 1321/1321/1318 1329/1329/1326 1328/1328/1325
f 1322/1322/1319 1329/1329/1326 1321/1321/1318
f 1322/1322/1319 1330/1330/1327 1329/1329/1326
f 1323/1323/1320 1331/1331/1328 1322/1322/1319
f 1324/1324/1321 1332/1332/1329 1323/1323/1320
f 1325/1325/1322 1332/1332/1329 1324/1324/1321
f 1325/1325/1322 1333/1333/1330 1332/1332/1329
f 1322/1322/1319 1331/1331/1328 1330/1330/1327
f 1323/1323/1320 1332/1332/1329 1331/1331/1328
f 1332/1332/1329 1333/1333/1330 1331/1331/1328
f 1334/1334/1331 1335/1335/1332 1336/1336/1333
f 1336/1336/1333 1337/1337/1334 1334/1334/1331
f 1335/1335/1332 1338/1338/1335 1336/1336/1333
f 1334/1334/1331 1339/1339/1336 1335/1335/1332
f 1337/1337/1334 1340/1340/1337 1334/1334/1331
f 1334/1334/1331 1340/1340/1337 1339/1339/1336
f 1340/1340/1337 1341/1341/1338 1339/1339/1336
f 1340/1340/1337 1342/1342/1339 1341/1341/1338
f 1343/1343/1340 1344/1344/1341 1345/1345/1342
f 1345/1345/1342 1346/1346/1343 1343/1343/1340
f 1344/1344/1341 1347/1347/1344 1345/1345/1342
f 1343/1343/1340 1348/1348/1345 1344/1344/1341
f 1346/1346/1343 1348/1348/1345 1343/1343/1340
f 1346/1346/1343 1349/1349/1346 1348/1348/1345
f 1344/1344/1341 1350/1350/1347 1347/1347/1344
f 1348/1348/1345 1350/1350/1347 1344/1344/1341
f 1348/1348/1345 1351/1351/1348 1350/1350/1347
f 1346/1346/1343 1352/1352/1349 1349/1349/1346
f 1350/1350/1347 1353/1353/1350 1347/1347/1344
f 1351/1351/1348 1353/1353/1350 1350/1350/1347
f 1351/1351/1348 1354/1354/1351 1353/1353/1350
f 1346/1346/1343 1355/1355/1352 1352/1352/1349
f 1353/1353/1350 1356/1356/1353 1347/1347/1344
f 1354/1354/1351 1356/1356/1353 1353/1353/1350
f 1354/1354/1351 1357/1357/1354 1356/1356/1353
f 1351/1351/1348 1358/1358/1355 1354/1354/1351
f 1355/1355/1352 1359/1359/1356 1352/1352/1349
f 1346/1346/1343 1360/1360/1357 1355/1355/1352
f 1356/1356/1353 1357/1357/1354 1347/1347/1344
f 1357/1357/1354 1361/1361/1358 1347/1347/1344
f 1354/1354/1351 1362/1362/1359 1357/1357/1354
f 1358/1358/1355 1362/1362/1359 1354/1354/1351
f 1351/1351/1348 1363/1363/1360 1358/1358/1355
f 1359/1359/1356 1364/1364/1361 1352/1352/1349
f 1355/1355/1352 1365/1365/1362 1359/1359/1356
f 1360/1360/1357 1366/1366/1363 1355/1355/1352
f 1361/1361/1358 1367/1367/1364 1347/1347/1344
f 1357/1357/1354 1367/1367/1364 1361/1361/1358
f 1357/1357/1354 1368/1368/1365 1367/1367/1364
f 1362/1362/1359 1369/1369/1366 1357/1357/1354
f 1351/1351/1348 1348/1348/1345 1363/1363/1360
f 1348/1348/1345 1370/1370/1367 1363/1363/1360
f 1365/1365/1362 1364/1364/1361 1359/1359/1356
f 1365/1365/1362 1371/1371/1368 1364/1364/1361
f 1355/1355/1352 1366/1366/1363 1365/1365/1362
f 1366/1366/1363 1372/1372/1369 1365/1365/1362
f 1360/1360/1357 1373/1373/1370 1366/1366/1363
f 1367/1367/1364 1374/1374/1371 1347/1347/1344
f 1368/1368/1365 1374/1374/1371 1367/1367/1364
f 1368/1368/1365 1375/1375/1372 1374/1374/1371
f 1357/1357/1354 1376/1376/1373 1368/1368/1365
f 1369/1369/1366 1376/1376/1373 1357/1357/1354
f 1369/1369/1366 1362/1362/1359 1376/1376/1373
f 1370/1370/1367 1377/1377/1374 1363/1363/1360
f 1348/1348/1345 1378/1378/1375 1370/1370/1367
f 1371/1371/1368 1379/1379/1376 1364/1364/1361
f 1366/1366/1363 1380/1380/1377 1372/1372/1369
f 1373/1373/1370 1380/1380/1377 1366/1366/1363
f 1373/1373/1370 1381/1381/1378 1380/1380/1377
f 1374/1374/1371 1382/1382/1379 1347/1347/1344
f 1368/1368/1365 1376/1376/1373 1375/1375/1372
f 1378/1378/1375 1377/1377/1374 1370/1370/1367
f 1378/1378/1375 1363/1363/1360 1377/1377/1374
f 1379/1379/1376 1383/1383/1380 1364/1364/1361
f 1380/1380/1377 1384/1384/1381 1372/1372/1369
f 1381/1381/1378 1385/1385/1382 1380/1380/1377
f 1382/1382/1379 1386/1386/1383 1347/1347/1344
f 1374/1374/1371 1387/1387/1384 1382/1382/1379
f 1383/1383/1380 1345/1345/1342 1364/1364/1361
f 1379/1379/1376 1388/1388/1385 1383/1383/1380
f 1384/1384/1381 1389/1389/1386 1372/1372/1369
f 1380/1380/1377 1385/1385/1382 1384/1384/1381
f 1385/1385/1382 1390/1390/1387 1384/1384/1381
f 1381/1381/1378 1391/1391/1388 1385/1385/1382
f 1386/1386/1383 1378/1378/1375 1347/1347/1344
f 1382/1382/1379 1392/1392/1389 1386/1386/1383
f 1387/1387/1384 1393/1393/1390 1382/1382/1379
f 1374/1374/1371 1394/1394/1391 1387/1387/1384
f 1379/1379/1376 1395/1395/1392 1388/1388/1385
f 1389/1389/1386 1396/1396/1393 1372/1372/1369
f 1384/1384/1381 1390/1390/1387 1389/1389/1386
f 1390/1390/1387 1397/1397/1394 1389/1389/1386
f 1385/1385/1382 1398/1398/1395 1390/1390/1387
f 1391/1391/1388 1398/1398/1395 1385/1385/1382
f 1391/1391/1388 1399/1399/1396 1398/1398/1395
f 1378/1378/1375 1400/1400/1397 1347/1347/1344
f 1386/1386/1383 1401/1401/1398 1378/1378/1375
f 1392/1392/1389 1402/1402/1399 1386/1386/1383
f 1382/1382/1379 1393/1393/1390 1392/1392/1389
f 1393/1393/1390 1403/1403/1400 1392/1392/1389
f 1374/1374/1371 1404/1404/1401 1394/1394/1391
f 1379/1379/1376 1405/1405/1402 1395/1395/1392
f 1389/1389/1386 1406/1406/1403 1396/1396/1393
f 1390/1390/1387 1407/1407/1404 1397/1397/1394
f 1398/1398/1395 1408/1408/1405 1390/1390/1387
f 1399/1399/1396 1408/1408/1405 1398/1398/1395
f 1399/1399/1396 1402/1402/1399 1408/1408/1405
f 1401/1401/1398 1346/1346/1343 1378/1378/1375
f 1402/1402/1399 1401/1401/1398 1386/1386/1383
f 1402/1402/1399 1399/1399/1396 1401/1401/1398
f 1399/1399/1396 1391/1391/1388 1401/1401/1398
f 1392/1392/1389 1409/1409/1406 1402/1402/1399
f 1403/1403/1400 1409/1409/1406 1392/1392/1389
f 1403/1403/1400 1410/1410/1407 1409/1409/1406
f 1393/1393/1390 1410/1410/1407 1403/1403/1400
f 1393/1393/1390 1408/1408/1405 1410/1410/1407
f 1406/1406/1403 1411/1411/1408 1396/1396/1393
f 1389/1389/1386 1412/1412/1409 1406/1406/1403
f 1407/1407/1404 1413/1413/1410 1397/1397/1394
f 1408/1408/1405 1407/1407/1404 1390/1390/1387
f 1402/1402/1399 1410/1410/1407 1408/1408/1405
f 1402/1402/1399 1409/1409/1406 1410/1410/1407
f 1411/1411/1408 1414/1414/1411 1396/1396/1393
f 1406/1406/1403 1415/1415/1412 1411/1411/1408
f 1412/1412/1409 1416/1416/1413 1406/1406/1403
f 1413/1413/1410 1417/1417/1414 1397/1397/1394
f 1407/1407/1404 1408/1408/1405 1413/1413/1410
f 1408/1408/1405 1393/1393/1390 1413/1413/1410
f 1393/1393/1390 1418/1418/1415 1413/1413/1410
f 1411/1411/1408 1415/1415/1412 1414/1414/1411
f 1406/1406/1403 1416/1416/1413 1415/1415/1412
f 1416/1416/1413 1419/1419/1416 1415/1415/1412
f 1412/1412/1409 1420/1420/1417 1416/1416/1413
f 1413/1413/1410 1418/1418/1415 1417/1417/1414
f 1418/1418/1415 1421/1421/1418 1417/1417/1414
f 1416/1416/1413 1422/1422/1419 1419/1419/1416
f 1420/1420/1417 1422/1422/1419 1416/1416/1413
f 1420/1420/1417 1423/1423/1420 1422/1422/1419
f 1412/1412/1409 1423/1423/1420 1420/1420/1417
f 1412/1412/1409 1424/1424/1421 1423/1423/1420
f 1421/1421/1418 1425/1425/1422 1417/1417/1414
f 1422/1422/1419 1426/1426/1423 1419/1419/1416
f 1423/1423/1420 1427/1427/1424 1422/1422/1419
f 1424/1424/1421 1428/1428/1425 1423/1423/1420
f 1421/1421/1418 1429/1429/1426 1425/1425/1422
f 1422/1422/1419 1427/1427/1424 1426/1426/1423
f 1427/1427/1424 1430/1430/1427 1426/1426/1423
f 1423/1423/1420 1428/1428/1425 1427/1427/1424
f 1428/1428/1425 1431/1431/1428 1427/1427/1424
f 1424/1424/1421 1432/1432/1429 1428/1428/1425
f 1429/1429/1426 1433/1433/1430 1425/1425/1422
f 1430/1430/1427 1434/1434/1431 1426/1426/1423
f 1427/1427/1424 1435/1435/1432 1430/1430/1427
f 1431/1431/1428 1435/1435/1432 1427/1427/1424
f 1431/1431/1428 1436/1436/1433 1435/1435/1432
f 1428/1428/1425 1437/1437/1434 1431/1431/1428
f 1432/1432/1429 1438/1438/1435 1428/1428/1425
f 1429/1429/1426 1439/1439/1436 1433/1433/1430
f 1430/1430/1427 1435/1435/1432 1434/1434/1431
f 1435/1435/1432 1440/1440/1437 1434/1434/1431
f 1436/1436/1433 1440/1440/1437 1435/1435/1432
f 1436/1436/1433 1441/1441/1438 1440/1440/1437
f 1431/1431/1428 1437/1437/1434 1436/1436/1433
f 1437/1437/1434 1441/1441/1438 1436/1436/1433
f 1437/1437/1434 1442/1442/1439 1441/1441/1438
f 1428/1428/1425 1443/1443/1440 1437/1437/1434
f 1438/1438/1435 1443/1443/1440 1428/1428/1425
f 1438/1438/1435 1444/1444/1441 1443/1443/1440
f 1429/1429/1426 1445/1445/1442 1439/1439/1436
f 1441/1441/1438 1446/1446/1443 1440/1440/1437
f 1442/1442/1439 1447/1447/1444 1441/1441/1438
f 1437/1437/1434 1443/1443/1440 1442/1442/1439
f 1443/1443/1440 1448/1448/1445 1442/1442/1439
f 1444/1444/1441 1448/1448/1445 1443/1443/1440
f 1444/1444/1441 1449/1449/1446 1448/1448/1445
f 1438/1438/1435 1450/1450/1447 1444/1444/1441
f 1429/1429/1426 1451/1451/1448 1445/1445/1442
f 1441/1441/1438 1447/1447/1444 1446/1446/1443
f 1447/1447/1444 1452/1452/1449 1446/1446/1443
f 1442/1442/1439 1448/1448/1445 1447/1447/1444
f 1448/1448/1445 1449/1449/1446 1447/1447/1444
f 1449/1449/1446 1453/1453/1450 1447/1447/1444
f 1444/1444/1441 1454/1454/1451 1449/1449/1446
f 1450/1450/1447 1454/1454/1451 1444/1444/1441
f 1450/1450/1447 1455/1455/1452 1454/1454/1451
f 1438/1438/1435 1456/1456/1453 1450/1450/1447
f 1451/1451/1448 1457/1457/1454 1445/1445/1442
f 1447/1447/1444 1458/1458/1455 1452/1452/1449
f 1453/1453/1450 1458/1458/1455 1447/1447/1444
f 1453/1453/1450 1459/1459/1456 1458/1458/1455
f 1449/1449/1446 1460/1460/1457 1453/1453/1450
f 1454/1454/1451 1460/1460/1457 1449/1449/1446
f 1454/1454/1451 1455/1455/1452 1460/1460/1457
f 1455/1455/1452 1461/1461/1458 1460/1460/1457
f 1450/1450/1447 1462/1462/1459 1455/1455/1452
f 1456/1456/1453 1462/1462/1459 1450/1450/1447
f 1456/1456/1453 1463/1463/1460 1462/1462/1459
f 1451/1451/1448 1464/1464/1461 1457/1457/1454
f 1453/1453/1450 1465/1465/1462 1459/1459/1456
f 1460/1460/1457 1465/1465/1462 1453/1453/1450
f 1460/1460/1457 1466/1466/1463 1465/1465/1462
f 1461/1461/1458 1466/1466/1463 1460/1460/1457
f 1461/1461/1458 1467/1467/1464 1466/1466/1463
f 1455/1455/1452 1463/1463/1460 1461/1461/1458
f 1463/1463/1460 1455/1455/1452 1462/1462/1459
f 1456/1456/1453 1468/1468/1465 1463/1463/1460
f 1464/1464/1461 1463/1463/1460 1457/1457/1454
f 1465/1465/1462 1469/1469/1466 1459/1459/1456
f 1466/1466/1463 1470/1470/1467 1465/1465/1462
f 1467/1467/1464 1471/1471/1468 1466/1466/1463
f 1461/1461/1458 1472/1472/1469 1467/1467/1464
f 1463/1463/1460 1473/1473/1470 1461/1461/1458
f 1468/1468/1465 1474/1474/1471 1463/1463/1460
f 1465/1465/1462 1470/1470/1467 1469/1469/1466
f 1470/1470/1467 1475/1475/1472 1469/1469/1466
f 1466/1466/1463 1471/1471/1468 1470/1470/1467
f 1471/1471/1468 1476/1476/1473 1470/1470/1467
f 1467/1467/1464 1477/1477/1474 1471/1471/1468
f 1472/1472/1469 1478/1478/1475 1467/1467/1464
f 1461/1461/1458 1479/1479/1476 1472/1472/1469
f 1473/1473/1470 1480/1480/1477 1461/1461/1458
f 1470/1470/1467 1481/1481/1478 1475/1475/1472
f 1476/1476/1473 1481/1481/1478 1470/1470/1467
f 1476/1476/1473 1482/1482/1479 1481/1481/1478
f 1471/1471/1468 1483/1483/1480 1476/1476/1473
f 1477/1477/1474 1483/1483/1480 1471/1471/1468
f 1477/1477/1474 1484/1484/1481 1483/1483/1480
f 1467/1467/1464 1484/1484/1481 1477/1477/1474
f 1467/1467/1464 1485/1485/1482 1484/1484/1481
f 1478/1478/1475 1486/1486/1483 1467/1467/1464
f 1472/1472/1469 1487/1487/1484 1478/1478/1475
f 1479/1479/1476 1488/1488/1485 1472/1472/1469
f 1461/1461/1458 1480/1480/1477 1479/1479/1476
f 1480/1480/1477 1489/1489/1486 1479/1479/1476
f 1473/1473/1470 1490/1490/1487 1480/1480/1477
f 1476/1476/1473 1483/1483/1480 1482/1482/1479
f 1483/1483/1480 1491/1491/1488 1482/1482/1479
f 1484/1484/1481 1491/1491/1488 1483/1483/1480
f 1484/1484/1481 1492/1492/1489 1491/1491/1488
f 1485/1485/1482 1492/1492/1489 1484/1484/1481
f 1485/1485/1482 1493/1493/1490 1492/1492/1489
f 1467/1467/1464 1486/1486/1483 1485/1485/1482
f 1486/1486/1483 1494/1494/1491 1485/1485/1482
f 1478/1478/1475 1495/1495/1492 1486/1486/1483
f 1487/1487/1484 1496/1496/1493 1478/1478/1475
f 1488/1488/1485 1497/1497/1494 1472/1472/1469
f 1479/1479/1476 1487/1487/1484 1488/1488/1485
f 1490/1490/1487 1489/1489/1486 1480/1480/1477
f 1490/1490/1487 1498/1498/1495 1489/1489/1486
f 1473/1473/1470 1474/1474/1471 1490/1490/1487
f 1491/1491/1488 1499/1499/1496 1482/1482/1479
f 1492/1492/1489 1500/1500/1497 1491/1491/1488
f 1493/1493/1490 1501/1501/1498 1492/1492/1489
f 1485/1485/1482 1494/1494/1491 1493/1493/1490
f 1494/1494/1491 1502/1502/1499 1493/1493/1490
f 1486/1486/1483 1502/1502/1499 1494/1494/1491
f 1486/1486/1483 1503/1503/1500 1502/1502/1499
f 1495/1495/1492 1504/1504/1501 1486/1486/1483
f 1478/1478/1475 1072/1072/1072 1495/1495/1492
f 1496/1496/1493 1505/1505/1502 1478/1478/1475
f 1487/1487/1484 1506/1506/1503 1496/1496/1493
f 1497/1497/1494 1468/1468/1465 1472/1472/1469
f 1488/1488/1485 1507/1507/1504 1497/1497/1494
f 1479/1479/1476 1489/1489/1486 1487/1487/1484
f 1489/1489/1486 1498/1498/1495 1487/1487/1484
f 1498/1498/1495 1506/1506/1503 1487/1487/1484
f 1498/1498/1495 1508/1508/1505 1506/1506/1503
f 1490/1490/1487 1509/1509/1506 1498/1498/1495
f 1474/1474/1471 1509/1509/1506 1490/1490/1487
f 1491/1491/1488 1500/1500/1497 1499/1499/1496
f 1500/1500/1497 1510/1510/1507 1499/1499/1496
f 1492/1492/1489 1501/1501/1498 1500/1500/1497
f 1501/1501/1498 1510/1510/1507 1500/1500/1497
f 1501/1501/1498 1502/1502/1499 1510/1510/1507
f 1502/1502/1499 1501/1501/1498 1493/1493/1490
f 1503/1503/1500 1511/1511/1508 1502/1502/1499
f 1486/1486/1483 1504/1504/1501 1503/1503/1500
f 1504/1504/1501 1512/1512/1509 1503/1503/1500
f 1072/1072/1072 1504/1504/1501 1495/1495/1492
f 1478/1478/1475 1507/1507/1504 1072/1072/1072
f 1505/1505/1502 1513/1513/1510 1478/1478/1475
f 1496/1496/1493 1514/1514/1511 1505/1505/1502
f 1506/1506/1503 1514/1514/1511 1496/1496/1493
f 1506/1506/1503 1515/1515/1512 1514/1514/1511
f 1468/1468/1465 1473/1473/1470 1472/1472/1469
f 1508/1508/1505 1515/1515/1512 1506/1506/1503
f 1498/1498/1495 1516/1516/1513 1508/1508/1505
f 1509/1509/1506 1516/1516/1513 1498/1498/1495
f 1509/1509/1506 1517/1517/1514 1516/1516/1513
f 1510/1510/1507 1518/1518/1515 1499/1499/1496
f 1502/1502/1499 1511/1511/1508 1510/1510/1507
f 1511/1511/1508 1518/1518/1515 1510/1510/1507
f 1511/1511/1508 1512/1512/1509 1518/1518/1515
f 1512/1512/1509 1511/1511/1508 1503/1503/1500
f 1504/1504/1501 1519/1519/1516 1512/1512/1509
f 1478/1478/1475 1513/1513/1510 1507/1507/1504
f 1505/1505/1502 1514/1514/1511 1513/1513/1510
f 1514/1514/1511 1508/1508/1505 1513/1513/1510
f 1515/1515/1512 1520/1520/1517 1514/1514/1511
f 1512/1512/1509 1521/1521/1518 1518/1518/1515
f 1519/1519/1516 1521/1521/1518 1512/1512/1509
f 1519/1519/1516 1522/1522/1519 1521/1521/1518
f 1504/1504/1501 1523/1523/1520 1519/1519/1516
f 1508/1508/1505 1516/1516/1513 1513/1513/1510
f 1519/1519/1516 1523/1523/1520 1522/1522/1519
f 1523/1523/1520 1524/1524/1521 1522/1522/1519
f 1523/1523/1520 1525/1525/1522 1524/1524/1521
f 1523/1523/1520 1526/1526/1523 1525/1525/1522
f 1523/1523/1520 1527/1527/1524 1526/1526/1523
f 1528/1528/1525 1529/1529/1526 1530/1530/1527
f 1530/1530/1527 1531/1531/1528 1528/1528/1525
f 1529/1529/1526 1532/1532/1529 1530/1530/1527
f 1531/1531/1528 1533/1533/1530 1528/1528/1525
f 1530/1530/1527 1532/1532/1529 1531/1531/1528
f 1532/1532/1529 1534/1534/1531 1531/1531/1528
f 1529/1529/1526 1535/1535/1532 1532/1532/1529
f 1533/1533/1530 1536/1536/1533 1528/1528/1525
f 1532/1532/1529 1535/1535/1532 1534/1534/1531
f 1535/1535/1532 1537/1537/1534 1534/1534/1531
f 1529/1529/1526 1537/1537/1534 1535/1535/1532
f 1537/1537/1534 1538/1538/1535 1534/1534/1531
f 1538/1538/1535 1539/1539/1536 1534/1534/1531
f 1537/1537/1534 1540/1540/1537 1538/1538/1535
f 1539/1539/1536 1541/1541/1538 1534/1534/1531
f 1538/1538/1535 1541/1541/1538 1539/1539/1536
f 1540/1540/1537 1542/1542/1539 1538/1538/1535
f 1537/1537/1534 1543/1543/1540 1540/1540/1537
f 1541/1541/1538 1544/1544/1541 1534/1534/1531
f 1542/1542/1539 1541/1541/1538 1538/1538/1535
f 1542/1542/1539 1170/1170/1170 1541/1541/1538
f 1537/1537/1534 1529/1529/1526 1543/1543/1540
f 1544/1544/1541 1545/1545/1542 1534/1534/1531
f 1541/1541/1538 1546/1546/1543 1544/1544/1541
f 1541/1541/1538 1547/1547/1544 1546/1546/1543
f 1547/1547/1544 1548/1548/1545 1546/1546/1543
f 1547/1547/1544 1549/1549/1546 1548/1548/1545
f 1550/1550/1547 1551/1551/1548 1552/1552/1549
f 1551/1551/1548 1553/1553/1550 1552/1552/1549
f 1550/1550/1547 1554/1554/1551 1551/1551/1548
f 1550/1550/1547 645/645/645 1554/1554/1551
f 1555/1555/1552 1556/1556/1553 1557/1557/1554
f 1555/1555/1552 1548/1548/1545 1556/1556/1553
f 1548/1548/1545 1557/1557/1554 1556/1556/1553
f 1555/1555/1552 1546/1546/1543 1548/1548/1545
f 1558/1558/1555 1559/1559/1556 1560/1560/1557
f 1560/1560/1557 1561/1561/1558 1558/1558/1555
f 1561/1561/1558 1562/1562/1559 1558/1558/1555
f 1560/1560/1557 1563/1563/1560 1561/1561/1558
f 1562/1562/1559 1564/1564/1561 1558/1558/1555
f 1561/1561/1558 1565/1565/1562 1562/1562/1559
f 1563/1563/1560 1566/1566/1563 1561/1561/1558
f 1562/1562/1559 1567/1567/1564 1564/1564/1561
f 1565/1565/1562 1568/1568/1565 1562/1562/1559
f 1561/1561/1558 1569/1569/1566 1565/1565/1562
f 1566/1566/1563 1569/1569/1566 1561/1561/1558
f 1566/1566/1563 1570/1570/1567 1569/1569/1566
f 1562/1562/1559 1571/1571/1568 1567/1567/1564
f 1568/1568/1565 1571/1571/1568 1562/1562/1559
f 1568/1568/1565 1572/1572/1569 1571/1571/1568
f 1565/1565/1562 1573/1573/1570 1568/1568/1565
f 1569/1569/1566 1573/1573/1570 1565/1565/1562
f 1569/1569/1566 1574/1574/1571 1573/1573/1570
f 1570/1570/1567 1575/1575/1572 1569/1569/1566
f 1566/1566/1563 1576/1576/1573 1570/1570/1567
f 1571/1571/1568 1577/1577/1574 1567/1567/1564
f 1572/1572/1569 1578/1578/1575 1571/1571/1568
f 1568/1568/1565 1579/1579/1576 1572/1572/1569
f 1573/1573/1570 1579/1579/1576 1568/1568/1565
f 1569/1569/1566 1580/1580/1577 1574/1574/1571
f 1576/1576/1573 1581/1581/1578 1570/1570/1567
f 1566/1566/1563 1563/1563/1560 1576/1576/1573
f 1571/1571/1568 1582/1582/1579 1577/1577/1574
f 1578/1578/1575 1582/1582/1579 1571/1571/1568
f 1578/1578/1575 1583/1583/1580 1582/1582/1579
f 1572/1572/1569 1584/1584/1581 1578/1578/1575
f 1579/1579/1576 1585/1585/1582 1572/1572/1569
f 1580/1580/1577 1586/1586/1583 1574/1574/1571
f 1569/1569/1566 1576/1576/1573 1580/1580/1577
f 1581/1581/1578 1587/1587/1584 1570/1570/1567
f 1582/1582/1579 1588/1588/1585 1577/1577/1574
f 1583/1583/1580 1589/1589/1586 1582/1582/1579
f 1578/1578/1575 1584/1584/1581 1583/1583/1580
f 1584/1584/1581 1590/1590/1587 1583/1583/1580
f 1572/1572/1569 1585/1585/1582 1584/1584/1581
f 1585/1585/1582 1591/1591/1588 1584/1584/1581
f 1579/1579/1576 1592/1592/1589 1585/1585/1582
f 1580/1580/1577 1593/1593/1590 1586/1586/1583
f 1576/1576/1573 1594/1594/1591 1580/1580/1577
f 1588/1588/1585 1595/1595/1592 1577/1577/1574
f 1582/1582/1579 1589/1589/1586 1588/1588/1585
f 1589/1589/1586 1583/1583/1580 1588/1588/1585
f 1590/1590/1587 1596/1596/1593 1583/1583/1580
f 1584/1584/1581 1591/1591/1588 1590/1590/1587
f 1591/1591/1588 1597/1597/1594 1590/1590/1587
f 1585/1585/1582 1598/1598/1595 1591/1591/1588
f 1592/1592/1589 1598/1598/1595 1585/1585/1582
f 1592/1592/1589 1599/1599/1596 1598/1598/1595
f 1579/1579/1576 1573/1573/1570 1592/1592/1589
f 1573/1573/1570 1574/1574/1571 1592/1592/1589
f 1595/1595/1592 1563/1563/1560 1577/1577/1574
f 1588/1588/1585 1583/1583/1580 1595/1595/1592
f 1583/1583/1580 1569/1569/1566 1595/1595/1592
f 1596/1596/1593 1600/1600/1597 1583/1583/1580
f 1590/1590/1587 1597/1597/1594 1596/1596/1593
f 1597/1597/1594 1601/1601/1598 1596/1596/1593
f 1591/1591/1588 1602/1602/1599 1597/1597/1594
f 1598/1598/1595 1602/1602/1599 1591/1591/1588
f 1598/1598/1595 1599/1599/1596 1602/1602/1599
f 1599/1599/1596 1603/1603/1600 1602/1602/1599
f 1563/1563/1560 1567/1567/1564 1577/1577/1574
f 1563/1563/1560 1564/1564/1561 1567/1567/1564
f 1563/1563/1560 1604/1604/1601 1564/1564/1561
f 1595/1595/1592 1593/1593/1590 1563/1563/1560
f 1596/1596/1593 1601/1601/1598 1600/1600/1597
f 1601/1601/1598 1605/1605/1602 1600/1600/1597
f 1597/1597/1594 1606/1606/1603 1601/1601/1598
f 1602/1602/1599 1607/1607/1604 1597/1597/1594
f 1603/1603/1600 1607/1607/1604 1602/1602/1599
f 1603/1603/1600 1608/1608/1605 1607/1607/1604
f 1599/1599/1596 1609/1609/1606 1603/1603/1600
f 1604/1604/1601 1558/1558/1555 1564/1564/1561
f 1563/1563/1560 1560/1560/1557 1604/1604/1601
f 1560/1560/1557 1559/1559/1556 1604/1604/1601
f 1593/1593/1590 1581/1581/1578 1563/1563/1560
f 1595/1595/1592 1610/1610/1607 1593/1593/1590
f 1601/1601/1598 1606/1606/1603 1605/1605/1602
f 1606/1606/1603 1611/1611/1608 1605/1605/1602
f 1597/1597/1594 1607/1607/1604 1606/1606/1603
f 1607/1607/1604 1611/1611/1608 1606/1606/1603
f 1607/1607/1604 1612/1612/1609 1611/1611/1608
f 1608/1608/1605 1612/1612/1609 1607/1607/1604
f 1608/1608/1605 1613/1613/1610 1612/1612/1609
f 1603/1603/1600 1614/1614/1611 1608/1608/1605
f 1609/1609/1606 1614/1614/1611 1603/1603/1600
f 1609/1609/1606 1615/1615/1612 1614/1614/1611
f 1610/1610/1607 1616/1616/1613 1593/1593/1590
f 1595/1595/1592 1617/1617/1614 1610/1610/1607
f 1611/1611/1608 1618/1618/1615 1605/1605/1602
f 1612/1612/1609 1618/1618/1615 1611/1611/1608
f 1612/1612/1609 1619/1619/1616 1618/1618/1615
f 1613/1613/1610 1619/1619/1616 1612/1612/1609
f 1613/1613/1610 1620/1620/1617 1619/1619/1616
f 1608/1608/1605 1621/1621/1618 1613/1613/1610
f 1614/1614/1611 1621/1621/1618 1608/1608/1605
f 1614/1614/1611 1622/1622/1619 1621/1621/1618
f 1615/1615/1612 1623/1623/1620 1614/1614/1611
f 1610/1610/1607 1624/1624/1621 1616/1616/1613
f 1617/1617/1614 1624/1624/1621 1610/1610/1607
f 1613/1613/1610 1625/1625/1622 1620/1620/1617
f 1621/1621/1618 1622/1622/1619 1613/1613/1610
f 1622/1622/1619 1625/1625/1622 1613/1613/1610
f 1622/1622/1619 1626/1626/1623 1625/1625/1622
f 1614/1614/1611 1623/1623/1620 1622/1622/1619
f 1623/1623/1620 1626/1626/1623 1622/1622/1619
f 1623/1623/1620 1627/1627/1624 1626/1626/1623
f 1615/1615/1612 1628/1628/1625 1623/1623/1620
f 1625/1625/1622 1629/1629/1626 1620/1620/1617
f 1626/1626/1623 1630/1630/1627 1625/1625/1622
f 1627/1627/1624 1631/1631/1628 1626/1626/1623
f 1623/1623/1620 1628/1628/1625 1627/1627/1624
f 1628/1628/1625 1632/1632/1629 1627/1627/1624
f 1625/1625/1622 1630/1630/1627 1629/1629/1626
f 1630/1630/1627 1633/1633/1630 1629/1629/1626
f 1626/1626/1623 1631/1631/1628 1630/1630/1627
f 1631/1631/1628 1634/1634/1631 1630/1630/1627
f 1627/1627/1624 1635/1635/1632 1631/1631/1628
f 1632/1632/1629 1635/1635/1632 1627/1627/1624
f 1632/1632/1629 1636/1636/1633 1635/1635/1632
f 1630/1630/1627 1637/1637/1634 1633/1633/1630
f 1634/1634/1631 1637/1637/1634 1630/1630/1627
f 1634/1634/1631 1638/1638/1635 1637/1637/1634
f 1631/1631/1628 1635/1635/1632 1634/1634/1631
f 1635/1635/1632 1636/1636/1633 1634/1634/1631
f 1636/1636/1633 1638/1638/1635 1634/1634/1631
f 1636/1636/1633 1639/1639/1636 1638/1638/1635
f 1632/1632/1629 1640/1640/1637 1636/1636/1633
f 1637/1637/1634 1641/1641/1638 1633/1633/1630
f 1638/1638/1635 1642/1642/1639 1637/1637/1634
f 1639/1639/1636 1643/1643/1640 1638/1638/1635
f 1636/1636/1633 1640/1640/1637 1639/1639/1636
f 1640/1640/1637 1644/1644/1641 1639/1639/1636
f 1632/1632/1629 1645/1645/1642 1640/1640/1637
f 1637/1637/1634 1642/1642/1639 1641/1641/1638
f 1642/1642/1639 1646/1646/1643 1641/1641/1638
f 1638/1638/1635 1647/1647/1644 1642/1642/1639
f 1643/1643/1640 1647/1647/1644 1638/1638/1635
f 1643/1643/1640 1648/1648/1645 1647/1647/1644
f 1639/1639/1636 1644/1644/1641 1643/1643/1640
f 1644/1644/1641 1649/1649/1646 1643/1643/1640
f 1640/1640/1637 1650/1650/1647 1644/1644/1641
f 1645/1645/1642 1650/1650/1647 1640/1640/1637
f 1632/1632/1629 1628/1628/1625 1645/1645/1642
f 1642/1642/1639 1651/1651/1648 1646/1646/1643
f 1647/1647/1644 1651/1651/1648 1642/1642/1639
f 1647/1647/1644 1652/1652/1649 1651/1651/1648
f 1648/1648/1645 1652/1652/1649 1647/1647/1644
f 1648/1648/1645 1653/1653/1650 1652/1652/1649
f 1643/1643/1640 1649/1649/1646 1648/1648/1645
f 1649/1649/1646 1654/1654/1651 1648/1648/1645
f 1644/1644/1641 1650/1650/1647 1649/1649/1646
f 1650/1650/1647 1654/1654/1651 1649/1649/1646
f 1650/1650/1647 1655/1655/1652 1654/1654/1651
f 1651/1651/1648 1656/1656/1653 1646/1646/1643
f 1652/1652/1649 1657/1657/1654 1651/1651/1648
f 1653/1653/1650 1658/1658/1655 1652/1652/1649
f 1648/1648/1645 1659/1659/1656 1653/1653/1650
f 1654/1654/1651 1659/1659/1656 1648/1648/1645
f 1654/1654/1651 1655/1655/1652 1659/1659/1656
f 1655/1655/1652 1660/1660/1657 1659/1659/1656
f 1651/1651/1648 1657/1657/1654 1656/1656/1653
f 1657/1657/1654 1661/1661/1658 1656/1656/1653
f 1652/1652/1649 1658/1658/1655 1657/1657/1654
f 1658/1658/1655 1662/1662/1659 1657/1657/1654
f 1653/1653/1650 1663/1663/1660 1658/1658/1655
f 1659/1659/1656 1664/1664/1661 1653/1653/1650
f 1660/1660/1657 1664/1664/1661 1659/1659/1656
f 1660/1660/1657 1665/1665/1662 1664/1664/1661
f 1657/1657/1654 1662/1662/1659 1661/1661/1658
f 1662/1662/1659 1666/1666/1663 1661/1661/1658
f 1658/1658/1655 1663/1663/1660 1662/1662/1659
f 1663/1663/1660 1667/1667/1664 1662/1662/1659
f 1653/1653/1650 1664/1664/1661 1663/1663/1660
f 1664/1664/1661 1668/1668/1665 1663/1663/1660
f 1665/1665/1662 1668/1668/1665 1664/1664/1661
f 1665/1665/1662 1669/1669/1666 1668/1668/1665
f 1666/1666/1663 1670/1670/1667 1661/1661/1658
f 1662/1662/1659 1670/1670/1667 1666/1666/1663
f 1662/1662/1659 1667/1667/1664 1670/1670/1667
f 1667/1667/1664 1671/1671/1668 1670/1670/1667
f 1663/1663/1660 1668/1668/1665 1667/1667/1664
f 1668/1668/1665 1671/1671/1668 1667/1667/1664
f 1668/1668/1665 1672/1672/1669 1671/1671/1668
f 1669/1669/1666 1672/1672/1669 1668/1668/1665
f 1669/1669/1666 1673/1673/1670 1672/1672/1669
f 1665/1665/1662 1674/1674/1671 1669/1669/1666
f 1671/1671/1668 1672/1672/1669 1670/1670/1667
f 1669/1669/1666 1674/1674/1671 1673/1673/1670
f 1674/1674/1671 1675/1675/1672 1673/1673/1670
f 1674/1674/1671 1676/1676/1673 1675/1675/1672
f 1677/1677/1674 1678/1678/1675 1679/1679/1676
f 1678/1678/1675 1624/1624/1621 1679/1679/1676
f 1680/1680/1677 1681/1681/1678 1682/1682/1679
f 1682/1682/1679 1683/1683/1680 1680/1680/1677
f 1681/1681/1678 1684/1684/1681 1682/1682/1679
f 1680/1680/1677 1685/1685/1682 1681/1681/1678
f 1683/1683/1680 1685/1685/1682 1680/1680/1677
f 1684/1684/1681 1686/1686/1683 1682/1682/1679
f 1681/1681/1678 1687/1687/1684 1684/1684/1681
f 1685/1685/1682 1688/1688/1685 1681/1681/1678
f 1684/1684/1681 1689/1689/1686 1686/1686/1683
f 1687/1687/1684 1689/1689/1686 1684/1684/1681
f 1687/1687/1684 1690/1690/1687 1689/1689/1686
f 1681/1681/1678 1688/1688/1685 1687/1687/1684
f 1688/1688/1685 1690/1690/1687 1687/1687/1684
f 1689/1689/1686 1691/1691/1688 1686/1686/1683
f 1690/1690/1687 1692/1692/1689 1689/1689/1686
f 1689/1689/1686 1693/1693/1690 1691/1691/1688
f 1692/1692/1689 1693/1693/1690 1689/1689/1686
f 1692/1692/1689 1694/1694/1691 1693/1693/1690
f 1690/1690/1687 1691/1691/1688 1692/1692/1689
f 1694/1694/1691 1695/1695/1692 1693/1693/1690
f 1690/1690/1687 1686/1686/1683 1691/1691/1688
f 1690/1690/1687 1688/1688/1685 1686/1686/1683
f 1688/1688/1685 1685/1685/1682 1686/1686/1683
f 1694/1694/1691 1696/1696/1693 1695/1695/1692
f 1694/1694/1691 1697/1697/1694 1696/1696/1693
f 1697/1697/1694 1698/1698/1695 1696/1696/1693
f 1697/1697/1694 1699/1699/1696 1698/1698/1695
f 1699/1699/1696 1700/1700/1697 1698/1698/1695
f 1697/1697/1694 1701/1701/1698 1699/1699/1696
f 1699/1699/1696 1702/1702/1699 1700/1700/1697
f 1701/1701/1698 1703/1703/1700 1699/1699/1696
f 1699/1699/1696 1703/1703/1700 1702/1702/1699
f 1704/1704/1701 1705/1705/1701 1706/1706/1701
f 1707/1707/1702 1708/1708/1703 1709/1709/1704
f 1708/1708/1703 1710/1710/1705 1709/1709/1704
f 1707/1707/1702 1711/1711/1706 1708/1708/1703
f 1710/1710/1705 1712/1712/1707 1709/1709/1704
f 1708/1708/1703 1713/1713/1708 1710/1710/1705
f 1711/1711/1706 1713/1713/1708 1708/1708/1703
f 1711/1711/1706 1714/1714/1709 1713/1713/1708
f 1710/1710/1705 1713/1713/1708 1712/1712/1707
f 1713/1713/1708 1715/1715/1710 1712/1712/1707
f 1714/1714/1709 1715/1715/1710 1713/1713/1708
f 1714/1714/1709 1716/1716/1711 1715/1715/1710
f 1715/1715/1710 1716/1716/1711 1712/1712/1707
f 1714/1714/1709 1042/1042/1042 1716/1716/1711
f 1717/1717/1712 1718/1718/1713 1719/1719/1714
f 1718/1718/1713 1720/1720/1715 1719/1719/1714
f 1720/1720/1715 1721/1721/1716 1719/1719/1714
f 1718/1718/1713 1721/1721/1716 1720/1720/1715
f 1718/1718/1713 1722/1722/1717 1721/1721/1716
