# Blender v2.79 (sub 0) OBJ File: ''
# www.blender.org
mtllib 5.mtl
o 5
v -0.089808 0.128563 0.152500
v -0.091211 0.132433 0.151940
v -0.104091 0.124032 0.158868
v -0.088441 0.124839 0.153069
v -0.092526 0.137232 0.151147
v -0.079797 0.134845 0.148931
v -0.078270 0.130713 0.149814
v -0.086985 0.121122 0.153705
v -0.067059 0.138354 0.152051
v -0.076733 0.126952 0.150847
v -0.075270 0.123298 0.151777
v -0.085278 0.117528 0.154326
v -0.065766 0.132630 0.152705
v -0.064051 0.128619 0.153353
v -0.073727 0.119750 0.152735
v -0.062289 0.124962 0.154050
v -0.083777 0.113975 0.155071
v -0.072077 0.116272 0.153707
v -0.082384 0.110367 0.155824
v -0.060633 0.121122 0.155047
v -0.070448 0.112783 0.154767
v -0.058601 0.117557 0.156390
v -0.080915 0.106656 0.156591
v -0.068754 0.109183 0.155899
v -0.079366 0.102846 0.157738
v -0.056016 0.114009 0.157386
v -0.067005 0.105615 0.157023
v -0.065298 0.101995 0.158104
v -0.077804 0.098949 0.158953
v -0.053670 0.110285 0.156466
v -0.076386 0.095117 0.159902
v -0.063472 0.098377 0.159231
v -0.075255 0.091514 0.160772
v -0.061683 0.094673 0.160454
v -0.074025 0.087771 0.162167
v -0.059722 0.090760 0.161762
v -0.072772 0.083734 0.163979
v -0.071175 0.080000 0.166575
v -0.057553 0.086623 0.163416
v -0.054992 0.081910 0.164741
v -0.027662 0.127419 0.092808
v -0.031255 0.139448 0.091162
v -0.040605 0.128428 0.096723
v -0.039068 0.124568 0.098184
v -0.042110 0.132441 0.095330
v -0.017749 0.138120 0.089717
v -0.037556 0.120675 0.099761
v -0.051030 0.122164 0.104870
v -0.052716 0.126027 0.102943
v -0.032576 0.143943 0.091584
v -0.018772 0.142310 0.090018
v -0.016797 0.134223 0.089837
v -0.026221 0.123602 0.093934
v -0.049480 0.117905 0.106373
v -0.054260 0.130062 0.101376
v -0.043417 0.136538 0.094238
v -0.004250 0.136691 0.090421
v -0.003164 0.132533 0.092720
v -0.015536 0.130379 0.090659
v -0.014080 0.126386 0.092229
v -0.024815 0.119781 0.095388
v -0.036035 0.116798 0.101646
v -0.055686 0.134176 0.100099
v -0.044742 0.140949 0.093592
v -0.005317 0.141039 0.089034
v 0.008034 0.138537 0.094257
v -0.012543 0.122496 0.093893
v -0.023377 0.115866 0.097209
v -0.047810 0.113517 0.107968
v -0.057111 0.138350 0.099164
v -0.006403 0.145869 0.089221
v 0.007051 0.143538 0.090933
v 0.009017 0.134005 0.097824
v -0.001932 0.128253 0.095473
v -0.000550 0.124077 0.098218
v -0.011183 0.118598 0.095979
v -0.034564 0.112798 0.103710
v -0.045853 0.108973 0.107299
v -0.058791 0.143558 0.099217
v 0.019793 0.147990 0.094830
v 0.020286 0.140854 0.098876
v 0.010343 0.129739 0.101339
v 0.000881 0.119721 0.101185
v -0.009826 0.114476 0.098572
v -0.021965 0.111935 0.099454
v -0.033306 0.109004 0.102135
v -0.032391 0.106413 0.095400
v 0.033998 0.140861 0.089861
v 0.022679 0.132324 0.098259
v 0.013833 0.118046 0.106889
v 0.002440 0.116101 0.102306
v -0.020498 0.107991 0.098884
v -0.018128 0.101844 0.093107
v 0.032948 0.146764 0.086486
v 0.036443 0.130892 0.097612
v 0.024216 0.128369 0.100128
v 0.025323 0.124345 0.100746
v 0.015523 0.114385 0.108912
v -0.008465 0.110751 0.098248
v -0.005912 0.104190 0.094497
v -0.016821 0.098492 0.092571
v 0.046330 0.143911 0.087731
v 0.049436 0.128621 0.102695
v 0.037718 0.126580 0.099172
v 0.026691 0.120554 0.101256
v 0.028126 0.116869 0.101585
v 0.017273 0.110705 0.108800
v 0.005495 0.109652 0.097803
v 0.006834 0.106215 0.097075
v -0.015440 0.095113 0.092040
v 0.048557 0.140046 0.080838
v 0.057992 0.147733 0.091850
v 0.039222 0.122894 0.099943
v 0.040516 0.119184 0.100742
v 0.029437 0.113298 0.101809
v 0.018715 0.107084 0.108373
v -0.004546 0.100785 0.093352
v -0.014007 0.091695 0.091637
v 0.059719 0.141761 0.090784
v 0.061304 0.137214 0.090284
v 0.050850 0.124410 0.103777
v 0.041814 0.115467 0.101609
v 0.030793 0.109790 0.102063
v 0.020186 0.103662 0.108009
v 0.008001 0.102685 0.096293
v -0.003126 0.097278 0.092328
v -0.001645 0.093805 0.091618
v 0.049707 0.136990 0.078096
v 0.072561 0.144823 0.086712
v 0.062679 0.133249 0.089167
v 0.052343 0.120987 0.103715
v 0.043115 0.111852 0.102391
v 0.032178 0.106245 0.102216
v 0.021555 0.100045 0.107590
v 0.009366 0.099003 0.095194
v 0.010769 0.095416 0.094359
v -0.012670 0.088144 0.091276
v 0.035503 0.137042 0.089230
v 0.074032 0.139991 0.085348
v 0.075293 0.135794 0.083967
v 0.064366 0.129682 0.087803
v 0.053708 0.117448 0.104021
v 0.044454 0.108264 0.103108
v 0.033579 0.102676 0.102395
v 0.023029 0.096428 0.107270
v -0.000218 0.090355 0.091009
v -0.011369 0.084631 0.091010
v 0.021496 0.136290 0.096837
v 0.087813 0.143694 0.079939
v 0.066045 0.126386 0.086535
v 0.055032 0.113907 0.104545
v 0.056299 0.110368 0.105228
v 0.045815 0.104714 0.103846
v 0.034989 0.099140 0.102754
v 0.024328 0.092944 0.106887
v 0.012175 0.091968 0.093377
v 0.001193 0.086895 0.090389
v 0.012315 0.126079 0.100478
v 0.085992 0.150390 0.081986
v 0.089079 0.139278 0.078590
v 0.076765 0.131834 0.082482
v 0.067629 0.123015 0.084757
v 0.057575 0.106751 0.105980
v 0.047154 0.101161 0.104627
v 0.036381 0.095664 0.103244
v 0.037791 0.092178 0.103800
v 0.025592 0.089457 0.106908
v 0.013548 0.088561 0.092424
v -0.010076 0.081110 0.090729
v 0.100563 0.147005 0.079984
v 0.102237 0.142275 0.077426
v 0.090291 0.135085 0.077329
v 0.078342 0.128082 0.080968
v 0.069120 0.119707 0.082748
v 0.058813 0.103181 0.106864
v 0.048449 0.097592 0.105455
v 0.049729 0.094064 0.106407
v 0.026891 0.086143 0.107066
v 0.014892 0.085193 0.091579
v 0.002677 0.083435 0.089731
v -0.008746 0.077521 0.090458
v 0.115239 0.145168 0.079764
v 0.103829 0.138185 0.075221
v 0.091683 0.131253 0.075991
v 0.079932 0.124421 0.079450
v 0.070470 0.115953 0.081515
v 0.060094 0.099655 0.107782
v 0.061447 0.096137 0.108723
v 0.039227 0.088604 0.104417
v 0.028256 0.082820 0.107377
v 0.016153 0.081877 0.090799
v 0.004173 0.079987 0.089097
v -0.007249 0.074097 0.090294
v 0.117093 0.140830 0.077189
v 0.093151 0.127511 0.074791
v 0.081427 0.120903 0.077947
v 0.071734 0.112519 0.080127
v 0.050986 0.090547 0.107414
v 0.040690 0.085077 0.105164
v 0.029709 0.079426 0.107834
v 0.017413 0.078500 0.090136
v 0.005659 0.076563 0.088467
v -0.005848 0.070582 0.090206
v 0.129606 0.144087 0.080225
v 0.105481 0.134321 0.073230
v 0.094694 0.123836 0.073557
v 0.082882 0.117459 0.076588
v 0.084393 0.114080 0.075477
v 0.062958 0.092592 0.109873
v 0.052302 0.087062 0.108418
v 0.042087 0.081663 0.105919
v 0.018660 0.075053 0.089646
v 0.007106 0.073082 0.087905
v -0.004516 0.066937 0.090359
v 0.127743 0.149451 0.083419
v 0.118844 0.136872 0.074878
v 0.107183 0.130420 0.071596
v 0.096272 0.120184 0.072396
v 0.086025 0.110732 0.074526
v 0.073034 0.109065 0.078812
v 0.064552 0.089019 0.111011
v 0.053708 0.083673 0.109177
v 0.031141 0.075976 0.108388
v 0.020052 0.071623 0.089254
v 0.008544 0.069559 0.087633
v -0.003212 0.063292 0.090516
v 0.131340 0.139855 0.077835
v 0.120453 0.132990 0.072798
v 0.108953 0.126669 0.070006
v 0.097823 0.116652 0.071282
v 0.087539 0.107338 0.073868
v 0.066315 0.085362 0.112419
v 0.043409 0.078300 0.106674
v 0.032609 0.072591 0.109207
v 0.021594 0.068117 0.088762
v 0.010067 0.066084 0.087726
v -0.001822 0.059570 0.090933
v 0.133112 0.135947 0.075317
v 0.121976 0.129144 0.071028
v 0.110637 0.122981 0.068478
v 0.099446 0.113136 0.070169
v 0.074250 0.105540 0.076281
v 0.055104 0.080254 0.110005
v 0.044720 0.074968 0.107434
v 0.033950 0.069152 0.110008
v 0.023094 0.064587 0.088346
v 0.011579 0.062662 0.088251
v 0.012902 0.059279 0.088838
v 0.134690 0.132062 0.073047
v 0.123507 0.125489 0.069190
v 0.112162 0.119438 0.067111
v 0.089144 0.103885 0.073448
v 0.080242 0.091682 0.071421
v 0.056487 0.076702 0.111104
v 0.046052 0.071558 0.108384
v 0.035249 0.065546 0.110922
v 0.024561 0.061216 0.088095
v -0.000384 0.056000 0.090749
v 0.151646 0.129849 0.070308
v 0.136226 0.128154 0.071041
v 0.113631 0.115902 0.065870
v 0.101145 0.109678 0.069025
v 0.090886 0.100286 0.073028
v 0.081768 0.087933 0.073101
v 0.075431 0.101819 0.068979
v 0.068483 0.081623 0.114166
v 0.057865 0.073196 0.112257
v 0.047371 0.068022 0.109269
v 0.025894 0.057830 0.088276
v 0.014135 0.055841 0.089484
v 0.015350 0.052169 0.090377
v 0.137843 0.124327 0.068960
v 0.125068 0.122033 0.067146
v 0.115090 0.112389 0.064626
v 0.102838 0.106224 0.068030
v 0.092384 0.096713 0.072444
v 0.096972 0.086372 0.073998
v 0.071646 0.078771 0.068847
v 0.071210 0.077755 0.115566
v 0.059270 0.069610 0.113291
v 0.036525 0.061933 0.111994
v 0.027208 0.054509 0.088883
v 0.016599 0.048197 0.091795
v 0.139583 0.120709 0.066569
v 0.126706 0.118652 0.064927
v 0.116605 0.108863 0.063500
v 0.104536 0.102794 0.067179
v 0.095609 0.090001 0.071688
v 0.106205 0.099393 0.066351
v 0.083331 0.084328 0.073189
v 0.084874 0.080833 0.071644
v 0.060663 0.065964 0.114306
v 0.048698 0.064480 0.110202
v 0.037833 0.058339 0.112881
v 0.028636 0.051093 0.090017
v 0.017867 0.043877 0.094017
v 0.153871 0.125968 0.067921
v 0.128327 0.115168 0.062973
v 0.118126 0.105358 0.062449
v 0.107771 0.096049 0.065653
v 0.098383 0.082737 0.074542
v 0.099834 0.079061 0.074022
v 0.073608 0.075576 0.066274
v 0.062225 0.062154 0.115717
v 0.050044 0.061022 0.111118
v 0.039129 0.054960 0.113598
v 0.030188 0.047569 0.091555
v 0.031806 0.043640 0.093081
v 0.141468 0.117197 0.064059
v 0.129970 0.111491 0.061370
v 0.119709 0.101888 0.061391
v 0.109421 0.092518 0.064937
v 0.111002 0.088876 0.064161
v 0.112480 0.085065 0.063161
v 0.086488 0.077375 0.068638
v 0.075467 0.071916 0.063605
v 0.064395 0.058155 0.117405
v 0.051359 0.057620 0.112078
v 0.040373 0.051660 0.114188
v 0.033020 0.039098 0.094989
v 0.019324 0.039382 0.094977
v 0.156220 0.122240 0.065422
v 0.131736 0.107861 0.059743
v 0.121306 0.098507 0.060352
v 0.122939 0.095136 0.059198
v 0.124589 0.091697 0.057983
v 0.101275 0.075580 0.073062
v 0.092985 0.063134 0.064294
v 0.088081 0.073800 0.065041
v 0.052642 0.054241 0.113112
v 0.041658 0.048356 0.114975
v 0.042876 0.044784 0.115671
v 0.034339 0.034326 0.095759
v 0.143430 0.113608 0.061752
v 0.145370 0.109966 0.059971
v 0.133516 0.104281 0.057987
v 0.135333 0.100873 0.056000
v 0.137125 0.097543 0.054175
v 0.126267 0.088224 0.056811
v 0.102724 0.072184 0.071753
v 0.094217 0.059570 0.066212
v 0.091585 0.066757 0.063206
v 0.077257 0.068362 0.060096
v 0.054019 0.050790 0.114042
v 0.055547 0.047198 0.114886
v 0.043972 0.041314 0.116501
v 0.159358 0.118318 0.061336
v 0.147333 0.106447 0.057875
v 0.149317 0.103049 0.055544
v 0.138822 0.094194 0.052635
v 0.127718 0.084806 0.056238
v 0.104063 0.068644 0.070059
v 0.097281 0.048845 0.076374
v 0.084056 0.050766 0.059255
v 0.068115 0.056269 0.053199
v 0.067042 0.054471 0.117342
v 0.057368 0.043371 0.116136
v 0.045066 0.037369 0.117028
v 0.151658 0.099756 0.053252
v 0.140541 0.090828 0.051163
v 0.129105 0.080983 0.056016
v 0.120660 0.068397 0.054738
v 0.105716 0.065137 0.068455
v 0.108479 0.058331 0.070264
v 0.095528 0.056217 0.066911
v 0.085109 0.047288 0.062246
v 0.078880 0.064848 0.056043
v 0.071448 0.048686 0.057165
v 0.059683 0.039420 0.116705
v 0.046369 0.032949 0.117137
v 0.153797 0.096374 0.051245
v 0.142266 0.087510 0.049810
v 0.133786 0.065931 0.065171
v 0.122255 0.060732 0.064011
v 0.107229 0.061661 0.068638
v 0.122850 0.056674 0.070431
v 0.110243 0.050214 0.083040
v 0.086089 0.042946 0.070994
v 0.096660 0.052825 0.068839
v 0.072784 0.044961 0.060432
v 0.089689 0.070326 0.062720
v 0.061175 0.039870 0.058658
v 0.047657 0.027871 0.118045
v 0.144005 0.084173 0.048807
v 0.133182 0.070581 0.056822
v 0.146565 0.072313 0.062261
v 0.134301 0.061889 0.072184
v 0.109710 0.055067 0.072457
v 0.123632 0.052707 0.076433
v 0.098112 0.044265 0.086559
v 0.086961 0.038839 0.080561
v 0.073919 0.041211 0.063548
v 0.048869 0.022030 0.118731
v 0.156008 0.092849 0.049040
v 0.146993 0.068039 0.068360
v 0.134848 0.057919 0.078030
v 0.124390 0.048753 0.081775
v 0.110955 0.046203 0.087626
v 0.099203 0.040643 0.089264
v 0.074940 0.037416 0.067269
v 0.062790 0.035893 0.060947
v 0.050842 0.016811 0.112934
v 0.145673 0.081003 0.048280
v 0.147842 0.064108 0.072856
v 0.148838 0.060446 0.076387
v 0.135697 0.054034 0.082134
v 0.125354 0.044950 0.085044
v 0.112076 0.042655 0.089858
v 0.088126 0.035291 0.084582
v 0.076057 0.033695 0.071041
v 0.064157 0.031992 0.062474
v 0.147105 0.077958 0.048607
v 0.150000 0.056743 0.079033
v 0.136697 0.050510 0.084610
v 0.137940 0.047077 0.086047
v 0.126494 0.041445 0.086701
v 0.100412 0.037205 0.090707
v 0.089362 0.031819 0.086556
v 0.077349 0.030072 0.074801
v 0.065485 0.028119 0.064043
v 0.151101 0.053167 0.080893
v 0.152498 0.049778 0.081600
v 0.139306 0.043712 0.086520
v 0.113343 0.039228 0.091077
v 0.101745 0.033758 0.091462
v 0.090716 0.028333 0.087523
v 0.078703 0.026453 0.077888
v 0.067877 0.020725 0.066998
v 0.066693 0.024369 0.065620
v 0.158243 0.089475 0.046425
v 0.154215 0.046483 0.080924
v 0.140804 0.040330 0.086117
v 0.127796 0.037979 0.087332
v 0.114716 0.035826 0.091598
v 0.103192 0.030314 0.091648
v 0.092147 0.024793 0.087939
v 0.080031 0.022766 0.079764
v 0.069124 0.017042 0.068010
v 0.160900 0.086469 0.043011
v 0.156185 0.043223 0.079117
v 0.142415 0.036967 0.085109
v 0.129293 0.034530 0.087036
v 0.116201 0.032380 0.091430
v 0.104682 0.026846 0.091317
v 0.093669 0.021175 0.087715
v 0.081463 0.019080 0.080608
v 0.070471 0.013310 0.068381
v 0.144140 0.033576 0.083689
v 0.130953 0.031087 0.085923
v 0.117774 0.028910 0.090519
v 0.106224 0.023315 0.090465
v 0.095222 0.017534 0.086922
v 0.082952 0.015357 0.080619
v 0.071958 0.009618 0.068087
v 0.145923 0.030178 0.082139
v 0.132703 0.027588 0.084071
v 0.119448 0.025406 0.088812
v 0.107855 0.019712 0.089073
v 0.096819 0.013915 0.085675
v 0.084508 0.011679 0.080230
v 0.073500 0.005904 0.067075
v 0.158509 0.040060 0.076173
v 0.134452 0.024008 0.081749
v 0.121253 0.021828 0.086168
v 0.109499 0.016105 0.087295
v 0.098450 0.010345 0.083952
v 0.086058 0.008132 0.078980
v 0.087690 0.004603 0.076875
v 0.147735 0.026715 0.080695
v 0.136175 0.020454 0.079284
v 0.123110 0.018205 0.082935
v 0.111175 0.012535 0.085152
v 0.100129 0.006869 0.081889
v 0.089281 0.001101 0.074752
v 0.075102 0.002196 0.065692
v 0.160904 0.036692 0.072661
v 0.149636 0.023171 0.078128
v 0.124873 0.014615 0.079548
v 0.112895 0.009020 0.082641
v 0.101815 0.003456 0.079529
v 0.090888 -0.002413 0.072600
v 0.076698 -0.001449 0.063965
v 0.163215 0.033224 0.068976
v 0.137811 0.016916 0.077114
v 0.126638 0.011083 0.076292
v 0.114656 0.005579 0.079939
v 0.103503 -0.000022 0.076964
v 0.092524 -0.005959 0.070111
v 0.078307 -0.005088 0.062092
v 0.151597 0.019565 0.075130
v 0.139390 0.013405 0.075213
v 0.128403 0.007657 0.073633
v 0.116425 0.002125 0.077071
v 0.105198 -0.003519 0.074436
v 0.094168 -0.009555 0.067656
v 0.079908 -0.008665 0.060267
v 0.153518 0.016038 0.072291
v 0.141084 0.009928 0.073211
v 0.130222 0.004268 0.070925
v 0.118203 -0.001346 0.074350
v 0.106867 -0.007029 0.072216
v 0.095780 -0.013148 0.065341
v 0.081472 -0.012262 0.058401
v 0.165395 0.029943 0.065196
v 0.142924 0.006455 0.070761
v 0.132056 0.000809 0.067982
v 0.119948 -0.004863 0.071960
v 0.108537 -0.010600 0.069813
v 0.097378 -0.016700 0.063149
v 0.083019 -0.015819 0.056333
v 0.155455 0.012539 0.069587
v 0.144854 0.002996 0.068111
v 0.133918 -0.002760 0.065355
v 0.121636 -0.008411 0.069794
v 0.110178 -0.014163 0.067594
v 0.098944 -0.020234 0.060954
v 0.084570 -0.019346 0.054179
v 0.167637 0.026653 0.061401
v 0.157461 0.009023 0.066842
v 0.146763 -0.000501 0.065695
v 0.123377 -0.011976 0.067522
v 0.111786 -0.017716 0.065440
v 0.100547 -0.023768 0.058815
v 0.086157 -0.022873 0.052051
v 0.159969 0.005436 0.063489
v 0.148714 -0.004154 0.063123
v 0.135728 -0.006395 0.062873
v 0.125162 -0.015492 0.065120
v 0.113403 -0.021301 0.063246
v 0.102189 -0.027285 0.056658
v 0.087775 -0.026444 0.049823
v 0.170644 0.023636 0.056022
v 0.162277 0.001765 0.060185
v 0.137557 -0.010050 0.060351
v 0.126908 -0.019041 0.062706
v 0.115090 -0.024875 0.060945
v 0.103858 -0.030940 0.054429
v 0.089437 -0.030008 0.047358
v 0.150728 -0.007824 0.060212
v 0.139456 -0.013689 0.057713
v 0.128695 -0.022623 0.059892
v 0.116823 -0.028528 0.058451
v 0.105583 -0.034675 0.052061
v 0.091159 -0.033700 0.044865
v 0.164613 -0.002123 0.056731
v 0.152763 -0.011491 0.057413
v 0.141382 -0.017289 0.055065
v 0.118566 -0.032312 0.055741
v 0.107379 -0.038479 0.049515
v 0.092889 -0.037441 0.042293
v 0.154823 -0.015189 0.054696
v 0.143346 -0.020925 0.052350
v 0.130656 -0.026278 0.056413
v 0.120407 -0.036170 0.052835
v 0.109168 -0.042285 0.046812
v 0.094618 -0.041267 0.039817
v 0.166966 -0.005868 0.052529
v 0.156849 -0.018882 0.052085
v 0.132589 -0.030066 0.052929
v 0.122262 -0.040031 0.049773
v 0.111004 -0.046102 0.043939
v 0.096393 -0.045083 0.037272
v 0.169383 -0.009771 0.047539
v 0.145232 -0.024615 0.049733
v 0.134554 -0.033938 0.049667
v 0.124147 -0.043919 0.046674
v 0.112862 -0.049962 0.041029
v 0.098257 -0.048896 0.034635
v 0.158802 -0.022538 0.049810
v 0.146998 -0.028303 0.047146
v 0.136461 -0.037874 0.046428
v 0.126033 -0.047715 0.043616
v 0.114734 -0.053916 0.038233
v 0.100128 -0.052731 0.031859
v 0.160850 -0.026203 0.046803
v 0.148808 -0.032128 0.044583
v 0.138349 -0.041764 0.043343
v 0.127921 -0.051579 0.040672
v 0.116646 -0.057809 0.035415
v 0.102018 -0.056717 0.029015
v 0.172019 -0.013401 0.041883
v 0.150691 -0.035975 0.041937
v 0.140253 -0.045603 0.040119
v 0.129835 -0.055440 0.037900
v 0.118579 -0.061734 0.032601
v 0.103848 -0.060753 0.025943
v 0.162857 -0.029944 0.043234
v 0.152605 -0.039865 0.039160
v 0.154430 -0.043656 0.036472
v 0.142151 -0.049464 0.036921
v 0.131868 -0.059337 0.035229
v 0.105584 -0.064886 0.022751
v 0.174465 -0.016773 0.036476
v 0.164965 -0.033716 0.039744
v 0.167143 -0.037584 0.036449
v 0.156340 -0.047481 0.034010
v 0.144000 -0.053322 0.034114
v 0.120469 -0.065752 0.029935
v 0.107334 -0.069171 0.019542
v 0.169519 -0.041423 0.033008
v 0.158290 -0.051293 0.031513
v 0.133824 -0.063250 0.032571
v 0.122420 -0.069862 0.027283
v 0.109202 -0.073649 0.016042
v 0.171746 -0.045427 0.029736
v 0.145887 -0.057214 0.031423
v 0.135789 -0.067245 0.029905
v 0.124354 -0.073988 0.024639
v 0.126398 -0.078284 0.021374
v 0.160339 -0.055140 0.028996
v 0.147834 -0.061128 0.028537
v 0.137729 -0.071265 0.027161
v 0.139689 -0.075403 0.024289
v 0.111066 -0.078193 0.012026
v 0.174144 -0.049472 0.026088
v 0.162381 -0.058936 0.026175
v 0.150055 -0.065127 0.025425
v 0.152267 -0.069085 0.021801
v 0.128244 -0.082624 0.017728
v 0.113000 -0.083148 0.007517
v 0.164715 -0.062948 0.022580
v 0.154712 -0.073296 0.017504
v 0.141661 -0.079727 0.020867
v 0.130102 -0.087251 0.013106
v 0.115216 -0.087808 0.001007
v 0.177007 -0.053291 0.021529
v 0.167450 -0.066978 0.017994
v 0.143964 -0.084467 0.015747
v 0.132614 -0.092358 0.005393
v 0.179839 -0.057467 0.014620
v 0.157439 -0.077629 0.011227
v 0.146507 -0.088860 0.004689
v 0.169974 -0.071205 0.009834
v 0.153436 0.147516 0.017551
v 0.155601 0.143355 0.015850
v 0.170458 0.150438 0.008964
v 0.150704 0.152336 0.021675
v 0.172535 0.145905 0.007266
v 0.188506 0.153844 0.006871
v 0.174544 0.141383 0.006571
v 0.186177 0.159547 0.008203
v 0.190813 0.148955 0.006381
v 0.176303 0.136741 0.006626
v 0.168416 0.155282 0.011453
v 0.193060 0.144218 0.005321
v 0.179236 0.131970 0.005248
v 0.195842 0.139953 0.001782
v 0.182994 0.131154 -0.013997
v 0.201765 0.138319 -0.021377
v 0.185781 0.127622 -0.018290
v 0.210988 0.130031 -0.024198
v 0.166142 0.126506 -0.028430
v 0.205787 0.135926 -0.028856
v 0.171311 0.123316 -0.040075
v 0.208405 0.133099 -0.029259
v 0.192256 0.126364 -0.042626
v 0.193196 0.122859 -0.042479
v 0.194064 0.118606 -0.042577
v 0.196725 0.115137 -0.047450
v 0.205345 0.103608 -0.047243
v 0.199703 0.111610 -0.049502
v 0.184554 0.106035 -0.056942
v 0.203458 0.108432 -0.051388
v 0.182051 0.109408 -0.053154
v 0.187120 0.102409 -0.060614
v 0.189250 0.098787 -0.064252
v 0.179802 0.112697 -0.049964
v 0.171432 0.085496 -0.058680
v 0.177430 0.116084 -0.046679
v 0.167255 0.089851 -0.040560
v 0.174431 0.119539 -0.043180
v -0.121532 0.135958 0.096873
v -0.123075 0.140375 0.096587
v -0.136394 0.140520 0.103020
v -0.134914 0.136408 0.100196
v -0.125491 0.145380 0.091989
v -0.106007 0.131938 0.088237
v -0.120058 0.132057 0.096015
v -0.118921 0.128458 0.093816
v -0.133568 0.133056 0.096783
v -0.117815 0.124983 0.091268
v -0.131504 0.119857 0.079346
v -0.149691 0.133192 0.080783
v -0.116657 0.121489 0.089913
v -0.126656 0.109473 0.080657
v -0.133055 0.123616 0.078990
v -0.147913 0.129290 0.080273
v -0.151223 0.137172 0.080388
v -0.102148 0.121191 0.086113
v -0.122803 0.103382 0.093670
v -0.136304 0.102391 0.088870
v -0.145163 0.122078 0.079014
v -0.146484 0.125660 0.079547
v -0.158303 0.119409 0.082372
v -0.168054 0.139734 0.072846
v -0.103763 0.125151 0.085408
v -0.115159 0.117893 0.089720
v -0.120812 0.099525 0.099374
v -0.133984 0.097650 0.096223
v -0.143911 0.118494 0.078380
v -0.156580 0.115542 0.082034
v -0.166928 0.136099 0.068974
v -0.169183 0.143884 0.078091
v -0.104934 0.128771 0.084997
v -0.099491 0.114430 0.082533
v -0.100864 0.117747 0.085448
v -0.107800 0.099651 0.091314
v -0.131999 0.093685 0.101235
v -0.145610 0.089050 0.089782
v -0.142737 0.114871 0.077598
v -0.155247 0.112224 0.081320
v -0.179816 0.128682 0.068673
v -0.181683 0.132710 0.072213
v -0.155725 0.147572 0.074911
v -0.114390 0.114699 0.083314
v -0.112874 0.111262 0.083539
v -0.097986 0.110593 0.084096
v -0.111155 0.107014 0.086369
v -0.109781 0.103507 0.087762
v -0.105497 0.094927 0.100067
v -0.119039 0.095095 0.104808
v -0.143582 0.085190 0.095677
v -0.159347 0.084248 0.080861
v -0.152929 0.105383 0.079579
v -0.154017 0.108829 0.080571
v -0.165616 0.098174 0.082363
v -0.178457 0.125157 0.066296
v -0.128837 0.113036 0.076917
v -0.096737 0.106706 0.086260
v -0.095251 0.101759 0.092185
v -0.103539 0.090075 0.107274
v -0.130249 0.089856 0.104362
v -0.141440 0.081388 0.099612
v -0.152195 0.069694 0.089655
v -0.160732 0.087636 0.081332
v -0.151907 0.101805 0.078728
v -0.140100 0.107822 0.077709
v -0.163908 0.094630 0.082183
v -0.177411 0.121760 0.064321
v -0.193093 0.113229 0.061977
v -0.130128 0.116186 0.078497
v -0.093066 0.097432 0.098171
v -0.091394 0.093796 0.100323
v -0.117362 0.091392 0.107410
v -0.128690 0.086266 0.106429
v -0.139649 0.077743 0.101989
v -0.149957 0.065852 0.093902
v -0.158046 0.080798 0.080548
v -0.169632 0.071155 0.083942
v -0.162345 0.091103 0.081772
v -0.176425 0.118572 0.061915
v -0.175498 0.115386 0.058468
v -0.135280 0.131015 0.080711
v -0.141487 0.111458 0.077051
v -0.089913 0.090002 0.101823
v -0.115839 0.087923 0.109198
v -0.127258 0.082811 0.107737
v -0.138022 0.074214 0.103591
v -0.148068 0.062232 0.096189
v -0.167454 0.067642 0.084285
v -0.164149 0.126741 0.059630
v -0.190355 0.109452 0.056045
v -0.074411 0.085781 0.102087
v -0.102013 0.086499 0.109283
v -0.114403 0.084506 0.110334
v -0.125895 0.079345 0.108483
v -0.136489 0.070714 0.104553
v -0.146420 0.058594 0.097466
v -0.163960 0.060319 0.084282
v -0.165675 0.063987 0.084164
v -0.165346 0.129476 0.062215
v -0.174862 0.112411 0.053934
v -0.189591 0.106131 0.050567
v -0.150941 0.098236 0.078195
v -0.088470 0.085966 0.104356
v -0.100560 0.083030 0.109998
v -0.113037 0.081072 0.110976
v -0.124566 0.075905 0.108856
v -0.135037 0.067233 0.105053
v -0.133588 0.063784 0.105264
v -0.162240 0.056729 0.084152
v -0.160911 0.053473 0.080779
v -0.154929 0.073849 0.082490
v -0.166169 0.132711 0.065288
v -0.173975 0.109347 0.048606
v -0.185375 0.095551 0.044973
v -0.149579 0.094640 0.079135
v -0.087026 0.082211 0.106301
v -0.099230 0.079579 0.110093
v -0.111707 0.077660 0.111124
v -0.123194 0.072450 0.108971
v -0.121859 0.069041 0.108888
v -0.144800 0.055077 0.098203
v -0.156409 0.042504 0.084249
v -0.174486 0.037843 0.082013
v -0.156673 0.077448 0.080436
v -0.172123 0.106397 0.045165
v -0.187073 0.099060 0.044772
v -0.073322 0.081865 0.105074
v -0.085707 0.078638 0.107260
v -0.110360 0.074243 0.110920
v -0.120565 0.065604 0.108657
v -0.132193 0.060346 0.105188
v -0.143236 0.051627 0.098610
v -0.154758 0.038857 0.086412
v -0.158234 0.046148 0.081421
v -0.160550 0.050169 0.077920
v -0.183742 0.092578 0.042892
v -0.200090 0.079984 0.034588
v -0.188486 0.102683 0.046137
v -0.062134 0.084828 0.096587
v -0.072110 0.077858 0.106036
v -0.097983 0.076160 0.109717
v -0.109047 0.070880 0.110384
v -0.107797 0.067520 0.109524
v -0.119278 0.062189 0.108149
v -0.130809 0.056915 0.104988
v -0.141720 0.048158 0.098838
v -0.182687 0.089763 0.035918
v -0.195490 0.076466 0.031905
v -0.064596 0.088547 0.093975
v -0.060435 0.080593 0.098646
v -0.058845 0.076598 0.099601
v -0.084412 0.075149 0.107496
v -0.096816 0.072878 0.108877
v -0.095688 0.069639 0.107583
v -0.106616 0.064166 0.108407
v -0.129404 0.053497 0.104717
v -0.140197 0.044621 0.098931
v -0.153028 0.035204 0.087814
v -0.181307 0.086899 0.032831
v -0.047534 0.082731 0.084915
v -0.045956 0.079037 0.087122
v -0.057276 0.072843 0.099869
v -0.070772 0.074074 0.105687
v -0.083125 0.071683 0.107366
v -0.081792 0.068278 0.107133
v -0.094490 0.066353 0.106527
v -0.118011 0.058756 0.107348
v -0.116746 0.055351 0.106461
v -0.128053 0.050075 0.104180
v -0.138703 0.041026 0.098788
v -0.193242 0.072807 0.030202
v -0.049612 0.086528 0.080432
v -0.043137 0.071979 0.086637
v -0.044612 0.075407 0.087582
v -0.069368 0.070420 0.105202
v -0.093220 0.062968 0.105961
v -0.105501 0.060802 0.107138
v -0.104374 0.057411 0.105880
v -0.115459 0.051931 0.105485
v -0.126741 0.046588 0.103513
v -0.151388 0.031655 0.088592
v -0.179485 0.083818 0.030467
v -0.061538 0.108239 0.078734
v -0.041657 0.068612 0.084497
v -0.051931 0.059022 0.093819
v -0.054556 0.065874 0.098300
v -0.055890 0.069302 0.099430
v -0.068116 0.066971 0.104577
v -0.080455 0.064908 0.106708
v -0.091872 0.059529 0.105583
v -0.090557 0.056115 0.105205
v -0.103198 0.053971 0.104674
v -0.114190 0.048500 0.104310
v -0.125379 0.043065 0.102700
v -0.137298 0.037443 0.098386
v -0.176476 0.079732 0.028310
v -0.063063 0.112590 0.083465
v -0.046070 0.107186 0.068425
v -0.050613 0.055583 0.090674
v -0.053270 0.062477 0.096398
v -0.064353 0.056739 0.101797
v -0.065626 0.060189 0.102909
v -0.066880 0.063619 0.103818
v -0.079134 0.061544 0.106147
v -0.077834 0.058133 0.105471
v -0.102010 0.050524 0.103513
v -0.112979 0.045057 0.102883
v -0.124056 0.039533 0.101741
v -0.135959 0.033906 0.097726
v -0.149595 0.028174 0.089043
v -0.191282 0.068989 0.028994
v -0.047494 0.110808 0.069203
v -0.032705 0.105903 0.063927
v -0.044780 0.103794 0.066669
v -0.040185 0.065386 0.081279
v -0.061911 0.049908 0.097994
v -0.063114 0.053312 0.100233
v -0.074092 0.047837 0.102335
v -0.076575 0.054707 0.104711
v -0.089279 0.052670 0.104662
v -0.100797 0.047039 0.102437
v -0.099592 0.043602 0.101461
v -0.111848 0.041619 0.101250
v -0.122815 0.036029 0.100621
v -0.148074 0.024636 0.088832
v -0.189440 0.064845 0.027450
v -0.064378 0.115938 0.083914
v -0.043551 0.100436 0.063936
v -0.042140 0.097330 0.060327
v -0.049318 0.052200 0.087317
v -0.060766 0.046510 0.094672
v -0.072946 0.044409 0.100616
v -0.085463 0.042256 0.102165
v -0.075316 0.051261 0.103683
v -0.087992 0.049229 0.103969
v -0.086722 0.045763 0.103165
v -0.098340 0.040146 0.100510
v -0.110751 0.038193 0.099426
v -0.134665 0.030441 0.096811
v -0.133442 0.026980 0.095748
v -0.189255 0.061334 0.013723
v -0.030758 0.102389 0.060744
v -0.029521 0.099206 0.058905
v -0.052964 0.092861 0.055844
v -0.038774 0.062078 0.077288
v -0.059658 0.043133 0.090330
v -0.071857 0.040996 0.098381
v -0.083031 0.035434 0.099118
v -0.084221 0.038801 0.100857
v -0.097074 0.036750 0.099585
v -0.109698 0.034829 0.097498
v -0.121688 0.032557 0.099202
v -0.120655 0.029090 0.097547
v -0.146664 0.021141 0.088130
v -0.183566 0.051179 0.010824
v -0.027469 0.095921 0.057634
v -0.040942 0.093974 0.052061
v -0.047981 0.048866 0.083931
v -0.058502 0.039815 0.085808
v -0.070791 0.037629 0.095392
v -0.081921 0.032086 0.096664
v -0.094553 0.029973 0.096682
v -0.095795 0.033360 0.098476
v -0.108657 0.031392 0.095457
v -0.119670 0.025637 0.095721
v -0.132279 0.023476 0.094468
v -0.145310 0.017695 0.087066
v -0.185662 0.055133 0.010030
v -0.026196 0.092669 0.056226
v -0.024707 0.090127 0.046212
v -0.040116 0.091108 0.041575
v -0.046642 0.045463 0.080260
v -0.057288 0.036496 0.081810
v -0.069785 0.034286 0.092000
v -0.080817 0.028701 0.093515
v -0.093347 0.026569 0.094295
v -0.106582 0.024325 0.090932
v -0.107629 0.027878 0.093231
v -0.118693 0.022139 0.093729
v -0.131172 0.019937 0.093001
v -0.143922 0.014247 0.085902
v -0.187908 0.058508 0.009381
v -0.180688 0.043220 0.008258
v -0.054333 0.096550 0.056639
v -0.037459 0.058741 0.072446
v -0.045295 0.042129 0.075462
v -0.067564 0.027562 0.085573
v -0.068730 0.030932 0.088655
v -0.079729 0.025366 0.090936
v -0.092233 0.023123 0.091929
v -0.105502 0.020717 0.088724
v -0.117710 0.018585 0.091604
v -0.130082 0.016383 0.091391
v -0.142550 0.010842 0.084743
v -0.197326 0.040503 0.012464
v -0.195580 0.037101 0.010682
v -0.056187 0.099381 0.059791
v -0.036275 0.055597 0.065716
v -0.056129 0.033136 0.078239
v -0.066477 0.024114 0.081327
v -0.078621 0.021933 0.088624
v -0.091144 0.019579 0.089691
v -0.104355 0.017130 0.086562
v -0.116691 0.014997 0.089409
v -0.128983 0.012860 0.089670
v -0.141208 0.007380 0.083448
v -0.202039 0.043837 0.014041
v -0.194249 0.033681 0.008003
v -0.058126 0.102495 0.065525
v -0.044124 0.038923 0.069253
v -0.054943 0.029758 0.074827
v -0.065346 0.020591 0.076632
v -0.077517 0.018414 0.085092
v -0.088785 0.012440 0.085033
v -0.090005 0.016005 0.087396
v -0.103227 0.013604 0.084603
v -0.115622 0.011442 0.087121
v -0.127852 0.009375 0.087816
v -0.139998 0.003829 0.082069
v -0.179785 0.039667 0.005823
v -0.059807 0.105490 0.070784
v -0.035281 0.052791 0.057551
v -0.053821 0.026299 0.070612
v -0.064207 0.017042 0.072636
v -0.076366 0.014765 0.081732
v -0.087552 0.008902 0.082640
v -0.100872 0.006611 0.081128
v -0.102074 0.010104 0.082851
v -0.114500 0.007934 0.084759
v -0.126699 0.005838 0.085982
v -0.138777 0.000255 0.080637
v -0.193137 0.030157 0.004611
v -0.010867 0.049762 0.061197
v -0.043118 0.036250 0.060425
v -0.052848 0.022890 0.065205
v -0.063015 0.013443 0.068952
v -0.075218 0.011167 0.078529
v -0.086323 0.005337 0.080166
v -0.099596 0.003127 0.079304
v -0.112201 0.000943 0.079739
v -0.113354 0.004459 0.082342
v -0.125523 0.002329 0.084076
v -0.137539 -0.003331 0.079160
v -0.178707 0.036298 0.003119
v -0.018211 0.033044 0.053560
v -0.051838 0.019478 0.057926
v -0.061867 0.009844 0.064914
v -0.074056 0.007594 0.075379
v -0.085071 0.001783 0.077538
v -0.098245 -0.000323 0.077383
v -0.111032 -0.002599 0.076840
v -0.123074 -0.004618 0.080127
v -0.124314 -0.001166 0.082112
v -0.136312 -0.006913 0.077604
v -0.192005 0.026265 0.001338
v -0.009194 0.046000 0.062522
v -0.060801 0.006207 0.059788
v -0.072881 0.004031 0.072023
v -0.083813 -0.001760 0.074739
v -0.096880 -0.003823 0.075380
v -0.109858 -0.006011 0.073801
v -0.121825 -0.008150 0.077961
v -0.135043 -0.010554 0.075916
v -0.177354 0.032786 0.000782
v 0.000845 0.055317 0.065121
v -0.007644 0.042523 0.060730
v -0.059841 0.002542 0.053230
v -0.070477 -0.003068 0.063751
v -0.071688 0.000510 0.068119
v -0.082617 -0.005324 0.071794
v -0.095574 -0.007413 0.073161
v -0.108744 -0.009562 0.070426
v -0.120678 -0.011847 0.075586
v -0.133881 -0.014231 0.074078
v -0.175882 0.029291 -0.001147
v -0.012545 0.053946 0.054683
v 0.002358 0.051904 0.064687
v -0.006025 0.039119 0.057082
v -0.016287 0.029482 0.054546
v -0.043103 -0.006233 0.051974
v -0.069302 -0.006755 0.058695
v -0.081435 -0.008981 0.068563
v -0.094376 -0.011167 0.070612
v -0.107648 -0.013258 0.066316
v -0.119637 -0.015589 0.072925
v -0.132816 -0.017937 0.071998
v -0.190594 0.022241 -0.000854
v 0.004379 0.048504 0.055920
v -0.014601 0.025871 0.054268
v -0.002227 0.032256 0.035692
v -0.068179 -0.010636 0.052241
v -0.080325 -0.012769 0.064772
v -0.093257 -0.015071 0.067517
v -0.106605 -0.017102 0.061751
v -0.118713 -0.019544 0.068770
v -0.131847 -0.021965 0.069211
v -0.174406 0.025573 -0.002882
v 0.006230 0.045292 0.037098
v -0.004499 0.035477 0.051311
v -0.013065 0.022516 0.053032
v -0.011669 0.019041 0.051428
v -0.041806 -0.009800 0.053894
v -0.079349 -0.016843 0.060070
v -0.092129 -0.019262 0.063486
v -0.105689 -0.021099 0.055535
v -0.118234 -0.023628 0.061671
v -0.131245 -0.026660 0.064814
v -0.189050 0.018174 -0.002673
v 0.021690 0.041098 0.041393
v 0.011717 0.030920 0.039709
v 0.003757 0.014437 0.044703
v 0.000363 0.025252 0.034761
v -0.030353 -0.003908 0.054459
v -0.078473 -0.021155 0.053071
v -0.091093 -0.023614 0.057609
v -0.089764 -0.027764 0.047850
v -0.118304 -0.027657 0.048274
v -0.131153 -0.031721 0.056777
v -0.150498 -0.016824 0.055232
v -0.199978 0.003606 0.003248
v -0.187845 0.014275 -0.004490
v 0.007546 0.041681 0.034030
v 0.023190 0.036982 0.046853
v 0.014505 0.023510 0.046577
v 0.015969 0.019808 0.049983
v 0.006223 0.009861 0.058110
v -0.010371 0.015448 0.049635
v -0.000786 0.028804 0.032975
v -0.031788 -0.000219 0.049655
v -0.028953 -0.007468 0.057393
v -0.067002 -0.014518 0.044426
v -0.077218 -0.025389 0.042077
v -0.105189 -0.025344 0.043179
v -0.132253 -0.036387 0.032399
v -0.149028 -0.020347 0.051228
v -0.151781 -0.013339 0.057847
v -0.186451 0.010380 -0.006075
v -0.172678 0.021227 -0.002994
v 0.008734 0.038352 0.034906
v 0.038123 0.035964 0.040927
v 0.024694 0.032974 0.050046
v 0.026162 0.029174 0.052233
v 0.017466 0.015942 0.053833
v -0.005619 0.004267 0.059094
v -0.022565 0.009574 0.038736
v 0.001450 0.021465 0.038444
v 0.010030 0.034813 0.035997
v -0.044716 -0.002587 0.047837
v -0.017954 -0.001318 0.053076
v -0.016104 -0.005019 0.059343
v -0.040525 -0.013455 0.054881
v -0.058901 -0.001224 0.045015
v -0.153171 -0.009466 0.059560
v -0.185210 0.006564 -0.007487
v -0.170840 0.016927 -0.003337
v 0.013197 0.027160 0.043635
v 0.027593 0.025485 0.053677
v 0.018781 0.011995 0.056749
v 0.007489 0.005974 0.062352
v -0.009124 0.011927 0.048686
v 0.002634 0.017839 0.041467
v -0.046159 0.001124 0.043211
v -0.019444 0.002498 0.047166
v -0.004107 0.000541 0.063187
v -0.027522 -0.011019 0.059547
v -0.026121 -0.014615 0.060835
v -0.057941 -0.004782 0.036833
v -0.154434 -0.005702 0.060901
v -0.198115 -0.000105 0.002369
v -0.168560 0.012664 -0.003711
v 0.029044 0.021787 0.054913
v 0.030487 0.018035 0.055887
v 0.020067 0.008200 0.058670
v 0.008707 0.002402 0.064142
v -0.020876 0.006004 0.042542
v -0.007995 0.008574 0.048976
v -0.050688 0.015576 0.045689
v -0.047305 0.004724 0.041060
v -0.033487 0.003822 0.040682
v -0.014421 -0.008497 0.062647
v -0.012928 -0.012070 0.064465
v -0.039206 -0.017135 0.055004
v -0.057066 -0.008462 0.033050
v -0.155852 -0.002078 0.061448
v -0.196394 -0.003573 0.000615
v -0.184218 0.002648 -0.008397
v 0.039777 0.031963 0.040119
v 0.021444 0.004591 0.059695
v -0.002724 -0.002914 0.065176
v -0.035137 0.007592 0.035124
v -0.001293 -0.006462 0.066248
v -0.024686 -0.018188 0.061391
v -0.037838 -0.020747 0.054359
v -0.055966 -0.012233 0.029636
v -0.157636 0.001687 0.060992
v -0.195074 -0.007186 -0.001391
v -0.182124 -0.001284 -0.006983
v 0.041222 0.028194 0.039956
v 0.031878 0.014185 0.056492
v 0.010003 -0.000996 0.065038
v -0.049599 0.011829 0.038424
v -0.036482 0.011234 0.032361
v -0.011446 -0.015715 0.065134
v -0.023273 -0.021672 0.061343
v -0.036488 -0.024323 0.053105
v -0.193974 -0.010820 -0.003958
v -0.180361 -0.004867 -0.007025
v -0.178852 -0.008115 -0.007323
v 0.056184 0.022163 0.032194
v 0.033281 0.010524 0.056684
v 0.022880 0.001111 0.059779
v -0.048518 0.008329 0.039216
v -0.037617 0.014982 0.031028
v -0.024441 0.013552 0.031918
v 0.011356 -0.004421 0.065214
v 0.000116 -0.010036 0.066525
v -0.010006 -0.019320 0.064780
v -0.021816 -0.025237 0.060533
v -0.188853 -0.017956 0.000105
v -0.192755 -0.014258 -0.006847
v -0.176747 -0.011315 -0.005057
v 0.042719 0.024442 0.039632
v 0.044325 0.020700 0.038731
v 0.034703 0.006972 0.056448
v 0.012702 -0.007931 0.064636
v -0.038777 0.018730 0.029961
v -0.025909 0.017475 0.027200
v 0.001511 -0.013623 0.066072
v 0.002885 -0.017185 0.064955
v -0.008603 -0.022923 0.063637
v -0.035209 -0.027962 0.051500
v -0.186033 -0.021617 0.005386
v -0.173368 -0.015201 0.000874
v 0.045937 0.017052 0.036887
v 0.024352 -0.002399 0.059086
v 0.014110 -0.011534 0.063286
v -0.040021 0.022373 0.028468
v -0.028578 0.024849 0.023089
v 0.015494 -0.015166 0.061398
v 0.004253 -0.020750 0.063200
v -0.020360 -0.028879 0.058952
v -0.033957 -0.031605 0.049482
v -0.171706 -0.018952 0.002890
v 0.047553 0.013267 0.034988
v 0.036134 0.003471 0.055588
v 0.025841 -0.005950 0.057810
v -0.029692 0.028298 0.022968
v 0.027351 -0.009608 0.056196
v 0.016937 -0.018827 0.059119
v -0.007236 -0.026558 0.061855
v -0.018914 -0.032587 0.057017
v -0.032735 -0.035352 0.047178
v -0.170191 -0.022694 0.003452
v 0.049258 0.009442 0.032925
v 0.037668 -0.000011 0.054062
v -0.041664 0.026115 0.024261
v 0.039261 -0.003587 0.052083
v 0.028874 -0.013294 0.054246
v 0.005645 -0.024363 0.060947
v -0.005834 -0.030294 0.059711
v -0.017485 -0.036376 0.054775
v -0.031414 -0.039175 0.044624
v -0.184359 -0.024768 0.006418
v 0.057580 0.018248 0.032225
v -0.031353 0.032401 0.017595
v 0.040840 -0.007276 0.049812
v 0.018456 -0.022460 0.056640
v 0.007050 -0.028063 0.058491
v -0.004454 -0.034093 0.057440
v -0.016042 -0.040261 0.052149
v -0.030011 -0.043106 0.041615
v -0.195463 -0.035298 0.013539
v -0.180221 -0.032386 0.006848
v 0.050817 0.005783 0.030184
v -0.043721 0.030786 0.009797
v -0.020678 0.039618 0.011651
v 0.030381 -0.017029 0.051962
v 0.020010 -0.026121 0.054155
v 0.008488 -0.031845 0.056047
v -0.003037 -0.037957 0.054942
v -0.014618 -0.044174 0.049307
v -0.013226 -0.048002 0.046398
v -0.203889 -0.027448 0.011699
v -0.191642 -0.047299 -0.006544
v -0.166666 -0.030598 0.003543
v 0.052588 0.002241 0.026824
v -0.033917 0.037151 0.003088
v -0.022007 0.043414 0.002901
v 0.042446 -0.011039 0.047458
v 0.031946 -0.020834 0.049316
v 0.021570 -0.029823 0.051729
v 0.009935 -0.035691 0.053564
v -0.001587 -0.041786 0.052208
v -0.000134 -0.045540 0.049340
v -0.028608 -0.047146 0.038264
v -0.182564 -0.038264 -0.016685
v -0.168271 -0.036340 -0.017765
v 0.058742 0.014912 0.033919
v -0.046152 0.034124 0.005122
v -0.023483 0.046606 -0.001416
v 0.044000 -0.014821 0.045113
v 0.033531 -0.024555 0.046548
v 0.023172 -0.033551 0.049281
v 0.011395 -0.039506 0.050745
v 0.012881 -0.043268 0.047692
v 0.001289 -0.049251 0.046412
v -0.011836 -0.051766 0.043344
v -0.180561 -0.041743 -0.016868
v -0.166763 -0.040096 -0.019795
v 0.045610 -0.018549 0.042518
v 0.062761 0.003090 0.033951
v -0.035259 0.041082 -0.003095
v -0.036744 0.044456 -0.006766
v 0.035083 -0.028142 0.043737
v 0.024716 -0.037344 0.046499
v 0.026210 -0.041176 0.043535
v 0.014369 -0.047030 0.044448
v 0.002709 -0.052964 0.043436
v -0.027212 -0.051226 0.034728
v -0.178161 -0.044882 -0.015030
v -0.164209 -0.043263 -0.017866
v -0.154712 -0.037959 -0.025629
v 0.054447 -0.001532 0.023850
v 0.056258 -0.005592 0.020325
v 0.059659 0.010754 0.035739
v -0.024923 0.051826 -0.016223
v 0.036649 -0.031789 0.040630
v 0.038198 -0.035548 0.037223
v 0.027668 -0.044971 0.040375
v 0.015858 -0.050780 0.041201
v -0.010466 -0.055534 0.040202
v -0.025914 -0.055059 0.030702
v -0.189660 -0.050859 -0.005151
v -0.176017 -0.048218 -0.012552
v -0.153758 -0.042405 -0.032207
v -0.140594 -0.038677 -0.035908
v -0.153343 -0.033235 -0.004909
v 0.047116 -0.022209 0.039709
v 0.060796 0.006968 0.036115
v -0.038705 0.048606 -0.014696
v -0.014639 0.066273 -0.016394
v 0.048660 -0.025948 0.036643
v 0.039762 -0.039344 0.033784
v 0.029169 -0.048724 0.037187
v 0.004203 -0.056685 0.040370
v -0.009115 -0.059288 0.036961
v -0.024480 -0.058931 0.026804
v -0.202352 -0.064773 0.000372
v -0.187642 -0.054323 -0.003727
v -0.161552 -0.046593 -0.013531
v -0.151626 -0.046104 -0.033489
v -0.149714 -0.049530 -0.033810
v -0.154923 -0.024814 0.001153
v -0.027867 0.059626 -0.020799
v 0.050195 -0.029677 0.033182
v 0.051638 -0.033475 0.029589
v 0.041355 -0.043199 0.030140
v 0.017345 -0.054549 0.038037
v 0.005713 -0.060505 0.037164
v -0.007757 -0.063138 0.033640
v -0.023101 -0.062759 0.023079
v -0.193102 -0.043286 0.001497
v -0.185815 -0.057774 -0.001954
v -0.172603 -0.051945 -0.005906
v -0.159154 -0.050435 -0.009556
v -0.136179 -0.055115 -0.049261
v -0.153804 -0.028749 0.002762
v -0.029495 0.063327 -0.021125
v -0.016203 0.069589 -0.014923
v 0.053365 -0.037161 0.025664
v 0.030647 -0.052535 0.033860
v 0.018893 -0.058325 0.035178
v 0.007204 -0.064409 0.033959
v -0.006361 -0.067067 0.030244
v -0.021763 -0.066667 0.018996
v -0.197516 -0.068237 0.004499
v -0.182978 -0.061543 0.003791
v -0.169858 -0.055647 -0.000366
v -0.157145 -0.054267 -0.007709
v -0.148046 -0.053350 -0.033654
v -0.124284 -0.041609 -0.040693
v -0.168306 -0.026421 0.005139
v -0.031155 0.067185 -0.021729
v -0.017303 0.073289 -0.014252
v 0.042984 -0.047049 0.026605
v 0.032179 -0.056347 0.030418
v 0.020447 -0.062155 0.032390
v 0.008715 -0.068442 0.030964
v -0.004930 -0.071129 0.026751
v -0.020435 -0.070619 0.015013
v -0.194999 -0.071814 0.007268
v -0.167884 -0.059382 0.002559
v -0.155309 -0.058069 -0.006639
v -0.146098 -0.057198 -0.031996
v -0.144018 -0.061021 -0.029616
v -0.122708 -0.046077 -0.042303
v -0.123994 -0.036584 -0.016300
v -0.182060 -0.028446 0.008540
v -0.041031 0.052744 -0.023881
v -0.036496 0.082245 -0.014555
v 0.055050 -0.040957 0.021643
v 0.044589 -0.050912 0.023268
v 0.021995 -0.066088 0.029624
v 0.010222 -0.072515 0.028147
v -0.003489 -0.075299 0.023340
v -0.019090 -0.074945 0.010898
v -0.192966 -0.075578 0.008734
v -0.166107 -0.063049 0.004091
v -0.153597 -0.061847 -0.005979
v -0.142112 -0.064925 -0.028720
v -0.107493 -0.043205 -0.035171
v -0.120454 -0.048984 -0.033423
v -0.032663 0.070843 -0.022231
v -0.035282 0.078479 -0.019362
v -0.018545 0.077066 -0.014653
v 0.076049 -0.029672 0.024691
v 0.056911 -0.045007 0.017672
v 0.033709 -0.060209 0.026692
v 0.023526 -0.070108 0.026906
v 0.011722 -0.076672 0.025251
v -0.002050 -0.079561 0.020073
v -0.017698 -0.079217 0.006521
v -0.180543 -0.065121 0.007288
v -0.178653 -0.068864 0.008809
v -0.164432 -0.066774 0.004820
v -0.140659 -0.068763 -0.028583
v -0.107654 -0.037888 -0.016845
v -0.034117 0.074782 -0.022338
v -0.038056 0.085709 -0.012494
v -0.021137 0.084693 -0.012159
v 0.074491 -0.025966 0.025407
v 0.079384 -0.036626 0.021692
v 0.081519 -0.040609 0.019305
v 0.046218 -0.054817 0.020063
v 0.035392 -0.064230 0.022808
v 0.025120 -0.074172 0.024291
v 0.013192 -0.080875 0.022078
v -0.000595 -0.083816 0.016781
v 0.000801 -0.088146 0.013280
v -0.177096 -0.072789 0.009051
v -0.175750 -0.076799 0.008481
v -0.151989 -0.065581 -0.005853
v -0.130669 -0.058922 -0.027646
v -0.105792 -0.046696 -0.031451
v -0.110333 -0.028943 -0.012764
v -0.038991 0.088872 -0.007392
v -0.022445 0.088373 -0.004947
v 0.072691 -0.022324 0.026378
v 0.058872 -0.049183 0.013215
v 0.047890 -0.058745 0.016926
v 0.037136 -0.068410 0.018868
v 0.026689 -0.078329 0.021524
v 0.014662 -0.085158 0.018784
v 0.016095 -0.089554 0.015337
v -0.016363 -0.083870 0.002074
v -0.191398 -0.079430 0.009287
v -0.162956 -0.070671 0.004889
v -0.161617 -0.074714 0.004228
v -0.139418 -0.072747 -0.028982
v -0.114005 -0.060491 -0.025993
v -0.103918 -0.050598 -0.029745
v -0.095498 -0.030586 -0.024968
v -0.124094 -0.031446 -0.010976
v -0.023492 0.091245 0.005733
v 0.077587 -0.033009 0.023564
v 0.083621 -0.044661 0.016410
v 0.060978 -0.053365 0.007655
v 0.049583 -0.062750 0.013822
v 0.038977 -0.072705 0.014982
v 0.028263 -0.082655 0.018306
v 0.029834 -0.087009 0.014770
v 0.002161 -0.092554 0.009353
v -0.015002 -0.088236 -0.002700
v -0.190012 -0.083450 0.008710
v -0.174615 -0.080918 0.007156
v -0.173564 -0.085159 0.005182
v -0.150531 -0.069373 -0.006225
v -0.125042 -0.070507 -0.024685
v -0.126558 -0.066566 -0.024223
v -0.115633 -0.056694 -0.026195
v -0.102217 -0.054506 -0.028964
v -0.089811 -0.047880 -0.029973
v -0.093759 -0.034998 -0.024538
v -0.040230 0.089665 0.018596
v 0.051276 -0.066848 0.010654
v 0.040750 -0.076964 0.010954
v 0.042577 -0.081291 0.006349
v 0.017585 -0.094108 0.011494
v 0.003528 -0.097291 0.004750
v -0.013456 -0.092656 -0.008269
v -0.188717 -0.087700 0.007205
v -0.187415 -0.091898 0.005127
v -0.160373 -0.078815 0.002951
v -0.149222 -0.073295 -0.007021
v -0.138231 -0.076788 -0.029034
v -0.112398 -0.064365 -0.026105
v -0.100577 -0.058432 -0.028447
v -0.088081 -0.051697 -0.028318
v -0.091159 -0.044056 -0.028626
v -0.082799 -0.028956 -0.032559
v 0.052981 -0.071126 0.007291
v 0.054728 -0.075503 0.003253
v 0.031549 -0.091608 0.010503
v 0.019162 -0.098835 0.006471
v 0.005076 -0.102498 -0.001367
v 0.007201 -0.107770 -0.010179
v -0.203469 -0.103381 0.000078
v -0.172561 -0.089386 0.002817
v -0.159253 -0.082992 0.001279
v -0.147915 -0.077283 -0.008020
v -0.123762 -0.074431 -0.025339
v -0.110822 -0.068291 -0.026404
v -0.098925 -0.062273 -0.028171
v -0.097258 -0.066073 -0.028011
v -0.074728 -0.050045 -0.037010
v -0.081152 -0.033569 -0.032920
v -0.066310 -0.030626 -0.026917
v 0.062890 -0.057809 0.000222
v 0.064812 -0.062571 -0.008282
v 0.044384 -0.085808 0.000745
v 0.033221 -0.096437 0.004702
v 0.020874 -0.104076 -0.000262
v 0.022991 -0.109534 -0.009656
v -0.186034 -0.096088 0.002680
v -0.171487 -0.093602 0.000013
v -0.158157 -0.087213 -0.000779
v -0.146682 -0.081348 -0.009349
v -0.137002 -0.081008 -0.029159
v -0.109366 -0.072274 -0.026913
v -0.107943 -0.076313 -0.027555
v -0.086236 -0.055571 -0.026149
v -0.084281 -0.059689 -0.024555
v -0.064833 -0.034637 -0.027965
v -0.067744 -0.026641 -0.025630
v 0.056738 -0.080128 -0.001444
v 0.058858 -0.084652 -0.006748
v 0.035649 -0.101639 -0.003580
v -0.184685 -0.100288 -0.000018
v -0.170353 -0.097904 -0.003203
v -0.157049 -0.091442 -0.003122
v -0.145487 -0.085549 -0.010995
v -0.122265 -0.078494 -0.025852
v -0.120740 -0.082576 -0.026491
v -0.095614 -0.069847 -0.027546
v -0.082233 -0.063546 -0.023134
v -0.080342 -0.067216 -0.022250
v -0.079287 -0.037440 -0.030989
v -0.051313 -0.031868 -0.034473
v -0.069213 -0.022660 -0.024097
v 0.066989 -0.066919 -0.015829
v 0.046491 -0.090584 -0.007535
v -0.199630 -0.107728 -0.002304
v -0.183260 -0.104492 -0.002822
v -0.155950 -0.095715 -0.005819
v -0.144304 -0.089864 -0.013191
v -0.135641 -0.085205 -0.029077
v -0.133971 -0.089267 -0.028954
v -0.106525 -0.080387 -0.028120
v -0.093965 -0.073660 -0.027158
v -0.092301 -0.077496 -0.026953
v -0.057328 -0.055691 -0.031076
v -0.063308 -0.038578 -0.028762
v -0.049667 -0.035620 -0.035657
v -0.070204 -0.018614 -0.020465
v -0.197773 -0.111801 -0.005307
v -0.169127 -0.102255 -0.006537
v -0.154869 -0.100043 -0.008805
v -0.143263 -0.094156 -0.015661
v -0.142271 -0.098520 -0.018367
v -0.141262 -0.102904 -0.021175
v -0.119211 -0.086666 -0.027011
v -0.105058 -0.084458 -0.028825
v -0.103617 -0.088536 -0.029611
v -0.078114 -0.071032 -0.021124
v -0.056020 -0.060296 -0.031211
v -0.061712 -0.042587 -0.029402
v -0.048132 -0.039590 -0.035513
v -0.181827 -0.108721 -0.005561
v -0.167971 -0.106553 -0.010102
v -0.153806 -0.104370 -0.012054
v -0.152774 -0.108688 -0.015545
v -0.151868 -0.113181 -0.019146
v -0.132478 -0.093191 -0.028869
v -0.117696 -0.090792 -0.027835
v -0.116158 -0.094943 -0.028673
v -0.090674 -0.081483 -0.026833
v -0.075739 -0.075018 -0.019697
v -0.054451 -0.065527 -0.030930
v -0.060102 -0.046748 -0.030045
v -0.046390 -0.043947 -0.035751
v -0.196372 -0.116088 -0.008627
v -0.180552 -0.113115 -0.009013
v -0.166893 -0.110978 -0.014205
v -0.165932 -0.115554 -0.018446
v -0.165017 -0.120135 -0.021990
v -0.140322 -0.107353 -0.024087
v -0.130562 -0.097113 -0.028270
v -0.128791 -0.101116 -0.028383
v -0.102182 -0.092628 -0.030340
v -0.089068 -0.085563 -0.026694
v -0.073304 -0.079027 -0.019157
v -0.071210 -0.083304 -0.019838
v -0.041646 -0.057020 -0.037186
v -0.058611 -0.051160 -0.030522
v -0.044887 -0.048450 -0.036281
v -0.195244 -0.120429 -0.012567
v -0.179474 -0.117585 -0.012635
v -0.178466 -0.122093 -0.016139
v -0.177556 -0.126632 -0.019617
v -0.151064 -0.117719 -0.022447
v -0.139448 -0.111891 -0.027397
v -0.127419 -0.105243 -0.028846
v -0.114693 -0.099116 -0.029337
v -0.100759 -0.096707 -0.030923
v -0.087545 -0.089631 -0.026305
v -0.085949 -0.093700 -0.025620
v -0.043540 -0.052802 -0.036563
v -0.194198 -0.125028 -0.017036
v -0.193352 -0.129878 -0.022319
v -0.176625 -0.131263 -0.023167
v -0.164080 -0.124681 -0.025033
v -0.150246 -0.122211 -0.025856
v -0.138631 -0.116611 -0.031299
v -0.126110 -0.109490 -0.029560
v -0.113247 -0.103264 -0.029998
v -0.099267 -0.100806 -0.031339
v -0.097700 -0.104893 -0.031164
v -0.084197 -0.097642 -0.024409
v -0.192550 -0.134835 -0.027867
v -0.163062 -0.129152 -0.027719
v -0.149247 -0.126968 -0.029884
v -0.137757 -0.121597 -0.036532
v -0.124955 -0.113782 -0.030277
v -0.111769 -0.107396 -0.030804
v -0.110310 -0.111476 -0.031575
v -0.108882 -0.115619 -0.032354
v -0.096043 -0.108868 -0.030505
v -0.082161 -0.101618 -0.022848
v -0.175637 -0.136196 -0.026926
v -0.161966 -0.134021 -0.030990
v -0.148269 -0.131937 -0.035194
v -0.123558 -0.118028 -0.030889
v -0.122064 -0.122157 -0.031363
v -0.107411 -0.119685 -0.032942
v -0.094414 -0.112799 -0.029515
v -0.079976 -0.105662 -0.020715
v -0.191976 -0.140714 -0.034316
v -0.174875 -0.141939 -0.032059
v -0.160946 -0.141810 -0.045858
v -0.120698 -0.126301 -0.031820
v -0.105928 -0.123733 -0.033248
v -0.092729 -0.116685 -0.028357
v -0.077509 -0.109874 -0.019489
v -0.174428 -0.148851 -0.040604
v -0.160341 -0.146769 -0.048338
v -0.158529 -0.150740 -0.046152
v -0.119054 -0.130366 -0.031904
v -0.104353 -0.127816 -0.033215
v -0.090894 -0.120565 -0.027097
v -0.088757 -0.124312 -0.024651
v -0.192083 -0.147496 -0.042527
v -0.175411 -0.156250 -0.058225
v -0.148904 -0.145366 -0.068519
v -0.117267 -0.134467 -0.032003
v -0.102599 -0.131925 -0.032801
v -0.087084 -0.128225 -0.025107
v -0.191246 -0.161688 -0.056417
v -0.156620 -0.156135 -0.045865
v -0.115443 -0.138900 -0.032212
v -0.113596 -0.143828 -0.032360
v -0.100890 -0.136185 -0.031630
v -0.195863 -0.157745 -0.069993
v -0.111592 -0.148924 -0.032386
v -0.083291 -0.144708 -0.043922
v -0.099334 -0.140607 -0.030026
v -0.097532 -0.145585 -0.027770
v -0.109764 -0.156261 -0.031757
v -0.081781 -0.149272 -0.042203
v -0.095667 -0.150524 -0.026409
v -0.080266 -0.154648 -0.040843
v -0.069938 -0.142460 -0.050847
v -0.068480 -0.147017 -0.048690
v -0.054711 -0.144559 -0.053763
v -0.087221 -0.141674 -0.065340
v -0.067153 -0.151267 -0.046445
v -0.052851 -0.148900 -0.054493
v -0.089005 -0.137848 -0.063065
v -0.044091 -0.139567 -0.076144
v -0.078114 -0.133031 -0.085665
v -0.042529 -0.144496 -0.076681
v -0.045804 -0.135245 -0.076090
v -0.076452 -0.136536 -0.083985
v -0.058975 -0.142586 -0.084363
v -0.047500 -0.130956 -0.076261
v -0.074516 -0.140248 -0.082256
v -0.065670 -0.131802 -0.087455
v -0.053472 -0.157896 -0.080581
v -0.066290 -0.126821 -0.081680
v -0.063771 -0.135826 -0.086968
v -0.049054 -0.126677 -0.076686
v -0.080051 -0.129809 -0.088407
v -0.040941 -0.149835 -0.079152
v -0.061541 -0.139491 -0.085921
v -0.050634 -0.122461 -0.077159
v -0.082536 -0.126459 -0.090963
v -0.031372 -0.133048 -0.077981
v -0.038396 -0.160636 -0.079434
v -0.066555 -0.120776 -0.075702
v -0.052192 -0.118341 -0.077698
v -0.053717 -0.114256 -0.078348
v -0.068057 -0.116705 -0.076560
v -0.028826 -0.140122 -0.092102
v -0.069517 -0.112609 -0.077186
v -0.032851 -0.128507 -0.078009
v -0.034515 -0.124315 -0.078229
v -0.039880 -0.155704 -0.082828
v -0.055257 -0.110267 -0.078760
v -0.085184 -0.122993 -0.092458
v -0.036147 -0.120147 -0.078543
v -0.022214 -0.158296 -0.093246
v -0.056765 -0.106127 -0.079290
v -0.071195 -0.108525 -0.077666
v -0.037703 -0.115894 -0.079099
v -0.023644 -0.153716 -0.096734
v -0.042353 -0.103173 -0.079577
v -0.058200 -0.102041 -0.080014
v -0.073702 -0.104480 -0.079465
v -0.009216 -0.150716 -0.098976
v -0.007458 -0.155014 -0.095438
v -0.040804 -0.107442 -0.079543
v -0.043854 -0.099036 -0.079756
v -0.059553 -0.097973 -0.081149
v -0.077696 -0.100870 -0.097537
v -0.039255 -0.111678 -0.079454
v -0.010834 -0.146353 -0.101718
v 0.005329 -0.147493 -0.097564
v -0.006044 -0.159583 -0.090330
v -0.045288 -0.094669 -0.079937
v -0.012251 -0.142187 -0.104743
v 0.003671 -0.143387 -0.100779
v 0.018846 -0.140504 -0.102168
v 0.007404 -0.151903 -0.095418
v -0.061550 -0.093884 -0.083818
v -0.013817 -0.138132 -0.107090
v 0.002208 -0.139334 -0.104720
v 0.017303 -0.136574 -0.104861
v 0.031809 -0.133712 -0.104874
v 0.020423 -0.144456 -0.098681
v 0.022203 -0.148571 -0.094534
v 0.009371 -0.155913 -0.091373
v -0.046969 -0.090519 -0.080626
v -0.015284 -0.133829 -0.108815
v 0.000556 -0.135313 -0.107879
v 0.015821 -0.132494 -0.107915
v 0.030479 -0.129517 -0.107598
v 0.046054 -0.126662 -0.108269
v 0.033366 -0.137699 -0.102665
v 0.034979 -0.141604 -0.099720
v 0.036615 -0.145844 -0.096261
v 0.024304 -0.152950 -0.091779
v -0.016641 -0.129438 -0.110082
v -0.001119 -0.131028 -0.110881
v 0.014366 -0.128206 -0.111194
v 0.029194 -0.125199 -0.110622
v 0.044278 -0.122162 -0.111065
v 0.047818 -0.130825 -0.106428
v 0.049593 -0.135113 -0.103180
v 0.038544 -0.150537 -0.093339
v 0.025958 -0.157467 -0.089097
v -0.018033 -0.124955 -0.110600
v -0.002691 -0.126839 -0.113206
v 0.012889 -0.123812 -0.114767
v 0.027584 -0.121017 -0.113552
v 0.042482 -0.117595 -0.114277
v 0.040337 -0.155013 -0.090136
v -0.004190 -0.122553 -0.114351
v 0.011515 -0.119541 -0.118059
v 0.040372 -0.112302 -0.116222
v 0.041100 -0.161291 -0.085501
v -0.005813 -0.118178 -0.115061
v -0.007401 -0.113546 -0.115272
v -0.019757 -0.120716 -0.110541
v -0.021543 -0.116518 -0.109935
v -0.009174 -0.108758 -0.114184
v -0.011039 -0.104488 -0.111849
v -0.023083 -0.112086 -0.109000
v -0.024706 -0.107284 -0.108760
v -0.026782 -0.102631 -0.109857
v -0.029217 -0.098345 -0.113221
v -0.031172 -0.094003 -0.114051
v -0.175527 0.131212 0.143093
v -0.155488 0.141785 0.145752
v -0.179095 0.139148 0.137219
v -0.173046 0.124324 0.144454
v 0.181466 0.082046 -0.111734
v 0.205134 0.082307 -0.110780
v 0.186175 0.078636 -0.121526
v 0.208299 0.078766 -0.117442
v 0.202334 0.085892 -0.104254
v 0.188543 0.075690 -0.128001
v 0.212706 0.074748 -0.122943
v 0.191566 0.072082 -0.140145
v 0.216804 0.070543 -0.128402
v 0.221629 0.065844 -0.135337
v 0.232329 0.056277 -0.143487
v 0.226773 0.062438 -0.142476
v 0.196385 -0.007854 -0.023940
v 0.198885 -0.015404 -0.016819
v 0.198346 -0.011340 -0.022491
v 0.201512 -0.019487 -0.018348
v 0.183838 -0.022452 -0.021512
v 0.204607 -0.023187 -0.019460
v 0.188852 -0.029932 -0.023945
v 0.194631 -0.004114 -0.025668
v 0.190909 -0.033683 -0.023315
v 0.186577 -0.026200 -0.023765
v 0.192837 -0.037450 -0.022544
v 0.194704 -0.041363 -0.021188
v 0.196443 -0.045191 -0.019530
v 0.063269 -0.017387 -0.027344
v 0.076186 -0.011008 -0.035105
v 0.073747 -0.007149 -0.031327
v 0.061470 -0.013020 -0.024556
v 0.066662 -0.025165 -0.030873
v 0.071553 -0.003014 -0.027452
v 0.079945 -0.019229 -0.038339
v 0.059541 -0.009170 -0.019281
v 0.078669 -0.015184 -0.039599
v 0.068161 -0.028929 -0.032264
v 0.069663 -0.032715 -0.033315
v 0.071053 -0.036799 -0.034194
v 0.072691 -0.041017 -0.036907
v -0.078008 -0.061785 -0.103229
v -0.076118 -0.066083 -0.099225
v -0.080052 -0.055619 -0.100846
v -0.070685 -0.078045 -0.100995
v -0.072215 -0.073661 -0.098474
v -0.074261 -0.069625 -0.097657
v -0.081740 -0.092006 -0.098630
v -0.055793 -0.071712 -0.099122
v -0.069261 -0.082616 -0.105336
v -0.067743 -0.086820 -0.107442
v -0.054113 -0.076176 -0.109717
v -0.079227 -0.096358 -0.099892
v -0.052619 -0.080127 -0.110595
v -0.065688 -0.090835 -0.104325
v -0.050509 -0.083536 -0.114314
v -0.040473 -0.073066 -0.126636
v -0.048461 -0.086971 -0.109996
v -0.038719 -0.077555 -0.123413
v -0.034960 -0.085584 -0.117965
v -0.036748 -0.081653 -0.120777
v -0.033036 -0.089643 -0.115589
v 0.087877 -0.078784 -0.051885
v 0.086218 -0.075029 -0.049713
v 0.098162 -0.066060 -0.035655
v 0.202166 -0.091486 -0.030362
v 0.184082 -0.090291 -0.033534
v 0.200055 -0.087399 -0.031052
v 0.198118 -0.083426 -0.031615
v 0.191565 -0.106643 -0.032308
v 0.182488 -0.086215 -0.033946
v 0.172523 -0.101263 -0.038242
v 0.204625 -0.095630 -0.029649
v 0.196199 -0.079584 -0.032013
v 0.169878 -0.094304 -0.044822
v 0.171457 -0.097549 -0.043048
v 0.173656 -0.104998 -0.034593
v 0.208137 -0.100089 -0.030081
v 0.180872 -0.082253 -0.034496
v 0.167458 -0.090150 -0.043279
v 0.156515 -0.099983 -0.038386
v 0.159083 -0.107478 -0.035048
v 0.160457 -0.111235 -0.033151
v 0.175021 -0.108710 -0.032248
v 0.193267 -0.110412 -0.031179
v 0.194290 -0.075742 -0.032146
v 0.179137 -0.078379 -0.034959
v 0.155234 -0.096156 -0.040081
v 0.157774 -0.103798 -0.036798
v 0.145621 -0.113758 -0.029263
v 0.161942 -0.114995 -0.031451
v 0.163464 -0.118813 -0.029893
v 0.176485 -0.112552 -0.030034
v 0.177940 -0.116287 -0.027727
v 0.194953 -0.114286 -0.029987
v 0.192463 -0.071977 -0.031844
v 0.165043 -0.085287 -0.039376
v 0.146800 -0.117719 -0.027057
v 0.148187 -0.121646 -0.026065
v 0.165052 -0.122656 -0.028127
v 0.166609 -0.126607 -0.026505
v 0.187980 -0.134669 -0.034904
v 0.196843 -0.118325 -0.029232
v 0.133468 -0.120842 -0.033617
v 0.149680 -0.125731 -0.025051
v 0.151271 -0.129827 -0.023845
v 0.152801 -0.134011 -0.022525
v 0.179473 -0.119934 -0.025440
v 0.168131 -0.130613 -0.024852
v 0.198876 -0.122484 -0.028936
v 0.132080 -0.116825 -0.035983
v 0.154568 -0.138533 -0.021114
v 0.169730 -0.134796 -0.022901
v 0.200703 -0.126723 -0.028519
v 0.130639 -0.112697 -0.039333
v 0.139828 -0.128593 -0.059798
v 0.156441 -0.143802 -0.020224
v 0.176899 -0.153192 -0.034597
v 0.202589 -0.130784 -0.027817
v 0.171234 -0.139456 -0.020835
v 0.189163 -0.139225 -0.035007
v 0.204775 -0.134894 -0.027461
v 0.190483 -0.143810 -0.034611
v 0.208132 -0.139343 -0.027037
v 0.191848 -0.148688 -0.033748
v 0.193561 -0.156246 -0.032321
v 0.116604 -0.100322 -0.112831
v 0.131710 -0.097128 -0.107772
v 0.118222 -0.104727 -0.110833
v 0.132791 -0.101343 -0.105286
v 0.115173 -0.095869 -0.114044
v 0.119902 -0.108905 -0.106384
v 0.114018 -0.091532 -0.114098
v 0.133776 -0.105636 -0.100665
v 0.112596 -0.086793 -0.109482
v 0.121143 -0.112811 -0.101650
v 0.134700 -0.109382 -0.096075
v 0.122023 -0.116284 -0.094696
v 0.136013 -0.112617 -0.091224
v 0.146958 -0.106210 -0.079844
v 0.148837 -0.110446 -0.077390
v 0.144328 -0.100446 -0.073196
v 0.149608 -0.112912 -0.072105
v 0.070482 -0.111956 -0.049533
v 0.053822 -0.109902 -0.044561
v 0.066970 -0.104057 -0.050135
v 0.080279 -0.098420 -0.062326
v 0.065413 -0.100171 -0.050291
v 0.060862 -0.126806 -0.048271
v 0.084481 -0.111151 -0.062183
v 0.078729 -0.094468 -0.059865
v 0.050603 -0.102551 -0.043411
v 0.046350 -0.133489 -0.046089
v 0.072767 -0.116041 -0.049871
v 0.085925 -0.115212 -0.061824
v 0.083709 -0.108087 -0.074622
v 0.094740 -0.095420 -0.056726
v 0.063746 -0.096342 -0.050515
v 0.049291 -0.098317 -0.042959
v 0.052209 -0.106142 -0.043092
v 0.062863 -0.131280 -0.048033
v 0.065003 -0.135696 -0.047441
v 0.087349 -0.118880 -0.061799
v 0.089277 -0.123267 -0.062638
v 0.082129 -0.102867 -0.064935
v 0.049861 -0.142353 -0.044204
v 0.051952 -0.147572 -0.045477
v 0.068723 -0.107864 -0.049916
v 0.096523 -0.099542 -0.057925
v 0.047820 -0.137536 -0.043859
v 0.053785 -0.153479 -0.046474
v 0.057223 -0.118341 -0.047047
v 0.098309 -0.103794 -0.059060
v 0.055475 -0.114053 -0.045741
v 0.058934 -0.122551 -0.047841
v 0.100198 -0.108126 -0.060054
v 0.101939 -0.112414 -0.060683
v 0.103735 -0.116487 -0.061248
v 0.107134 -0.125224 -0.065892
v 0.116033 -0.115881 -0.040386
v 0.091441 -0.127856 -0.064071
v 0.105580 -0.120786 -0.061875
v 0.104190 -0.127036 -0.038212
v 0.117344 -0.120202 -0.037642
v 0.118848 -0.124223 -0.035701
v 0.105658 -0.131741 -0.035220
v 0.120277 -0.128309 -0.033354
v 0.121726 -0.133287 -0.031982
v 0.096527 -0.139887 -0.090391
v 0.080157 -0.134205 -0.099470
v 0.094593 -0.135600 -0.088477
v 0.115075 -0.141639 -0.088025
v 0.078822 -0.130033 -0.101776
v 0.081287 -0.138271 -0.096218
v 0.098141 -0.144296 -0.087192
v 0.067567 -0.145881 -0.095028
v 0.082245 -0.142075 -0.091766
v 0.083520 -0.146046 -0.087967
v 0.084913 -0.150224 -0.085132
v 0.116018 -0.145904 -0.086334
v 0.068830 -0.149719 -0.091735
v 0.069862 -0.153700 -0.088007
v 0.086201 -0.154410 -0.082870
v 0.100154 -0.148648 -0.084252
v 0.101879 -0.152809 -0.081461
v 0.129510 -0.142936 -0.080608
v 0.071336 -0.158410 -0.081979
v 0.102998 -0.157320 -0.077932
v 0.117234 -0.150277 -0.082698
v 0.131357 -0.147885 -0.080847
v 0.118398 -0.154381 -0.078078
v 0.132957 -0.151729 -0.078617
v 0.146691 -0.148990 -0.071722
v 0.119731 -0.160166 -0.072476
v 0.134392 -0.155514 -0.073814
v 0.148932 -0.153400 -0.072882
v 0.143853 -0.143025 -0.064971
v 0.150401 -0.158079 -0.070051
v 0.162822 -0.154972 -0.059306
v 0.142170 -0.138130 -0.062136
v 0.140744 -0.133656 -0.060660
vt 0.247133 0.955483
vt 0.243381 0.969259
vt 0.205515 0.941954
vt 0.250787 0.942226
vt 0.239940 0.986273
vt 0.275787 0.976529
vt 0.279816 0.962003
vt 0.254675 0.929009
vt 0.310453 0.990797
vt 0.283846 0.948866
vt 0.287701 0.936043
vt 0.259271 0.916216
vt 0.313919 0.970346
vt 0.318564 0.956089
vt 0.291780 0.923595
vt 0.323336 0.943124
vt 0.263268 0.903609
vt 0.296161 0.911383
vt 0.266968 0.890787
vt 0.327765 0.929608
vt 0.300474 0.899144
vt 0.333191 0.917219
vt 0.270882 0.877575
vt 0.304963 0.886505
vt 0.274937 0.864129
vt 0.340236 0.904712
vt 0.309616 0.873951
vt 0.314171 0.861163
vt 0.279022 0.850359
vt 0.346938 0.890751
vt 0.282774 0.836698
vt 0.319060 0.848371
vt 0.285746 0.823822
vt 0.323839 0.835271
vt 0.288884 0.810586
vt 0.329096 0.821402
vt 0.292005 0.796367
vt 0.295938 0.783451
vt 0.334890 0.806789
vt 0.341862 0.789907
vt 0.424948 0.924969
vt 0.415663 0.965461
vt 0.390531 0.930081
vt 0.394421 0.917399
vt 0.386728 0.943282
vt 0.451144 0.960266
vt 0.398244 0.904616
vt 0.361927 0.911837
vt 0.357729 0.924419
vt 0.412161 0.981046
vt 0.448449 0.974729
vt 0.453630 0.946996
vt 0.428644 0.912340
vt 0.365837 0.897665
vt 0.353869 0.937706
vt 0.383419 0.956872
vt 0.486463 0.955694
vt 0.489261 0.942464
vt 0.456889 0.934203
vt 0.460630 0.921188
vt 0.432232 0.899799
vt 0.402070 0.891971
vt 0.350289 0.951356
vt 0.380015 0.971717
vt 0.483704 0.969932
vt 0.518665 0.963743
vt 0.464591 0.908528
vt 0.435888 0.887042
vt 0.370065 0.883039
vt 0.346667 0.965335
vt 0.480858 0.986522
vt 0.516066 0.979355
vt 0.521282 0.949757
vt 0.492446 0.928950
vt 0.496045 0.915722
vt 0.468080 0.895965
vt 0.405759 0.878923
vt 0.375361 0.866991
vt 0.342222 0.983322
vt 0.549596 0.996473
vt 0.551043 0.973837
vt 0.524824 0.936574
vt 0.499788 0.901892
vt 0.471557 0.882773
vt 0.439459 0.874343
vt 0.409246 0.865207
vt 0.412295 0.853862
vt 0.586607 0.969702
vt 0.557334 0.944157
vt 0.534178 0.898360
vt 0.503905 0.889818
vt 0.443371 0.860533
vt 0.449959 0.837388
vt 0.583633 0.988282
vt 0.593601 0.938942
vt 0.561477 0.931323
vt 0.564434 0.917688
vt 0.538726 0.886423
vt 0.475160 0.869815
vt 0.481999 0.845912
vt 0.453420 0.825719
vt 0.618680 0.979137
vt 0.628419 0.933291
vt 0.597088 0.924746
vt 0.568079 0.904799
vt 0.571895 0.892193
vt 0.543386 0.873572
vt 0.511994 0.865866
vt 0.515522 0.853771
vt 0.457071 0.813970
vt 0.623781 0.962845
vt 0.649679 0.994153
vt 0.601125 0.912348
vt 0.604614 0.899861
vt 0.575378 0.879934
vt 0.547215 0.860816
vt 0.485618 0.833838
vt 0.460849 0.802139
vt 0.654067 0.973205
vt 0.658152 0.957422
vt 0.632289 0.919169
vt 0.608126 0.887356
vt 0.578984 0.867899
vt 0.551120 0.848783
vt 0.518592 0.841354
vt 0.489369 0.821480
vt 0.493266 0.809359
vt 0.626476 0.951286
vt 0.687051 0.981773
vt 0.661597 0.943376
vt 0.636241 0.907288
vt 0.611643 0.875152
vt 0.582662 0.855694
vt 0.554748 0.836063
vt 0.522176 0.828329
vt 0.525856 0.815740
vt 0.464371 0.789873
vt 0.590502 0.956364
vt 0.690665 0.964684
vt 0.693719 0.949791
vt 0.665815 0.930614
vt 0.639898 0.895151
vt 0.615260 0.863001
vt 0.586385 0.843412
vt 0.558657 0.823385
vt 0.497017 0.797362
vt 0.467792 0.777772
vt 0.554156 0.957184
vt 0.725521 0.974802
vt 0.670016 0.918848
vt 0.643476 0.883083
vt 0.646925 0.871069
vt 0.618942 0.850972
vt 0.590146 0.831299
vt 0.562095 0.811156
vt 0.529536 0.803602
vt 0.500721 0.785342
vt 0.530028 0.923564
vt 0.721192 0.998470
vt 0.728536 0.959244
vt 0.697297 0.935696
vt 0.673882 0.906650
vt 0.650413 0.858794
vt 0.622575 0.838930
vt 0.593873 0.819429
vt 0.597655 0.807532
vt 0.565459 0.799050
vt 0.533123 0.791636
vt 0.471192 0.765645
vt 0.758606 0.986041
vt 0.762358 0.968858
vt 0.731421 0.944514
vt 0.701132 0.922334
vt 0.677459 0.894618
vt 0.653822 0.846711
vt 0.626101 0.826830
vt 0.629608 0.814894
vt 0.568922 0.787583
vt 0.536629 0.779856
vt 0.504612 0.773325
vt 0.474686 0.753295
vt 0.796620 0.979715
vt 0.765963 0.954068
vt 0.734749 0.931006
vt 0.704990 0.909314
vt 0.680778 0.881407
vt 0.657356 0.834772
vt 0.661091 0.822848
vt 0.601516 0.795338
vt 0.572572 0.776125
vt 0.539915 0.768289
vt 0.508529 0.761371
vt 0.478612 0.741541
vt 0.800744 0.963868
vt 0.738294 0.917889
vt 0.708594 0.896822
vt 0.683841 0.869255
vt 0.633066 0.802992
vt 0.605465 0.783329
vt 0.576467 0.764453
vt 0.543197 0.756560
vt 0.512416 0.749513
vt 0.482284 0.729498
vt 0.834020 0.976266
vt 0.769759 0.940190
vt 0.742017 0.905014
vt 0.712111 0.884666
vt 0.715810 0.872850
vt 0.665284 0.810874
vt 0.636687 0.791177
vt 0.609244 0.771698
vt 0.546447 0.744650
vt 0.516197 0.737491
vt 0.485768 0.717065
vt 0.830123 0.995968
vt 0.804653 0.949491
vt 0.773755 0.926383
vt 0.745838 0.892273
vt 0.719844 0.861219
vt 0.687001 0.857092
vt 0.669707 0.798773
vt 0.640525 0.779603
vt 0.580315 0.752601
vt 0.550076 0.732832
vt 0.519952 0.725405
vt 0.489180 0.704631
vt 0.837802 0.960860
vt 0.808242 0.935526
vt 0.777924 0.913139
vt 0.749591 0.879979
vt 0.723625 0.849553
vt 0.674632 0.786433
vt 0.612830 0.760228
vt 0.584282 0.741030
vt 0.554091 0.720740
vt 0.523932 0.713568
vt 0.492814 0.691981
vt 0.841626 0.946560
vt 0.811681 0.921863
vt 0.781877 0.900168
vt 0.753522 0.867765
vt 0.689737 0.844307
vt 0.644350 0.767929
vt 0.616392 0.748850
vt 0.587915 0.729248
vt 0.557996 0.708594
vt 0.527891 0.702002
vt 0.531360 0.690568
vt 0.845009 0.932507
vt 0.815111 0.908856
vt 0.785450 0.887780
vt 0.727682 0.837782
vt 0.704369 0.796093
vt 0.648182 0.755843
vt 0.620035 0.737231
vt 0.591450 0.716892
vt 0.561820 0.697033
vt 0.496585 0.679728
vt 0.887775 0.923938
vt 0.848350 0.918541
vt 0.788903 0.875489
vt 0.757633 0.855759
vt 0.732089 0.825527
vt 0.708599 0.783962
vt 0.691584 0.829383
vt 0.680710 0.773867
vt 0.652016 0.743906
vt 0.623641 0.725138
vt 0.565313 0.685510
vt 0.534599 0.678946
vt 0.537801 0.666553
vt 0.851864 0.904869
vt 0.818549 0.896481
vt 0.792323 0.863304
vt 0.761754 0.843841
vt 0.735831 0.813319
vt 0.747987 0.778955
vt 0.681843 0.752047
vt 0.688249 0.760715
vt 0.655914 0.731636
vt 0.594942 0.704524
vt 0.568780 0.674284
vt 0.541112 0.653199
vt 0.855583 0.891830
vt 0.822122 0.884338
vt 0.795907 0.851142
vt 0.765914 0.832071
vt 0.743979 0.790520
vt 0.769999 0.820425
vt 0.712645 0.771850
vt 0.716333 0.759683
vt 0.659785 0.719126
vt 0.627282 0.713013
vt 0.598511 0.692159
vt 0.572580 0.662811
vt 0.544506 0.638737
vt 0.892666 0.909963
vt 0.825712 0.871995
vt 0.799520 0.839100
vt 0.773845 0.809025
vt 0.751747 0.766851
vt 0.755377 0.754327
vt 0.686471 0.740714
vt 0.664174 0.706104
vt 0.630977 0.701158
vt 0.602040 0.680493
vt 0.576737 0.651009
vt 0.581078 0.637783
vt 0.859619 0.879159
vt 0.829447 0.859175
vt 0.803281 0.827195
vt 0.777896 0.797009
vt 0.781751 0.784622
vt 0.785282 0.771629
vt 0.719916 0.747313
vt 0.690798 0.727859
vt 0.670249 0.692442
vt 0.634601 0.689485
vt 0.605423 0.669063
vt 0.584395 0.622465
vt 0.548368 0.623440
vt 0.897814 0.896517
vt 0.833477 0.846539
vt 0.807077 0.815614
vt 0.810926 0.804054
vt 0.814793 0.792276
vt 0.758877 0.742365
vt 0.735709 0.698687
vt 0.723312 0.734483
vt 0.638155 0.677886
vt 0.608937 0.657641
vt 0.612269 0.645248
vt 0.587920 0.606165
vt 0.863899 0.866361
vt 0.868274 0.853618
vt 0.837493 0.834066
vt 0.841522 0.822130
vt 0.845522 0.810543
vt 0.818735 0.780422
vt 0.762312 0.730628
vt 0.739256 0.687149
vt 0.731911 0.710556
vt 0.694790 0.715239
vt 0.641954 0.665994
vt 0.646155 0.653572
vt 0.615291 0.633216
vt 0.904390 0.881903
vt 0.872590 0.841222
vt 0.876866 0.829199
vt 0.849355 0.799015
vt 0.822260 0.768933
vt 0.765367 0.718351
vt 0.749302 0.652893
vt 0.711958 0.656559
vt 0.670508 0.673778
vt 0.677352 0.679503
vt 0.651202 0.640371
vt 0.618281 0.619458
vt 0.882042 0.817584
vt 0.853253 0.787480
vt 0.825719 0.756202
vt 0.803947 0.714207
vt 0.769239 0.706242
vt 0.776768 0.683766
vt 0.742761 0.676058
vt 0.715189 0.645451
vt 0.698240 0.702721
vt 0.679546 0.649318
vt 0.657493 0.626606
vt 0.621792 0.603968
vt 0.886781 0.805809
vt 0.857193 0.776166
vt 0.840311 0.708212
vt 0.810484 0.690610
vt 0.773166 0.694625
vt 0.813765 0.678232
vt 0.784486 0.658627
vt 0.719338 0.632207
vt 0.746074 0.665032
vt 0.683447 0.637430
vt 0.726973 0.722356
vt 0.653635 0.620256
vt 0.625350 0.586250
vt 0.861269 0.764907
vt 0.836303 0.721897
vt 0.872063 0.728878
vt 0.843744 0.696097
vt 0.780472 0.673198
vt 0.817451 0.665944
vt 0.753713 0.638941
vt 0.723432 0.619653
vt 0.686833 0.625368
vt 0.628685 0.565802
vt 0.891618 0.793548
vt 0.875164 0.715950
vt 0.846944 0.683848
vt 0.820928 0.653457
vt 0.787506 0.645714
vt 0.757176 0.626971
vt 0.690045 0.613162
vt 0.658047 0.607311
vt 0.633318 0.547078
vt 0.865308 0.754336
vt 0.878847 0.703701
vt 0.882612 0.692069
vt 0.850420 0.671443
vt 0.824375 0.641046
vt 0.791013 0.633933
vt 0.727255 0.608112
vt 0.693534 0.601127
vt 0.661740 0.594485
vt 0.869022 0.744390
vt 0.886527 0.680058
vt 0.853801 0.659898
vt 0.857499 0.648445
vt 0.827831 0.629349
vt 0.760673 0.615409
vt 0.730876 0.596518
vt 0.697497 0.589339
vt 0.665349 0.581720
vt 0.890027 0.668280
vt 0.893903 0.656906
vt 0.861215 0.637050
vt 0.794650 0.622381
vt 0.764343 0.603703
vt 0.734609 0.584733
vt 0.701530 0.577420
vt 0.671894 0.557247
vt 0.668662 0.569331
vt 0.896355 0.781720
vt 0.898124 0.645621
vt 0.864993 0.625468
vt 0.831416 0.617616
vt 0.798388 0.610802
vt 0.768181 0.591931
vt 0.738435 0.572692
vt 0.705302 0.565105
vt 0.675242 0.544979
vt 0.901852 0.770945
vt 0.902588 0.634305
vt 0.868863 0.613882
vt 0.835238 0.605816
vt 0.802236 0.598981
vt 0.772008 0.580022
vt 0.742365 0.560327
vt 0.709171 0.552679
vt 0.678755 0.532492
vt 0.872885 0.602174
vt 0.839234 0.593954
vt 0.806111 0.587007
vt 0.775841 0.567861
vt 0.746249 0.547850
vt 0.713038 0.540059
vt 0.682526 0.520104
vt 0.877003 0.590459
vt 0.843231 0.581855
vt 0.810022 0.574864
vt 0.779767 0.555434
vt 0.750144 0.535443
vt 0.717003 0.527572
vt 0.686322 0.507628
vt 0.907540 0.623201
vt 0.847065 0.569481
vt 0.814001 0.562432
vt 0.783619 0.543001
vt 0.754010 0.523210
vt 0.720784 0.515508
vt 0.724601 0.503511
vt 0.881221 0.578568
vt 0.850772 0.557238
vt 0.817929 0.549869
vt 0.787448 0.530717
vt 0.757912 0.511325
vt 0.728294 0.491651
vt 0.690204 0.495190
vt 0.912440 0.611397
vt 0.885272 0.566342
vt 0.821546 0.537483
vt 0.791282 0.518654
vt 0.761749 0.499692
vt 0.732008 0.479797
vt 0.694004 0.482992
vt 0.917030 0.599314
vt 0.854329 0.545123
vt 0.825183 0.525376
vt 0.795154 0.506893
vt 0.765527 0.487887
vt 0.735714 0.467884
vt 0.697801 0.470852
vt 0.889310 0.553934
vt 0.857810 0.533161
vt 0.828973 0.513718
vt 0.798984 0.495143
vt 0.769314 0.476074
vt 0.739429 0.455857
vt 0.701573 0.458959
vt 0.893279 0.541868
vt 0.861543 0.521350
vt 0.832868 0.502240
vt 0.802857 0.483398
vt 0.773090 0.464268
vt 0.743077 0.443890
vt 0.705231 0.447039
vt 0.921218 0.587926
vt 0.865494 0.509583
vt 0.836713 0.490581
vt 0.806714 0.471555
vt 0.776809 0.452309
vt 0.746699 0.432105
vt 0.708798 0.435300
vt 0.897315 0.529966
vt 0.869593 0.497912
vt 0.840703 0.478616
vt 0.810470 0.459656
vt 0.780482 0.440422
vt 0.750225 0.420426
vt 0.712346 0.423708
vt 0.925530 0.576586
vt 0.901494 0.518063
vt 0.873695 0.486172
vt 0.814317 0.447751
vt 0.784072 0.428615
vt 0.753843 0.408790
vt 0.715977 0.412159
vt 0.906718 0.505966
vt 0.877835 0.473962
vt 0.844586 0.466488
vt 0.818224 0.436062
vt 0.787661 0.416749
vt 0.757542 0.397257
vt 0.719652 0.400516
vt 0.931157 0.566102
vt 0.911418 0.493664
vt 0.848487 0.454348
vt 0.822012 0.424315
vt 0.791388 0.404974
vt 0.761279 0.385318
vt 0.723380 0.388961
vt 0.882003 0.461758
vt 0.852513 0.442320
vt 0.825775 0.412533
vt 0.795166 0.392999
vt 0.765111 0.373174
vt 0.727236 0.377038
vt 0.916108 0.480715
vt 0.886240 0.449625
vt 0.856585 0.430479
vt 0.798897 0.380663
vt 0.769065 0.360874
vt 0.731080 0.365017
vt 0.890547 0.437447
vt 0.860713 0.418578
vt 0.829770 0.400614
vt 0.802807 0.368161
vt 0.772947 0.348640
vt 0.734923 0.352762
vt 0.920535 0.468325
vt 0.894784 0.425340
vt 0.833667 0.388330
vt 0.806690 0.355731
vt 0.776888 0.336451
vt 0.738850 0.340601
vt 0.924800 0.455522
vt 0.864655 0.406551
vt 0.837685 0.375825
vt 0.810618 0.343285
vt 0.780855 0.324188
vt 0.742963 0.328517
vt 0.898932 0.413393
vt 0.868286 0.394584
vt 0.841541 0.363181
vt 0.814538 0.331204
vt 0.784865 0.311665
vt 0.747044 0.316437
vt 0.903048 0.401514
vt 0.872019 0.382222
vt 0.845373 0.350743
vt 0.818472 0.318950
vt 0.788948 0.299406
vt 0.751139 0.303937
vt 0.929329 0.443747
vt 0.875891 0.369851
vt 0.849182 0.338557
vt 0.822499 0.306743
vt 0.793065 0.287103
vt 0.755016 0.291376
vt 0.906840 0.389492
vt 0.879779 0.357412
vt 0.883455 0.345346
vt 0.852963 0.326366
vt 0.826830 0.294463
vt 0.758614 0.278591
vt 0.933432 0.432920
vt 0.910890 0.377439
vt 0.915158 0.365128
vt 0.887401 0.333198
vt 0.856719 0.314196
vt 0.797092 0.274534
vt 0.762223 0.265392
vt 0.919841 0.352999
vt 0.891417 0.321150
vt 0.830954 0.282187
vt 0.801254 0.261724
vt 0.766038 0.251706
vt 0.924189 0.340389
vt 0.860586 0.301959
vt 0.835078 0.269704
vt 0.805358 0.248919
vt 0.809551 0.235758
vt 0.895654 0.309044
vt 0.864524 0.289741
vt 0.839098 0.257213
vt 0.843111 0.244429
vt 0.769704 0.237998
vt 0.928796 0.327767
vt 0.899751 0.297204
vt 0.869048 0.277349
vt 0.873363 0.265251
vt 0.813135 0.222615
vt 0.773403 0.223188
vt 0.904283 0.284857
vt 0.878008 0.252550
vt 0.846973 0.231228
vt 0.816467 0.208865
vt 0.777299 0.209884
vt 0.934183 0.316081
vt 0.909427 0.272706
vt 0.851122 0.217156
vt 0.820539 0.194451
vt 0.938579 0.303699
vt 0.882671 0.239960
vt 0.854060 0.205705
vt 0.912772 0.260691
vt 0.874892 0.960027
vt 0.879659 0.946001
vt 0.913648 0.965737
vt 0.869475 0.977265
vt 0.918110 0.950627
vt 0.956793 0.975668
vt 0.922749 0.935991
vt 0.951637 0.994367
vt 0.962211 0.959943
vt 0.927043 0.921280
vt 0.909531 0.982229
vt 0.967254 0.944485
vt 0.933669 0.905629
vt 0.972602 0.929585
vt 0.935763 0.896098
vt 0.977671 0.915700
vt 0.940857 0.883605
vt 0.998401 0.889036
vt 0.890885 0.876717
vt 0.984240 0.905585
vt 0.899301 0.863127
vt 0.990252 0.896738
vt 0.947312 0.871593
vt 0.949557 0.860968
vt 0.951545 0.847987
vt 0.955958 0.835978
vt 0.976054 0.801071
vt 0.962112 0.824695
vt 0.924468 0.805804
vt 0.970106 0.814550
vt 0.919965 0.817007
vt 0.929127 0.793943
vt 0.932772 0.782172
vt 0.915825 0.827852
vt 0.893691 0.743622
vt 0.911408 0.839080
vt 0.889673 0.760907
vt 0.905576 0.850642
vt 0.177262 0.956057
vt 0.173287 0.971126
vt 0.135944 0.974616
vt 0.140849 0.959103
vt 0.168394 0.986159
vt 0.220518 0.938498
vt 0.181411 0.942260
vt 0.185074 0.928956
vt 0.145577 0.946031
vt 0.188746 0.915989
vt 0.156789 0.893820
vt 0.109105 0.939583
vt 0.192183 0.903490
vt 0.168946 0.859120
vt 0.152885 0.906407
vt 0.113907 0.926142
vt 0.105275 0.952904
vt 0.231157 0.900975
vt 0.174920 0.842855
vt 0.141104 0.837840
vt 0.121495 0.901211
vt 0.117878 0.913549
vt 0.086126 0.893461
vt 0.064695 0.958246
vt 0.227129 0.914182
vt 0.196161 0.891120
vt 0.178382 0.831505
vt 0.144672 0.824013
vt 0.124964 0.888838
vt 0.090736 0.880206
vt 0.069161 0.944358
vt 0.059621 0.974600
vt 0.224185 0.926337
vt 0.238991 0.876615
vt 0.234677 0.888987
vt 0.214986 0.829280
vt 0.148201 0.811944
vt 0.116429 0.792536
vt 0.128281 0.876295
vt 0.094475 0.868685
vt 0.036192 0.919360
vt 0.029847 0.934340
vt 0.095686 0.985588
vt 0.200025 0.877817
vt 0.203906 0.866218
vt 0.242517 0.864143
vt 0.207587 0.852760
vt 0.210785 0.841278
vt 0.218643 0.815865
vt 0.181387 0.817960
vt 0.119596 0.781004
vt 0.084006 0.773661
vt 0.101153 0.844890
vt 0.097955 0.856906
vt 0.067116 0.821357
vt 0.040699 0.906610
vt 0.164478 0.869846
vt 0.245238 0.851672
vt 0.247670 0.836788
vt 0.221864 0.801308
vt 0.151777 0.799660
vt 0.123811 0.769007
vt 0.099240 0.726333
vt 0.080224 0.785283
vt 0.104122 0.832494
vt 0.135068 0.852504
vt 0.071630 0.809269
vt 0.044217 0.894495
vt 0.005188 0.865177
vt 0.160630 0.881074
vt 0.251959 0.823894
vt 0.255856 0.812041
vt 0.185040 0.805927
vt 0.155222 0.787823
vt 0.127689 0.757055
vt 0.103491 0.714135
vt 0.087506 0.761881
vt 0.056013 0.729985
vt 0.075858 0.797173
vt 0.047749 0.882961
vt 0.051548 0.871114
vt 0.146541 0.932172
vt 0.131707 0.864563
vt 0.259417 0.799395
vt 0.188548 0.794406
vt 0.158595 0.776195
vt 0.131426 0.745255
vt 0.107595 0.702192
vt 0.061541 0.718116
vt 0.079967 0.909291
vt 0.014839 0.850583
vt 0.300404 0.784879
vt 0.225383 0.789474
vt 0.192034 0.782838
vt 0.161977 0.764348
vt 0.135151 0.733367
vt 0.111458 0.689934
vt 0.070642 0.693207
vt 0.066224 0.705658
vt 0.075903 0.919420
vt 0.055032 0.859665
vt 0.019204 0.837795
vt 0.106823 0.820248
vt 0.262647 0.786177
vt 0.229066 0.777599
vt 0.195487 0.771049
vt 0.165396 0.752476
vt 0.138829 0.721416
vt 0.142604 0.709501
vt 0.075174 0.680971
vt 0.079978 0.669298
vt 0.094852 0.738794
vt 0.072582 0.931468
vt 0.059441 0.847752
vt 0.032252 0.801269
vt 0.110004 0.808371
vt 0.266030 0.773707
vt 0.232589 0.765601
vt 0.198995 0.759189
vt 0.169015 0.740480
vt 0.172600 0.728595
vt 0.115457 0.677963
vt 0.090322 0.632606
vt 0.044206 0.616464
vt 0.091113 0.750498
vt 0.065482 0.836930
vt 0.028071 0.812726
vt 0.302703 0.772164
vt 0.269318 0.761559
vt 0.202652 0.747219
vt 0.176121 0.716580
vt 0.146335 0.697561
vt 0.119434 0.666147
vt 0.093788 0.620488
vt 0.086677 0.644562
vt 0.082045 0.657620
vt 0.037235 0.790928
vt 0.000000 0.747667
vt 0.023928 0.825039
vt 0.333830 0.780017
vt 0.305736 0.758523
vt 0.236014 0.753589
vt 0.206313 0.735361
vt 0.209894 0.723449
vt 0.179709 0.704588
vt 0.150078 0.685621
vt 0.123353 0.654227
vt 0.042787 0.779826
vt 0.012636 0.735613
vt 0.327792 0.792043
vt 0.337973 0.766003
vt 0.342018 0.752478
vt 0.272711 0.749494
vt 0.239343 0.741947
vt 0.242677 0.730363
vt 0.213358 0.711521
vt 0.153900 0.673718
vt 0.127340 0.642046
vt 0.097766 0.608209
vt 0.047493 0.769701
vt 0.373791 0.769610
vt 0.377631 0.757611
vt 0.346122 0.739588
vt 0.309358 0.745300
vt 0.276165 0.737415
vt 0.279763 0.725527
vt 0.246130 0.718700
vt 0.183332 0.692484
vt 0.186969 0.680479
vt 0.157665 0.661761
vt 0.131335 0.629630
vt 0.018959 0.723371
vt 0.368965 0.781272
vt 0.385049 0.733425
vt 0.381085 0.745346
vt 0.313179 0.732503
vt 0.249647 0.706822
vt 0.216681 0.699551
vt 0.220025 0.687518
vt 0.190686 0.668428
vt 0.161366 0.649570
vt 0.101756 0.596184
vt 0.052978 0.759109
vt 0.338284 0.854269
vt 0.389154 0.721463
vt 0.361097 0.690678
vt 0.353541 0.715187
vt 0.349851 0.727265
vt 0.316619 0.720398
vt 0.283411 0.713722
vt 0.253321 0.694808
vt 0.256905 0.682889
vt 0.223477 0.675353
vt 0.194408 0.656326
vt 0.165241 0.637248
vt 0.135186 0.617225
vt 0.061298 0.745359
vt 0.333561 0.870705
vt 0.379612 0.847198
vt 0.364989 0.678287
vt 0.357209 0.703079
vt 0.327088 0.684387
vt 0.323522 0.696544
vt 0.320036 0.708613
vt 0.287043 0.701918
vt 0.290639 0.689942
vt 0.226941 0.663200
vt 0.198042 0.644169
vt 0.169055 0.624893
vt 0.138949 0.604956
vt 0.106276 0.584341
vt 0.024338 0.710753
vt 0.375861 0.859611
vt 0.414316 0.841405
vt 0.383128 0.835254
vt 0.393339 0.709796
vt 0.334185 0.660116
vt 0.330633 0.672252
vt 0.301200 0.653699
vt 0.294139 0.677912
vt 0.260427 0.670841
vt 0.230442 0.650956
vt 0.233888 0.638917
vt 0.201514 0.632033
vt 0.172696 0.612636
vt 0.110333 0.572235
vt 0.029556 0.697044
vt 0.330063 0.882252
vt 0.386588 0.823155
vt 0.390590 0.811689
vt 0.368826 0.666121
vt 0.337744 0.647878
vt 0.304569 0.641575
vt 0.271121 0.634369
vt 0.297688 0.665782
vt 0.264005 0.658793
vt 0.267558 0.646658
vt 0.237446 0.626839
vt 0.204941 0.619949
vt 0.142677 0.592923
vt 0.146262 0.580909
vt 0.035740 0.683211
vt 0.419558 0.828657
vt 0.422858 0.817495
vt 0.363607 0.795526
vt 0.397422 0.697763
vt 0.341346 0.635637
vt 0.307875 0.629469
vt 0.278228 0.610393
vt 0.274701 0.622241
vt 0.241027 0.614991
vt 0.208269 0.608107
vt 0.176122 0.600480
vt 0.179364 0.588350
vt 0.114279 0.560243
vt 0.050808 0.650346
vt 0.428175 0.806199
vt 0.394514 0.798122
vt 0.372752 0.654193
vt 0.345072 0.623671
vt 0.311247 0.617472
vt 0.281687 0.598567
vt 0.248402 0.591298
vt 0.244683 0.603164
vt 0.211586 0.596045
vt 0.182523 0.576290
vt 0.149755 0.568754
vt 0.118206 0.548409
vt 0.046015 0.662813
vt 0.431512 0.795000
vt 0.435971 0.783804
vt 0.397671 0.785750
vt 0.376694 0.642061
vt 0.348838 0.611866
vt 0.314517 0.605575
vt 0.285260 0.586597
vt 0.252157 0.579357
vt 0.218283 0.571357
vt 0.214907 0.583746
vt 0.185700 0.564102
vt 0.153155 0.556492
vt 0.122249 0.536586
vt 0.040805 0.673446
vt 0.058831 0.624665
vt 0.360024 0.807990
vt 0.401313 0.685558
vt 0.380766 0.630087
vt 0.321478 0.581912
vt 0.317886 0.593721
vt 0.288653 0.574920
vt 0.255649 0.567327
vt 0.221708 0.558840
vt 0.188921 0.551759
vt 0.156549 0.544205
vt 0.126240 0.524935
vt 0.016545 0.616537
vt 0.021565 0.605486
vt 0.354872 0.818349
vt 0.405017 0.673769
vt 0.352372 0.600058
vt 0.325043 0.569805
vt 0.292027 0.562985
vt 0.259030 0.555024
vt 0.225280 0.546450
vt 0.192243 0.539344
vt 0.159992 0.532054
vt 0.130193 0.513111
vt 0.004341 0.627377
vt 0.025936 0.594321
vt 0.349094 0.830539
vt 0.384512 0.618464
vt 0.355931 0.588283
vt 0.328770 0.557505
vt 0.295620 0.550726
vt 0.266264 0.530387
vt 0.262542 0.542666
vt 0.228736 0.534327
vt 0.195711 0.527088
vt 0.163550 0.520066
vt 0.133822 0.501011
vt 0.061973 0.613086
vt 0.343991 0.842296
vt 0.408325 0.663004
vt 0.359414 0.576235
vt 0.332371 0.545268
vt 0.299278 0.538114
vt 0.270011 0.518253
vt 0.235756 0.510426
vt 0.232192 0.522345
vt 0.199323 0.515041
vt 0.167148 0.507943
vt 0.137489 0.488864
vt 0.030049 0.582813
vt 0.470245 0.653530
vt 0.388087 0.608438
vt 0.362649 0.564352
vt 0.336032 0.532967
vt 0.302876 0.525760
vt 0.273749 0.506079
vt 0.239526 0.498573
vt 0.206725 0.491184
vt 0.202997 0.503157
vt 0.170816 0.495955
vt 0.141205 0.476707
vt 0.065628 0.602109
vt 0.451927 0.597022
vt 0.366192 0.552448
vt 0.339611 0.520734
vt 0.306479 0.513565
vt 0.277563 0.493994
vt 0.243501 0.486874
vt 0.210558 0.479180
vt 0.178406 0.472346
vt 0.174574 0.484056
vt 0.144910 0.464598
vt 0.034138 0.570219
vt 0.474467 0.641198
vt 0.343121 0.508433
vt 0.310132 0.501469
vt 0.281409 0.482004
vt 0.247519 0.475047
vt 0.214423 0.467679
vt 0.182302 0.460411
vt 0.148756 0.452327
vt 0.069793 0.590767
vt 0.500072 0.672726
vt 0.478478 0.629357
vt 0.346541 0.496128
vt 0.317785 0.477586
vt 0.313908 0.489580
vt 0.285106 0.470006
vt 0.251420 0.462964
vt 0.218201 0.455781
vt 0.185981 0.447971
vt 0.152364 0.439978
vt 0.074075 0.579560
vt 0.466231 0.666349
vt 0.503947 0.661246
vt 0.482699 0.617561
vt 0.456751 0.585337
vt 0.389058 0.467123
vt 0.321657 0.465331
vt 0.288806 0.457765
vt 0.255106 0.450386
vt 0.222102 0.443493
vt 0.189455 0.435445
vt 0.155788 0.427584
vt 0.038440 0.557354
vt 0.509134 0.648522
vt 0.461037 0.573359
vt 0.492706 0.592558
vt 0.325595 0.452575
vt 0.292411 0.445173
vt 0.258696 0.437384
vt 0.225958 0.430822
vt 0.193045 0.422339
vt 0.159179 0.414196
vt 0.078281 0.567703
vt 0.513790 0.635192
vt 0.486704 0.604811
vt 0.464981 0.562159
vt 0.468577 0.550565
vt 0.392133 0.455305
vt 0.295826 0.431753
vt 0.262501 0.423541
vt 0.229877 0.417834
vt 0.196310 0.409081
vt 0.162123 0.398757
vt 0.042898 0.544423
vt 0.552531 0.622075
vt 0.527521 0.588606
vt 0.507593 0.535015
vt 0.499172 0.569681
vt 0.421102 0.474798
vt 0.299397 0.417780
vt 0.266452 0.409375
vt 0.271935 0.396306
vt 0.199904 0.396628
vt 0.164884 0.382534
vt 0.116297 0.432012
vt 0.014035 0.498664
vt 0.046525 0.532060
vt 0.517059 0.623025
vt 0.556508 0.609250
vt 0.534638 0.564935
vt 0.538405 0.552998
vt 0.513819 0.520521
vt 0.471921 0.538604
vt 0.496334 0.581070
vt 0.417868 0.486966
vt 0.424422 0.462977
vt 0.329844 0.440008
vt 0.304613 0.404494
vt 0.234224 0.404571
vt 0.169590 0.369412
vt 0.121429 0.420544
vt 0.112105 0.443478
vt 0.050504 0.519757
vt 0.082488 0.554014
vt 0.520022 0.612309
vt 0.593666 0.605224
vt 0.560435 0.596414
vt 0.564244 0.584094
vt 0.542291 0.540471
vt 0.483680 0.501965
vt 0.441824 0.518833
vt 0.501849 0.557626
vt 0.523262 0.600916
vt 0.385445 0.479157
vt 0.452603 0.483364
vt 0.456981 0.471096
vt 0.395275 0.443183
vt 0.350109 0.483625
vt 0.107948 0.456306
vt 0.054037 0.507740
vt 0.087042 0.540461
vt 0.531294 0.576670
vt 0.567938 0.572030
vt 0.545713 0.527546
vt 0.517061 0.507730
vt 0.475099 0.526956
vt 0.504790 0.545979
vt 0.382342 0.491309
vt 0.449160 0.495879
vt 0.487441 0.489626
vt 0.427896 0.451142
vt 0.431371 0.439140
vt 0.353671 0.471981
vt 0.104239 0.468814
vt 0.018921 0.486912
vt 0.092669 0.527029
vt 0.571680 0.559889
vt 0.575395 0.547526
vt 0.549044 0.515024
vt 0.520184 0.495852
vt 0.445824 0.507283
vt 0.477937 0.515924
vt 0.370667 0.538807
vt 0.379718 0.503056
vt 0.414358 0.500098
vt 0.461116 0.459480
vt 0.464852 0.447517
vt 0.398607 0.430991
vt 0.356373 0.460045
vt 0.100421 0.480882
vt 0.023822 0.475947
vt 0.056771 0.495445
vt 0.597746 0.592056
vt 0.552586 0.503056
vt 0.490937 0.478102
vt 0.410723 0.512250
vt 0.494583 0.466232
vt 0.434991 0.427219
vt 0.402140 0.419062
vt 0.359565 0.447884
vt 0.096042 0.493417
vt 0.027845 0.464560
vt 0.061254 0.483133
vt 0.601349 0.579723
vt 0.578962 0.534797
vt 0.523508 0.484512
vt 0.374293 0.526180
vt 0.407625 0.523985
vt 0.468616 0.435316
vt 0.438598 0.415616
vt 0.405680 0.407304
vt 0.031554 0.453157
vt 0.065505 0.471893
vt 0.069241 0.461708
vt 0.637914 0.559447
vt 0.582537 0.522664
vt 0.556246 0.491483
vt 0.376900 0.514785
vt 0.404929 0.536080
vt 0.437580 0.531488
vt 0.526973 0.473064
vt 0.498190 0.454269
vt 0.472314 0.423285
vt 0.442365 0.403795
vt 0.042259 0.430552
vt 0.035662 0.442428
vt 0.073452 0.451624
vt 0.605068 0.567437
vt 0.609007 0.555150
vt 0.586133 0.510875
vt 0.530408 0.461340
vt 0.402152 0.548165
vt 0.434253 0.543936
vt 0.501768 0.442279
vt 0.505294 0.430411
vt 0.475940 0.411314
vt 0.409065 0.395390
vt 0.046974 0.418735
vt 0.079397 0.439223
vt 0.612870 0.543134
vt 0.559965 0.479806
vt 0.533982 0.449337
vt 0.399214 0.559855
vt 0.427950 0.567436
vt 0.537474 0.437285
vt 0.508798 0.418590
vt 0.446168 0.391795
vt 0.412410 0.383531
vt 0.082676 0.427291
vt 0.616725 0.530709
vt 0.589706 0.499248
vt 0.563694 0.468012
vt 0.425213 0.578529
vt 0.567452 0.455897
vt 0.541092 0.425196
vt 0.479486 0.399306
vt 0.449955 0.379640
vt 0.415690 0.371399
vt 0.086140 0.415423
vt 0.620773 0.518189
vt 0.593485 0.487695
vt 0.395572 0.571609
vt 0.597368 0.475863
vt 0.571213 0.443734
vt 0.512352 0.406678
vt 0.483117 0.387030
vt 0.453702 0.367290
vt 0.419226 0.359095
vt 0.050629 0.408685
vt 0.641386 0.546743
vt 0.421540 0.591201
vt 0.601179 0.463704
vt 0.544884 0.413262
vt 0.515924 0.394541
vt 0.486682 0.374604
vt 0.457488 0.354713
vt 0.422988 0.346545
vt 0.020639 0.374644
vt 0.060516 0.384476
vt 0.624376 0.506235
vt 0.392005 0.585290
vt 0.448057 0.613617
vt 0.574902 0.431466
vt 0.548747 0.401288
vt 0.519564 0.382184
vt 0.490331 0.362037
vt 0.461217 0.342130
vt 0.464850 0.329899
vt 0.000853 0.399830
vt 0.038214 0.338728
vt 0.094651 0.390398
vt 0.628424 0.494708
vt 0.416446 0.604805
vt 0.445313 0.624599
vt 0.605035 0.451353
vt 0.578699 0.419035
vt 0.552610 0.389227
vt 0.523210 0.369674
vt 0.494050 0.349669
vt 0.497760 0.337625
vt 0.426755 0.333750
vt 0.063893 0.368022
vt 0.098321 0.374102
vt 0.644473 0.536005
vt 0.386585 0.595434
vt 0.441994 0.634114
vt 0.608746 0.438991
vt 0.582522 0.406948
vt 0.556561 0.377136
vt 0.526868 0.357358
vt 0.530569 0.345305
vt 0.501376 0.325792
vt 0.468465 0.317962
vt 0.068733 0.357216
vt 0.102611 0.362622
vt 0.612558 0.426868
vt 0.654479 0.497580
vt 0.413713 0.616501
vt 0.410450 0.626651
vt 0.586240 0.395361
vt 0.560335 0.364916
vt 0.563955 0.352649
vt 0.534252 0.333343
vt 0.504967 0.314021
vt 0.430496 0.320926
vt 0.073771 0.347250
vt 0.108024 0.352592
vt 0.133104 0.369779
vt 0.632705 0.482506
vt 0.636785 0.469448
vt 0.646972 0.522563
vt 0.439429 0.648393
vt 0.589954 0.383662
vt 0.593583 0.371689
vt 0.567457 0.340592
vt 0.537916 0.321489
vt 0.472013 0.306089
vt 0.434003 0.309055
vt 0.042420 0.327379
vt 0.077978 0.336562
vt 0.137421 0.356711
vt 0.169432 0.368494
vt 0.129714 0.382734
vt 0.616073 0.415035
vt 0.649853 0.510249
vt 0.406447 0.638579
vt 0.463946 0.693329
vt 0.619641 0.403020
vt 0.597225 0.359671
vt 0.571045 0.328742
vt 0.508723 0.302301
vt 0.475497 0.294344
vt 0.437814 0.297121
vt 0.009522 0.282747
vt 0.046711 0.316300
vt 0.112891 0.341747
vt 0.142829 0.345491
vt 0.147417 0.335019
vt 0.123909 0.408847
vt 0.432716 0.671917
vt 0.623128 0.391133
vt 0.626353 0.379106
vt 0.600901 0.347558
vt 0.541555 0.309629
vt 0.512499 0.290344
vt 0.478980 0.282368
vt 0.441453 0.285382
vt 0.031419 0.350457
vt 0.050414 0.305184
vt 0.083732 0.324065
vt 0.117293 0.329265
vt 0.183421 0.319907
vt 0.126084 0.396305
vt 0.428874 0.683336
vt 0.460156 0.703932
vt 0.630224 0.367548
vt 0.574547 0.316791
vt 0.545336 0.297764
vt 0.516207 0.278181
vt 0.482540 0.270219
vt 0.444988 0.273525
vt 0.019473 0.271085
vt 0.055017 0.292404
vt 0.088335 0.311661
vt 0.121496 0.317019
vt 0.151288 0.323283
vt 0.208871 0.359982
vt 0.090098 0.403520
vt 0.424978 0.695184
vt 0.457500 0.715596
vt 0.604652 0.335525
vt 0.578157 0.304923
vt 0.549114 0.285772
vt 0.519945 0.265631
vt 0.486167 0.257732
vt 0.448468 0.261593
vt 0.024419 0.259235
vt 0.092053 0.299434
vt 0.125553 0.304943
vt 0.155372 0.311251
vt 0.159566 0.299156
vt 0.212949 0.346530
vt 0.203330 0.373215
vt 0.055382 0.396867
vt 0.401747 0.650129
vt 0.411706 0.743451
vt 0.633955 0.355725
vt 0.608337 0.323498
vt 0.552861 0.273501
vt 0.523655 0.252981
vt 0.489795 0.244956
vt 0.451972 0.248578
vt 0.028753 0.246991
vt 0.095810 0.287587
vt 0.129451 0.292985
vt 0.163798 0.286998
vt 0.246870 0.354557
vt 0.216037 0.336649
vt 0.421438 0.706420
vt 0.414995 0.730680
vt 0.454555 0.727288
vt 0.686122 0.391785
vt 0.638098 0.343165
vt 0.581722 0.293011
vt 0.556548 0.261000
vt 0.527328 0.240140
vt 0.493394 0.231931
vt 0.455578 0.235881
vt 0.059562 0.280486
vt 0.063571 0.268326
vt 0.099614 0.275664
vt 0.167185 0.275154
vt 0.242395 0.369206
vt 0.417998 0.718597
vt 0.407803 0.754733
vt 0.448236 0.751639
vt 0.682383 0.403688
vt 0.693876 0.369647
vt 0.698742 0.357088
vt 0.612072 0.311387
vt 0.585631 0.280692
vt 0.560378 0.248396
vt 0.530904 0.227275
vt 0.497013 0.219007
vt 0.500468 0.205967
vt 0.067269 0.255799
vt 0.070764 0.243160
vt 0.133277 0.281239
vt 0.190497 0.305334
vt 0.250052 0.343449
vt 0.235061 0.396758
vt 0.405108 0.765860
vt 0.444700 0.764894
vt 0.678078 0.415385
vt 0.642401 0.330352
vt 0.615896 0.299259
vt 0.589660 0.267957
vt 0.564122 0.235582
vt 0.534458 0.214253
vt 0.537898 0.200981
vt 0.459022 0.222090
vt 0.032342 0.234628
vt 0.103171 0.263302
vt 0.106651 0.250618
vt 0.170226 0.262953
vt 0.229443 0.300253
vt 0.254096 0.331251
vt 0.272986 0.392501
vt 0.201699 0.388811
vt 0.441546 0.776652
vt 0.689743 0.381121
vt 0.703423 0.344419
vt 0.646895 0.317769
vt 0.619755 0.286946
vt 0.593902 0.254930
vt 0.567839 0.222388
vt 0.571510 0.209251
vt 0.503818 0.192862
vt 0.462517 0.209382
vt 0.035955 0.221966
vt 0.074027 0.230348
vt 0.077320 0.217322
vt 0.136901 0.269398
vt 0.203016 0.269105
vt 0.199308 0.281209
vt 0.225644 0.312003
vt 0.257939 0.319122
vt 0.287380 0.339642
vt 0.277016 0.378833
vt 0.399664 0.774942
vt 0.623586 0.274414
vt 0.597939 0.242135
vt 0.602034 0.229335
vt 0.541446 0.187383
vt 0.507164 0.178976
vt 0.466457 0.196798
vt 0.039720 0.208801
vt 0.043723 0.195974
vt 0.110108 0.237891
vt 0.140299 0.257235
vt 0.173039 0.250519
vt 0.233268 0.288311
vt 0.261698 0.306958
vt 0.291152 0.327691
vt 0.283949 0.351267
vt 0.304347 0.398038
vt 0.627407 0.261415
vt 0.631237 0.248310
vt 0.575470 0.195592
vt 0.545148 0.173635
vt 0.510922 0.164121
vt 0.516015 0.149967
vt 0.006949 0.160947
vt 0.080631 0.204477
vt 0.113393 0.225037
vt 0.143751 0.244922
vt 0.206213 0.257098
vt 0.237062 0.276242
vt 0.265539 0.295083
vt 0.269439 0.283348
vt 0.324016 0.333820
vt 0.308280 0.383903
vt 0.342317 0.392515
vt 0.650653 0.304754
vt 0.654257 0.291076
vt 0.605968 0.216260
vt 0.579206 0.181694
vt 0.549088 0.158846
vt 0.553860 0.144300
vt 0.048050 0.183310
vt 0.084261 0.191826
vt 0.116740 0.212169
vt 0.147122 0.232457
vt 0.175972 0.237549
vt 0.240618 0.264041
vt 0.244123 0.251703
vt 0.295113 0.315462
vt 0.299450 0.302519
vt 0.345950 0.380226
vt 0.338744 0.404730
vt 0.635607 0.234651
vt 0.640138 0.221549
vt 0.584575 0.167414
vt 0.052380 0.170734
vt 0.088167 0.179070
vt 0.120200 0.199388
vt 0.150491 0.219665
vt 0.209883 0.244648
vt 0.213647 0.232176
vt 0.273226 0.271637
vt 0.304050 0.290375
vt 0.308380 0.278871
vt 0.312343 0.371853
vt 0.378579 0.389237
vt 0.335044 0.416947
vt 0.658535 0.278722
vt 0.610360 0.203120
vt 0.017235 0.147899
vt 0.056915 0.158232
vt 0.123742 0.186607
vt 0.153989 0.206677
vt 0.179158 0.224609
vt 0.183062 0.212075
vt 0.247595 0.239255
vt 0.277043 0.259810
vt 0.280933 0.247940
vt 0.364045 0.315757
vt 0.349657 0.368153
vt 0.382569 0.377834
vt 0.332152 0.429312
vt 0.022967 0.135945
vt 0.092315 0.166261
vt 0.127318 0.173788
vt 0.157217 0.193876
vt 0.160386 0.180963
vt 0.163609 0.168073
vt 0.217388 0.219667
vt 0.251210 0.226857
vt 0.254777 0.214470
vt 0.313476 0.266855
vt 0.367140 0.301620
vt 0.353505 0.355870
vt 0.386154 0.365663
vt 0.061423 0.145693
vt 0.096352 0.153753
vt 0.130919 0.161106
vt 0.134502 0.148590
vt 0.137799 0.135635
vt 0.186559 0.199971
vt 0.221166 0.207126
vt 0.224997 0.194529
vt 0.284753 0.235618
vt 0.318882 0.254232
vt 0.370800 0.285497
vt 0.357383 0.343133
vt 0.390263 0.352343
vt 0.027706 0.123478
vt 0.065800 0.132904
vt 0.100367 0.141078
vt 0.104123 0.128062
vt 0.107506 0.114911
vt 0.166685 0.155071
vt 0.190917 0.187748
vt 0.195125 0.175442
vt 0.258313 0.202043
vt 0.288521 0.223002
vt 0.324584 0.241683
vt 0.329667 0.228546
vt 0.401517 0.312509
vt 0.360955 0.329617
vt 0.393838 0.338616
vt 0.032017 0.111103
vt 0.069744 0.120004
vt 0.073454 0.107027
vt 0.076899 0.094023
vt 0.140742 0.122531
vt 0.169703 0.141969
vt 0.198483 0.162849
vt 0.228609 0.181839
vt 0.261785 0.189636
vt 0.292048 0.210364
vt 0.295695 0.197645
vt 0.397022 0.325331
vt 0.036317 0.098178
vt 0.040432 0.084840
vt 0.080401 0.080834
vt 0.110753 0.101789
vt 0.143734 0.109674
vt 0.172737 0.128552
vt 0.201755 0.149964
vt 0.232172 0.169240
vt 0.265383 0.177138
vt 0.269035 0.164531
vt 0.299623 0.185176
vt 0.044510 0.071381
vt 0.114056 0.088849
vt 0.147324 0.096271
vt 0.176257 0.114808
vt 0.204660 0.136957
vt 0.235839 0.156742
vt 0.239449 0.144411
vt 0.242983 0.131904
vt 0.272804 0.152135
vt 0.304171 0.172487
vt 0.084090 0.066863
vt 0.117720 0.074940
vt 0.151226 0.082729
vt 0.208106 0.124076
vt 0.211741 0.111526
vt 0.246572 0.119594
vt 0.276446 0.139767
vt 0.308987 0.159401
vt 0.048363 0.055533
vt 0.087711 0.050978
vt 0.124915 0.056212
vt 0.215069 0.098934
vt 0.250124 0.107264
vt 0.280194 0.127467
vt 0.314642 0.145999
vt 0.091751 0.032909
vt 0.127107 0.042042
vt 0.130627 0.029204
vt 0.218957 0.086474
vt 0.253817 0.094725
vt 0.284284 0.115132
vt 0.288875 0.102809
vt 0.051255 0.037741
vt 0.095520 0.017050
vt 0.159485 0.053323
vt 0.223184 0.073909
vt 0.257851 0.081980
vt 0.292918 0.090864
vt 0.058405 0.000000
vt 0.134975 0.012716
vt 0.227523 0.060365
vt 0.231901 0.045284
vt 0.261624 0.068505
vt 0.052848 0.016970
vt 0.236619 0.029645
vt 0.305143 0.046726
vt 0.264956 0.054353
vt 0.268744 0.038211
vt 0.240775 0.006869
vt 0.308371 0.032214
vt 0.272874 0.022469
vt 0.311680 0.015321
vt 0.337235 0.055968
vt 0.340308 0.041417
vt 0.372826 0.050641
vt 0.299731 0.063264
vt 0.343076 0.027712
vt 0.377203 0.037807
vt 0.295250 0.073955
vt 0.399409 0.073099
vt 0.323665 0.095383
vt 0.402999 0.058677
vt 0.395518 0.085887
vt 0.327159 0.084552
vt 0.366601 0.066864
vt 0.391687 0.098646
vt 0.331275 0.073066
vt 0.351907 0.099535
vt 0.378602 0.020426
vt 0.349770 0.112482
vt 0.356116 0.087570
vt 0.388204 0.111446
vt 0.319723 0.105668
vt 0.406807 0.043726
vt 0.361005 0.076472
vt 0.384670 0.124066
vt 0.314541 0.116230
vt 0.428384 0.092979
vt 0.412589 0.011910
vt 0.348392 0.128646
vt 0.381195 0.136409
vt 0.377809 0.148668
vt 0.345098 0.140943
vt 0.435016 0.076590
vt 0.341872 0.153236
vt 0.425036 0.106421
vt 0.421283 0.118885
vt 0.409509 0.027705
vt 0.374367 0.160569
vt 0.308846 0.126793
vt 0.417611 0.131300
vt 0.449881 0.023841
vt 0.371013 0.172938
vt 0.338136 0.165446
vt 0.414131 0.144024
vt 0.446859 0.038439
vt 0.403649 0.181735
vt 0.367849 0.185182
vt 0.332714 0.177847
vt 0.479113 0.047942
vt 0.482950 0.034202
vt 0.407150 0.169114
vt 0.400269 0.193998
vt 0.364923 0.197450
vt 0.326358 0.192632
vt 0.410647 0.156576
vt 0.475586 0.061534
vt 0.511514 0.056850
vt 0.486007 0.019021
vt 0.397042 0.206938
vt 0.472529 0.074586
vt 0.507825 0.069843
vt 0.541548 0.078655
vt 0.516150 0.043271
vt 0.360733 0.210086
vt 0.469134 0.087049
vt 0.504592 0.082842
vt 0.538062 0.090878
vt 0.570226 0.099169
vt 0.545145 0.066058
vt 0.549235 0.052695
vt 0.520573 0.030142
vt 0.393305 0.219337
vt 0.465949 0.099997
vt 0.500954 0.095434
vt 0.534720 0.103588
vt 0.567157 0.112097
vt 0.601570 0.120534
vt 0.573787 0.086947
vt 0.577523 0.074687
vt 0.581356 0.061225
vt 0.554025 0.038955
vt 0.462997 0.113034
vt 0.497282 0.108679
vt 0.531450 0.116900
vt 0.564188 0.125408
vt 0.597454 0.134281
vt 0.605607 0.107979
vt 0.609789 0.094603
vt 0.585835 0.046548
vt 0.557830 0.024776
vt 0.459944 0.126105
vt 0.493844 0.121398
vt 0.528144 0.130529
vt 0.560522 0.138239
vt 0.593285 0.148267
vt 0.590047 0.032339
vt 0.490561 0.134035
vt 0.525086 0.143656
vt 0.588524 0.163956
vt 0.592056 0.012235
vt 0.487002 0.146793
vt 0.483514 0.160152
vt 0.456136 0.138309
vt 0.452165 0.150257
vt 0.479588 0.173647
vt 0.475417 0.185391
vt 0.448718 0.162810
vt 0.445119 0.176614
vt 0.440591 0.190293
vt 0.435413 0.203376
vt 0.431158 0.216036
vt 0.013488 0.960614
vt 0.067523 1.000000
vt 0.006556 0.986236
vt 0.019667 0.936451
vt 0.899959 0.722618
vt 0.952486 0.723554
vt 0.907313 0.711003
vt 0.957147 0.712121
vt 0.948538 0.735206
vt 0.910490 0.701454
vt 0.964881 0.699645
vt 0.913305 0.689202
vt 0.971891 0.686750
vt 0.979887 0.672345
vt 1.000000 0.644241
vt 0.988412 0.661699
vt 0.963928 0.462725
vt 0.972605 0.439153
vt 0.969129 0.451915
vt 0.978260 0.426515
vt 0.935082 0.417461
vt 0.985179 0.415077
vt 0.946089 0.394451
vt 0.959125 0.474295
vt 0.951192 0.382801
vt 0.940767 0.405981
vt 0.956048 0.371078
vt 0.960987 0.358828
vt 0.965748 0.346782
vt 0.648332 0.433369
vt 0.677750 0.453193
vt 0.672535 0.464978
vt 0.644395 0.446765
vt 0.655917 0.409583
vt 0.667877 0.477690
vt 0.686098 0.428136
vt 0.640401 0.458584
vt 0.682934 0.440534
vt 0.659273 0.398102
vt 0.662673 0.386554
vt 0.665826 0.374098
vt 0.669314 0.361426
vt 0.326493 0.307230
vt 0.321600 0.324823
vt 0.330119 0.294193
vt 0.342455 0.259703
vt 0.338709 0.272030
vt 0.334035 0.283651
vt 0.317506 0.218671
vt 0.375374 0.277804
vt 0.346187 0.247212
vt 0.349818 0.235442
vt 0.380213 0.266577
vt 0.323293 0.206276
vt 0.383601 0.255332
vt 0.353981 0.223219
vt 0.388615 0.246175
vt 0.411661 0.278179
vt 0.392723 0.235489
vt 0.415246 0.264872
vt 0.423088 0.240960
vt 0.419366 0.252718
vt 0.427156 0.228868
vt 0.702507 0.248728
vt 0.699003 0.259687
vt 0.729204 0.284616
vt 0.975117 0.205561
vt 0.969881 0.218280
vt 0.931413 0.209943
vt 0.965108 0.230609
vt 0.949437 0.159455
vt 0.927526 0.222534
vt 0.902727 0.177457
vt 0.981188 0.192645
vt 0.960444 0.242492
vt 0.894447 0.200231
vt 0.898688 0.189949
vt 0.906574 0.165100
vt 0.989292 0.179029
vt 0.923543 0.234795
vt 0.889296 0.212520
vt 0.865229 0.181404
vt 0.872236 0.157620
vt 0.876035 0.145587
vt 0.910556 0.153092
vt 0.953856 0.147571
vt 0.955905 0.254318
vt 0.919313 0.246759
vt 0.861739 0.193495
vt 0.868645 0.169342
vt 0.842246 0.136743
vt 0.880046 0.133562
vt 0.884112 0.121368
vt 0.914744 0.140673
vt 0.918956 0.128510
vt 0.958269 0.135324
vt 0.951719 0.265828
vt 0.884874 0.226511
vt 0.845641 0.123898
vt 0.849198 0.111482
vt 0.888410 0.109000
vt 0.892601 0.096308
vt 0.940080 0.074262
vt 0.963006 0.122674
vt 0.812501 0.116245
vt 0.853017 0.098551
vt 0.857131 0.085500
vt 0.861142 0.072112
vt 0.923363 0.116578
vt 0.896731 0.083402
vt 0.967912 0.109778
vt 0.808655 0.129252
vt 0.865751 0.057615
vt 0.901152 0.069810
vt 0.972381 0.096592
vt 0.804461 0.142820
vt 0.820695 0.100668
vt 0.870466 0.040955
vt 0.914184 0.017386
vt 0.977103 0.083851
vt 0.905400 0.054654
vt 0.942819 0.060337
vt 0.982403 0.071061
vt 0.946059 0.046147
vt 0.990498 0.057195
vt 0.949577 0.030876
vt 0.954126 0.007136
vt 0.756704 0.197603
vt 0.760659 0.184470
vt 0.791096 0.205724
vt 0.794038 0.192992
vt 0.753322 0.210670
vt 0.765250 0.171366
vt 0.750768 0.223149
vt 0.797260 0.179486
vt 0.748493 0.235906
vt 0.768956 0.158887
vt 0.800362 0.167483
vt 0.772343 0.146998
vt 0.804419 0.156822
vt 0.831848 0.172828
vt 0.836738 0.159691
vt 0.827585 0.188316
vt 0.839881 0.151010
vt 0.662554 0.147862
vt 0.654342 0.171926
vt 0.624397 0.152756
vt 0.683454 0.191836
vt 0.650717 0.183722
vt 0.640388 0.102517
vt 0.693115 0.153658
vt 0.680237 0.203128
vt 0.617004 0.174816
vt 0.606884 0.081554
vt 0.667807 0.135590
vt 0.696482 0.141392
vt 0.689540 0.165982
vt 0.717567 0.199561
vt 0.646830 0.195359
vt 0.613986 0.187591
vt 0.620775 0.163807
vt 0.645057 0.088882
vt 0.650091 0.075301
vt 0.699753 0.130392
vt 0.704047 0.117488
vt 0.687325 0.179145
vt 0.615207 0.053987
vt 0.619962 0.038578
vt 0.658430 0.160350
vt 0.721470 0.187439
vt 0.610484 0.068517
vt 0.624133 0.021010
vt 0.632065 0.127819
vt 0.725383 0.174934
vt 0.628130 0.140466
vt 0.635958 0.115284
vt 0.729551 0.162177
vt 0.733439 0.149474
vt 0.737460 0.137412
vt 0.744383 0.112590
vt 0.770091 0.133399
vt 0.708780 0.104177
vt 0.741579 0.124700
vt 0.742846 0.098692
vt 0.773749 0.119406
vt 0.777699 0.106517
vt 0.746866 0.083338
vt 0.781577 0.093256
vt 0.785294 0.077527
vt 0.716054 0.076734
vt 0.712022 0.088701
vt 0.678135 0.096125
vt 0.758118 0.070839
vt 0.674865 0.108926
vt 0.681087 0.083290
vt 0.720205 0.062767
vt 0.650589 0.060711
vt 0.683834 0.070769
vt 0.687221 0.057887
vt 0.690756 0.044650
vt 0.760572 0.057759
vt 0.653783 0.048393
vt 0.656525 0.035439
vt 0.693987 0.031533
vt 0.725233 0.048985
vt 0.729607 0.035754
vt 0.792213 0.064598
vt 0.660554 0.019421
vt 0.732761 0.021159
vt 0.764041 0.043652
vt 0.796333 0.050070
vt 0.767615 0.029906
vt 0.800465 0.037941
vt 0.833341 0.043642
vt 0.771806 0.010698
vt 0.804846 0.025008
vt 0.838138 0.030948
vt 0.828609 0.059102
vt 0.842234 0.015998
vt 0.873697 0.021293
vt 0.825480 0.072806
vt 0.822582 0.085743
vn 0.2594 0.2376 0.9361
vn 0.2706 0.2304 0.9347
vn 0.3258 0.2647 0.9076
vn 0.2418 0.2505 0.9374
vn 0.2646 0.2274 0.9371
vn -0.0012 0.1948 0.9808
vn -0.0495 0.2071 0.9771
vn 0.2283 0.2660 0.9366
vn -0.2400 0.0686 0.9683
vn -0.0643 0.2260 0.9720
vn -0.0631 0.2193 0.9736
vn 0.1486 0.2539 0.9557
vn -0.2148 0.0858 0.9729
vn -0.1747 0.1014 0.9794
vn -0.0650 0.2293 0.9712
vn -0.1749 0.1411 0.9744
vn 0.0751 0.2404 0.9677
vn -0.0771 0.2406 0.9675
vn 0.0518 0.2318 0.9714
vn -0.2028 0.1993 0.9587
vn -0.0983 0.2487 0.9636
vn -0.1972 0.1896 0.9619
vn 0.0157 0.2575 0.9661
vn -0.1034 0.2487 0.9630
vn -0.0081 0.2907 0.9568
vn -0.0211 0.0590 0.9980
vn -0.0985 0.2481 0.9637
vn -0.0441 0.2475 0.9679
vn -0.0018 0.2691 0.9631
vn 0.1348 0.0050 0.9908
vn -0.0033 0.2422 0.9702
vn -0.0495 0.2812 0.9584
vn -0.0344 0.2866 0.9574
vn -0.0577 0.2914 0.9549
vn -0.0539 0.3588 0.9318
vn -0.0328 0.3489 0.9366
vn -0.1036 0.4693 0.8769
vn -0.0704 0.4620 0.8841
vn 0.0493 0.3456 0.9371
vn 0.0715 0.3057 0.9494
vn 0.2105 0.2907 0.9333
vn 0.2134 0.0700 0.9745
vn 0.2962 0.4015 0.8666
vn 0.3247 0.4530 0.8303
vn 0.2398 0.3494 0.9057
vn 0.0211 0.0221 0.9995
vn 0.3233 0.4772 0.8171
vn 0.3713 0.4894 0.7890
vn 0.3170 0.4862 0.8143
vn 0.1931 0.0293 0.9807
vn 0.0550 -0.0262 0.9981
vn -0.0102 0.0971 0.9952
vn 0.1941 0.3764 0.9059
vn 0.3450 0.4366 0.8308
vn 0.3345 0.4126 0.8473
vn 0.2247 0.2709 0.9360
vn -0.1488 0.3493 0.9251
vn -0.2745 0.4067 0.8713
vn -0.0526 0.2675 0.9621
vn -0.1028 0.3505 0.9309
vn 0.1750 0.4415 0.8800
vn 0.3105 0.5113 0.8013
vn 0.3407 0.3413 0.8760
vn 0.2632 0.2104 0.9415
vn -0.1379 0.0981 0.9855
vn -0.3375 0.4609 0.8207
vn -0.1637 0.3825 0.9093
vn 0.1531 0.4996 0.8526
vn 0.3249 0.2856 0.9015
vn 0.3641 0.2118 0.9069
vn -0.0945 0.0153 0.9954
vn -0.1401 0.6706 0.7284
vn -0.3945 0.5045 0.7680
vn -0.3685 0.4205 0.8291
vn -0.4058 0.4070 0.8183
vn -0.2071 0.4391 0.8742
vn 0.3449 0.1592 0.9250
vn 0.3160 -0.1949 0.9285
vn 0.3876 0.1157 0.9145
vn -0.0589 0.9952 -0.0778
vn 0.0645 0.3808 0.9224
vn -0.2128 0.4162 0.8840
vn -0.3757 0.2897 0.8803
vn -0.1689 0.1773 0.9695
vn 0.1661 0.2073 0.9640
vn 0.2337 -0.6582 0.7156
vn 0.0317 -0.8700 0.4920
vn 0.2436 0.5703 0.7845
vn 0.1236 0.1923 0.9735
vn -0.1268 0.3992 0.9080
vn -0.3413 -0.2004 0.9183
vn 0.0492 -0.4412 0.8960
vn -0.5394 -0.4526 0.7101
vn -0.4017 0.8353 -0.3754
vn 0.0161 0.4805 0.8768
vn 0.1476 0.3672 0.9183
vn 0.2372 0.2276 0.9444
vn -0.0588 0.1400 0.9884
vn -0.0089 -0.3329 0.9429
vn 0.0033 -0.4065 0.9136
vn -0.0666 -0.3341 0.9402
vn -0.0926 0.9823 0.1626
vn 0.0797 0.3892 0.9177
vn -0.1087 0.2258 0.9681
vn 0.2711 0.2125 0.9388
vn 0.2623 0.1764 0.9487
vn -0.0486 -0.1293 0.9904
vn -0.3230 -0.4874 0.8112
vn -0.4107 -0.3348 0.8480
vn -0.0503 -0.1706 0.9840
vn -0.0487 0.6501 -0.7582
vn 0.4653 0.8660 0.1829
vn -0.1382 0.1527 0.9785
vn -0.1619 0.1544 0.9746
vn 0.2366 0.1553 0.9591
vn -0.1146 -0.1510 0.9818
vn -0.0531 -0.3080 0.9499
vn -0.0006 -0.1346 0.9909
vn 0.6656 0.6097 0.4303
vn 0.5326 0.0167 0.8462
vn 0.1914 0.2002 0.9608
vn -0.1557 0.1444 0.9772
vn 0.2000 0.1364 0.9702
vn -0.1205 -0.1491 0.9814
vn -0.4167 -0.3591 0.8351
vn -0.0593 -0.2669 0.9619
vn -0.0705 -0.2127 0.9745
vn -0.0775 0.7355 -0.6731
vn 0.6524 0.7473 0.1263
vn 0.5825 -0.0103 0.8127
vn 0.2951 0.1531 0.9431
vn -0.1442 0.1338 0.9804
vn 0.1655 0.1111 0.9799
vn -0.1614 -0.1645 0.9731
vn -0.4131 -0.3751 0.8298
vn -0.4212 -0.3707 0.8277
vn 0.0273 -0.0866 0.9958
vn -0.4574 -0.3028 -0.8361
vn 0.5885 -0.0819 0.8043
vn 0.4054 -0.1749 0.8972
vn 0.6045 -0.0018 0.7965
vn 0.2887 0.2132 0.9333
vn -0.1562 0.1324 0.9788
vn 0.1184 0.1205 0.9856
vn -0.1983 -0.1495 0.9687
vn -0.0527 -0.1959 0.9792
vn 0.0487 -0.0688 0.9964
vn -0.0765 -0.3177 -0.9451
vn 0.2366 -0.2235 0.9455
vn 0.6381 -0.0316 0.7693
vn 0.2939 0.2581 0.9203
vn 0.0741 0.2084 0.9752
vn -0.1769 0.1356 0.9748
vn 0.0770 0.1555 0.9848
vn -0.2579 -0.1419 0.9557
vn -0.4200 -0.3896 0.8196
vn -0.0217 -0.1847 0.9825
vn 0.1403 -0.4420 -0.8859
vn 0.2484 -0.2208 0.9431
vn 0.2566 -0.2257 0.9398
vn 0.4068 -0.1892 0.8937
vn 0.6659 -0.0902 0.7405
vn -0.2057 0.1474 0.9674
vn -0.1962 0.1436 0.9700
vn 0.0413 0.1585 0.9865
vn -0.0066 0.1546 0.9879
vn -0.3077 -0.1063 0.9455
vn -0.4204 -0.3830 0.8225
vn 0.0586 -0.0556 0.9967
vn 0.0700 -0.4098 0.9095
vn 0.0754 -0.4426 0.8935
vn 0.2864 -0.2208 0.9323
vn 0.3969 -0.1958 0.8967
vn 0.5419 -0.1744 0.8221
vn -0.2170 0.1650 0.9621
vn -0.2172 0.1585 0.9632
vn -0.2370 0.1740 0.9558
vn -0.3464 -0.0729 0.9352
vn -0.4309 -0.3604 0.8273
vn 0.0093 -0.1769 0.9842
vn 0.0719 -0.0411 0.9966
vn -0.0479 -0.5172 0.8545
vn 0.1079 -0.4181 0.9019
vn 0.2867 -0.2063 0.9355
vn 0.3856 -0.2127 0.8978
vn 0.3762 -0.2001 0.9046
vn -0.2212 0.1715 0.9600
vn -0.2257 0.1923 0.9550
vn -0.0499 0.1691 0.9843
vn -0.3790 -0.0530 0.9238
vn -0.4443 -0.3398 0.8289
vn 0.0313 -0.1630 0.9861
vn 0.0931 -0.0089 0.9956
vn -0.0434 -0.5183 0.8541
vn 0.2916 -0.2007 0.9352
vn 0.3713 -0.2124 0.9039
vn 0.3737 -0.2065 0.9043
vn -0.2532 0.1769 0.9511
vn -0.0809 0.1791 0.9805
vn -0.4017 -0.0332 0.9151
vn -0.4646 -0.3070 0.8305
vn 0.0505 -0.1418 0.9886
vn 0.1116 0.0404 0.9929
vn -0.0718 -0.5227 0.8495
vn 0.1291 -0.3750 0.9180
vn 0.2923 -0.1878 0.9377
vn 0.3514 -0.1782 0.9191
vn 0.3279 -0.1361 0.9348
vn -0.2318 0.2024 0.9514
vn -0.2577 0.1429 0.9556
vn -0.0966 0.1764 0.9796
vn -0.4730 -0.2751 0.8370
vn 0.0528 -0.0990 0.9937
vn 0.1617 0.0745 0.9840
vn -0.0669 -0.5275 0.8469
vn -0.0410 -0.4956 0.8675
vn 0.1379 -0.3319 0.9331
vn 0.2956 -0.1712 0.9398
vn 0.3105 -0.0793 0.9472
vn 0.2205 -0.3326 0.9169
vn -0.2518 0.2074 0.9453
vn -0.2660 0.1198 0.9565
vn -0.4347 -0.0066 0.9005
vn -0.4565 -0.2788 0.8449
vn 0.0227 -0.0106 0.9997
vn -0.2262 -0.0140 0.9740
vn -0.0627 -0.5285 0.8466
vn -0.0337 -0.4581 0.8882
vn 0.1531 -0.3191 0.9352
vn 0.3103 -0.1556 0.9378
vn 0.2641 -0.0538 0.9630
vn -0.2980 0.2182 0.9293
vn -0.1012 0.1829 0.9779
vn -0.4451 0.0238 0.8952
vn -0.4319 -0.2758 0.8587
vn -0.0033 0.0843 0.9964
vn -0.6099 -0.1901 0.7693
vn -0.0098 -0.5150 0.8571
vn -0.0152 -0.4404 0.8976
vn 0.1667 -0.3032 0.9382
vn 0.3323 -0.1384 0.9329
vn -0.5697 -0.5383 0.6210
vn -0.2882 0.1451 0.9465
vn -0.1126 0.2029 0.9727
vn -0.4725 0.0283 0.8809
vn -0.4093 -0.2461 0.8786
vn 0.0042 0.1490 0.9888
vn 0.0276 0.1654 0.9858
vn 0.0283 -0.4750 0.8795
vn 0.0227 -0.4572 0.8891
vn 0.1695 -0.2743 0.9466
vn 0.2087 -0.0658 0.9758
vn -0.3666 0.0390 0.9295
vn -0.3129 0.1782 0.9329
vn -0.1269 0.2107 0.9693
vn -0.5033 0.0512 0.8625
vn -0.4216 -0.1685 0.8909
vn -0.4713 -0.1358 0.8714
vn 0.0956 -0.4742 0.8752
vn 0.0290 -0.4589 0.8880
vn 0.1934 -0.2597 0.9461
vn 0.3500 -0.1105 0.9302
vn 0.1834 -0.0350 0.9824
vn -0.2846 0.0866 0.9547
vn -0.8881 -0.3394 0.3098
vn -0.3065 0.1862 0.9334
vn -0.3146 0.1594 0.9357
vn -0.1283 0.2041 0.9705
vn -0.4486 -0.0751 0.8905
vn 0.0440 0.2173 0.9751
vn 0.0739 0.3046 0.9496
vn 0.0393 -0.5030 0.8634
vn 0.0751 -0.4891 0.8690
vn 0.2286 -0.2297 0.9460
vn 0.3579 -0.0747 0.9308
vn 0.2562 0.0315 0.9661
vn 0.1959 0.2560 0.9466
vn -0.2029 -0.3950 0.8960
vn -0.2953 0.1582 0.9422
vn -0.3108 0.1448 0.9393
vn -0.5032 0.0521 0.8626
vn -0.4881 0.0323 0.8722
vn 0.0949 0.4314 0.8971
vn 0.0629 -0.5286 0.8465
vn 0.1006 -0.4759 0.8737
vn 0.2552 -0.1900 0.9480
vn 0.3685 -0.0416 0.9287
vn 0.5590 0.4602 0.6897
vn 0.3986 0.0058 0.9171
vn -0.1516 -0.2114 0.9655
vn -0.1207 -0.5499 0.8264
vn -0.3340 0.1722 0.9267
vn -0.1296 0.2065 0.9698
vn -0.4939 0.0178 0.8694
vn -0.5137 0.1123 0.8506
vn 0.0732 0.3835 0.9206
vn 0.0976 -0.5001 0.8604
vn 0.0908 -0.4033 0.9105
vn 0.2785 -0.1642 0.9463
vn 0.4543 0.0250 0.8905
vn 0.2120 0.0390 0.9765
vn 0.2053 -0.1556 0.9662
vn -0.0193 -0.6460 0.7631
vn -0.3568 0.1868 0.9153
vn -0.1438 0.2098 0.9671
vn -0.4852 -0.0068 0.8744
vn -0.5246 0.1218 0.8426
vn -0.5463 0.1325 0.8270
vn 0.0906 -0.5181 0.8505
vn 0.1135 -0.3620 0.9252
vn 0.3027 -0.1494 0.9413
vn 0.4730 0.0357 0.8803
vn 0.5151 0.0063 0.8571
vn 0.5353 -0.0034 0.8446
vn -0.1969 -0.6381 0.7443
vn 0.0598 -0.5910 0.8044
vn -0.2972 0.0744 0.9519
vn -0.1651 0.2143 0.9627
vn -0.4997 0.0021 0.8662
vn -0.5486 0.0683 0.8332
vn 0.0494 0.2479 0.9675
vn 0.1593 -0.5343 0.8302
vn 0.1598 -0.3552 0.9210
vn 0.3347 -0.1457 0.9310
vn 0.3696 -0.1484 0.9172
vn 0.3894 -0.1342 0.9112
vn 0.2079 -0.2233 0.9523
vn -0.5596 -0.0319 0.8281
vn -0.5408 -0.5769 0.6121
vn -0.1782 0.2085 0.9616
vn -0.4890 0.0130 0.8722
vn -0.5058 0.0231 0.8623
vn -0.6650 -0.0707 0.7435
vn 0.0654 -0.4604 0.8853
vn 0.0993 -0.4491 0.8879
vn 0.2039 -0.3725 0.9053
vn 0.2297 -0.3761 0.8976
vn 0.2371 -0.3348 0.9120
vn 0.3818 -0.0584 0.9224
vn 0.2775 -0.2516 0.9272
vn -0.6720 0.1603 0.7230
vn -0.6575 -0.1707 0.7338
vn -0.1257 -0.6648 0.7364
vn -0.1733 0.1692 0.9702
vn -0.1538 0.1875 0.9701
vn -0.5026 0.0193 0.8643
vn 0.2485 -0.5426 0.8024
vn 0.1488 -0.4696 0.8702
vn 0.1726 -0.4739 0.8635
vn 0.2577 -0.2827 0.9239
vn 0.3771 0.0403 0.9253
vn 0.4027 -0.0633 0.9131
vn -0.4756 0.6786 0.5597
vn -0.4354 0.3198 0.8415
vn -0.3845 -0.0274 0.9227
vn -0.1668 -0.0554 0.9844
vn -0.1132 0.1506 0.9821
vn -0.4962 -0.0709 0.8653
vn 0.1717 -0.4463 0.8783
vn 0.2883 -0.2373 0.9276
vn 0.2099 0.1173 0.9706
vn 0.3229 0.4104 0.8528
vn 0.7128 0.3171 0.6256
vn 0.2045 0.4969 0.8433
vn -0.8259 0.0035 0.5639
vn -0.4270 0.6238 0.6546
vn 0.1513 -0.3965 0.9055
vn -0.2565 0.3685 0.8935
vn 0.0144 0.0573 0.9982
vn -0.3060 0.0020 0.9520
vn 0.1953 -0.3872 0.9010
vn 0.2813 -0.1813 0.9423
vn -0.3178 0.6844 0.6561
vn 0.0680 0.7461 0.6623
vn 0.5283 0.3467 0.7750
vn -0.1525 0.7883 0.5961
vn -0.0671 0.8233 0.5636
vn -0.4996 0.7313 0.4642
vn -0.5975 0.5283 0.6032
vn -0.3316 0.5809 0.7433
vn -0.3699 -0.3291 0.8688
vn -0.3311 0.4176 0.8461
vn -0.0165 0.1321 0.9911
vn 0.1351 0.3435 0.9293
vn -0.0794 0.5525 0.8297
vn -0.2330 0.6652 0.7093
vn -0.3048 0.7860 0.5378
vn 0.4736 0.7176 0.5106
vn -0.1851 0.8064 0.5617
vn -0.3418 0.6342 0.6935
vn -0.6358 0.5618 0.5292
vn -0.4523 0.5085 0.7327
vn 0.5715 -0.2649 0.7767
vn 0.2029 -0.1710 0.9641
vn -0.1978 0.7708 0.6055
vn -0.2422 0.7371 0.6308
vn -0.0800 0.7115 0.6980
vn 0.0048 0.6493 0.7605
vn -0.3093 0.3995 0.8629
vn -0.5382 0.5260 0.6585
vn -0.4198 0.3122 0.8522
vn 0.7177 -0.3782 0.5847
vn 0.6171 0.3599 0.6998
vn -0.1112 0.7286 0.6758
vn -0.0011 0.6571 0.7538
vn -0.1425 0.6214 0.7704
vn 0.0132 0.5378 0.8430
vn 0.0537 0.4512 0.8907
vn -0.6200 0.3473 0.7035
vn -0.6590 0.4076 0.6322
vn -0.5322 0.1941 0.8240
vn 0.6985 0.2606 0.6664
vn 0.2046 0.5644 0.7997
vn -0.0497 0.4782 0.8768
vn 0.0605 0.2914 0.9547
vn 0.0924 0.3216 0.9424
vn -0.2447 0.2153 0.9454
vn -0.5395 0.1440 0.8296
vn -0.7110 0.3098 0.6313
vn -0.6341 0.1411 0.7602
vn 0.5683 0.4561 0.6848
vn 0.6417 0.3020 0.7049
vn 0.1674 0.0858 0.9821
vn 0.0950 0.2776 0.9560
vn -0.1870 0.0648 0.9802
vn -0.4604 -0.0069 0.8877
vn -0.7201 0.1720 0.6721
vn -0.6941 0.0313 0.7192
vn -0.6739 0.0762 0.7349
vn 0.5114 -0.3454 0.7869
vn 0.7239 0.1549 0.6722
vn 0.2538 -0.0814 0.9638
vn 0.1722 0.1064 0.9793
vn 0.1374 0.1122 0.9841
vn -0.1270 -0.0717 0.9893
vn -0.3844 -0.1378 0.9128
vn -0.6721 0.0075 0.7404
vn -0.7004 -0.0956 0.7073
vn 0.5388 -0.3785 0.7526
vn 0.5929 -0.1579 0.7896
vn 0.3118 -0.1855 0.9318
vn 0.2403 -0.0930 0.9662
vn 0.1857 -0.0628 0.9806
vn -0.0669 -0.1909 0.9793
vn -0.3097 -0.2564 0.9156
vn -0.5989 -0.1574 0.7852
vn -0.6648 -0.2458 0.7054
vn 0.3330 -0.2332 0.9136
vn 0.2814 -0.2576 0.9243
vn 0.2410 -0.2236 0.9444
vn -0.0045 -0.2968 0.9549
vn -0.2368 -0.3530 0.9051
vn -0.5400 -0.2702 0.7971
vn -0.6151 -0.3728 0.6948
vn 0.3358 -0.2422 0.9102
vn 0.2882 -0.3768 0.8803
vn 0.3008 -0.3649 0.8811
vn 0.0557 -0.3802 0.9232
vn -0.1694 -0.4390 0.8823
vn -0.4717 -0.3869 0.7923
vn -0.5530 -0.4735 0.6856
vn 0.6083 -0.2687 0.7468
vn 0.2604 -0.4462 0.8562
vn 0.3462 -0.4638 0.8155
vn 0.1173 -0.4394 0.8906
vn -0.1208 -0.5155 0.8483
vn -0.3917 -0.5300 0.7521
vn -0.3512 -0.5909 0.7262
vn 0.3751 -0.3166 0.8712
vn 0.2231 -0.4677 0.8552
vn 0.3647 -0.5104 0.7788
vn 0.1780 -0.4854 0.8560
vn -0.0859 -0.5671 0.8191
vn -0.3312 -0.5961 0.7314
vn -0.5021 -0.5201 0.6909
vn 0.6567 -0.2758 0.7019
vn 0.4403 -0.3813 0.8128
vn 0.3587 -0.5225 0.7735
vn 0.2262 -0.5139 0.8274
vn -0.0534 -0.5962 0.8010
vn -0.3001 -0.6161 0.7282
vn -0.4686 -0.5535 0.6885
vn 0.6855 -0.2712 0.6757
vn 0.1778 -0.4404 0.8800
vn 0.3240 -0.5017 0.8021
vn 0.2587 -0.5250 0.8108
vn -0.0329 -0.6020 0.7978
vn -0.2778 -0.6269 0.7278
vn -0.4430 -0.5653 0.6959
vn 0.4799 -0.3768 0.7922
vn 0.1641 -0.4389 0.8834
vn 0.2887 -0.4871 0.8242
vn 0.2680 -0.5143 0.8146
vn -0.0331 -0.5759 0.8169
vn -0.2747 -0.6105 0.7429
vn -0.4191 -0.5625 0.7126
vn 0.4950 -0.3562 0.7925
vn 0.1833 -0.4746 0.8609
vn 0.2831 -0.5078 0.8136
vn 0.2638 -0.4763 0.8388
vn -0.0331 -0.5568 0.8300
vn -0.2725 -0.5975 0.7541
vn -0.3951 -0.5728 0.7182
vn 0.7123 -0.2582 0.6526
vn 0.1977 -0.5145 0.8343
vn 0.2830 -0.4942 0.8220
vn 0.2633 -0.4356 0.8607
vn -0.0341 -0.5530 0.8325
vn -0.2704 -0.5911 0.7599
vn -0.3779 -0.5914 0.7123
vn 0.5051 -0.3389 0.7937
vn 0.1918 -0.5069 0.8404
vn 0.2743 -0.4567 0.8462
vn 0.2673 -0.4173 0.8686
vn -0.0411 -0.5377 0.8421
vn -0.2719 -0.5882 0.7617
vn -0.3725 -0.5976 0.7100
vn 0.7464 -0.2312 0.6240
vn 0.5153 -0.3401 0.7866
vn 0.1981 -0.4921 0.8477
vn 0.2805 -0.4268 0.8597
vn -0.0378 -0.5343 0.8444
vn -0.2715 -0.5892 0.7610
vn -0.3705 -0.6012 0.7080
vn 0.5598 -0.3310 0.7596
vn 0.2246 -0.5049 0.8334
vn 0.2749 -0.4473 0.8511
vn 0.2933 -0.4320 0.8528
vn -0.0269 -0.5409 0.8406
vn -0.2710 -0.5928 0.7584
vn -0.4764 -0.6272 0.6161
vn 0.7815 -0.2186 0.5844
vn 0.4900 -0.3897 0.7797
vn 0.2861 -0.4539 0.8438
vn 0.3086 -0.4542 0.8357
vn -0.0055 -0.5559 0.8312
vn -0.2684 -0.5979 0.7553
vn -0.5536 -0.6252 0.5501
vn 0.2451 -0.5085 0.8254
vn 0.2926 -0.4616 0.8375
vn 0.3374 -0.4948 0.8008
vn 0.0159 -0.5660 0.8242
vn -0.2577 -0.6119 0.7478
vn -0.5047 -0.6295 0.5907
vn 0.4315 -0.4661 0.7724
vn 0.2447 -0.4894 0.8370
vn 0.2828 -0.4748 0.8334
vn 0.0489 -0.5806 0.8127
vn -0.2414 -0.6265 0.7411
vn -0.4168 -0.6236 0.6613
vn 0.2629 -0.4753 0.8396
vn 0.2587 -0.4819 0.8371
vn 0.3611 -0.5192 0.7746
vn 0.0838 -0.5866 0.8055
vn -0.2213 -0.6426 0.7335
vn -0.4882 -0.6283 0.6057
vn 0.5303 -0.4719 0.7043
vn 0.2901 -0.4333 0.8532
vn 0.3471 -0.5077 0.7885
vn 0.1023 -0.5883 0.8021
vn -0.2065 -0.6503 0.7311
vn -0.5332 -0.6358 0.5581
vn 0.6272 -0.4155 0.6587
vn 0.2324 -0.4826 0.8444
vn 0.3294 -0.4977 0.8024
vn 0.1109 -0.5870 0.8019
vn -0.2030 -0.6407 0.7404
vn -0.5233 -0.6489 0.5524
vn 0.3175 -0.4378 0.8411
vn 0.2203 -0.4876 0.8448
vn 0.3133 -0.4960 0.8098
vn 0.1137 -0.5750 0.8102
vn -0.1997 -0.6334 0.7476
vn -0.5239 -0.6482 0.5525
vn 0.4054 -0.4729 0.7823
vn 0.2109 -0.4816 0.8506
vn 0.3036 -0.5026 0.8094
vn 0.1147 -0.5559 0.8233
vn -0.1968 -0.6353 0.7467
vn -0.4451 -0.6555 0.6100
vn 0.7193 -0.3739 0.5855
vn 0.2244 -0.4959 0.8388
vn 0.2978 -0.5094 0.8073
vn 0.1159 -0.5348 0.8369
vn -0.2072 -0.6220 0.7551
vn -0.3438 -0.6604 0.6675
vn 0.4715 -0.4551 0.7553
vn 0.2392 -0.4892 0.8387
vn 0.2389 -0.4686 0.8505
vn 0.2828 -0.4940 0.8221
vn 0.1205 -0.5181 0.8468
vn -0.3551 -0.6517 0.6702
vn 0.7259 -0.3330 0.6017
vn 0.4779 -0.4120 0.7758
vn 0.3751 -0.4644 0.8022
vn 0.2401 -0.4512 0.8595
vn 0.2669 -0.4665 0.8433
vn -0.2188 -0.6068 0.7642
vn -0.3651 -0.6532 0.6633
vn 0.3057 -0.4990 0.8108
vn 0.2500 -0.4425 0.8612
vn 0.1240 -0.5108 0.8507
vn -0.2242 -0.6031 0.7655
vn -0.3748 -0.6730 0.6377
vn 0.3386 -0.4815 0.8083
vn 0.2638 -0.4660 0.8445
vn 0.1343 -0.5096 0.8498
vn -0.2154 -0.6266 0.7490
vn -0.2051 -0.6653 0.7178
vn 0.2705 -0.4593 0.8460
vn 0.2726 -0.4824 0.8324
vn 0.1457 -0.5176 0.8431
vn 0.1663 -0.5441 0.8224
vn -0.3794 -0.6959 0.6098
vn 0.4056 -0.4929 0.7697
vn 0.2993 -0.5002 0.8125
vn 0.2958 -0.5093 0.8081
vn 0.3328 -0.5465 0.7685
vn -0.1983 -0.7045 0.6814
vn -0.3656 -0.7566 0.5420
vn 0.3482 -0.5535 0.7566
vn 0.3864 -0.6080 0.6936
vn 0.2091 -0.6105 0.7639
vn -0.1615 -0.7949 0.5848
vn -0.3423 -0.8199 0.4589
vn 0.5141 -0.5335 0.6717
vn 0.4550 -0.6322 0.6271
vn 0.3029 -0.7448 0.5946
vn -0.0701 -0.8699 0.4881
vn 0.5950 -0.5765 0.5600
vn 0.4502 -0.6856 0.5721
vn 0.3677 -0.8321 0.4151
vn 0.5134 -0.6867 0.5145
vn 0.4701 -0.3086 0.8269
vn 0.4622 -0.0778 0.8833
vn 0.3148 -0.2446 0.9171
vn 0.4661 -0.4076 0.7852
vn 0.2867 -0.1057 0.9522
vn 0.1056 -0.1318 0.9856
vn 0.2426 0.0418 0.9692
vn 0.1645 -0.2032 0.9652
vn 0.0914 -0.1022 0.9905
vn -0.0320 -0.1583 0.9868
vn 0.2504 -0.3569 0.9000
vn 0.2530 -0.2830 0.9251
vn -0.2607 -0.8220 0.5063
vn 0.4465 -0.7667 0.4613
vn 0.2187 -0.8756 0.4306
vn 0.5445 -0.2174 0.8101
vn 0.0076 -0.6091 0.7931
vn 0.6448 0.4852 0.5906
vn -0.0905 -0.9556 0.2804
vn 0.4289 0.8537 -0.2953
vn -0.2042 -0.6160 -0.7608
vn 0.6856 0.6343 -0.3571
vn -0.4059 0.3426 -0.8473
vn 0.2456 0.2966 -0.9228
vn 0.9613 0.2755 -0.0039
vn 0.5266 0.7089 -0.4691
vn 0.9402 0.1972 -0.2776
vn 0.5579 0.7464 -0.3627
vn -0.1244 0.6611 -0.7399
vn 0.7858 0.4723 -0.3993
vn -0.2747 0.5888 -0.7602
vn -0.2245 0.6094 -0.7604
vn -0.1942 0.5545 -0.8092
vn -0.2751 0.5434 -0.7931
vn -0.5305 0.4071 -0.7435
vn -0.0885 0.6654 -0.7412
vn -0.7393 0.1344 -0.6598
vn -0.0812 0.6233 -0.7777
vn 0.4058 0.0476 0.9127
vn 0.4766 0.5122 0.7144
vn -0.1660 -0.3598 0.9181
vn -0.2465 -0.6330 0.7338
vn 0.4307 0.7144 0.5514
vn 0.4178 0.2675 0.8683
vn 0.2859 -0.2944 0.9119
vn 0.2255 -0.4968 0.8380
vn -0.2628 -0.7304 0.6304
vn 0.0660 -0.5209 0.8510
vn -0.3364 -0.0916 0.9373
vn -0.3581 -0.1495 0.9216
vn -0.1094 -0.1297 0.9855
vn -0.2804 0.4207 0.8627
vn -0.4209 -0.5051 0.7535
vn -0.2467 -0.2547 0.9350
vn -0.4005 0.0122 0.9162
vn 0.7734 0.1896 0.6049
vn -0.4939 0.6483 0.5794
vn -0.4110 0.4870 0.7706
vn 0.0156 -0.2793 0.9601
vn -0.2328 -0.2510 0.9395
vn -0.1149 0.0389 0.9926
vn -0.1793 -0.6715 0.7190
vn 0.7043 0.2765 -0.6538
vn 0.2341 0.5118 0.8266
vn -0.0537 0.7212 0.6906
vn -0.4717 0.6343 0.6125
vn -0.0019 -0.0405 0.9992
vn 0.2648 -0.0494 0.9630
vn -0.4687 -0.3092 0.8275
vn -0.0288 -0.5738 0.8185
vn 0.3197 0.5723 -0.7551
vn 0.6170 0.1523 -0.7721
vn 0.7410 0.2809 0.6099
vn 0.1412 0.6787 0.7207
vn -0.4453 0.5385 0.7153
vn -0.5586 0.4500 0.6967
vn -0.3790 -0.1444 0.9140
vn 0.2743 -0.1029 0.9561
vn -0.0038 -0.4273 0.9041
vn 0.3064 -0.5983 0.7403
vn 0.0715 0.4888 0.8694
vn 0.0394 0.4441 -0.8951
vn 0.0706 -0.3456 -0.9357
vn 0.9185 0.1433 -0.3685
vn -0.0564 -0.3026 0.9514
vn 0.4630 0.7172 0.5208
vn 0.0535 0.8479 0.5274
vn -0.0555 0.6807 0.7305
vn -0.6803 0.3553 0.6410
vn -0.2159 -0.0768 0.9734
vn -0.1879 -0.1994 0.9617
vn 0.0959 -0.1727 0.9803
vn 0.1513 -0.0968 0.9837
vn -0.2543 -0.5793 0.7744
vn 0.2425 -0.1304 -0.9613
vn 0.9330 0.3536 0.0670
vn 0.0214 0.6748 0.7377
vn 0.1398 0.6436 0.7524
vn -0.4142 0.3899 0.8224
vn -0.6579 0.2467 0.7115
vn -0.5543 0.3688 0.7461
vn -0.0936 -0.1690 0.9811
vn -0.4764 -0.0233 0.8789
vn 0.3146 -0.6164 -0.7219
vn -0.9841 0.1694 0.0534
vn -0.2534 -0.5860 0.7696
vn 0.1998 -0.6912 0.6944
vn 0.3077 0.5286 -0.7911
vn 0.0481 0.7401 0.6707
vn 0.2578 0.5010 0.8261
vn -0.0955 0.4875 0.8679
vn -0.3750 0.2714 0.8864
vn -0.5898 0.1535 0.7928
vn -0.6408 0.1934 0.7429
vn -0.5294 -0.0394 0.8474
vn -0.9894 0.1404 -0.0375
vn -0.8847 -0.4368 -0.1627
vn 0.1838 -0.6212 0.7618
vn 0.3970 -0.6930 0.6018
vn 0.5483 0.3066 -0.7780
vn -0.0367 -0.0028 -0.9993
vn 0.2105 0.4908 0.8454
vn -0.0941 0.3588 0.9286
vn -0.3295 0.1529 0.9317
vn -0.5282 0.0718 0.8461
vn -0.6287 0.0415 0.7766
vn -0.9283 -0.3691 -0.0451
vn 0.5004 -0.5365 0.6795
vn 0.2214 -0.7970 0.5619
vn 0.2239 0.6120 0.7585
vn 0.1814 0.4042 0.8965
vn -0.0869 0.2154 0.9726
vn -0.2855 0.0516 0.9570
vn -0.4578 -0.0085 0.8890
vn -0.5874 -0.0613 0.8070
vn -0.7985 -0.3558 0.4856
vn -0.9492 -0.2861 -0.1313
vn 0.3162 -0.5931 0.7404
vn 0.4223 -0.7435 0.5185
vn 0.0858 -0.6962 0.7127
vn -0.0618 -0.1485 -0.9870
vn 0.2133 0.5356 0.8171
vn 0.1836 0.2026 0.9619
vn -0.0649 0.0913 0.9937
vn -0.2467 -0.0235 0.9688
vn -0.4010 -0.0767 0.9129
vn -0.3546 -0.1271 0.9263
vn -0.8994 -0.2654 0.3472
vn -0.4584 0.4292 -0.7782
vn 0.1979 -0.2787 -0.9398
vn -0.0364 -0.6614 0.7491
vn 0.3689 -0.6583 0.6561
vn -0.0672 -0.4213 0.9044
vn -0.0439 -0.1934 -0.9801
vn 0.1794 0.4145 0.8922
vn 0.1667 0.0389 0.9852
vn -0.0387 -0.0201 0.9990
vn -0.2102 -0.0772 0.9746
vn -0.1839 -0.1154 0.9761
vn -0.5577 -0.1379 0.8184
vn -0.6230 0.0538 0.7803
vn -0.7512 0.4729 -0.4605
vn 0.1028 -0.1845 -0.9774
vn 0.4739 -0.5589 0.6804
vn -0.8439 -0.3817 0.3771
vn 0.2492 0.4613 0.8515
vn 0.1438 0.2051 0.9681
vn -0.0029 -0.1021 0.9948
vn -0.1428 -0.1661 0.9757
vn -0.3109 -0.1620 0.9365
vn -0.5351 -0.1556 0.8303
vn -0.4943 0.1621 0.8540
vn -0.5276 -0.6832 -0.5048
vn 0.2740 0.2587 -0.9262
vn 0.3984 -0.6247 0.6716
vn -0.0081 -0.5526 0.8334
vn -0.9200 -0.3854 0.0704
vn 0.4654 0.6182 0.6334
vn 0.2821 0.1661 0.9449
vn 0.1543 -0.1061 0.9823
vn 0.0439 -0.1867 0.9814
vn 0.0871 -0.2502 0.9643
vn -0.0841 -0.2119 0.9737
vn -0.2834 -0.1755 0.9428
vn -0.4881 -0.1688 0.8563
vn 0.5726 -0.6650 0.4794
vn 0.1809 -0.4883 0.8537
vn 0.5320 0.6032 0.5941
vn 0.5067 0.4593 0.7295
vn 0.5112 0.3066 0.8029
vn 0.1202 0.0458 0.9917
vn 0.1459 -0.2406 0.9596
vn 0.1203 -0.2888 0.9498
vn 0.1111 -0.2836 0.9525
vn -0.2311 -0.2102 0.9499
vn -0.4414 -0.1980 0.8751
vn -0.5433 -0.0069 0.8395
vn 0.3525 -0.5138 0.7821
vn 0.7661 0.5863 0.2631
vn 0.8057 0.4516 0.3831
vn 0.5170 0.1820 0.8364
vn 0.2998 0.0061 0.9539
vn 0.0943 -0.0342 0.9949
vn 0.0707 -0.0839 0.9939
vn 0.0860 -0.2048 0.9750
vn -0.0294 -0.2547 0.9666
vn -0.0018 -0.2633 0.9647
vn -0.1787 -0.2344 0.9556
vn -0.3922 -0.2296 0.8907
vn 0.2018 -0.2781 0.9391
vn 0.7174 0.3733 0.5881
vn 0.8865 0.1783 0.4270
vn 0.8253 0.2873 0.4860
vn 0.3013 -0.0245 0.9532
vn 0.0517 -0.1245 0.9908
vn 0.0991 -0.3050 0.9472
vn 0.0773 -0.3033 0.9497
vn 0.0318 -0.2848 0.9580
vn -0.1407 -0.2601 0.9553
vn -0.5468 -0.1346 0.8263
vn 0.2887 -0.3819 0.8779
vn 0.7588 -0.0483 0.6494
vn 0.8298 -0.0853 0.5515
vn 0.6890 -0.2778 0.6693
vn 0.6049 -0.1010 0.7898
vn 0.5554 0.0293 0.8310
vn 0.3001 -0.0781 0.9507
vn 0.0741 -0.1159 0.9905
vn 0.0178 -0.1162 0.9930
vn -0.0099 -0.1580 0.9874
vn 0.0627 -0.3051 0.9502
vn 0.0641 -0.3247 0.9436
vn -0.1026 -0.2805 0.9543
vn -0.3367 -0.2622 0.9043
vn 0.3799 -0.4118 0.8283
vn 0.9258 0.1098 0.3616
vn 0.5174 0.0084 0.8557
vn 0.7033 -0.3317 0.6287
vn 0.6563 -0.2108 0.7244
vn 0.3855 -0.2113 0.8982
vn 0.3357 -0.1493 0.9301
vn 0.3123 -0.1153 0.9430
vn 0.0959 -0.1415 0.9853
vn 0.1179 -0.1617 0.9797
vn 0.0408 -0.2911 0.9558
vn 0.0786 -0.3627 0.9286
vn -0.0540 -0.3047 0.9509
vn -0.2857 -0.3089 0.9072
vn -0.4777 -0.2100 0.8530
vn 0.2108 -0.2300 0.9500
vn 0.3221 0.9301 0.1766
vn 0.7832 0.5412 0.3059
vn 0.6760 -0.1961 0.7103
vn 0.7787 -0.2752 0.5637
vn 0.5261 -0.4087 0.7458
vn 0.4550 -0.3013 0.8379
vn 0.2308 -0.3262 0.9167
vn 0.1444 -0.1986 0.9694
vn -0.0246 -0.1927 0.9809
vn 0.0127 -0.2755 0.9612
vn -0.0132 -0.2791 0.9602
vn 0.0792 -0.4105 0.9084
vn -0.0012 -0.3454 0.9384
vn -0.3958 -0.2971 0.8689
vn 0.7452 -0.4458 0.4958
vn 0.7731 0.5514 -0.3135
vn 0.6966 -0.3140 0.6450
vn 0.3762 -0.8171 0.4369
vn 0.7003 -0.3607 0.6160
vn 0.5768 -0.5060 0.6413
vn 0.2982 -0.3952 0.8688
vn 0.0417 -0.3049 0.9514
vn 0.1813 -0.2584 0.9489
vn -0.0184 -0.2244 0.9743
vn 0.0016 -0.2558 0.9667
vn -0.0449 -0.2896 0.9561
vn 0.0764 -0.4481 0.8907
vn -0.2433 -0.3510 0.9042
vn -0.2108 -0.3775 0.9017
vn 0.9874 0.0622 0.1455
vn 0.8798 0.4513 0.1489
vn 0.7403 0.5594 0.3727
vn -0.5448 -0.7744 -0.3215
vn 0.8100 -0.3035 0.5017
vn 0.5915 -0.5526 0.5870
vn 0.3847 -0.4825 0.7869
vn 0.1642 -0.4817 0.8608
vn 0.0932 -0.3748 0.9224
vn -0.0665 -0.3242 0.9436
vn 0.0661 -0.4758 0.8770
vn 0.0499 -0.3912 0.9189
vn 0.0924 -0.4237 0.9010
vn -0.3373 -0.3617 0.8691
vn 0.8744 0.4338 -0.2171
vn 0.7499 0.1436 0.6458
vn 0.2753 -0.4818 -0.8319
vn 0.6886 -0.3846 0.6147
vn 0.5907 -0.5346 0.6043
vn 0.4519 -0.5419 0.7086
vn 0.2335 -0.5738 0.7850
vn -0.0242 -0.5341 0.8450
vn -0.0587 -0.4232 0.9041
vn 0.0634 -0.5026 0.8621
vn 0.1288 -0.4468 0.8853
vn -0.1723 -0.4089 0.8962
vn -0.3051 -0.4045 0.8621
vn 0.6788 0.4091 0.6098
vn 0.6789 -0.5209 0.5174
vn 0.5132 -0.3776 -0.7707
vn 0.4877 -0.2141 -0.8463
vn 0.7017 -0.4342 0.5649
vn 0.6007 -0.5019 0.6223
vn 0.4926 -0.5384 0.6836
vn 0.2648 -0.5700 0.7778
vn 0.0129 -0.5723 0.8199
vn 0.0812 -0.5141 0.8538
vn 0.0728 -0.5203 0.8509
vn 0.1601 -0.4611 0.8728
vn -0.1391 -0.4329 0.8906
vn -0.2868 -0.4143 0.8638
vn 0.8149 0.1418 0.5619
vn 0.3465 -0.2685 0.8988
vn -0.6959 0.2636 -0.6680
vn 0.8567 -0.3340 0.3931
vn 0.7559 -0.4564 0.4694
vn 0.5483 -0.5159 0.6582
vn 0.5116 -0.4920 0.7044
vn 0.2760 -0.5060 0.8172
vn 0.0298 -0.5459 0.8372
vn 0.0862 -0.5001 0.8616
vn 0.1821 -0.4667 0.8654
vn -0.1058 -0.4517 0.8859
vn -0.2640 -0.4223 0.8671
vn 0.1419 -0.2789 0.9497
vn 0.2802 -0.4171 0.8646
vn -0.8157 0.2206 -0.5347
vn 0.7381 -0.5547 0.3840
vn 0.5926 -0.4749 0.6506
vn 0.5760 -0.5561 0.5991
vn 0.3313 -0.5269 0.7827
vn 0.0373 -0.5270 0.8490
vn 0.0802 -0.4831 0.8719
vn 0.1966 -0.4744 0.8581
vn -0.0708 -0.4710 0.8793
vn -0.2350 -0.4289 0.8722
vn 0.3440 -0.1287 0.9301
vn 0.3431 -0.5409 0.7679
vn -0.9009 0.1785 -0.3956
vn 0.8240 -0.4560 0.3361
vn 0.6200 -0.4999 0.6047
vn 0.5878 -0.5381 0.6041
vn 0.4117 -0.5611 0.7181
vn 0.1051 -0.5331 0.8395
vn 0.0533 -0.5287 0.8471
vn 0.0663 -0.4569 0.8870
vn 0.2066 -0.4838 0.8504
vn -0.0399 -0.4754 0.8788
vn -0.3531 -0.4453 0.8228
vn 0.3195 -0.5116 0.7975
vn -0.7108 0.4345 -0.5531
vn 0.3659 -0.6040 0.7080
vn 0.6673 -0.5182 0.5349
vn 0.5905 -0.4879 0.6428
vn 0.4546 -0.5192 0.7237
vn 0.1578 -0.5236 0.8372
vn 0.0500 -0.4532 0.8900
vn 0.0549 -0.4425 0.8950
vn 0.2104 -0.4937 0.8438
vn -0.0086 -0.4720 0.8815
vn -0.4185 -0.4660 0.7795
vn 0.3306 -0.5672 0.7543
vn -0.3617 0.3115 0.8787
vn 0.7908 -0.3632 0.4927
vn 0.7549 -0.5176 0.4027
vn 0.6285 -0.4734 0.6171
vn 0.4924 -0.4845 0.7230
vn 0.2046 -0.5235 0.8271
vn 0.0570 -0.4635 0.8842
vn 0.2177 -0.5322 0.8181
vn 0.2139 -0.5044 0.8365
vn 0.0280 -0.4766 0.8787
vn -0.3969 -0.4718 0.7873
vn 0.2829 -0.5114 0.8114
vn -0.5801 -0.3172 0.7502
vn 0.6908 -0.4945 0.5275
vn 0.6939 -0.4796 0.5371
vn 0.5206 -0.4737 0.7103
vn 0.2494 -0.5296 0.8107
vn 0.0604 -0.4877 0.8709
vn 0.2135 -0.5763 0.7888
vn 0.0921 -0.4858 0.8692
vn 0.0541 -0.4745 0.8785
vn -0.3703 -0.4867 0.7912
vn 0.2573 -0.4733 0.8424
vn -0.3248 -0.2000 0.9244
vn 0.7471 -0.4913 0.4477
vn 0.5550 -0.4920 0.6707
vn 0.2941 -0.5362 0.7912
vn 0.0549 -0.5118 0.8573
vn 0.2134 -0.6083 0.7644
vn 0.1416 -0.4955 0.8570
vn -0.3443 -0.5028 0.7928
vn 0.2276 -0.4373 0.8700
vn -0.8655 0.1791 0.4677
vn 0.1008 -0.5448 0.8324
vn 0.4115 -0.3822 0.8274
vn 0.6334 -0.5248 0.5686
vn 0.5922 -0.5118 0.6224
vn 0.3426 -0.5447 0.7654
vn 0.0523 -0.5460 0.8361
vn 0.2090 -0.6601 0.7215
vn 0.1935 -0.5134 0.8360
vn -0.3219 -0.5218 0.7899
vn 0.2006 -0.3791 0.9033
vn 0.1260 0.9660 0.2256
vn -0.1986 -0.5685 0.7983
vn 0.4945 -0.5946 0.6340
vn -0.6315 -0.3279 0.7026
vn -0.1601 0.4164 0.8950
vn 0.6816 -0.5405 0.4932
vn 0.3953 -0.5649 0.7243
vn 0.0471 -0.5975 0.8005
vn 0.1867 -0.7099 0.6791
vn 0.2694 -0.5896 0.7614
vn -0.2907 -0.5661 0.7714
vn 0.3028 -0.3213 0.8972
vn 0.8549 0.3601 0.3735
vn -0.5658 -0.6454 0.5132
vn -0.7299 0.0576 -0.6811
vn 0.6566 -0.5182 0.5480
vn 0.4452 -0.6003 0.6644
vn 0.0443 -0.6614 0.7487
vn 0.1400 -0.7888 0.5985
vn 0.3411 -0.7094 0.6168
vn -0.2380 -0.6494 0.7222
vn 0.0865 -0.2394 0.9670
vn 0.1475 0.8650 -0.4795
vn 0.5167 -0.3928 0.7607
vn -0.6283 -0.5380 0.5619
vn -0.7533 0.4549 0.4748
vn -0.2160 0.3523 0.9106
vn 0.4859 -0.6664 0.5655
vn 0.0490 -0.7514 0.6580
vn 0.0632 -0.9015 0.4282
vn 0.3722 -0.8313 0.4127
vn -0.1624 -0.7830 0.6004
vn 0.4098 -0.2560 0.8755
vn 0.7263 0.4841 -0.4878
vn 0.0655 0.1189 0.9907
vn 0.0380 0.5425 0.8392
vn -0.1239 -0.5040 -0.8547
vn -0.2149 0.6684 0.7120
vn 0.4990 -0.7517 0.4312
vn 0.0532 -0.8635 0.5015
vn 0.0798 -0.9211 0.3810
vn 0.3666 -0.8981 0.2429
vn 0.0724 -0.9160 0.3944
vn -0.5743 -0.6558 0.4899
vn 0.5907 0.0014 0.8068
vn 0.3784 -0.2452 0.8925
vn 0.0553 0.3625 -0.9303
vn 0.1031 0.5386 0.8362
vn -0.3191 0.3878 0.8647
vn -0.4910 0.5524 0.6736
vn -0.1197 0.7423 0.6592
vn -0.1891 0.2629 -0.9461
vn -0.4825 -0.2528 -0.8386
vn -0.1644 0.7643 0.6235
vn -0.2841 0.4655 0.8382
vn 0.7420 -0.5440 0.3918
vn 0.5065 -0.7837 0.3596
vn 0.0099 -0.9456 0.3252
vn 0.3902 -0.9074 0.1560
vn -0.5707 -0.7064 0.4187
vn -0.5880 -0.5498 0.5932
vn 0.3180 -0.2333 0.9189
vn -0.0808 -0.1093 0.9907
vn 0.3965 -0.1131 -0.9110
vn 0.1994 0.5898 -0.7825
vn -0.1216 0.5269 0.8412
vn -0.5999 -0.4960 -0.6277
vn -0.2342 0.5571 0.7967
vn -0.3633 0.5020 0.7848
vn -0.3727 0.6107 0.6986
vn 0.1510 -0.6237 -0.7669
vn 0.4812 -0.2902 -0.8271
vn -0.1728 0.6265 0.7600
vn -0.4028 0.6721 0.6213
vn -0.3726 0.6187 0.6916
vn -0.3419 0.0842 0.9359
vn 0.5032 -0.2664 0.8221
vn -0.6099 -0.4700 0.6380
vn 0.2684 -0.1862 0.9451
vn -0.1289 -0.1636 0.9780
vn 0.5485 -0.4266 -0.7190
vn 0.8286 0.4711 0.3024
vn 0.2224 0.3670 0.9032
vn -0.0620 0.5799 0.8123
vn 0.0139 0.0410 -0.9991
vn 0.2362 -0.6191 -0.7490
vn -0.3113 0.4584 0.8324
vn -0.5189 0.6264 0.5817
vn -0.3127 0.5160 0.7974
vn -0.3089 0.3185 0.8961
vn -0.3331 0.1025 0.9373
vn 0.3443 -0.7005 0.6251
vn -0.6428 -0.4022 0.6519
vn 0.6010 0.0178 0.7990
vn -0.2053 -0.1173 0.9716
vn -0.5656 0.0980 0.8188
vn 0.0058 0.2144 0.9767
vn 0.1418 0.3733 0.9168
vn 0.4074 -0.0138 0.9131
vn -0.5476 0.5546 0.6265
vn 0.2157 -0.5270 -0.8220
vn -0.1899 0.0535 0.9803
vn -0.0673 0.4558 0.8875
vn -0.1017 0.8000 0.5912
vn -0.3510 0.4075 0.8431
vn -0.2776 0.1827 0.9431
vn -0.3964 -0.1797 0.9003
vn 0.3286 -0.5972 0.7317
vn -0.6930 -0.3230 0.6444
vn 0.6832 0.0551 0.7280
vn 0.1058 -0.0503 0.9931
vn -0.4740 -0.2508 -0.8440
vn 0.2208 0.2232 0.9494
vn -0.1647 0.1791 0.9699
vn 0.0169 0.7250 0.6885
vn -0.0870 0.1521 0.9845
vn -0.3442 -0.0814 0.9354
vn -0.4096 -0.3534 0.8410
vn 0.4928 -0.5006 0.7117
vn -0.7255 -0.2669 0.6343
vn 0.9475 0.1448 0.2848
vn -0.6749 -0.2507 0.6940
vn -0.5873 -0.2014 -0.7839
vn 0.1197 0.1707 0.9780
vn 0.2146 0.2035 0.9552
vn 0.2424 0.4701 0.8487
vn 0.0038 0.4576 0.8891
vn -0.1825 -0.0466 0.9821
vn -0.3296 -0.2532 0.9095
vn -0.4170 -0.4531 0.7879
vn 0.9633 0.1204 0.2396
vn -0.0896 -0.0465 0.9949
vn -0.2564 0.1625 0.9528
vn -0.2783 0.0947 -0.9558
vn 0.2138 0.0880 0.9729
vn 0.3250 0.0512 0.9443
vn -0.0050 0.2941 0.9557
vn 0.1478 0.3811 0.9126
vn 0.1014 0.8142 0.5717
vn 0.2514 0.0462 0.9668
vn 0.0115 -0.0217 0.9997
vn -0.0957 -0.2409 0.9658
vn -0.2934 -0.4074 0.8648
vn 0.5157 0.7947 0.3200
vn 0.5797 0.5060 0.6386
vn -0.2786 0.5647 0.7769
vn -0.5658 -0.1288 -0.8144
vn -0.5725 -0.0190 -0.8197
vn 0.2881 -0.0253 0.9572
vn 0.3294 -0.1182 0.9367
vn 0.2753 0.4371 0.8562
vn 0.2160 0.6858 0.6950
vn 0.0976 -0.1766 0.9794
vn 0.1712 -0.3082 0.9358
vn -0.0308 -0.3857 0.9221
vn -0.4111 -0.5145 0.7525
vn 0.7159 0.5261 0.4589
vn 0.8982 0.2532 0.3592
vn -0.9242 -0.3326 0.1877
vn 0.3936 -0.0929 0.9146
vn 0.3851 -0.2416 0.8907
vn 0.1710 0.5407 0.8237
vn 0.4482 0.3089 0.8389
vn 0.4107 -0.3205 0.8536
vn 0.2211 -0.4057 0.8868
vn -0.2645 -0.5009 0.8241
vn -0.4002 -0.5575 0.7273
vn 0.0515 0.3414 0.9385
vn -0.9369 -0.3484 0.0290
vn 0.3584 -0.1552 0.9205
vn 0.4268 -0.1840 0.8854
vn 0.2913 0.5231 0.8009
vn 0.4450 -0.2430 0.8619
vn 0.4164 -0.3679 0.8314
vn 0.0119 -0.4677 0.8838
vn -0.2475 -0.5436 0.8020
vn -0.3928 -0.5858 0.7089
vn 0.2282 0.0939 0.9691
vn -0.9280 -0.3631 -0.0831
vn 0.4121 -0.2454 0.8775
vn -0.1576 0.8125 0.5612
vn 0.4483 -0.2927 0.8446
vn 0.4608 -0.2951 0.8370
vn 0.2479 -0.4530 0.8563
vn 0.0362 -0.4978 0.8665
vn -0.2334 -0.5808 0.7798
vn -0.3803 -0.6230 0.6835
vn 0.2436 0.4352 0.8668
vn 0.6707 0.2414 -0.7013
vn -0.2459 0.8354 0.4914
vn 0.4774 -0.3059 0.8237
vn 0.4138 -0.3841 0.8253
vn 0.2579 -0.4569 0.8513
vn 0.0472 -0.5169 0.8547
vn -0.2262 -0.6133 0.7567
vn -0.3759 -0.6515 0.6589
vn 0.3442 -0.0491 0.9376
vn 0.4098 -0.4365 0.8010
vn -0.9154 0.3087 -0.2583
vn -0.2467 0.8603 0.4460
vn -0.3211 0.8281 0.4594
vn 0.4734 -0.3376 0.8136
vn 0.4121 -0.3797 0.8282
vn 0.2604 -0.4527 0.8527
vn 0.0532 -0.5469 0.8355
vn -0.2242 -0.6322 0.7416
vn -0.2209 -0.6519 0.7254
vn 0.1929 0.3860 0.9021
vn 0.6919 -0.1305 0.7101
vn 0.8147 -0.2915 0.5012
vn -0.4080 0.3248 -0.8532
vn -0.2936 0.8214 0.4888
vn -0.3878 0.7533 0.5311
vn -0.9233 0.1720 -0.3432
vn 0.4812 -0.3651 0.7969
vn 0.4151 -0.3721 0.8301
vn 0.2621 -0.4774 0.8387
vn 0.0607 -0.5777 0.8139
vn 0.0695 -0.5959 0.8000
vn -0.3777 -0.6700 0.6390
vn 0.5437 -0.4763 0.6910
vn 0.1666 -0.7742 0.6106
vn 0.9529 0.3030 -0.0146
vn -0.0837 0.7923 0.6044
vn -0.4379 0.7513 0.4936
vn 0.4553 -0.3520 0.8178
vn 0.5067 -0.3770 0.7753
vn 0.4260 -0.3949 0.8139
vn 0.2660 -0.5210 0.8111
vn 0.2701 -0.5492 0.7909
vn 0.0768 -0.6049 0.7926
vn -0.2211 -0.6665 0.7119
vn 0.3166 0.3726 0.8723
vn 0.3803 0.1433 0.9137
vn -0.8834 -0.0494 -0.4659
vn 0.6620 0.3935 -0.6379
vn -0.2165 0.7312 0.6469
vn -0.2185 0.7953 0.5654
vn 0.5162 -0.4010 0.7568
vn 0.4367 -0.4286 0.7909
vn 0.4446 -0.4546 0.7718
vn 0.2737 -0.5619 0.7806
vn 0.0823 -0.6112 0.7872
vn -0.3770 -0.6997 0.6068
vn 0.1930 0.6229 0.7581
vn 0.2893 0.7506 0.5940
vn 0.1225 -0.7164 0.6868
vn -0.3774 0.4819 -0.7908
vn -0.6803 0.2841 -0.6756
vn 0.5527 0.2772 0.7859
vn -0.4425 0.6298 0.6384
vn 0.5190 -0.4286 0.7396
vn 0.5260 -0.4410 0.7272
vn 0.4496 -0.4672 0.7613
vn 0.2758 -0.5572 0.7832
vn -0.2276 -0.6789 0.6980
vn -0.3859 -0.7205 0.5761
vn 0.1769 0.4606 0.8698
vn 0.0603 0.7371 0.6731
vn 0.5972 -0.2658 0.7567
vn 0.2703 -0.6703 0.6910
vn -0.7202 -0.5114 0.4688
vn -0.9194 -0.0770 -0.3857
vn 0.4770 0.3765 0.7941
vn -0.2879 0.7028 0.6504
vn 0.1093 -0.0660 0.9918
vn -0.4293 -0.7284 0.5340
vn 0.5360 -0.4434 0.7183
vn 0.4600 -0.4660 0.7558
vn 0.0856 -0.6177 0.7817
vn -0.2394 -0.6837 0.6894
vn -0.4048 -0.7103 0.5759
vn 0.8755 0.4459 0.1861
vn 0.1470 0.4806 0.8645
vn 0.0703 0.7784 0.6238
vn 0.5401 0.1393 0.8300
vn 0.7263 0.2413 0.6436
vn -0.5070 -0.8619 -0.0061
vn -0.1708 0.2215 0.9601
vn 0.4619 -0.5028 0.7306
vn 0.4180 -0.5246 0.7416
vn 0.5458 -0.4390 0.7137
vn 0.2668 -0.5337 0.8025
vn 0.0785 -0.6167 0.7832
vn -0.2508 -0.6827 0.6863
vn -0.4183 -0.7103 0.5661
vn 0.9068 -0.3977 0.1394
vn -0.0915 0.6669 0.7395
vn -0.0280 0.8109 0.5844
vn -0.3401 0.5066 0.7923
vn 0.0465 0.3164 0.9474
vn -0.6768 0.2434 -0.6947
vn -0.0781 0.0836 0.9934
vn -0.1912 -0.1827 0.9644
vn 0.3871 -0.5795 0.7171
vn 0.4791 -0.4640 0.7450
vn 0.2602 -0.5116 0.8188
vn 0.0594 -0.6000 0.7978
vn -0.2665 -0.6815 0.6816
vn -0.4339 -0.7088 0.5561
vn -0.0186 0.7328 0.6802
vn -0.1793 0.6722 0.7183
vn 0.1265 0.7711 0.6239
vn 0.3687 0.5041 0.7810
vn 0.8671 0.4479 0.2179
vn -0.2815 -0.7990 0.5313
vn -0.1796 -0.3009 -0.9366
vn -0.3775 -0.0715 0.9232
vn -0.3871 -0.2662 0.8827
vn 0.5506 -0.4191 0.7219
vn 0.4999 -0.4657 0.7302
vn 0.2665 -0.4951 0.8269
vn 0.0360 -0.5763 0.8164
vn -0.2920 -0.6715 0.6810
vn -0.4562 -0.6895 0.5626
vn -0.1001 0.4221 0.9010
vn 0.2258 0.5599 0.7972
vn 0.6400 0.4896 0.5921
vn 0.7386 0.5630 0.3708
vn 0.7599 0.5275 0.3798
vn -0.4977 0.1881 0.8467
vn -0.0887 -0.7904 0.6061
vn -0.0058 -0.4981 -0.8671
vn -0.7565 0.4461 0.4782
vn -0.6068 -0.6187 0.4990
vn 0.3603 -0.5610 0.7453
vn 0.5483 -0.4001 0.7343
vn 0.2856 -0.4757 0.8319
vn 0.0175 -0.5687 0.8223
vn -0.3176 -0.6532 0.6874
vn -0.4735 -0.6863 0.5521
vn -0.0493 0.2393 0.9697
vn 0.3302 0.4284 0.8411
vn 0.7208 0.3883 0.5741
vn 0.8268 0.3934 0.4021
vn -0.9627 -0.1716 -0.2091
vn -0.6788 0.2557 0.6883
vn -0.8849 -0.3139 0.3441
vn -0.9326 -0.3574 0.0508
vn -0.6342 -0.2288 0.7385
vn -0.4392 -0.4796 0.7597
vn 0.3363 -0.5816 0.7407
vn 0.5171 -0.4642 0.7191
vn 0.3058 -0.4504 0.8388
vn 0.0069 -0.5842 0.8116
vn -0.3347 -0.6470 0.6850
vn -0.5008 -0.6735 0.5436
vn -0.0873 0.5300 0.8435
vn 0.0638 0.2433 0.9678
vn 0.4111 0.2557 0.8750
vn 0.5450 0.3349 0.7686
vn 0.3468 -0.5742 0.7416
vn -0.9369 -0.3442 0.0608
vn -0.8709 -0.4725 0.1349
vn -0.5371 -0.6467 0.5416
vn -0.1359 -0.2705 0.9531
vn -0.3501 -0.5755 0.7391
vn -0.3648 -0.6452 0.6713
vn 0.5463 -0.3878 0.7424
vn 0.5273 -0.4479 0.7220
vn 0.3265 -0.4405 0.8363
vn -0.0026 -0.6037 0.7972
vn -0.3413 -0.6497 0.6792
vn -0.3432 -0.6684 0.6598
vn 0.1472 0.0112 0.9890
vn 0.2069 -0.1413 0.9681
vn 0.7606 0.2908 0.5804
vn -0.4333 0.5331 0.7266
vn 0.0225 -0.2554 0.9666
vn 0.2775 -0.3993 0.8738
vn -0.0971 -0.9145 0.3928
vn -0.1828 -0.9096 0.3729
vn 0.2494 -0.1979 0.9479
vn 0.3618 -0.6146 0.7010
vn 0.5367 -0.3744 0.7561
vn 0.5329 -0.4303 0.7286
vn 0.3471 -0.4584 0.8182
vn -0.0094 -0.6150 0.7884
vn -0.0111 -0.6355 0.7720
vn -0.5195 -0.6783 0.5196
vn 0.0457 0.0337 0.9984
vn 0.4586 0.0924 0.8838
vn 0.4865 -0.0535 0.8720
vn -0.2068 -0.0430 0.9774
vn 0.0536 0.1510 0.9871
vn -0.0291 0.3300 0.9435
vn 0.3715 -0.1182 0.9209
vn 0.2158 -0.7006 0.6801
vn 0.0439 -0.9909 0.1273
vn -0.7400 -0.4949 0.4554
vn -0.3886 -0.6773 0.6247
vn 0.5647 -0.5474 0.6177
vn 0.5512 -0.3729 0.7464
vn 0.5365 -0.4316 0.7251
vn 0.3684 -0.4875 0.7916
vn 0.3928 -0.5188 0.7593
vn -0.3508 -0.6924 0.6305
vn -0.5265 -0.7095 0.4684
vn 0.1099 -0.2096 0.9716
vn 0.2536 -0.2878 0.9235
vn 0.2558 -0.3781 0.8897
vn 0.7853 0.1894 0.5893
vn -0.0964 -0.0967 0.9906
vn -0.5053 -0.1092 0.8560
vn -0.5383 0.0632 0.8404
vn 0.0593 0.1804 0.9818
vn 0.1861 0.0991 0.9775
vn 0.1442 -0.0894 0.9855
vn 0.1213 -0.9919 0.0360
vn 0.5524 -0.3676 0.7481
vn 0.5432 -0.4616 0.7013
vn 0.5543 -0.5116 0.6565
vn 0.0026 -0.6878 0.7259
vn -0.3515 -0.7328 0.5826
vn -0.5343 -0.7343 0.4186
vn 0.1341 -0.3668 0.9206
vn 0.1223 -0.4373 0.8909
vn 0.4974 -0.1542 0.8537
vn 0.7931 0.1240 0.5962
vn -0.2477 -0.1058 0.9630
vn 0.1539 0.0183 0.9879
vn 0.0374 0.1224 0.9918
vn 0.0907 0.4405 0.8931
vn 0.2252 -0.2794 0.9334
vn 0.0776 -0.1727 0.9819
vn 0.5997 -0.3929 0.6971
vn 0.6393 -0.4068 0.6525
vn 0.4279 -0.5788 0.6941
vn 0.0308 -0.7558 0.6541
vn -0.3416 -0.8028 0.4886
vn -0.2758 -0.8540 0.4412
vn 0.0718 -0.4507 0.8897
vn 0.2551 -0.4510 0.8553
vn 0.4957 -0.2382 0.8352
vn 0.7930 0.0677 0.6055
vn -0.0378 -0.1512 0.9878
vn 0.1497 -0.0410 0.9879
vn 0.0296 0.0597 0.9978
vn -0.0945 0.0615 0.9936
vn 0.0357 0.1383 0.9897
vn -0.0461 -0.0569 0.9973
vn 0.0678 -0.2508 0.9656
vn 0.8337 -0.3462 0.4302
vn 0.8707 -0.2765 0.4066
vn 0.5513 -0.5856 0.5942
vn 0.4571 -0.6488 0.6083
vn 0.0600 -0.8241 0.5633
vn 0.0555 -0.8578 0.5109
vn 0.1531 -0.4811 0.8632
vn 0.2585 -0.5034 0.8245
vn 0.4760 -0.3047 0.8249
vn 0.7848 0.0142 0.6196
vn 0.3954 0.0725 0.9156
vn 0.1374 -0.0841 0.9869
vn 0.1058 -0.0974 0.9896
vn 0.0207 0.4348 0.9003
vn 0.0512 0.3667 0.9289
vn 0.1170 -0.1543 0.9810
vn -0.2152 -0.3895 0.8955
vn 0.6580 -0.4091 0.6321
vn 0.6566 -0.4608 0.5970
vn 0.4639 -0.6934 0.5512
vn 0.1791 -0.4952 0.8501
vn 0.2599 -0.5293 0.8076
vn 0.4532 -0.3639 0.8137
vn 0.7754 -0.0692 0.6276
vn -0.0184 -0.1397 0.9900
vn 0.0041 -0.1317 0.9913
vn -0.1783 0.0314 0.9835
vn 0.0824 0.3123 0.9464
vn -0.0689 0.2663 0.9614
vn -0.6328 -0.2062 0.7463
vn 0.4555 -0.0721 0.8873
vn -0.5774 -0.5701 0.5843
vn 0.8798 -0.2293 0.4164
vn 0.5387 -0.6631 0.5196
vn 0.1038 -0.4848 0.8684
vn 0.2021 -0.4959 0.8445
vn 0.4339 -0.4160 0.7992
vn 0.7804 -0.1338 0.6108
vn 0.3314 0.1065 0.9374
vn 0.2591 0.0955 0.9611
vn 0.0779 -0.1162 0.9901
vn -0.2091 -0.0200 0.9777
vn -0.2402 -0.0625 0.9687
vn 0.1947 0.1049 0.9752
vn 0.1150 -0.1755 0.9777
vn 0.4210 0.0554 0.9054
vn -0.2772 -0.6785 0.6802
vn 0.1281 -0.5597 0.8187
vn 0.2677 -0.5464 0.7936
vn 0.4186 -0.4598 0.7832
vn 0.7667 -0.1790 0.6166
vn 0.7280 -0.2266 0.6470
vn 0.6753 -0.2779 0.6831
vn 0.0326 -0.1414 0.9894
vn 0.0595 -0.1514 0.9867
vn 0.0138 -0.1599 0.9870
vn -0.0957 0.2368 0.9668
vn 0.3435 0.1161 0.9319
vn 0.0362 -0.1330 0.9904
vn 0.3727 0.1251 0.9195
vn 0.2216 -0.5239 0.8224
vn 0.2795 -0.5857 0.7608
vn 0.4016 -0.5013 0.7664
vn 0.3782 -0.5277 0.7606
vn 0.3486 -0.5226 0.7780
vn 0.2028 0.0936 0.9747
vn 0.0564 -0.1763 0.9827
vn 0.0862 -0.1253 0.9883
vn -0.2806 -0.0726 0.9571
vn -0.0720 0.1891 0.9793
vn 0.3499 0.1772 0.9199
vn 0.0166 -0.1188 0.9928
vn 0.3754 0.0543 0.9252
vn 0.1326 -0.6129 0.7789
vn 0.2434 -0.5715 0.7837
vn 0.2835 -0.6099 0.7400
vn 0.2785 -0.5808 0.7649
vn 0.2699 -0.5291 0.8045
vn 0.6051 -0.3444 0.7177
vn 0.1072 0.0972 0.9894
vn 0.0819 -0.0367 0.9959
vn -0.0115 -0.1611 0.9868
vn -0.3007 -0.0838 0.9500
vn 0.0439 -0.0004 0.9990
vn -0.0722 -0.0580 0.9957
vn 0.3721 0.0571 0.9264
vn 0.0093 -0.1110 0.9938
vn 0.3736 0.0312 0.9271
vn 0.1297 -0.6567 0.7429
vn 0.2460 -0.5771 0.7787
vn 0.2288 -0.5737 0.7864
vn 0.1962 -0.5681 0.7992
vn 0.3392 -0.5234 0.7816
vn 0.4898 -0.4406 0.7523
vn 0.1054 -0.1361 0.9850
vn 0.1117 -0.1151 0.9870
vn -0.0490 -0.1300 0.9903
vn -0.3518 -0.0232 0.9358
vn -0.4115 0.0357 0.9107
vn 0.3675 0.0448 0.9289
vn 0.1044 -0.6945 0.7118
vn 0.0194 -0.7130 0.7009
vn 0.1601 -0.5842 0.7956
vn 0.2707 -0.4878 0.8299
vn 0.3528 -0.5393 0.7646
vn 0.4370 -0.5521 0.7100
vn 0.0100 -0.2013 0.9795
vn 0.1131 -0.1307 0.9849
vn -0.1300 -0.0839 0.9879
vn -0.2486 -0.0082 0.9686
vn -0.4617 0.0835 0.8831
vn -0.0679 -0.7300 0.6800
vn 0.2917 -0.4842 0.8249
vn 0.3951 -0.5893 0.7047
vn 0.2876 -0.5196 0.8046
vn -0.1068 -0.1853 0.9768
vn 0.1137 -0.1470 0.9825
vn 0.0917 -0.1410 0.9857
vn 0.0471 -0.1293 0.9905
vn -0.3488 0.0385 0.9364
vn -0.5121 0.1228 0.8501
vn 0.1132 -0.6229 0.7741
vn 0.3461 -0.6485 0.6780
vn 0.3124 -0.6631 0.6802
vn -0.1052 -0.1661 0.9805
vn -0.0993 -0.1458 0.9843
vn -0.0174 -0.0980 0.9950
vn -0.4259 0.0587 0.9028
vn -0.5240 0.0709 0.8487
vn -0.1205 -0.7454 0.6557
vn 0.1540 -0.7344 0.6610
vn 0.2694 -0.5145 0.8141
vn -0.1063 -0.0990 0.9894
vn -0.0855 -0.0492 0.9951
vn -0.4646 0.0496 0.8841
vn -0.4858 -0.0128 0.8740
vn 0.1830 -0.8214 0.5401
vn 0.4201 -0.3746 0.8265
vn -0.5499 -0.1757 0.8165
vn 0.0116 -0.0141 0.9998
vn -0.1526 -0.0078 0.9883
vn -0.5265 0.0501 0.8487
vn -0.6840 -0.2308 0.6920
vn -0.0214 -0.8034 0.5950
vn 0.0091 -0.6171 0.7868
vn 0.8660 -0.1351 0.4814
vn 0.0920 0.0028 0.9957
vn -0.2474 0.0625 0.9669
vn -0.3109 -0.3214 0.8944
vn -0.0042 0.3265 0.9452
vn -0.5495 0.0023 0.8354
vn 0.0632 0.0005 0.9980
vn -0.0224 0.0022 0.9997
vn -0.0781 0.0344 0.9963
vn -0.2679 0.8970 0.3516
vn -0.2349 0.0468 0.9709
vn 0.4538 0.5365 0.7115
vn 0.1805 0.4217 0.8886
vn 0.1622 0.3719 0.9140
vn -0.3306 0.0265 0.9434
vn 0.5287 0.4002 0.7485
vn 0.2294 0.3310 0.9153
vn 0.5175 0.3676 0.7727
vn 0.1882 0.6943 0.6946
vn 0.2926 0.4680 0.8339
vn 0.6049 0.1827 0.7750
vn 0.8216 0.4935 0.2852
vn 0.2835 0.5156 0.8085
vn 0.6757 0.2193 0.7038
vn 0.9264 0.3514 0.1354
vn 0.3141 0.0557 0.9478
vn 0.5571 -0.2562 -0.7899
vn 0.2167 -0.1206 0.9687
vn 0.2699 0.1223 0.9551
vn 0.8140 0.2023 -0.5445
vn -0.7140 0.0223 0.6998
vn 0.7764 0.3388 0.5314
vn 0.3351 0.1511 -0.9300
vn 0.0258 -0.2237 -0.9743
vn -0.2258 -0.0369 0.9734
vn -0.2771 0.5000 -0.8204
vn 0.1541 -0.1332 -0.9790
vn 0.3527 0.0868 -0.9317
vn 0.8793 0.4715 0.0664
vn 0.4926 -0.2770 0.8249
vn -0.4921 -0.3465 -0.7986
vn 0.2210 -0.0340 -0.9747
vn -0.4840 -0.1352 0.8646
vn 0.7586 0.0078 0.6515
vn 0.4610 0.3572 0.8123
vn 0.1939 0.1510 -0.9693
vn 0.2277 -0.0559 -0.9721
vn 0.0676 0.0734 -0.9950
vn -0.9769 0.1416 -0.1597
vn 0.7283 0.0533 0.6831
vn -0.3021 0.0099 0.9532
vn 0.7042 0.2807 0.6521
vn 0.3015 0.1801 0.9363
vn 0.8418 0.2490 0.4789
vn 0.1804 0.2140 0.9600
vn -0.7668 0.0124 0.6417
vn 0.0699 0.1353 0.9883
vn 0.3731 0.5164 0.7708
vn 0.0664 0.2054 0.9764
vn -0.3200 0.0945 0.9427
vn 0.0587 0.1335 0.9893
vn 0.5863 0.3110 0.7479
vn -0.0262 -0.0449 -0.9986
vn -0.0397 0.3194 0.9468
vn -0.5127 0.5568 0.6534
vn 0.0212 0.5199 0.8540
vn -0.1476 0.6608 0.7359
vn -0.0490 -0.0257 -0.9984
vn 0.0269 0.0175 -0.9995
vn -0.1225 0.3905 0.9124
vn 0.0889 0.9908 0.1019
vn 0.0521 0.1028 0.9933
vn 0.2134 0.6060 0.7662
vn -0.1039 0.5478 0.8301
vn -0.1308 0.6868 0.7149
vn 0.1376 0.0199 -0.9903
vn 0.2313 0.5934 0.7710
vn -0.1306 0.6107 0.7810
vn -0.0732 0.5877 0.8057
vn -0.0870 0.5336 0.8412
vn 0.1784 0.8545 0.4878
vn 0.2832 0.4956 0.8211
vn -0.1266 0.6179 0.7760
vn -0.0933 0.5623 0.8216
vn -0.0555 0.4978 0.8655
vn -0.0829 0.6620 0.7448
vn -0.0701 0.5958 0.8000
vn -0.1360 0.6339 0.7613
vn 0.2284 -0.0687 -0.9711
vn 0.3452 0.4103 0.8441
vn -0.0759 0.5609 0.8243
vn -0.1198 0.5710 0.8121
vn -0.0945 0.5367 0.8385
vn -0.0249 0.4681 0.8833
vn -0.0508 0.5397 0.8403
vn -0.0623 0.6072 0.7921
vn -0.0162 0.5686 0.8224
vn -0.0345 0.5104 0.8592
vn 0.4234 0.3061 0.8527
vn -0.0136 0.5159 0.8565
vn -0.1174 0.5779 0.8076
vn -0.1107 0.5465 0.8301
vn -0.0736 0.5337 0.8425
vn -0.0242 0.4984 0.8666
vn -0.0611 0.5824 0.8106
vn -0.0082 0.5425 0.8400
vn -0.0329 0.5243 0.8509
vn 0.3606 0.1990 0.9112
vn 0.0691 0.3963 0.9155
vn -0.0836 0.5876 0.8048
vn -0.1160 0.5288 0.8408
vn -0.0610 0.4534 0.8892
vn -0.0404 0.5809 0.8130
vn 0.1630 0.2823 0.9454
vn -0.0002 0.5434 0.8394
vn -0.0308 0.3339 0.9421
vn -0.0424 0.5900 0.8062
vn 0.2173 0.1642 0.9622
vn 0.2932 0.0490 0.9548
vn 0.3178 0.0658 0.9459
vn 0.3436 -0.0660 0.9368
vn 0.4164 -0.1752 0.8921
vn 0.3525 -0.0267 0.9354
vn 0.2576 -0.0464 0.9651
vn 0.1836 0.1716 0.9679
vn 0.2234 0.5621 0.7963
vn 0.8536 0.5191 0.0435
vn -0.1470 -0.3724 -0.9163
vn -0.2736 0.2877 0.9178
vn -0.2893 0.3217 0.9015
vn -0.3475 0.4519 0.8216
vn -0.1938 0.1225 0.9734
vn 0.0043 0.9320 -0.3623
vn 0.0385 0.8980 -0.4382
vn 0.0392 0.9284 -0.3694
vn 0.1069 0.8761 -0.4701
vn 0.0096 0.8781 -0.4783
vn 0.0868 0.9346 -0.3449
vn 0.1926 0.8731 -0.4478
vn 0.1285 0.9439 -0.3042
vn 0.2641 0.8497 -0.4563
vn 0.7408 0.6298 0.2333
vn -0.1898 0.4587 0.8680
vn 0.2711 0.3254 0.9059
vn 0.7742 0.5430 0.3251
vn 0.4522 0.0955 0.8867
vn -0.3035 -0.1447 0.9417
vn 0.0446 -0.0777 0.9960
vn -0.3148 -0.2318 0.9204
vn -0.2051 0.3296 0.9216
vn -0.3064 -0.0226 0.9516
vn -0.8431 -0.5050 -0.1848
vn -0.3582 0.0947 0.9288
vn -0.4394 0.1553 0.8847
vn -0.4607 0.1682 0.8715
vn 0.5656 -0.2146 0.7962
vn 0.6384 -0.1382 0.7572
vn 0.5880 -0.3412 0.7334
vn 0.6092 -0.3840 0.6938
vn 0.5347 -0.1122 0.8375
vn 0.5965 -0.3996 0.6961
vn 0.6604 0.0022 0.7509
vn 0.6481 -0.4825 0.5892
vn 0.9192 0.3475 0.1849
vn 0.5040 -0.0734 0.8605
vn 0.4768 -0.0363 0.8782
vn 0.6296 -0.1383 0.7645
vn 0.6891 -0.1833 0.7011
vn 0.9325 0.3565 -0.0575
vn 0.9371 0.3404 -0.0769
vn 0.9177 0.2992 -0.2613
vn 0.6473 -0.3123 0.6952
vn 0.7985 0.3616 -0.4813
vn 0.5665 0.1137 -0.8162
vn 0.9053 0.0598 0.4204
vn -0.0905 -0.1060 -0.9902
vn 0.5185 -0.3728 0.7695
vn 0.3487 0.1638 0.9228
vn -0.4106 -0.4093 0.8148
vn 0.5781 0.4107 0.7050
vn -0.3959 -0.6087 0.6875
vn 0.0839 0.6032 0.7931
vn -0.3914 -0.7399 -0.5471
vn -0.4624 -0.4535 -0.7619
vn -0.1643 -0.7706 -0.6157
vn -0.2573 -0.6202 -0.7411
vn -0.3075 -0.6388 -0.7052
vn -0.2611 -0.6229 -0.7374
vn -0.3702 -0.5049 -0.7797
vn 0.5539 0.6793 0.4812
vn 0.3952 0.5845 -0.7086
vn -0.1908 0.0357 0.9810
vn -0.1658 0.0715 0.9836
vn -0.3481 -0.0030 0.9374
vn -0.1582 0.0444 0.9864
vn -0.1368 0.1760 0.9748
vn -0.3887 -0.0456 0.9202
vn -0.3234 0.5763 0.7505
vn -0.1547 -0.0547 0.9864
vn -0.1541 0.0023 0.9880
vn -0.1410 0.0496 0.9887
vn -0.3468 0.4809 0.8052
vn -0.1205 0.6008 0.7902
vn -0.1116 -0.0419 0.9929
vn -0.3565 -0.0576 0.9325
vn 0.1079 -0.4112 0.9051
vn 0.2053 0.4467 0.8708
vn 0.0964 0.4884 0.8672
vn 0.0423 0.4578 0.8880
vn -0.1197 0.4761 0.8712
vn -0.0790 0.2686 0.9600
vn -0.1568 -0.0814 0.9843
vn -0.2923 -0.1201 0.9487
vn 0.2994 0.2048 0.9319
vn 0.1845 0.4502 0.8736
vn -0.1570 0.4409 0.8837
vn 0.0262 0.4063 0.9134
vn -0.0098 0.3939 0.9191
vn -0.1212 0.4592 0.8800
vn 0.0255 0.3789 0.9250
vn -0.0957 0.0866 0.9916
vn -0.1545 -0.1533 0.9760
vn 0.2098 -0.5465 0.8107
vn -0.1548 0.3132 0.9370
vn -0.1405 0.1984 0.9700
vn -0.0486 0.3824 0.9227
vn 0.0927 0.2973 0.9503
vn 0.0294 -0.1513 0.9880
vn -0.3669 -0.0262 0.9299
vn -0.6100 0.2149 0.7627
vn 0.0124 0.2745 0.9615
vn 0.1047 0.3343 0.9366
vn 0.0794 0.3330 0.9395
vn 0.4738 0.2479 0.8450
vn 0.2605 0.4628 0.8473
vn -0.3853 -0.1045 0.9168
vn -0.8903 0.0196 0.4549
vn 0.0638 0.2707 0.9605
vn 0.3703 0.3559 0.8580
vn -0.4151 -0.0644 0.9074
vn -0.7150 0.2135 0.6657
vn -0.9145 -0.3910 -0.1043
vn 0.1131 -0.0793 0.9904
vn 0.2969 -0.1858 0.9366
vn -0.4128 -0.0945 0.9059
vn 0.6069 0.0510 0.7931
vn -0.2017 -0.0355 0.9788
vn -0.3771 -0.1489 0.9141
vn -0.2426 0.0456 0.9690
vn -0.3735 -0.0955 0.9227
vn -0.2626 0.1098 0.9586
vn -0.2545 0.1234 0.9591
vn -0.3489 0.2000 0.9155
vn -0.3866 0.4169 0.8226
vn -0.4203 0.1880 0.8877
vn -0.4153 0.5189 0.7472
vn -0.3546 0.0009 0.9350
vn -0.4110 0.6137 0.6741
vn -0.4272 -0.4962 0.7558
vn -0.4207 0.6406 0.6424
vn -0.4269 -0.6934 0.5804
vn -0.4091 0.7145 0.5676
vn -0.4664 0.6742 0.5726
vn -0.3778 0.7904 0.4822
vn -0.6335 0.5332 0.5606
vn -0.9131 -0.1505 0.3788
vn -0.9395 -0.2847 0.1905
vn -0.9156 -0.4010 -0.0281
vn -0.9181 -0.3932 -0.0495
vn 0.4320 0.1583 0.8879
vn 0.4504 0.2402 0.8599
vn 0.3558 0.0133 0.9344
vn 0.4985 -0.1665 0.8507
vn 0.4592 0.2001 0.8654
vn 0.1459 0.0009 0.9893
vn 0.8607 0.3183 0.3973
vn 0.2036 -0.3686 0.9070
vn 0.4866 0.0859 0.8694
vn 0.1993 0.0933 0.9755
vn 0.4012 0.1665 0.9007
vn 0.8447 0.3353 0.4171
vn 0.4703 -0.0198 0.8823
vn -0.2544 -0.4126 0.8746
vn 0.4452 0.2310 0.8651
vn 0.4577 0.0470 0.8878
vn 0.9134 0.4054 -0.0347
vn 0.0603 0.1376 0.9886
vn 0.1046 0.1012 0.9893
vn 0.8393 0.2980 0.4548
vn 0.2283 0.1330 0.9644
vn 0.1939 -0.5924 0.7819
vn 0.2544 0.0789 0.9638
vn 0.2420 -0.1064 0.9644
vn 0.4580 0.1862 0.8692
vn -0.4050 -0.5003 0.7653
vn 0.9193 0.3831 0.0893
vn 0.2297 -0.0922 0.9689
vn 0.2667 -0.1112 0.9573
vn -0.5986 -0.4251 0.6789
vn 0.3431 -0.1370 0.9293
vn 0.1726 -0.0542 0.9835
vn -0.6639 -0.3877 0.6395
vn -0.6296 -0.2422 0.7382
vn -0.4672 -0.4062 0.7853
vn -0.0438 -0.4470 0.8934
vn -0.4826 0.5131 0.7098
vn 0.1501 -0.2295 0.9616
vn -0.9322 -0.2662 0.2452
vn -0.4399 0.6130 0.6563
vn -0.1942 0.4249 0.8842
vn -0.2034 0.4179 0.8854
vn -0.2230 0.4227 0.8784
vn -0.1773 0.3181 0.9313
vn -0.1447 0.2235 0.9639
vn -0.2450 0.0996 0.9644
vn -0.4365 -0.4767 0.7630
vn -0.3400 0.3952 0.8533
vn -0.1765 0.3036 0.9363
vn -0.3412 0.3687 0.8646
vn -0.2499 0.6211 0.7428
vn -0.0668 0.5467 0.8347
vn -0.2895 0.5721 0.7674
vn -0.2529 0.6653 0.7024
vn -0.2228 0.5686 0.7919
vn -0.1840 0.4666 0.8651
vn -0.1858 0.4348 0.8811
vn -0.3269 0.5781 0.7476
vn -0.2645 0.6307 0.7296
vn -0.1636 0.4969 0.8522
vn -0.0513 0.5385 0.8411
vn -0.0716 0.5773 0.8133
vn -0.4723 -0.2746 0.8375
vn -0.1658 0.7570 0.6320
vn -0.0938 0.6291 0.7716
vn -0.1229 0.6507 0.7493
vn -0.3867 0.1096 0.9156
vn -0.1147 0.7030 0.7018
vn -0.2797 0.5254 0.8036
vn -0.5261 -0.5676 0.6333
vn -0.1201 0.6893 0.7144
vn -0.1611 0.7296 0.6646
vn -0.4812 0.0009 0.8766
vn -0.5739 -0.6581 0.4874
vn -0.5000 0.3279 0.8015
vn -0.6823 -0.4228 0.5964
vn -0.6692 -0.4650 0.5796
vn -0.6965 -0.4151 0.5853
usemtl Material.001
s 1
f 1/1/1 2/2/2 3/3/3
f 3/3/3 4/4/4 1/1/1
f 2/2/2 5/5/5 3/3/3
f 1/1/1 6/6/6 2/2/2
f 4/4/4 7/7/7 1/1/1
f 3/3/3 8/8/8 4/4/4
f 2/2/2 6/6/6 5/5/5
f 1/1/1 7/7/7 6/6/6
f 7/7/7 9/9/9 6/6/6
f 4/4/4 10/10/10 7/7/7
f 8/8/8 10/10/10 4/4/4
f 8/8/8 11/11/11 10/10/10
f 3/3/3 12/12/12 8/8/8
f 7/7/7 13/13/13 9/9/9
f 10/10/10 13/13/13 7/7/7
f 10/10/10 11/11/11 13/13/13
f 11/11/11 14/14/14 13/13/13
f 8/8/8 12/12/12 11/11/11
f 12/12/12 15/15/15 11/11/11
f 11/11/11 15/15/15 14/14/14
f 15/15/15 16/16/16 14/14/14
f 12/12/12 17/17/17 15/15/15
f 15/15/15 18/18/18 16/16/16
f 17/17/17 18/18/18 15/15/15
f 17/17/17 19/19/19 18/18/18
f 18/18/18 20/20/20 16/16/16
f 19/19/19 21/21/21 18/18/18
f 18/18/18 21/21/21 20/20/20
f 21/21/21 22/22/22 20/20/20
f 19/19/19 23/23/23 21/21/21
f 21/21/21 24/24/24 22/22/22
f 23/23/23 24/24/24 21/21/21
f 23/23/23 25/25/25 24/24/24
f 24/24/24 26/26/26 22/22/22
f 25/25/25 27/27/27 24/24/24
f 24/24/24 27/27/27 26/26/26
f 27/27/27 28/28/28 26/26/26
f 25/25/25 29/29/29 27/27/27
f 28/28/28 30/30/30 26/26/26
f 27/27/27 29/29/29 28/28/28
f 29/29/29 31/31/31 28/28/28
f 28/28/28 32/32/32 30/30/30
f 31/31/31 32/32/32 28/28/28
f 31/31/31 33/33/33 32/32/32
f 32/32/32 34/34/34 30/30/30
f 33/33/33 34/34/34 32/32/32
f 33/33/33 35/35/35 34/34/34
f 34/34/34 36/36/36 30/30/30
f 35/35/35 36/36/36 34/34/34
f 35/35/35 37/37/37 36/36/36
f 37/37/37 38/38/38 36/36/36
f 38/38/38 39/39/39 36/36/36
f 38/38/38 40/40/40 39/39/39
f 41/41/41 42/42/42 43/43/43
f 43/43/43 44/44/44 41/41/41
f 42/42/42 45/45/45 43/43/43
f 41/41/41 46/46/46 42/42/42
f 44/44/44 47/47/47 41/41/41
f 43/43/43 48/48/48 44/44/44
f 45/45/45 49/49/49 43/43/43
f 42/42/42 50/50/50 45/45/45
f 46/46/46 51/51/51 42/42/42
f 41/41/41 52/52/52 46/46/46
f 47/47/47 53/53/53 41/41/41
f 44/44/44 48/48/48 47/47/47
f 48/48/48 54/54/54 47/47/47
f 43/43/43 49/49/49 48/48/48
f 45/45/45 55/55/55 49/49/49
f 50/50/50 56/56/56 45/45/45
f 42/42/42 51/51/51 50/50/50
f 46/46/46 57/57/57 51/51/51
f 52/52/52 58/58/58 46/46/46
f 41/41/41 59/59/59 52/52/52
f 53/53/53 60/60/60 41/41/41
f 47/47/47 61/61/61 53/53/53
f 54/54/54 62/62/62 47/47/47
f 45/45/45 56/56/56 55/55/55
f 56/56/56 63/63/63 55/55/55
f 50/50/50 64/64/64 56/56/56
f 57/57/57 65/65/65 51/51/51
f 46/46/46 58/58/58 57/57/57
f 58/58/58 66/66/66 57/57/57
f 52/52/52 59/59/59 58/58/58
f 59/59/59 60/60/60 58/58/58
f 60/60/60 59/59/59 41/41/41
f 53/53/53 61/61/61 60/60/60
f 61/61/61 67/67/67 60/60/60
f 47/47/47 62/62/62 61/61/61
f 62/62/62 68/68/68 61/61/61
f 54/54/54 69/69/69 62/62/62
f 56/56/56 64/64/64 63/63/63
f 64/64/64 70/70/70 63/63/63
f 65/65/65 71/71/71 51/51/51
f 57/57/57 66/66/66 65/65/65
f 66/66/66 71/71/71 65/65/65
f 66/66/66 72/72/72 71/71/71
f 58/58/58 73/73/73 66/66/66
f 60/60/60 74/74/74 58/58/58
f 67/67/67 74/74/74 60/60/60
f 67/67/67 75/75/75 74/74/74
f 61/61/61 68/68/68 67/67/67
f 68/68/68 76/76/76 67/67/67
f 62/62/62 77/77/77 68/68/68
f 69/69/69 77/77/77 62/62/62
f 69/69/69 78/78/78 77/77/77
f 64/64/64 79/79/79 70/70/70
f 66/66/66 80/80/80 72/72/72
f 73/73/73 81/81/81 66/66/66
f 58/58/58 74/74/74 73/73/73
f 74/74/74 82/82/82 73/73/73
f 75/75/75 82/82/82 74/74/74
f 75/75/75 83/83/83 82/82/82
f 67/67/67 76/76/76 75/75/75
f 76/76/76 83/83/83 75/75/75
f 76/76/76 84/84/84 83/83/83
f 68/68/68 85/85/85 76/76/76
f 77/77/77 85/85/85 68/68/68
f 77/77/77 86/86/86 85/85/85
f 78/78/78 86/86/86 77/77/77
f 78/78/78 87/87/87 86/86/86
f 66/66/66 81/81/81 80/80/80
f 81/81/81 88/88/88 80/80/80
f 73/73/73 82/82/82 81/81/81
f 82/82/82 89/89/89 81/81/81
f 83/83/83 90/90/90 82/82/82
f 84/84/84 91/91/91 83/83/83
f 76/76/76 85/85/85 84/84/84
f 85/85/85 92/92/92 84/84/84
f 86/86/86 92/92/92 85/85/85
f 86/86/86 87/87/87 92/92/92
f 87/87/87 93/93/93 92/92/92
f 88/88/88 94/94/94 80/80/80
f 81/81/81 95/95/95 88/88/88
f 82/82/82 96/96/96 89/89/89
f 90/90/90 96/96/96 82/82/82
f 90/90/90 97/97/97 96/96/96
f 83/83/83 91/91/91 90/90/90
f 91/91/91 98/98/98 90/90/90
f 84/84/84 99/99/99 91/91/91
f 92/92/92 99/99/99 84/84/84
f 92/92/92 100/100/100 99/99/99
f 93/93/93 101/101/101 92/92/92
f 87/87/87 101/101/101 93/93/93
f 88/88/88 102/102/102 94/94/94
f 95/95/95 102/102/102 88/88/88
f 95/95/95 103/103/103 102/102/102
f 81/81/81 89/89/89 95/95/95
f 89/89/89 96/96/96 95/95/95
f 96/96/96 104/104/104 95/95/95
f 97/97/97 104/104/104 96/96/96
f 97/97/97 105/105/105 104/104/104
f 90/90/90 98/98/98 97/97/97
f 98/98/98 105/105/105 97/97/97
f 98/98/98 106/106/106 105/105/105
f 91/91/91 107/107/107 98/98/98
f 99/99/99 108/108/108 91/91/91
f 100/100/100 108/108/108 99/99/99
f 100/100/100 109/109/109 108/108/108
f 92/92/92 101/101/101 100/100/100
f 101/101/101 110/110/110 100/100/100
f 102/102/102 111/111/111 94/94/94
f 103/103/103 112/112/112 102/102/102
f 95/95/95 104/104/104 103/103/103
f 104/104/104 113/113/113 103/103/103
f 105/105/105 113/113/113 104/104/104
f 105/105/105 106/106/106 113/113/113
f 106/106/106 114/114/114 113/113/113
f 98/98/98 107/107/107 106/106/106
f 107/107/107 115/115/115 106/106/106
f 91/91/91 108/108/108 107/107/107
f 108/108/108 109/109/109 107/107/107
f 109/109/109 116/116/116 107/107/107
f 100/100/100 117/117/117 109/109/109
f 110/110/110 117/117/117 100/100/100
f 110/110/110 118/118/118 117/117/117
f 102/102/102 112/112/112 111/111/111
f 112/112/112 119/119/119 111/111/111
f 103/103/103 119/119/119 112/112/112
f 103/103/103 120/120/120 119/119/119
f 113/113/113 121/121/121 103/103/103
f 114/114/114 121/121/121 113/113/113
f 114/114/114 122/122/122 121/121/121
f 106/106/106 115/115/115 114/114/114
f 115/115/115 122/122/122 114/114/114
f 115/115/115 123/123/123 122/122/122
f 107/107/107 116/116/116 115/115/115
f 116/116/116 123/123/123 115/115/115
f 116/116/116 124/124/124 123/123/123
f 109/109/109 125/125/125 116/116/116
f 117/117/117 125/125/125 109/109/109
f 117/117/117 126/126/126 125/125/125
f 118/118/118 126/126/126 117/117/117
f 118/118/118 127/127/127 126/126/126
f 119/119/119 128/128/128 111/111/111
f 120/120/120 129/129/129 119/119/119
f 103/103/103 130/130/130 120/120/120
f 121/121/121 130/130/130 103/103/103
f 121/121/121 131/131/131 130/130/130
f 122/122/122 131/131/131 121/121/121
f 122/122/122 132/132/132 131/131/131
f 123/123/123 132/132/132 122/122/122
f 123/123/123 133/133/133 132/132/132
f 124/124/124 133/133/133 123/123/123
f 124/124/124 134/134/134 133/133/133
f 116/116/116 125/125/125 124/124/124
f 125/125/125 134/134/134 124/124/124
f 125/125/125 135/135/135 134/134/134
f 126/126/126 135/135/135 125/125/125
f 126/126/126 127/127/127 135/135/135
f 127/127/127 136/136/136 135/135/135
f 118/118/118 137/137/137 127/127/127
f 128/128/128 138/138/138 111/111/111
f 119/119/119 129/129/129 128/128/128
f 129/129/129 139/139/139 128/128/128
f 120/120/120 139/139/139 129/129/129
f 120/120/120 130/130/130 139/139/139
f 130/130/130 140/140/140 139/139/139
f 131/131/131 141/141/141 130/130/130
f 132/132/132 142/142/142 131/131/131
f 133/133/133 143/143/143 132/132/132
f 134/134/134 144/144/144 133/133/133
f 135/135/135 136/136/136 134/134/134
f 136/136/136 145/145/145 134/134/134
f 127/127/127 146/146/146 136/136/136
f 137/137/137 146/146/146 127/127/127
f 137/137/137 147/147/147 146/146/146
f 138/138/138 94/94/94 111/111/111
f 138/138/138 148/148/148 94/94/94
f 140/140/140 149/149/149 139/139/139
f 130/130/130 141/141/141 140/140/140
f 141/141/141 150/150/150 140/140/140
f 131/131/131 142/142/142 141/141/141
f 142/142/142 150/150/150 141/141/141
f 142/142/142 151/151/151 150/150/150
f 132/132/132 151/151/151 142/142/142
f 132/132/132 143/143/143 151/151/151
f 143/143/143 152/152/152 151/151/151
f 133/133/133 144/144/144 143/143/143
f 144/144/144 153/153/153 143/143/143
f 134/134/134 145/145/145 144/144/144
f 145/145/145 154/154/154 144/144/144
f 136/136/136 155/155/155 145/145/145
f 146/146/146 156/156/156 136/136/136
f 147/147/147 157/157/157 146/146/146
f 148/148/148 80/80/80 94/94/94
f 148/148/148 72/72/72 80/80/80
f 148/148/148 158/158/158 72/72/72
f 149/149/149 159/159/159 139/139/139
f 140/140/140 160/160/160 149/149/149
f 150/150/150 161/161/161 140/140/140
f 151/151/151 162/162/162 150/150/150
f 143/143/143 153/153/153 152/152/152
f 153/153/153 163/163/163 152/152/152
f 144/144/144 154/154/154 153/153/153
f 154/154/154 164/164/164 153/153/153
f 145/145/145 165/165/165 154/154/154
f 155/155/155 165/165/165 145/145/145
f 155/155/155 166/166/166 165/165/165
f 136/136/136 156/156/156 155/155/155
f 156/156/156 167/167/167 155/155/155
f 146/146/146 157/157/157 156/156/156
f 157/157/157 168/168/168 156/156/156
f 147/147/147 169/169/169 157/157/157
f 149/149/149 170/170/170 159/159/159
f 160/160/160 170/170/170 149/149/149
f 160/160/160 171/171/171 170/170/170
f 140/140/140 161/161/161 160/160/160
f 161/161/161 172/172/172 160/160/160
f 150/150/150 162/162/162 161/161/161
f 162/162/162 173/173/173 161/161/161
f 151/151/151 152/152/152 162/162/162
f 152/152/152 174/174/174 162/162/162
f 153/153/153 164/164/164 163/163/163
f 164/164/164 175/175/175 163/163/163
f 154/154/154 165/165/165 164/164/164
f 165/165/165 176/176/176 164/164/164
f 166/166/166 176/176/176 165/165/165
f 166/166/166 177/177/177 176/176/176
f 155/155/155 167/167/167 166/166/166
f 167/167/167 178/178/178 166/166/166
f 156/156/156 168/168/168 167/167/167
f 168/168/168 179/179/179 167/167/167
f 157/157/157 180/180/180 168/168/168
f 169/169/169 181/181/181 157/157/157
f 171/171/171 182/182/182 170/170/170
f 160/160/160 172/172/172 171/171/171
f 172/172/172 183/183/183 171/171/171
f 161/161/161 173/173/173 172/172/172
f 173/173/173 184/184/184 172/172/172
f 162/162/162 185/185/185 173/173/173
f 174/174/174 185/185/185 162/162/162
f 174/174/174 186/186/186 185/185/185
f 164/164/164 176/176/176 175/175/175
f 176/176/176 187/187/187 175/175/175
f 177/177/177 187/187/187 176/176/176
f 177/177/177 188/188/188 187/187/187
f 166/166/166 189/189/189 177/177/177
f 178/178/178 189/189/189 166/166/166
f 178/178/178 190/190/190 189/189/189
f 179/179/179 178/178/178 167/167/167
f 179/179/179 191/191/191 178/178/178
f 168/168/168 180/180/180 179/179/179
f 180/180/180 192/192/192 179/179/179
f 157/157/157 181/181/181 180/180/180
f 181/181/181 193/193/193 180/180/180
f 171/171/171 183/183/183 182/182/182
f 183/183/183 194/194/194 182/182/182
f 172/172/172 184/184/184 183/183/183
f 184/184/184 195/195/195 183/183/183
f 173/173/173 185/185/185 184/184/184
f 185/185/185 195/195/195 184/184/184
f 185/185/185 196/196/196 195/195/195
f 186/186/186 196/196/196 185/185/185
f 186/186/186 197/197/197 196/196/196
f 177/177/177 198/198/198 188/188/188
f 189/189/189 198/198/198 177/177/177
f 189/189/189 199/199/199 198/198/198
f 190/190/190 199/199/199 189/189/189
f 190/190/190 200/200/200 199/199/199
f 191/191/191 190/190/190 178/178/178
f 191/191/191 201/201/201 190/190/190
f 179/179/179 192/192/192 191/191/191
f 192/192/192 202/202/202 191/191/191
f 180/180/180 193/193/193 192/192/192
f 193/193/193 203/203/203 192/192/192
f 194/194/194 204/204/204 182/182/182
f 183/183/183 205/205/205 194/194/194
f 195/195/195 205/205/205 183/183/183
f 195/195/195 206/206/206 205/205/205
f 196/196/196 206/206/206 195/195/195
f 196/196/196 207/207/207 206/206/206
f 197/197/197 207/207/207 196/196/196
f 197/197/197 208/208/208 207/207/207
f 198/198/198 209/209/209 188/188/188
f 199/199/199 210/210/210 198/198/198
f 200/200/200 211/211/211 199/199/199
f 201/201/201 200/200/200 190/190/190
f 201/201/201 212/212/212 200/200/200
f 191/191/191 202/202/202 201/201/201
f 202/202/202 213/213/213 201/201/201
f 192/192/192 203/203/203 202/202/202
f 203/203/203 214/214/214 202/202/202
f 204/204/204 215/215/215 182/182/182
f 194/194/194 216/216/216 204/204/204
f 205/205/205 216/216/216 194/194/194
f 205/205/205 217/217/217 216/216/216
f 206/206/206 217/217/217 205/205/205
f 206/206/206 218/218/218 217/217/217
f 207/207/207 218/218/218 206/206/206
f 207/207/207 208/208/208 218/218/218
f 208/208/208 219/219/219 218/218/218
f 197/197/197 220/220/220 208/208/208
f 198/198/198 210/210/210 209/209/209
f 210/210/210 221/221/221 209/209/209
f 199/199/199 211/211/211 210/210/210
f 211/211/211 222/222/222 210/210/210
f 200/200/200 223/223/223 211/211/211
f 212/212/212 223/223/223 200/200/200
f 212/212/212 224/224/224 223/223/223
f 201/201/201 213/213/213 212/212/212
f 213/213/213 225/225/225 212/212/212
f 202/202/202 214/214/214 213/213/213
f 214/214/214 225/225/225 213/213/213
f 214/214/214 226/226/226 225/225/225
f 216/216/216 227/227/227 204/204/204
f 217/217/217 228/228/228 216/216/216
f 218/218/218 229/229/229 217/217/217
f 219/219/219 230/230/230 218/218/218
f 208/208/208 220/220/220 219/219/219
f 220/220/220 231/231/231 219/219/219
f 210/210/210 222/222/222 221/221/221
f 222/222/222 232/232/232 221/221/221
f 211/211/211 233/233/233 222/222/222
f 223/223/223 233/233/233 211/211/211
f 223/223/223 234/234/234 233/233/233
f 224/224/224 234/234/234 223/223/223
f 224/224/224 235/235/235 234/234/234
f 212/212/212 236/236/236 224/224/224
f 225/225/225 236/236/236 212/212/212
f 225/225/225 226/226/226 236/236/236
f 226/226/226 237/237/237 236/236/236
f 216/216/216 228/228/228 227/227/227
f 228/228/228 238/238/238 227/227/227
f 217/217/217 229/229/229 228/228/228
f 229/229/229 239/239/239 228/228/228
f 218/218/218 230/230/230 229/229/229
f 230/230/230 240/240/240 229/229/229
f 219/219/219 231/231/231 230/230/230
f 231/231/231 241/241/241 230/230/230
f 220/220/220 242/242/242 231/231/231
f 222/222/222 243/243/243 232/232/232
f 233/233/233 243/243/243 222/222/222
f 233/233/233 244/244/244 243/243/243
f 234/234/234 244/244/244 233/233/233
f 234/234/234 245/245/245 244/244/244
f 235/235/235 245/245/245 234/234/234
f 235/235/235 246/246/246 245/245/245
f 224/224/224 247/247/247 235/235/235
f 236/236/236 247/247/247 224/224/224
f 236/236/236 237/237/237 247/247/247
f 237/237/237 248/248/248 247/247/247
f 228/228/228 239/239/239 238/238/238
f 239/239/239 249/249/249 238/238/238
f 229/229/229 240/240/240 239/239/239
f 240/240/240 250/250/250 239/239/239
f 230/230/230 241/241/241 240/240/240
f 241/241/241 251/251/251 240/240/240
f 231/231/231 252/252/252 241/241/241
f 242/242/242 252/252/252 231/231/231
f 242/242/242 253/253/253 252/252/252
f 243/243/243 254/254/254 232/232/232
f 244/244/244 254/254/254 243/243/243
f 244/244/244 255/255/255 254/254/254
f 245/245/245 255/255/255 244/244/244
f 245/245/245 256/256/256 255/255/255
f 246/246/246 257/257/257 245/245/245
f 235/235/235 248/248/248 246/246/246
f 248/248/248 235/235/235 247/247/247
f 237/237/237 258/258/258 248/248/248
f 249/249/249 259/259/259 238/238/238
f 239/239/239 250/250/250 249/249/249
f 250/250/250 260/260/260 249/249/249
f 240/240/240 251/251/251 250/250/250
f 251/251/251 261/261/261 250/250/250
f 241/241/241 262/262/262 251/251/251
f 252/252/252 262/262/262 241/241/241
f 252/252/252 263/263/263 262/262/262
f 253/253/253 263/263/263 252/252/252
f 253/253/253 264/264/264 263/263/263
f 242/242/242 265/265/265 253/253/253
f 254/254/254 266/266/266 232/232/232
f 255/255/255 267/267/267 254/254/254
f 256/256/256 268/268/268 255/255/255
f 257/257/257 256/256/256 245/245/245
f 257/257/257 269/269/269 256/256/256
f 246/246/246 270/270/270 257/257/257
f 248/248/248 270/270/270 246/246/246
f 248/248/248 258/258/258 270/270/270
f 258/258/258 271/271/271 270/270/270
f 249/249/249 260/260/260 259/259/259
f 260/260/260 272/272/272 259/259/259
f 250/250/250 273/273/273 260/260/260
f 261/261/261 273/273/273 250/250/250
f 261/261/261 274/274/274 273/273/273
f 251/251/251 262/262/262 261/261/261
f 262/262/262 275/275/275 261/261/261
f 263/263/263 275/275/275 262/262/262
f 263/263/263 276/276/276 275/275/275
f 264/264/264 276/276/276 263/263/263
f 264/264/264 277/277/277 276/276/276
f 253/253/253 278/278/278 264/264/264
f 265/265/265 278/278/278 253/253/253
f 242/242/242 220/220/220 265/265/265
f 254/254/254 267/267/267 266/266/266
f 267/267/267 279/279/279 266/266/266
f 255/255/255 268/268/268 267/267/267
f 268/268/268 280/280/280 267/267/267
f 256/256/256 281/281/281 268/268/268
f 269/269/269 282/282/282 256/256/256
f 257/257/257 271/271/271 269/269/269
f 271/271/271 257/257/257 270/270/270
f 258/258/258 283/283/283 271/271/271
f 272/272/272 284/284/284 259/259/259
f 260/260/260 273/273/273 272/272/272
f 273/273/273 285/285/285 272/272/272
f 274/274/274 285/285/285 273/273/273
f 274/274/274 286/286/286 285/285/285
f 261/261/261 275/275/275 274/274/274
f 275/275/275 287/287/287 274/274/274
f 276/276/276 287/287/287 275/275/275
f 276/276/276 288/288/288 287/287/287
f 277/277/277 288/288/288 276/276/276
f 277/277/277 289/289/289 288/288/288
f 264/264/264 290/290/290 277/277/277
f 278/278/278 290/290/290 264/264/264
f 278/278/278 291/291/291 290/290/290
f 267/267/267 280/280/280 279/279/279
f 280/280/280 292/292/292 279/279/279
f 268/268/268 293/293/293 280/280/280
f 281/281/281 293/293/293 268/268/268
f 281/281/281 294/294/294 293/293/293
f 282/282/282 281/281/281 256/256/256
f 282/282/282 295/295/295 281/281/281
f 269/269/269 271/271/271 282/282/282
f 271/271/271 283/283/283 282/282/282
f 283/283/283 295/295/295 282/282/282
f 283/283/283 296/296/296 295/295/295
f 258/258/258 296/296/296 283/283/283
f 284/284/284 297/297/297 259/259/259
f 272/272/272 285/285/285 284/284/284
f 285/285/285 298/298/298 284/284/284
f 286/286/286 298/298/298 285/285/285
f 286/286/286 299/299/299 298/298/298
f 274/274/274 287/287/287 286/286/286
f 287/287/287 289/289/289 286/286/286
f 289/289/289 287/287/287 288/288/288
f 277/277/277 300/300/300 289/289/289
f 290/290/290 301/301/301 277/277/277
f 291/291/291 301/301/301 290/290/290
f 291/291/291 302/302/302 301/301/301
f 278/278/278 303/303/303 291/291/291
f 292/292/292 304/304/304 279/279/279
f 280/280/280 293/293/293 292/292/292
f 293/293/293 305/305/305 292/292/292
f 294/294/294 305/305/305 293/293/293
f 294/294/294 306/306/306 305/305/305
f 295/295/295 294/294/294 281/281/281
f 295/295/295 307/307/307 294/294/294
f 296/296/296 307/307/307 295/295/295
f 296/296/296 308/308/308 307/307/307
f 284/284/284 309/309/309 297/297/297
f 298/298/298 310/310/310 284/284/284
f 299/299/299 310/310/310 298/298/298
f 299/299/299 311/311/311 310/310/310
f 286/286/286 289/289/289 299/299/299
f 289/289/289 300/300/300 299/299/299
f 300/300/300 311/311/311 299/299/299
f 300/300/300 312/312/312 311/311/311
f 277/277/277 312/312/312 300/300/300
f 277/277/277 301/301/301 312/312/312
f 301/301/301 313/313/313 312/312/312
f 302/302/302 313/313/313 301/301/301
f 302/302/302 314/314/314 313/313/313
f 291/291/291 315/315/315 302/302/302
f 303/303/303 315/315/315 291/291/291
f 303/303/303 316/316/316 315/315/315
f 304/304/304 317/317/317 279/279/279
f 292/292/292 305/305/305 304/304/304
f 305/305/305 318/318/318 304/304/304
f 306/306/306 318/318/318 305/305/305
f 306/306/306 319/319/319 318/318/318
f 307/307/307 306/306/306 294/294/294
f 307/307/307 308/308/308 306/306/306
f 308/308/308 319/319/319 306/306/306
f 308/308/308 320/320/320 319/319/319
f 296/296/296 321/321/321 308/308/308
f 309/309/309 322/322/322 297/297/297
f 284/284/284 310/310/310 309/309/309
f 310/310/310 323/323/323 309/309/309
f 311/311/311 323/323/323 310/310/310
f 311/311/311 324/324/324 323/323/323
f 312/312/312 324/324/324 311/311/311
f 312/312/312 313/313/313 324/324/324
f 313/313/313 325/325/325 324/324/324
f 314/314/314 325/325/325 313/313/313
f 314/314/314 326/326/326 325/325/325
f 302/302/302 327/327/327 314/314/314
f 315/315/315 327/327/327 302/302/302
f 315/315/315 328/328/328 327/327/327
f 316/316/316 329/329/329 315/315/315
f 304/304/304 330/330/330 317/317/317
f 318/318/318 330/330/330 304/304/304
f 318/318/318 319/319/319 330/330/330
f 319/319/319 331/331/331 330/330/330
f 320/320/320 331/331/331 319/319/319
f 320/320/320 332/332/332 331/331/331
f 308/308/308 321/321/321 320/320/320
f 321/321/321 333/333/333 320/320/320
f 309/309/309 334/334/334 322/322/322
f 323/323/323 334/334/334 309/309/309
f 323/323/323 335/335/335 334/334/334
f 324/324/324 336/336/336 323/323/323
f 325/325/325 336/336/336 324/324/324
f 325/325/325 337/337/337 336/336/336
f 326/326/326 337/337/337 325/325/325
f 326/326/326 338/338/338 337/337/337
f 314/314/314 339/339/339 326/326/326
f 327/327/327 340/340/340 314/314/314
f 328/328/328 340/340/340 327/327/327
f 328/328/328 341/341/341 340/340/340
f 315/315/315 329/329/329 328/328/328
f 329/329/329 342/342/342 328/328/328
f 316/316/316 342/342/342 329/329/329
f 316/316/316 328/328/328 342/342/342
f 316/316/316 343/343/343 328/328/328
f 330/330/330 344/344/344 317/317/317
f 331/331/331 344/344/344 330/330/330
f 331/331/331 332/332/332 344/344/344
f 332/332/332 345/345/345 344/344/344
f 320/320/320 333/333/333 332/332/332
f 333/333/333 346/346/346 332/332/332
f 334/334/334 335/335/335 322/322/322
f 335/335/335 347/347/347 322/322/322
f 323/323/323 336/336/336 335/335/335
f 336/336/336 348/348/348 335/335/335
f 337/337/337 348/348/348 336/336/336
f 337/337/337 338/338/338 348/348/348
f 338/338/338 349/349/349 348/348/348
f 326/326/326 339/339/339 338/338/338
f 339/339/339 350/350/350 338/338/338
f 314/314/314 351/351/351 339/339/339
f 340/340/340 352/352/352 314/314/314
f 341/341/341 352/352/352 340/340/340
f 341/341/341 353/353/353 352/352/352
f 328/328/328 354/354/354 341/341/341
f 316/316/316 355/355/355 343/343/343
f 344/344/344 345/345/345 317/317/317
f 345/345/345 356/356/356 317/317/317
f 332/332/332 346/346/346 345/345/345
f 346/346/346 357/357/357 345/345/345
f 333/333/333 358/358/358 346/346/346
f 335/335/335 348/348/348 347/347/347
f 348/348/348 349/349/349 347/347/347
f 349/349/349 359/359/359 347/347/347
f 338/338/338 350/350/350 349/349/349
f 350/350/350 359/359/359 349/349/349
f 350/350/350 360/360/360 359/359/359
f 339/339/339 351/351/351 350/350/350
f 351/351/351 360/360/360 350/350/350
f 351/351/351 361/361/361 360/360/360
f 314/314/314 361/361/361 351/351/351
f 314/314/314 362/362/362 361/361/361
f 352/352/352 363/363/363 314/314/314
f 353/353/353 364/364/364 352/352/352
f 341/341/341 365/365/365 353/353/353
f 354/354/354 366/366/366 341/341/341
f 328/328/328 367/367/367 354/354/354
f 355/355/355 368/368/368 343/343/343
f 345/345/345 357/357/357 356/356/356
f 357/357/357 369/369/369 356/356/356
f 346/346/346 358/358/358 357/357/357
f 358/358/358 369/369/369 357/357/357
f 358/358/358 370/370/370 369/369/369
f 333/333/333 370/370/370 358/358/358
f 360/360/360 371/371/371 359/359/359
f 361/361/361 372/372/372 360/360/360
f 362/362/362 373/373/373 361/361/361
f 314/314/314 374/374/374 362/362/362
f 352/352/352 375/375/375 363/363/363
f 364/364/364 375/375/375 352/352/352
f 364/364/364 376/376/376 375/375/375
f 353/353/353 377/377/377 364/364/364
f 365/365/365 378/378/378 353/353/353
f 341/341/341 366/366/366 365/365/365
f 366/366/366 379/379/379 365/365/365
f 354/354/354 380/380/380 366/366/366
f 367/367/367 368/368/368 354/354/354
f 328/328/328 381/381/381 367/367/367
f 355/355/355 382/382/382 368/368/368
f 370/370/370 383/383/383 369/369/369
f 360/360/360 372/372/372 371/371/371
f 372/372/372 384/384/384 371/371/371
f 361/361/361 384/384/384 372/372/372
f 361/361/361 385/385/385 384/384/384
f 373/373/373 386/386/386 361/361/361
f 362/362/362 374/374/374 373/373/373
f 374/374/374 387/387/387 373/373/373
f 314/314/314 363/363/363 374/374/374
f 363/363/363 376/376/376 374/374/374
f 376/376/376 363/363/363 375/375/375
f 364/364/364 388/388/388 376/376/376
f 377/377/377 388/388/388 364/364/364
f 377/377/377 389/389/389 388/388/388
f 353/353/353 390/390/390 377/377/377
f 378/378/378 391/391/391 353/353/353
f 366/366/366 353/353/353 379/379/379
f 380/380/380 378/378/378 366/366/366
f 368/368/368 380/380/380 354/354/354
f 368/368/368 382/382/382 380/380/380
f 382/382/382 392/392/392 380/380/380
f 367/367/367 316/316/316 368/368/368
f 381/381/381 303/303/303 367/367/367
f 383/383/383 393/393/393 369/369/369
f 384/384/384 394/394/394 371/371/371
f 385/385/385 395/395/395 384/384/384
f 373/373/373 395/395/395 386/386/386
f 374/374/374 376/376/376 387/387/387
f 376/376/376 396/396/396 387/387/387
f 388/388/388 389/389/389 376/376/376
f 389/389/389 396/396/396 376/376/376
f 389/389/389 397/397/397 396/396/396
f 377/377/377 397/397/397 389/389/389
f 377/377/377 398/398/398 397/397/397
f 390/390/390 398/398/398 377/377/377
f 390/390/390 399/399/399 398/398/398
f 378/378/378 400/400/400 391/391/391
f 380/380/380 392/392/392 378/378/378
f 392/392/392 400/400/400 378/378/378
f 392/392/392 401/401/401 400/400/400
f 382/382/382 401/401/401 392/392/392
f 303/303/303 355/355/355 367/367/367
f 393/393/393 402/402/402 369/369/369
f 384/384/384 386/386/386 394/394/394
f 395/395/395 403/403/403 384/384/384
f 373/373/373 387/387/387 395/395/395
f 387/387/387 404/404/404 395/395/395
f 396/396/396 404/404/404 387/387/387
f 396/396/396 405/405/405 404/404/404
f 397/397/397 406/406/406 396/396/396
f 398/398/398 407/407/407 397/397/397
f 399/399/399 408/408/408 398/398/398
f 390/390/390 409/409/409 399/399/399
f 400/400/400 410/410/410 391/391/391
f 401/401/401 411/411/411 400/400/400
f 395/395/395 412/412/412 403/403/403
f 396/396/396 406/406/406 405/405/405
f 406/406/406 413/413/413 405/405/405
f 397/397/397 414/414/414 406/406/406
f 407/407/407 414/414/414 397/397/397
f 407/407/407 415/415/415 414/414/414
f 398/398/398 408/408/408 407/407/407
f 408/408/408 416/416/416 407/407/407
f 399/399/399 417/417/417 408/408/408
f 409/409/409 418/418/418 399/399/399
f 390/390/390 391/391/391 409/409/409
f 410/410/410 419/419/419 391/391/391
f 400/400/400 411/411/411 410/410/410
f 411/411/411 420/420/420 410/410/410
f 412/412/412 394/394/394 403/403/403
f 406/406/406 414/414/414 413/413/413
f 414/414/414 421/421/421 413/413/413
f 415/415/415 421/421/421 414/414/414
f 415/415/415 422/422/422 421/421/421
f 407/407/407 416/416/416 415/415/415
f 416/416/416 423/423/423 415/415/415
f 408/408/408 424/424/424 416/416/416
f 417/417/417 424/424/424 408/408/408
f 417/417/417 425/425/425 424/424/424
f 399/399/399 418/418/418 417/417/417
f 418/418/418 426/426/426 417/417/417
f 409/409/409 427/427/427 418/418/418
f 391/391/391 419/419/419 409/409/409
f 419/419/419 427/427/427 409/409/409
f 419/419/419 428/428/428 427/427/427
f 410/410/410 420/420/420 419/419/419
f 420/420/420 429/429/429 419/419/419
f 412/412/412 430/430/430 394/394/394
f 421/421/421 431/431/431 413/413/413
f 422/422/422 431/431/431 421/421/421
f 422/422/422 432/432/432 431/431/431
f 415/415/415 423/423/423 422/422/422
f 423/423/423 432/432/432 422/422/422
f 423/423/423 433/433/433 432/432/432
f 416/416/416 433/433/433 423/423/423
f 416/416/416 434/434/434 433/433/433
f 424/424/424 434/434/434 416/416/416
f 424/424/424 425/425/425 434/434/434
f 425/425/425 435/435/435 434/434/434
f 417/417/417 426/426/426 425/425/425
f 426/426/426 436/436/436 425/425/425
f 418/418/418 437/437/437 426/426/426
f 427/427/427 437/437/437 418/418/418
f 427/427/427 438/438/438 437/437/437
f 428/428/428 438/438/438 427/427/427
f 419/419/419 429/429/429 428/428/428
f 412/412/412 439/439/439 430/430/430
f 431/431/431 440/440/440 413/413/413
f 432/432/432 441/441/441 431/431/431
f 433/433/433 442/442/442 432/432/432
f 434/434/434 443/443/443 433/433/433
f 435/435/435 443/443/443 434/434/434
f 435/435/435 444/444/444 443/443/443
f 425/425/425 436/436/436 435/435/435
f 436/436/436 444/444/444 435/435/435
f 436/436/436 445/445/445 444/444/444
f 426/426/426 446/446/446 436/436/436
f 437/437/437 446/446/446 426/426/426
f 437/437/437 438/438/438 446/446/446
f 438/438/438 447/447/447 446/446/446
f 431/431/431 441/441/441 440/440/440
f 441/441/441 448/448/448 440/440/440
f 432/432/432 442/442/442 441/441/441
f 442/442/442 449/449/449 441/441/441
f 433/433/433 443/443/443 442/442/442
f 443/443/443 450/450/450 442/442/442
f 444/444/444 450/450/450 443/443/443
f 444/444/444 451/451/451 450/450/450
f 445/445/445 451/451/451 444/444/444
f 445/445/445 452/452/452 451/451/451
f 436/436/436 446/446/446 445/445/445
f 446/446/446 453/453/453 445/445/445
f 447/447/447 453/453/453 446/446/446
f 447/447/447 454/454/454 453/453/453
f 448/448/448 455/455/455 440/440/440
f 441/441/441 449/449/449 448/448/448
f 449/449/449 456/456/456 448/448/448
f 442/442/442 450/450/450 449/449/449
f 450/450/450 457/457/457 449/449/449
f 451/451/451 458/458/458 450/450/450
f 452/452/452 458/458/458 451/451/451
f 452/452/452 459/459/459 458/458/458
f 445/445/445 453/453/453 452/452/452
f 453/453/453 460/460/460 452/452/452
f 454/454/454 460/460/460 453/453/453
f 454/454/454 461/461/461 460/460/460
f 455/455/455 462/462/462 440/440/440
f 448/448/448 456/456/456 455/455/455
f 456/456/456 463/463/463 455/455/455
f 449/449/449 457/457/457 456/456/456
f 457/457/457 464/464/464 456/456/456
f 450/450/450 458/458/458 457/457/457
f 458/458/458 465/465/465 457/457/457
f 459/459/459 465/465/465 458/458/458
f 459/459/459 466/466/466 465/465/465
f 452/452/452 460/460/460 459/459/459
f 460/460/460 467/467/467 459/459/459
f 461/461/461 467/467/467 460/460/460
f 461/461/461 468/468/468 467/467/467
f 455/455/455 469/469/469 462/462/462
f 463/463/463 469/469/469 455/455/455
f 463/463/463 470/470/470 469/469/469
f 456/456/456 464/464/464 463/463/463
f 464/464/464 471/471/471 463/463/463
f 457/457/457 465/465/465 464/464/464
f 465/465/465 472/472/472 464/464/464
f 466/466/466 472/472/472 465/465/465
f 466/466/466 473/473/473 472/472/472
f 459/459/459 467/467/467 466/466/466
f 467/467/467 468/468/468 466/466/466
f 468/468/468 473/473/473 466/466/466
f 468/468/468 474/474/474 473/473/473
f 461/461/461 475/475/475 468/468/468
f 469/469/469 476/476/476 462/462/462
f 470/470/470 477/477/477 469/469/469
f 463/463/463 471/471/471 470/470/470
f 471/471/471 478/478/478 470/470/470
f 464/464/464 472/472/472 471/471/471
f 472/472/472 479/479/479 471/471/471
f 473/473/473 479/479/479 472/472/472
f 473/473/473 480/480/480 479/479/479
f 474/474/474 480/480/480 473/473/473
f 474/474/474 481/481/481 480/480/480
f 468/468/468 475/475/475 474/474/474
f 475/475/475 482/482/482 474/474/474
f 469/469/469 477/477/477 476/476/476
f 477/477/477 483/483/483 476/476/476
f 470/470/470 484/484/484 477/477/477
f 478/478/478 484/484/484 470/470/470
f 478/478/478 485/485/485 484/484/484
f 471/471/471 479/479/479 478/478/478
f 479/479/479 486/486/486 478/478/478
f 480/480/480 486/486/486 479/479/479
f 480/480/480 487/487/487 486/486/486
f 481/481/481 487/487/487 480/480/480
f 481/481/481 488/488/488 487/487/487
f 474/474/474 482/482/482 481/481/481
f 482/482/482 489/489/489 481/481/481
f 477/477/477 490/490/490 483/483/483
f 484/484/484 491/491/491 477/477/477
f 485/485/485 491/491/491 484/484/484
f 485/485/485 492/492/492 491/491/491
f 478/478/478 486/486/486 485/485/485
f 486/486/486 493/493/493 485/485/485
f 487/487/487 493/493/493 486/486/486
f 487/487/487 494/494/494 493/493/493
f 488/488/488 494/494/494 487/487/487
f 488/488/488 495/495/495 494/494/494
f 481/481/481 489/489/489 488/488/488
f 489/489/489 496/496/496 488/488/488
f 490/490/490 497/497/497 483/483/483
f 477/477/477 491/491/491 490/490/490
f 491/491/491 498/498/498 490/490/490
f 492/492/492 498/498/498 491/491/491
f 492/492/492 499/499/499 498/498/498
f 485/485/485 493/493/493 492/492/492
f 493/493/493 500/500/500 492/492/492
f 494/494/494 500/500/500 493/493/493
f 494/494/494 501/501/501 500/500/500
f 495/495/495 501/501/501 494/494/494
f 495/495/495 502/502/502 501/501/501
f 488/488/488 496/496/496 495/495/495
f 496/496/496 503/503/503 495/495/495
f 497/497/497 504/504/504 483/483/483
f 490/490/490 498/498/498 497/497/497
f 498/498/498 505/505/505 497/497/497
f 499/499/499 505/505/505 498/498/498
f 499/499/499 506/506/506 505/505/505
f 492/492/492 500/500/500 499/499/499
f 500/500/500 507/507/507 499/499/499
f 501/501/501 507/507/507 500/500/500
f 501/501/501 508/508/508 507/507/507
f 502/502/502 508/508/508 501/501/501
f 502/502/502 509/509/509 508/508/508
f 495/495/495 503/503/503 502/502/502
f 503/503/503 510/510/510 502/502/502
f 497/497/497 511/511/511 504/504/504
f 505/505/505 511/511/511 497/497/497
f 505/505/505 512/512/512 511/511/511
f 506/506/506 512/512/512 505/505/505
f 506/506/506 513/513/513 512/512/512
f 499/499/499 507/507/507 506/506/506
f 507/507/507 514/514/514 506/506/506
f 508/508/508 514/514/514 507/507/507
f 508/508/508 515/515/515 514/514/514
f 509/509/509 515/515/515 508/508/508
f 509/509/509 516/516/516 515/515/515
f 502/502/502 510/510/510 509/509/509
f 510/510/510 517/517/517 509/509/509
f 511/511/511 518/518/518 504/504/504
f 512/512/512 519/519/519 511/511/511
f 513/513/513 520/520/520 512/512/512
f 506/506/506 514/514/514 513/513/513
f 514/514/514 521/521/521 513/513/513
f 515/515/515 521/521/521 514/514/514
f 515/515/515 522/522/522 521/521/521
f 516/516/516 522/522/522 515/515/515
f 516/516/516 523/523/523 522/522/522
f 509/509/509 517/517/517 516/516/516
f 517/517/517 524/524/524 516/516/516
f 511/511/511 519/519/519 518/518/518
f 519/519/519 525/525/525 518/518/518
f 512/512/512 520/520/520 519/519/519
f 520/520/520 525/525/525 519/519/519
f 520/520/520 526/526/526 525/525/525
f 513/513/513 527/527/527 520/520/520
f 521/521/521 527/527/527 513/513/513
f 521/521/521 528/528/528 527/527/527
f 522/522/522 528/528/528 521/521/521
f 522/522/522 529/529/529 528/528/528
f 523/523/523 529/529/529 522/522/522
f 523/523/523 530/530/530 529/529/529
f 516/516/516 524/524/524 523/523/523
f 524/524/524 531/531/531 523/523/523
f 525/525/525 532/532/532 518/518/518
f 526/526/526 533/533/533 525/525/525
f 520/520/520 527/527/527 526/526/526
f 527/527/527 534/534/534 526/526/526
f 528/528/528 534/534/534 527/527/527
f 528/528/528 535/535/535 534/534/534
f 529/529/529 535/535/535 528/528/528
f 529/529/529 536/536/536 535/535/535
f 530/530/530 536/536/536 529/529/529
f 530/530/530 537/537/537 536/536/536
f 523/523/523 531/531/531 530/530/530
f 531/531/531 538/538/538 530/530/530
f 525/525/525 533/533/533 532/532/532
f 526/526/526 539/539/539 533/533/533
f 534/534/534 539/539/539 526/526/526
f 534/534/534 540/540/540 539/539/539
f 535/535/535 540/540/540 534/534/534
f 535/535/535 541/541/541 540/540/540
f 536/536/536 541/541/541 535/535/535
f 536/536/536 542/542/542 541/541/541
f 537/537/537 542/542/542 536/536/536
f 537/537/537 543/543/543 542/542/542
f 530/530/530 538/538/538 537/537/537
f 538/538/538 544/544/544 537/537/537
f 539/539/539 545/545/545 533/533/533
f 540/540/540 546/546/546 539/539/539
f 541/541/541 547/547/547 540/540/540
f 542/542/542 548/548/548 541/541/541
f 543/543/543 548/548/548 542/542/542
f 543/543/543 549/549/549 548/548/548
f 537/537/537 544/544/544 543/543/543
f 544/544/544 550/550/550 543/543/543
f 539/539/539 546/546/546 545/545/545
f 546/546/546 551/551/551 545/545/545
f 540/540/540 547/547/547 546/546/546
f 547/547/547 551/551/551 546/546/546
f 547/547/547 552/552/552 551/551/551
f 541/541/541 553/553/553 547/547/547
f 548/548/548 553/553/553 541/541/541
f 548/548/548 554/554/554 553/553/553
f 549/549/549 554/554/554 548/548/548
f 549/549/549 555/555/555 554/554/554
f 543/543/543 550/550/550 549/549/549
f 550/550/550 556/556/556 549/549/549
f 551/551/551 557/557/557 545/545/545
f 552/552/552 558/558/558 551/551/551
f 547/547/547 553/553/553 552/552/552
f 553/553/553 559/559/559 552/552/552
f 554/554/554 559/559/559 553/553/553
f 554/554/554 560/560/560 559/559/559
f 555/555/555 560/560/560 554/554/554
f 555/555/555 561/561/561 560/560/560
f 549/549/549 556/556/556 555/555/555
f 556/556/556 562/562/562 555/555/555
f 551/551/551 558/558/558 557/557/557
f 558/558/558 563/563/563 557/557/557
f 552/552/552 564/564/564 558/558/558
f 559/559/559 564/564/564 552/552/552
f 559/559/559 565/565/565 564/564/564
f 560/560/560 565/565/565 559/559/559
f 560/560/560 566/566/566 565/565/565
f 561/561/561 566/566/566 560/560/560
f 561/561/561 567/567/567 566/566/566
f 555/555/555 562/562/562 561/561/561
f 562/562/562 568/568/568 561/561/561
f 558/558/558 569/569/569 563/563/563
f 564/564/564 569/569/569 558/558/558
f 564/564/564 570/570/570 569/569/569
f 565/565/565 570/570/570 564/564/564
f 565/565/565 571/571/571 570/570/570
f 566/566/566 571/571/571 565/565/565
f 566/566/566 572/572/572 571/571/571
f 567/567/567 572/572/572 566/566/566
f 567/567/567 573/573/573 572/572/572
f 561/561/561 568/568/568 567/567/567
f 568/568/568 574/574/574 567/567/567
f 569/569/569 575/575/575 563/563/563
f 570/570/570 575/575/575 569/569/569
f 570/570/570 576/576/576 575/575/575
f 571/571/571 576/576/576 570/570/570
f 571/571/571 577/577/577 576/576/576
f 572/572/572 577/577/577 571/571/571
f 572/572/572 578/578/578 577/577/577
f 573/573/573 578/578/578 572/572/572
f 573/573/573 579/579/579 578/578/578
f 567/567/567 574/574/574 573/573/573
f 574/574/574 580/580/580 573/573/573
f 575/575/575 581/581/581 563/563/563
f 576/576/576 582/582/582 575/575/575
f 577/577/577 582/582/582 576/576/576
f 577/577/577 583/583/583 582/582/582
f 578/578/578 583/583/583 577/577/577
f 578/578/578 584/584/584 583/583/583
f 579/579/579 584/584/584 578/578/578
f 579/579/579 585/585/585 584/584/584
f 573/573/573 580/580/580 579/579/579
f 580/580/580 586/586/586 579/579/579
f 575/575/575 587/587/587 581/581/581
f 582/582/582 587/587/587 575/575/575
f 582/582/582 588/588/588 587/587/587
f 583/583/583 588/588/588 582/582/582
f 583/583/583 589/589/589 588/588/588
f 584/584/584 590/590/590 583/583/583
f 585/585/585 591/591/591 584/584/584
f 579/579/579 586/586/586 585/585/585
f 586/586/586 592/592/592 585/585/585
f 587/587/587 593/593/593 581/581/581
f 588/588/588 594/594/594 587/587/587
f 589/589/589 594/594/594 588/588/588
f 589/589/589 595/595/595 594/594/594
f 583/583/583 590/590/590 589/589/589
f 590/590/590 596/596/596 589/589/589
f 584/584/584 591/591/591 590/590/590
f 591/591/591 597/597/597 590/590/590
f 585/585/585 598/598/598 591/591/591
f 592/592/592 598/598/598 585/585/585
f 592/592/592 599/599/599 598/598/598
f 587/587/587 594/594/594 593/593/593
f 594/594/594 595/595/595 593/593/593
f 589/589/589 596/596/596 595/595/595
f 596/596/596 600/600/600 595/595/595
f 590/590/590 597/597/597 596/596/596
f 597/597/597 601/601/601 596/596/596
f 591/591/591 602/602/602 597/597/597
f 598/598/598 602/602/602 591/591/591
f 598/598/598 603/603/603 602/602/602
f 599/599/599 603/603/603 598/598/598
f 599/599/599 604/604/604 603/603/603
f 596/596/596 601/601/601 600/600/600
f 601/601/601 605/605/605 600/600/600
f 597/597/597 606/606/606 601/601/601
f 602/602/602 606/606/606 597/597/597
f 602/602/602 607/607/607 606/606/606
f 603/603/603 607/607/607 602/602/602
f 603/603/603 608/608/608 607/607/607
f 604/604/604 608/608/608 603/603/603
f 604/604/604 609/609/609 608/608/608
f 601/601/601 610/610/610 605/605/605
f 606/606/606 610/610/610 601/601/601
f 606/606/606 611/611/611 610/610/610
f 607/607/607 611/611/611 606/606/606
f 607/607/607 612/612/612 611/611/611
f 608/608/608 612/612/612 607/607/607
f 608/608/608 609/609/609 612/612/612
f 609/609/609 613/613/613 612/612/612
f 604/604/604 614/614/614 609/609/609
f 610/610/610 615/615/615 605/605/605
f 611/611/611 616/616/616 610/610/610
f 612/612/612 617/617/617 611/611/611
f 613/613/613 617/617/617 612/612/612
f 613/613/613 618/618/618 617/617/617
f 609/609/609 619/619/619 613/613/613
f 614/614/614 619/619/619 609/609/609
f 614/614/614 620/620/620 619/619/619
f 610/610/610 616/616/616 615/615/615
f 616/616/616 621/621/621 615/615/615
f 611/611/611 617/617/617 616/616/616
f 617/617/617 621/621/621 616/616/616
f 617/617/617 618/618/618 621/621/621
f 618/618/618 622/622/622 621/621/621
f 613/613/613 623/623/623 618/618/618
f 619/619/619 623/623/623 613/613/613
f 619/619/619 624/624/624 623/623/623
f 620/620/620 624/624/624 619/619/619
f 620/620/620 625/625/625 624/624/624
f 621/621/621 626/626/626 615/615/615
f 622/622/622 627/627/627 621/621/621
f 618/618/618 623/623/623 622/622/622
f 623/623/623 628/628/628 622/622/622
f 624/624/624 628/628/628 623/623/623
f 624/624/624 629/629/629 628/628/628
f 625/625/625 629/629/629 624/624/624
f 621/621/621 627/627/627 626/626/626
f 627/627/627 630/630/630 626/626/626
f 622/622/622 631/631/631 627/627/627
f 628/628/628 631/631/631 622/622/622
f 628/628/628 632/632/632 631/631/631
f 629/629/629 632/632/632 628/628/628
f 627/627/627 633/633/633 630/630/630
f 631/631/631 633/633/633 627/627/627
f 634/634/634 635/635/635 636/636/636
f 636/636/636 637/637/637 634/634/634
f 635/635/635 638/638/638 636/636/636
f 638/638/638 639/639/639 636/636/636
f 635/635/635 640/640/640 638/638/638
f 639/639/639 641/641/641 636/636/636
f 638/638/638 642/642/642 639/639/639
f 640/640/640 642/642/642 638/638/638
f 640/640/640 643/643/643 642/642/642
f 635/635/635 643/643/643 640/640/640
f 641/641/641 644/644/644 636/636/636
f 643/643/643 645/645/645 642/642/642
f 643/643/643 646/646/646 645/645/645
f 646/646/646 647/647/647 645/645/645
f 646/646/646 648/648/648 647/647/647
f 648/648/648 649/649/649 647/647/647
f 646/646/646 643/643/643 648/648/648
f 648/648/648 650/650/650 649/649/649
f 650/650/650 651/651/651 649/649/649
f 648/648/648 652/652/652 650/650/650
f 651/651/651 653/653/653 649/649/649
f 652/652/652 654/654/654 650/650/650
f 651/651/651 655/655/655 653/653/653
f 655/655/655 656/656/656 653/653/653
f 656/656/656 650/650/650 653/653/653
f 655/655/655 657/657/657 656/656/656
f 656/656/656 657/657/657 650/650/650
f 655/655/655 658/658/658 657/657/657
f 658/658/658 659/659/659 657/657/657
f 658/658/658 660/660/660 659/659/659
f 660/660/660 661/661/661 659/659/659
f 661/661/661 662/662/662 659/659/659
f 660/660/660 663/663/663 661/661/661
f 662/662/662 664/664/664 659/659/659
f 661/661/661 665/665/665 662/662/662
f 663/663/663 665/665/665 661/661/661
f 663/663/663 666/666/666 665/665/665
f 660/660/660 666/666/666 663/663/663
f 664/664/664 667/667/667 659/659/659
f 665/665/665 668/668/668 662/662/662
f 666/666/666 668/668/668 665/665/665
f 667/667/667 657/657/657 659/659/659
f 667/667/667 669/669/669 657/657/657
f 664/664/664 670/670/670 667/667/667
f 669/669/669 671/671/671 657/657/657
f 671/671/671 654/654/654 657/657/657
f 672/672/672 673/673/673 674/674/674
f 674/674/674 675/675/675 672/672/672
f 673/673/673 676/676/676 674/674/674
f 672/672/672 677/677/677 673/673/673
f 675/675/675 678/678/678 672/672/672
f 673/673/673 677/677/677 676/676/676
f 672/672/672 678/678/678 677/677/677
f 678/678/678 679/679/679 677/677/677
f 675/675/675 680/680/680 678/678/678
f 679/679/679 681/681/681 677/677/677
f 678/678/678 680/680/680 679/679/679
f 680/680/680 681/681/681 679/679/679
f 680/680/680 682/682/682 681/681/681
f 675/675/675 683/683/683 680/680/680
f 681/681/681 684/684/684 677/677/677
f 682/682/682 684/684/684 681/681/681
f 682/682/682 685/685/685 684/684/684
f 680/680/680 686/686/686 682/682/682
f 683/683/683 687/687/687 680/680/680
f 675/675/675 688/688/688 683/683/683
f 684/684/684 689/689/689 677/677/677
f 685/685/685 690/690/690 684/684/684
f 682/682/682 691/691/691 685/685/685
f 686/686/686 692/692/692 682/682/682
f 680/680/680 692/692/692 686/686/686
f 680/680/680 693/693/693 692/692/692
f 687/687/687 693/693/693 680/680/680
f 687/687/687 694/694/694 693/693/693
f 683/683/683 694/694/694 687/687/687
f 683/683/683 688/688/688 694/694/694
f 688/688/688 695/695/695 694/694/694
f 675/675/675 674/674/674 688/688/688
f 689/689/689 696/696/696 677/677/677
f 684/684/684 697/697/697 689/689/689
f 690/690/690 697/697/697 684/684/684
f 690/690/690 698/698/698 697/697/697
f 685/685/685 691/691/691 690/690/690
f 691/691/691 699/699/699 690/690/690
f 682/682/682 700/700/700 691/691/691
f 692/692/692 700/700/700 682/682/682
f 692/692/692 701/701/701 700/700/700
f 693/693/693 694/694/694 692/692/692
f 694/694/694 701/701/701 692/692/692
f 695/695/695 702/702/702 694/694/694
f 688/688/688 703/703/703 695/695/695
f 696/696/696 704/704/704 677/677/677
f 689/689/689 705/705/705 696/696/696
f 697/697/697 706/706/706 689/689/689
f 698/698/698 707/707/707 697/697/697
f 690/690/690 699/699/699 698/698/698
f 699/699/699 708/708/708 698/698/698
f 691/691/691 709/709/709 699/699/699
f 700/700/700 710/710/710 691/691/691
f 701/701/701 711/711/711 700/700/700
f 702/702/702 712/712/712 694/694/694
f 695/695/695 713/713/713 702/702/702
f 703/703/703 713/713/713 695/695/695
f 688/688/688 714/714/714 703/703/703
f 696/696/696 715/715/715 704/704/704
f 705/705/705 715/715/715 696/696/696
f 705/705/705 716/716/716 715/715/715
f 689/689/689 706/706/706 705/705/705
f 706/706/706 717/717/717 705/705/705
f 697/697/697 718/718/718 706/706/706
f 707/707/707 719/719/719 697/697/697
f 698/698/698 720/720/720 707/707/707
f 708/708/708 721/721/721 698/698/698
f 699/699/699 722/722/722 708/708/708
f 709/709/709 722/722/722 699/699/699
f 709/709/709 723/723/723 722/722/722
f 691/691/691 724/724/724 709/709/709
f 711/711/711 710/710/710 700/700/700
f 711/711/711 725/725/725 710/710/710
f 701/701/701 726/726/726 711/711/711
f 712/712/712 727/727/727 694/694/694
f 702/702/702 713/713/713 712/712/712
f 715/715/715 697/697/697 704/704/704
f 716/716/716 728/728/728 715/715/715
f 705/705/705 717/717/717 716/716/716
f 717/717/717 718/718/718 716/716/716
f 706/706/706 729/729/729 717/717/717
f 718/718/718 719/719/719 706/706/706
f 720/720/720 730/730/730 707/707/707
f 698/698/698 721/721/721 720/720/720
f 721/721/721 731/731/731 720/720/720
f 708/708/708 732/732/732 721/721/721
f 722/722/722 733/733/733 708/708/708
f 723/723/723 734/734/734 722/722/722
f 709/709/709 735/735/735 723/723/723
f 724/724/724 736/736/736 709/709/709
f 691/691/691 725/725/725 724/724/724
f 725/725/725 737/737/737 710/710/710
f 711/711/711 726/726/726 725/725/725
f 726/726/726 724/724/724 725/725/725
f 726/726/726 738/738/738 724/724/724
f 727/727/727 739/739/739 694/694/694
f 712/712/712 740/740/740 727/727/727
f 697/697/697 677/677/677 704/704/704
f 715/715/715 741/741/741 697/697/697
f 728/728/728 741/741/741 715/715/715
f 728/728/728 710/710/710 741/741/741
f 706/706/706 730/730/730 729/729/729
f 719/719/719 707/707/707 706/706/706
f 730/730/730 706/706/706 707/707/707
f 720/720/720 742/742/742 730/730/730
f 731/731/731 742/742/742 720/720/720
f 731/731/731 743/743/743 742/742/742
f 721/721/721 744/744/744 731/731/731
f 732/732/732 744/744/744 721/721/721
f 732/732/732 745/745/745 744/744/744
f 708/708/708 733/733/733 732/732/732
f 733/733/733 745/745/745 732/732/732
f 733/733/733 746/746/746 745/745/745
f 722/722/722 734/734/734 733/733/733
f 734/734/734 747/747/747 733/733/733
f 723/723/723 748/748/748 734/734/734
f 735/735/735 749/749/749 723/723/723
f 709/709/709 750/750/750 735/735/735
f 736/736/736 738/738/738 709/709/709
f 737/737/737 741/741/741 710/710/710
f 738/738/738 736/736/736 724/724/724
f 739/739/739 751/751/751 694/694/694
f 727/727/727 740/740/740 739/739/739
f 740/740/740 751/751/751 739/739/739
f 740/740/740 752/752/752 751/751/751
f 741/741/741 753/753/753 697/697/697
f 728/728/728 754/754/754 710/710/710
f 731/731/731 755/755/755 743/743/743
f 744/744/744 756/756/756 731/731/731
f 745/745/745 756/756/756 744/744/744
f 745/745/745 757/757/757 756/756/756
f 746/746/746 757/757/757 745/745/745
f 746/746/746 758/758/758 757/757/757
f 733/733/733 747/747/747 746/746/746
f 747/747/747 758/758/758 746/746/746
f 747/747/747 759/759/759 758/758/758
f 734/734/734 760/760/760 747/747/747
f 748/748/748 749/749/749 734/734/734
f 749/749/749 748/748/748 723/723/723
f 735/735/735 750/750/750 749/749/749
f 709/709/709 738/738/738 750/750/750
f 752/752/752 761/761/761 751/751/751
f 740/740/740 762/762/762 752/752/752
f 728/728/728 737/737/737 754/754/754
f 755/755/755 763/763/763 743/743/743
f 731/731/731 764/764/764 755/755/755
f 756/756/756 764/764/764 731/731/731
f 756/756/756 765/765/765 764/764/764
f 757/757/757 765/765/765 756/756/756
f 757/757/757 766/766/766 765/765/765
f 758/758/758 766/766/766 757/757/757
f 758/758/758 767/767/767 766/766/766
f 759/759/759 767/767/767 758/758/758
f 759/759/759 768/768/768 767/767/767
f 747/747/747 769/769/769 759/759/759
f 760/760/760 770/770/770 747/747/747
f 734/734/734 749/749/749 760/760/760
f 761/761/761 771/771/771 751/751/751
f 752/752/752 772/772/772 761/761/761
f 762/762/762 772/772/772 752/752/752
f 762/762/762 773/773/773 772/772/772
f 737/737/737 774/774/774 754/754/754
f 728/728/728 691/691/691 737/737/737
f 755/755/755 775/775/775 763/763/763
f 764/764/764 775/775/775 755/755/755
f 764/764/764 776/776/776 775/775/775
f 765/765/765 777/777/777 764/764/764
f 766/766/766 777/777/777 765/765/765
f 766/766/766 778/778/778 777/777/777
f 767/767/767 778/778/778 766/766/766
f 767/767/767 779/779/779 778/778/778
f 768/768/768 779/779/779 767/767/767
f 768/768/768 780/780/780 779/779/779
f 759/759/759 781/781/781 768/768/768
f 769/769/769 781/781/781 759/759/759
f 769/769/769 782/782/782 781/781/781
f 747/747/747 770/770/770 769/769/769
f 770/770/770 782/782/782 769/769/769
f 770/770/770 783/783/783 782/782/782
f 771/771/771 784/784/784 751/751/751
f 772/772/772 785/785/785 761/761/761
f 773/773/773 785/785/785 772/772/772
f 773/773/773 786/786/786 785/785/785
f 774/774/774 725/725/725 754/754/754
f 737/737/737 787/787/787 774/774/774
f 728/728/728 716/716/716 691/691/691
f 716/716/716 719/719/719 691/691/691
f 775/775/775 788/788/788 763/763/763
f 776/776/776 788/788/788 775/775/775
f 776/776/776 789/789/789 788/788/788
f 764/764/764 777/777/777 776/776/776
f 777/777/777 790/790/790 776/776/776
f 778/778/778 790/790/790 777/777/777
f 778/778/778 791/791/791 790/790/790
f 779/779/779 791/791/791 778/778/778
f 779/779/779 780/780/780 791/791/791
f 780/780/780 792/792/792 791/791/791
f 768/768/768 793/793/793 780/780/780
f 781/781/781 793/793/793 768/768/768
f 781/781/781 794/794/794 793/793/793
f 782/782/782 795/795/795 781/781/781
f 770/770/770 796/796/796 783/783/783
f 784/784/784 712/712/712 751/751/751
f 771/771/771 688/688/688 784/784/784
f 786/786/786 797/797/797 785/785/785
f 773/773/773 798/798/798 786/786/786
f 787/787/787 750/750/750 774/774/774
f 788/788/788 799/799/799 763/763/763
f 789/789/789 800/800/800 788/788/788
f 776/776/776 790/790/790 789/789/789
f 790/790/790 801/801/801 789/789/789
f 791/791/791 801/801/801 790/790/790
f 791/791/791 792/792/792 801/801/801
f 792/792/792 802/802/802 801/801/801
f 780/780/780 802/802/802 792/792/792
f 780/780/780 803/803/803 802/802/802
f 793/793/793 803/803/803 780/780/780
f 793/793/793 804/804/804 803/803/803
f 794/794/794 804/804/804 793/793/793
f 794/794/794 805/805/805 804/804/804
f 781/781/781 806/806/806 794/794/794
f 782/782/782 807/807/807 795/795/795
f 796/796/796 787/787/787 783/783/783
f 770/770/770 760/760/760 796/796/796
f 760/760/760 749/749/749 796/796/796
f 786/786/786 808/808/808 797/797/797
f 798/798/798 809/809/809 786/786/786
f 773/773/773 810/810/810 798/798/798
f 750/750/750 738/738/738 774/774/774
f 738/738/738 726/726/726 774/774/774
f 787/787/787 796/796/796 750/750/750
f 796/796/796 749/749/749 750/750/750
f 799/799/799 811/811/811 763/763/763
f 788/788/788 800/800/800 799/799/799
f 800/800/800 812/812/812 799/799/799
f 789/789/789 813/813/813 800/800/800
f 801/801/801 813/813/813 789/789/789
f 801/801/801 814/814/814 813/813/813
f 802/802/802 814/814/814 801/801/801
f 802/802/802 815/815/815 814/814/814
f 803/803/803 816/816/816 802/802/802
f 804/804/804 817/817/817 803/803/803
f 805/805/805 818/818/818 804/804/804
f 794/794/794 795/795/795 805/805/805
f 807/807/807 806/806/806 795/795/795
f 808/808/808 819/819/819 797/797/797
f 786/786/786 809/809/809 808/808/808
f 809/809/809 820/820/820 808/808/808
f 811/811/811 821/821/821 763/763/763
f 799/799/799 822/822/822 811/811/811
f 812/812/812 822/822/822 799/799/799
f 812/812/812 823/823/823 822/822/822
f 800/800/800 824/824/824 812/812/812
f 813/813/813 824/824/824 800/800/800
f 813/813/813 825/825/825 824/824/824
f 814/814/814 825/825/825 813/813/813
f 814/814/814 815/815/815 825/825/825
f 815/815/815 826/826/826 825/825/825
f 802/802/802 816/816/816 815/815/815
f 816/816/816 827/827/827 815/815/815
f 803/803/803 817/817/817 816/816/816
f 817/817/817 828/828/828 816/816/816
f 804/804/804 818/818/818 817/817/817
f 818/818/818 828/828/828 817/817/817
f 818/818/818 829/829/829 828/828/828
f 805/805/805 830/830/830 818/818/818
f 795/795/795 830/830/830 805/805/805
f 807/807/807 782/782/782 806/806/806
f 808/808/808 820/820/820 819/819/819
f 820/820/820 831/831/831 819/819/819
f 811/811/811 832/832/832 821/821/821
f 822/822/822 832/832/832 811/811/811
f 822/822/822 833/833/833 832/832/832
f 823/823/823 833/833/833 822/822/822
f 823/823/823 834/834/834 833/833/833
f 812/812/812 835/835/835 823/823/823
f 824/824/824 836/836/836 812/812/812
f 825/825/825 836/836/836 824/824/824
f 825/825/825 826/826/826 836/836/836
f 826/826/826 837/837/837 836/836/836
f 815/815/815 827/827/827 826/826/826
f 827/827/827 838/838/838 826/826/826
f 816/816/816 839/839/839 827/827/827
f 828/828/828 839/839/839 816/816/816
f 828/828/828 840/840/840 839/839/839
f 829/829/829 841/841/841 828/828/828
f 830/830/830 829/829/829 818/818/818
f 830/830/830 842/842/842 829/829/829
f 820/820/820 843/843/843 831/831/831
f 832/832/832 844/844/844 821/821/821
f 833/833/833 845/845/845 832/832/832
f 834/834/834 846/846/846 833/833/833
f 823/823/823 847/847/847 834/834/834
f 835/835/835 847/847/847 823/823/823
f 835/835/835 837/837/837 847/847/847
f 812/812/812 836/836/836 835/835/835
f 837/837/837 835/835/835 836/836/836
f 826/826/826 838/838/838 837/837/837
f 838/838/838 848/848/848 837/837/837
f 827/827/827 848/848/848 838/838/838
f 827/827/827 849/849/849 848/848/848
f 839/839/839 849/849/849 827/827/827
f 839/839/839 840/840/840 849/849/849
f 840/840/840 850/850/850 849/849/849
f 828/828/828 841/841/841 840/840/840
f 841/841/841 851/851/851 840/840/840
f 829/829/829 842/842/842 841/841/841
f 842/842/842 852/852/852 841/841/841
f 830/830/830 853/853/853 842/842/842
f 843/843/843 854/854/854 831/831/831
f 844/844/844 855/855/855 821/821/821
f 832/832/832 856/856/856 844/844/844
f 845/845/845 856/856/856 832/832/832
f 845/845/845 857/857/857 856/856/856
f 833/833/833 846/846/846 845/845/845
f 846/846/846 858/858/858 845/845/845
f 834/834/834 859/859/859 846/846/846
f 847/847/847 860/860/860 834/834/834
f 837/837/837 861/861/861 847/847/847
f 848/848/848 861/861/861 837/837/837
f 848/848/848 862/862/862 861/861/861
f 849/849/849 862/862/862 848/848/848
f 849/849/849 850/850/850 862/862/862
f 850/850/850 863/863/863 862/862/862
f 840/840/840 851/851/851 850/850/850
f 851/851/851 864/864/864 850/850/850
f 841/841/841 852/852/852 851/851/851
f 852/852/852 865/865/865 851/851/851
f 842/842/842 866/866/866 852/852/852
f 853/853/853 867/867/867 842/842/842
f 843/843/843 868/868/868 854/854/854
f 855/855/855 869/869/869 821/821/821
f 844/844/844 870/870/870 855/855/855
f 857/857/857 871/871/871 856/856/856
f 845/845/845 872/872/872 857/857/857
f 858/858/858 872/872/872 845/845/845
f 858/858/858 873/873/873 872/872/872
f 846/846/846 859/859/859 858/858/858
f 859/859/859 874/874/874 858/858/858
f 834/834/834 860/860/860 859/859/859
f 860/860/860 875/875/875 859/859/859
f 847/847/847 861/861/861 860/860/860
f 861/861/861 876/876/876 860/860/860
f 862/862/862 876/876/876 861/861/861
f 862/862/862 863/863/863 876/876/876
f 863/863/863 877/877/877 876/876/876
f 850/850/850 864/864/864 863/863/863
f 864/864/864 878/878/878 863/863/863
f 851/851/851 865/865/865 864/864/864
f 865/865/865 878/878/878 864/864/864
f 865/865/865 879/879/879 878/878/878
f 852/852/852 866/866/866 865/865/865
f 866/866/866 879/879/879 865/865/865
f 866/866/866 880/880/880 879/879/879
f 842/842/842 867/867/867 866/866/866
f 867/867/867 880/880/880 866/866/866
f 867/867/867 881/881/881 880/880/880
f 853/853/853 882/882/882 867/867/867
f 843/843/843 883/883/883 868/868/868
f 855/855/855 884/884/884 869/869/869
f 870/870/870 884/884/884 855/855/855
f 870/870/870 885/885/885 884/884/884
f 844/844/844 886/886/886 870/870/870
f 871/871/871 887/887/887 856/856/856
f 857/857/857 888/888/888 871/871/871
f 872/872/872 889/889/889 857/857/857
f 873/873/873 889/889/889 872/872/872
f 873/873/873 890/890/890 889/889/889
f 858/858/858 874/874/874 873/873/873
f 874/874/874 891/891/891 873/873/873
f 859/859/859 875/875/875 874/874/874
f 875/875/875 877/877/877 874/874/874
f 860/860/860 876/876/876 875/875/875
f 877/877/877 875/875/875 876/876/876
f 863/863/863 892/892/892 877/877/877
f 878/878/878 892/892/892 863/863/863
f 878/878/878 893/893/893 892/892/892
f 879/879/879 893/893/893 878/878/878
f 879/879/879 894/894/894 893/893/893
f 880/880/880 895/895/895 879/879/879
f 881/881/881 896/896/896 880/880/880
f 882/882/882 881/881/881 867/867/867
f 882/882/882 897/897/897 881/881/881
f 883/883/883 898/898/898 868/868/868
f 884/884/884 899/899/899 869/869/869
f 870/870/870 886/886/886 885/885/885
f 886/886/886 900/900/900 885/885/885
f 844/844/844 900/900/900 886/886/886
f 844/844/844 901/901/901 900/900/900
f 871/871/871 902/902/902 887/887/887
f 888/888/888 903/903/903 871/871/871
f 857/857/857 889/889/889 888/888/888
f 889/889/889 904/904/904 888/888/888
f 890/890/890 904/904/904 889/889/889
f 890/890/890 905/905/905 904/904/904
f 873/873/873 906/906/906 890/890/890
f 891/891/891 906/906/906 873/873/873
f 891/891/891 907/907/907 906/906/906
f 874/874/874 877/877/877 891/891/891
f 877/877/877 892/892/892 891/891/891
f 892/892/892 907/907/907 891/891/891
f 892/892/892 893/893/893 907/907/907
f 893/893/893 894/894/894 907/907/907
f 894/894/894 908/908/908 907/907/907
f 879/879/879 895/895/895 894/894/894
f 895/895/895 909/909/909 894/894/894
f 880/880/880 896/896/896 895/895/895
f 896/896/896 910/910/910 895/895/895
f 881/881/881 911/911/911 896/896/896
f 897/897/897 911/911/911 881/881/881
f 897/897/897 912/912/912 911/911/911
f 898/898/898 913/913/913 868/868/868
f 899/899/899 48/48/48 869/869/869
f 900/900/900 914/914/914 885/885/885
f 901/901/901 915/915/915 900/900/900
f 844/844/844 916/916/916 901/901/901
f 902/902/902 917/917/917 887/887/887
f 871/871/871 903/903/903 902/902/902
f 903/903/903 918/918/918 902/902/902
f 888/888/888 919/919/919 903/903/903
f 904/904/904 919/919/919 888/888/888
f 904/904/904 920/920/920 919/919/919
f 905/905/905 921/921/921 904/904/904
f 890/890/890 908/908/908 905/905/905
f 908/908/908 906/906/906 907/907/907
f 908/908/908 890/890/890 906/906/906
f 894/894/894 909/909/909 908/908/908
f 909/909/909 905/905/905 908/908/908
f 909/909/909 922/922/922 905/905/905
f 895/895/895 910/910/910 909/909/909
f 910/910/910 922/922/922 909/909/909
f 910/910/910 923/923/923 922/922/922
f 896/896/896 924/924/924 910/910/910
f 911/911/911 924/924/924 896/896/896
f 911/911/911 912/912/912 924/924/924
f 912/912/912 925/925/925 924/924/924
f 897/897/897 926/926/926 912/912/912
f 898/898/898 927/927/927 913/913/913
f 900/900/900 915/915/915 914/914/914
f 901/901/901 928/928/928 915/915/915
f 916/916/916 929/929/929 901/901/901
f 902/902/902 930/930/930 917/917/917
f 918/918/918 930/930/930 902/902/902
f 918/918/918 931/931/931 930/930/930
f 903/903/903 932/932/932 918/918/918
f 919/919/919 932/932/932 903/903/903
f 919/919/919 933/933/933 932/932/932
f 920/920/920 933/933/933 919/919/919
f 920/920/920 934/934/934 933/933/933
f 904/904/904 921/921/921 920/920/920
f 921/921/921 935/935/935 920/920/920
f 905/905/905 922/922/922 921/921/921
f 922/922/922 935/935/935 921/921/921
f 922/922/922 923/923/923 935/935/935
f 923/923/923 936/936/936 935/935/935
f 910/910/910 924/924/924 923/923/923
f 924/924/924 925/925/925 923/923/923
f 925/925/925 936/936/936 923/923/923
f 925/925/925 937/937/937 936/936/936
f 912/912/912 938/938/938 925/925/925
f 926/926/926 938/938/938 912/912/912
f 926/926/926 939/939/939 938/938/938
f 927/927/927 940/940/940 913/913/913
f 901/901/901 941/941/941 928/928/928
f 929/929/929 941/941/941 901/901/901
f 929/929/929 942/942/942 941/941/941
f 916/916/916 943/943/943 929/929/929
f 930/930/930 944/944/944 917/917/917
f 931/931/931 944/944/944 930/930/930
f 931/931/931 945/945/945 944/944/944
f 918/918/918 946/946/946 931/931/931
f 932/932/932 946/946/946 918/918/918
f 932/932/932 947/947/947 946/946/946
f 933/933/933 947/947/947 932/932/932
f 933/933/933 948/948/948 947/947/947
f 934/934/934 948/948/948 933/933/933
f 934/934/934 949/949/949 948/948/948
f 920/920/920 935/935/935 934/934/934
f 935/935/935 936/936/936 934/934/934
f 936/936/936 950/950/950 934/934/934
f 937/937/937 950/950/950 936/936/936
f 937/937/937 951/951/951 950/950/950
f 925/925/925 938/938/938 937/937/937
f 938/938/938 952/952/952 937/937/937
f 939/939/939 952/952/952 938/938/938
f 939/939/939 953/953/953 952/952/952
f 940/940/940 954/954/954 913/913/913
f 927/927/927 955/955/955 940/940/940
f 941/941/941 942/942/942 928/928/928
f 942/942/942 915/915/915 928/928/928
f 942/942/942 929/929/929 915/915/915
f 929/929/929 914/914/914 915/915/915
f 929/929/929 885/885/885 914/914/914
f 929/929/929 884/884/884 885/885/885
f 929/929/929 956/956/956 884/884/884
f 944/944/944 957/957/957 917/917/917
f 945/945/945 958/958/958 944/944/944
f 931/931/931 959/959/959 945/945/945
f 946/946/946 960/960/960 931/931/931
f 947/947/947 961/961/961 946/946/946
f 948/948/948 962/962/962 947/947/947
f 949/949/949 963/963/963 948/948/948
f 934/934/934 950/950/950 949/949/949
f 950/950/950 951/951/951 949/949/949
f 951/951/951 964/964/964 949/949/949
f 937/937/937 952/952/952 951/951/951
f 952/952/952 965/965/965 951/951/951
f 953/953/953 965/965/965 952/952/952
f 953/953/953 966/966/966 965/965/965
f 940/940/940 954/954/954 967/967/967
f 955/955/955 940/940/940 967/967/967
f 955/955/955 967/967/967 968/968/968
f 956/956/956 969/969/969 884/884/884
f 929/929/929 943/943/943 956/956/956
f 944/944/944 958/958/958 957/957/957
f 958/958/958 970/970/970 957/957/957
f 945/945/945 971/971/971 958/958/958
f 959/959/959 971/971/971 945/945/945
f 959/959/959 972/972/972 971/971/971
f 931/931/931 960/960/960 959/959/959
f 960/960/960 973/973/973 959/959/959
f 946/946/946 961/961/961 960/960/960
f 961/961/961 973/973/973 960/960/960
f 961/961/961 974/974/974 973/973/973
f 947/947/947 962/962/962 961/961/961
f 962/962/962 974/974/974 961/961/961
f 962/962/962 975/975/975 974/974/974
f 948/948/948 963/963/963 962/962/962
f 963/963/963 975/975/975 962/962/962
f 963/963/963 976/976/976 975/975/975
f 949/949/949 964/964/964 963/963/963
f 964/964/964 976/976/976 963/963/963
f 964/964/964 977/977/977 976/976/976
f 951/951/951 965/965/965 964/964/964
f 965/965/965 977/977/977 964/964/964
f 965/965/965 966/966/966 977/977/977
f 966/966/966 978/978/978 977/977/977
f 967/967/967 954/954/954 979/979/979
f 968/968/968 967/967/967 979/979/979
f 955/955/955 968/968/968 980/980/980
f 969/969/969 981/981/981 884/884/884
f 956/956/956 916/916/916 969/969/969
f 958/958/958 982/982/982 970/970/970
f 971/971/971 983/983/983 958/958/958
f 972/972/972 983/983/983 971/971/971
f 972/972/972 984/984/984 983/983/983
f 959/959/959 985/985/985 972/972/972
f 973/973/973 985/985/985 959/959/959
f 973/973/973 986/986/986 985/985/985
f 974/974/974 987/987/987 973/973/973
f 975/975/975 988/988/988 974/974/974
f 976/976/976 989/989/989 975/975/975
f 977/977/977 990/990/990 976/976/976
f 978/978/978 990/990/990 977/977/977
f 978/978/978 991/991/991 990/990/990
f 979/979/979 954/954/954 913/913/913
f 955/955/955 980/980/980 992/992/992
f 981/981/981 993/993/993 884/884/884
f 916/916/916 844/844/844 969/969/969
f 844/844/844 981/981/981 969/969/969
f 844/844/844 993/993/993 981/981/981
f 956/956/956 943/943/943 916/916/916
f 982/982/982 994/994/994 970/970/970
f 958/958/958 983/983/983 982/982/982
f 983/983/983 995/995/995 982/982/982
f 984/984/984 995/995/995 983/983/983
f 984/984/984 996/996/996 995/995/995
f 972/972/972 997/997/997 984/984/984
f 985/985/985 997/997/997 972/972/972
f 985/985/985 998/998/998 997/997/997
f 986/986/986 998/998/998 985/985/985
f 986/986/986 999/999/999 998/998/998
f 973/973/973 987/987/987 986/986/986
f 987/987/987 1000/1000/1000 986/986/986
f 974/974/974 988/988/988 987/987/987
f 988/988/988 1000/1000/1000 987/987/987
f 988/988/988 1001/1001/1001 1000/1000/1000
f 975/975/975 989/989/989 988/988/988
f 989/989/989 1001/1001/1001 988/988/988
f 989/989/989 1002/1002/1002 1001/1001/1001
f 976/976/976 990/990/990 989/989/989
f 990/990/990 1002/1002/1002 989/989/989
f 990/990/990 991/991/991 1002/1002/1002
f 991/991/991 1003/1003/1003 1002/1002/1002
f 992/992/992 980/980/980 1004/1004/1004
f 993/993/993 899/899/899 884/884/884
f 994/994/994 1005/1005/1005 970/970/970
f 982/982/982 1006/1006/1006 994/994/994
f 995/995/995 1007/1007/1007 982/982/982
f 996/996/996 1008/1008/1008 995/995/995
f 984/984/984 1009/1009/1009 996/996/996
f 997/997/997 1009/1009/1009 984/984/984
f 997/997/997 1010/1010/1010 1009/1009/1009
f 998/998/998 1010/1010/1010 997/997/997
f 998/998/998 1011/1011/1011 1010/1010/1010
f 999/999/999 1011/1011/1011 998/998/998
f 999/999/999 1012/1012/1012 1011/1011/1011
f 986/986/986 1000/1000/1000 999/999/999
f 1000/1000/1000 1013/1013/1013 999/999/999
f 1001/1001/1001 1013/1013/1013 1000/1000/1000
f 1001/1001/1001 1014/1014/1014 1013/1013/1013
f 1002/1002/1002 1014/1014/1014 1001/1001/1001
f 1002/1002/1002 1003/1003/1003 1014/1014/1014
f 1003/1003/1003 1015/1015/1015 1014/1014/1014
f 992/992/992 1004/1004/1004 1016/1016/1016
f 994/994/994 1017/1017/1017 1005/1005/1005
f 1006/1006/1006 1017/1017/1017 994/994/994
f 982/982/982 1007/1007/1007 1006/1006/1006
f 1007/1007/1007 1018/1018/1018 1006/1006/1006
f 995/995/995 1008/1008/1008 1007/1007/1007
f 1008/1008/1008 1019/1019/1019 1007/1007/1007
f 996/996/996 1020/1020/1020 1008/1008/1008
f 1009/1009/1009 1020/1020/1020 996/996/996
f 1009/1009/1009 1021/1021/1021 1020/1020/1020
f 1010/1010/1010 1021/1021/1021 1009/1009/1009
f 1010/1010/1010 1022/1022/1022 1021/1021/1021
f 1011/1011/1011 1022/1022/1022 1010/1010/1010
f 1011/1011/1011 1012/1012/1012 1022/1022/1022
f 1012/1012/1012 1023/1023/1023 1022/1022/1022
f 999/999/999 1013/1013/1013 1012/1012/1012
f 1013/1013/1013 1024/1024/1024 1012/1012/1012
f 1014/1014/1014 1025/1025/1025 1013/1013/1013
f 1015/1015/1015 1025/1025/1025 1014/1014/1014
f 1015/1015/1015 1026/1026/1026 1025/1025/1025
f 1016/1016/1016 1004/1004/1004 1027/1027/1027
f 1017/1017/1017 1028/1028/1028 1005/1005/1005
f 1007/1007/1007 1019/1019/1019 1018/1018/1018
f 1019/1019/1019 1029/1029/1029 1018/1018/1018
f 1008/1008/1008 1030/1030/1030 1019/1019/1019
f 1020/1020/1020 1030/1030/1030 1008/1008/1008
f 1020/1020/1020 1031/1031/1031 1030/1030/1030
f 1021/1021/1021 1031/1031/1031 1020/1020/1020
f 1021/1021/1021 1032/1032/1032 1031/1031/1031
f 1022/1022/1022 1032/1032/1032 1021/1021/1021
f 1022/1022/1022 1023/1023/1023 1032/1032/1032
f 1023/1023/1023 1033/1033/1033 1032/1032/1032
f 1012/1012/1012 1034/1034/1034 1023/1023/1023
f 1024/1024/1024 1034/1034/1034 1012/1012/1012
f 1024/1024/1024 1035/1035/1035 1034/1034/1034
f 1013/1013/1013 1025/1025/1025 1024/1024/1024
f 1025/1025/1025 1026/1026/1026 1024/1024/1024
f 1026/1026/1026 1035/1035/1035 1024/1024/1024
f 1016/1016/1016 1027/1027/1027 1036/1036/1036
f 1028/1028/1028 1037/1037/1037 1005/1005/1005
f 1017/1017/1017 1038/1038/1038 1028/1028/1028
f 1029/1029/1029 1039/1039/1039 1018/1018/1018
f 1019/1019/1019 1040/1040/1040 1029/1029/1029
f 1030/1030/1030 1041/1041/1041 1019/1019/1019
f 1031/1031/1031 1042/1042/1042 1030/1030/1030
f 1032/1032/1032 1043/1043/1043 1031/1031/1031
f 1033/1033/1033 1043/1043/1043 1032/1032/1032
f 1033/1033/1033 1044/1044/1044 1043/1043/1043
f 1023/1023/1023 1045/1045/1045 1033/1033/1033
f 1034/1034/1034 1045/1045/1045 1023/1023/1023
f 1034/1034/1034 1046/1046/1046 1045/1045/1045
f 1035/1035/1035 1046/1046/1046 1034/1034/1034
f 1036/1036/1036 1027/1027/1027 1047/1047/1047
f 1037/1037/1037 1048/1048/1048 1005/1005/1005
f 1028/1028/1028 1049/1049/1049 1037/1037/1037
f 1038/1038/1038 1049/1049/1049 1028/1028/1028
f 1038/1038/1038 1050/1050/1050 1049/1049/1049
f 1017/1017/1017 1051/1051/1051 1038/1038/1038
f 1039/1039/1039 1052/1052/1052 1018/1018/1018
f 1040/1040/1040 1053/1053/1053 1029/1029/1029
f 1019/1019/1019 1041/1041/1041 1040/1040/1040
f 1041/1041/1041 1054/1054/1054 1040/1040/1040
f 1030/1030/1030 1042/1042/1042 1041/1041/1041
f 1042/1042/1042 1054/1054/1054 1041/1041/1041
f 1042/1042/1042 1055/1055/1055 1054/1054/1054
f 1031/1031/1031 1043/1043/1043 1042/1042/1042
f 1043/1043/1043 1055/1055/1055 1042/1042/1042
f 1043/1043/1043 1044/1044/1044 1055/1055/1055
f 1044/1044/1044 1056/1056/1056 1055/1055/1055
f 1033/1033/1033 1057/1057/1057 1044/1044/1044
f 1045/1045/1045 1057/1057/1057 1033/1033/1033
f 1045/1045/1045 1058/1058/1058 1057/1057/1057
f 1046/1046/1046 1058/1058/1058 1045/1045/1045
f 1047/1047/1047 1027/1027/1027 1059/1059/1059
f 1048/1048/1048 970/970/970 1005/1005/1005
f 1037/1037/1037 1060/1060/1060 1048/1048/1048
f 1049/1049/1049 258/258/258 1037/1037/1037
f 1050/1050/1050 1060/1060/1060 1049/1049/1049
f 1038/1038/1038 1051/1051/1051 1050/1050/1050
f 1051/1051/1051 1061/1061/1061 1050/1050/1050
f 1017/1017/1017 1061/1061/1061 1051/1051/1051
f 1017/1017/1017 1062/1062/1062 1061/1061/1061
f 1053/1053/1053 1039/1039/1039 1029/1029/1029
f 1053/1053/1053 1063/1063/1063 1039/1039/1039
f 1040/1040/1040 1064/1064/1064 1053/1053/1053
f 1054/1054/1054 1064/1064/1064 1040/1040/1040
f 1054/1054/1054 1065/1065/1065 1064/1064/1064
f 1055/1055/1055 1065/1065/1065 1054/1054/1054
f 1055/1055/1055 1056/1056/1056 1065/1065/1065
f 1056/1056/1056 1066/1066/1066 1065/1065/1065
f 1044/1044/1044 1057/1057/1057 1056/1056/1056
f 1057/1057/1057 1067/1067/1067 1056/1056/1056
f 1058/1058/1058 1068/1068/1068 1057/1057/1057
f 1047/1047/1047 1059/1059/1059 1069/1069/1069
f 1060/1060/1060 1070/1070/1070 1048/1048/1048
f 258/258/258 237/237/237 1037/1037/1037
f 237/237/237 226/226/226 1037/1037/1037
f 1050/1050/1050 1071/1071/1071 1060/1060/1060
f 1061/1061/1061 1071/1071/1071 1050/1050/1050
f 1061/1061/1061 1072/1072/1072 1071/1071/1071
f 1062/1062/1062 1072/1072/1072 1061/1061/1061
f 1062/1062/1062 1073/1073/1073 1072/1072/1072
f 1063/1063/1063 1052/1052/1052 1039/1039/1039
f 1063/1063/1063 1074/1074/1074 1052/1052/1052
f 1053/1053/1053 1075/1075/1075 1063/1063/1063
f 1064/1064/1064 1075/1075/1075 1053/1053/1053
f 1064/1064/1064 1076/1076/1076 1075/1075/1075
f 1065/1065/1065 1076/1076/1076 1064/1064/1064
f 1065/1065/1065 1066/1066/1066 1076/1076/1076
f 1066/1066/1066 1077/1077/1077 1076/1076/1076
f 1056/1056/1056 1067/1067/1067 1066/1066/1066
f 1067/1067/1067 1078/1078/1078 1066/1066/1066
f 1057/1057/1057 1068/1068/1068 1067/1067/1067
f 1068/1068/1068 1079/1079/1079 1067/1067/1067
f 1069/1069/1069 1059/1059/1059 1080/1080/1080
f 1060/1060/1060 1081/1081/1081 1070/1070/1070
f 1071/1071/1071 1082/1082/1082 1060/1060/1060
f 1072/1072/1072 1073/1073/1073 1071/1071/1071
f 1073/1073/1073 1083/1083/1083 1071/1071/1071
f 1062/1062/1062 1084/1084/1084 1073/1073/1073
f 1074/1074/1074 1085/1085/1085 1052/1052/1052
f 1075/1075/1075 1086/1086/1086 1063/1063/1063
f 1076/1076/1076 1087/1087/1087 1075/1075/1075
f 1077/1077/1077 1087/1087/1087 1076/1076/1076
f 1077/1077/1077 1088/1088/1088 1087/1087/1087
f 1066/1066/1066 1078/1078/1078 1077/1077/1077
f 1078/1078/1078 1089/1089/1089 1077/1077/1077
f 1067/1067/1067 1079/1079/1079 1078/1078/1078
f 1079/1079/1079 1090/1090/1090 1078/1078/1078
f 1068/1068/1068 1091/1091/1091 1079/1079/1079
f 1080/1080/1080 1059/1059/1059 1092/1092/1092
f 1069/1069/1069 1080/1080/1080 1093/1093/1093
f 1081/1081/1081 1094/1094/1094 1070/1070/1070
f 1060/1060/1060 1095/1095/1095 1081/1081/1081
f 1082/1082/1082 1095/1095/1095 1060/1060/1060
f 1082/1082/1082 1096/1096/1096 1095/1095/1095
f 1071/1071/1071 1096/1096/1096 1082/1082/1082
f 1071/1071/1071 1083/1083/1083 1096/1096/1096
f 1083/1083/1083 1097/1097/1097 1096/1096/1096
f 1073/1073/1073 1098/1098/1098 1083/1083/1083
f 1084/1084/1084 1099/1099/1099 1073/1073/1073
f 1062/1062/1062 1100/1100/1100 1084/1084/1084
f 1085/1085/1085 1101/1101/1101 1052/1052/1052
f 1074/1074/1074 1102/1102/1102 1085/1085/1085
f 1086/1086/1086 1103/1103/1103 1063/1063/1063
f 1075/1075/1075 1087/1087/1087 1086/1086/1086
f 1087/1087/1087 1088/1088/1088 1086/1086/1086
f 1088/1088/1088 1104/1104/1104 1086/1086/1086
f 1077/1077/1077 1105/1105/1105 1088/1088/1088
f 1089/1089/1089 1105/1105/1105 1077/1077/1077
f 1078/1078/1078 1090/1090/1090 1089/1089/1089
f 1090/1090/1090 1106/1106/1106 1089/1089/1089
f 1079/1079/1079 1107/1107/1107 1090/1090/1090
f 1091/1091/1091 1107/1107/1107 1079/1079/1079
f 1068/1068/1068 1108/1108/1108 1091/1091/1091
f 1080/1080/1080 1092/1092/1092 1093/1093/1093
f 1093/1093/1093 1092/1092/1092 1109/1109/1109
f 1069/1069/1069 1093/1093/1093 1110/1110/1110
f 1094/1094/1094 1062/1062/1062 1070/1070/1070
f 1081/1081/1081 1111/1111/1111 1094/1094/1094
f 1095/1095/1095 1112/1112/1112 1081/1081/1081
f 1096/1096/1096 1113/1113/1113 1095/1095/1095
f 1097/1097/1097 1114/1114/1114 1096/1096/1096
f 1083/1083/1083 1098/1098/1098 1097/1097/1097
f 1098/1098/1098 1115/1115/1115 1097/1097/1097
f 1073/1073/1073 1116/1116/1116 1098/1098/1098
f 1099/1099/1099 1117/1117/1117 1073/1073/1073
f 1084/1084/1084 1118/1118/1118 1099/1099/1099
f 1062/1062/1062 1094/1094/1094 1100/1100/1100
f 1094/1094/1094 1111/1111/1111 1100/1100/1100
f 1111/1111/1111 1119/1119/1119 1100/1100/1100
f 1101/1101/1101 1120/1120/1120 1052/1052/1052
f 1085/1085/1085 1121/1121/1121 1101/1101/1101
f 1102/1102/1102 1122/1122/1122 1085/1085/1085
f 1074/1074/1074 1123/1123/1123 1102/1102/1102
f 1103/1103/1103 1124/1124/1124 1063/1063/1063
f 1086/1086/1086 1104/1104/1104 1103/1103/1103
f 1068/1068/1068 1058/1058/1058 1108/1108/1108
f 1058/1058/1058 1046/1046/1046 1108/1108/1108
f 1046/1046/1046 1125/1125/1125 1108/1108/1108
f 1109/1109/1109 1092/1092/1092 1126/1126/1126
f 1093/1093/1093 1109/1109/1109 1110/1110/1110
f 1110/1110/1110 1109/1109/1109 1127/1127/1127
f 1081/1081/1081 1119/1119/1119 1111/1111/1111
f 1081/1081/1081 1128/1128/1128 1119/1119/1119
f 1095/1095/1095 1113/1113/1113 1112/1112/1112
f 1113/1113/1113 1114/1114/1114 1112/1112/1112
f 1114/1114/1114 1113/1113/1113 1096/1096/1096
f 1097/1097/1097 1115/1115/1115 1114/1114/1114
f 1115/1115/1115 1129/1129/1129 1114/1114/1114
f 1098/1098/1098 1130/1130/1130 1115/1115/1115
f 1116/1116/1116 1131/1131/1131 1098/1098/1098
f 1073/1073/1073 1121/1121/1121 1116/1116/1116
f 1099/1099/1099 1132/1132/1132 1117/1117/1117
f 1118/1118/1118 1132/1132/1132 1099/1099/1099
f 1118/1118/1118 1133/1133/1133 1132/1132/1132
f 1084/1084/1084 1128/1128/1128 1118/1118/1118
f 1119/1119/1119 1084/1084/1084 1100/1100/1100
f 1120/1120/1120 1124/1124/1124 1052/1052/1052
f 1101/1101/1101 1134/1134/1134 1120/1120/1120
f 1121/1121/1121 1135/1135/1135 1101/1101/1101
f 1085/1085/1085 1122/1122/1122 1121/1121/1121
f 1122/1122/1122 1116/1116/1116 1121/1121/1121
f 1122/1122/1122 1136/1136/1136 1116/1116/1116
f 1102/1102/1102 1137/1137/1137 1122/1122/1122
f 1123/1123/1123 1137/1137/1137 1102/1102/1102
f 1123/1123/1123 1138/1138/1138 1137/1137/1137
f 1103/1103/1103 1139/1139/1139 1124/1124/1124
f 1046/1046/1046 1035/1035/1035 1125/1125/1125
f 1035/1035/1035 1026/1026/1026 1125/1125/1125
f 1026/1026/1026 1140/1140/1140 1125/1125/1125
f 1126/1126/1126 1092/1092/1092 1141/1141/1141
f 1109/1109/1109 1126/1126/1126 1127/1127/1127
f 1127/1127/1127 1126/1126/1126 1142/1142/1142
f 1128/1128/1128 1084/1084/1084 1119/1119/1119
f 1081/1081/1081 1114/1114/1114 1128/1128/1128
f 1115/1115/1115 1143/1143/1143 1129/1129/1129
f 1130/1130/1130 1143/1143/1143 1115/1115/1115
f 1130/1130/1130 1144/1144/1144 1143/1143/1143
f 1098/1098/1098 1131/1131/1131 1130/1130/1130
f 1131/1131/1131 1145/1145/1145 1130/1130/1130
f 1116/1116/1116 1136/1136/1136 1131/1131/1131
f 1136/1136/1136 1146/1146/1146 1131/1131/1131
f 1073/1073/1073 1135/1135/1135 1121/1121/1121
f 1073/1073/1073 1147/1147/1147 1135/1135/1135
f 1132/1132/1132 1148/1148/1148 1117/1117/1117
f 1133/1133/1133 1148/1148/1148 1132/1132/1132
f 1118/1118/1118 1128/1128/1128 1133/1133/1133
f 1128/1128/1128 1130/1130/1130 1133/1133/1133
f 1120/1120/1120 1149/1149/1149 1124/1124/1124
f 1101/1101/1101 1150/1150/1150 1134/1134/1134
f 1135/1135/1135 1147/1147/1147 1101/1101/1101
f 1147/1147/1147 1151/1151/1151 1101/1101/1101
f 1122/1122/1122 1152/1152/1152 1136/1136/1136
f 1137/1137/1137 1152/1152/1152 1122/1122/1122
f 1137/1137/1137 1138/1138/1138 1152/1152/1152
f 1138/1138/1138 1153/1153/1153 1152/1152/1152
f 1123/1123/1123 1154/1154/1154 1138/1138/1138
f 1103/1103/1103 1155/1155/1155 1139/1139/1139
f 1026/1026/1026 1015/1015/1015 1140/1140/1140
f 1015/1015/1015 1156/1156/1156 1140/1140/1140
f 1126/1126/1126 1141/1141/1141 1157/1157/1157
f 1142/1142/1142 1126/1126/1126 1158/1158/1158
f 1114/1114/1114 1129/1129/1129 1128/1128/1128
f 1129/1129/1129 1143/1143/1143 1128/1128/1128
f 1081/1081/1081 1159/1159/1159 1114/1114/1114
f 1131/1131/1131 1146/1146/1146 1145/1145/1145
f 1146/1146/1146 1160/1160/1160 1145/1145/1145
f 1136/1136/1136 1161/1161/1161 1146/1146/1146
f 1073/1073/1073 1117/1117/1117 1147/1147/1147
f 1117/1117/1117 1151/1151/1151 1147/1147/1147
f 1117/1117/1117 1162/1162/1162 1151/1151/1151
f 1148/1148/1148 1101/1101/1101 1117/1117/1117
f 1130/1130/1130 1146/1146/1146 1133/1133/1133
f 1152/1152/1152 1161/1161/1161 1136/1136/1136
f 1152/1152/1152 1153/1153/1153 1161/1161/1161
f 1153/1153/1153 1163/1163/1163 1161/1161/1161
f 1138/1138/1138 1164/1164/1164 1153/1153/1153
f 1154/1154/1154 1164/1164/1164 1138/1138/1138
f 1154/1154/1154 1165/1165/1165 1164/1164/1164
f 1155/1155/1155 1052/1052/1052 1139/1139/1139
f 1103/1103/1103 1166/1166/1166 1155/1155/1155
f 1015/1015/1015 1003/1003/1003 1156/1156/1156
f 1003/1003/1003 991/991/991 1156/1156/1156
f 991/991/991 1167/1167/1167 1156/1156/1156
f 1126/1126/1126 1157/1157/1157 1158/1158/1158
f 1158/1158/1158 1157/1157/1157 1168/1168/1168
f 1142/1142/1142 1158/1158/1158 1169/1169/1169
f 1159/1159/1159 1170/1170/1170 1114/1114/1114
f 1081/1081/1081 1112/1112/1112 1159/1159/1159
f 1160/1160/1160 1171/1171/1171 1145/1145/1145
f 1146/1146/1146 1172/1172/1172 1160/1160/1160
f 1162/1162/1162 1173/1173/1173 1151/1151/1151
f 1117/1117/1117 1174/1174/1174 1162/1162/1162
f 1146/1146/1146 1148/1148/1148 1133/1133/1133
f 1146/1146/1146 1161/1161/1161 1148/1148/1148
f 1163/1163/1163 1172/1172/1172 1161/1161/1161
f 1153/1153/1153 1175/1175/1175 1163/1163/1163
f 1164/1164/1164 1175/1175/1175 1153/1153/1153
f 1164/1164/1164 1176/1176/1176 1175/1175/1175
f 1165/1165/1165 1176/1176/1176 1164/1164/1164
f 1165/1165/1165 1177/1177/1177 1176/1176/1176
f 1166/1166/1166 1134/1134/1134 1155/1155/1155
f 1158/1158/1158 1168/1168/1168 1178/1178/1178
f 1169/1169/1169 1158/1158/1158 1179/1179/1179
f 1142/1142/1142 1169/1169/1169 1179/1179/1179
f 1142/1142/1142 1179/1179/1179 1180/1180/1180
f 1170/1170/1170 1143/1143/1143 1114/1114/1114
f 1159/1159/1159 1181/1181/1181 1170/1170/1170
f 1171/1171/1171 1144/1144/1144 1145/1145/1145
f 1160/1160/1160 1182/1182/1182 1171/1171/1171
f 1172/1172/1172 1183/1183/1183 1160/1160/1160
f 1173/1173/1173 1184/1184/1184 1151/1151/1151
f 1162/1162/1162 1174/1174/1174 1173/1173/1173
f 1174/1174/1174 1185/1185/1185 1173/1173/1173
f 1117/1117/1117 1185/1185/1185 1174/1174/1174
f 1117/1117/1117 1186/1186/1186 1185/1185/1185
f 1163/1163/1163 1187/1187/1187 1172/1172/1172
f 1175/1175/1175 1188/1188/1188 1163/1163/1163
f 1176/1176/1176 1189/1189/1189 1175/1175/1175
f 1177/1177/1177 1190/1190/1190 1176/1176/1176
f 1178/1178/1178 1168/1168/1168 1191/1191/1191
f 1158/1158/1158 1178/1178/1178 1192/1192/1192
f 1179/1179/1179 1158/1158/1158 1192/1192/1192
f 1179/1179/1179 1192/1192/1192 1180/1180/1180
f 1180/1180/1180 1192/1192/1192 1193/1193/1193
f 1142/1142/1142 1180/1180/1180 1193/1193/1193
f 1170/1170/1170 1194/1194/1194 1143/1143/1143
f 1181/1181/1181 1194/1194/1194 1170/1170/1170
f 1181/1181/1181 1195/1195/1195 1194/1194/1194
f 1160/1160/1160 1183/1183/1183 1182/1182/1182
f 1183/1183/1183 1196/1196/1196 1182/1182/1182
f 1172/1172/1172 1187/1187/1187 1183/1183/1183
f 1187/1187/1187 1197/1197/1197 1183/1183/1183
f 1184/1184/1184 1150/1150/1150 1151/1151/1151
f 1185/1185/1185 1198/1198/1198 1173/1173/1173
f 1186/1186/1186 1198/1198/1198 1185/1185/1185
f 1186/1186/1186 1199/1199/1199 1198/1198/1198
f 1163/1163/1163 1188/1188/1188 1187/1187/1187
f 1188/1188/1188 1197/1197/1197 1187/1187/1187
f 1188/1188/1188 1200/1200/1200 1197/1197/1197
f 1175/1175/1175 1200/1200/1200 1188/1188/1188
f 1175/1175/1175 1189/1189/1189 1200/1200/1200
f 1189/1189/1189 1201/1201/1201 1200/1200/1200
f 1176/1176/1176 1190/1190/1190 1189/1189/1189
f 1190/1190/1190 1202/1202/1202 1189/1189/1189
f 1177/1177/1177 1203/1203/1203 1190/1190/1190
f 1191/1191/1191 1168/1168/1168 1204/1204/1204
f 1178/1178/1178 1191/1191/1191 1192/1192/1192
f 1192/1192/1192 1191/1191/1191 1193/1193/1193
f 1193/1193/1193 1191/1191/1191 1205/1205/1205
f 1181/1181/1181 1206/1206/1206 1195/1195/1195
f 1183/1183/1183 1207/1207/1207 1196/1196/1196
f 1197/1197/1197 1207/1207/1207 1183/1183/1183
f 1197/1197/1197 1208/1208/1208 1207/1207/1207
f 1198/1198/1198 1209/1209/1209 1173/1173/1173
f 1199/1199/1199 1210/1210/1210 1198/1198/1198
f 1200/1200/1200 1208/1208/1208 1197/1197/1197
f 1200/1200/1200 1201/1201/1201 1208/1208/1208
f 1201/1201/1201 1211/1211/1211 1208/1208/1208
f 1189/1189/1189 1202/1202/1202 1201/1201/1201
f 1202/1202/1202 1212/1212/1212 1201/1201/1201
f 1190/1190/1190 1213/1213/1213 1202/1202/1202
f 1203/1203/1203 1213/1213/1213 1190/1190/1190
f 1203/1203/1203 1214/1214/1214 1213/1213/1213
f 1204/1204/1204 1168/1168/1168 1157/1157/1157
f 1205/1205/1205 1191/1191/1191 1215/1215/1215
f 1181/1181/1181 1216/1216/1216 1206/1206/1206
f 1207/1207/1207 1217/1217/1217 1196/1196/1196
f 1208/1208/1208 1218/1218/1218 1207/1207/1207
f 1198/1198/1198 1219/1219/1219 1209/1209/1209
f 1210/1210/1210 1219/1219/1219 1198/1198/1198
f 1211/1211/1211 1218/1218/1218 1208/1208/1208
f 1211/1211/1211 1220/1220/1220 1218/1218/1218
f 1201/1201/1201 1212/1212/1212 1211/1211/1211
f 1212/1212/1212 1221/1221/1221 1211/1211/1211
f 1202/1202/1202 1222/1222/1222 1212/1212/1212
f 1213/1213/1213 1222/1222/1222 1202/1202/1202
f 1213/1213/1213 1223/1223/1223 1222/1222/1222
f 1214/1214/1214 1223/1223/1223 1213/1213/1213
f 1214/1214/1214 1224/1224/1224 1223/1223/1223
f 1215/1215/1215 1191/1191/1191 1225/1225/1225
f 1181/1181/1181 1226/1226/1226 1216/1216/1216
f 1207/1207/1207 1218/1218/1218 1217/1217/1217
f 1218/1218/1218 1227/1227/1227 1217/1217/1217
f 1219/1219/1219 1228/1228/1228 1209/1209/1209
f 1220/1220/1220 1227/1227/1227 1218/1218/1218
f 1220/1220/1220 1229/1229/1229 1227/1227/1227
f 1211/1211/1211 1221/1221/1221 1220/1220/1220
f 1221/1221/1221 1230/1230/1230 1220/1220/1220
f 1212/1212/1212 1231/1231/1231 1221/1221/1221
f 1222/1222/1222 1231/1231/1231 1212/1212/1212
f 1222/1222/1222 1232/1232/1232 1231/1231/1231
f 1223/1223/1223 1232/1232/1232 1222/1222/1222
f 1223/1223/1223 1233/1233/1233 1232/1232/1232
f 1224/1224/1224 1233/1233/1233 1223/1223/1223
f 1224/1224/1224 1234/1234/1234 1233/1233/1233
f 1225/1225/1225 1191/1191/1191 1235/1235/1235
f 1181/1181/1181 1236/1236/1236 1226/1226/1226
f 1219/1219/1219 1237/1237/1237 1228/1228/1228
f 1220/1220/1220 1230/1230/1230 1229/1229/1229
f 1230/1230/1230 1238/1238/1238 1229/1229/1229
f 1221/1221/1221 1239/1239/1239 1230/1230/1230
f 1231/1231/1231 1240/1240/1240 1221/1221/1221
f 1232/1232/1232 1240/1240/1240 1231/1231/1231
f 1232/1232/1232 1241/1241/1241 1240/1240/1240
f 1233/1233/1233 1241/1241/1241 1232/1232/1232
f 1233/1233/1233 1242/1242/1242 1241/1241/1241
f 1234/1234/1234 1242/1242/1242 1233/1233/1233
f 1234/1234/1234 1243/1243/1243 1242/1242/1242
f 1235/1235/1235 1191/1191/1191 1204/1204/1204
f 1235/1235/1235 1204/1204/1204 1244/1244/1244
f 1225/1225/1225 1235/1235/1235 1245/1245/1245
f 1236/1236/1236 1246/1246/1246 1226/1226/1226
f 1237/1237/1237 1247/1247/1247 1228/1228/1228
f 1219/1219/1219 1248/1248/1248 1237/1237/1237
f 1230/1230/1230 1249/1249/1249 1238/1238/1238
f 1239/1239/1239 1249/1249/1249 1230/1230/1230
f 1239/1239/1239 1250/1250/1250 1249/1249/1249
f 1221/1221/1221 1240/1240/1240 1239/1239/1239
f 1240/1240/1240 1251/1251/1251 1239/1239/1239
f 1241/1241/1241 1251/1251/1251 1240/1240/1240
f 1241/1241/1241 1252/1252/1252 1251/1251/1251
f 1242/1242/1242 1252/1252/1252 1241/1241/1241
f 1242/1242/1242 1253/1253/1253 1252/1252/1252
f 1243/1243/1243 1253/1253/1253 1242/1242/1242
f 1243/1243/1243 1254/1254/1254 1253/1253/1253
f 1244/1244/1244 1204/1204/1204 1255/1255/1255
f 1235/1235/1235 1244/1244/1244 1245/1245/1245
f 1245/1245/1245 1244/1244/1244 1256/1256/1256
f 1225/1225/1225 1245/1245/1245 1257/1257/1257
f 1236/1236/1236 1258/1258/1258 1246/1246/1246
f 1237/1237/1237 1259/1259/1259 1247/1247/1247
f 1248/1248/1248 1259/1259/1259 1237/1237/1237
f 1248/1248/1248 1260/1260/1260 1259/1259/1259
f 1219/1219/1219 1210/1210/1210 1248/1248/1248
f 1249/1249/1249 1261/1261/1261 1238/1238/1238
f 1250/1250/1250 1262/1262/1262 1249/1249/1249
f 1239/1239/1239 1251/1251/1251 1250/1250/1250
f 1251/1251/1251 1263/1263/1263 1250/1250/1250
f 1252/1252/1252 1264/1264/1264 1251/1251/1251
f 1253/1253/1253 1265/1265/1265 1252/1252/1252
f 1254/1254/1254 1265/1265/1265 1253/1253/1253
f 1254/1254/1254 1266/1266/1266 1265/1265/1265
f 1243/1243/1243 1267/1267/1267 1254/1254/1254
f 1255/1255/1255 1204/1204/1204 1157/1157/1157
f 1245/1245/1245 1256/1256/1256 1268/1268/1268
f 1225/1225/1225 1257/1257/1257 1269/1269/1269
f 1258/1258/1258 1261/1261/1261 1246/1246/1246
f 1236/1236/1236 1270/1270/1270 1258/1258/1258
f 1259/1259/1259 1271/1271/1271 1247/1247/1247
f 1260/1260/1260 1272/1272/1272 1259/1259/1259
f 1249/1249/1249 1262/1262/1262 1261/1261/1261
f 1262/1262/1262 1273/1273/1273 1261/1261/1261
f 1250/1250/1250 1263/1263/1263 1262/1262/1262
f 1263/1263/1263 1274/1274/1274 1262/1262/1262
f 1251/1251/1251 1264/1264/1264 1263/1263/1263
f 1264/1264/1264 1275/1275/1275 1263/1263/1263
f 1252/1252/1252 1265/1265/1265 1264/1264/1264
f 1265/1265/1265 1276/1276/1276 1264/1264/1264
f 1266/1266/1266 1276/1276/1276 1265/1265/1265
f 1266/1266/1266 1277/1277/1277 1276/1276/1276
f 1254/1254/1254 1278/1278/1278 1266/1266/1266
f 1267/1267/1267 1279/1279/1279 1254/1254/1254
f 1268/1268/1268 1256/1256/1256 1280/1280/1280
f 1245/1245/1245 1268/1268/1268 1257/1257/1257
f 1257/1257/1257 1268/1268/1268 1269/1269/1269
f 1269/1269/1269 1268/1268/1268 1281/1281/1281
f 1258/1258/1258 1282/1282/1282 1261/1261/1261
f 1270/1270/1270 1283/1283/1283 1258/1258/1258
f 1236/1236/1236 1181/1181/1181 1270/1270/1270
f 1259/1259/1259 1284/1284/1284 1271/1271/1271
f 1272/1272/1272 1284/1284/1284 1259/1259/1259
f 1272/1272/1272 1285/1285/1285 1284/1284/1284
f 1262/1262/1262 1274/1274/1274 1273/1273/1273
f 1274/1274/1274 1282/1282/1282 1273/1273/1273
f 1263/1263/1263 1275/1275/1275 1274/1274/1274
f 1275/1275/1275 1286/1286/1286 1274/1274/1274
f 1264/1264/1264 1276/1276/1276 1275/1275/1275
f 1276/1276/1276 1287/1287/1287 1275/1275/1275
f 1277/1277/1277 1287/1287/1287 1276/1276/1276
f 1277/1277/1277 1288/1288/1288 1287/1287/1287
f 1266/1266/1266 1278/1278/1278 1277/1277/1277
f 1278/1278/1278 1289/1289/1289 1277/1277/1277
f 1254/1254/1254 1279/1279/1279 1278/1278/1278
f 1279/1279/1279 1290/1290/1290 1278/1278/1278
f 1267/1267/1267 1291/1291/1291 1279/1279/1279
f 1280/1280/1280 1256/1256/1256 1292/1292/1292
f 1268/1268/1268 1280/1280/1280 1281/1281/1281
f 1281/1281/1281 1280/1280/1280 1292/1292/1292
f 1281/1281/1281 1292/1292/1292 1293/1293/1293
f 1269/1269/1269 1281/1281/1281 1294/1294/1294
f 1282/1282/1282 1274/1274/1274 1261/1261/1261
f 1274/1274/1274 1238/1238/1238 1261/1261/1261
f 1258/1258/1258 1295/1295/1295 1282/1282/1282
f 1283/1283/1283 1295/1295/1295 1258/1258/1258
f 1283/1283/1283 1296/1296/1296 1295/1295/1295
f 1270/1270/1270 1297/1297/1297 1283/1283/1283
f 1284/1284/1284 1285/1285/1285 1271/1271/1271
f 1272/1272/1272 1298/1298/1298 1285/1285/1285
f 1275/1275/1275 1287/1287/1287 1286/1286/1286
f 1287/1287/1287 1299/1299/1299 1286/1286/1286
f 1288/1288/1288 1299/1299/1299 1287/1287/1287
f 1288/1288/1288 1300/1300/1300 1299/1299/1299
f 1277/1277/1277 1289/1289/1289 1288/1288/1288
f 1289/1289/1289 1301/1301/1301 1288/1288/1288
f 1278/1278/1278 1290/1290/1290 1289/1289/1289
f 1290/1290/1290 1302/1302/1302 1289/1289/1289
f 1279/1279/1279 1303/1303/1303 1290/1290/1290
f 1291/1291/1291 1303/1303/1303 1279/1279/1279
f 1291/1291/1291 1304/1304/1304 1303/1303/1303
f 1292/1292/1292 1256/1256/1256 1305/1305/1305
f 1293/1293/1293 1292/1292/1292 1306/1306/1306
f 1281/1281/1281 1293/1293/1293 1307/1307/1307
f 1294/1294/1294 1281/1281/1281 1307/1307/1307
f 1294/1294/1294 1307/1307/1307 1308/1308/1308
f 1269/1269/1269 1294/1294/1294 1309/1309/1309
f 1295/1295/1295 1310/1310/1310 1282/1282/1282
f 1297/1297/1297 1311/1311/1311 1283/1283/1283
f 1270/1270/1270 1206/1206/1206 1297/1297/1297
f 1298/1298/1298 1312/1312/1312 1285/1285/1285
f 1272/1272/1272 1313/1313/1313 1298/1298/1298
f 1299/1299/1299 1310/1310/1310 1286/1286/1286
f 1300/1300/1300 1314/1314/1314 1299/1299/1299
f 1288/1288/1288 1301/1301/1301 1300/1300/1300
f 1301/1301/1301 1315/1315/1315 1300/1300/1300
f 1289/1289/1289 1302/1302/1302 1301/1301/1301
f 1302/1302/1302 1316/1316/1316 1301/1301/1301
f 1290/1290/1290 1317/1317/1317 1302/1302/1302
f 1303/1303/1303 1317/1317/1317 1290/1290/1290
f 1303/1303/1303 1318/1318/1318 1317/1317/1317
f 1304/1304/1304 1318/1318/1318 1303/1303/1303
f 1304/1304/1304 1319/1319/1319 1318/1318/1318
f 1305/1305/1305 1256/1256/1256 1320/1320/1320
f 1292/1292/1292 1305/1305/1305 1306/1306/1306
f 1306/1306/1306 1305/1305/1305 1321/1321/1321
f 1293/1293/1293 1306/1306/1306 1322/1322/1322
f 1307/1307/1307 1293/1293/1293 1323/1323/1323
f 1308/1308/1308 1307/1307/1307 1323/1323/1323
f 1308/1308/1308 1323/1323/1323 1324/1324/1324
f 1269/1269/1269 1309/1309/1309 1225/1225/1225
f 1225/1225/1225 1309/1309/1309 1325/1325/1325
f 1295/1295/1295 1296/1296/1296 1310/1310/1310
f 1296/1296/1296 1314/1314/1314 1310/1310/1310
f 1297/1297/1297 1216/1216/1216 1311/1311/1311
f 1270/1270/1270 1195/1195/1195 1206/1206/1206
f 1298/1298/1298 1326/1326/1326 1312/1312/1312
f 1300/1300/1300 1327/1327/1327 1314/1314/1314
f 1315/1315/1315 1327/1327/1327 1300/1300/1300
f 1315/1315/1315 1328/1328/1328 1327/1327/1327
f 1301/1301/1301 1316/1316/1316 1315/1315/1315
f 1316/1316/1316 1329/1329/1329 1315/1315/1315
f 1302/1302/1302 1330/1330/1330 1316/1316/1316
f 1317/1317/1317 1330/1330/1330 1302/1302/1302
f 1317/1317/1317 1331/1331/1331 1330/1330/1330
f 1318/1318/1318 1331/1331/1331 1317/1317/1317
f 1318/1318/1318 1332/1332/1332 1331/1331/1331
f 1319/1319/1319 1332/1332/1332 1318/1318/1318
f 1319/1319/1319 1333/1333/1333 1332/1332/1332
f 1320/1320/1320 1256/1256/1256 1334/1334/1334
f 1305/1305/1305 1320/1320/1320 1321/1321/1321
f 1321/1321/1321 1320/1320/1320 1335/1335/1335
f 1306/1306/1306 1321/1321/1321 1335/1335/1335
f 1306/1306/1306 1335/1335/1335 1336/1336/1336
f 1322/1322/1322 1306/1306/1306 1336/1336/1336
f 1322/1322/1322 1336/1336/1336 1337/1337/1337
f 1293/1293/1293 1322/1322/1322 1294/1294/1294
f 1323/1323/1323 1293/1293/1293 1324/1324/1324
f 1308/1308/1308 1324/1324/1324 1338/1338/1338
f 1325/1325/1325 1309/1309/1309 1339/1339/1339
f 1225/1225/1225 1325/1325/1325 1215/1215/1215
f 1215/1215/1215 1325/1325/1325 1205/1205/1205
f 1216/1216/1216 1226/1226/1226 1311/1311/1311
f 1226/1226/1226 1246/1246/1246 1311/1311/1311
f 1246/1246/1246 1261/1261/1261 1311/1311/1311
f 1297/1297/1297 1206/1206/1206 1216/1216/1216
f 1326/1326/1326 1340/1340/1340 1312/1312/1312
f 1298/1298/1298 1341/1341/1341 1326/1326/1326
f 1315/1315/1315 1329/1329/1329 1328/1328/1328
f 1329/1329/1329 1342/1342/1342 1328/1328/1328
f 1316/1316/1316 1343/1343/1343 1329/1329/1329
f 1330/1330/1330 1344/1344/1344 1316/1316/1316
f 1331/1331/1331 1344/1344/1344 1330/1330/1330
f 1331/1331/1331 1345/1345/1345 1344/1344/1344
f 1332/1332/1332 1345/1345/1345 1331/1331/1331
f 1332/1332/1332 1346/1346/1346 1345/1345/1345
f 1333/1333/1333 1346/1346/1346 1332/1332/1332
f 1333/1333/1333 1347/1347/1347 1346/1346/1346
f 1320/1320/1320 1334/1334/1334 1348/1348/1348
f 1335/1335/1335 1320/1320/1320 1348/1348/1348
f 1335/1335/1335 1348/1348/1348 1349/1349/1349
f 1336/1336/1336 1335/1335/1335 1350/1350/1350
f 1337/1337/1337 1336/1336/1336 1351/1351/1351
f 1294/1294/1294 1322/1322/1322 1337/1337/1337
f 1294/1294/1294 1337/1337/1337 1309/1309/1309
f 1309/1309/1309 1337/1337/1337 1351/1351/1351
f 1338/1338/1338 1324/1324/1324 1352/1352/1352
f 1308/1308/1308 1338/1338/1338 1353/1353/1353
f 1325/1325/1325 1339/1339/1339 1354/1354/1354
f 1340/1340/1340 1355/1355/1355 1312/1312/1312
f 1326/1326/1326 1341/1341/1341 1340/1340/1340
f 1341/1341/1341 1356/1356/1356 1340/1340/1340
f 1298/1298/1298 1313/1313/1313 1341/1341/1341
f 1329/1329/1329 1357/1357/1357 1342/1342/1342
f 1343/1343/1343 1357/1357/1357 1329/1329/1329
f 1343/1343/1343 1358/1358/1358 1357/1357/1357
f 1316/1316/1316 1344/1344/1344 1343/1343/1343
f 1344/1344/1344 1359/1359/1359 1343/1343/1343
f 1345/1345/1345 1359/1359/1359 1344/1344/1344
f 1345/1345/1345 1360/1360/1360 1359/1359/1359
f 1346/1346/1346 1360/1360/1360 1345/1345/1345
f 1346/1346/1346 1361/1361/1361 1360/1360/1360
f 1347/1347/1347 1361/1361/1361 1346/1346/1346
f 1347/1347/1347 1362/1362/1362 1361/1361/1361
f 1349/1349/1349 1348/1348/1348 1363/1363/1363
f 1335/1335/1335 1349/1349/1349 1350/1350/1350
f 1350/1350/1350 1349/1349/1349 1364/1364/1364
f 1336/1336/1336 1350/1350/1350 1365/1365/1365
f 1351/1351/1351 1336/1336/1336 1365/1365/1365
f 1352/1352/1352 1324/1324/1324 1366/1366/1366
f 1338/1338/1338 1352/1352/1352 1366/1366/1366
f 1338/1338/1338 1366/1366/1366 1367/1367/1367
f 1353/1353/1353 1338/1338/1338 1368/1368/1368
f 1308/1308/1308 1353/1353/1353 1369/1369/1369
f 1354/1354/1354 1339/1339/1339 1309/1309/1309
f 1325/1325/1325 1354/1354/1354 1205/1205/1205
f 1205/1205/1205 1354/1354/1354 1370/1370/1370
f 1355/1355/1355 1371/1371/1371 1312/1312/1312
f 1340/1340/1340 1356/1356/1356 1355/1355/1355
f 1356/1356/1356 1372/1372/1372 1355/1355/1355
f 1357/1357/1357 1373/1373/1373 1342/1342/1342
f 1358/1358/1358 1374/1374/1374 1357/1357/1357
f 1343/1343/1343 1359/1359/1359 1358/1358/1358
f 1359/1359/1359 1375/1375/1375 1358/1358/1358
f 1360/1360/1360 1375/1375/1375 1359/1359/1359
f 1360/1360/1360 1376/1376/1376 1375/1375/1375
f 1361/1361/1361 1376/1376/1376 1360/1360/1360
f 1361/1361/1361 1377/1377/1377 1376/1376/1376
f 1362/1362/1362 1377/1377/1377 1361/1361/1361
f 1362/1362/1362 1378/1378/1378 1377/1377/1377
f 1349/1349/1349 1363/1363/1363 1379/1379/1379
f 1364/1364/1364 1349/1349/1349 1380/1380/1380
f 1350/1350/1350 1364/1364/1364 1365/1365/1365
f 1365/1365/1365 1364/1364/1364 1381/1381/1381
f 1338/1338/1338 1367/1367/1367 1382/1382/1382
f 1353/1353/1353 1368/1368/1368 1383/1383/1383
f 1369/1369/1369 1353/1353/1353 1384/1384/1384
f 1205/1205/1205 1370/1370/1370 1193/1193/1193
f 1355/1355/1355 1385/1385/1385 1371/1371/1371
f 1372/1372/1372 1386/1386/1386 1355/1355/1355
f 1356/1356/1356 1387/1387/1387 1372/1372/1372
f 1373/1373/1373 1388/1388/1388 1342/1342/1342
f 1357/1357/1357 1374/1374/1374 1373/1373/1373
f 1374/1374/1374 1389/1389/1389 1373/1373/1373
f 1358/1358/1358 1390/1390/1390 1374/1374/1374
f 1375/1375/1375 1390/1390/1390 1358/1358/1358
f 1375/1375/1375 1391/1391/1391 1390/1390/1390
f 1376/1376/1376 1391/1391/1391 1375/1375/1375
f 1376/1376/1376 1392/1392/1392 1391/1391/1391
f 1377/1377/1377 1392/1392/1392 1376/1376/1376
f 1377/1377/1377 1393/1393/1393 1392/1392/1392
f 1378/1378/1378 1393/1393/1393 1377/1377/1377
f 1378/1378/1378 1394/1394/1394 1393/1393/1393
f 1349/1349/1349 1379/1379/1379 1395/1395/1395
f 1380/1380/1380 1349/1349/1349 1395/1395/1395
f 1380/1380/1380 1395/1395/1395 1396/1396/1396
f 1364/1364/1364 1380/1380/1380 1381/1381/1381
f 1381/1381/1381 1380/1380/1380 1397/1397/1397
f 1338/1338/1338 1382/1382/1382 1398/1398/1398
f 1383/1383/1383 1368/1368/1368 1384/1384/1384
f 1384/1384/1384 1353/1353/1353 1383/1383/1383
f 1369/1369/1369 1384/1384/1384 1399/1399/1399
f 1355/1355/1355 1386/1386/1386 1385/1385/1385
f 1386/1386/1386 1400/1400/1400 1385/1385/1385
f 1372/1372/1372 1401/1401/1401 1386/1386/1386
f 1387/1387/1387 1402/1402/1402 1372/1372/1372
f 1388/1388/1388 1328/1328/1328 1342/1342/1342
f 1388/1388/1388 1403/1403/1403 1328/1328/1328
f 1373/1373/1373 1404/1404/1404 1388/1388/1388
f 1389/1389/1389 1404/1404/1404 1373/1373/1373
f 1389/1389/1389 1405/1405/1405 1404/1404/1404
f 1374/1374/1374 1406/1406/1406 1389/1389/1389
f 1390/1390/1390 1406/1406/1406 1374/1374/1374
f 1390/1390/1390 1407/1407/1407 1406/1406/1406
f 1391/1391/1391 1407/1407/1407 1390/1390/1390
f 1391/1391/1391 1408/1408/1408 1407/1407/1407
f 1392/1392/1392 1408/1408/1408 1391/1391/1391
f 1392/1392/1392 1409/1409/1409 1408/1408/1408
f 1393/1393/1393 1409/1409/1409 1392/1392/1392
f 1393/1393/1393 1410/1410/1410 1409/1409/1409
f 1394/1394/1394 1410/1410/1410 1393/1393/1393
f 1394/1394/1394 1411/1411/1411 1410/1410/1410
f 1395/1395/1395 1379/1379/1379 1396/1396/1396
f 1396/1396/1396 1379/1379/1379 1412/1412/1412
f 1380/1380/1380 1396/1396/1396 1412/1412/1412
f 1380/1380/1380 1412/1412/1412 1397/1397/1397
f 1397/1397/1397 1412/1412/1412 1413/1413/1413
f 1381/1381/1381 1397/1397/1397 1414/1414/1414
f 1384/1384/1384 1368/1368/1368 1415/1415/1415
f 1399/1399/1399 1384/1384/1384 1416/1416/1416
f 1369/1369/1369 1399/1399/1399 1417/1417/1417
f 1372/1372/1372 1418/1418/1418 1401/1401/1401
f 1402/1402/1402 1419/1419/1419 1372/1372/1372
f 1387/1387/1387 1419/1419/1419 1402/1402/1402
f 1387/1387/1387 1356/1356/1356 1419/1419/1419
f 1403/1403/1403 1420/1420/1420 1328/1328/1328
f 1388/1388/1388 538/538/538 1403/1403/1403
f 1404/1404/1404 550/550/550 1388/1388/1388
f 1405/1405/1405 556/556/556 1404/1404/1404
f 1389/1389/1389 1421/1421/1421 1405/1405/1405
f 1406/1406/1406 1421/1421/1421 1389/1389/1389
f 1406/1406/1406 1422/1422/1422 1421/1421/1421
f 1407/1407/1407 1422/1422/1422 1406/1406/1406
f 1407/1407/1407 1423/1423/1423 1422/1422/1422
f 1408/1408/1408 1423/1423/1423 1407/1407/1407
f 1408/1408/1408 1424/1424/1424 1423/1423/1423
f 1409/1409/1409 1424/1424/1424 1408/1408/1408
f 1409/1409/1409 1425/1425/1425 1424/1424/1424
f 1410/1410/1410 1425/1425/1425 1409/1409/1409
f 1410/1410/1410 1411/1411/1411 1425/1425/1425
f 1411/1411/1411 1426/1426/1426 1425/1425/1425
f 1394/1394/1394 1427/1427/1427 1411/1411/1411
f 1412/1412/1412 1379/1379/1379 1413/1413/1413
f 1413/1413/1413 1379/1379/1379 1428/1428/1428
f 1397/1397/1397 1413/1413/1413 1429/1429/1429
f 1414/1414/1414 1397/1397/1397 1429/1429/1429
f 1414/1414/1414 1429/1429/1429 1430/1430/1430
f 1415/1415/1415 1368/1368/1368 1338/1338/1338
f 1415/1415/1415 1338/1338/1338 1398/1398/1398
f 1415/1415/1415 1398/1398/1398 1431/1431/1431
f 1384/1384/1384 1415/1415/1415 1432/1432/1432
f 1416/1416/1416 1384/1384/1384 1433/1433/1433
f 1399/1399/1399 1416/1416/1416 1434/1434/1434
f 1417/1417/1417 1399/1399/1399 1434/1434/1434
f 1369/1369/1369 1417/1417/1417 1435/1435/1435
f 1372/1372/1372 1419/1419/1419 1418/1418/1418
f 1419/1419/1419 1436/1436/1436 1418/1418/1418
f 1420/1420/1420 1327/1327/1327 1328/1328/1328
f 538/538/538 531/531/531 1403/1403/1403
f 1388/1388/1388 544/544/544 538/538/538
f 1388/1388/1388 1437/1437/1437 544/544/544
f 1405/1405/1405 562/562/562 556/556/556
f 1405/1405/1405 568/568/568 562/562/562
f 1405/1405/1405 1438/1438/1438 568/568/568
f 1421/1421/1421 1438/1438/1438 1405/1405/1405
f 1421/1421/1421 1439/1439/1439 1438/1438/1438
f 1422/1422/1422 1440/1440/1440 1421/1421/1421
f 1423/1423/1423 1440/1440/1440 1422/1422/1422
f 1423/1423/1423 1441/1441/1441 1440/1440/1440
f 1424/1424/1424 1441/1441/1441 1423/1423/1423
f 1424/1424/1424 1442/1442/1442 1441/1441/1441
f 1425/1425/1425 1442/1442/1442 1424/1424/1424
f 1425/1425/1425 1426/1426/1426 1442/1442/1442
f 1426/1426/1426 1443/1443/1443 1442/1442/1442
f 1411/1411/1411 1444/1444/1444 1426/1426/1426
f 1427/1427/1427 1444/1444/1444 1411/1411/1411
f 1427/1427/1427 1445/1445/1445 1444/1444/1444
f 1413/1413/1413 1428/1428/1428 1446/1446/1446
f 1429/1429/1429 1413/1413/1413 1447/1447/1447
f 1430/1430/1430 1429/1429/1429 1447/1447/1447
f 1430/1430/1430 1447/1447/1447 1448/1448/1448
f 1414/1414/1414 1430/1430/1430 1449/1449/1449
f 1415/1415/1415 1431/1431/1431 1450/1450/1450
f 1432/1432/1432 1415/1415/1415 1451/1451/1451
f 1384/1384/1384 1432/1432/1432 1452/1452/1452
f 1433/1433/1433 1384/1384/1384 1452/1452/1452
f 1433/1433/1433 1452/1452/1452 1432/1432/1432
f 1433/1433/1433 1432/1432/1432 1453/1453/1453
f 1416/1416/1416 1433/1433/1433 1454/1454/1454
f 1434/1434/1434 1416/1416/1416 1455/1455/1455
f 1436/1436/1436 1456/1456/1456 1418/1418/1418
f 1438/1438/1438 574/574/574 568/568/568
f 1438/1438/1438 580/580/580 574/574/574
f 1421/1421/1421 1440/1440/1440 1439/1439/1439
f 1440/1440/1440 1457/1457/1457 1439/1439/1439
f 1441/1441/1441 1457/1457/1457 1440/1440/1440
f 1441/1441/1441 1458/1458/1458 1457/1457/1457
f 1442/1442/1442 1458/1458/1458 1441/1441/1441
f 1442/1442/1442 1443/1443/1443 1458/1458/1458
f 1443/1443/1443 1459/1459/1459 1458/1458/1458
f 1426/1426/1426 1460/1460/1460 1443/1443/1443
f 1444/1444/1444 1460/1460/1460 1426/1426/1426
f 1444/1444/1444 1461/1461/1461 1460/1460/1460
f 1445/1445/1445 1461/1461/1461 1444/1444/1444
f 1445/1445/1445 1462/1462/1462 1461/1461/1461
f 1413/1413/1413 1446/1446/1446 1447/1447/1447
f 1447/1447/1447 1446/1446/1446 1463/1463/1463
f 1448/1448/1448 1447/1447/1447 1463/1463/1463
f 1448/1448/1448 1463/1463/1463 1464/1464/1464
f 1430/1430/1430 1448/1448/1448 1465/1465/1465
f 1449/1449/1449 1430/1430/1430 1465/1465/1465
f 1449/1449/1449 1465/1465/1465 1466/1466/1466
f 1450/1450/1450 1431/1431/1431 1467/1467/1467
f 1415/1415/1415 1450/1450/1450 1451/1451/1451
f 1451/1451/1451 1450/1450/1450 1432/1432/1432
f 1432/1432/1432 1450/1450/1450 1468/1468/1468
f 1453/1453/1453 1432/1432/1432 1468/1468/1468
f 1453/1453/1453 1468/1468/1468 1469/1469/1469
f 1433/1433/1433 1453/1453/1453 1454/1454/1454
f 1454/1454/1454 1453/1453/1453 1469/1469/1469
f 1454/1454/1454 1469/1469/1469 1470/1470/1470
f 1416/1416/1416 1454/1454/1454 1471/1471/1471
f 1455/1455/1455 1416/1416/1416 1471/1471/1471
f 1455/1455/1455 1471/1471/1471 1472/1472/1472
f 1434/1434/1434 1455/1455/1455 1472/1472/1472
f 1457/1457/1457 1473/1473/1473 1439/1439/1439
f 1458/1458/1458 1473/1473/1473 1457/1457/1457
f 1458/1458/1458 1459/1459/1459 1473/1473/1473
f 1459/1459/1459 1474/1474/1474 1473/1473/1473
f 1443/1443/1443 1475/1475/1475 1459/1459/1459
f 1460/1460/1460 1475/1475/1475 1443/1443/1443
f 1460/1460/1460 1476/1476/1476 1475/1475/1475
f 1461/1461/1461 1476/1476/1476 1460/1460/1460
f 1461/1461/1461 1477/1477/1477 1476/1476/1476
f 1462/1462/1462 1477/1477/1477 1461/1461/1461
f 1462/1462/1462 1478/1478/1478 1477/1477/1477
f 1464/1464/1464 1463/1463/1463 1479/1479/1479
f 1448/1448/1448 1464/1464/1464 1480/1480/1480
f 1465/1465/1465 1448/1448/1448 1481/1481/1481
f 1466/1466/1466 1465/1465/1465 1481/1481/1481
f 1466/1466/1466 1481/1481/1481 1482/1482/1482
f 1450/1450/1450 1467/1467/1467 1483/1483/1483
f 1468/1468/1468 1450/1450/1450 1484/1484/1484
f 1469/1469/1469 1468/1468/1468 1484/1484/1484
f 1469/1469/1469 1484/1484/1484 1485/1485/1485
f 1470/1470/1470 1469/1469/1469 1485/1485/1485
f 1470/1470/1470 1485/1485/1485 1486/1486/1486
f 1454/1454/1454 1470/1470/1470 1487/1487/1487
f 1471/1471/1471 1454/1454/1454 1488/1488/1488
f 1472/1472/1472 1471/1471/1471 1488/1488/1488
f 1472/1472/1472 1488/1488/1488 1489/1489/1489
f 1473/1473/1473 1490/1490/1490 1439/1439/1439
f 1474/1474/1474 1490/1490/1490 1473/1473/1473
f 1474/1474/1474 1491/1491/1491 1490/1490/1490
f 1459/1459/1459 1492/1492/1492 1474/1474/1474
f 1475/1475/1475 1492/1492/1492 1459/1459/1459
f 1475/1475/1475 1493/1493/1493 1492/1492/1492
f 1476/1476/1476 1493/1493/1493 1475/1475/1475
f 1476/1476/1476 1494/1494/1494 1493/1493/1493
f 1477/1477/1477 1494/1494/1494 1476/1476/1476
f 1477/1477/1477 1478/1478/1478 1494/1494/1494
f 1478/1478/1478 1495/1495/1495 1494/1494/1494
f 1464/1464/1464 1479/1479/1479 1496/1496/1496
f 1480/1480/1480 1464/1464/1464 1496/1496/1496
f 1480/1480/1480 1496/1496/1496 1497/1497/1497
f 1448/1448/1448 1480/1480/1480 1481/1481/1481
f 1481/1481/1481 1480/1480/1480 1498/1498/1498
f 1482/1482/1482 1481/1481/1481 1498/1498/1498
f 1482/1482/1482 1498/1498/1498 1499/1499/1499
f 1483/1483/1483 1467/1467/1467 1500/1500/1500
f 1450/1450/1450 1483/1483/1483 1484/1484/1484
f 1484/1484/1484 1483/1483/1483 1501/1501/1501
f 1485/1485/1485 1484/1484/1484 1501/1501/1501
f 1485/1485/1485 1501/1501/1501 1486/1486/1486
f 1486/1486/1486 1501/1501/1501 1502/1502/1502
f 1470/1470/1470 1486/1486/1486 1503/1503/1503
f 1487/1487/1487 1470/1470/1470 1503/1503/1503
f 1487/1487/1487 1503/1503/1503 1504/1504/1504
f 1454/1454/1454 1487/1487/1487 1488/1488/1488
f 1489/1489/1489 1488/1488/1488 1505/1505/1505
f 1472/1472/1472 1489/1489/1489 1506/1506/1506
f 1474/1474/1474 1507/1507/1507 1491/1491/1491
f 1492/1492/1492 1507/1507/1507 1474/1474/1474
f 1492/1492/1492 1508/1508/1508 1507/1507/1507
f 1493/1493/1493 1509/1509/1509 1492/1492/1492
f 1494/1494/1494 1509/1509/1509 1493/1493/1493
f 1494/1494/1494 1495/1495/1495 1509/1509/1509
f 1496/1496/1496 1479/1479/1479 1510/1510/1510
f 1497/1497/1497 1496/1496/1496 1510/1510/1510
f 1497/1497/1497 1510/1510/1510 1511/1511/1511
f 1480/1480/1480 1497/1497/1497 1498/1498/1498
f 1498/1498/1498 1497/1497/1497 1512/1512/1512
f 1499/1499/1499 1498/1498/1498 1512/1512/1512
f 1499/1499/1499 1512/1512/1512 1513/1513/1513
f 1483/1483/1483 1500/1500/1500 1514/1514/1514
f 1501/1501/1501 1483/1483/1483 1514/1514/1514
f 1501/1501/1501 1514/1514/1514 1502/1502/1502
f 1502/1502/1502 1514/1514/1514 1515/1515/1515
f 1486/1486/1486 1502/1502/1502 1516/1516/1516
f 1503/1503/1503 1486/1486/1486 1504/1504/1504
f 1504/1504/1504 1486/1486/1486 1516/1516/1516
f 1504/1504/1504 1516/1516/1516 1517/1517/1517
f 1487/1487/1487 1504/1504/1504 1517/1517/1517
f 1487/1487/1487 1517/1517/1517 1518/1518/1518
f 1505/1505/1505 1488/1488/1488 1519/1519/1519
f 1489/1489/1489 1505/1505/1505 1520/1520/1520
f 1506/1506/1506 1489/1489/1489 1520/1520/1520
f 1472/1472/1472 1506/1506/1506 1521/1521/1521
f 1507/1507/1507 1522/1522/1522 1491/1491/1491
f 1508/1508/1508 1522/1522/1522 1507/1507/1507
f 1492/1492/1492 1523/1523/1523 1508/1508/1508
f 1509/1509/1509 1523/1523/1523 1492/1492/1492
f 1510/1510/1510 1479/1479/1479 1524/1524/1524
f 1511/1511/1511 1510/1510/1510 1525/1525/1525
f 1497/1497/1497 1511/1511/1511 1512/1512/1512
f 1512/1512/1512 1511/1511/1511 1526/1526/1526
f 1513/1513/1513 1512/1512/1512 1526/1526/1526
f 1513/1513/1513 1526/1526/1526 1527/1527/1527
f 1499/1499/1499 1513/1513/1513 1500/1500/1500
f 1514/1514/1514 1500/1500/1500 1528/1528/1528
f 1515/1515/1515 1514/1514/1514 1528/1528/1528
f 1515/1515/1515 1528/1528/1528 1529/1529/1529
f 1502/1502/1502 1515/1515/1515 1530/1530/1530
f 1516/1516/1516 1502/1502/1502 1530/1530/1530
f 1516/1516/1516 1530/1530/1530 1531/1531/1531
f 1517/1517/1517 1516/1516/1516 1531/1531/1531
f 1517/1517/1517 1531/1531/1531 1518/1518/1518
f 1518/1518/1518 1531/1531/1531 1532/1532/1532
f 1487/1487/1487 1518/1518/1518 1533/1533/1533
f 1519/1519/1519 1488/1488/1488 1487/1487/1487
f 1519/1519/1519 1487/1487/1487 1534/1534/1534
f 1505/1505/1505 1519/1519/1519 1534/1534/1534
f 1505/1505/1505 1534/1534/1534 1520/1520/1520
f 1520/1520/1520 1534/1534/1534 1535/1535/1535
f 1521/1521/1521 1506/1506/1506 1536/1536/1536
f 1472/1472/1472 1521/1521/1521 1536/1536/1536
f 1510/1510/1510 1524/1524/1524 1525/1525/1525
f 1525/1525/1525 1524/1524/1524 1537/1537/1537
f 1511/1511/1511 1525/1525/1525 1538/1538/1538
f 1526/1526/1526 1511/1511/1511 1538/1538/1538
f 1526/1526/1526 1538/1538/1538 1539/1539/1539
f 1527/1527/1527 1526/1526/1526 1539/1539/1539
f 1527/1527/1527 1539/1539/1539 1540/1540/1540
f 1500/1500/1500 1513/1513/1513 1527/1527/1527
f 1500/1500/1500 1527/1527/1527 1540/1540/1540
f 1500/1500/1500 1540/1540/1540 1528/1528/1528
f 1528/1528/1528 1540/1540/1540 1541/1541/1541
f 1499/1499/1499 1500/1500/1500 1398/1398/1398
f 1529/1529/1529 1528/1528/1528 1541/1541/1541
f 1529/1529/1529 1541/1541/1541 1542/1542/1542
f 1515/1515/1515 1529/1529/1529 1543/1543/1543
f 1530/1530/1530 1515/1515/1515 1543/1543/1543
f 1530/1530/1530 1543/1543/1543 1544/1544/1544
f 1531/1531/1531 1530/1530/1530 1544/1544/1544
f 1531/1531/1531 1544/1544/1544 1532/1532/1532
f 1532/1532/1532 1544/1544/1544 1545/1545/1545
f 1518/1518/1518 1532/1532/1532 1546/1546/1546
f 1533/1533/1533 1518/1518/1518 1547/1547/1547
f 1534/1534/1534 1487/1487/1487 1548/1548/1548
f 1535/1535/1535 1534/1534/1534 1548/1548/1548
f 1535/1535/1535 1548/1548/1548 1549/1549/1549
f 1525/1525/1525 1537/1537/1537 1550/1550/1550
f 1538/1538/1538 1525/1525/1525 1550/1550/1550
f 1538/1538/1538 1550/1550/1550 1551/1551/1551
f 1539/1539/1539 1538/1538/1538 1551/1551/1551
f 1539/1539/1539 1551/1551/1551 1552/1552/1552
f 1540/1540/1540 1539/1539/1539 1552/1552/1552
f 1540/1540/1540 1552/1552/1552 1541/1541/1541
f 1541/1541/1541 1552/1552/1552 1553/1553/1553
f 1499/1499/1499 1398/1398/1398 1482/1482/1482
f 1482/1482/1482 1398/1398/1398 1466/1466/1466
f 1466/1466/1466 1398/1398/1398 1382/1382/1382
f 1466/1466/1466 1382/1382/1382 1449/1449/1449
f 1449/1449/1449 1382/1382/1382 1414/1414/1414
f 1414/1414/1414 1382/1382/1382 1367/1367/1367
f 1414/1414/1414 1367/1367/1367 1381/1381/1381
f 1381/1381/1381 1367/1367/1367 1365/1365/1365
f 1365/1365/1365 1367/1367/1367 1351/1351/1351
f 1351/1351/1351 1367/1367/1367 1366/1366/1366
f 1351/1351/1351 1366/1366/1366 1324/1324/1324
f 1351/1351/1351 1324/1324/1324 1293/1293/1293
f 1542/1542/1542 1541/1541/1541 1553/1553/1553
f 1542/1542/1542 1553/1553/1553 1554/1554/1554
f 1529/1529/1529 1542/1542/1542 1555/1555/1555
f 1543/1543/1543 1529/1529/1529 1555/1555/1555
f 1543/1543/1543 1555/1555/1555 1556/1556/1556
f 1544/1544/1544 1543/1543/1543 1556/1556/1556
f 1544/1544/1544 1556/1556/1556 1545/1545/1545
f 1545/1545/1545 1556/1556/1556 1557/1557/1557
f 1532/1532/1532 1545/1545/1545 1558/1558/1558
f 1546/1546/1546 1532/1532/1532 1558/1558/1558
f 1546/1546/1546 1558/1558/1558 1559/1559/1559
f 1547/1547/1547 1518/1518/1518 1546/1546/1546
f 1547/1547/1547 1546/1546/1546 1560/1560/1560
f 1548/1548/1548 1487/1487/1487 1561/1561/1561
f 1549/1549/1549 1548/1548/1548 1561/1561/1561
f 1549/1549/1549 1561/1561/1561 1562/1562/1562
f 1550/1550/1550 1537/1537/1537 1563/1563/1563
f 1551/1551/1551 1550/1550/1550 1564/1564/1564
f 1552/1552/1552 1551/1551/1551 1565/1565/1565
f 1553/1553/1553 1552/1552/1552 1565/1565/1565
f 1553/1553/1553 1565/1565/1565 1566/1566/1566
f 1554/1554/1554 1553/1553/1553 1566/1566/1566
f 1554/1554/1554 1566/1566/1566 1567/1567/1567
f 1542/1542/1542 1554/1554/1554 1568/1568/1568
f 1555/1555/1555 1542/1542/1542 1568/1568/1568
f 1555/1555/1555 1568/1568/1568 1569/1569/1569
f 1556/1556/1556 1555/1555/1555 1557/1557/1557
f 1557/1557/1557 1555/1555/1555 1569/1569/1569
f 1557/1557/1557 1569/1569/1569 1570/1570/1570
f 1545/1545/1545 1557/1557/1557 1571/1571/1571
f 1558/1558/1558 1545/1545/1545 1572/1572/1572
f 1559/1559/1559 1558/1558/1558 1572/1572/1572
f 1559/1559/1559 1572/1572/1572 1573/1573/1573
f 1560/1560/1560 1546/1546/1546 1559/1559/1559
f 1560/1560/1560 1559/1559/1559 1573/1573/1573
f 1560/1560/1560 1573/1573/1573 1574/1574/1574
f 1547/1547/1547 1560/1560/1560 1575/1575/1575
f 1561/1561/1561 1487/1487/1487 1576/1576/1576
f 1562/1562/1562 1561/1561/1561 1576/1576/1576
f 1562/1562/1562 1576/1576/1576 1577/1577/1577
f 1550/1550/1550 1563/1563/1563 1564/1564/1564
f 1564/1564/1564 1563/1563/1563 1578/1578/1578
f 1551/1551/1551 1564/1564/1564 1565/1565/1565
f 1565/1565/1565 1564/1564/1564 1579/1579/1579
f 1566/1566/1566 1565/1565/1565 1579/1579/1579
f 1566/1566/1566 1579/1579/1579 1580/1580/1580
f 1567/1567/1567 1566/1566/1566 1580/1580/1580
f 1567/1567/1567 1580/1580/1580 1581/1581/1581
f 1554/1554/1554 1567/1567/1567 1582/1582/1582
f 1568/1568/1568 1554/1554/1554 1583/1583/1583
f 1569/1569/1569 1568/1568/1568 1583/1583/1583
f 1569/1569/1569 1583/1583/1583 1570/1570/1570
f 1570/1570/1570 1583/1583/1583 1584/1584/1584
f 1557/1557/1557 1570/1570/1570 1585/1585/1585
f 1571/1571/1571 1557/1557/1557 1585/1585/1585
f 1571/1571/1571 1585/1585/1585 1586/1586/1586
f 1545/1545/1545 1571/1571/1571 1572/1572/1572
f 1572/1572/1572 1571/1571/1571 1586/1586/1586
f 1572/1572/1572 1586/1586/1586 1587/1587/1587
f 1573/1573/1573 1572/1572/1572 1574/1574/1574
f 1574/1574/1574 1572/1572/1572 1587/1587/1587
f 1574/1574/1574 1587/1587/1587 1588/1588/1588
f 1547/1547/1547 1575/1575/1575 1589/1589/1589
f 1576/1576/1576 1487/1487/1487 1533/1533/1533
f 1576/1576/1576 1533/1533/1533 1577/1577/1577
f 1577/1577/1577 1533/1533/1533 1589/1589/1589
f 1564/1564/1564 1578/1578/1578 1579/1579/1579
f 1579/1579/1579 1578/1578/1578 1590/1590/1590
f 1580/1580/1580 1579/1579/1579 1590/1590/1590
f 1580/1580/1580 1590/1590/1590 1591/1591/1591
f 1581/1581/1581 1580/1580/1580 1591/1591/1591
f 1581/1581/1581 1591/1591/1591 1592/1592/1592
f 1567/1567/1567 1581/1581/1581 1593/1593/1593
f 1582/1582/1582 1567/1567/1567 1594/1594/1594
f 1554/1554/1554 1582/1582/1582 1583/1583/1583
f 1583/1583/1583 1582/1582/1582 1595/1595/1595
f 1584/1584/1584 1583/1583/1583 1595/1595/1595
f 1584/1584/1584 1595/1595/1595 1596/1596/1596
f 1570/1570/1570 1584/1584/1584 1585/1585/1585
f 1585/1585/1585 1584/1584/1584 1597/1597/1597
f 1586/1586/1586 1585/1585/1585 1597/1597/1597
f 1586/1586/1586 1597/1597/1597 1598/1598/1598
f 1587/1587/1587 1586/1586/1586 1598/1598/1598
f 1587/1587/1587 1598/1598/1598 1588/1588/1588
f 1588/1588/1588 1598/1598/1598 1599/1599/1599
f 1574/1574/1574 1588/1588/1588 1600/1600/1600
f 1547/1547/1547 1589/1589/1589 1533/1533/1533
f 1592/1592/1592 1591/1591/1591 1601/1601/1601
f 1581/1581/1581 1592/1592/1592 1593/1593/1593
f 1593/1593/1593 1592/1592/1592 1602/1602/1602
f 1567/1567/1567 1593/1593/1593 1594/1594/1594
f 1594/1594/1594 1593/1593/1593 1603/1603/1603
f 1582/1582/1582 1594/1594/1594 1595/1595/1595
f 1595/1595/1595 1594/1594/1594 1603/1603/1603
f 1595/1595/1595 1603/1603/1603 1604/1604/1604
f 1596/1596/1596 1595/1595/1595 1604/1604/1604
f 1596/1596/1596 1604/1604/1604 1605/1605/1605
f 1584/1584/1584 1596/1596/1596 1597/1597/1597
f 1597/1597/1597 1596/1596/1596 1606/1606/1606
f 1598/1598/1598 1597/1597/1597 1606/1606/1606
f 1598/1598/1598 1606/1606/1606 1607/1607/1607
f 1599/1599/1599 1598/1598/1598 1607/1607/1607
f 1599/1599/1599 1607/1607/1607 1608/1608/1608
f 1588/1588/1588 1599/1599/1599 1600/1600/1600
f 1600/1600/1600 1599/1599/1599 1609/1609/1609
f 1574/1574/1574 1600/1600/1600 1610/1610/1610
f 1592/1592/1592 1601/1601/1601 1611/1611/1611
f 1602/1602/1602 1592/1592/1592 1611/1611/1611
f 1602/1602/1602 1611/1611/1611 1612/1612/1612
f 1593/1593/1593 1602/1602/1602 1603/1603/1603
f 1603/1603/1603 1602/1602/1602 1613/1613/1613
f 1604/1604/1604 1603/1603/1603 1613/1613/1613
f 1605/1605/1605 1604/1604/1604 1614/1614/1614
f 1596/1596/1596 1605/1605/1605 1606/1606/1606
f 1606/1606/1606 1605/1605/1605 1607/1607/1607
f 1607/1607/1607 1605/1605/1605 1614/1614/1614
f 1607/1607/1607 1614/1614/1614 1608/1608/1608
f 1608/1608/1608 1614/1614/1614 1615/1615/1615
f 1599/1599/1599 1608/1608/1608 1609/1609/1609
f 1609/1609/1609 1608/1608/1608 1616/1616/1616
f 1600/1600/1600 1609/1609/1609 1610/1610/1610
f 1610/1610/1610 1609/1609/1609 1617/1617/1617
f 1574/1574/1574 1610/1610/1610 1618/1618/1618
f 1611/1611/1611 1601/1601/1601 1619/1619/1619
f 1612/1612/1612 1611/1611/1611 1620/1620/1620
f 1602/1602/1602 1612/1612/1612 1613/1613/1613
f 1613/1613/1613 1612/1612/1612 1621/1621/1621
f 1614/1614/1614 1604/1604/1604 1615/1615/1615
f 1615/1615/1615 1604/1604/1604 1622/1622/1622
f 1608/1608/1608 1615/1615/1615 1616/1616/1616
f 1616/1616/1616 1615/1615/1615 1622/1622/1622
f 1616/1616/1616 1622/1622/1622 1623/1623/1623
f 1609/1609/1609 1616/1616/1616 1617/1617/1617
f 1617/1617/1617 1616/1616/1616 1623/1623/1623
f 1617/1617/1617 1623/1623/1623 1624/1624/1624
f 1610/1610/1610 1617/1617/1617 1618/1618/1618
f 1618/1618/1618 1617/1617/1617 1624/1624/1624
f 1618/1618/1618 1624/1624/1624 1625/1625/1625
f 1611/1611/1611 1619/1619/1619 1620/1620/1620
f 1620/1620/1620 1619/1619/1619 1626/1626/1626
f 1612/1612/1612 1620/1620/1620 1621/1621/1621
f 1621/1621/1621 1620/1620/1620 1626/1626/1626
f 1621/1621/1621 1626/1626/1626 1627/1627/1627
f 1613/1613/1613 1621/1621/1621 1628/1628/1628
f 1622/1622/1622 1604/1604/1604 1629/1629/1629
f 1623/1623/1623 1622/1622/1622 1629/1629/1629
f 1623/1623/1623 1629/1629/1629 1630/1630/1630
f 1624/1624/1624 1623/1623/1623 1630/1630/1630
f 1624/1624/1624 1630/1630/1630 1631/1631/1631
f 1625/1625/1625 1624/1624/1624 1631/1631/1631
f 1625/1625/1625 1631/1631/1631 1632/1632/1632
f 1626/1626/1626 1619/1619/1619 1633/1633/1633
f 1627/1627/1627 1626/1626/1626 1634/1634/1634
f 1621/1621/1621 1627/1627/1627 1635/1635/1635
f 1630/1630/1630 1629/1629/1629 1636/1636/1636
f 1631/1631/1631 1630/1630/1630 1637/1637/1637
f 1632/1632/1632 1631/1631/1631 1638/1638/1638
f 1625/1625/1625 1632/1632/1632 1638/1638/1638
f 1626/1626/1626 1633/1633/1633 1634/1634/1634
f 1634/1634/1634 1633/1633/1633 1639/1639/1639
f 1627/1627/1627 1634/1634/1634 1640/1640/1640
f 1630/1630/1630 1636/1636/1636 1641/1641/1641
f 1637/1637/1637 1630/1630/1630 1641/1641/1641
f 1637/1637/1637 1641/1641/1641 1642/1642/1642
f 1631/1631/1631 1637/1637/1637 1638/1638/1638
f 1638/1638/1638 1637/1637/1637 1643/1643/1643
f 1634/1634/1634 1644/1644/1644 1639/1639/1639
f 1637/1637/1637 1642/1642/1642 1643/1643/1643
f 1643/1643/1643 1642/1642/1642 1645/1645/1645
f 1638/1638/1638 1643/1643/1643 1646/1646/1646
f 1643/1643/1643 1645/1645/1645 1647/1647/1647
f 1646/1646/1646 1643/1643/1643 1647/1647/1647
f 1646/1646/1646 1647/1647/1647 1648/1648/1648
f 1647/1647/1647 1645/1645/1645 1648/1648/1648
f 1648/1648/1648 1645/1645/1645 1649/1649/1649
f 1646/1646/1646 1648/1648/1648 1650/1650/1650
f 1648/1648/1648 1649/1649/1649 1651/1651/1651
f 1650/1650/1650 1648/1648/1648 1651/1651/1651
f 1650/1650/1650 1651/1651/1651 1652/1652/1652
f 1646/1646/1646 1650/1650/1650 1653/1653/1653
f 1650/1650/1650 1652/1652/1652 1654/1654/1654
f 1653/1653/1653 1650/1650/1650 1654/1654/1654
f 1653/1653/1653 1654/1654/1654 1655/1655/1655
f 1646/1646/1646 1653/1653/1653 1656/1656/1656
f 1654/1654/1654 1652/1652/1652 1657/1657/1657
f 1655/1655/1655 1654/1654/1654 1658/1658/1658
f 1646/1646/1646 1656/1656/1656 1659/1659/1659
f 1654/1654/1654 1657/1657/1657 1658/1658/1658
f 1655/1655/1655 1658/1658/1658 1660/1660/1660
f 1659/1659/1659 1656/1656/1656 1661/1661/1661
f 1660/1660/1660 1658/1658/1658 1662/1662/1662
f 1655/1655/1655 1660/1660/1660 1663/1663/1663
f 1661/1661/1661 1656/1656/1656 1664/1664/1664
f 1660/1660/1660 1665/1665/1665 1662/1662/1662
f 1663/1663/1663 1665/1665/1665 1660/1660/1660
f 1663/1663/1663 1666/1666/1666 1665/1665/1665
f 1655/1655/1655 1663/1663/1663 1666/1666/1666
f 1664/1664/1664 1656/1656/1656 1667/1667/1667
f 1661/1661/1661 1668/1668/1668 1664/1664/1664
f 1665/1665/1665 1669/1669/1669 1662/1662/1662
f 1666/1666/1666 1665/1665/1665 1670/1670/1670
f 1664/1664/1664 1671/1671/1671 1667/1667/1667
f 1668/1668/1668 1671/1671/1671 1664/1664/1664
f 1668/1668/1668 1672/1672/1672 1671/1671/1671
f 1661/1661/1661 1673/1673/1673 1668/1668/1668
f 1669/1669/1669 1674/1674/1674 1662/1662/1662
f 1670/1670/1670 1675/1675/1675 1665/1665/1665
f 1666/1666/1666 1670/1670/1670 1672/1672/1672
f 1671/1671/1671 1675/1675/1675 1667/1667/1667
f 1672/1672/1672 1666/1666/1666 1671/1671/1671
f 1668/1668/1668 1676/1676/1676 1672/1672/1672
f 1673/1673/1673 1668/1668/1668 1677/1677/1677
f 1674/1674/1674 1678/1678/1678 1662/1662/1662
f 1669/1669/1669 1679/1679/1679 1674/1674/1674
f 1670/1670/1670 1675/1675/1675 1667/1667/1667
f 1670/1670/1670 1667/1667/1667 1680/1680/1680
f 1672/1672/1672 1670/1670/1670 1680/1680/1680
f 1672/1672/1672 1680/1680/1680 1676/1676/1676
f 1676/1676/1676 1680/1680/1680 1681/1681/1681
f 1671/1671/1671 1666/1666/1666 1675/1675/1675
f 1668/1668/1668 1681/1681/1681 1676/1676/1676
f 1668/1668/1668 1682/1682/1682 1681/1681/1681
f 1677/1677/1677 1668/1668/1668 1683/1683/1683
f 1678/1678/1678 1666/1666/1666 1662/1662/1662
f 1674/1674/1674 1684/1684/1684 1678/1678/1678
f 1681/1681/1681 1680/1680/1680 1682/1682/1682
f 1682/1682/1682 1680/1680/1680 1683/1683/1683
f 1683/1683/1683 1682/1682/1682 1668/1668/1668
f 1677/1677/1677 1683/1683/1683 1685/1685/1685
f 1678/1678/1678 1686/1686/1686 1666/1666/1666
f 1684/1684/1684 1686/1686/1686 1678/1678/1678
f 1684/1684/1684 1687/1687/1687 1686/1686/1686
f 1674/1674/1674 1688/1688/1688 1684/1684/1684
f 1683/1683/1683 1680/1680/1680 1661/1661/1661
f 1685/1685/1685 1683/1683/1683 1689/1689/1689
f 1677/1677/1677 1685/1685/1685 1690/1690/1690
f 1686/1686/1686 1687/1687/1687 1666/1666/1666
f 1687/1687/1687 1691/1691/1691 1666/1666/1666
f 1688/1688/1688 1692/1692/1692 1684/1684/1684
f 1674/1674/1674 1679/1679/1679 1688/1688/1688
f 1679/1679/1679 1692/1692/1692 1688/1688/1688
f 1661/1661/1661 1680/1680/1680 1667/1667/1667
f 1683/1683/1683 1661/1661/1661 1673/1673/1673
f 1685/1685/1685 1689/1689/1689 1693/1693/1693
f 1690/1690/1690 1685/1685/1685 1694/1694/1694
f 1691/1691/1691 1695/1695/1695 1666/1666/1666
f 1692/1692/1692 1696/1696/1696 1684/1684/1684
f 1693/1693/1693 1697/1697/1697 1689/1689/1689
f 1685/1685/1685 1693/1693/1693 1694/1694/1694
f 1694/1694/1694 1693/1693/1693 1698/1698/1698
f 1690/1690/1690 1694/1694/1694 1699/1699/1699
f 1695/1695/1695 1689/1689/1689 1666/1666/1666
f 1696/1696/1696 1700/1700/1700 1684/1684/1684
f 1692/1692/1692 1701/1701/1701 1696/1696/1696
f 1697/1697/1697 1702/1702/1702 1689/1689/1689
f 1693/1693/1693 1703/1703/1703 1697/1697/1697
f 1698/1698/1698 1693/1693/1693 1703/1703/1703
f 1698/1698/1698 1703/1703/1703 1704/1704/1704
f 1694/1694/1694 1698/1698/1698 1699/1699/1699
f 1699/1699/1699 1698/1698/1698 1705/1705/1705
f 1690/1690/1690 1699/1699/1699 1705/1705/1705
f 1695/1695/1695 1706/1706/1706 1689/1689/1689
f 1700/1700/1700 1707/1707/1707 1684/1684/1684
f 1696/1696/1696 1701/1701/1701 1700/1700/1700
f 1701/1701/1701 1708/1708/1708 1700/1700/1700
f 1692/1692/1692 1709/1709/1709 1701/1701/1701
f 1704/1704/1704 1710/1710/1710 1703/1703/1703
f 1698/1698/1698 1704/1704/1704 1683/1683/1683
f 1707/1707/1707 1711/1711/1711 1684/1684/1684
f 1700/1700/1700 1712/1712/1712 1707/1707/1707
f 1708/1708/1708 1712/1712/1712 1700/1700/1700
f 1708/1708/1708 1713/1713/1713 1712/1712/1712
f 1701/1701/1701 1709/1709/1709 1708/1708/1708
f 1709/1709/1709 1714/1714/1714 1708/1708/1708
f 1704/1704/1704 1710/1710/1710 1715/1715/1715
f 1711/1711/1711 1716/1716/1716 1684/1684/1684
f 1707/1707/1707 1717/1717/1717 1711/1711/1711
f 1712/1712/1712 1717/1717/1717 1707/1707/1707
f 1712/1712/1712 1718/1718/1718 1717/1717/1717
f 1713/1713/1713 1718/1718/1718 1712/1712/1712
f 1713/1713/1713 1719/1719/1719 1718/1718/1718
f 1708/1708/1708 1720/1720/1720 1713/1713/1713
f 1714/1714/1714 1721/1721/1721 1708/1708/1708
f 1709/1709/1709 1722/1722/1722 1714/1714/1714
f 1715/1715/1715 1723/1723/1723 1710/1710/1710
f 1716/1716/1716 1724/1724/1724 1684/1684/1684
f 1711/1711/1711 1725/1725/1725 1716/1716/1716
f 1717/1717/1717 1725/1725/1725 1711/1711/1711
f 1717/1717/1717 1726/1726/1726 1725/1725/1725
f 1718/1718/1718 1726/1726/1726 1717/1717/1717
f 1718/1718/1718 1727/1727/1727 1726/1726/1726
f 1719/1719/1719 1727/1727/1727 1718/1718/1718
f 1719/1719/1719 1728/1728/1728 1727/1727/1727
f 1713/1713/1713 1729/1729/1729 1719/1719/1719
f 1720/1720/1720 1729/1729/1729 1713/1713/1713
f 1720/1720/1720 1730/1730/1730 1729/1729/1729
f 1708/1708/1708 1721/1721/1721 1720/1720/1720
f 1721/1721/1721 1730/1730/1730 1720/1720/1720
f 1721/1721/1721 1731/1731/1731 1730/1730/1730
f 1714/1714/1714 1722/1722/1722 1721/1721/1721
f 1722/1722/1722 1732/1732/1732 1721/1721/1721
f 1724/1724/1724 1733/1733/1733 1684/1684/1684
f 1716/1716/1716 1725/1725/1725 1724/1724/1724
f 1725/1725/1725 1734/1734/1734 1724/1724/1724
f 1726/1726/1726 1735/1735/1735 1725/1725/1725
f 1727/1727/1727 1736/1736/1736 1726/1726/1726
f 1728/1728/1728 1737/1737/1737 1727/1727/1727
f 1719/1719/1719 1738/1738/1738 1728/1728/1728
f 1729/1729/1729 1738/1738/1738 1719/1719/1719
f 1729/1729/1729 1739/1739/1739 1738/1738/1738
f 1730/1730/1730 1739/1739/1739 1729/1729/1729
f 1730/1730/1730 1731/1731/1731 1739/1739/1739
f 1731/1731/1731 1740/1740/1740 1739/1739/1739
f 1721/1721/1721 1732/1732/1732 1731/1731/1731
f 1732/1732/1732 1740/1740/1740 1731/1731/1731
f 1732/1732/1732 1741/1741/1741 1740/1740/1740
f 1722/1722/1722 1741/1741/1741 1732/1732/1732
f 1733/1733/1733 1742/1742/1742 1684/1684/1684
f 1724/1724/1724 1734/1734/1734 1733/1733/1733
f 1734/1734/1734 1743/1743/1743 1733/1733/1733
f 1725/1725/1725 1735/1735/1735 1734/1734/1734
f 1735/1735/1735 1743/1743/1743 1734/1734/1734
f 1735/1735/1735 1744/1744/1744 1743/1743/1743
f 1726/1726/1726 1736/1736/1736 1735/1735/1735
f 1736/1736/1736 1745/1745/1745 1735/1735/1735
f 1727/1727/1727 1737/1737/1737 1736/1736/1736
f 1737/1737/1737 1746/1746/1746 1736/1736/1736
f 1741/1741/1741 1747/1747/1747 1740/1740/1740
f 1733/1733/1733 1743/1743/1743 1742/1742/1742
f 1743/1743/1743 1748/1748/1748 1742/1742/1742
f 1744/1744/1744 1748/1748/1748 1743/1743/1743
f 1744/1744/1744 1749/1749/1749 1748/1748/1748
f 1735/1735/1735 1745/1745/1745 1744/1744/1744
f 1745/1745/1745 1749/1749/1749 1744/1744/1744
f 1736/1736/1736 1746/1746/1746 1745/1745/1745
f 1746/1746/1746 1750/1750/1750 1745/1745/1745
f 1741/1741/1741 1751/1751/1751 1747/1747/1747
f 1748/1748/1748 1752/1752/1752 1742/1742/1742
f 1749/1749/1749 1752/1752/1752 1748/1748/1748
f 1749/1749/1749 1753/1753/1753 1752/1752/1752
f 1752/1752/1752 1754/1754/1754 1742/1742/1742
f 1753/1753/1753 1754/1754/1754 1752/1752/1752
f 1753/1753/1753 1755/1755/1755 1754/1754/1754
f 1753/1753/1753 1756/1756/1756 1755/1755/1755
f 1756/1756/1756 1757/1757/1757 1755/1755/1755
f 1757/1757/1757 1758/1758/1758 1755/1755/1755
f 1757/1757/1757 1759/1759/1759 1758/1758/1758
f 1757/1757/1757 1760/1760/1760 1759/1759/1759
f 1757/1757/1757 1761/1761/1761 1760/1760/1760
f 1761/1761/1761 1762/1762/1762 1760/1760/1760
f 1763/1763/1763 1764/1764/1764 1765/1765/1765
f 1763/1763/1763 1766/1766/1766 1764/1764/1764
f 1767/1767/1767 1768/1768/1768 1769/1769/1769
f 1768/1768/1768 1770/1770/1770 1769/1769/1769
f 1767/1767/1767 1771/1771/1771 1768/1768/1768
f 1770/1770/1770 1772/1772/1772 1769/1769/1769
f 1770/1770/1770 1773/1773/1773 1772/1772/1772
f 1773/1773/1773 1774/1774/1774 1772/1772/1772
f 1773/1773/1773 1775/1775/1775 1774/1774/1774
f 1776/1776/1776 1777/1777/1776 1778/1778/1776
f 1779/1779/1777 1780/1780/1778 1781/1781/1779
f 1780/1780/1778 1782/1782/1780 1781/1781/1779
f 1779/1779/1777 1783/1783/1781 1780/1780/1778
f 1782/1782/1780 1784/1784/1782 1781/1781/1779
f 1783/1783/1781 1782/1782/1780 1780/1780/1778
f 1783/1783/1781 1785/1785/1783 1782/1782/1780
f 1779/1779/1777 1786/1786/1784 1783/1783/1781
f 1782/1782/1780 1787/1787/1785 1784/1784/1782
f 1785/1785/1783 1787/1787/1785 1782/1782/1780
f 1783/1783/1781 1788/1788/1786 1785/1785/1783
f 1787/1787/1785 1789/1789/1787 1784/1784/1782
f 1789/1789/1787 1790/1790/1788 1784/1784/1782
f 1790/1790/1788 1791/1791/1789 1784/1784/1782
f 1792/1792/1790 1793/1793/1791 1794/1794/1792
f 1794/1794/1792 1795/1795/1793 1792/1792/1790
f 1792/1792/1790 1796/1796/1794 1793/1793/1791
f 1794/1794/1792 1797/1797/1795 1795/1795/1793
f 1796/1796/1794 1798/1798/1796 1793/1793/1791
f 1797/1797/1795 1799/1799/1797 1795/1795/1793
f 1798/1798/1796 1800/1800/1798 1793/1793/1791
f 1796/1796/1794 1801/1801/1799 1798/1798/1796
f 1801/1801/1799 1802/1802/1800 1798/1798/1796
f 1802/1802/1800 1803/1803/1801 1798/1798/1796
f 1803/1803/1801 1804/1804/1802 1798/1798/1796
f 1805/1805/1803 1807/1806/1804 1806/1807/1805
f 1805/1805/1803 1806/1807/1805 1808/1808/1806
f 1808/1808/1806 1806/1807/1805 1809/1809/1807
f 1809/1809/1807 1806/1807/1805 1810/1810/1808
f 1808/1808/1806 1809/1809/1807 1811/1811/1809
f 1809/1809/1807 1810/1810/1808 1812/1812/1810
f 1808/1808/1806 1811/1811/1809 1813/1813/1811
f 1812/1812/1810 1810/1810/1808 1806/1807/1805
f 1813/1813/1811 1811/1811/1809 1814/1814/1812
f 1808/1808/1806 1813/1813/1811 1815/1815/1813
f 1814/1814/1812 1811/1811/1809 1816/1816/1814
f 1813/1813/1811 1814/1814/1812 1815/1815/1813
f 1815/1815/1813 1814/1814/1812 1817/1817/1815
f 1816/1816/1814 1811/1811/1809 1705/1705/1705
f 1814/1814/1812 1816/1816/1814 1818/1818/1816
f 1817/1817/1815 1814/1814/1812 1819/1819/1817
f 1815/1815/1813 1819/1819/1817 1817/1817/1815
f 1815/1815/1813 1820/1820/1818 1819/1819/1817
f 1705/1705/1705 1811/1811/1809 1715/1715/1715
f 1816/1816/1814 1705/1705/1705 1818/1818/1816
f 1814/1814/1812 1818/1818/1816 1819/1819/1817
f 1819/1819/1817 1821/1821/1819 1818/1818/1816
f 1820/1820/1818 1822/1822/1820 1819/1819/1817
f 1819/1819/1817 1823/1823/1821 1821/1821/1819
f 1822/1822/1820 1824/1824/1822 1819/1819/1817
f 1823/1823/1821 1825/1825/1823 1821/1821/1819
f 1819/1819/1817 1824/1824/1822 1823/1823/1821
f 1825/1825/1823 1762/1762/1762 1821/1821/1819
f 1826/1826/1824 1827/1827/1825 1828/1828/1825
f 1829/1829/1826 1831/1830/1827 1830/1831/1828
f 1830/1831/1828 1831/1830/1827 1832/1832/1829
f 1829/1829/1826 1830/1831/1828 1833/1833/1830
f 1830/1831/1828 1832/1832/1829 1834/1834/1831
f 1833/1833/1830 1830/1831/1828 1835/1835/1832
f 1829/1829/1826 1833/1833/1830 1836/1836/1833
f 1834/1834/1831 1832/1832/1829 1837/1837/1834
f 1830/1831/1828 1834/1834/1831 1838/1838/1835
f 1835/1835/1832 1830/1831/1828 1839/1839/1836
f 1833/1833/1830 1835/1835/1832 1840/1840/1837
f 1836/1836/1833 1833/1833/1830 1841/1841/1838
f 1834/1834/1831 1837/1837/1834 1842/1842/1839
f 1838/1838/1835 1834/1834/1831 1842/1842/1839
f 1838/1838/1835 1842/1842/1839 1843/1843/1840
f 1830/1831/1828 1838/1838/1835 1839/1839/1836
f 1839/1839/1836 1838/1838/1835 1844/1844/1841
f 1835/1835/1832 1839/1839/1836 1845/1845/1842
f 1840/1840/1837 1835/1835/1832 1846/1846/1843
f 1833/1833/1830 1840/1840/1837 1847/1847/1844
f 1841/1841/1838 1833/1833/1830 1848/1848/1845
f 1842/1842/1839 1837/1837/1834 1849/1849/1846
f 1843/1843/1840 1842/1842/1839 1850/1850/1847
f 1838/1838/1835 1843/1843/1840 1851/1851/1848
f 1844/1844/1841 1838/1838/1835 1851/1851/1848
f 1839/1839/1836 1844/1844/1841 1852/1852/1849
f 1845/1845/1842 1839/1839/1836 1852/1852/1849
f 1845/1845/1842 1852/1852/1849 1853/1853/1850
f 1835/1835/1832 1845/1845/1842 1846/1846/1843
f 1846/1846/1843 1845/1845/1842 1853/1853/1850
f 1846/1846/1843 1853/1853/1850 1854/1854/1851
f 1840/1840/1837 1846/1846/1843 1854/1854/1851
f 1840/1840/1837 1854/1854/1851 1847/1847/1844
f 1847/1847/1844 1854/1854/1851 1855/1855/1852
f 1833/1833/1830 1847/1847/1844 1856/1856/1853
f 1848/1848/1845 1833/1833/1830 1856/1856/1853
f 1848/1848/1845 1856/1856/1853 1857/1857/1854
f 1841/1841/1838 1848/1848/1845 1858/1858/1855
f 1842/1842/1839 1849/1849/1846 1850/1850/1847
f 1850/1850/1847 1849/1849/1846 1859/1859/1856
f 1843/1843/1840 1850/1850/1847 1860/1860/1857
f 1851/1851/1848 1843/1843/1840 1860/1860/1857
f 1852/1852/1849 1844/1844/1841 1853/1853/1850
f 1854/1854/1851 1853/1853/1850 1861/1861/1858
f 1855/1855/1852 1854/1854/1851 1862/1862/1859
f 1847/1847/1844 1855/1855/1852 1856/1856/1853
f 1856/1856/1853 1855/1855/1852 1863/1863/1860
f 1857/1857/1854 1856/1856/1853 1863/1863/1860
f 1857/1857/1854 1863/1863/1860 1864/1864/1861
f 1848/1848/1845 1857/1857/1854 1858/1858/1855
f 1858/1858/1855 1857/1857/1854 1865/1865/1862
f 1841/1841/1838 1858/1858/1855 1866/1866/1863
f 1861/1861/1858 1853/1853/1850 1867/1867/1864
f 1854/1854/1851 1861/1861/1858 1862/1862/1859
f 1862/1862/1859 1861/1861/1858 1867/1867/1864
f 1862/1862/1859 1867/1867/1864 1868/1868/1865
f 1855/1855/1852 1862/1862/1859 1868/1868/1865
f 1855/1855/1852 1868/1868/1865 1863/1863/1860
f 1863/1863/1860 1868/1868/1865 1869/1869/1866
f 1864/1864/1861 1863/1863/1860 1869/1869/1866
f 1864/1864/1861 1869/1869/1866 1870/1870/1867
f 1857/1857/1854 1864/1864/1861 1871/1871/1868
f 1865/1865/1862 1857/1857/1854 1871/1871/1868
f 1865/1865/1862 1871/1871/1868 1864/1864/1861
f 1865/1865/1862 1864/1864/1861 1872/1872/1869
f 1858/1858/1855 1865/1865/1862 1866/1866/1863
f 1866/1866/1863 1865/1865/1862 1873/1873/1870
f 1867/1867/1864 1853/1853/1850 1874/1874/1871
f 1864/1864/1861 1870/1870/1867 1872/1872/1869
f 1872/1872/1869 1870/1870/1867 1875/1875/1872
f 1865/1865/1862 1872/1872/1869 1876/1876/1873
f 1873/1873/1870 1865/1865/1862 1877/1877/1874
f 1874/1874/1871 1853/1853/1850 1878/1878/1875
f 1867/1867/1864 1874/1874/1871 1879/1879/1876
f 1872/1872/1869 1875/1875/1872 1876/1876/1873
f 1876/1876/1873 1875/1875/1872 1880/1880/1877
f 1865/1865/1862 1876/1876/1873 1881/1881/1878
f 1877/1877/1874 1865/1865/1862 1882/1882/1879
f 1874/1874/1871 1878/1878/1875 1879/1879/1876
f 1876/1876/1873 1880/1880/1877 1883/1883/1880
f 1881/1881/1878 1876/1876/1873 1883/1883/1880
f 1881/1881/1878 1883/1883/1880 1880/1880/1877
f 1865/1865/1862 1881/1881/1878 1884/1884/1881
f 1882/1882/1879 1865/1865/1862 1884/1884/1881
f 1882/1882/1879 1884/1884/1881 1885/1885/1882
f 1884/1884/1881 1881/1881/1878 1886/1886/1883
f 1885/1885/1882 1884/1884/1881 1886/1886/1883
f 1885/1885/1882 1886/1886/1883 1887/1887/1884
f 1886/1886/1883 1881/1881/1878 1888/1888/1885
f 1887/1887/1884 1886/1886/1883 1888/1888/1885
f 1887/1887/1884 1888/1888/1885 1889/1889/1886
f 1888/1888/1885 1881/1881/1878 1889/1889/1886
f 1890/1890/1887 1892/1891/1888 1891/1892/1889
f 1891/1892/1889 1892/1891/1888 1893/1893/1890
f 1890/1890/1887 1891/1892/1889 1894/1894/1891
f 1893/1893/1890 1892/1891/1888 1895/1895/1892
f 1894/1894/1891 1891/1892/1889 1896/1896/1893
f 1893/1893/1890 1895/1895/1892 1897/1897/1894
f 1896/1896/1893 1891/1892/1889 1898/1898/1895
f 1897/1897/1894 1895/1895/1892 1899/1899/1896
f 1897/1897/1894 1899/1899/1896 1900/1900/1897
f 1900/1900/1897 1899/1899/1896 1901/1901/1898
f 1900/1900/1897 1901/1901/1898 1902/1902/1899
f 1900/1900/1897 1902/1902/1899 1903/1903/1900
f 1903/1903/1900 1902/1902/1899 1904/1904/1901
f 1903/1903/1900 1904/1904/1901 1905/1905/1902
f 1905/1905/1902 1904/1904/1901 1906/1906/1903
f 1907/1907/1904 1909/1908/1905 1908/1909/1906
f 1909/1908/1905 1907/1907/1904 1910/1910/1907
f 1908/1909/1906 1909/1908/1905 1911/1911/1908
f 1907/1907/1904 1908/1909/1906 1912/1912/1909
f 1910/1910/1907 1907/1907/1904 1913/1913/1910
f 1909/1908/1905 1910/1910/1907 1911/1911/1908
f 1911/1911/1908 1910/1910/1907 1914/1914/1911
f 1908/1909/1906 1911/1911/1908 1915/1915/1912
f 1912/1912/1909 1908/1909/1906 1916/1916/1913
f 1907/1907/1904 1912/1912/1909 1917/1917/1914
f 1913/1913/1910 1907/1907/1904 1917/1917/1914
f 1913/1913/1910 1917/1917/1914 1918/1918/1915
f 1910/1910/1907 1913/1913/1910 1919/1919/1916
f 1914/1914/1911 1910/1910/1907 1920/1920/1917
f 1911/1911/1908 1914/1914/1911 1921/1921/1918
f 1915/1915/1912 1911/1911/1908 1921/1921/1918
f 1915/1915/1912 1921/1921/1918 1922/1922/1919
f 1908/1909/1906 1915/1915/1912 1923/1923/1920
f 1912/1912/1909 1916/1916/1913 1924/1924/1921
f 1917/1917/1914 1912/1912/1909 1924/1924/1921
f 1917/1917/1914 1924/1924/1921 1925/1925/1922
f 1918/1918/1915 1917/1917/1914 1926/1926/1923
f 1913/1913/1910 1918/1918/1915 1919/1919/1916
f 1919/1919/1916 1918/1918/1915 1926/1926/1923
f 1919/1919/1916 1926/1926/1923 1927/1927/1924
f 1920/1920/1917 1910/1910/1907 1928/1928/1925
f 1914/1914/1911 1920/1920/1917 1826/1826/1824
f 1924/1924/1921 1916/1916/1913 1929/1929/1926
f 1925/1925/1922 1924/1924/1921 1929/1929/1926
f 1925/1925/1922 1929/1929/1926 1930/1930/1927
f 1926/1926/1923 1917/1917/1914 1927/1927/1924
f 1928/1928/1925 1910/1910/1907 1931/1931/1928
f 1920/1920/1917 1928/1928/1925 1932/1932/1929
f 1929/1929/1926 1916/1916/1913 1933/1933/1930
f 1925/1925/1922 1930/1930/1927 1934/1934/1931
f 1931/1931/1928 1910/1910/1907 1921/1921/1918
f 1928/1928/1925 1931/1931/1928 1917/1917/1914
f 1932/1932/1929 1928/1928/1925 1919/1919/1916
f 1931/1931/1928 1921/1921/1918 1908/1909/1906
f 1917/1917/1914 1931/1931/1928 1935/1935/1932
f 1932/1932/1929 1919/1919/1916 1936/1936/1933
f 1931/1931/1928 1908/1909/1906 1937/1937/1934
f 1935/1935/1932 1931/1931/1928 1937/1937/1934
f 1935/1935/1932 1937/1937/1934 1916/1916/1913
f 1917/1917/1914 1935/1935/1932 1938/1938/1935
f 1936/1936/1933 1919/1919/1916 1939/1939/1936
f 1935/1935/1932 1916/1916/1913 1938/1938/1935
f 1938/1938/1935 1916/1916/1913 1925/1925/1922
f 1939/1939/1936 1919/1919/1916 1940/1940/1937
f 1940/1940/1937 1919/1919/1916 1927/1927/1924
f 1940/1940/1937 1927/1927/1924 1941/1941/1938
f 1941/1941/1938 1927/1927/1924 1942/1942/1939
f 1940/1940/1937 1941/1941/1938 1943/1943/1940
f 1942/1942/1939 1927/1927/1924 1944/1944/1941
f 1941/1941/1938 1942/1942/1939 1945/1945/1942
f 1943/1943/1940 1941/1941/1938 1945/1945/1942
f 1943/1943/1940 1945/1945/1942 1946/1946/1943
f 1940/1940/1937 1943/1943/1940 1939/1939/1936
f 1943/1943/1940 1946/1946/1943 1947/1947/1944
f 1947/1947/1944 1946/1946/1943 1948/1948/1945
f 1943/1943/1940 1947/1947/1944 1878/1878/1875
f 1948/1948/1945 1946/1946/1943 1949/1949/1946
f 1878/1878/1875 1947/1947/1944 1948/1948/1945
f 1878/1878/1875 1948/1948/1945 1867/1867/1864
f 1948/1948/1945 1949/1949/1946 1950/1950/1947
f 1867/1867/1864 1948/1948/1945 1950/1950/1947
f 1867/1867/1864 1950/1950/1947 1951/1951/1948
f 1950/1950/1947 1949/1949/1946 1951/1951/1948
f 1952/1952/1949 1954/1953/1950 1953/1954/1951
f 1954/1953/1950 1952/1952/1949 1955/1955/1952
f 1953/1954/1951 1954/1953/1950 1956/1956/1953
f 1952/1952/1949 1953/1954/1951 1957/1957/1954
f 1955/1955/1952 1952/1952/1949 1958/1958/1955
f 1953/1954/1951 1956/1956/1953 1959/1959/1956
f 1957/1957/1954 1953/1954/1951 1959/1959/1956
f 1957/1957/1954 1959/1959/1956 1960/1960/1957
f 1952/1952/1949 1957/1957/1954 1960/1960/1957
f 1952/1952/1949 1960/1960/1957 1961/1961/1958
f 1958/1958/1955 1952/1952/1949 1961/1961/1958
f 1958/1958/1955 1961/1961/1958 1962/1962/1959
f 1955/1955/1952 1958/1958/1955 1963/1963/1960
f 1960/1960/1957 1959/1959/1956 1964/1964/1961
f 1961/1961/1958 1960/1960/1957 1964/1964/1961
f 1961/1961/1958 1964/1964/1961 1965/1965/1962
f 1962/1962/1959 1961/1961/1958 1965/1965/1962
f 1962/1962/1959 1965/1965/1962 1966/1966/1963
f 1958/1958/1955 1962/1962/1959 1967/1967/1964
f 1963/1963/1960 1958/1958/1955 1967/1967/1964
f 1963/1963/1960 1967/1967/1964 1968/1968/1965
f 1955/1955/1952 1963/1963/1960 1969/1969/1966
f 1966/1966/1963 1965/1965/1962 1970/1970/1967
f 1962/1962/1959 1966/1966/1963 1967/1967/1964
f 1967/1967/1964 1966/1966/1963 1968/1968/1965
f 1968/1968/1965 1966/1966/1963 1971/1971/1968
f 1963/1963/1960 1968/1968/1965 1972/1972/1969
f 1969/1969/1966 1963/1963/1960 1973/1973/1970
f 1968/1968/1965 1971/1971/1968 1972/1972/1969
f 1972/1972/1969 1971/1971/1968 1974/1974/1971
f 1963/1963/1960 1972/1972/1969 1973/1973/1970
f 1973/1973/1970 1972/1972/1969 1975/1975/1972
f 1969/1969/1966 1973/1973/1970 1976/1976/1973
f 1974/1974/1971 1971/1971/1968 1977/1977/1974
f 1972/1972/1969 1974/1974/1971 1975/1975/1972
f 1975/1975/1972 1974/1974/1971 1977/1977/1974
f 1975/1975/1972 1977/1977/1974 1978/1978/1975
f 1973/1973/1970 1975/1975/1972 1976/1976/1973
f 1976/1976/1973 1975/1975/1972 1979/1979/1976
f 1969/1969/1966 1976/1976/1973 1980/1980/1977
f 1975/1975/1972 1978/1978/1975 1979/1979/1976
f 1979/1979/1976 1978/1978/1975 1981/1981/1978
f 1976/1976/1973 1979/1979/1976 1982/1982/1979
f 1980/1980/1977 1976/1976/1973 1982/1982/1979
f 1969/1969/1966 1980/1980/1977 1983/1983/1980
f 1979/1979/1976 1981/1981/1978 1982/1982/1979
f 1969/1969/1966 1983/1983/1980 1984/1984/1981
