# Blender v2.79 (sub 0) OBJ File: ''
# www.blender.org
mtllib 1.mtl
o 1
v -0.026623 0.198952 -0.043048
v -0.005837 0.194495 -0.031109
v 0.036146 0.191353 -0.037902
v -0.045073 0.194805 -0.037783
v -0.024156 0.189663 -0.021776
v 0.015002 0.191779 -0.028993
v 0.037564 0.182841 -0.020015
v -0.083722 0.190800 -0.051092
v -0.063779 0.191939 -0.039109
v -0.060481 0.183073 -0.019530
v -0.042327 0.185972 -0.018117
v -0.003913 0.185961 -0.013498
v 0.016836 0.183699 -0.012838
v 0.039104 0.175377 -0.007269
v 0.058917 0.184089 -0.038948
v -0.103861 0.189005 -0.061925
v -0.100167 0.180306 -0.042986
v -0.079735 0.181052 -0.026408
v -0.076589 0.173286 -0.011572
v -0.057613 0.175354 -0.005914
v -0.021878 0.181569 -0.006776
v -0.001830 0.178398 -0.001165
v 0.018735 0.176168 -0.000860
v 0.040706 0.168576 0.002444
v 0.060019 0.176108 -0.022808
v 0.083294 0.170032 -0.028987
v -0.117208 0.172526 -0.046022
v -0.096252 0.171911 -0.022602
v -0.092844 0.164505 -0.009762
v -0.073740 0.166293 -0.000562
v -0.039710 0.178121 -0.004555
v -0.019616 0.174345 0.004464
v 0.000260 0.171566 0.008840
v 0.020584 0.169487 0.008474
v 0.042287 0.162254 0.010543
v 0.061309 0.168808 -0.010088
v 0.084190 0.162710 -0.016072
v 0.108539 0.158539 -0.035963
v -0.120812 0.180937 -0.062810
v -0.135463 0.166186 -0.060174
v -0.112852 0.163959 -0.024866
v -0.109443 0.156816 -0.012750
v -0.106292 0.150176 -0.003267
v -0.089789 0.157842 0.000196
v -0.054955 0.168461 0.004592
v -0.037294 0.171172 0.006019
v -0.035002 0.164720 0.014896
v -0.017401 0.167764 0.013630
v 0.002354 0.165145 0.017407
v 0.022406 0.163227 0.016509
v 0.062750 0.161989 -0.000039
v 0.085340 0.155926 -0.006634
v 0.109120 0.151268 -0.022663
v -0.138057 0.172766 -0.066641
v -0.153735 0.159112 -0.071863
v -0.130232 0.156952 -0.034694
v -0.126484 0.149680 -0.020822
v -0.123204 0.143149 -0.011065
v -0.120221 0.137059 -0.003364
v -0.103373 0.143964 0.004465
v -0.071042 0.159721 0.008629
v -0.052445 0.162059 0.013390
v -0.050078 0.155836 0.021104
v -0.032749 0.158525 0.022580
v -0.015217 0.161545 0.021520
v 0.004471 0.159013 0.024735
v 0.043893 0.156160 0.017709
v 0.064331 0.155703 0.007958
v 0.086553 0.149583 0.001014
v 0.110238 0.144641 -0.013623
v -0.149842 0.151581 -0.057081
v -0.145125 0.143680 -0.036891
v -0.141391 0.136869 -0.024893
v -0.138054 0.130605 -0.016273
v -0.135120 0.124696 -0.009799
v -0.117408 0.131254 0.002878
v -0.086970 0.151556 0.008501
v -0.084324 0.145526 0.015639
v -0.068489 0.153399 0.016650
v -0.066041 0.147288 0.023647
v -0.047821 0.149772 0.027956
v -0.030607 0.152548 0.029348
v -0.013072 0.155545 0.028410
v 0.024202 0.157171 0.023643
v 0.025956 0.151294 0.029895
v 0.066003 0.149691 0.014684
v 0.087844 0.143552 0.007555
v 0.111571 0.138392 -0.006725
v -0.165474 0.138920 -0.064223
v -0.160840 0.131295 -0.045560
v -0.157112 0.124641 -0.034441
v -0.153833 0.118464 -0.027017
v -0.150921 0.112610 -0.021656
v -0.132439 0.119005 -0.004667
v -0.129891 0.113510 -0.000544
v -0.100620 0.138076 0.011033
v -0.097991 0.132423 0.016758
v -0.081777 0.139706 0.021948
v -0.079318 0.134043 0.027592
v -0.063671 0.141388 0.029797
v -0.045626 0.143892 0.033982
v -0.028526 0.146736 0.035333
v 0.006513 0.153114 0.031166
v 0.008497 0.147389 0.036838
v 0.045555 0.150280 0.024025
v 0.067629 0.143816 0.020521
v 0.089231 0.137761 0.013138
v 0.113002 0.132438 -0.001015
v -0.170262 0.151012 -0.066842
v -0.168966 0.145830 -0.073669
v -0.178032 0.118802 -0.061898
v -0.171103 0.106176 -0.042981
v -0.168167 0.100365 -0.038013
v -0.165488 0.094810 -0.034511
v -0.148314 0.106979 -0.017724
v -0.145926 0.101522 -0.014877
v -0.143685 0.096188 -0.012844
v -0.114770 0.125595 0.008101
v -0.112222 0.120019 0.012649
v -0.095458 0.126916 0.021892
v -0.093013 0.121441 0.026596
v -0.076922 0.128495 0.032808
v -0.061352 0.135666 0.035369
v -0.043518 0.138158 0.039467
v -0.011004 0.149735 0.034513
v -0.008947 0.144086 0.039953
v 0.027693 0.145597 0.035425
v 0.047258 0.144548 0.029569
v 0.069156 0.138088 0.025665
v 0.090709 0.132104 0.017901
v 0.114527 0.126775 0.003797
v -0.185054 0.137561 -0.065766
v -0.182025 0.125854 -0.075843
v -0.193980 0.100391 -0.074812
v -0.174253 0.112223 -0.050094
v -0.186841 0.088735 -0.058236
v -0.183744 0.083180 -0.054028
v -0.180877 0.077705 -0.051099
v -0.163015 0.089449 -0.032163
v -0.160739 0.084240 -0.030795
v -0.141518 0.090944 -0.011432
v -0.127409 0.108137 0.002826
v -0.124995 0.102855 0.005586
v -0.109735 0.114579 0.016690
v -0.107289 0.109241 0.020366
v -0.090640 0.116011 0.030987
v -0.074560 0.123047 0.037721
v -0.059100 0.130109 0.040496
v -0.026467 0.141024 0.040843
v -0.024428 0.135410 0.045913
v 0.010425 0.141781 0.041916
v 0.029373 0.140001 0.040354
v 0.048966 0.138907 0.034462
v 0.070630 0.132499 0.030203
v 0.092252 0.126576 0.022062
v 0.116034 0.121288 0.008034
v -0.199099 0.121610 -0.058613
v -0.183555 0.131818 -0.071462
v -0.197363 0.106801 -0.085044
v -0.190273 0.094423 -0.064670
v -0.202699 0.070869 -0.075079
v -0.199406 0.065077 -0.069892
v -0.196352 0.059318 -0.066278
v -0.178268 0.072294 -0.049130
v -0.158582 0.079143 -0.030329
v -0.139412 0.085784 -0.010711
v -0.122652 0.097614 0.007821
v -0.104922 0.104016 0.023727
v -0.102579 0.098880 0.026891
v -0.088282 0.110653 0.035142
v -0.072252 0.117719 0.042268
v -0.041483 0.132547 0.044504
v -0.039492 0.127058 0.049220
v -0.006978 0.138479 0.045112
v 0.012252 0.136283 0.046503
v 0.031054 0.134568 0.044415
v 0.050699 0.133364 0.038818
v 0.052465 0.127934 0.042732
v 0.072108 0.127051 0.034259
v 0.093847 0.121178 0.025727
v -0.212674 0.105390 -0.045770
v -0.212830 0.101474 -0.057769
v -0.200764 0.117892 -0.084286
v -0.199431 0.112358 -0.086497
v -0.212248 0.088300 -0.091372
v -0.209802 0.082687 -0.090653
v -0.206352 0.076745 -0.082962
v -0.226757 0.069158 -0.090979
v -0.213187 0.040773 -0.086192
v -0.175908 0.066851 -0.048107
v -0.156515 0.074061 -0.030616
v -0.137367 0.080722 -0.010722
v -0.120397 0.092422 0.009674
v -0.118223 0.087291 0.011229
v -0.116123 0.082177 0.012447
v -0.100289 0.093811 0.029970
v -0.085961 0.105409 0.039036
v -0.056885 0.124709 0.045238
v -0.054703 0.119454 0.049666
v -0.022398 0.129896 0.050606
v -0.005038 0.132972 0.049775
v 0.014017 0.130869 0.050678
v 0.032747 0.129191 0.048230
v 0.034464 0.123941 0.051779
v 0.054238 0.122652 0.046285
v 0.073598 0.121720 0.037896
v 0.117563 0.115941 0.011691
v -0.229989 0.098317 -0.044998
v -0.212785 0.097386 -0.068348
v -0.212385 0.093165 -0.077954
v -0.230445 0.085247 -0.075492
v -0.225471 0.063416 -0.100478
v -0.209916 0.035379 -0.081423
v -0.193578 0.053669 -0.063924
v -0.154533 0.068948 -0.031647
v -0.135359 0.075719 -0.011334
v -0.133372 0.070747 -0.012493
v -0.114033 0.077110 0.013548
v -0.098054 0.088788 0.032987
v -0.070047 0.112429 0.046511
v -0.067894 0.107207 0.050463
v -0.037512 0.121739 0.053654
v -0.020379 0.124503 0.054957
v -0.003133 0.127577 0.054063
v 0.015771 0.125571 0.054486
v 0.017528 0.120394 0.057994
v 0.036232 0.118796 0.055123
v 0.055949 0.117468 0.049541
v 0.095493 0.115901 0.028977
v 0.119097 0.110687 0.014904
v -0.230793 0.094435 -0.057544
v -0.230779 0.090102 -0.067545
v -0.229791 0.080051 -0.081893
v -0.228464 0.074617 -0.086890
v -0.242603 0.055025 -0.087030
v -0.222982 0.057770 -0.101067
v -0.191011 0.048187 -0.062524
v -0.173704 0.061394 -0.047750
v -0.152606 0.063787 -0.033286
v -0.131432 0.065750 -0.014173
v -0.111904 0.072105 0.014989
v -0.083677 0.100271 0.042693
v -0.081427 0.095226 0.046142
v -0.052573 0.114331 0.053766
v -0.035538 0.116545 0.057720
v -0.018364 0.119251 0.058937
v -0.001256 0.122327 0.057923
v 0.000603 0.117195 0.061458
v 0.002444 0.112187 0.064700
v 0.019266 0.115327 0.061234
v 0.038057 0.113741 0.058169
v 0.075136 0.116512 0.041081
v 0.076738 0.111410 0.043880
v 0.097186 0.110705 0.031823
v -0.241201 0.049567 -0.091959
v -0.239276 0.044129 -0.096223
v -0.220114 0.052040 -0.099228
v -0.207007 0.029889 -0.078050
v -0.171639 0.055971 -0.047978
v -0.150754 0.058575 -0.035473
v -0.129568 0.060753 -0.016372
v -0.095828 0.083755 0.036005
v -0.093629 0.078710 0.038938
v -0.065774 0.102079 0.054000
v -0.050479 0.109286 0.057561
v -0.033566 0.111457 0.061441
v -0.016359 0.114159 0.062530
v -0.014379 0.109193 0.065818
v -0.012435 0.104314 0.068886
v 0.004281 0.107265 0.067711
v 0.020992 0.110337 0.064242
v 0.057605 0.112371 0.052487
v 0.059240 0.107367 0.055158
v 0.078383 0.106384 0.046399
v 0.120671 0.105512 0.017632
v -0.256378 0.035277 -0.089972
v -0.237272 0.038622 -0.100197
v -0.235371 0.033122 -0.103601
v -0.216763 0.046296 -0.092865
v -0.188619 0.042895 -0.061774
v -0.169639 0.050608 -0.048663
v -0.148990 0.053323 -0.038291
v -0.127781 0.055699 -0.019083
v -0.109714 0.067107 0.016826
v -0.079247 0.090244 0.049425
v -0.063659 0.097029 0.057340
v -0.048424 0.104224 0.061095
v -0.031561 0.106496 0.064775
v -0.029580 0.101561 0.067910
v -0.027581 0.096658 0.070787
v -0.010518 0.099468 0.071671
v 0.006118 0.102398 0.070473
v 0.039950 0.108736 0.060972
v 0.041841 0.103779 0.063567
v 0.060854 0.102443 0.057561
v 0.098897 0.105563 0.034373
v 0.122273 0.100391 0.020010
v -0.254300 0.029748 -0.091852
v -0.251635 0.024023 -0.092772
v -0.233254 0.026852 -0.108064
v -0.186375 0.037692 -0.061480
v -0.167675 0.045388 -0.049742
v -0.147278 0.048065 -0.041362
v -0.126067 0.050621 -0.022563
v -0.107596 0.062142 0.018584
v -0.091458 0.073668 0.041728
v -0.077104 0.085310 0.052578
v -0.061535 0.092046 0.060543
v -0.046395 0.099188 0.064355
v -0.044346 0.094248 0.067367
v -0.042295 0.089383 0.070147
v -0.025561 0.091828 0.073433
v -0.008626 0.094597 0.074220
v 0.022712 0.105412 0.066968
v 0.024457 0.100533 0.069496
v 0.026282 0.095688 0.071783
v 0.043671 0.098865 0.065913
v 0.080087 0.101394 0.048685
v 0.100636 0.100501 0.036620
v 0.102356 0.095483 0.038558
v -0.248912 0.018136 -0.092313
v -0.204335 0.024298 -0.075935
v -0.165751 0.040252 -0.051165
v -0.145562 0.042917 -0.044525
v -0.124551 0.045469 -0.027557
v -0.105476 0.057138 0.020626
v -0.089311 0.068601 0.044538
v -0.074965 0.080379 0.055667
v -0.059457 0.087146 0.063524
v -0.057390 0.082285 0.066291
v -0.055331 0.077435 0.068928
v -0.040258 0.084568 0.072679
v -0.023551 0.087038 0.075859
v 0.007953 0.097538 0.073040
v 0.009736 0.092660 0.075339
v 0.011537 0.087806 0.077402
v 0.028172 0.090828 0.073827
v 0.062501 0.097553 0.059727
v 0.081849 0.096391 0.050715
v 0.083645 0.091398 0.052530
v 0.123905 0.095293 0.022028
v -0.245842 0.012155 -0.089850
v -0.231509 0.020912 -0.110393
v -0.184241 0.032483 -0.061627
v -0.163851 0.035124 -0.052847
v -0.143867 0.037818 -0.047677
v -0.123537 0.040300 -0.034956
v -0.103159 0.052182 0.022769
v -0.087175 0.063582 0.047496
v -0.072864 0.075446 0.058632
v -0.070809 0.070494 0.061440
v -0.068781 0.065554 0.064119
v -0.053300 0.072581 0.071457
v -0.038267 0.079753 0.075138
v -0.006757 0.089697 0.076589
v -0.004871 0.084861 0.078826
v -0.002999 0.080045 0.080883
v 0.013378 0.082946 0.079302
v 0.045457 0.094016 0.068038
v 0.064203 0.092669 0.061605
v 0.065932 0.087777 0.063287
v 0.104058 0.090518 0.040238
v 0.125589 0.090210 0.023580
v -0.229292 0.015193 -0.109662
v -0.182180 0.027187 -0.062220
v -0.161958 0.029917 -0.054847
v -0.142169 0.032685 -0.050936
v -0.122373 0.035185 -0.042322
v -0.100813 0.047140 0.024984
v -0.085041 0.058631 0.050302
v -0.082882 0.053729 0.053105
v -0.080720 0.048818 0.055937
v -0.066772 0.060633 0.066749
v -0.051279 0.067723 0.073914
v -0.021565 0.082260 0.078122
v -0.019613 0.077479 0.080270
v -0.017695 0.072694 0.082350
v -0.001140 0.075243 0.082793
v 0.030072 0.085922 0.075673
v 0.047224 0.089166 0.069930
v 0.048989 0.084331 0.071541
v 0.085434 0.086429 0.054147
v 0.105761 0.085593 0.041687
v 0.127315 0.085176 0.024997
v -0.260712 0.002320 -0.071513
v -0.242978 0.006397 -0.086905
v -0.226416 0.009519 -0.105377
v -0.201941 0.018694 -0.074694
v -0.160083 0.024597 -0.057156
v -0.140454 0.027500 -0.054082
v -0.121185 0.029987 -0.049205
v -0.098486 0.042141 0.027743
v -0.064758 0.055759 0.069336
v -0.049280 0.062856 0.076278
v -0.036305 0.074942 0.077530
v -0.034376 0.070132 0.079795
v -0.032466 0.065321 0.081907
v -0.015798 0.067906 0.084292
v 0.015273 0.078120 0.081080
v 0.031982 0.081113 0.077376
v 0.033817 0.076346 0.078948
v 0.050722 0.079451 0.073001
v 0.067685 0.082882 0.064752
v 0.087233 0.081569 0.055467
v 0.107481 0.080716 0.042945
v -0.223036 0.004064 -0.099969
v -0.180166 0.021766 -0.063109
v -0.158248 0.019218 -0.059755
v -0.138793 0.022237 -0.057527
v -0.119730 0.025020 -0.054334
v -0.096227 0.037010 0.030757
v -0.078578 0.043908 0.058701
v -0.062727 0.050915 0.071810
v -0.047337 0.058006 0.078505
v -0.030596 0.060503 0.083826
v 0.000702 0.070454 0.084595
v 0.017176 0.073308 0.082742
v 0.019021 0.068498 0.084282
v 0.035593 0.071576 0.080363
v 0.052464 0.074622 0.074290
v 0.069455 0.078015 0.066041
v 0.071214 0.073173 0.067148
v 0.088990 0.076751 0.056596
v 0.129092 0.080187 0.026263
v -0.238444 -0.016024 -0.110586
v -0.199673 0.013152 -0.074044
v -0.178175 0.016291 -0.064196
v -0.137103 0.016983 -0.061111
v -0.118347 0.019846 -0.060330
v -0.094038 0.032100 0.033923
v -0.076426 0.039041 0.061415
v -0.060731 0.046114 0.074122
v -0.045393 0.053159 0.080560
v -0.013922 0.063127 0.086059
v 0.002532 0.065675 0.086234
v 0.004358 0.060924 0.087740
v 0.020841 0.063717 0.085724
v 0.037342 0.066800 0.081606
v 0.054218 0.069861 0.075419
v 0.056002 0.065200 0.076399
v 0.073022 0.068434 0.068110
v 0.109238 0.075895 0.044009
v 0.130890 0.075202 0.027265
v -0.239763 0.001199 -0.080648
v -0.197503 0.007754 -0.073657
v -0.156407 0.013822 -0.062189
v -0.135376 0.011755 -0.064524
v -0.116790 0.014530 -0.066150
v -0.091849 0.027288 0.037708
v -0.074321 0.034261 0.064352
v -0.058719 0.041333 0.076258
v -0.028729 0.055711 0.085540
v -0.012074 0.058366 0.087668
v -0.010235 0.053630 0.089077
v 0.006187 0.056214 0.089025
v 0.022586 0.059012 0.086958
v 0.039101 0.062117 0.082683
v 0.040881 0.057494 0.083600
v 0.057791 0.060576 0.077240
v 0.090758 0.071987 0.057610
v 0.092535 0.067184 0.058445
v 0.111053 0.071053 0.044862
v -0.219746 -0.001325 -0.096043
v -0.176202 0.010830 -0.065306
v -0.174242 0.005527 -0.066330
v -0.154604 0.008527 -0.064252
v -0.133620 0.006653 -0.067436
v -0.089454 0.022459 0.042411
v -0.072232 0.029575 0.067341
v -0.043468 0.048404 0.082390
v -0.026879 0.050954 0.087034
v -0.025063 0.046274 0.088338
v -0.008432 0.048981 0.090303
v 0.007995 0.051576 0.090157
v 0.024338 0.054406 0.087971
v 0.026090 0.049873 0.088844
v 0.042684 0.052910 0.084381
v 0.074848 0.063703 0.068933
v 0.076679 0.058981 0.069644
v 0.094285 0.062386 0.059157
v 0.112900 0.066216 0.045537
v -0.235980 -0.003904 -0.074494
v -0.216843 -0.006767 -0.093223
v -0.195352 0.002487 -0.073411
v -0.193208 -0.002727 -0.073502
v -0.172335 0.000298 -0.067220
v -0.152798 0.003333 -0.065929
v -0.150966 -0.001852 -0.067287
v -0.114971 0.009521 -0.070570
v -0.087188 0.017651 0.046978
v -0.056723 0.036607 0.078181
v -0.041542 0.043692 0.084011
v -0.039642 0.039050 0.085411
v -0.023237 0.041651 0.089408
v -0.006655 0.044431 0.091287
v 0.009796 0.047040 0.091106
v 0.011584 0.042539 0.091927
v 0.027833 0.045378 0.089609
v 0.059603 0.055933 0.077963
v 0.061410 0.051258 0.078555
v 0.078496 0.054275 0.070223
v 0.096064 0.057602 0.059678
v 0.132758 0.070262 0.027978
v -0.214120 -0.011943 -0.090227
v -0.191094 -0.007852 -0.073389
v -0.170371 -0.005003 -0.067938
v -0.168401 -0.009838 -0.067372
v -0.131936 0.001579 -0.069720
v -0.112641 0.004544 -0.073910
v -0.084963 0.012867 0.051081
v -0.070186 0.024934 0.070003
v -0.054772 0.031946 0.079895
v -0.037780 0.034458 0.086566
v -0.021404 0.037075 0.090363
v -0.004899 0.039909 0.092120
v -0.003140 0.035388 0.092855
v 0.013332 0.038041 0.092626
v 0.044500 0.048297 0.085021
v 0.046351 0.043657 0.085527
v 0.063198 0.046594 0.079024
v 0.080269 0.049600 0.070663
v 0.114731 0.061405 0.046066
v 0.134676 0.065385 0.028419
v -0.250650 -0.030418 -0.087085
v -0.236457 -0.021695 -0.111339
v -0.178921 -0.034274 -0.067743
v -0.149049 -0.006995 -0.067682
v -0.130098 -0.003280 -0.071179
v -0.110205 -0.000612 -0.073916
v -0.082737 0.008219 0.055172
v -0.068216 0.020288 0.072332
v -0.052849 0.027342 0.081384
v -0.035969 0.029900 0.087613
v -0.019577 0.032547 0.091220
v -0.017729 0.028047 0.091976
v -0.001341 0.030861 0.093493
v 0.029620 0.040837 0.090270
v 0.031450 0.036256 0.090708
v 0.048224 0.039030 0.085899
v 0.064981 0.041954 0.079377
v 0.097865 0.052879 0.059990
v 0.116574 0.056604 0.046406
v 0.136622 0.060535 0.028748
v -0.158930 -0.031474 -0.063085
v -0.139912 -0.028516 -0.061871
v -0.118061 -0.030234 -0.058856
v -0.080525 0.003636 0.058783
v -0.066265 0.015626 0.074233
v -0.050921 0.022768 0.082648
v -0.034160 0.025375 0.088540
v -0.032339 0.020866 0.089326
v -0.015869 0.023556 0.092648
v 0.015079 0.033528 0.093168
v 0.016846 0.028975 0.093559
v 0.033305 0.031679 0.090992
v 0.050063 0.034478 0.086157
v 0.082019 0.044959 0.070970
v 0.099688 0.048209 0.060166
v 0.118412 0.051787 0.046566
v 0.138565 0.055655 0.028836
v -0.249696 -0.036122 -0.093930
v -0.176424 -0.039793 -0.065730
v -0.156878 -0.036678 -0.061609
v -0.137468 -0.033744 -0.059820
v -0.118693 -0.025176 -0.050967
v -0.064320 0.010937 0.075822
v -0.049010 0.018203 0.083671
v -0.047103 0.013583 0.084541
v -0.030511 0.016315 0.089988
v 0.000497 0.026322 0.094020
v 0.002333 0.021732 0.094433
v 0.018635 0.024388 0.093828
v 0.035171 0.027110 0.091161
v 0.066771 0.037345 0.079602
v 0.083791 0.040353 0.071132
v 0.101542 0.043550 0.060210
v 0.120326 0.047003 0.046575
v 0.140520 0.050735 0.028715
v -0.194940 -0.048738 -0.072574
v -0.173784 -0.045153 -0.063614
v -0.154311 -0.041944 -0.059619
v -0.135121 -0.038777 -0.058555
v -0.132681 -0.043840 -0.055197
v -0.114522 -0.034742 -0.053676
v -0.124045 -0.008475 -0.043486
v -0.078263 -0.000984 0.061936
v -0.062375 0.006285 0.077156
v -0.045237 0.008966 0.085299
v -0.014023 0.019042 0.093194
v -0.012184 0.014469 0.093591
v 0.004171 0.017114 0.094734
v 0.020426 0.019777 0.094000
v 0.051887 0.029954 0.086307
v 0.068579 0.032762 0.079707
v 0.085597 0.035761 0.071171
v 0.103438 0.038891 0.060160
v 0.122312 0.042221 0.046393
v 0.124332 0.037461 0.046109
v -0.248518 -0.041767 -0.099752
v -0.234958 -0.027197 -0.113533
v -0.197443 -0.043409 -0.074690
v -0.192644 -0.054133 -0.070782
v -0.190366 -0.059504 -0.069603
v -0.171458 -0.050515 -0.061861
v -0.169265 -0.055770 -0.060399
v -0.151893 -0.047274 -0.057464
v -0.149465 -0.052384 -0.054403
v -0.129157 -0.048344 -0.041787
v -0.119356 -0.018138 -0.034409
v -0.104158 -0.005823 -0.046198
v -0.076142 -0.005700 0.064523
v -0.060432 0.001651 0.078230
v -0.028692 0.011723 0.090513
v -0.026879 0.007158 0.090927
v -0.010341 0.009868 0.093856
v 0.005979 0.012473 0.094894
v 0.037017 0.022545 0.091226
v 0.053714 0.025392 0.086354
v 0.070414 0.028159 0.079698
v 0.087445 0.031148 0.071069
v 0.105376 0.034253 0.059987
v 0.107357 0.029576 0.059642
v 0.109354 0.024825 0.059144
v 0.142512 0.045796 0.028330
v -0.232966 -0.032537 -0.115369
v -0.188057 -0.064887 -0.068574
v -0.185645 -0.070214 -0.066903
v -0.166897 -0.060946 -0.058168
v -0.164354 -0.066086 -0.054864
v -0.146836 -0.057261 -0.049652
v -0.143724 -0.062034 -0.042257
v -0.137458 -0.021597 -0.028317
v -0.121396 -0.013085 -0.035261
v -0.074111 -0.010479 0.066437
v -0.043402 0.004387 0.085926
v -0.041599 -0.000189 0.086364
v -0.025058 0.002645 0.091200
v -0.008494 0.005308 0.094010
v 0.022214 0.015167 0.094037
v 0.038839 0.017973 0.091193
v 0.055548 0.020783 0.086290
v 0.072250 0.023505 0.079587
v 0.089322 0.026470 0.070789
v 0.091233 0.021739 0.070409
v 0.093196 0.017023 0.069906
v 0.126365 0.032705 0.045624
v 0.144571 0.040921 0.027749
v -0.246409 -0.047217 -0.101941
v -0.183098 -0.075326 -0.064405
v -0.180457 -0.080318 -0.061213
v -0.161690 -0.071088 -0.050724
v -0.158849 -0.075911 -0.045999
v -0.140270 -0.066670 -0.031543
v -0.139525 -0.016659 -0.028851
v -0.058515 -0.002967 0.079061
v -0.056624 -0.007584 0.079660
v -0.039810 -0.004754 0.086645
v -0.023212 -0.001889 0.091352
v 0.007769 0.007918 0.094955
v 0.024020 0.010627 0.093972
v 0.040653 0.013412 0.091063
v 0.057389 0.016155 0.086103
v 0.074078 0.018831 0.079406
v 0.075932 0.014186 0.078987
v 0.077853 0.009609 0.078433
v 0.095192 0.012387 0.069285
v 0.111360 0.020039 0.058533
v 0.128424 0.027935 0.044982
v -0.243717 -0.052543 -0.101548
v -0.230672 -0.038044 -0.115946
v -0.177750 -0.085318 -0.057583
v -0.175034 -0.090298 -0.054027
v -0.172371 -0.095287 -0.050808
v -0.155938 -0.080654 -0.040825
v -0.152889 -0.085367 -0.034762
v -0.123094 -0.051957 -0.011750
v -0.155055 -0.025215 -0.021593
v -0.142207 -0.011349 -0.034887
v -0.072175 -0.015239 0.067875
v -0.054760 -0.012206 0.080010
v -0.038036 -0.009342 0.086786
v -0.006621 0.000751 0.094048
v 0.009523 0.003451 0.094908
v 0.025808 0.006164 0.093806
v 0.042465 0.008912 0.090824
v 0.059243 0.011549 0.085825
v 0.061100 0.007003 0.085453
v 0.062968 0.002457 0.084961
v 0.079842 0.005073 0.077816
v 0.081803 0.000529 0.077096
v 0.097210 0.007830 0.068537
v 0.113398 0.015323 0.057811
v 0.146668 0.036074 0.026945
v -0.240685 -0.057539 -0.100548
v -0.227682 -0.043234 -0.112084
v -0.169729 -0.100297 -0.047754
v -0.167091 -0.105309 -0.045008
v -0.149872 -0.090039 -0.028096
v -0.135693 -0.070284 -0.014419
v -0.157166 -0.019932 -0.022405
v -0.159515 -0.014351 -0.025665
v -0.070247 -0.019878 0.069167
v -0.052873 -0.016784 0.080256
v -0.021375 -0.006466 0.091364
v -0.004789 -0.003814 0.093996
v 0.011256 -0.001009 0.094774
v 0.027614 0.001714 0.093538
v 0.044287 0.004431 0.090482
v 0.046117 -0.000117 0.090087
v 0.047941 -0.004748 0.089602
v 0.064827 -0.002123 0.084371
v 0.066651 -0.006704 0.083711
v 0.068478 -0.011351 0.082925
v 0.083727 -0.004036 0.076296
v 0.099240 0.003280 0.067699
v 0.130490 0.023121 0.044160
v 0.148811 0.031230 0.025850
v -0.238132 -0.063226 -0.098149
v -0.224258 -0.048517 -0.106335
v -0.164546 -0.110278 -0.042407
v -0.162104 -0.115231 -0.040118
v -0.146902 -0.094662 -0.021892
v -0.131493 -0.074259 -0.001406
v -0.175828 -0.022696 -0.021902
v -0.178217 -0.017368 -0.023379
v -0.068361 -0.024468 0.070225
v -0.036238 -0.013922 0.086854
v -0.019519 -0.011099 0.091250
v -0.002993 -0.008391 0.093824
v 0.012977 -0.005525 0.094543
v 0.029430 -0.002806 0.093201
v 0.031241 -0.007427 0.092805
v 0.033085 -0.012108 0.092296
v 0.049765 -0.009428 0.089021
v 0.051576 -0.014099 0.088323
v 0.053413 -0.018678 0.087505
v 0.070326 -0.015996 0.082017
v 0.085658 -0.008637 0.075375
v 0.115452 0.010689 0.056925
v 0.132597 0.018310 0.043129
v 0.150961 0.026348 0.024597
v -0.235296 -0.069018 -0.094846
v -0.221000 -0.053870 -0.102105
v -0.159765 -0.120211 -0.038322
v -0.144055 -0.099250 -0.016472
v -0.141336 -0.103828 -0.011743
v -0.118176 -0.055737 0.009662
v -0.173339 -0.027878 -0.023467
v -0.195968 -0.020613 -0.018312
v -0.181058 -0.011946 -0.028825
v -0.082649 -0.037377 0.056584
v -0.051004 -0.021303 0.080440
v -0.034439 -0.018412 0.086865
v -0.017673 -0.015687 0.091095
v -0.001232 -0.012933 0.093570
v 0.014738 -0.010098 0.094180
v 0.016559 -0.014675 0.093721
v 0.018425 -0.019180 0.093163
v 0.034919 -0.016717 0.091679
v 0.036759 -0.021208 0.090964
v 0.038624 -0.025669 0.090130
v 0.055320 -0.023163 0.086536
v 0.057290 -0.027660 0.085440
v 0.072221 -0.020600 0.080941
v 0.101231 -0.001310 0.066718
v 0.117533 0.006097 0.055885
v 0.134698 0.013569 0.041967
v 0.153130 0.021453 0.023243
v -0.218092 -0.059133 -0.098483
v -0.128656 -0.078724 0.006379
v -0.115104 -0.059910 0.019314
v -0.191551 -0.031241 -0.019747
v -0.193687 -0.025851 -0.018632
v -0.198828 -0.015335 -0.020627
v -0.087182 -0.028053 0.049080
v -0.066489 -0.029089 0.071082
v -0.049148 -0.025852 0.080544
v -0.032619 -0.022884 0.086784
v -0.015823 -0.020176 0.090922
v 0.000520 -0.017377 0.093252
v 0.002278 -0.021815 0.092833
v 0.004050 -0.026358 0.092317
v 0.020345 -0.023694 0.092502
v 0.022251 -0.028248 0.091763
v 0.024127 -0.032835 0.090910
v 0.040503 -0.030172 0.089179
v 0.042408 -0.034760 0.088105
v 0.059267 -0.032228 0.084232
v 0.087576 -0.013296 0.074289
v 0.103210 -0.005956 0.065612
v 0.119591 0.001469 0.054709
v 0.136823 0.008893 0.040653
v 0.139005 0.004216 0.039144
v -0.215305 -0.064513 -0.095576
v -0.125927 -0.083231 0.012366
v -0.105947 -0.037286 0.013442
v -0.191086 -0.036612 -0.024787
v -0.089640 -0.023539 0.043306
v -0.097345 -0.050763 0.041277
v -0.064636 -0.033751 0.071729
v -0.047319 -0.030452 0.080562
v -0.030806 -0.027426 0.086580
v -0.013996 -0.024649 0.090627
v -0.012181 -0.029207 0.090246
v -0.010370 -0.033865 0.089753
v 0.005865 -0.031002 0.091697
v 0.007718 -0.035667 0.090924
v 0.009573 -0.040258 0.090063
v 0.025973 -0.037419 0.089951
v 0.027793 -0.041978 0.088899
v 0.044338 -0.039366 0.086892
v 0.074170 -0.025157 0.079653
v 0.089518 -0.017961 0.073034
v 0.105198 -0.010655 0.064331
v 0.121634 -0.003241 0.053389
v 0.123683 -0.008015 0.051892
v 0.155323 0.016569 0.021731
v -0.228434 -0.086694 -0.097276
v -0.212621 -0.069949 -0.093086
v -0.112348 -0.064309 0.025782
v -0.102752 -0.041495 0.028092
v -0.099883 -0.046091 0.036061
v -0.109781 -0.068755 0.030290
v -0.094920 -0.055299 0.044997
v -0.080511 -0.042101 0.058876
v -0.062752 -0.038499 0.072085
v -0.045504 -0.035123 0.080490
v -0.028979 -0.032052 0.086312
v -0.027149 -0.036766 0.085957
v -0.025274 -0.041521 0.085532
v -0.008549 -0.038566 0.089142
v -0.006751 -0.043213 0.088457
v -0.004953 -0.047834 0.087693
v 0.011423 -0.044852 0.089130
v 0.013289 -0.049482 0.088108
v 0.029618 -0.046605 0.087737
v 0.061256 -0.036887 0.082818
v 0.076129 -0.029730 0.078223
v 0.091522 -0.022570 0.071628
v 0.107204 -0.015395 0.062898
v 0.109267 -0.020131 0.061331
v 0.141211 -0.000565 0.037438
v 0.157608 0.011720 0.020039
v -0.210051 -0.075469 -0.090581
v -0.123421 -0.087897 0.016544
v -0.095038 -0.014011 0.027120
v -0.092369 -0.018795 0.035910
v -0.107474 -0.073336 0.033646
v -0.092664 -0.059788 0.047773
v -0.078443 -0.046786 0.060570
v -0.060823 -0.043246 0.072343
v -0.043696 -0.039872 0.080287
v -0.041872 -0.044595 0.079989
v -0.040042 -0.049257 0.079634
v -0.023368 -0.046218 0.085045
v -0.021486 -0.050878 0.084466
v -0.019635 -0.055516 0.083826
v -0.003123 -0.052476 0.086853
v -0.001261 -0.057148 0.085972
v 0.015159 -0.054164 0.087009
v 0.046294 -0.043984 0.085536
v 0.063226 -0.041555 0.081236
v 0.078112 -0.034380 0.076649
v 0.093547 -0.027191 0.070111
v 0.095563 -0.031879 0.068463
v 0.125735 -0.012828 0.050214
v 0.143437 -0.005467 0.035564
v 0.159957 0.006919 0.018166
v -0.227543 -0.092493 -0.103551
v -0.207550 -0.080823 -0.088436
v -0.098436 -0.009185 0.012765
v -0.121137 -0.092636 0.019330
v -0.090530 -0.064341 0.049794
v -0.076409 -0.051379 0.061814
v -0.058867 -0.047895 0.072547
v -0.056906 -0.052522 0.072583
v -0.054991 -0.057130 0.072507
v -0.038233 -0.053892 0.079270
v -0.036445 -0.058522 0.078905
v -0.034636 -0.063172 0.078472
v -0.017782 -0.060148 0.083123
v -0.015920 -0.064786 0.082350
v 0.000644 -0.061863 0.084996
v 0.031489 -0.051339 0.086432
v 0.048267 -0.048685 0.083988
v 0.065180 -0.046210 0.079510
v 0.080106 -0.039068 0.074901
v 0.082115 -0.043745 0.073006
v 0.111386 -0.024827 0.059612
v 0.127859 -0.017668 0.048307
v 0.130058 -0.022524 0.046154
v 0.145718 -0.010410 0.033448
v -0.226307 -0.098020 -0.105657
v -0.205133 -0.086098 -0.086849
v -0.105331 -0.078041 0.036105
v -0.088469 -0.068984 0.051243
v -0.074405 -0.055932 0.062709
v -0.072443 -0.060526 0.063344
v -0.070510 -0.065175 0.063683
v -0.053109 -0.061740 0.072375
v -0.051262 -0.066404 0.072209
v -0.049470 -0.071118 0.071934
v -0.032819 -0.067828 0.077981
v -0.031002 -0.072480 0.077360
v -0.014072 -0.069420 0.081518
v 0.017033 -0.058923 0.085836
v 0.033419 -0.056159 0.085012
v 0.050228 -0.053481 0.082286
v 0.067129 -0.050898 0.077622
v 0.069100 -0.055671 0.075600
v 0.097638 -0.036646 0.066619
v 0.113531 -0.029561 0.057720
v 0.115727 -0.034390 0.055601
v 0.132309 -0.027359 0.043797
v 0.162367 0.002047 0.016022
v -0.224518 -0.103517 -0.106463
v -0.202670 -0.091403 -0.085336
v -0.103286 -0.082805 0.037857
v -0.086497 -0.073721 0.052268
v -0.068608 -0.069892 0.063810
v -0.066730 -0.074651 0.063755
v -0.064879 -0.079385 0.063494
v -0.047676 -0.075827 0.071499
v -0.045882 -0.080511 0.070842
v -0.029188 -0.077129 0.076518
v 0.002553 -0.066566 0.083958
v 0.018905 -0.063699 0.084511
v 0.035406 -0.061019 0.083431
v 0.052164 -0.058338 0.080463
v 0.054093 -0.063222 0.078502
v 0.084147 -0.048454 0.070970
v 0.099744 -0.041425 0.064541
v 0.101896 -0.046254 0.062240
v 0.117980 -0.039269 0.053228
v 0.148049 -0.015354 0.031105
v 0.164813 -0.002953 0.013546
v -0.200213 -0.096714 -0.083831
v -0.119000 -0.097360 0.021208
v -0.084570 -0.078501 0.052861
v -0.082713 -0.083276 0.053090
v -0.080911 -0.088008 0.053064
v -0.063058 -0.084110 0.063049
v -0.061225 -0.088841 0.062426
v -0.044105 -0.085205 0.070027
v -0.012236 -0.074062 0.080514
v 0.004445 -0.071263 0.082776
v 0.020766 -0.068466 0.083040
v 0.037393 -0.065839 0.081714
v 0.039354 -0.070595 0.079835
v 0.071117 -0.060546 0.073453
v 0.086227 -0.053243 0.068756
v 0.088370 -0.058141 0.066332
v 0.104099 -0.051128 0.059673
v 0.134614 -0.032251 0.041233
v 0.150437 -0.020300 0.028500
v 0.167327 -0.008034 0.010747
v -0.101348 -0.087578 0.039015
v -0.099476 -0.092351 0.039670
v -0.097637 -0.097123 0.039882
v -0.079123 -0.092736 0.052799
v -0.077337 -0.097521 0.052299
v -0.059371 -0.093633 0.061582
v -0.027369 -0.081786 0.075499
v -0.010391 -0.078723 0.079267
v 0.006294 -0.075952 0.081363
v 0.022624 -0.073179 0.081439
v 0.024489 -0.077896 0.079657
v 0.056014 -0.068073 0.076394
v 0.057932 -0.072905 0.074105
v 0.073152 -0.065473 0.071120
v 0.075206 -0.070426 0.068554
v 0.090558 -0.063105 0.063689
v 0.120273 -0.044159 0.050597
v 0.122621 -0.049108 0.047631
v 0.137004 -0.037212 0.038429
v 0.152899 -0.025279 0.025571
v -0.116998 -0.102078 0.022402
v -0.115044 -0.106861 0.023060
v -0.095822 -0.101946 0.039783
v -0.094018 -0.106835 0.039421
v -0.075523 -0.102398 0.051595
v -0.042340 -0.089956 0.069054
v -0.025558 -0.086521 0.074286
v -0.008570 -0.083456 0.077842
v 0.008095 -0.080670 0.079754
v 0.009846 -0.085393 0.077976
v 0.041310 -0.075318 0.077761
v 0.043262 -0.080036 0.075538
v 0.059880 -0.077708 0.071592
v 0.061860 -0.082531 0.068925
v 0.077276 -0.075390 0.065760
v 0.106346 -0.056077 0.056872
v 0.108647 -0.061104 0.053824
v 0.125028 -0.054132 0.044312
v 0.139490 -0.042209 0.035318
v 0.169918 -0.013126 0.007577
v -0.113158 -0.111727 0.023195
v -0.092205 -0.111812 0.038754
v -0.073656 -0.107345 0.050651
v -0.057541 -0.098492 0.060558
v -0.040581 -0.094785 0.067853
v -0.023716 -0.091324 0.072977
v -0.006737 -0.088247 0.076287
v -0.004897 -0.093085 0.074615
v 0.026355 -0.082615 0.077707
v 0.028237 -0.087370 0.075649
v 0.045192 -0.084788 0.073234
v 0.047118 -0.089591 0.070766
v 0.063875 -0.087364 0.066150
v 0.092759 -0.068097 0.060840
v 0.094967 -0.073095 0.057765
v 0.110976 -0.066168 0.050592
v 0.127479 -0.059210 0.040714
v 0.155454 -0.030281 0.022308
v 0.158120 -0.035337 0.018620
v -0.111347 -0.116716 0.022885
v -0.071787 -0.112351 0.049458
v -0.055726 -0.103401 0.059401
v -0.038830 -0.099687 0.066443
v -0.021848 -0.096190 0.071538
v -0.019970 -0.101112 0.069877
v 0.011591 -0.090162 0.076051
v 0.013367 -0.094967 0.074065
v 0.030149 -0.092202 0.073429
v 0.032100 -0.097119 0.071023
v 0.049053 -0.094505 0.068030
v 0.079379 -0.080376 0.062748
v 0.081519 -0.085364 0.059592
v 0.097189 -0.078150 0.054435
v 0.113342 -0.071240 0.047051
v 0.142070 -0.047203 0.031748
v 0.144742 -0.052255 0.027762
v 0.172648 -0.018249 0.003902
v -0.090400 -0.116876 0.037793
v -0.069906 -0.117407 0.048014
v -0.053924 -0.108353 0.058065
v -0.037063 -0.104629 0.064871
v -0.035288 -0.109580 0.063157
v -0.003067 -0.097954 0.072812
v -0.001258 -0.102864 0.070820
v 0.015238 -0.099862 0.071877
v 0.017170 -0.104871 0.069400
v 0.034091 -0.102139 0.068320
v 0.065938 -0.092285 0.063042
v 0.068042 -0.097325 0.059711
v 0.083713 -0.090386 0.056219
v 0.099462 -0.083272 0.050786
v 0.129977 -0.064339 0.036884
v 0.132529 -0.069521 0.032697
v 0.160852 -0.040428 0.014576
v 0.175605 -0.023441 -0.000433
v 0.186482 0.004466 -0.015878
v -0.109578 -0.121823 0.022090
v -0.088530 -0.122014 0.036502
v -0.052156 -0.113330 0.056507
v -0.018077 -0.106059 0.068010
v -0.016200 -0.111024 0.065877
v 0.000546 -0.107839 0.068549
v 0.002368 -0.112926 0.065973
v 0.019120 -0.110002 0.066626
v 0.051013 -0.099541 0.065021
v 0.053022 -0.104678 0.061761
v 0.070197 -0.102481 0.056073
v 0.085979 -0.095502 0.052429
v 0.115741 -0.076326 0.043126
v 0.118180 -0.081472 0.038775
v 0.120675 -0.086702 0.033961
v 0.147483 -0.057413 0.023303
v 0.163670 -0.045549 0.010044
v 0.178611 -0.028616 -0.005359
v 0.189331 -0.000797 -0.020069
v 0.183698 0.009650 -0.012119
v -0.107807 -0.127014 0.020901
v -0.068017 -0.122538 0.046281
v -0.050406 -0.118349 0.054691
v -0.033504 -0.114544 0.061275
v -0.031685 -0.119556 0.059086
v -0.014332 -0.116046 0.063495
v -0.012484 -0.121159 0.060855
v 0.004216 -0.118105 0.063154
v 0.036089 -0.107263 0.065267
v 0.038124 -0.112520 0.061853
v 0.055101 -0.109948 0.058116
v 0.057266 -0.115354 0.054086
v 0.072427 -0.107785 0.052061
v 0.101781 -0.088466 0.046768
v 0.104158 -0.093716 0.042398
v 0.106594 -0.099045 0.037608
v 0.135127 -0.074764 0.028005
v 0.150316 -0.062701 0.018297
v 0.166688 -0.050700 0.004834
v 0.181760 -0.033911 -0.010919
v 0.192293 -0.006172 -0.024847
v 0.181036 0.014787 -0.008929
v -0.086670 -0.127205 0.034861
v -0.066180 -0.127712 0.044243
v -0.048677 -0.123416 0.052566
v -0.029853 -0.124664 0.056540
v -0.028012 -0.129881 0.053595
v -0.010660 -0.126385 0.057911
v 0.021105 -0.115268 0.063571
v 0.023106 -0.120600 0.060301
v 0.040183 -0.117879 0.058109
v 0.042267 -0.123332 0.054091
v 0.059476 -0.120843 0.049722
v 0.088284 -0.100715 0.048234
v 0.090644 -0.106040 0.043636
v 0.093043 -0.111481 0.038682
v 0.123266 -0.092057 0.028700
v 0.137808 -0.080078 0.022781
v 0.153266 -0.068084 0.012798
v 0.169891 -0.055972 -0.001238
v 0.185111 -0.039317 -0.017191
v 0.195455 -0.011615 -0.030802
v 0.178465 0.019846 -0.006285
v 0.196876 -0.057175 -0.046673
v -0.106065 -0.132251 0.019363
v -0.084846 -0.132430 0.032901
v -0.046990 -0.128559 0.050136
v -0.045297 -0.133790 0.047351
v -0.008850 -0.131708 0.054626
v 0.006081 -0.123369 0.060098
v 0.007970 -0.128752 0.056765
v 0.025115 -0.126045 0.056642
v 0.027136 -0.131576 0.052618
v 0.044367 -0.128877 0.049679
v 0.074725 -0.113217 0.047671
v 0.077071 -0.118736 0.043018
v 0.079430 -0.124332 0.038041
v 0.109083 -0.104484 0.032401
v 0.125935 -0.097571 0.023044
v 0.140626 -0.085498 0.016999
v 0.156351 -0.073587 0.006694
v 0.159600 -0.079190 -0.000177
v 0.173286 -0.061475 -0.008282
v 0.175977 0.024859 -0.004067
v 0.185634 -0.080197 -0.040516
v 0.176946 -0.105307 -0.050144
v -0.104257 -0.137548 0.017435
v -0.064373 -0.132940 0.041847
v -0.062565 -0.138209 0.039015
v -0.026133 -0.135217 0.050294
v -0.007062 -0.137138 0.050923
v 0.009906 -0.134255 0.053019
v 0.011863 -0.139833 0.048863
v 0.029151 -0.137165 0.048322
v 0.061684 -0.126413 0.044973
v 0.063893 -0.132049 0.039920
v 0.066145 -0.137799 0.034512
v 0.095461 -0.117054 0.033501
v 0.111633 -0.110044 0.026811
v 0.128671 -0.103259 0.017029
v 0.143562 -0.091026 0.010612
v 0.146673 -0.096744 0.003600
v 0.163092 -0.084981 -0.008011
v 0.188644 -0.045029 -0.025130
v 0.173534 0.029849 -0.002162
v 0.180932 -0.073387 -0.026758
v 0.171228 -0.097682 -0.030951
v -0.083006 -0.137686 0.030577
v -0.081187 -0.142972 0.027824
v -0.043607 -0.139103 0.044175
v -0.024261 -0.140657 0.046686
v -0.005305 -0.142708 0.046783
v -0.003507 -0.148394 0.042069
v 0.013790 -0.145472 0.044289
v 0.046461 -0.134476 0.045009
v 0.048539 -0.140130 0.040016
v 0.050664 -0.145882 0.034549
v 0.081819 -0.130042 0.032669
v 0.097938 -0.122747 0.027981
v 0.114258 -0.115752 0.020826
v 0.131533 -0.109069 0.010561
v 0.134575 -0.115025 0.003230
v 0.149980 -0.102681 -0.004259
v 0.176912 -0.067205 -0.016510
v 0.192507 -0.050904 -0.035175
v 0.171147 0.034836 -0.000488
v 0.166924 -0.091081 -0.017621
v 0.163222 -0.123548 -0.045315
v -0.102426 -0.142924 0.015048
v -0.079393 -0.148354 0.024548
v -0.060832 -0.143514 0.035779
v -0.041907 -0.144490 0.040612
v -0.022370 -0.146192 0.042688
v -0.020456 -0.151856 0.038097
v -0.001690 -0.154227 0.036657
v 0.031087 -0.142786 0.043641
v 0.033074 -0.148473 0.038353
v 0.035179 -0.154317 0.032273
v 0.068447 -0.143708 0.028580
v 0.084251 -0.135881 0.026831
v 0.100507 -0.128600 0.021895
v 0.117015 -0.121635 0.014233
v 0.119900 -0.127660 0.006849
v 0.137892 -0.121262 -0.005647
v 0.168899 0.039862 0.000921
v 0.153707 -0.108977 -0.013837
v 0.158009 -0.115840 -0.027137
v -0.126544 -0.138324 -0.003318
v -0.100716 -0.148420 0.012174
v -0.059142 -0.148900 0.032157
v -0.040141 -0.150007 0.036525
v -0.038368 -0.155680 0.031958
v -0.018610 -0.157669 0.032877
v 0.015770 -0.151179 0.039067
v 0.017760 -0.157053 0.033082
v 0.019819 -0.163113 0.026415
v 0.052888 -0.151816 0.028347
v 0.070831 -0.149799 0.021943
v 0.086746 -0.141911 0.020205
v 0.103158 -0.134646 0.014895
v 0.105994 -0.140911 0.006765
v 0.122957 -0.133939 -0.001908
v 0.126476 -0.140777 -0.013034
v 0.166762 0.044873 0.002128
v 0.141739 -0.128027 -0.016857
v 0.146359 -0.135616 -0.032217
v -0.128290 -0.132970 -0.002228
v -0.124812 -0.143808 -0.005148
v -0.123125 -0.149393 -0.007843
v -0.077633 -0.153897 0.020691
v -0.057500 -0.154430 0.028034
v -0.055980 -0.160161 0.023422
v -0.036571 -0.161499 0.026990
v 0.000120 -0.160221 0.030766
v 0.002033 -0.166314 0.024621
v 0.037357 -0.160402 0.025431
v 0.055207 -0.157978 0.021287
v 0.073348 -0.156099 0.014295
v 0.089332 -0.148195 0.012463
v 0.092150 -0.154760 0.003225
v 0.109078 -0.147434 -0.002858
v 0.112660 -0.154569 -0.014858
v 0.164619 0.049842 0.003136
v 0.130810 -0.148497 -0.028545
v 0.116899 -0.162626 -0.031709
v -0.130111 -0.127761 -0.001818
v -0.099058 -0.154021 0.008640
v -0.075965 -0.159634 0.016276
v -0.054438 -0.166036 0.018372
v -0.034685 -0.167485 0.021597
v -0.016782 -0.163600 0.027269
v -0.014939 -0.169640 0.021369
v 0.003992 -0.172484 0.018203
v 0.021968 -0.169358 0.019308
v 0.039620 -0.166718 0.017875
v 0.057587 -0.164430 0.013239
v 0.075975 -0.162676 0.005381
v 0.078817 -0.169772 -0.005101
v 0.095291 -0.161807 -0.007807
v 0.099059 -0.169580 -0.022007
v 0.162511 0.054817 0.003848
v -0.132056 -0.122712 -0.001885
v -0.097463 -0.159788 0.004354
v -0.074394 -0.165578 0.011203
v -0.052853 -0.172070 0.012947
v -0.032816 -0.173579 0.015878
v -0.013143 -0.175841 0.015012
v 0.005942 -0.178905 0.010964
v 0.024112 -0.175817 0.011818
v 0.041959 -0.173304 0.009570
v 0.060073 -0.171207 0.004085
v 0.062836 -0.178461 -0.006534
v 0.082200 -0.177773 -0.019301
v 0.160472 0.059707 0.004300
v -0.121448 -0.155199 -0.011513
v -0.095912 -0.165810 -0.001038
v -0.072891 -0.171733 0.005421
v -0.051268 -0.178511 0.006514
v -0.030986 -0.179958 0.009199
v -0.011352 -0.182320 0.007726
v 0.007965 -0.185668 0.002721
v 0.026300 -0.182529 0.003319
v 0.044347 -0.180184 0.000501
v 0.046876 -0.187531 -0.010097
v 0.065806 -0.186519 -0.020436
v 0.158432 0.064627 0.004467
v -0.119920 -0.161366 -0.016757
v -0.094426 -0.172301 -0.007866
v -0.071445 -0.178240 -0.001322
v -0.049692 -0.185424 -0.001672
v -0.029155 -0.186723 0.001299
v -0.009507 -0.189150 -0.000899
v 0.010269 -0.192647 -0.006890
v 0.028579 -0.189683 -0.006644
v 0.031262 -0.197398 -0.019108
v 0.156405 0.069628 0.004247
v -0.118673 -0.168083 -0.024079
v -0.092921 -0.179269 -0.016031
v -0.070118 -0.185220 -0.009791
v -0.047956 -0.192462 -0.010464
v -0.027261 -0.193686 -0.007440
v -0.007511 -0.196132 -0.010399
v 0.012668 -0.200046 -0.017897
v 0.154474 0.074700 0.003526
v -0.117695 -0.175240 -0.033809
v -0.091440 -0.186663 -0.026215
v -0.068728 -0.192629 -0.020037
v -0.045947 -0.199628 -0.019223
v -0.025290 -0.201064 -0.017250
v -0.005592 -0.203188 -0.019697
v 0.152672 0.079876 0.002232
v -0.116807 -0.182722 -0.044789
v -0.089924 -0.194095 -0.037613
v -0.066904 -0.199582 -0.028138
vt 0.511259 0.879566
vt 0.475739 0.888901
vt 0.479955 0.869445
vt 0.583001 0.872985
vt 0.546869 0.873877
vt 0.585424 0.855156
vt 0.444211 0.880215
vt 0.412246 0.874212
vt 0.417881 0.855642
vt 0.448904 0.861714
vt 0.514547 0.861691
vt 0.550003 0.856953
vt 0.588055 0.839522
vt 0.621913 0.857770
vt 0.378166 0.871826
vt 0.343752 0.868067
vt 0.350065 0.849846
vt 0.384979 0.851409
vt 0.390355 0.835142
vt 0.422782 0.839474
vt 0.483847 0.852492
vt 0.518106 0.845850
vt 0.553248 0.841179
vt 0.590793 0.825277
vt 0.623796 0.841053
vt 0.663569 0.828327
vt 0.320944 0.833551
vt 0.356755 0.832262
vt 0.362578 0.816750
vt 0.395224 0.820495
vt 0.453376 0.845270
vt 0.487713 0.837360
vt 0.521678 0.831540
vt 0.556408 0.827185
vt 0.593495 0.812035
vt 0.626000 0.825763
vt 0.665100 0.812990
vt 0.706708 0.804254
vt 0.314786 0.851168
vt 0.289750 0.820271
vt 0.328388 0.815606
vt 0.334213 0.800645
vt 0.339598 0.786737
vt 0.367799 0.802794
vt 0.427324 0.825036
vt 0.457504 0.830714
vt 0.461421 0.817200
vt 0.491498 0.823576
vt 0.525256 0.818091
vt 0.559521 0.814073
vt 0.628463 0.811480
vt 0.667065 0.798781
vt 0.707701 0.789024
vt 0.285317 0.834053
vt 0.258526 0.805454
vt 0.298689 0.800930
vt 0.305093 0.785698
vt 0.310698 0.772019
vt 0.315796 0.759263
vt 0.344586 0.773726
vt 0.399834 0.806730
vt 0.431614 0.811627
vt 0.435658 0.798592
vt 0.465271 0.804225
vt 0.495230 0.810550
vt 0.528874 0.805247
vt 0.596239 0.799271
vt 0.631164 0.798314
vt 0.669138 0.785495
vt 0.709612 0.775144
vt 0.265178 0.789680
vt 0.273239 0.773131
vt 0.279620 0.758865
vt 0.285322 0.745745
vt 0.290336 0.733368
vt 0.320603 0.747104
vt 0.372616 0.789628
vt 0.377138 0.776997
vt 0.404197 0.793488
vt 0.408380 0.780688
vt 0.439515 0.785891
vt 0.468931 0.791705
vt 0.498895 0.797983
vt 0.562590 0.801389
vt 0.565588 0.789079
vt 0.634021 0.785721
vt 0.671344 0.772863
vt 0.711890 0.762055
vt 0.238466 0.763161
vt 0.246385 0.747190
vt 0.252755 0.733253
vt 0.258358 0.720315
vt 0.263334 0.708053
vt 0.294917 0.721448
vt 0.299271 0.709938
vt 0.349290 0.761393
vt 0.353783 0.749552
vt 0.381490 0.764807
vt 0.385692 0.752946
vt 0.412430 0.768330
vt 0.443266 0.773575
vt 0.472487 0.779532
vt 0.532363 0.792891
vt 0.535753 0.780900
vt 0.599079 0.786955
vt 0.636800 0.773416
vt 0.673714 0.760733
vt 0.714335 0.749584
vt 0.232499 0.777634
vt 0.217006 0.721023
vt 0.228847 0.694577
vt 0.233864 0.682405
vt 0.238442 0.670770
vt 0.267789 0.696259
vt 0.271870 0.684829
vt 0.275700 0.673656
vt 0.325110 0.735251
vt 0.329465 0.723572
vt 0.358112 0.738018
vt 0.362290 0.726550
vt 0.389786 0.741325
vt 0.416393 0.756345
vt 0.446868 0.761565
vt 0.502429 0.785813
vt 0.505944 0.773981
vt 0.568556 0.777146
vt 0.601989 0.774949
vt 0.639409 0.761418
vt 0.676240 0.748884
vt 0.716941 0.737722
vt 0.230284 0.788488
vt 0.210183 0.735793
vt 0.189754 0.682460
vt 0.223464 0.707242
vt 0.201953 0.658046
vt 0.207245 0.646410
vt 0.212145 0.634943
vt 0.242668 0.659541
vt 0.246557 0.648630
vt 0.279403 0.662672
vt 0.303513 0.698684
vt 0.307638 0.687621
vt 0.333714 0.712177
vt 0.337894 0.700997
vt 0.366345 0.715177
vt 0.393823 0.729914
vt 0.420241 0.744706
vt 0.476006 0.767568
vt 0.479490 0.755809
vt 0.539048 0.769153
vt 0.571427 0.765425
vt 0.604908 0.763134
vt 0.641928 0.749712
vt 0.678877 0.737306
vt 0.719516 0.726230
vt 0.205007 0.760314
vt 0.207568 0.748285
vt 0.183973 0.695886
vt 0.196088 0.669959
vt 0.174854 0.620624
vt 0.180482 0.608492
vt 0.185700 0.596430
vt 0.216603 0.623609
vt 0.250243 0.637955
vt 0.283001 0.651864
vt 0.311642 0.676643
vt 0.341939 0.690052
vt 0.345943 0.679295
vt 0.370374 0.703954
vt 0.397767 0.718754
vt 0.450346 0.749812
vt 0.453748 0.738315
vt 0.509309 0.762237
vt 0.542170 0.757638
vt 0.574299 0.754045
vt 0.607869 0.751523
vt 0.610887 0.740150
vt 0.644454 0.738301
vt 0.681602 0.725999
vt 0.181006 0.726904
vt 0.157809 0.692930
vt 0.157542 0.684728
vt 0.178161 0.719116
vt 0.180439 0.707525
vt 0.158537 0.657134
vt 0.162717 0.645378
vt 0.168612 0.632932
vt 0.133743 0.617040
vt 0.156932 0.557586
vt 0.220636 0.612208
vt 0.253775 0.627310
vt 0.286496 0.641262
vt 0.315495 0.665768
vt 0.319210 0.655021
vt 0.322798 0.644309
vt 0.349856 0.668677
vt 0.374340 0.692970
vt 0.424026 0.733395
vt 0.427755 0.722388
vt 0.482959 0.744260
vt 0.512624 0.750702
vt 0.545186 0.746298
vt 0.577192 0.742783
vt 0.580127 0.731786
vt 0.613917 0.729087
vt 0.647000 0.727134
vt 0.722129 0.715030
vt 0.128220 0.678116
vt 0.157619 0.676166
vt 0.158303 0.667324
vt 0.127441 0.650740
vt 0.135941 0.605013
vt 0.162522 0.546288
vt 0.190441 0.584598
vt 0.257162 0.616601
vt 0.289927 0.630783
vt 0.293323 0.620369
vt 0.326370 0.633696
vt 0.353675 0.658157
vt 0.401535 0.707674
vt 0.405214 0.696736
vt 0.457132 0.727174
vt 0.486409 0.732964
vt 0.515880 0.739402
vt 0.548183 0.735201
vt 0.551186 0.724357
vt 0.583148 0.721010
vt 0.616841 0.718228
vt 0.684415 0.714946
vt 0.724750 0.704025
vt 0.126846 0.669984
vt 0.126870 0.660909
vt 0.128559 0.639856
vt 0.130826 0.628475
vt 0.106665 0.587438
vt 0.140194 0.593188
vt 0.194827 0.573115
vt 0.224402 0.600778
vt 0.260455 0.605790
vt 0.296638 0.609902
vt 0.330008 0.623213
vt 0.378243 0.682208
vt 0.382088 0.671641
vt 0.431395 0.711658
vt 0.460505 0.716295
vt 0.489852 0.721963
vt 0.519087 0.728406
vt 0.522264 0.717657
vt 0.525410 0.707167
vt 0.554156 0.713744
vt 0.586266 0.710422
vt 0.649628 0.716226
vt 0.652366 0.705540
vt 0.687308 0.704063
vt 0.109061 0.576006
vt 0.112350 0.564616
vt 0.145095 0.581186
vt 0.167493 0.534789
vt 0.227931 0.589419
vt 0.263620 0.594874
vt 0.299823 0.599436
vt 0.357479 0.647615
vt 0.361237 0.637048
vt 0.408837 0.685995
vt 0.434973 0.701091
vt 0.463875 0.705638
vt 0.493278 0.711298
vt 0.496662 0.700896
vt 0.499984 0.690677
vt 0.528549 0.696858
vt 0.557105 0.703292
vt 0.619671 0.707552
vt 0.622465 0.697071
vt 0.655177 0.695012
vt 0.727440 0.693186
vt 0.115775 0.553081
vt 0.119023 0.541561
vt 0.150821 0.569155
vt 0.198915 0.562031
vt 0.231348 0.578186
vt 0.266634 0.583873
vt 0.302877 0.588850
vt 0.333750 0.612744
vt 0.385813 0.661206
vt 0.412451 0.675418
vt 0.438485 0.690488
vt 0.467301 0.695247
vt 0.470686 0.684910
vt 0.474102 0.674641
vt 0.503260 0.680526
vt 0.531688 0.686664
vt 0.589501 0.699939
vt 0.592733 0.689556
vt 0.625223 0.686758
vt 0.690232 0.693293
vt 0.730178 0.682460
vt 0.083126 0.546075
vt 0.086677 0.534494
vt 0.091231 0.522503
vt 0.122641 0.528428
vt 0.202749 0.551133
vt 0.234705 0.567253
vt 0.269560 0.572860
vt 0.305806 0.578214
vt 0.337370 0.602345
vt 0.364947 0.626487
vt 0.389475 0.650872
vt 0.416080 0.664981
vt 0.441952 0.679940
vt 0.445453 0.669593
vt 0.448958 0.659403
vt 0.477554 0.664524
vt 0.506493 0.670324
vt 0.560044 0.692976
vt 0.563026 0.682757
vt 0.566145 0.672609
vt 0.595860 0.679263
vt 0.658089 0.684561
vt 0.693203 0.682690
vt 0.696143 0.672180
vt 0.095884 0.510172
vt 0.172059 0.523079
vt 0.237992 0.556495
vt 0.272492 0.562077
vt 0.308396 0.567422
vt 0.340992 0.591864
vt 0.368616 0.615874
vt 0.393131 0.640543
vt 0.419631 0.654717
vt 0.423163 0.644536
vt 0.426682 0.634377
vt 0.452439 0.649318
vt 0.480989 0.654491
vt 0.534824 0.676484
vt 0.537870 0.666267
vt 0.540948 0.656100
vt 0.569375 0.662429
vt 0.628037 0.676515
vt 0.661100 0.674081
vt 0.664169 0.663623
vt 0.732966 0.671782
vt 0.125623 0.515986
vt 0.206396 0.540223
vt 0.241239 0.545754
vt 0.275389 0.551397
vt 0.310129 0.556596
vt 0.344952 0.581483
vt 0.372266 0.605361
vt 0.396721 0.630211
vt 0.400233 0.619839
vt 0.403698 0.609492
vt 0.430152 0.624210
vt 0.455841 0.639232
vt 0.509687 0.660060
vt 0.512910 0.649931
vt 0.516109 0.639844
vt 0.544094 0.645920
vt 0.598912 0.669107
vt 0.630946 0.666285
vt 0.633900 0.656039
vt 0.699051 0.661780
vt 0.735844 0.661135
vt 0.101130 0.497644
vt 0.129411 0.504008
vt 0.209918 0.529130
vt 0.244474 0.534848
vt 0.278290 0.540646
vt 0.312118 0.545882
vt 0.348961 0.570922
vt 0.375912 0.594991
vt 0.379602 0.584723
vt 0.383296 0.574437
vt 0.407131 0.599184
vt 0.433606 0.614035
vt 0.484382 0.644483
vt 0.487718 0.634469
vt 0.490995 0.624447
vt 0.519285 0.629786
vt 0.572621 0.652154
vt 0.601931 0.658948
vt 0.604947 0.648821
vt 0.667226 0.653215
vt 0.701961 0.651464
vt 0.738793 0.650591
vt 0.134326 0.492123
vt 0.176150 0.511341
vt 0.247678 0.523705
vt 0.281221 0.529785
vt 0.314148 0.534994
vt 0.352937 0.560452
vt 0.410573 0.588975
vt 0.437022 0.603841
vt 0.459194 0.629155
vt 0.462490 0.619080
vt 0.465754 0.609004
vt 0.494237 0.614418
vt 0.547332 0.635812
vt 0.575885 0.642081
vt 0.579021 0.632096
vt 0.607909 0.638600
vt 0.636896 0.645786
vt 0.670300 0.643036
vt 0.704900 0.641249
vt 0.106024 0.485584
vt 0.140102 0.480697
vt 0.213360 0.517775
vt 0.250814 0.512438
vt 0.284059 0.518762
vt 0.316635 0.524591
vt 0.356797 0.549705
vt 0.386957 0.564153
vt 0.414043 0.578829
vt 0.440342 0.593682
vt 0.468950 0.598912
vt 0.522433 0.619755
vt 0.550584 0.625733
vt 0.553737 0.615658
vt 0.582056 0.622105
vt 0.610886 0.628485
vt 0.639920 0.635592
vt 0.642926 0.625450
vt 0.673302 0.632944
vt 0.741830 0.640141
vt 0.113772 0.438622
vt 0.180025 0.499733
vt 0.216762 0.506307
vt 0.286947 0.507757
vt 0.318998 0.513754
vt 0.360538 0.539420
vt 0.390634 0.553959
vt 0.417454 0.568773
vt 0.443664 0.583530
vt 0.497443 0.604408
vt 0.525560 0.609745
vt 0.528680 0.599794
vt 0.556847 0.605644
vt 0.585045 0.612101
vt 0.613883 0.618513
vt 0.616931 0.608750
vt 0.646016 0.615524
vt 0.707903 0.631151
vt 0.744902 0.629700
vt 0.183734 0.488426
vt 0.253960 0.501136
vt 0.289898 0.496807
vt 0.321659 0.502619
vt 0.364279 0.529341
vt 0.394231 0.543947
vt 0.420892 0.558759
vt 0.472140 0.588875
vt 0.500601 0.594436
vt 0.503743 0.584516
vt 0.531806 0.589928
vt 0.559829 0.595789
vt 0.588050 0.602293
vt 0.591092 0.592609
vt 0.619988 0.599065
vt 0.676324 0.622966
vt 0.679360 0.612906
vt 0.711004 0.621010
vt 0.111518 0.474696
vt 0.145724 0.469410
vt 0.220133 0.494869
vt 0.223483 0.483762
vt 0.257041 0.490045
vt 0.292899 0.486120
vt 0.368371 0.519227
vt 0.397801 0.534132
vt 0.446954 0.573570
vt 0.475302 0.578911
vt 0.478405 0.569109
vt 0.506824 0.574778
vt 0.534895 0.580214
vt 0.562823 0.586141
vt 0.565817 0.576647
vt 0.594173 0.583008
vt 0.649136 0.605615
vt 0.652265 0.595724
vt 0.682351 0.602856
vt 0.714161 0.610878
vt 0.150685 0.458011
vt 0.187409 0.477394
vt 0.191073 0.466473
vt 0.226742 0.472809
vt 0.260127 0.479166
vt 0.263258 0.468306
vt 0.324767 0.492127
vt 0.372243 0.509156
vt 0.424303 0.548860
vt 0.450245 0.563700
vt 0.453492 0.553978
vt 0.481525 0.559425
vt 0.509861 0.565248
vt 0.537973 0.570713
vt 0.541028 0.561285
vt 0.568795 0.567232
vt 0.623085 0.589340
vt 0.626173 0.579548
vt 0.655370 0.585867
vt 0.685391 0.592836
vt 0.748095 0.619353
vt 0.117983 0.464008
vt 0.155338 0.447170
vt 0.194685 0.455739
vt 0.230098 0.461706
vt 0.233464 0.451579
vt 0.295777 0.475492
vt 0.328749 0.481703
vt 0.376046 0.499136
vt 0.401297 0.524411
vt 0.427637 0.539098
vt 0.456674 0.544359
vt 0.484657 0.549841
vt 0.512862 0.555777
vt 0.515868 0.546307
vt 0.544015 0.551864
vt 0.597276 0.573346
vt 0.600439 0.563627
vt 0.629228 0.569779
vt 0.658400 0.576075
vt 0.717290 0.600801
vt 0.751372 0.609138
vt 0.117168 0.426744
vt 0.215487 0.400396
vt 0.266533 0.457534
vt 0.298918 0.465315
vt 0.332911 0.470903
vt 0.379850 0.489400
vt 0.404664 0.514679
vt 0.430923 0.529454
vt 0.459768 0.534812
vt 0.487779 0.540357
vt 0.490937 0.530931
vt 0.518942 0.536825
vt 0.571849 0.557720
vt 0.574976 0.548125
vt 0.603640 0.553936
vt 0.632275 0.560060
vt 0.688468 0.582943
vt 0.720439 0.590745
vt 0.754698 0.598979
vt 0.075720 0.477044
vt 0.249648 0.406261
vt 0.282147 0.412457
vt 0.319487 0.408858
vt 0.383630 0.479801
vt 0.407997 0.504915
vt 0.434218 0.519874
vt 0.462860 0.525334
vt 0.465971 0.515890
vt 0.494116 0.521524
vt 0.547001 0.542411
vt 0.550020 0.532875
vt 0.578146 0.538539
vt 0.606783 0.544401
vt 0.661390 0.566354
vt 0.691584 0.573162
vt 0.723580 0.580656
vt 0.758018 0.588758
vt 0.219754 0.388836
vt 0.253155 0.395361
vt 0.286323 0.401506
vt 0.318407 0.419453
vt 0.411321 0.495093
vt 0.437483 0.510312
vt 0.440742 0.500635
vt 0.469095 0.506358
vt 0.522083 0.527318
vt 0.525220 0.517704
vt 0.553078 0.523267
vt 0.581335 0.528969
vt 0.635334 0.550406
vt 0.664418 0.556707
vt 0.694752 0.563403
vt 0.726850 0.570635
vt 0.761359 0.578452
vt 0.092914 0.408473
vt 0.094544 0.396526
vt 0.188113 0.370101
vt 0.224265 0.377610
vt 0.257542 0.384331
vt 0.290334 0.390964
vt 0.294504 0.380360
vt 0.325534 0.399416
vt 0.309261 0.454434
vt 0.387495 0.470124
vt 0.414645 0.485349
vt 0.443931 0.490965
vt 0.497270 0.512070
vt 0.500413 0.502491
vt 0.528361 0.508031
vt 0.556138 0.513609
vt 0.609899 0.534925
vt 0.638423 0.540807
vt 0.667504 0.547089
vt 0.697992 0.553644
vt 0.730244 0.560619
vt 0.733696 0.550649
vt 0.096557 0.384702
vt 0.119729 0.415219
vt 0.183836 0.381263
vt 0.192037 0.358801
vt 0.195929 0.347551
vt 0.228240 0.366379
vt 0.231988 0.355372
vt 0.261673 0.373167
vt 0.265823 0.362464
vt 0.300525 0.370926
vt 0.317274 0.434194
vt 0.343245 0.459988
vt 0.391119 0.460246
vt 0.417965 0.475643
vt 0.472203 0.496740
vt 0.475302 0.487178
vt 0.503562 0.492854
vt 0.531450 0.498310
vt 0.584489 0.519407
vt 0.613022 0.525370
vt 0.641559 0.531166
vt 0.670662 0.537426
vt 0.701303 0.543930
vt 0.704689 0.534134
vt 0.708101 0.524182
vt 0.764763 0.568107
vt 0.123133 0.404035
vt 0.199875 0.336276
vt 0.203997 0.325118
vt 0.236034 0.344530
vt 0.240380 0.333764
vt 0.270315 0.352249
vt 0.275633 0.342251
vt 0.286340 0.426949
vt 0.313788 0.444778
vt 0.394590 0.450236
vt 0.447067 0.481374
vt 0.450148 0.471789
vt 0.478413 0.477725
vt 0.506719 0.483303
vt 0.559193 0.503953
vt 0.587603 0.509831
vt 0.616156 0.515716
vt 0.644697 0.521418
vt 0.673870 0.527628
vt 0.677135 0.517719
vt 0.680490 0.507841
vt 0.737170 0.540688
vt 0.768281 0.557896
vt 0.100161 0.373286
vt 0.208349 0.314411
vt 0.212862 0.303954
vt 0.244932 0.323287
vt 0.249787 0.313185
vt 0.281535 0.332541
vt 0.282808 0.437292
vt 0.421241 0.465971
vt 0.424472 0.456300
vt 0.453205 0.462228
vt 0.481568 0.468229
vt 0.534509 0.488770
vt 0.562279 0.494444
vt 0.590703 0.500277
vt 0.619302 0.506023
vt 0.647820 0.511628
vt 0.650988 0.501898
vt 0.654271 0.492312
vt 0.683901 0.498130
vt 0.711529 0.514158
vt 0.740689 0.530697
vt 0.127053 0.392500
vt 0.217488 0.293482
vt 0.222129 0.283051
vt 0.226680 0.272601
vt 0.254761 0.303251
vt 0.259971 0.293379
vt 0.310886 0.363358
vt 0.256270 0.419371
vt 0.278225 0.448414
vt 0.397898 0.440266
vt 0.427658 0.446619
vt 0.456236 0.452618
vt 0.509919 0.473758
vt 0.537507 0.479413
vt 0.565335 0.485096
vt 0.593799 0.490852
vt 0.622470 0.496375
vt 0.625643 0.486853
vt 0.628835 0.477331
vt 0.657670 0.482811
vt 0.661021 0.473293
vt 0.687349 0.488585
vt 0.715011 0.504280
vt 0.771864 0.547744
vt 0.104762 0.362131
vt 0.132163 0.381629
vt 0.231195 0.262107
vt 0.235703 0.251609
vt 0.265127 0.283593
vt 0.289357 0.324971
vt 0.252663 0.430436
vt 0.248649 0.442126
vt 0.401193 0.430549
vt 0.430882 0.437030
vt 0.484707 0.458642
vt 0.513050 0.464197
vt 0.540468 0.470072
vt 0.568421 0.475775
vt 0.596912 0.481466
vt 0.600040 0.471940
vt 0.603157 0.462240
vt 0.632012 0.467738
vt 0.635129 0.458143
vt 0.638251 0.448410
vt 0.664309 0.463731
vt 0.690818 0.479055
vt 0.744219 0.520613
vt 0.775527 0.537598
vt 0.109943 0.351666
vt 0.138014 0.370563
vt 0.240052 0.241202
vt 0.244225 0.230827
vt 0.270202 0.273910
vt 0.296534 0.316645
vt 0.220773 0.424647
vt 0.216690 0.435807
vt 0.404416 0.420935
vt 0.459309 0.443025
vt 0.487879 0.448938
vt 0.516119 0.454610
vt 0.543409 0.460613
vt 0.571524 0.466308
vt 0.574619 0.456629
vt 0.577770 0.446824
vt 0.606273 0.452438
vt 0.609368 0.442654
vt 0.612507 0.433063
vt 0.641409 0.438680
vt 0.667608 0.454094
vt 0.718522 0.494574
vt 0.747820 0.510536
vt 0.779200 0.527372
vt 0.114305 0.339755
vt 0.143581 0.359351
vt 0.248222 0.220396
vt 0.275067 0.264300
vt 0.279714 0.254712
vt 0.319290 0.355441
vt 0.225026 0.413793
vt 0.186357 0.429010
vt 0.211835 0.447163
vt 0.380000 0.393897
vt 0.434076 0.427565
vt 0.462383 0.433620
vt 0.491033 0.439328
vt 0.519128 0.445096
vt 0.546418 0.451034
vt 0.549530 0.441447
vt 0.552719 0.432012
vt 0.580904 0.437170
vt 0.584048 0.427764
vt 0.587235 0.418420
vt 0.615766 0.423669
vt 0.619132 0.414250
vt 0.644647 0.429037
vt 0.694220 0.469441
vt 0.722078 0.484956
vt 0.751410 0.500606
vt 0.782907 0.517120
vt 0.119152 0.327623
vt 0.148550 0.348328
vt 0.301382 0.307293
vt 0.324540 0.346700
vt 0.193905 0.406749
vt 0.190254 0.418039
vt 0.181469 0.440065
vt 0.372254 0.413427
vt 0.407615 0.411257
vt 0.437248 0.418037
vt 0.465493 0.424253
vt 0.494194 0.429925
vt 0.522122 0.435788
vt 0.525126 0.426492
vt 0.528154 0.416977
vt 0.555999 0.422557
vt 0.559256 0.413018
vt 0.562462 0.403410
vt 0.590446 0.408988
vt 0.593701 0.399378
vt 0.622511 0.404682
vt 0.670886 0.444336
vt 0.697602 0.459710
vt 0.725594 0.475262
vt 0.755041 0.490812
vt 0.758770 0.481016
vt 0.153313 0.337059
vt 0.306045 0.297853
vt 0.340188 0.394087
vt 0.194699 0.395499
vt 0.368053 0.422881
vt 0.354887 0.365859
vt 0.410781 0.401492
vt 0.440373 0.408402
vt 0.468591 0.414740
vt 0.497316 0.420556
vt 0.500418 0.411009
vt 0.503513 0.401253
vt 0.531256 0.407250
vt 0.534422 0.397479
vt 0.537592 0.387862
vt 0.565617 0.393809
vt 0.568727 0.384260
vt 0.597000 0.389731
vt 0.647977 0.419492
vt 0.674205 0.434565
vt 0.700999 0.449868
vt 0.729085 0.465397
vt 0.732587 0.455397
vt 0.786654 0.506890
vt 0.130878 0.290600
vt 0.157899 0.325673
vt 0.329249 0.337486
vt 0.345647 0.385272
vt 0.350550 0.375645
vt 0.333636 0.328174
vt 0.359031 0.356358
vt 0.383653 0.384002
vt 0.414001 0.391547
vt 0.443475 0.398618
vt 0.471713 0.405050
vt 0.474840 0.395177
vt 0.478044 0.385217
vt 0.506624 0.391406
vt 0.509697 0.381673
vt 0.512769 0.371994
vt 0.540753 0.378240
vt 0.543942 0.368542
vt 0.571845 0.374568
vt 0.625910 0.394923
vt 0.651325 0.409914
vt 0.677629 0.424911
vt 0.704427 0.439939
vt 0.707952 0.430020
vt 0.762539 0.471002
vt 0.790559 0.496733
vt 0.162291 0.314111
vt 0.310327 0.288080
vt 0.358829 0.442838
vt 0.363390 0.432818
vt 0.337578 0.318579
vt 0.362886 0.346956
vt 0.387187 0.374189
vt 0.417297 0.381604
vt 0.446564 0.388671
vt 0.449681 0.378778
vt 0.452808 0.369013
vt 0.481301 0.375379
vt 0.484517 0.365618
vt 0.487680 0.355904
vt 0.515897 0.362271
vt 0.519078 0.352485
vt 0.547137 0.358736
vt 0.600342 0.380058
vt 0.629276 0.385146
vt 0.654714 0.400174
vt 0.681090 0.415232
vt 0.684535 0.405413
vt 0.736093 0.445316
vt 0.766343 0.460734
vt 0.794573 0.486677
vt 0.132400 0.278453
vt 0.166565 0.302897
vt 0.353023 0.452947
vt 0.314230 0.278154
vt 0.366533 0.337419
vt 0.390663 0.364569
vt 0.420639 0.371866
vt 0.423990 0.362175
vt 0.427263 0.352523
vt 0.455899 0.359305
vt 0.458955 0.349608
vt 0.462046 0.339868
vt 0.490847 0.346202
vt 0.494029 0.336487
vt 0.522334 0.342610
vt 0.575043 0.364653
vt 0.603714 0.370212
vt 0.632615 0.375396
vt 0.658121 0.390355
vt 0.661554 0.380559
vt 0.711573 0.420184
vt 0.739723 0.435178
vt 0.743481 0.425007
vt 0.770241 0.450381
vt 0.170695 0.291848
vt 0.341240 0.308724
vt 0.370055 0.327694
vt 0.394088 0.355032
vt 0.397440 0.345410
vt 0.400743 0.335672
vt 0.430479 0.342867
vt 0.433635 0.333098
vt 0.436697 0.323224
vt 0.465151 0.330116
vt 0.468256 0.320372
vt 0.497187 0.326781
vt 0.550340 0.348768
vt 0.578341 0.354557
vt 0.607065 0.360166
vt 0.635946 0.365576
vt 0.639314 0.355579
vt 0.688080 0.395428
vt 0.715239 0.410268
vt 0.718991 0.400153
vt 0.747327 0.414880
vt 0.798691 0.476473
vt 0.134512 0.266877
vt 0.174904 0.280736
vt 0.344735 0.298745
vt 0.373424 0.317772
vt 0.403994 0.325792
vt 0.407203 0.315824
vt 0.410366 0.305909
vt 0.439763 0.313361
vt 0.442829 0.303550
vt 0.471356 0.310634
vt 0.525596 0.332759
vt 0.553539 0.338764
vt 0.581736 0.344377
vt 0.610373 0.349993
vt 0.613669 0.339763
vt 0.665026 0.370696
vt 0.691679 0.385418
vt 0.695357 0.375303
vt 0.722841 0.389934
vt 0.774224 0.440025
vt 0.802871 0.466000
vt 0.137569 0.255363
vt 0.179103 0.269612
vt 0.317882 0.268259
vt 0.376717 0.307760
vt 0.379891 0.297759
vt 0.382970 0.287847
vt 0.413478 0.296012
vt 0.416610 0.286103
vt 0.445865 0.293718
vt 0.500324 0.317058
vt 0.528829 0.322921
vt 0.556719 0.328779
vt 0.585132 0.334282
vt 0.588483 0.324320
vt 0.642760 0.345368
vt 0.668581 0.360665
vt 0.672243 0.350406
vt 0.699121 0.365095
vt 0.751266 0.404634
vt 0.778305 0.429666
vt 0.807167 0.455357
vt 0.348047 0.288748
vt 0.351245 0.278751
vt 0.354388 0.268755
vt 0.386025 0.277944
vt 0.389077 0.267922
vt 0.419778 0.276066
vt 0.474464 0.300880
vt 0.503477 0.307295
vt 0.531989 0.313099
vt 0.559894 0.318908
vt 0.563081 0.309028
vt 0.616952 0.329602
vt 0.620229 0.319481
vt 0.646238 0.335048
vt 0.649748 0.324674
vt 0.675982 0.340008
vt 0.726760 0.379692
vt 0.730772 0.369326
vt 0.755350 0.394242
vt 0.782512 0.419237
vt 0.321303 0.258377
vt 0.324642 0.248359
vt 0.357489 0.258653
vt 0.360572 0.248413
vt 0.392177 0.257707
vt 0.448881 0.283767
vt 0.477559 0.290962
vt 0.506589 0.297382
vt 0.535066 0.303217
vt 0.538058 0.293325
vt 0.591825 0.314427
vt 0.595161 0.304545
vt 0.623558 0.309421
vt 0.626942 0.299319
vt 0.653285 0.314276
vt 0.702961 0.354729
vt 0.706893 0.344199
vt 0.734885 0.358803
vt 0.759598 0.383776
vt 0.811595 0.444692
vt 0.327865 0.238167
vt 0.363670 0.237989
vt 0.395367 0.247345
vt 0.422905 0.265888
vt 0.451887 0.273653
vt 0.480707 0.280902
vt 0.509721 0.287347
vt 0.512865 0.277213
vt 0.566270 0.299143
vt 0.569486 0.289184
vt 0.598459 0.294592
vt 0.601750 0.284532
vt 0.630385 0.289196
vt 0.679743 0.329552
vt 0.683516 0.319083
vt 0.710873 0.333593
vt 0.739074 0.348166
vt 0.786878 0.408760
vt 0.791434 0.398170
vt 0.330960 0.227717
vt 0.398561 0.236860
vt 0.426007 0.255606
vt 0.454879 0.263385
vt 0.483899 0.270710
vt 0.487108 0.260400
vt 0.541040 0.283336
vt 0.544075 0.273271
vt 0.572753 0.279063
vt 0.576087 0.268764
vt 0.605057 0.274239
vt 0.656879 0.303833
vt 0.660536 0.293385
vt 0.687313 0.308495
vt 0.714916 0.322969
vt 0.764007 0.373316
vt 0.768573 0.362734
vt 0.816260 0.433962
vt 0.366755 0.227382
vt 0.401776 0.226269
vt 0.429086 0.245234
vt 0.457899 0.253034
vt 0.460932 0.242664
vt 0.515992 0.267015
vt 0.519084 0.256731
vt 0.547272 0.263019
vt 0.550574 0.252527
vt 0.579489 0.258249
vt 0.633910 0.278889
vt 0.637506 0.268332
vt 0.664285 0.282867
vt 0.691197 0.297767
vt 0.743342 0.337423
vt 0.747703 0.326569
vt 0.796103 0.387506
vt 0.821313 0.423087
vt 0.839900 0.481539
vt 0.333983 0.217020
vt 0.369950 0.216620
vt 0.432107 0.234809
vt 0.490343 0.250039
vt 0.493550 0.239639
vt 0.522166 0.246310
vt 0.525280 0.235655
vt 0.553906 0.241780
vt 0.608406 0.263691
vt 0.611839 0.252931
vt 0.641188 0.257533
vt 0.668157 0.272151
vt 0.719015 0.312316
vt 0.723183 0.301537
vt 0.727447 0.290583
vt 0.773257 0.351930
vt 0.800918 0.376780
vt 0.826450 0.412247
vt 0.844769 0.470516
vt 0.835143 0.492397
vt 0.337009 0.206147
vt 0.405004 0.215522
vt 0.435098 0.224296
vt 0.463981 0.232266
vt 0.467089 0.221768
vt 0.496742 0.229120
vt 0.499900 0.218411
vt 0.528438 0.224807
vt 0.582903 0.247517
vt 0.586381 0.236506
vt 0.615392 0.241893
vt 0.619091 0.230570
vt 0.644999 0.246423
vt 0.695160 0.286888
vt 0.699222 0.275892
vt 0.703385 0.264730
vt 0.752143 0.315588
vt 0.778098 0.340854
vt 0.806075 0.365991
vt 0.831831 0.401157
vt 0.849830 0.459257
vt 0.830594 0.503157
vt 0.373129 0.205747
vt 0.408143 0.204685
vt 0.438052 0.213683
vt 0.470219 0.211069
vt 0.473365 0.200142
vt 0.503017 0.207465
vt 0.557298 0.230750
vt 0.560718 0.219582
vt 0.589899 0.225281
vt 0.593461 0.213859
vt 0.622868 0.219073
vt 0.672096 0.261232
vt 0.676129 0.250078
vt 0.680228 0.238682
vt 0.731874 0.279366
vt 0.756724 0.304457
vt 0.783139 0.329579
vt 0.811549 0.354949
vt 0.837557 0.389833
vt 0.855233 0.447857
vt 0.826200 0.513754
vt 0.339986 0.195178
vt 0.376246 0.194803
vt 0.440935 0.202911
vt 0.443828 0.191954
vt 0.506110 0.196315
vt 0.531625 0.213782
vt 0.534853 0.202507
vt 0.564151 0.208177
vt 0.567604 0.196592
vt 0.597049 0.202245
vt 0.648926 0.235046
vt 0.652935 0.223486
vt 0.656966 0.211765
vt 0.707638 0.253337
vt 0.736435 0.267817
vt 0.761540 0.293105
vt 0.788411 0.318053
vt 0.793963 0.306317
vt 0.817350 0.343422
vt 0.821949 0.524254
vt 0.343076 0.184083
vt 0.411231 0.193735
vt 0.414320 0.182699
vt 0.476576 0.188965
vt 0.509166 0.184942
vt 0.538161 0.190980
vt 0.541505 0.179297
vt 0.571047 0.184885
vt 0.626641 0.207406
vt 0.630416 0.195601
vt 0.634264 0.183557
vt 0.684360 0.227009
vt 0.711995 0.241692
vt 0.741111 0.255903
vt 0.766557 0.281526
vt 0.771873 0.269549
vt 0.799930 0.294188
vt 0.843595 0.377869
vt 0.817774 0.534705
vt 0.838451 0.304208
vt 0.857662 0.352429
vt 0.830416 0.318472
vt 0.823605 0.251614
vt 0.813833 0.267585
vt 0.379390 0.183794
vt 0.382498 0.172722
vt 0.446716 0.180826
vt 0.479775 0.177571
vt 0.512168 0.173275
vt 0.515240 0.161365
vt 0.544798 0.167486
vt 0.600627 0.190518
vt 0.604178 0.178675
vt 0.607810 0.166627
vt 0.661048 0.199805
vt 0.688593 0.215085
vt 0.716481 0.229736
vt 0.746001 0.243734
vt 0.751199 0.231259
vt 0.777524 0.257114
vt 0.823546 0.331420
vt 0.850196 0.365564
vt 0.813695 0.545151
vt 0.806479 0.281411
vt 0.800152 0.213407
vt 0.346204 0.172823
vt 0.385564 0.161449
vt 0.417282 0.171587
vt 0.449621 0.169543
vt 0.483007 0.165978
vt 0.486277 0.154114
vt 0.518345 0.149148
vt 0.574356 0.173112
vt 0.577751 0.161200
vt 0.581348 0.148959
vt 0.638198 0.171181
vt 0.665204 0.187575
vt 0.692983 0.202825
vt 0.721192 0.217414
vt 0.726122 0.204794
vt 0.756868 0.218195
vt 0.809854 0.555678
vt 0.783893 0.243927
vt 0.791244 0.229552
vt 0.304991 0.182458
vt 0.349126 0.161311
vt 0.420169 0.160306
vt 0.452639 0.157987
vt 0.455669 0.146104
vt 0.489432 0.141938
vt 0.548182 0.155532
vt 0.551582 0.143229
vt 0.555101 0.130536
vt 0.611610 0.154198
vt 0.642272 0.158423
vt 0.669468 0.174945
vt 0.697513 0.190161
vt 0.702359 0.177039
vt 0.731346 0.191642
vt 0.737360 0.177320
vt 0.806202 0.566174
vt 0.763442 0.204025
vt 0.771336 0.188130
vt 0.302007 0.193672
vt 0.307950 0.170971
vt 0.310833 0.159273
vt 0.388571 0.149839
vt 0.422975 0.148723
vt 0.425573 0.136719
vt 0.458740 0.133916
vt 0.521438 0.136593
vt 0.524707 0.123831
vt 0.585070 0.136214
vt 0.615573 0.141291
vt 0.646573 0.145227
vt 0.673887 0.161782
vt 0.678702 0.148031
vt 0.707629 0.163376
vt 0.713751 0.148432
vt 0.802540 0.576582
vt 0.744766 0.161150
vt 0.298895 0.204582
vt 0.351960 0.149579
vt 0.391422 0.137823
vt 0.428208 0.124413
vt 0.461962 0.121378
vt 0.492556 0.129516
vt 0.495705 0.116865
vt 0.528055 0.110908
vt 0.558773 0.117455
vt 0.588937 0.122985
vt 0.619640 0.127777
vt 0.651062 0.131451
vt 0.655918 0.116588
vt 0.684070 0.133271
vt 0.690509 0.116990
vt 0.798937 0.587002
vt 0.720994 0.131556
vt 0.295572 0.215158
vt 0.354685 0.137500
vt 0.394106 0.125373
vt 0.430916 0.111775
vt 0.465156 0.108614
vt 0.498774 0.103876
vt 0.531387 0.097458
vt 0.562437 0.103926
vt 0.592934 0.109190
vt 0.623888 0.113582
vt 0.628610 0.098388
vt 0.661699 0.099830
vt 0.795453 0.597245
vt 0.313699 0.147112
vt 0.357336 0.124887
vt 0.396675 0.112481
vt 0.433625 0.098284
vt 0.468283 0.095253
vt 0.501835 0.090306
vt 0.534844 0.083293
vt 0.566176 0.089868
vt 0.597015 0.094780
vt 0.601337 0.079391
vt 0.633685 0.081511
vt 0.791967 0.607550
vt 0.316310 0.134195
vt 0.359875 0.111291
vt 0.399146 0.098851
vt 0.436318 0.083804
vt 0.471412 0.081083
vt 0.504987 0.076000
vt 0.538781 0.068675
vt 0.570070 0.074883
vt 0.574655 0.058724
vt 0.788503 0.618025
vt 0.318441 0.120126
vt 0.362447 0.096696
vt 0.401413 0.084231
vt 0.439284 0.069063
vt 0.474649 0.066499
vt 0.508398 0.061376
vt 0.542881 0.053177
vt 0.785204 0.628648
vt 0.320112 0.105135
vt 0.364978 0.081209
vt 0.403789 0.068713
vt 0.442718 0.054053
vt 0.478017 0.051045
vt 0.511677 0.046596
vt 0.782124 0.639490
vt 0.321630 0.089464
vt 0.367568 0.065642
vt 0.406905 0.054149
vn 0.0122 0.9054 0.4243
vn -0.0668 0.9115 0.4058
vn -0.0586 0.8950 0.4422
vn 0.2459 0.8827 0.4005
vn 0.1329 0.8950 0.4258
vn 0.2482 0.8661 0.4338
vn -0.1306 0.8981 0.4199
vn -0.2284 0.8790 0.4185
vn -0.2115 0.8552 0.4732
vn -0.1343 0.8730 0.4689
vn 0.0287 0.8787 0.4765
vn 0.1354 0.8706 0.4730
vn 0.2516 0.8310 0.4961
vn 0.3126 0.8618 0.3994
vn -0.3187 0.8546 0.4099
vn -0.3782 0.8054 0.4563
vn -0.3901 0.8177 0.4233
vn -0.3063 0.8428 0.4424
vn -0.2988 0.7927 0.5314
vn -0.2091 0.8114 0.5457
vn -0.0577 0.8533 0.5182
vn 0.0338 0.8417 0.5389
vn 0.1413 0.8333 0.5344
vn 0.2516 0.8005 0.5439
vn 0.3200 0.8460 0.4263
vn 0.3907 0.8165 0.4250
vn -0.4950 0.7561 0.4281
vn -0.3945 0.7852 0.4772
vn -0.3926 0.7255 0.5652
vn -0.3000 0.7502 0.5892
vn -0.1338 0.8300 0.5415
vn -0.0551 0.8195 0.5705
vn 0.0390 0.8157 0.5771
vn 0.1509 0.8069 0.5710
vn 0.2541 0.7762 0.5769
vn 0.3209 0.8192 0.4752
vn 0.4064 0.7886 0.4614
vn 0.4682 0.7833 0.4089
vn -0.4801 0.7121 0.5122
vn -0.5680 0.6250 0.5355
vn -0.4848 0.7307 0.4806
vn -0.4776 0.6653 0.5738
vn -0.4779 0.6136 0.6286
vn -0.3970 0.6812 0.6151
vn -0.2097 0.7767 0.5939
vn -0.1321 0.7991 0.5865
vn -0.1299 0.7692 0.6256
vn -0.0540 0.7911 0.6093
vn 0.0445 0.7881 0.6138
vn 0.1596 0.7835 0.6005
vn 0.3252 0.7870 0.5243
vn 0.4176 0.7479 0.5159
vn 0.4692 0.7614 0.4472
vn -0.5127 0.4904 0.7047
vn -0.5642 0.5124 0.6473
vn -0.5890 0.6770 0.4411
vn -0.5891 0.6020 0.5390
vn -0.5846 0.5390 0.6064
vn -0.5854 0.4771 0.6555
vn -0.4832 0.5634 0.6702
vn -0.3055 0.7115 0.6327
vn -0.2111 0.7447 0.6331
vn -0.2119 0.7118 0.6696
vn -0.1287 0.7382 0.6622
vn -0.0519 0.7613 0.6463
vn 0.0492 0.7584 0.6499
vn 0.2597 0.7523 0.6054
vn 0.3341 0.7561 0.5627
vn 0.4282 0.7170 0.5500
vn 0.4735 0.7171 0.5113
vn -0.6449 0.6303 0.4323
vn -0.6612 0.5864 0.4678
vn -0.6599 0.5040 0.5572
vn -0.6609 0.4197 0.6221
vn -0.6638 0.3400 0.6661
vn -0.5883 0.4130 0.6952
vn -0.3994 0.6383 0.6580
vn -0.4063 0.6009 0.6883
vn -0.3138 0.6762 0.6665
vn -0.3162 0.6391 0.7011
vn -0.2124 0.6776 0.7040
vn -0.1270 0.7060 0.6967
vn -0.0485 0.7304 0.6812
vn 0.1666 0.7566 0.6323
vn 0.1729 0.7270 0.6645
vn 0.3448 0.7241 0.5972
vn 0.4383 0.6893 0.5768
vn 0.4817 0.6797 0.5530
vn -0.6944 0.5283 0.4885
vn -0.7295 0.4992 0.4675
vn -0.7348 0.3890 0.5557
vn -0.7275 0.2862 0.6236
vn -0.7184 0.2004 0.6661
vn -0.6663 0.2619 0.6981
vn -0.6677 0.1857 0.7208
vn -0.4928 0.5147 0.7016
vn -0.5053 0.4687 0.7245
vn -0.4151 0.5617 0.7156
vn -0.4237 0.5274 0.7364
vn -0.3179 0.6059 0.7292
vn -0.2123 0.6466 0.7327
vn -0.1259 0.6771 0.7250
vn 0.0534 0.7281 0.6833
vn 0.0584 0.6971 0.7146
vn 0.2676 0.7247 0.6350
vn 0.3552 0.6910 0.6295
vn 0.4479 0.6582 0.6052
vn 0.4907 0.6500 0.5802
vn -0.2840 0.1122 0.9522
vn -0.7809 0.4284 0.4546
vn -0.7549 0.2344 0.6125
vn -0.7371 0.1296 0.6633
vn -0.7229 0.0398 0.6898
vn -0.7048 0.1116 0.7006
vn -0.6964 0.0268 0.7171
vn -0.6867 -0.0451 0.7255
vn -0.5963 0.3512 0.7218
vn -0.6090 0.2943 0.7365
vn -0.5222 0.4188 0.7428
vn -0.5446 0.3810 0.7471
vn -0.4335 0.5000 0.7497
vn -0.3190 0.5804 0.7492
vn -0.2120 0.6217 0.7540
vn -0.0447 0.7006 0.7121
vn -0.0394 0.6762 0.7356
vn 0.1796 0.6963 0.6949
vn 0.2771 0.6929 0.6656
vn 0.3648 0.6584 0.6583
vn 0.4565 0.6267 0.6315
vn 0.4970 0.6230 0.6041
vn 0.4934 -0.6451 0.5834
vn -0.5087 -0.0290 0.8605
vn -0.8121 0.3288 0.4819
vn -0.7714 0.3384 0.5389
vn -0.7711 0.1398 0.6212
vn -0.7335 0.0441 0.6782
vn -0.7037 -0.0271 0.7100
vn -0.6944 -0.0580 0.7172
vn -0.6662 -0.1498 0.7306
vn -0.6714 -0.1256 0.7303
vn -0.6700 0.1139 0.7335
vn -0.6743 0.0457 0.7371
vn -0.6170 0.2432 0.7484
vn -0.6333 0.2063 0.7459
vn -0.5607 0.3480 0.7513
vn -0.4416 0.4740 0.7617
vn -0.3195 0.5581 0.7658
vn -0.1238 0.6522 0.7479
vn -0.1213 0.6294 0.7675
vn 0.0661 0.6681 0.7411
vn 0.1906 0.6539 0.7322
vn 0.2846 0.6597 0.6955
vn 0.3733 0.6295 0.6814
vn 0.4634 0.6003 0.6518
vn 0.5023 0.5958 0.6266
vn 0.6523 -0.4410 0.6164
vn 0.5352 -0.5595 0.6328
vn -0.6565 0.1943 0.7288
vn -0.8072 0.2538 0.5329
vn -0.7707 0.2068 0.6027
vn -0.7697 0.0547 0.6360
vn -0.7167 -0.0053 0.6973
vn -0.6644 -0.1045 0.7400
vn -0.6315 -0.2425 0.7364
vn -0.6532 -0.2138 0.7263
vn -0.6840 -0.0150 0.7293
vn -0.6536 0.1663 0.7383
vn -0.6759 0.1346 0.7246
vn -0.5749 0.3178 0.7539
vn -0.4478 0.4478 0.7739
vn -0.2114 0.6005 0.7711
vn -0.2106 0.5845 0.7835
vn -0.0328 0.6542 0.7556
vn 0.0790 0.6386 0.7654
vn 0.2008 0.6194 0.7590
vn 0.2885 0.6321 0.7191
vn 0.2929 0.6094 0.7368
vn 0.3816 0.6041 0.6996
vn 0.4696 0.5760 0.6690
vn 0.7751 -0.6149 0.1447
vn 0.6043 -0.7597 0.2401
vn 0.6134 -0.7457 0.2601
vn 0.4835 -0.5939 0.6430
vn 0.0520 -0.1755 0.9831
vn 0.2106 -0.3819 0.8998
vn -0.5181 0.1426 0.8433
vn -0.7233 0.3251 0.6092
vn 0.5362 -0.5369 0.6513
vn -0.7888 0.1099 0.6047
vn -0.6147 -0.1651 0.7712
vn -0.5949 -0.3278 0.7339
vn -0.6470 -0.2906 0.7049
vn -0.6955 -0.0542 0.7164
vn -0.7035 -0.1033 0.7031
vn -0.7223 -0.1430 0.6766
vn -0.6984 0.1111 0.7070
vn -0.5859 0.2904 0.7565
vn -0.3204 0.5376 0.7799
vn -0.3225 0.5168 0.7930
vn -0.1165 0.6082 0.7851
vn -0.0227 0.6286 0.7774
vn 0.0938 0.6142 0.7835
vn 0.2056 0.6023 0.7713
vn 0.2099 0.5887 0.7806
vn 0.2993 0.5880 0.7514
vn 0.3909 0.5769 0.7171
vn 0.5097 0.5662 0.6477
vn 0.3621 -0.8935 0.2657
vn 0.6547 -0.7034 0.2767
vn 0.6717 -0.6698 0.3163
vn 0.4711 -0.7401 0.4798
vn 0.1685 -0.4318 0.8861
vn -0.7500 0.0351 0.6605
vn -0.6592 -0.0678 0.7489
vn -0.5588 -0.3942 0.7296
vn -0.6349 -0.3691 0.6787
vn -0.6131 -0.4139 0.6728
vn -0.7346 -0.1344 0.6650
vn -0.7172 0.0940 0.6905
vn -0.4540 0.4217 0.7848
vn -0.4563 0.3895 0.8000
vn -0.2076 0.5651 0.7985
vn -0.1089 0.5865 0.8025
vn -0.0115 0.6044 0.7965
vn 0.1063 0.5933 0.7979
vn 0.1159 0.5738 0.8107
vn 0.2156 0.5715 0.7917
vn 0.3090 0.5629 0.7666
vn 0.4762 0.5503 0.6858
vn 0.5186 0.5340 0.6677
vn 0.3572 -0.8799 0.3133
vn 0.3793 -0.8249 0.4191
vn 0.5822 -0.5452 0.6030
vn 0.5571 -0.4269 0.7123
vn 0.6772 -0.4512 0.5812
vn -0.2474 -0.0717 0.9662
vn -0.6019 -0.1228 0.7890
vn -0.5464 -0.2167 0.8090
vn -0.5216 -0.4565 0.7208
vn -0.5665 -0.4746 0.6737
vn -0.7517 -0.1000 0.6518
vn -0.5940 0.2659 0.7592
vn -0.5990 0.2459 0.7620
vn -0.3246 0.4909 0.8085
vn -0.2025 0.5394 0.8173
vn -0.0996 0.5617 0.8213
vn -0.0010 0.5798 0.8148
vn 0.0079 0.5571 0.8304
vn 0.0165 0.5369 0.8434
vn 0.1238 0.5541 0.8232
vn 0.2238 0.5500 0.8046
vn 0.4011 0.5483 0.7338
vn 0.4100 0.5241 0.7465
vn 0.4834 0.5245 0.7008
vn 0.6651 -0.3494 0.6599
vn 0.5372 -0.3413 0.7713
vn -0.5828 0.1406 0.8004
vn -0.6684 -0.0030 0.7438
vn -0.4787 -0.2611 0.8382
vn -0.4855 -0.5029 0.7150
vn -0.5450 -0.5166 0.6604
vn -0.7294 0.0793 0.6795
vn -0.7367 0.0614 0.6734
vn -0.4578 0.3603 0.8127
vn -0.3257 0.4630 0.8243
vn -0.1959 0.5092 0.8380
vn -0.0910 0.5366 0.8389
vn -0.0848 0.5157 0.8526
vn -0.0776 0.4904 0.8680
vn 0.0253 0.5142 0.8573
vn 0.1329 0.5307 0.8370
vn 0.3198 0.5377 0.7801
vn 0.3312 0.5132 0.7918
vn 0.4172 0.5029 0.7569
vn 0.5282 0.5023 0.6846
vn 0.4305 -0.3433 0.8347
vn 0.3091 -0.3914 0.8668
vn -0.7496 0.1898 0.6341
vn -0.5416 -0.1636 0.8245
vn -0.4217 -0.3034 0.8544
vn -0.4292 -0.5421 0.7224
vn -0.5239 -0.5681 0.6346
vn -0.7720 -0.0986 0.6279
vn -0.6030 0.2309 0.7635
vn -0.4602 0.3412 0.8196
vn -0.3231 0.4344 0.8407
vn -0.1897 0.4822 0.8553
vn -0.1851 0.4567 0.8701
vn -0.1790 0.4285 0.8856
vn -0.0688 0.4592 0.8856
vn 0.0339 0.4888 0.8717
vn 0.2319 0.5287 0.8165
vn 0.2411 0.5047 0.8289
vn 0.3420 0.4879 0.8031
vn 0.4912 0.5007 0.7127
vn 0.5388 0.4712 0.6983
vn 0.4880 -0.1706 0.8560
vn 0.5052 -0.0450 0.8618
vn 0.5620 0.1590 0.8117
vn 0.5013 -0.2174 0.8375
vn -0.4952 -0.1944 0.8467
vn -0.3538 -0.3444 0.8696
vn -0.3613 -0.5684 0.7392
vn -0.4931 -0.6339 0.5958
vn -0.7870 -0.0966 0.6093
vn -0.7463 0.0460 0.6640
vn -0.6065 0.2189 0.7643
vn -0.4584 0.3235 0.8277
vn -0.3182 0.4082 0.8556
vn -0.3122 0.3829 0.8694
vn -0.3040 0.3573 0.8831
vn -0.1717 0.4016 0.8996
vn -0.0612 0.4304 0.9005
vn 0.1423 0.5062 0.8506
vn 0.1501 0.4823 0.8631
vn 0.1588 0.4522 0.8776
vn 0.2514 0.4773 0.8420
vn 0.4252 0.4792 0.7678
vn 0.5007 0.4727 0.7251
vn 0.5112 0.4424 0.7368
vn 0.6129 0.3948 0.6844
vn -0.5717 -0.0490 0.8190
vn -0.2888 -0.3744 0.8811
vn -0.2795 -0.5771 0.7673
vn -0.4349 -0.7181 0.5432
vn -0.7913 -0.0992 0.6033
vn -0.7608 0.0454 0.6473
vn -0.6066 0.2095 0.7669
vn -0.4520 0.3030 0.8390
vn -0.4443 0.2849 0.8493
vn -0.4366 0.2724 0.8574
vn -0.2962 0.3388 0.8930
vn -0.1632 0.3788 0.9109
vn 0.0437 0.4589 0.8874
vn 0.0552 0.4263 0.9029
vn 0.0670 0.3995 0.9143
vn 0.1683 0.4211 0.8912
vn 0.3533 0.4589 0.8151
vn 0.4338 0.4533 0.7787
vn 0.4417 0.4293 0.7877
vn 0.5536 0.4309 0.7126
vn 0.6963 0.1724 0.6967
vn -0.4376 -0.2432 0.8656
vn -0.2274 -0.3990 0.8883
vn -0.2134 -0.5609 0.7998
vn -0.3564 -0.7772 0.5187
vn -0.7960 -0.1046 0.5962
vn -0.7657 0.0421 0.6418
vn -0.6018 0.1976 0.7738
vn -0.5962 0.1863 0.7809
vn -0.5914 0.1804 0.7859
vn -0.4298 0.2647 0.8632
vn -0.2904 0.3318 0.8975
vn -0.0551 0.4091 0.9108
vn -0.0463 0.3898 0.9197
vn -0.0340 0.3694 0.9286
vn 0.0772 0.3803 0.9216
vn 0.2618 0.4484 0.8546
vn 0.3645 0.4297 0.8261
vn 0.3730 0.4020 0.8362
vn 0.5219 0.4151 0.7452
vn 0.5645 0.4021 0.7208
vn 0.5724 0.5742 0.5853
vn 0.5956 0.5172 0.6146
vn -0.3776 -0.2742 0.8844
vn -0.1874 -0.4281 0.8841
vn -0.1504 -0.5629 0.8127
vn -0.2417 -0.7718 0.5882
vn -0.8155 -0.0901 0.5717
vn -0.7648 0.0337 0.6433
vn -0.7641 0.0344 0.6442
vn -0.7604 0.0387 0.6482
vn -0.5872 0.1781 0.7896
vn -0.4225 0.2575 0.8690
vn -0.1542 0.3623 0.9192
vn -0.1455 0.3507 0.9251
vn -0.1356 0.3370 0.9317
vn -0.0223 0.3531 0.9353
vn 0.1755 0.3984 0.9003
vn 0.2750 0.4147 0.8674
vn 0.2895 0.3829 0.8773
vn 0.4501 0.4011 0.7978
vn 0.5307 0.3927 0.7511
vn 0.5681 0.3918 0.7237
vn 0.4820 0.6984 0.5291
vn -0.4904 -0.0741 0.8683
vn -0.1534 -0.4527 0.8784
vn -0.0694 -0.5533 0.8301
vn -0.1167 -0.7475 0.6539
vn -0.8341 -0.0643 0.5478
vn -0.5804 0.1719 0.7960
vn -0.4122 0.2471 0.8769
vn -0.2818 0.3224 0.9037
vn -0.2717 0.3060 0.9124
vn -0.2605 0.2845 0.9226
vn -0.1245 0.3153 0.9408
vn 0.0866 0.3656 0.9267
vn 0.1842 0.3811 0.9059
vn 0.1970 0.3595 0.9121
vn 0.3011 0.3590 0.8834
vn 0.3810 0.3757 0.8448
vn 0.4589 0.3726 0.8066
vn 0.5364 0.3735 0.7568
vn 0.6807 0.2051 0.7032
vn 0.5539 0.1298 0.8224
vn -0.3052 -0.2780 0.9108
vn -0.0928 -0.4518 0.8873
vn -0.0098 -0.5712 0.8207
vn -0.0376 -0.7273 0.6852
vn -0.8430 -0.0446 0.5359
vn -0.7520 0.0436 0.6577
vn -0.5702 0.1612 0.8055
vn -0.3991 0.2323 0.8870
vn -0.2473 0.2579 0.9340
vn -0.0111 0.3341 0.9424
vn 0.0967 0.3480 0.9325
vn 0.1060 0.3314 0.9375
vn 0.2123 0.3345 0.9181
vn 0.3109 0.3379 0.8883
vn 0.3892 0.3520 0.8512
vn 0.3958 0.3325 0.8560
vn 0.4650 0.3525 0.8121
vn 0.6039 0.3713 0.7052
vn 0.8189 -0.0122 -0.5738
vn -0.5024 -0.1400 0.8532
vn -0.2469 -0.2767 0.9287
vn 0.0543 -0.5484 0.8344
vn -0.0454 -0.7282 0.6838
vn -0.8520 -0.0147 0.5233
vn -0.7447 0.0629 0.6644
vn -0.5552 0.1498 0.8181
vn -0.3825 0.2103 0.8997
vn -0.1144 0.2909 0.9499
vn -0.0005 0.3129 0.9498
vn 0.0099 0.2864 0.9580
vn 0.1179 0.3086 0.9438
vn 0.2267 0.3107 0.9231
vn 0.3193 0.3197 0.8921
vn 0.3274 0.3017 0.8954
vn 0.4014 0.3164 0.8595
vn 0.5427 0.3518 0.7626
vn 0.6254 0.3520 0.6964
vn -0.5076 -0.1465 0.8490
vn -0.0258 -0.3883 0.9212
vn 0.1207 -0.4713 0.8736
vn -0.6912 -0.5813 0.4293
vn -0.8598 0.0281 0.5098
vn -0.7366 0.0916 0.6701
vn -0.5319 0.1368 0.8357
vn -0.2333 0.2283 0.9452
vn -0.1050 0.2634 0.9589
vn -0.0956 0.2337 0.9676
vn 0.0201 0.2576 0.9660
vn 0.1317 0.2783 0.9514
vn 0.2380 0.2891 0.9272
vn 0.2478 0.2682 0.9309
vn 0.3355 0.2823 0.8987
vn 0.4718 0.3327 0.8165
vn 0.4805 0.3092 0.8206
vn 0.5502 0.3291 0.7674
vn 0.4631 0.7808 0.4192
vn -0.2555 0.3649 0.8953
vn -0.2073 -0.2546 0.9445
vn -0.1766 -0.2416 0.9541
vn 0.0172 -0.3242 0.9458
vn 0.1707 -0.4053 0.8981
vn -0.8570 0.0637 0.5113
vn -0.7182 0.0935 0.6895
vn -0.3637 0.1854 0.9128
vn -0.2200 0.1992 0.9549
vn -0.2063 0.1671 0.9641
vn -0.0857 0.2003 0.9760
vn 0.0293 0.2308 0.9725
vn 0.1438 0.2522 0.9569
vn 0.1528 0.2329 0.9604
vn 0.2581 0.2465 0.9341
vn 0.4081 0.2977 0.8630
vn 0.4152 0.2786 0.8660
vn 0.4887 0.2866 0.8240
vn 0.5571 0.3083 0.7711
vn 0.8435 0.5320 0.0731
vn -0.4425 -0.1732 0.8799
vn -0.4212 -0.1783 0.8892
vn -0.1467 -0.2030 0.9681
vn 0.0433 -0.2710 0.9616
vn 0.0700 -0.1408 0.9875
vn 0.6896 0.3792 0.6170
vn -0.8430 0.0761 0.5325
vn -0.5047 0.1225 0.8545
vn -0.3437 0.1595 0.9254
vn -0.3235 0.1262 0.9377
vn -0.1937 0.1378 0.9713
vn -0.0764 0.1677 0.9828
vn 0.0375 0.2055 0.9779
vn 0.0443 0.1829 0.9821
vn 0.1615 0.2142 0.9633
vn 0.3436 0.2610 0.9021
vn 0.3515 0.2384 0.9053
vn 0.4238 0.2559 0.8688
vn 0.4981 0.2608 0.8269
vn 0.6330 0.3266 0.7019
vn 0.7967 0.5942 0.1103
vn -0.2691 0.2715 0.9240
vn -0.3575 -0.0903 0.9295
vn -0.1445 -0.0704 0.9870
vn -0.1394 0.0920 0.9859
vn 0.2099 -0.2748 0.9383
vn 0.1947 -0.1720 0.9657
vn -0.8226 0.0818 0.5627
vn -0.6942 0.0842 0.7148
vn -0.4731 0.1048 0.8748
vn -0.3074 0.1057 0.9457
vn -0.1835 0.1211 0.9755
vn -0.0692 0.1453 0.9870
vn -0.0623 0.1266 0.9900
vn 0.0523 0.1565 0.9863
vn 0.2691 0.2235 0.9368
vn 0.2789 0.2009 0.9390
vn 0.3585 0.2178 0.9077
vn 0.4330 0.2330 0.8707
vn 0.5643 0.2852 0.7747
vn 0.6383 0.3097 0.7047
vn 0.9941 0.0580 0.0919
vn -0.3024 0.1468 0.9418
vn 0.0585 0.0981 0.9934
vn -0.2369 0.1881 0.9531
vn 0.7765 0.6272 -0.0589
vn -0.8028 0.0952 0.5886
vn -0.6598 0.0636 0.7487
vn -0.4421 0.0851 0.8929
vn -0.2922 0.0910 0.9520
vn -0.1728 0.1051 0.9793
vn -0.1627 0.0889 0.9826
vn -0.0532 0.1068 0.9929
vn 0.1737 0.1848 0.9673
vn 0.1862 0.1517 0.9707
vn 0.2862 0.1799 0.9411
vn 0.3656 0.1980 0.9095
vn 0.5059 0.2390 0.8288
vn 0.5720 0.2598 0.7780
vn 0.6447 0.2876 0.7082
vn -0.2668 -0.8101 -0.5220
vn -0.1559 0.1847 0.9703
vn -0.0831 0.3029 0.9494
vn -0.6915 0.0890 0.7168
vn -0.7865 0.0437 0.6160
vn -0.6255 0.0262 0.7797
vn -0.4152 0.0562 0.9080
vn -0.2783 0.0698 0.9579
vn -0.2661 0.0472 0.9628
vn -0.1524 0.0702 0.9858
vn 0.0633 0.1267 0.9899
vn 0.0750 0.1013 0.9920
vn 0.1947 0.1279 0.9725
vn 0.2925 0.1600 0.9428
vn 0.4416 0.2121 0.8718
vn 0.5123 0.2217 0.8297
vn 0.5780 0.2396 0.7801
vn 0.6553 0.2582 0.7098
vn -0.3283 0.1910 0.9250
vn -0.1760 0.2400 0.9547
vn -0.1050 0.2643 0.9587
vn -0.9255 -0.3022 0.2282
vn -0.5936 0.0039 0.8047
vn -0.3946 0.0247 0.9185
vn -0.3805 0.0102 0.9247
vn -0.2543 0.0250 0.9668
vn -0.0417 0.0857 0.9954
vn -0.0305 0.0647 0.9974
vn 0.0854 0.0813 0.9930
vn 0.2019 0.1076 0.9734
vn 0.3728 0.1785 0.9106
vn 0.4491 0.1936 0.8722
vn 0.5176 0.2079 0.8300
vn 0.5839 0.2238 0.7804
vn 0.6666 0.2315 0.7085
vn 0.8629 -0.3225 0.3890
vn 0.8625 -0.2983 0.4087
vn -0.4065 0.1455 0.9020
vn -0.3219 0.1813 0.9292
vn -0.1853 0.2708 0.9446
vn -0.1469 0.3479 0.9259
vn -0.3543 0.6453 0.6767
vn -0.9171 0.3253 0.2302
vn -0.7186 -0.6300 0.2942
vn -0.7784 0.0152 0.6276
vn -0.5562 -0.0123 0.8310
vn -0.3633 -0.0047 0.9317
vn -0.1407 0.0455 0.9890
vn -0.1291 0.0203 0.9914
vn -0.0194 0.0418 0.9989
vn 0.0956 0.0599 0.9936
vn 0.2986 0.1401 0.9440
vn 0.3798 0.1600 0.9111
vn 0.4562 0.1754 0.8724
vn 0.5223 0.1950 0.8301
vn 0.5898 0.2092 0.7799
vn 0.5978 0.1907 0.7786
vn 0.7916 -0.1216 0.5988
vn 0.7268 -0.0273 0.6863
vn -0.4151 0.1606 0.8955
vn -0.3883 0.0912 0.9170
vn -0.4804 -0.0231 0.8767
vn -0.3218 0.1437 0.9358
vn -0.3582 0.1693 0.9181
vn -0.2317 0.3440 0.9099
vn -0.3200 0.4668 0.8244
vn -0.6959 0.7068 0.1270
vn -0.6002 0.1084 -0.7924
vn 0.4262 0.8023 0.4179
vn -0.7460 -0.0041 0.6659
vn -0.5234 -0.0387 0.8512
vn -0.2421 0.0041 0.9702
vn -0.2294 -0.0182 0.9731
vn -0.1185 -0.0022 0.9929
vn -0.0092 0.0199 0.9998
vn 0.2085 0.0875 0.9741
vn 0.3048 0.1197 0.9449
vn 0.3868 0.1413 0.9113
vn 0.4645 0.1515 0.8725
vn 0.5288 0.1754 0.8304
vn 0.5360 0.1518 0.8304
vn 0.5426 0.1316 0.8296
vn 0.6765 0.2103 0.7057
vn 0.6634 0.0789 0.7441
vn -0.5543 -0.0292 0.8318
vn -0.5926 0.0371 0.8046
vn -0.4236 0.2634 0.8667
vn -0.4899 0.3400 0.8027
vn -0.4912 0.5594 0.6677
vn -0.6268 0.5567 0.5451
vn -0.3564 0.2030 -0.9120
vn -0.2698 -0.5068 -0.8187
vn -0.6940 -0.0457 0.7185
vn -0.3458 -0.0274 0.9379
vn -0.3293 -0.0545 0.9426
vn -0.2171 -0.0419 0.9752
vn -0.1088 -0.0232 0.9938
vn 0.1051 0.0388 0.9937
vn 0.2144 0.0683 0.9743
vn 0.3112 0.0982 0.9452
vn 0.3934 0.1248 0.9108
vn 0.4724 0.1303 0.8717
vn 0.4780 0.1137 0.8709
vn 0.4824 0.0998 0.8702
vn 0.6077 0.1688 0.7760
vn 0.6847 0.1929 0.7027
vn 0.6176 0.1721 0.7674
vn -0.5913 0.1280 0.7962
vn -0.5421 0.2564 0.8002
vn -0.5385 0.3731 0.7555
vn -0.5993 0.3779 0.7057
vn -0.7642 0.5138 0.3899
vn -0.2261 -0.5140 -0.8274
vn -0.4976 -0.0728 0.8643
vn -0.4759 -0.0990 0.8739
vn -0.3153 -0.0789 0.9457
vn -0.2056 -0.0651 0.9764
vn 0.0003 0.0011 1.0000
vn 0.1138 0.0204 0.9933
vn 0.2208 0.0487 0.9741
vn 0.3164 0.0792 0.9453
vn 0.4027 0.1003 0.9098
vn 0.4135 0.0740 0.9075
vn 0.4182 0.0636 0.9061
vn 0.4888 0.0840 0.8683
vn 0.5478 0.1168 0.8284
vn 0.6175 0.1478 0.7725
vn 0.4489 0.3643 0.8159
vn -0.5608 0.2672 0.7836
vn -0.5762 0.2363 0.7824
vn -0.6036 0.1899 0.7743
vn -0.6800 0.3542 0.6419
vn -0.7379 0.3033 0.6029
vn -0.8107 0.5050 0.2961
vn -0.2355 0.8811 -0.4100
vn -0.0086 -0.9346 -0.3556
vn -0.6667 -0.0641 0.7425
vn -0.4498 -0.1205 0.8849
vn -0.3044 -0.0971 0.9476
vn -0.1002 -0.0424 0.9940
vn 0.0096 -0.0168 0.9998
vn 0.1226 0.0017 0.9924
vn 0.2271 0.0293 0.9734
vn 0.3218 0.0622 0.9448
vn 0.3296 0.0448 0.9431
vn 0.3378 0.0264 0.9408
vn 0.4233 0.0509 0.9045
vn 0.4304 0.0329 0.9020
vn 0.4944 0.0689 0.8665
vn 0.5548 0.1004 0.8259
vn 0.6962 0.1683 0.6978
vn 0.3968 0.3848 0.8333
vn 0.0624 0.6434 0.7629
vn -0.6442 0.1302 0.7537
vn -0.6467 0.0703 0.7595
vn -0.8132 0.2451 0.5278
vn -0.8394 0.3954 0.3730
vn -0.1099 -0.3636 -0.9250
vn 0.0374 -0.9632 0.2660
vn -0.6344 -0.0497 0.7714
vn -0.4270 -0.1289 0.8950
vn -0.1946 -0.0875 0.9770
vn -0.0927 -0.0614 0.9938
vn 0.0185 -0.0341 0.9992
vn 0.1307 -0.0137 0.9913
vn 0.2321 0.0149 0.9726
vn 0.2376 0.0016 0.9713
vn 0.2446 -0.0152 0.9695
vn 0.3442 0.0105 0.9388
vn 0.3510 -0.0080 0.9363
vn 0.3577 -0.0291 0.9334
vn 0.4365 0.0148 0.8995
vn 0.5022 0.0492 0.8633
vn 0.6291 0.1249 0.7672
vn 0.7072 0.1456 0.6918
vn 0.1598 0.4446 0.8813
vn -0.1064 0.6254 0.7730
vn -0.6916 0.0411 0.7211
vn -0.7204 -0.0369 0.6926
vn -0.8119 0.1762 0.5565
vn -0.8634 0.3006 0.4051
vn -0.1180 -0.0664 -0.9908
vn -0.1041 -0.5307 -0.8411
vn -0.5789 -0.0715 0.8122
vn -0.2940 -0.1089 0.9496
vn -0.1855 -0.1020 0.9773
vn -0.0853 -0.0794 0.9932
vn 0.0278 -0.0543 0.9981
vn 0.1364 -0.0255 0.9903
vn 0.1416 -0.0409 0.9890
vn 0.1483 -0.0612 0.9870
vn 0.2518 -0.0343 0.9672
vn 0.2592 -0.0558 0.9642
vn 0.2679 -0.0789 0.9602
vn 0.3647 -0.0515 0.9297
vn 0.4454 -0.0089 0.8952
vn 0.5641 0.0805 0.8218
vn 0.6393 0.1066 0.7615
vn 0.7139 0.1325 0.6876
vn -0.0286 0.4702 0.8821
vn -0.1090 0.5498 0.8281
vn -0.7153 -0.0858 0.6935
vn -0.8310 0.1421 0.5378
vn -0.8419 0.0946 0.5311
vn -0.8302 0.3947 0.3936
vn -0.3873 0.9214 0.0321
vn 0.4927 0.0383 -0.8694
vn 0.0496 -0.8319 0.5527
vn -0.7276 0.0681 0.6826
vn -0.4066 -0.1339 0.9037
vn -0.2826 -0.1214 0.9515
vn -0.1787 -0.1082 0.9779
vn -0.0770 -0.0931 0.9926
vn 0.0365 -0.0741 0.9966
vn 0.0445 -0.0923 0.9947
vn 0.0531 -0.1107 0.9924
vn 0.1551 -0.0818 0.9845
vn 0.1631 -0.1021 0.9813
vn 0.1723 -0.1226 0.9774
vn 0.2761 -0.0998 0.9559
vn 0.2838 -0.1179 0.9516
vn 0.3763 -0.0792 0.9231
vn 0.5112 0.0257 0.8590
vn 0.5731 0.0604 0.8172
vn 0.6473 0.0913 0.7567
vn 0.7194 0.1209 0.6840
vn -0.0164 0.2148 0.9765
vn -0.0804 0.4838 0.8715
vn -0.8487 0.2369 0.4729
vn -0.8247 0.3199 0.4663
vn 0.2984 0.4926 -0.8174
vn 0.8104 0.2065 -0.5482
vn 0.8568 -0.5154 -0.0134
vn -0.8193 0.1236 0.5598
vn -0.5564 -0.0940 0.8255
vn -0.3872 -0.1405 0.9112
vn -0.2705 -0.1378 0.9528
vn -0.1700 -0.1212 0.9779
vn -0.0666 -0.1087 0.9918
vn -0.0558 -0.1249 0.9906
vn -0.0449 -0.1399 0.9891
vn 0.0617 -0.1260 0.9901
vn 0.0704 -0.1428 0.9872
vn 0.0795 -0.1620 0.9836
vn 0.1814 -0.1412 0.9732
vn 0.1906 -0.1610 0.9684
vn 0.2952 -0.1421 0.9448
vn 0.4548 -0.0352 0.8899
vn 0.5193 0.0023 0.8546
vn 0.5820 0.0382 0.8123
vn 0.6549 0.0745 0.7520
vn 0.6636 0.0541 0.7461
vn -0.1637 0.2315 0.9590
vn -0.8020 0.1769 0.5705
vn -0.8849 0.3430 0.3150
vn 0.3884 0.8749 0.2892
vn -0.8553 0.1738 0.4881
vn -0.7823 0.1532 0.6038
vn -0.5260 -0.1133 0.8429
vn -0.3693 -0.1492 0.9172
vn -0.2597 -0.1512 0.9538
vn -0.1600 -0.1376 0.9774
vn -0.1499 -0.1515 0.9770
vn -0.1382 -0.1682 0.9760
vn -0.0327 -0.1599 0.9866
vn -0.0202 -0.1806 0.9833
vn -0.0092 -0.1944 0.9809
vn 0.0888 -0.1795 0.9797
vn 0.0988 -0.1956 0.9757
vn 0.2016 -0.1828 0.9622
vn 0.3879 -0.1056 0.9156
vn 0.4615 -0.0580 0.8852
vn 0.5272 -0.0208 0.8495
vn 0.5904 0.0151 0.8069
vn 0.5994 -0.0081 0.8004
vn 0.7241 0.1088 0.6810
vn 0.0648 -0.4653 0.8828
vn -0.4357 0.1913 0.8795
vn -0.8000 0.2096 0.5622
vn -0.8676 0.3036 0.3938
vn -0.8256 0.2285 0.5158
vn -0.7700 0.1297 0.6247
vn -0.7351 0.0899 0.6719
vn -0.6595 0.0173 0.7515
vn -0.4885 -0.1350 0.8621
vn -0.3525 -0.1609 0.9219
vn -0.2497 -0.1610 0.9548
vn -0.2399 -0.1726 0.9553
vn -0.2292 -0.1843 0.9557
vn -0.1254 -0.1836 0.9749
vn -0.1123 -0.1960 0.9742
vn -0.0992 -0.2072 0.9732
vn 0.0018 -0.2060 0.9785
vn 0.0136 -0.2160 0.9763
vn 0.1106 -0.2117 0.9710
vn 0.3086 -0.1694 0.9360
vn 0.3952 -0.1268 0.9098
vn 0.4667 -0.0760 0.8811
vn 0.5334 -0.0384 0.8449
vn 0.5397 -0.0540 0.8401
vn 0.6711 0.0336 0.7406
vn 0.7276 0.0978 0.6789
vn -0.5622 0.0151 0.8269
vn -0.7659 0.0831 0.6375
vn -0.9044 0.2590 0.3391
vn -0.8662 0.2465 0.4346
vn -0.7364 0.0621 0.6736
vn -0.6934 0.0388 0.7194
vn -0.6181 -0.0244 0.7857
vn -0.4585 -0.1430 0.8771
vn -0.3353 -0.1754 0.9256
vn -0.3197 -0.1875 0.9287
vn -0.3081 -0.1919 0.9318
vn -0.2164 -0.1962 0.9564
vn -0.2023 -0.2058 0.9574
vn -0.1879 -0.2132 0.9587
vn -0.0870 -0.2144 0.9728
vn -0.0743 -0.2223 0.9721
vn 0.0262 -0.2241 0.9742
vn 0.2152 -0.2060 0.9546
vn 0.3198 -0.1937 0.9274
vn 0.4016 -0.1494 0.9035
vn 0.4711 -0.0945 0.8769
vn 0.4758 -0.1167 0.8718
vn 0.6083 -0.0302 0.7931
vn 0.6771 0.0114 0.7358
vn 0.7342 0.0804 0.6741
vn -0.3420 -0.4598 0.8195
vn -0.6468 -0.0331 0.7619
vn -0.9189 0.2529 0.3025
vn -0.7271 -0.0043 0.6865
vn -0.6494 -0.0164 0.7602
vn -0.5740 -0.0616 0.8166
vn -0.4295 -0.1560 0.8895
vn -0.4028 -0.1707 0.8992
vn -0.3831 -0.1768 0.9066
vn -0.2983 -0.1898 0.9354
vn -0.2856 -0.1918 0.9389
vn -0.2701 -0.1993 0.9420
vn -0.1732 -0.2211 0.9597
vn -0.1591 -0.2297 0.9602
vn -0.0608 -0.2322 0.9708
vn 0.1246 -0.2258 0.9662
vn 0.2298 -0.2273 0.9463
vn 0.3302 -0.2165 0.9187
vn 0.4075 -0.1735 0.8965
vn 0.4119 -0.1943 0.8903
vn 0.5477 -0.0725 0.8335
vn 0.6182 -0.0520 0.7842
vn 0.6271 -0.0717 0.7756
vn 0.6828 -0.0107 0.7305
vn -0.6428 -0.0867 0.7611
vn -0.7025 0.0023 0.7117
vn -0.6085 -0.0539 0.7917
vn -0.5385 -0.0982 0.8368
vn -0.5096 -0.1237 0.8515
vn -0.4776 -0.1502 0.8656
vn -0.3699 -0.1775 0.9119
vn -0.3579 -0.1826 0.9157
vn -0.3436 -0.2006 0.9174
vn -0.2536 -0.2125 0.9436
vn -0.2349 -0.2398 0.9420
vn -0.1443 -0.2471 0.9582
vn 0.0414 -0.2374 0.9705
vn 0.1405 -0.2411 0.9603
vn 0.2439 -0.2436 0.9387
vn 0.3394 -0.2344 0.9109
vn 0.3466 -0.2468 0.9049
vn 0.4826 -0.1434 0.8640
vn 0.5568 -0.0946 0.8252
vn 0.5659 -0.1191 0.8158
vn 0.6343 -0.0903 0.7677
vn 0.7450 0.0551 0.6648
vn -0.5401 -0.3263 0.7757
vn -0.6645 -0.1024 0.7402
vn -0.6663 -0.0570 0.7435
vn -0.5753 -0.1012 0.8116
vn -0.4524 -0.1716 0.8751
vn -0.4311 -0.1966 0.8806
vn -0.4114 -0.2238 0.8835
vn -0.3262 -0.2311 0.9166
vn -0.3084 -0.2612 0.9147
vn -0.2165 -0.2713 0.9378
vn -0.0454 -0.2479 0.9677
vn 0.0596 -0.2585 0.9641
vn 0.1568 -0.2604 0.9527
vn 0.2572 -0.2590 0.9310
vn 0.2693 -0.2781 0.9220
vn 0.4176 -0.2133 0.8832
vn 0.4906 -0.1711 0.8544
vn 0.4989 -0.1978 0.8437
vn 0.5747 -0.1457 0.8053
vn 0.6899 -0.0325 0.7231
vn 0.7558 0.0295 0.6541
vn -0.5728 -0.2983 0.7634
vn -0.6821 -0.1107 0.7228
vn -0.6929 -0.0731 0.7173
vn -0.5452 -0.1443 0.8257
vn -0.5160 -0.1805 0.8374
vn -0.4906 -0.2124 0.8451
vn -0.3921 -0.2503 0.8852
vn -0.3719 -0.2789 0.8853
vn -0.2931 -0.2837 0.9130
vn -0.1267 -0.2795 0.9517
vn -0.0270 -0.2773 0.9604
vn 0.0761 -0.2804 0.9568
vn 0.1727 -0.2828 0.9435
vn 0.1888 -0.3096 0.9319
vn 0.3547 -0.2638 0.8970
vn 0.4256 -0.2325 0.8745
vn 0.4348 -0.2535 0.8641
vn 0.5078 -0.2230 0.8321
vn 0.6400 -0.1105 0.7603
vn 0.6988 -0.0555 0.7131
vn 0.7660 0.0065 0.6428
vn -0.6321 -0.1077 0.7673
vn -0.6013 -0.1645 0.7819
vn -0.5755 -0.2093 0.7905
vn -0.4672 -0.2439 0.8498
vn -0.4452 -0.2723 0.8530
vn -0.3537 -0.3045 0.8844
vn -0.1979 -0.2979 0.9338
vn -0.1091 -0.3104 0.9443
vn -0.0095 -0.3089 0.9510
vn 0.0916 -0.3045 0.9481
vn 0.1073 -0.3293 0.9381
vn 0.2804 -0.3023 0.9110
vn 0.2918 -0.3294 0.8979
vn 0.3644 -0.2886 0.8854
vn 0.3742 -0.3151 0.8722
vn 0.4440 -0.2754 0.8526
vn 0.5848 -0.1752 0.7920
vn 0.5948 -0.2046 0.7774
vn 0.6451 -0.1327 0.7525
vn 0.7083 -0.0785 0.7015
vn -0.6567 -0.1359 0.7418
vn -0.6236 -0.1889 0.7585
vn -0.5525 -0.2438 0.7971
vn -0.5294 -0.2813 0.8003
vn -0.4247 -0.3041 0.8527
vn -0.2764 -0.3088 0.9101
vn -0.1820 -0.3165 0.9310
vn -0.0939 -0.3293 0.9395
vn 0.0063 -0.3347 0.9423
vn 0.0221 -0.3551 0.9345
vn 0.2036 -0.3337 0.9204
vn 0.2171 -0.3472 0.9123
vn 0.3031 -0.3506 0.8861
vn 0.3133 -0.3633 0.8774
vn 0.3838 -0.3385 0.8591
vn 0.5164 -0.2448 0.8206
vn 0.5251 -0.2634 0.8092
vn 0.6028 -0.2302 0.7640
vn 0.6543 -0.1621 0.7386
vn 0.7770 -0.0180 0.6292
vn -0.6256 -0.2587 0.7360
vn -0.5083 -0.3128 0.8023
vn -0.4060 -0.3341 0.8506
vn -0.3364 -0.3245 0.8840
vn -0.2606 -0.3375 0.9045
vn -0.1693 -0.3303 0.9286
vn -0.0781 -0.3434 0.9359
vn -0.0618 -0.3580 0.9317
vn 0.1212 -0.3467 0.9301
vn 0.1340 -0.3590 0.9236
vn 0.2317 -0.3584 0.9043
vn 0.2476 -0.3779 0.8921
vn 0.3264 -0.3843 0.8636
vn 0.4530 -0.2987 0.8399
vn 0.4621 -0.3218 0.8264
vn 0.5348 -0.2845 0.7956
vn 0.6095 -0.2505 0.7521
vn 0.7184 -0.1030 0.6879
vn 0.7275 -0.1270 0.6742
vn -0.6279 -0.3016 0.7174
vn -0.3854 -0.3652 0.8474
vn -0.3202 -0.3415 0.8836
vn -0.2480 -0.3596 0.8995
vn -0.1544 -0.3521 0.9231
vn -0.1380 -0.3793 0.9149
vn 0.0350 -0.3661 0.9299
vn 0.0479 -0.3792 0.9240
vn 0.1481 -0.3756 0.9149
vn 0.1640 -0.3991 0.9021
vn 0.2637 -0.4023 0.8766
vn 0.3917 -0.3576 0.8477
vn 0.3981 -0.3744 0.8375
vn 0.4725 -0.3457 0.8107
vn 0.5462 -0.3134 0.7768
vn 0.6658 -0.1928 0.7208
vn 0.6763 -0.2204 0.7029
vn 0.7883 -0.0418 0.6139
vn -0.4863 -0.3513 0.8001
vn -0.3659 -0.3968 0.8418
vn -0.3049 -0.3670 0.8788
vn -0.2335 -0.3799 0.8950
vn -0.2181 -0.4009 0.8898
vn -0.0467 -0.3768 0.9251
vn -0.0307 -0.4054 0.9136
vn 0.0636 -0.4046 0.9123
vn 0.0792 -0.4340 0.8974
vn 0.1816 -0.4298 0.8845
vn 0.3380 -0.4057 0.8492
vn 0.3474 -0.4246 0.8361
vn 0.4097 -0.3989 0.8203
vn 0.4849 -0.3718 0.7915
vn 0.6160 -0.2752 0.7381
vn 0.6240 -0.3052 0.7193
vn 0.7366 -0.1535 0.6586
vn 0.8020 -0.0681 0.5934
vn 0.8176 0.0034 0.5757
vn -0.6068 -0.3449 0.7161
vn -0.4639 -0.3923 0.7943
vn -0.2900 -0.3958 0.8713
vn -0.1202 -0.4091 0.9045
vn -0.1018 -0.4404 0.8920
vn -0.0140 -0.4377 0.8990
vn 0.0010 -0.4647 0.8854
vn 0.0944 -0.4596 0.8831
vn 0.2774 -0.4233 0.8625
vn 0.2887 -0.4477 0.8463
vn 0.3588 -0.4483 0.8187
vn 0.4245 -0.4277 0.7981
vn 0.5589 -0.3450 0.7540
vn 0.5697 -0.3725 0.7325
vn 0.5784 -0.3970 0.7125
vn 0.6867 -0.2499 0.6826
vn 0.7470 -0.1828 0.6391
vn 0.8144 -0.0935 0.5726
vn 0.8290 -0.0188 0.5589
vn 0.8049 0.0265 0.5928
vn -0.5833 -0.3821 0.7167
vn -0.3474 -0.4300 0.8333
vn -0.2724 -0.4300 0.8607
vn -0.1988 -0.4315 0.8799
vn -0.1774 -0.4686 0.8654
vn -0.0862 -0.4676 0.8797
vn -0.0730 -0.4944 0.8661
vn 0.0138 -0.4868 0.8734
vn 0.1981 -0.4597 0.8657
vn 0.2144 -0.4856 0.8475
vn 0.2999 -0.4751 0.8272
vn 0.3106 -0.4980 0.8096
vn 0.3707 -0.4707 0.8006
vn 0.4969 -0.3969 0.7717
vn 0.5087 -0.4201 0.7515
vn 0.5204 -0.4409 0.7313
vn 0.6346 -0.3359 0.6960
vn 0.6948 -0.2765 0.6639
vn 0.7588 -0.2123 0.6156
vn 0.8242 -0.1144 0.5546
vn 0.8446 -0.0483 0.5332
vn 0.7893 0.0560 0.6114
vn -0.4434 -0.4283 0.7874
vn -0.3284 -0.4646 0.8223
vn -0.2536 -0.4637 0.8489
vn -0.1571 -0.5053 0.8485
vn -0.1397 -0.5383 0.8311
vn -0.0616 -0.5231 0.8500
vn 0.1100 -0.4796 0.8705
vn 0.1287 -0.5025 0.8549
vn 0.2300 -0.5067 0.8309
vn 0.2442 -0.5285 0.8130
vn 0.3216 -0.5220 0.7900
vn 0.4378 -0.4523 0.7770
vn 0.4503 -0.4713 0.7584
vn 0.4613 -0.4829 0.7443
vn 0.5855 -0.4146 0.6966
vn 0.6432 -0.3607 0.6753
vn 0.7023 -0.2997 0.6457
vn 0.7709 -0.2412 0.5895
vn 0.8258 -0.1605 0.5406
vn 0.8549 -0.0663 0.5145
vn 0.7740 0.0862 0.6272
vn -0.5611 -0.4241 0.7108
vn -0.4227 -0.4651 0.7778
vn -0.2339 -0.4968 0.8357
vn -0.2141 -0.5324 0.8190
vn -0.0507 -0.5553 0.8301
vn 0.0246 -0.5086 0.8607
vn 0.0365 -0.5368 0.8429
vn 0.1478 -0.5301 0.8349
vn 0.1630 -0.5535 0.8167
vn 0.2583 -0.5493 0.7947
vn 0.3811 -0.4890 0.7845
vn 0.3899 -0.5051 0.7699
vn 0.3985 -0.5233 0.7532
vn 0.5310 -0.4561 0.7141
vn 0.5917 -0.4268 0.6839
vn 0.6521 -0.3814 0.6552
vn 0.7118 -0.3233 0.6235
vn 0.7226 -0.3449 0.5991
vn 0.7844 -0.2674 0.5596
vn 0.7613 0.1122 0.6386
vn -0.5386 -0.4650 0.7026
vn -0.3076 -0.5056 0.8061
vn -0.2870 -0.5460 0.7871
vn -0.1247 -0.5652 0.8155
vn -0.0396 -0.5871 0.8086
vn 0.0496 -0.5690 0.8209
vn 0.0595 -0.6006 0.7973
vn 0.1760 -0.5774 0.7973
vn 0.3299 -0.5430 0.7722
vn 0.3360 -0.5612 0.7564
vn 0.3421 -0.5825 0.7373
vn 0.4709 -0.4921 0.7321
vn 0.5408 -0.4676 0.6992
vn 0.5995 -0.4375 0.6702
vn 0.6620 -0.3974 0.6354
vn 0.6727 -0.4120 0.6146
vn 0.7383 -0.3692 0.5644
vn 0.8304 -0.2432 0.5013
vn 0.7519 0.1321 0.6458
vn 0.8186 -0.3651 0.4433
vn 0.8472 -0.2740 0.4552
vn 0.8171 -0.3242 0.4767
vn 0.7859 -0.4576 0.4159
vn 0.7815 -0.4393 0.4430
vn -0.3996 -0.5064 0.7641
vn -0.3774 -0.5500 0.7450
vn -0.1973 -0.5663 0.8002
vn -0.1101 -0.5911 0.7990
vn -0.0264 -0.6214 0.7830
vn -0.0125 -0.6600 0.7511
vn 0.0676 -0.6381 0.7670
vn 0.2706 -0.5674 0.7777
vn 0.2790 -0.5916 0.7564
vn 0.2828 -0.6232 0.7291
vn 0.4058 -0.5440 0.7344
vn 0.4817 -0.5078 0.7142
vn 0.5496 -0.4824 0.6821
vn 0.6107 -0.4551 0.6480
vn 0.6249 -0.4852 0.6116
vn 0.6868 -0.4350 0.5822
vn 0.8018 -0.2914 0.5217
vn 0.8432 -0.2597 0.4706
vn 0.7466 0.1452 0.6492
vn 0.7626 -0.4050 0.5044
vn 0.7539 -0.4995 0.4268
vn -0.5102 -0.5046 0.6964
vn -0.3570 -0.5875 0.7262
vn -0.2700 -0.5789 0.7693
vn -0.1815 -0.6015 0.7779
vn -0.0939 -0.6256 0.7744
vn -0.0753 -0.6618 0.7459
vn 0.0005 -0.6901 0.7237
vn 0.1867 -0.6120 0.7685
vn 0.1937 -0.6513 0.7336
vn 0.1976 -0.6850 0.7012
vn 0.3475 -0.6100 0.7121
vn 0.4144 -0.5708 0.7088
vn 0.4942 -0.5348 0.6854
vn 0.5582 -0.5065 0.6572
vn 0.5690 -0.5392 0.6208
vn 0.6380 -0.5203 0.5676
vn 0.7429 0.1548 0.6512
vn 0.7107 -0.4682 0.5249
vn 0.7368 -0.4966 0.4588
vn -0.6162 -0.3865 0.6862
vn -0.4837 -0.5426 0.6867
vn -0.2537 -0.6100 0.7506
vn -0.1650 -0.6349 0.7547
vn -0.1487 -0.6587 0.7375
vn -0.0570 -0.6858 0.7255
vn 0.0772 -0.6783 0.7307
vn 0.0880 -0.7089 0.6998
vn 0.1047 -0.7213 0.6846
vn 0.2842 -0.6572 0.6980
vn 0.3539 -0.6431 0.6791
vn 0.4274 -0.6048 0.6720
vn 0.5051 -0.5690 0.6489
vn 0.5138 -0.6045 0.6087
vn 0.5818 -0.5750 0.5752
vn 0.5966 -0.6117 0.5194
vn 0.7364 0.1704 0.6547
vn 0.6550 -0.5566 0.5109
vn 0.6737 -0.5688 0.4717
vn -0.6542 -0.3294 0.6808
vn -0.5837 -0.4573 0.6709
vn -0.5484 -0.5305 0.6463
vn -0.3369 -0.6198 0.7087
vn -0.2387 -0.6366 0.7333
vn -0.2271 -0.6586 0.7174
vn -0.1324 -0.6773 0.7237
vn 0.0157 -0.7042 0.7098
vn 0.0292 -0.7097 0.7038
vn 0.2023 -0.7084 0.6762
vn 0.2875 -0.6883 0.6660
vn 0.3635 -0.6770 0.6399
vn 0.4412 -0.6400 0.6291
vn 0.4541 -0.6696 0.5877
vn 0.5238 -0.6365 0.5661
vn 0.5413 -0.6697 0.5084
vn 0.7255 0.1963 0.6597
vn 0.6023 -0.6374 0.4804
vn -0.6880 -0.2799 0.6695
vn -0.4617 -0.5891 0.6631
vn -0.3208 -0.6482 0.6905
vn -0.2176 -0.6769 0.7031
vn -0.1178 -0.6922 0.7120
vn -0.0417 -0.6986 0.7143
vn -0.0282 -0.7105 0.7031
vn 0.0456 -0.7289 0.6830
vn 0.1237 -0.7308 0.6713
vn 0.2134 -0.7248 0.6551
vn 0.2961 -0.7138 0.6346
vn 0.3758 -0.7035 0.6031
vn 0.3944 -0.7326 0.5547
vn 0.4665 -0.6991 0.5418
vn 0.4832 -0.7153 0.5047
vn 0.7141 0.2222 0.6638
vn 0.5553 -0.6873 0.4683
vn -0.6976 -0.2715 0.6630
vn -0.4430 -0.6339 0.6339
vn -0.3112 -0.6762 0.6677
vn -0.2088 -0.7011 0.6818
vn -0.1039 -0.7155 0.6908
vn -0.0156 -0.7338 0.6792
vn 0.0603 -0.7518 0.6566
vn 0.1390 -0.7457 0.6516
vn 0.2285 -0.7388 0.6340
vn 0.3106 -0.7326 0.6056
vn 0.3346 -0.7590 0.5585
vn 0.4060 -0.7510 0.5207
vn 0.7031 0.2497 0.6658
vn -0.5173 -0.5953 0.6148
vn -0.4257 -0.6799 0.5971
vn -0.3079 -0.7043 0.6396
vn -0.1970 -0.7428 0.6399
vn -0.0932 -0.7509 0.6537
vn -0.0052 -0.7656 0.6432
vn 0.0712 -0.7821 0.6190
vn 0.1533 -0.7710 0.6181
vn 0.2426 -0.7568 0.6070
vn 0.2561 -0.7801 0.5708
vn 0.3547 -0.7740 0.5244
vn 0.6897 0.2854 0.6654
vn -0.4935 -0.6592 0.5673
vn -0.4165 -0.7140 0.5628
vn -0.3016 -0.7393 0.6020
vn -0.1892 -0.7758 0.6019
vn -0.0857 -0.7786 0.6216
vn 0.0059 -0.7940 0.6079
vn 0.0822 -0.8075 0.5841
vn 0.1649 -0.8006 0.5760
vn 0.1728 -0.8204 0.5450
vn 0.6744 0.3265 0.6623
vn -0.4771 -0.7101 0.5178
vn -0.4089 -0.7482 0.5225
vn -0.2956 -0.7760 0.5572
vn -0.1928 -0.7848 0.5890
vn -0.0717 -0.7955 0.6016
vn 0.0211 -0.8021 0.5969
vn 0.0995 -0.8147 0.5712
vn 0.6630 0.3662 0.6530
vn -0.4664 -0.7426 0.4807
vn -0.3894 -0.7789 0.4916
vn -0.3107 -0.7773 0.5470
vn -0.1929 -0.7825 0.5919
vn -0.0540 -0.8027 0.5939
vn 0.0367 -0.7924 0.6089
vn 0.6581 0.3881 0.6451
vn -0.4629 -0.7494 0.4733
vn -0.3587 -0.7892 0.4984
vn -0.3314 -0.7515 0.5704
usemtl Material.001
s 1
f 2/1/1 1/2/2 5/3/3
f 3/4/4 6/5/5 7/6/6
f 4/7/7 9/8/8 10/9/9
f 1/2/2 4/7/7 5/3/3
f 5/3/3 4/7/7 11/10/10
f 2/1/1 5/3/3 12/11/11
f 6/5/5 2/1/1 12/11/11
f 6/5/5 12/11/11 13/12/12
f 7/6/6 6/5/5 13/12/12
f 7/6/6 13/12/12 14/13/13
f 3/4/4 7/6/6 15/14/14
f 8/15/15 16/16/16 17/17/17
f 9/8/8 8/15/15 18/18/18
f 10/9/9 9/8/8 18/18/18
f 10/9/9 18/18/18 19/19/19
f 4/7/7 10/9/9 11/10/10
f 11/10/10 10/9/9 20/20/20
f 5/3/3 11/10/10 21/21/21
f 12/11/11 5/3/3 21/21/21
f 12/11/11 21/21/21 22/22/22
f 13/12/12 12/11/11 22/22/22
f 13/12/12 22/22/22 23/23/23
f 14/13/13 13/12/12 23/23/23
f 14/13/13 23/23/23 24/24/24
f 7/6/6 14/13/13 25/25/25
f 15/14/14 7/6/6 25/25/25
f 15/14/14 25/25/25 26/26/26
f 17/17/17 16/16/16 27/27/27
f 8/15/15 17/17/17 18/18/18
f 18/18/18 17/17/17 28/28/28
f 19/19/19 18/18/18 28/28/28
f 19/19/19 28/28/28 29/29/29
f 10/9/9 19/19/19 20/20/20
f 20/20/20 19/19/19 30/30/30
f 11/10/10 20/20/20 31/31/31
f 21/21/21 11/10/10 31/31/31
f 21/21/21 31/31/31 32/32/32
f 22/22/22 21/21/21 32/32/32
f 22/22/22 32/32/32 33/33/33
f 23/23/23 22/22/22 33/33/33
f 23/23/23 33/33/33 34/34/34
f 24/24/24 23/23/23 34/34/34
f 24/24/24 34/34/34 35/35/35
f 14/13/13 24/24/24 36/36/36
f 25/25/25 14/13/13 36/36/36
f 25/25/25 36/36/36 37/37/37
f 26/26/26 25/25/25 37/37/37
f 26/26/26 37/37/37 38/38/38
f 27/27/27 16/16/16 39/39/39
f 27/27/27 39/39/39 40/40/40
f 17/17/17 27/27/27 41/41/41
f 28/28/28 17/17/17 41/41/41
f 28/28/28 41/41/41 42/42/42
f 29/29/29 28/28/28 42/42/42
f 29/29/29 42/42/42 43/43/43
f 19/19/19 29/29/29 30/30/30
f 30/30/30 29/29/29 44/44/44
f 20/20/20 30/30/30 45/45/45
f 31/31/31 20/20/20 45/45/45
f 31/31/31 45/45/45 46/46/46
f 32/32/32 31/31/31 46/46/46
f 32/32/32 46/46/46 47/47/47
f 33/33/33 32/32/32 48/48/48
f 34/34/34 33/33/33 49/49/49
f 35/35/35 34/34/34 50/50/50
f 24/24/24 35/35/35 51/51/51
f 36/36/36 24/24/24 51/51/51
f 36/36/36 51/51/51 37/37/37
f 37/37/37 51/51/51 52/52/52
f 38/38/38 37/37/37 53/53/53
f 40/40/40 39/39/39 54/54/54
f 40/40/40 54/54/54 55/55/55
f 27/27/27 40/40/40 56/56/56
f 41/41/41 27/27/27 56/56/56
f 41/41/41 56/56/56 57/57/57
f 42/42/42 41/41/41 57/57/57
f 42/42/42 57/57/57 58/58/58
f 43/43/43 42/42/42 58/58/58
f 43/43/43 58/58/58 59/59/59
f 29/29/29 43/43/43 44/44/44
f 44/44/44 43/43/43 60/60/60
f 30/30/30 44/44/44 61/61/61
f 45/45/45 30/30/30 61/61/61
f 45/45/45 61/61/61 62/62/62
f 46/46/46 45/45/45 62/62/62
f 46/46/46 62/62/62 47/47/47
f 47/47/47 62/62/62 63/63/63
f 32/32/32 47/47/47 48/48/48
f 48/48/48 47/47/47 64/64/64
f 33/33/33 48/48/48 49/49/49
f 49/49/49 48/48/48 65/65/65
f 34/34/34 49/49/49 50/50/50
f 50/50/50 49/49/49 66/66/66
f 35/35/35 50/50/50 67/67/67
f 51/51/51 35/35/35 68/68/68
f 52/52/52 51/51/51 68/68/68
f 52/52/52 68/68/68 69/69/69
f 37/37/37 52/52/52 53/53/53
f 53/53/53 52/52/52 70/70/70
f 40/40/40 55/55/55 71/71/71
f 56/56/56 40/40/40 71/71/71
f 56/56/56 71/71/71 72/72/72
f 57/57/57 56/56/56 73/73/73
f 58/58/58 57/57/57 74/74/74
f 59/59/59 58/58/58 75/75/75
f 43/43/43 59/59/59 60/60/60
f 60/60/60 59/59/59 76/76/76
f 44/44/44 60/60/60 77/77/77
f 61/61/61 44/44/44 77/77/77
f 61/61/61 77/77/77 78/78/78
f 62/62/62 61/61/61 79/79/79
f 63/63/63 62/62/62 79/79/79
f 63/63/63 79/79/79 80/80/80
f 47/47/47 63/63/63 64/64/64
f 64/64/64 63/63/63 81/81/81
f 48/48/48 64/64/64 65/65/65
f 65/65/65 64/64/64 82/82/82
f 49/49/49 65/65/65 66/66/66
f 66/66/66 65/65/65 83/83/83
f 50/50/50 66/66/66 84/84/84
f 67/67/67 50/50/50 84/84/84
f 67/67/67 84/84/84 85/85/85
f 35/35/35 67/67/67 68/68/68
f 68/68/68 67/67/67 86/86/86
f 69/69/69 68/68/68 86/86/86
f 69/69/69 86/86/86 87/87/87
f 52/52/52 69/69/69 70/70/70
f 70/70/70 69/69/69 88/88/88
f 71/71/71 55/55/55 89/89/89
f 72/72/72 71/71/71 90/90/90
f 56/56/56 72/72/72 73/73/73
f 73/73/73 72/72/72 91/91/91
f 57/57/57 73/73/73 74/74/74
f 74/74/74 73/73/73 92/92/92
f 58/58/58 74/74/74 75/75/75
f 75/75/75 74/74/74 93/93/93
f 59/59/59 75/75/75 94/94/94
f 76/76/76 59/59/59 94/94/94
f 76/76/76 94/94/94 95/95/95
f 60/60/60 76/76/76 96/96/96
f 77/77/77 60/60/60 96/96/96
f 77/77/77 96/96/96 78/78/78
f 78/78/78 96/96/96 97/97/97
f 61/61/61 78/78/78 79/79/79
f 79/79/79 78/78/78 98/98/98
f 80/80/80 79/79/79 98/98/98
f 80/80/80 98/98/98 99/99/99
f 63/63/63 80/80/80 81/81/81
f 81/81/81 80/80/80 100/100/100
f 64/64/64 81/81/81 82/82/82
f 82/82/82 81/81/81 101/101/101
f 65/65/65 82/82/82 83/83/83
f 83/83/83 82/82/82 102/102/102
f 66/66/66 83/83/83 103/103/103
f 84/84/84 66/66/66 103/103/103
f 84/84/84 103/103/103 85/85/85
f 85/85/85 103/103/103 104/104/104
f 67/67/67 85/85/85 105/105/105
f 86/86/86 67/67/67 105/105/105
f 86/86/86 105/105/105 106/106/106
f 87/87/87 86/86/86 106/106/106
f 87/87/87 106/106/106 107/107/107
f 69/69/69 87/87/87 88/88/88
f 88/88/88 87/87/87 108/108/108
f 89/89/89 55/55/55 110/109/109
f 71/71/71 89/89/89 90/90/90
f 90/90/90 89/89/89 111/110/110
f 72/72/72 90/90/90 91/91/91
f 91/91/91 90/90/90 112/111/111
f 73/73/73 91/91/91 92/92/92
f 92/92/92 91/91/91 113/112/112
f 74/74/74 92/92/92 93/93/93
f 93/93/93 92/92/92 114/113/113
f 75/75/75 93/93/93 115/114/114
f 94/94/94 75/75/75 115/114/114
f 94/94/94 115/114/114 116/115/115
f 95/95/95 94/94/94 116/115/115
f 95/95/95 116/115/115 117/116/116
f 76/76/76 95/95/95 118/117/117
f 96/96/96 76/76/76 118/117/117
f 96/96/96 118/117/117 97/97/97
f 97/97/97 118/117/117 119/118/118
f 78/78/78 97/97/97 98/98/98
f 98/98/98 97/97/97 120/119/119
f 99/99/99 98/98/98 120/119/119
f 99/99/99 120/119/119 121/120/120
f 80/80/80 99/99/99 100/100/100
f 100/100/100 99/99/99 122/121/121
f 81/81/81 100/100/100 101/101/101
f 101/101/101 100/100/100 123/122/122
f 82/82/82 101/101/101 102/102/102
f 102/102/102 101/101/101 124/123/123
f 83/83/83 102/102/102 125/124/124
f 103/103/103 83/83/83 125/124/124
f 103/103/103 125/124/124 104/104/104
f 104/104/104 125/124/124 126/125/125
f 85/85/85 104/104/104 127/126/126
f 105/105/105 85/85/85 127/126/126
f 105/105/105 127/126/126 128/127/127
f 106/106/106 105/105/105 128/127/127
f 106/106/106 128/127/127 129/128/128
f 107/107/107 106/106/106 129/128/128
f 107/107/107 129/128/128 130/129/129
f 87/87/87 107/107/107 108/108/108
f 108/108/108 107/107/107 131/130/130
f 55/55/55 109/131/131 110/109/109
f 89/89/89 110/109/109 133/132/132
f 111/110/110 89/89/89 133/132/132
f 111/110/110 133/132/132 134/133/133
f 90/90/90 111/110/110 135/134/134
f 112/111/111 90/90/90 135/134/134
f 112/111/111 135/134/134 136/135/135
f 91/91/91 112/111/111 113/112/112
f 113/112/112 112/111/111 137/136/136
f 92/92/92 113/112/112 114/113/113
f 114/113/113 113/112/112 138/137/137
f 93/93/93 114/113/113 115/114/114
f 115/114/114 114/113/113 139/138/138
f 116/115/115 115/114/114 139/138/138
f 116/115/115 139/138/138 140/139/139
f 117/116/116 116/115/115 140/139/139
f 117/116/116 140/139/139 141/140/140
f 95/95/95 117/116/116 142/141/141
f 118/117/117 95/95/95 142/141/141
f 118/117/117 142/141/141 119/118/118
f 119/118/118 142/141/141 143/142/142
f 97/97/97 119/118/118 120/119/119
f 120/119/119 119/118/118 144/143/143
f 121/120/120 120/119/119 145/144/144
f 99/99/99 121/120/120 122/121/121
f 122/121/121 121/120/120 146/145/145
f 100/100/100 122/121/121 123/122/122
f 123/122/122 122/121/121 147/146/146
f 101/101/101 123/122/122 124/123/123
f 124/123/123 123/122/122 148/147/147
f 102/102/102 124/123/123 149/148/148
f 125/124/124 102/102/102 149/148/148
f 125/124/124 149/148/148 126/125/125
f 126/125/125 149/148/148 150/149/149
f 104/104/104 126/125/125 151/150/150
f 127/126/126 104/104/104 151/150/150
f 127/126/126 151/150/150 152/151/151
f 128/127/127 127/126/126 152/151/151
f 128/127/127 152/151/151 153/152/152
f 129/128/128 128/127/127 153/152/152
f 129/128/128 153/152/152 154/153/153
f 130/129/129 129/128/128 154/153/153
f 130/129/129 154/153/153 155/154/154
f 107/107/107 130/129/129 131/130/130
f 131/130/130 130/129/129 155/154/154
f 131/130/130 155/154/154 156/155/155
f 110/109/109 132/156/156 158/157/157
f 134/133/133 133/132/132 159/158/158
f 111/110/110 134/133/133 160/159/159
f 135/134/134 111/110/110 160/159/159
f 135/134/134 160/159/159 136/135/135
f 136/135/135 160/159/159 161/160/160
f 112/111/111 136/135/135 137/136/136
f 137/136/136 136/135/135 162/161/161
f 113/112/112 137/136/136 138/137/137
f 138/137/137 137/136/136 162/161/161
f 138/137/137 162/161/161 163/162/162
f 114/113/113 138/137/137 139/138/138
f 139/138/138 138/137/137 164/163/163
f 140/139/139 139/138/138 164/163/163
f 140/139/139 164/163/163 165/164/164
f 141/140/140 140/139/139 165/164/164
f 141/140/140 165/164/164 166/165/165
f 117/116/116 141/140/140 142/141/141
f 142/141/141 141/140/140 143/142/142
f 143/142/142 141/140/140 166/165/165
f 143/142/142 166/165/165 167/166/166
f 119/118/118 143/142/142 144/143/143
f 144/143/143 143/142/142 167/166/166
f 144/143/143 167/166/166 145/144/144
f 145/144/144 120/119/119 144/143/143
f 121/120/120 145/144/144 168/167/167
f 146/145/145 121/120/120 168/167/167
f 146/145/145 168/167/167 169/168/168
f 122/121/121 146/145/145 147/146/146
f 147/146/146 146/145/145 170/169/169
f 123/122/122 147/146/146 148/147/147
f 148/147/147 147/146/146 171/170/170
f 124/123/123 148/147/147 172/171/171
f 149/148/148 124/123/123 172/171/171
f 149/148/148 172/171/171 150/149/149
f 150/149/149 172/171/171 173/172/172
f 126/125/125 150/149/149 174/173/173
f 151/150/150 126/125/125 174/173/173
f 151/150/150 174/173/173 175/174/174
f 152/151/151 151/150/150 175/174/174
f 152/151/151 175/174/174 176/175/175
f 153/152/152 152/151/151 176/175/175
f 153/152/152 176/175/175 177/176/176
f 154/153/153 153/152/152 177/176/176
f 154/153/153 177/176/176 178/177/177
f 155/154/154 154/153/153 179/178/178
f 156/155/155 155/154/154 180/179/179
f 157/180/180 181/181/181 182/182/182
f 132/156/156 157/180/180 158/157/157
f 158/157/157 157/180/180 183/183/183
f 110/109/109 158/157/157 133/132/132
f 133/132/132 158/157/157 183/183/183
f 133/132/132 183/183/183 184/184/184
f 159/158/158 133/132/132 184/184/184
f 159/158/158 184/184/184 185/185/185
f 134/133/133 159/158/158 186/186/186
f 160/159/159 134/133/133 187/187/187
f 161/160/160 160/159/159 187/187/187
f 161/160/160 187/187/187 188/188/188
f 136/135/135 161/160/160 162/161/161
f 163/162/162 162/161/161 189/189/189
f 138/137/137 163/162/162 164/163/163
f 164/163/163 163/162/162 190/190/190
f 165/164/164 164/163/163 190/190/190
f 165/164/164 190/190/190 191/191/191
f 166/165/165 165/164/164 191/191/191
f 166/165/165 191/191/191 192/192/192
f 167/166/166 166/165/165 192/192/192
f 167/166/166 192/192/192 193/193/193
f 145/144/144 167/166/166 193/193/193
f 145/144/144 193/193/193 168/167/167
f 168/167/167 193/193/193 194/194/194
f 169/168/168 168/167/167 194/194/194
f 169/168/168 194/194/194 195/195/195
f 146/145/145 169/168/168 170/169/169
f 170/169/169 169/168/168 196/196/196
f 147/146/146 170/169/169 171/170/170
f 171/170/170 170/169/169 197/197/197
f 148/147/147 171/170/170 198/198/198
f 172/171/171 148/147/147 198/198/198
f 172/171/171 198/198/198 173/172/172
f 173/172/172 198/198/198 199/199/199
f 150/149/149 173/172/172 200/200/200
f 174/173/173 150/149/149 200/200/200
f 174/173/173 200/200/200 201/201/201
f 175/174/174 174/173/173 201/201/201
f 175/174/174 201/201/201 202/202/202
f 176/175/175 175/174/174 202/202/202
f 176/175/175 202/202/202 203/203/203
f 177/176/176 176/175/175 203/203/203
f 177/176/176 203/203/203 178/177/177
f 178/177/177 203/203/203 204/204/204
f 154/153/153 178/177/177 179/178/178
f 179/178/178 178/177/177 205/205/205
f 155/154/154 179/178/178 180/179/179
f 180/179/179 179/178/178 206/206/206
f 156/155/155 180/179/179 207/207/207
f 182/182/182 181/181/181 208/208/208
f 157/180/180 182/182/182 209/209/209
f 183/183/183 157/180/180 209/209/209
f 183/183/183 209/209/209 210/210/210
f 184/184/184 183/183/183 210/210/210
f 184/184/184 210/210/210 185/185/185
f 185/185/185 210/210/210 211/211/211
f 159/158/158 185/185/185 186/186/186
f 186/186/186 185/185/185 188/188/188
f 134/133/133 186/186/186 187/187/187
f 187/187/187 186/186/186 212/212/212
f 189/189/189 162/161/161 161/160/160
f 163/162/162 189/189/189 213/213/213
f 190/190/190 163/162/162 214/214/214
f 191/191/191 190/190/190 215/215/215
f 192/192/192 191/191/191 216/216/216
f 193/193/193 192/192/192 194/194/194
f 194/194/194 192/192/192 216/216/216
f 194/194/194 216/216/216 195/195/195
f 195/195/195 216/216/216 217/217/217
f 169/168/168 195/195/195 196/196/196
f 196/196/196 195/195/195 218/218/218
f 170/169/169 196/196/196 197/197/197
f 197/197/197 196/196/196 219/219/219
f 171/170/170 197/197/197 220/220/220
f 198/198/198 171/170/170 220/220/220
f 198/198/198 220/220/220 199/199/199
f 199/199/199 220/220/220 221/221/221
f 173/172/172 199/199/199 222/222/222
f 200/200/200 173/172/172 222/222/222
f 200/200/200 222/222/222 223/223/223
f 201/201/201 200/200/200 223/223/223
f 201/201/201 223/223/223 224/224/224
f 202/202/202 201/201/201 224/224/224
f 202/202/202 224/224/224 225/225/225
f 203/203/203 202/202/202 225/225/225
f 203/203/203 225/225/225 204/204/204
f 204/204/204 225/225/225 226/226/226
f 178/177/177 204/204/204 205/205/205
f 205/205/205 204/204/204 227/227/227
f 179/178/178 205/205/205 206/206/206
f 206/206/206 205/205/205 228/228/228
f 180/179/179 206/206/206 229/229/229
f 207/207/207 180/179/179 229/229/229
f 207/207/207 229/229/229 230/230/230
f 182/182/182 208/208/208 231/231/231
f 209/209/209 182/182/182 231/231/231
f 209/209/209 231/231/231 232/232/232
f 210/210/210 209/209/209 232/232/232
f 210/210/210 232/232/232 211/211/211
f 185/185/185 211/211/211 233/233/233
f 188/188/188 185/185/185 234/234/234
f 186/186/186 188/188/188 212/212/212
f 212/212/212 188/188/188 235/235/235
f 187/187/187 212/212/212 236/236/236
f 163/162/162 213/213/213 214/214/214
f 214/214/214 213/213/213 237/237/237
f 190/190/190 214/214/214 238/238/238
f 215/215/215 190/190/190 238/238/238
f 215/215/215 238/238/238 239/239/239
f 191/191/191 215/215/215 216/216/216
f 216/216/216 215/215/215 217/217/217
f 217/217/217 215/215/215 240/240/240
f 195/195/195 217/217/217 218/218/218
f 196/196/196 218/218/218 219/219/219
f 219/219/219 218/218/218 241/241/241
f 197/197/197 219/219/219 242/242/242
f 220/220/220 197/197/197 242/242/242
f 220/220/220 242/242/242 221/221/221
f 221/221/221 242/242/242 243/243/243
f 199/199/199 221/221/221 244/244/244
f 222/222/222 199/199/199 244/244/244
f 222/222/222 244/244/244 245/245/245
f 223/223/223 222/222/222 245/245/245
f 223/223/223 245/245/245 246/246/246
f 224/224/224 223/223/223 246/246/246
f 224/224/224 246/246/246 247/247/247
f 225/225/225 224/224/224 247/247/247
f 225/225/225 247/247/247 248/248/248
f 226/226/226 225/225/225 248/248/248
f 226/226/226 248/248/248 249/249/249
f 204/204/204 226/226/226 227/227/227
f 227/227/227 226/226/226 250/250/250
f 205/205/205 227/227/227 228/228/228
f 228/228/228 227/227/227 251/251/251
f 206/206/206 228/228/228 252/252/252
f 229/229/229 206/206/206 252/252/252
f 229/229/229 252/252/252 253/253/253
f 230/230/230 229/229/229 254/254/254
f 185/185/185 233/233/233 234/234/234
f 212/212/212 235/235/235 255/255/255
f 236/236/236 212/212/212 256/256/256
f 187/187/187 236/236/236 257/257/257
f 237/237/237 213/213/213 258/258/258
f 214/214/214 237/237/237 238/238/238
f 238/238/238 237/237/237 259/259/259
f 239/239/239 238/238/238 260/260/260
f 215/215/215 239/239/239 240/240/240
f 240/240/240 239/239/239 261/261/261
f 219/219/219 241/241/241 262/262/262
f 242/242/242 219/219/219 262/262/262
f 242/242/242 262/262/262 243/243/243
f 243/243/243 262/262/262 263/263/263
f 221/221/221 243/243/243 264/264/264
f 244/244/244 221/221/221 264/264/264
f 244/244/244 264/264/264 265/265/265
f 245/245/245 244/244/244 265/265/265
f 245/245/245 265/265/265 266/266/266
f 246/246/246 245/245/245 266/266/266
f 246/246/246 266/266/266 267/267/267
f 247/247/247 246/246/246 267/267/267
f 247/247/247 267/267/267 248/248/248
f 248/248/248 267/267/267 268/268/268
f 249/249/249 248/248/248 268/268/268
f 249/249/249 268/268/268 269/269/269
f 226/226/226 249/249/249 250/250/250
f 250/250/250 249/249/249 270/270/270
f 227/227/227 250/250/250 251/251/251
f 251/251/251 250/250/250 271/271/271
f 228/228/228 251/251/251 272/272/272
f 252/252/252 228/228/228 272/272/272
f 252/252/252 272/272/272 253/253/253
f 253/253/253 272/272/272 273/273/273
f 229/229/229 253/253/253 254/254/254
f 254/254/254 253/253/253 274/274/274
f 230/230/230 254/254/254 275/275/275
f 212/212/212 255/255/255 256/256/256
f 236/236/236 256/256/256 277/276/276
f 257/257/257 236/236/236 277/276/276
f 257/257/257 277/276/276 278/277/277
f 187/187/187 257/257/257 279/278/278
f 237/237/237 258/258/258 280/279/279
f 259/259/259 237/237/237 281/280/280
f 238/238/238 259/259/259 260/260/260
f 260/260/260 259/259/259 282/281/281
f 239/239/239 260/260/260 261/261/261
f 261/261/261 260/260/260 283/282/282
f 262/262/262 241/241/241 284/283/283
f 243/243/243 263/263/263 285/284/284
f 264/264/264 243/243/243 285/284/284
f 264/264/264 285/284/284 286/285/285
f 265/265/265 264/264/264 286/285/285
f 265/265/265 286/285/285 287/286/286
f 266/266/266 265/265/265 287/286/286
f 266/266/266 287/286/286 288/287/287
f 267/267/267 266/266/266 288/287/287
f 267/267/267 288/287/287 268/268/268
f 268/268/268 288/287/287 289/288/288
f 269/269/269 268/268/268 289/288/288
f 269/269/269 289/288/288 290/289/289
f 249/249/249 269/269/269 270/270/270
f 270/270/270 269/269/269 291/290/290
f 250/250/250 270/270/270 271/271/271
f 271/271/271 270/270/270 292/291/291
f 251/251/251 271/271/271 293/292/292
f 272/272/272 251/251/251 293/292/292
f 272/272/272 293/292/292 273/273/273
f 273/273/273 293/292/292 294/293/293
f 253/253/253 273/273/273 274/274/274
f 274/274/274 273/273/273 295/294/294
f 254/254/254 274/274/274 296/295/295
f 275/275/275 254/254/254 296/295/295
f 275/275/275 296/295/295 297/296/296
f 256/256/256 276/297/297 277/276/276
f 277/276/276 276/297/297 298/298/298
f 278/277/277 277/276/276 298/298/298
f 278/277/277 298/298/298 299/299/299
f 257/257/257 278/277/277 279/278/278
f 279/278/278 278/277/277 300/300/300
f 280/279/279 258/258/258 301/301/301
f 237/237/237 280/279/279 281/280/280
f 281/280/280 280/279/279 302/302/302
f 259/259/259 281/280/280 282/281/281
f 282/281/281 281/280/280 303/303/303
f 260/260/260 282/281/281 304/304/304
f 283/282/282 260/260/260 304/304/304
f 262/262/262 284/283/283 263/263/263
f 263/263/263 284/283/283 305/305/305
f 285/284/284 263/263/263 306/306/306
f 286/285/285 285/284/284 307/307/307
f 287/286/286 286/285/285 308/308/308
f 288/287/287 287/286/286 309/309/309
f 289/288/288 288/287/287 309/309/309
f 289/288/288 309/309/309 310/310/310
f 290/289/289 289/288/288 310/310/310
f 290/289/289 310/310/310 311/311/311
f 269/269/269 290/289/289 291/290/290
f 291/290/290 290/289/289 312/312/312
f 270/270/270 291/290/290 292/291/291
f 292/291/291 291/290/290 313/313/313
f 271/271/271 292/291/291 314/314/314
f 293/292/292 271/271/271 314/314/314
f 293/292/292 314/314/314 315/315/315
f 294/293/293 293/292/292 315/315/315
f 294/293/293 315/315/315 316/316/316
f 273/273/273 294/293/293 295/294/294
f 295/294/294 294/293/293 317/317/317
f 274/274/274 295/294/294 318/318/318
f 296/295/295 274/274/274 318/318/318
f 296/295/295 318/318/318 319/319/319
f 297/296/296 296/295/295 319/319/319
f 297/296/296 319/319/319 320/320/320
f 278/277/277 299/299/299 300/300/300
f 300/300/300 299/299/299 321/321/321
f 279/278/278 300/300/300 189/189/189
f 301/301/301 258/258/258 322/322/322
f 280/279/279 301/301/301 302/302/302
f 302/302/302 301/301/301 323/323/323
f 281/280/280 302/302/302 303/303/303
f 303/303/303 302/302/302 324/324/324
f 282/281/281 303/303/303 325/325/325
f 304/304/304 282/281/281 325/325/325
f 263/263/263 305/305/305 306/306/306
f 306/306/306 305/305/305 326/326/326
f 285/284/284 306/306/306 307/307/307
f 307/307/307 306/306/306 327/327/327
f 286/285/285 307/307/307 308/308/308
f 308/308/308 307/307/307 328/328/328
f 287/286/286 308/308/308 309/309/309
f 309/309/309 308/308/308 329/329/329
f 310/310/310 309/309/309 329/329/329
f 310/310/310 329/329/329 330/330/330
f 311/311/311 310/310/310 330/330/330
f 311/311/311 330/330/330 331/331/331
f 290/289/289 311/311/311 312/312/312
f 312/312/312 311/311/311 332/332/332
f 291/290/290 312/312/312 313/313/313
f 313/313/313 312/312/312 333/333/333
f 292/291/291 313/313/313 334/334/334
f 314/314/314 292/291/291 334/334/334
f 314/314/314 334/334/334 315/315/315
f 315/315/315 334/334/334 335/335/335
f 316/316/316 315/315/315 335/335/335
f 316/316/316 335/335/335 336/336/336
f 294/293/293 316/316/316 317/317/317
f 317/317/317 316/316/316 337/337/337
f 295/294/294 317/317/317 338/338/338
f 318/318/318 295/294/294 338/338/338
f 318/318/318 338/338/338 339/339/339
f 319/319/319 318/318/318 339/339/339
f 319/319/319 339/339/339 320/320/320
f 320/320/320 339/339/339 340/340/340
f 297/296/296 320/320/320 341/341/341
f 300/300/300 321/321/321 343/342/342
f 301/301/301 322/322/322 344/343/343
f 323/323/323 301/301/301 344/343/343
f 323/323/323 344/343/343 345/344/344
f 302/302/302 323/323/323 324/324/324
f 324/324/324 323/323/323 346/345/345
f 303/303/303 324/324/324 347/346/346
f 325/325/325 303/303/303 347/346/346
f 306/306/306 326/326/326 348/347/347
f 307/307/307 327/327/327 328/328/328
f 328/328/328 327/327/327 349/348/348
f 308/308/308 328/328/328 329/329/329
f 329/329/329 328/328/328 350/349/349
f 330/330/330 329/329/329 350/349/349
f 330/330/330 350/349/349 351/350/350
f 331/331/331 330/330/330 351/350/350
f 331/331/331 351/350/350 352/351/351
f 311/311/311 331/331/331 332/332/332
f 332/332/332 331/331/331 353/352/352
f 312/312/312 332/332/332 333/333/333
f 333/333/333 332/332/332 354/353/353
f 313/313/313 333/333/333 355/354/354
f 334/334/334 313/313/313 355/354/354
f 334/334/334 355/354/354 335/335/335
f 335/335/335 355/354/354 356/355/355
f 336/336/336 335/335/335 356/355/355
f 336/336/336 356/355/355 357/356/356
f 316/316/316 336/336/336 337/337/337
f 337/337/337 336/336/336 358/357/357
f 317/317/317 337/337/337 359/358/358
f 338/338/338 317/317/317 359/358/358
f 338/338/338 359/358/358 360/359/359
f 339/339/339 338/338/338 360/359/359
f 339/339/339 360/359/359 340/340/340
f 340/340/340 360/359/359 361/360/360
f 320/320/320 340/340/340 362/361/361
f 341/341/341 320/320/320 362/361/361
f 341/341/341 362/361/361 363/362/362
f 321/321/321 342/363/363 364/364/364
f 343/342/342 321/321/321 364/364/364
f 344/343/343 322/322/322 365/365/365
f 345/344/344 344/343/343 365/365/365
f 345/344/344 365/365/365 366/366/366
f 323/323/323 345/344/344 346/345/345
f 346/345/345 345/344/344 367/367/367
f 324/324/324 346/345/345 368/368/368
f 347/346/346 324/324/324 368/368/368
f 306/306/306 348/347/347 327/327/327
f 327/327/327 348/347/347 369/369/369
f 328/328/328 349/348/348 350/349/349
f 350/349/349 349/348/348 370/370/370
f 351/350/350 350/349/349 370/370/370
f 351/350/350 370/370/370 371/371/371
f 352/351/351 351/350/350 371/371/371
f 352/351/351 371/371/371 372/372/372
f 331/331/331 352/351/351 353/352/352
f 353/352/352 352/351/351 373/373/373
f 332/332/332 353/352/352 354/353/353
f 354/353/353 353/352/352 374/374/374
f 333/333/333 354/353/353 375/375/375
f 355/354/354 333/333/333 375/375/375
f 355/354/354 375/375/375 356/355/355
f 356/355/355 375/375/375 376/376/376
f 357/356/356 356/355/355 376/376/376
f 357/356/356 376/376/376 377/377/377
f 336/336/336 357/356/356 358/357/357
f 358/357/357 357/356/356 378/378/378
f 337/337/337 358/357/357 379/379/379
f 359/358/358 337/337/337 379/379/379
f 359/358/358 379/379/379 380/380/380
f 360/359/359 359/358/358 380/380/380
f 360/359/359 380/380/380 361/360/360
f 361/360/360 380/380/380 381/381/381
f 340/340/340 361/360/360 382/382/382
f 362/361/361 340/340/340 382/382/382
f 362/361/361 382/382/382 383/383/383
f 363/362/362 362/361/361 383/383/383
f 363/362/362 383/383/383 384/384/384
f 364/364/364 342/363/363 387/385/385
f 365/365/365 322/322/322 388/386/386
f 366/366/366 365/365/365 389/387/387
f 345/344/344 366/366/366 367/367/367
f 367/367/367 366/366/366 389/387/387
f 367/367/367 389/387/387 390/388/388
f 346/345/345 367/367/367 368/368/368
f 368/368/368 367/367/367 391/389/389
f 327/327/327 369/369/369 349/348/348
f 349/348/348 369/369/369 392/390/390
f 352/351/351 372/372/372 373/373/373
f 373/373/373 372/372/372 393/391/391
f 353/352/352 373/373/373 374/374/374
f 374/374/374 373/373/373 393/391/391
f 374/374/374 393/391/391 394/392/392
f 354/353/353 374/374/374 395/393/393
f 375/375/375 354/353/353 395/393/393
f 375/375/375 395/393/393 376/376/376
f 376/376/376 395/393/393 396/394/394
f 377/377/377 376/376/376 396/394/394
f 377/377/377 396/394/394 397/395/395
f 357/356/356 377/377/377 378/378/378
f 378/378/378 377/377/377 398/396/396
f 358/357/357 378/378/378 399/397/397
f 379/379/379 358/357/357 399/397/397
f 379/379/379 399/397/397 400/398/398
f 380/380/380 379/379/379 400/398/398
f 380/380/380 400/398/398 381/381/381
f 381/381/381 400/398/398 401/399/399
f 361/360/360 381/381/381 402/400/400
f 382/382/382 361/360/360 403/401/401
f 383/383/383 382/382/382 404/402/402
f 384/384/384 383/383/383 405/403/403
f 342/363/363 386/404/404 387/385/385
f 387/385/385 386/404/404 406/405/405
f 365/365/365 388/386/386 407/406/406
f 389/387/387 365/365/365 407/406/406
f 389/387/387 407/406/406 408/407/407
f 390/388/388 389/387/387 408/407/407
f 390/388/388 408/407/407 409/408/408
f 367/367/367 390/388/388 391/389/389
f 391/389/389 390/388/388 410/409/409
f 349/348/348 392/390/390 370/370/370
f 370/370/370 392/390/390 411/410/410
f 393/391/391 372/372/372 412/411/411
f 394/392/392 393/391/391 413/412/412
f 374/374/374 394/392/392 395/393/393
f 395/393/393 394/392/392 396/394/394
f 396/394/394 394/392/392 397/395/395
f 397/395/395 394/392/392 414/413/413
f 377/377/377 397/395/395 398/396/396
f 398/396/396 397/395/395 415/414/414
f 378/378/378 398/396/396 416/415/415
f 399/397/397 378/378/378 416/415/415
f 399/397/397 416/415/415 417/416/416
f 400/398/398 399/397/397 417/416/416
f 400/398/398 417/416/416 401/399/399
f 401/399/399 417/416/416 418/417/417
f 381/381/381 401/399/399 402/400/400
f 402/400/400 401/399/399 419/418/418
f 361/360/360 402/400/400 403/401/401
f 403/401/401 402/400/400 420/419/419
f 382/382/382 403/401/401 421/420/420
f 404/402/402 382/382/382 421/420/420
f 404/402/402 421/420/420 422/421/421
f 383/383/383 404/402/402 405/403/403
f 405/403/403 404/402/402 423/422/422
f 384/384/384 405/403/403 424/423/423
f 406/405/405 386/404/404 425/424/424
f 407/406/406 388/386/386 426/425/425
f 408/407/407 407/406/406 427/426/426
f 409/408/408 408/407/407 428/427/427
f 390/388/388 409/408/408 410/409/409
f 410/409/409 409/408/408 429/428/428
f 370/370/370 411/410/410 371/371/371
f 371/371/371 411/410/410 430/429/429
f 393/391/391 412/411/411 413/412/412
f 413/412/412 412/411/411 431/430/430
f 394/392/392 413/412/412 414/413/413
f 414/413/413 413/412/412 432/431/431
f 397/395/395 414/413/413 415/414/414
f 415/414/414 414/413/413 433/432/432
f 398/396/396 415/414/414 434/433/433
f 416/415/415 398/396/396 434/433/433
f 416/415/415 434/433/433 435/434/434
f 417/416/416 416/415/415 435/434/434
f 417/416/416 435/434/434 418/417/417
f 418/417/417 435/434/434 436/435/435
f 401/399/399 418/417/417 419/418/418
f 419/418/418 418/417/417 437/436/436
f 402/400/400 419/418/418 420/419/419
f 420/419/419 419/418/418 438/437/437
f 403/401/401 420/419/419 421/420/420
f 421/420/420 420/419/419 439/438/438
f 422/421/421 421/420/420 439/438/438
f 422/421/421 439/438/438 440/439/439
f 404/402/402 422/421/421 423/422/422
f 423/422/422 422/421/421 441/440/440
f 405/403/403 423/422/422 442/441/441
f 424/423/423 405/403/403 442/441/441
f 424/423/423 442/441/441 443/442/442
f 407/406/406 426/425/425 427/426/426
f 427/426/426 426/425/425 445/443/443
f 408/407/407 427/426/426 446/444/444
f 428/427/427 408/407/407 446/444/444
f 428/427/427 446/444/444 447/445/445
f 409/408/408 428/427/427 429/428/428
f 429/428/428 428/427/427 448/446/446
f 371/371/371 430/429/429 372/372/372
f 372/372/372 430/429/429 449/447/447
f 413/412/412 431/430/430 432/431/431
f 432/431/431 431/430/430 450/448/448
f 414/413/413 432/431/431 433/432/432
f 433/432/432 432/431/431 451/449/449
f 415/414/414 433/432/432 452/450/450
f 434/433/433 415/414/414 452/450/450
f 434/433/433 452/450/450 453/451/451
f 435/434/434 434/433/433 453/451/451
f 435/434/434 453/451/451 436/435/435
f 436/435/435 453/451/451 454/452/452
f 418/417/417 436/435/435 437/436/436
f 437/436/436 436/435/435 455/453/453
f 419/418/418 437/436/436 438/437/437
f 438/437/437 437/436/436 456/454/454
f 420/419/419 438/437/437 439/438/438
f 439/438/438 438/437/437 457/455/455
f 440/439/439 439/438/438 457/455/455
f 440/439/439 457/455/455 458/456/456
f 422/421/421 440/439/439 441/440/440
f 441/440/440 440/439/439 459/457/457
f 423/422/422 441/440/440 460/458/458
f 442/441/441 423/422/422 460/458/458
f 442/441/441 460/458/458 461/459/459
f 443/442/442 442/441/441 462/460/460
f 386/404/404 444/461/461 463/462/462
f 427/426/426 445/443/443 464/463/463
f 446/444/444 427/426/426 464/463/463
f 446/444/444 464/463/463 465/464/464
f 447/445/445 446/444/444 466/465/465
f 428/427/427 447/445/445 448/446/446
f 448/446/446 447/445/445 467/466/466
f 372/372/372 449/447/447 412/411/411
f 412/411/411 449/447/447 468/467/467
f 432/431/431 450/448/448 451/449/449
f 451/449/449 450/448/448 469/468/468
f 433/432/432 451/449/449 470/469/469
f 452/450/450 433/432/432 470/469/469
f 452/450/450 470/469/469 471/470/470
f 453/451/451 452/450/450 471/470/470
f 453/451/451 471/470/470 454/452/452
f 454/452/452 471/470/470 472/471/471
f 436/435/435 454/452/452 455/453/453
f 455/453/453 454/452/452 473/472/472
f 437/436/436 455/453/453 456/454/454
f 456/454/454 455/453/453 474/473/473
f 438/437/437 456/454/454 457/455/455
f 457/455/455 456/454/454 475/474/474
f 458/456/456 457/455/455 475/474/474
f 458/456/456 475/474/474 476/475/475
f 440/439/439 458/456/456 459/457/457
f 459/457/457 458/456/456 477/476/476
f 441/440/440 459/457/457 478/477/477
f 460/458/458 441/440/440 478/477/477
f 460/458/458 478/477/477 461/459/459
f 461/459/459 478/477/477 479/478/478
f 442/441/441 461/459/459 462/460/460
f 462/460/460 461/459/459 480/479/479
f 443/442/442 462/460/460 481/480/480
f 463/462/462 444/461/461 483/481/481
f 464/463/463 445/443/443 484/482/482
f 465/464/464 464/463/463 484/482/482
f 465/464/464 484/482/482 485/483/483
f 446/444/444 465/464/464 466/465/465
f 466/465/465 465/464/464 486/484/484
f 447/445/445 466/465/465 487/485/485
f 467/466/466 447/445/445 487/485/485
f 467/466/466 487/485/485 488/486/486
f 448/446/446 467/466/466 489/487/487
f 412/411/411 468/467/467 431/430/430
f 431/430/430 468/467/467 490/488/488
f 451/449/449 469/468/468 491/489/489
f 470/469/469 451/449/449 491/489/489
f 470/469/469 491/489/489 492/490/490
f 471/470/470 470/469/469 492/490/490
f 471/470/470 492/490/490 472/471/471
f 472/471/471 492/490/490 493/491/491
f 454/452/452 472/471/471 473/472/472
f 473/472/472 472/471/471 494/492/492
f 455/453/453 473/472/472 474/473/473
f 474/473/473 473/472/472 495/493/493
f 456/454/454 474/473/473 475/474/474
f 475/474/474 474/473/473 496/494/494
f 476/475/475 475/474/474 496/494/494
f 476/475/475 496/494/494 497/495/495
f 458/456/456 476/475/475 477/476/476
f 477/476/476 476/475/475 498/496/496
f 459/457/457 477/476/476 499/497/497
f 478/477/477 459/457/457 499/497/497
f 478/477/477 499/497/497 479/478/478
f 479/478/478 499/497/497 500/498/498
f 461/459/459 479/478/478 480/479/479
f 480/479/479 479/478/478 501/499/499
f 462/460/460 480/479/479 481/480/480
f 481/480/480 480/479/479 502/500/500
f 443/442/442 481/480/480 503/501/501
f 444/461/461 482/502/502 483/481/481
f 483/481/481 482/502/502 504/503/503
f 484/482/482 445/443/443 504/503/503
f 465/464/464 485/483/483 486/484/484
f 486/484/484 485/483/483 505/504/504
f 466/465/465 486/484/484 487/485/485
f 487/485/485 486/484/484 506/505/505
f 488/486/486 487/485/485 506/505/505
f 488/486/486 506/505/505 507/506/506
f 467/466/466 488/486/486 508/507/507
f 489/487/487 467/466/466 508/507/507
f 489/487/487 508/507/507 509/508/508
f 431/430/430 490/488/488 450/448/448
f 450/448/448 490/488/488 510/509/509
f 491/489/489 469/468/468 511/510/510
f 492/490/490 491/489/489 512/511/511
f 493/491/491 492/490/490 512/511/511
f 493/491/491 512/511/511 513/512/512
f 472/471/471 493/491/491 494/492/492
f 494/492/492 493/491/491 513/512/512
f 494/492/492 513/512/512 514/513/513
f 473/472/472 494/492/492 495/493/493
f 495/493/493 494/492/492 514/513/513
f 495/493/493 514/513/513 515/514/514
f 474/473/473 495/493/493 496/494/494
f 496/494/494 495/493/493 515/514/514
f 496/494/494 515/514/514 497/495/495
f 497/495/495 515/514/514 516/515/515
f 476/475/475 497/495/495 498/496/496
f 498/496/496 497/495/495 517/516/516
f 477/476/476 498/496/496 518/517/517
f 499/497/497 477/476/476 518/517/517
f 499/497/497 518/517/517 500/498/498
f 500/498/498 518/517/517 519/518/518
f 479/478/478 500/498/498 501/499/499
f 501/499/499 500/498/498 520/519/519
f 480/479/479 501/499/499 502/500/500
f 502/500/500 501/499/499 521/520/520
f 481/480/480 502/500/500 522/521/521
f 503/501/501 481/480/480 522/521/521
f 503/501/501 522/521/521 523/522/522
f 483/481/481 504/503/503 525/523/523
f 504/503/503 445/443/443 463/462/462
f 484/482/482 504/503/503 485/483/483
f 485/483/483 504/503/503 505/504/504
f 486/484/484 505/504/504 506/505/505
f 506/505/505 505/504/504 507/506/506
f 507/506/506 505/504/504 526/524/524
f 488/486/486 507/506/506 527/525/525
f 508/507/507 488/486/486 527/525/525
f 508/507/507 527/525/525 528/526/526
f 509/508/508 508/507/507 528/526/526
f 509/508/508 528/526/526 529/527/527
f 450/448/448 510/509/509 469/468/468
f 469/468/468 510/509/509 511/510/510
f 511/510/510 510/509/509 530/528/528
f 491/489/489 511/510/510 512/511/511
f 512/511/511 511/510/510 531/529/529
f 513/512/512 512/511/511 532/530/530
f 514/513/513 513/512/512 533/531/531
f 515/514/514 514/513/513 534/532/532
f 516/515/515 515/514/514 534/532/532
f 516/515/515 534/532/532 535/533/533
f 497/495/495 516/515/515 517/516/516
f 517/516/516 516/515/515 536/534/534
f 498/496/496 517/516/516 537/535/535
f 518/517/517 498/496/496 537/535/535
f 518/517/517 537/535/535 519/518/518
f 519/518/518 537/535/535 538/536/536
f 500/498/498 519/518/518 520/519/519
f 520/519/519 519/518/518 539/537/537
f 501/499/499 520/519/519 521/520/520
f 521/520/520 520/519/519 540/538/538
f 502/500/500 521/520/520 541/539/539
f 522/521/521 502/500/500 541/539/539
f 522/521/521 541/539/539 542/540/540
f 523/522/522 522/521/521 542/540/540
f 523/522/522 542/540/540 543/541/541
f 482/502/502 385/542/542 386/404/404
f 483/481/481 525/523/523 425/424/424
f 463/462/462 445/443/443 426/425/425
f 504/503/503 463/462/462 525/523/523
f 507/506/506 526/524/524 544/543/543
f 527/525/525 507/506/506 544/543/543
f 527/525/525 544/543/543 545/544/544
f 528/526/526 527/525/525 545/544/544
f 528/526/526 545/544/544 546/545/545
f 511/510/510 530/528/528 531/529/529
f 531/529/529 530/528/528 547/546/546
f 512/511/511 531/529/529 532/530/530
f 532/530/530 531/529/529 548/547/547
f 513/512/512 532/530/530 533/531/531
f 533/531/531 532/530/530 549/548/548
f 514/513/513 533/531/531 534/532/532
f 534/532/532 533/531/531 550/549/549
f 535/533/533 534/532/532 550/549/549
f 535/533/533 550/549/549 551/550/550
f 516/515/515 535/533/533 536/534/534
f 536/534/534 535/533/533 552/551/551
f 517/516/516 536/534/534 553/552/552
f 537/535/535 517/516/516 553/552/552
f 537/535/535 553/552/552 538/536/536
f 538/536/536 553/552/552 554/553/553
f 519/518/518 538/536/536 539/537/537
f 539/537/537 538/536/536 555/554/554
f 520/519/519 539/537/537 540/538/538
f 540/538/538 539/537/537 556/555/555
f 521/520/520 540/538/538 557/556/556
f 541/539/539 521/520/520 557/556/556
f 541/539/539 557/556/556 558/557/557
f 542/540/540 541/539/539 558/557/557
f 542/540/540 558/557/557 559/558/558
f 543/541/541 542/540/540 559/558/558
f 543/541/541 559/558/558 560/559/559
f 544/543/543 526/524/524 562/560/560
f 545/544/544 544/543/543 563/561/561
f 546/545/545 545/544/544 564/562/562
f 528/526/526 546/545/545 565/563/563
f 531/529/529 547/546/546 548/547/547
f 548/547/547 547/546/546 566/564/564
f 532/530/530 548/547/547 549/548/548
f 549/548/548 548/547/547 566/564/564
f 549/548/548 566/564/564 567/565/565
f 533/531/531 549/548/548 550/549/549
f 550/549/549 549/548/548 567/565/565
f 550/549/549 567/565/565 551/550/550
f 551/550/550 567/565/565 568/566/566
f 535/533/533 551/550/550 552/551/551
f 552/551/551 551/550/550 569/567/567
f 536/534/534 552/551/551 570/568/568
f 553/552/552 536/534/534 570/568/568
f 553/552/552 570/568/568 554/553/553
f 554/553/553 570/568/568 571/569/569
f 538/536/536 554/553/553 555/554/554
f 555/554/554 554/553/553 572/570/570
f 539/537/537 555/554/554 556/555/555
f 556/555/555 555/554/554 573/571/571
f 540/538/538 556/555/555 574/572/572
f 557/556/556 540/538/538 574/572/572
f 557/556/556 574/572/572 575/573/573
f 558/557/557 557/556/556 575/573/573
f 558/557/557 575/573/573 576/574/574
f 559/558/558 558/557/557 576/574/574
f 559/558/558 576/574/574 577/575/575
f 560/559/559 559/558/558 577/575/575
f 560/559/559 577/575/575 578/576/576
f 524/577/577 561/578/578 525/523/523
f 562/560/560 526/524/524 579/579/579
f 544/543/543 562/560/560 563/561/561
f 563/561/561 562/560/560 580/580/580
f 545/544/544 563/561/561 581/581/581
f 564/562/562 545/544/544 581/581/581
f 564/562/562 581/581/581 582/582/582
f 546/545/545 564/562/562 582/582/582
f 546/545/545 582/582/582 583/583/583
f 565/563/563 546/545/545 584/584/584
f 528/526/526 565/563/563 585/585/585
f 566/564/564 547/546/546 586/586/586
f 567/565/565 566/564/564 568/566/566
f 568/566/566 566/564/564 587/587/587
f 551/550/550 568/566/566 569/567/567
f 569/567/567 568/566/566 588/588/588
f 552/551/551 569/567/567 589/589/589
f 570/568/568 552/551/551 589/589/589
f 570/568/568 589/589/589 571/569/569
f 571/569/569 589/589/589 590/590/590
f 554/553/553 571/569/569 572/570/570
f 572/570/570 571/569/569 591/591/591
f 555/554/554 572/570/570 573/571/571
f 573/571/571 572/570/570 592/592/592
f 556/555/555 573/571/571 593/593/593
f 574/572/572 556/555/555 593/593/593
f 574/572/572 593/593/593 594/594/594
f 575/573/573 574/572/572 594/594/594
f 575/573/573 594/594/594 595/595/595
f 576/574/574 575/573/573 595/595/595
f 576/574/574 595/595/595 596/596/596
f 577/575/575 576/574/574 596/596/596
f 577/575/575 596/596/596 597/597/597
f 578/576/576 577/575/575 597/597/597
f 578/576/576 597/597/597 598/598/598
f 525/523/523 561/578/578 599/599/599
f 525/523/523 599/599/599 600/600/600
f 579/579/579 526/524/524 601/601/601
f 562/560/560 579/579/579 602/602/602
f 580/580/580 562/560/560 602/602/602
f 580/580/580 602/602/602 603/603/603
f 563/561/561 580/580/580 604/604/604
f 581/581/581 563/561/561 604/604/604
f 581/581/581 604/604/604 605/605/605
f 582/582/582 581/581/581 606/606/606
f 583/583/583 582/582/582 606/606/606
f 583/583/583 606/606/606 607/607/607
f 546/545/545 583/583/583 584/584/584
f 584/584/584 583/583/583 608/608/608
f 565/563/563 584/584/584 609/609/609
f 585/585/585 565/563/563 610/610/610
f 528/526/526 585/585/585 489/487/487
f 566/564/564 586/586/586 587/587/587
f 587/587/587 586/586/586 611/611/611
f 568/566/566 587/587/587 588/588/588
f 588/588/588 587/587/587 612/612/612
f 569/567/567 588/588/588 613/613/613
f 589/589/589 569/567/567 613/613/613
f 589/589/589 613/613/613 590/590/590
f 590/590/590 613/613/613 614/614/614
f 571/569/569 590/590/590 591/591/591
f 591/591/591 590/590/590 615/615/615
f 572/570/570 591/591/591 592/592/592
f 592/592/592 591/591/591 616/616/616
f 573/571/571 592/592/592 617/617/617
f 593/593/593 573/571/571 617/617/617
f 593/593/593 617/617/617 618/618/618
f 594/594/594 593/593/593 618/618/618
f 594/594/594 618/618/618 619/619/619
f 595/595/595 594/594/594 619/619/619
f 595/595/595 619/619/619 620/620/620
f 596/596/596 595/595/595 620/620/620
f 596/596/596 620/620/620 621/621/621
f 597/597/597 596/596/596 621/621/621
f 597/597/597 621/621/621 622/622/622
f 598/598/598 597/597/597 622/622/622
f 598/598/598 622/622/622 623/623/623
f 578/576/576 598/598/598 624/624/624
f 600/600/600 599/599/599 625/625/625
f 580/580/580 603/603/603 604/604/604
f 604/604/604 603/603/603 626/626/626
f 605/605/605 604/604/604 626/626/626
f 605/605/605 626/626/626 627/627/627
f 581/581/581 605/605/605 606/606/606
f 606/606/606 605/605/605 628/628/628
f 607/607/607 606/606/606 628/628/628
f 607/607/607 628/628/628 629/629/629
f 583/583/583 607/607/607 630/630/630
f 608/608/608 583/583/583 630/630/630
f 608/608/608 630/630/630 631/631/631
f 609/609/609 584/584/584 608/608/608
f 609/609/609 608/608/608 632/632/632
f 565/563/563 609/609/609 610/610/610
f 610/610/610 609/609/609 633/633/633
f 489/487/487 585/585/585 448/446/446
f 448/446/446 585/585/585 429/428/428
f 528/526/526 489/487/487 529/527/527
f 529/527/527 489/487/487 610/610/610
f 587/587/587 611/611/611 612/612/612
f 612/612/612 611/611/611 634/634/634
f 588/588/588 612/612/612 635/635/635
f 613/613/613 588/588/588 635/635/635
f 613/613/613 635/635/635 614/614/614
f 614/614/614 635/635/635 636/636/636
f 590/590/590 614/614/614 615/615/615
f 615/615/615 614/614/614 637/637/637
f 591/591/591 615/615/615 616/616/616
f 616/616/616 615/615/615 638/638/638
f 592/592/592 616/616/616 639/639/639
f 617/617/617 592/592/592 639/639/639
f 617/617/617 639/639/639 640/640/640
f 618/618/618 617/617/617 640/640/640
f 618/618/618 640/640/640 641/641/641
f 619/619/619 618/618/618 641/641/641
f 619/619/619 641/641/641 642/642/642
f 620/620/620 619/619/619 642/642/642
f 620/620/620 642/642/642 643/643/643
f 621/621/621 620/620/620 643/643/643
f 621/621/621 643/643/643 622/622/622
f 622/622/622 643/643/643 644/644/644
f 623/623/623 622/622/622 645/645/645
f 598/598/598 623/623/623 646/646/646
f 624/624/624 598/598/598 646/646/646
f 624/624/624 646/646/646 647/647/647
f 625/625/625 599/599/599 648/648/648
f 605/605/605 627/627/627 628/628/628
f 628/628/628 627/627/627 649/649/649
f 629/629/629 628/628/628 649/649/649
f 629/629/629 649/649/649 650/650/650
f 607/607/607 629/629/629 630/630/630
f 630/630/630 629/629/629 651/651/651
f 631/631/631 630/630/630 652/652/652
f 608/608/608 631/631/631 653/653/653
f 609/609/609 632/632/632 633/633/633
f 633/633/633 632/632/632 654/654/654
f 610/610/610 489/487/487 429/428/428
f 612/612/612 634/634/634 655/655/655
f 635/635/635 612/612/612 655/655/655
f 635/635/635 655/655/655 636/636/636
f 636/636/636 655/655/655 656/656/656
f 614/614/614 636/636/636 637/637/637
f 637/637/637 636/636/636 657/657/657
f 615/615/615 637/637/637 638/638/638
f 638/638/638 637/637/637 658/658/658
f 616/616/616 638/638/638 659/659/659
f 639/639/639 616/616/616 659/659/659
f 639/639/639 659/659/659 660/660/660
f 640/640/640 639/639/639 660/660/660
f 640/640/640 660/660/660 661/661/661
f 641/641/641 640/640/640 661/661/661
f 641/641/641 661/661/661 662/662/662
f 642/642/642 641/641/641 662/662/662
f 642/642/642 662/662/662 663/663/663
f 643/643/643 642/642/642 663/663/663
f 643/643/643 663/663/663 644/644/644
f 644/644/644 663/663/663 664/664/664
f 622/622/622 644/644/644 645/645/645
f 645/645/645 644/644/644 665/665/665
f 623/623/623 645/645/645 666/666/666
f 646/646/646 623/623/623 667/667/667
f 647/647/647 646/646/646 668/668/668
f 625/625/625 648/648/648 670/669/669
f 629/629/629 650/650/650 671/670/670
f 651/651/651 629/629/629 671/670/670
f 651/651/651 671/670/670 672/671/671
f 630/630/630 651/651/651 652/652/652
f 652/652/652 651/651/651 672/671/671
f 652/652/652 672/671/671 673/672/672
f 631/631/631 652/652/652 674/673/673
f 653/653/653 631/631/631 674/673/673
f 653/653/653 674/673/673 675/674/674
f 608/608/608 653/653/653 676/675/675
f 654/654/654 632/632/632 677/676/676
f 633/633/633 654/654/654 678/677/677
f 655/655/655 634/634/634 656/656/656
f 656/656/656 634/634/634 679/678/678
f 636/636/636 656/656/656 657/657/657
f 657/657/657 656/656/656 680/679/679
f 637/637/637 657/657/657 658/658/658
f 658/658/658 657/657/657 681/680/680
f 638/638/638 658/658/658 682/681/681
f 659/659/659 638/638/638 682/681/681
f 659/659/659 682/681/681 683/682/682
f 660/660/660 659/659/659 683/682/682
f 660/660/660 683/682/682 684/683/683
f 661/661/661 660/660/660 684/683/683
f 661/661/661 684/683/683 685/684/684
f 662/662/662 661/661/661 685/684/684
f 662/662/662 685/684/684 686/685/685
f 663/663/663 662/662/662 686/685/685
f 663/663/663 686/685/685 664/664/664
f 664/664/664 686/685/685 687/686/686
f 644/644/644 664/664/664 665/665/665
f 665/665/665 664/664/664 687/686/686
f 665/665/665 687/686/686 688/687/687
f 645/645/645 665/665/665 689/688/688
f 666/666/666 645/645/645 689/688/688
f 666/666/666 689/688/688 690/689/689
f 623/623/623 666/666/666 667/667/667
f 667/667/667 666/666/666 691/690/690
f 646/646/646 667/667/667 668/668/668
f 668/668/668 667/667/667 692/691/691
f 647/647/647 668/668/668 693/692/692
f 648/648/648 669/693/693 670/669/669
f 670/669/669 669/693/693 695/694/694
f 652/652/652 673/672/672 674/673/673
f 674/673/673 673/672/672 696/695/695
f 675/674/674 674/673/673 696/695/695
f 675/674/674 696/695/695 697/696/696
f 653/653/653 675/674/674 698/697/697
f 676/675/675 653/653/653 699/698/698
f 654/654/654 677/676/676 700/699/699
f 678/677/677 654/654/654 701/700/700
f 633/633/633 678/677/677 585/585/585
f 656/656/656 679/678/678 680/679/679
f 680/679/679 679/678/678 702/701/701
f 657/657/657 680/679/679 681/680/680
f 681/680/680 680/679/679 703/702/702
f 658/658/658 681/680/680 704/703/703
f 682/681/681 658/658/658 704/703/703
f 682/681/681 704/703/703 705/704/704
f 683/682/682 682/681/681 705/704/704
f 683/682/682 705/704/704 706/705/705
f 684/683/683 683/682/682 706/705/705
f 684/683/683 706/705/705 707/706/706
f 685/684/684 684/683/683 707/706/706
f 685/684/684 707/706/706 708/707/707
f 686/685/685 685/684/684 708/707/707
f 686/685/685 708/707/707 687/686/686
f 687/686/686 708/707/707 709/708/708
f 688/687/687 687/686/686 709/708/708
f 688/687/687 709/708/708 710/709/709
f 665/665/665 688/687/687 711/710/710
f 689/688/688 665/665/665 711/710/710
f 689/688/688 711/710/710 712/711/711
f 690/689/689 689/688/688 712/711/711
f 690/689/689 712/711/711 713/712/712
f 666/666/666 690/689/689 691/690/690
f 691/690/690 690/689/689 714/713/713
f 667/667/667 691/690/690 692/691/691
f 692/691/691 691/690/690 715/714/714
f 668/668/668 692/691/691 716/715/715
f 693/692/692 668/668/668 716/715/715
f 693/692/692 716/715/715 717/716/716
f 669/693/693 694/717/717 695/694/694
f 695/694/694 694/717/717 719/718/718
f 675/674/674 697/696/696 720/719/719
f 698/697/697 675/674/674 720/719/719
f 698/697/697 720/719/719 721/720/720
f 653/653/653 698/697/697 699/698/698
f 699/698/698 698/697/697 722/721/721
f 676/675/675 699/698/698 723/722/722
f 700/699/699 677/676/676 724/723/723
f 654/654/654 700/699/699 701/700/700
f 701/700/700 700/699/699 724/723/723
f 701/700/700 724/723/723 725/724/724
f 680/679/679 702/701/701 703/702/702
f 703/702/702 702/701/701 726/725/725
f 681/680/680 703/702/702 727/726/726
f 704/703/703 681/680/680 727/726/726
f 704/703/703 727/726/726 728/727/727
f 705/704/704 704/703/703 728/727/727
f 705/704/704 728/727/727 729/728/728
f 706/705/705 705/704/704 729/728/728
f 706/705/705 729/728/728 730/729/729
f 707/706/706 706/705/705 730/729/729
f 707/706/706 730/729/729 731/730/730
f 708/707/707 707/706/706 731/730/730
f 708/707/707 731/730/730 709/708/708
f 709/708/708 731/730/730 732/731/731
f 710/709/709 709/708/708 732/731/731
f 710/709/709 732/731/731 733/732/732
f 688/687/687 710/709/709 711/710/710
f 711/710/710 710/709/709 734/733/733
f 712/711/711 711/710/710 734/733/733
f 712/711/711 734/733/733 735/734/734
f 713/712/712 712/711/711 735/734/734
f 713/712/712 735/734/734 736/735/735
f 690/689/689 713/712/712 714/713/713
f 714/713/713 713/712/712 737/736/736
f 691/690/690 714/713/713 715/714/714
f 715/714/714 714/713/713 738/737/737
f 692/691/691 715/714/714 739/738/738
f 716/715/715 692/691/691 739/738/738
f 716/715/715 739/738/738 740/739/739
f 717/716/716 716/715/715 740/739/739
f 717/716/716 740/739/739 741/740/740
f 694/717/717 718/741/741 719/718/718
f 719/718/718 718/741/741 743/742/742
f 698/697/697 721/720/720 722/721/721
f 722/721/721 721/720/720 744/743/743
f 699/698/698 722/721/721 745/744/744
f 723/722/722 699/698/698 745/744/744
f 723/722/722 745/744/744 746/745/745
f 676/675/675 723/722/722 747/746/746
f 724/723/723 677/676/676 748/747/747
f 725/724/724 724/723/723 749/748/748
f 701/700/700 725/724/724 750/749/749
f 726/725/725 702/701/701 751/750/750
f 703/702/702 726/725/725 752/751/751
f 727/726/726 703/702/702 752/751/751
f 727/726/726 752/751/751 753/752/752
f 728/727/727 727/726/726 753/752/752
f 728/727/727 753/752/752 754/753/753
f 729/728/728 728/727/727 754/753/753
f 729/728/728 754/753/753 755/754/754
f 730/729/729 729/728/728 755/754/754
f 730/729/729 755/754/754 756/755/755
f 731/730/730 730/729/729 756/755/755
f 731/730/730 756/755/755 732/731/731
f 732/731/731 756/755/755 757/756/756
f 733/732/732 732/731/731 757/756/756
f 733/732/732 757/756/756 758/757/757
f 710/709/709 733/732/732 734/733/733
f 734/733/733 733/732/732 759/758/758
f 735/734/734 734/733/733 759/758/758
f 735/734/734 759/758/758 760/759/759
f 736/735/735 735/734/734 760/759/759
f 736/735/735 760/759/759 761/760/760
f 713/712/712 736/735/735 762/761/761
f 737/736/736 713/712/712 762/761/761
f 737/736/736 762/761/761 763/762/762
f 714/713/713 737/736/736 738/737/737
f 738/737/737 737/736/736 764/763/763
f 715/714/714 738/737/737 765/764/764
f 739/738/738 715/714/714 765/764/764
f 739/738/738 765/764/764 766/765/765
f 740/739/739 739/738/738 766/765/765
f 740/739/739 766/765/765 767/766/766
f 741/740/740 740/739/739 767/766/766
f 741/740/740 767/766/766 768/767/767
f 718/741/741 742/768/768 769/769/769
f 743/742/742 718/741/741 769/769/769
f 723/722/722 746/745/745 770/770/770
f 747/746/746 723/722/722 770/770/770
f 747/746/746 770/770/770 771/771/771
f 724/723/723 748/747/747 772/772/772
f 749/748/748 724/723/723 773/773/773
f 725/724/724 749/748/748 774/774/774
f 750/749/749 725/724/724 774/774/774
f 751/750/750 702/701/701 775/775/775
f 726/725/725 751/750/750 776/776/776
f 752/751/751 726/725/725 776/776/776
f 752/751/751 776/776/776 777/777/777
f 753/752/752 752/751/751 777/777/777
f 753/752/752 777/777/777 778/778/778
f 754/753/753 753/752/752 778/778/778
f 754/753/753 778/778/778 779/779/779
f 755/754/754 754/753/753 779/779/779
f 755/754/754 779/779/779 780/780/780
f 756/755/755 755/754/754 780/780/780
f 756/755/755 780/780/780 757/756/756
f 757/756/756 780/780/780 781/781/781
f 758/757/757 757/756/756 781/781/781
f 758/757/757 781/781/781 782/782/782
f 733/732/732 758/757/757 759/758/758
f 759/758/758 758/757/757 783/783/783
f 760/759/759 759/758/758 783/783/783
f 760/759/759 783/783/783 784/784/784
f 761/760/760 760/759/759 784/784/784
f 761/760/760 784/784/784 785/785/785
f 736/735/735 761/760/760 762/761/761
f 762/761/761 761/760/760 786/786/786
f 763/762/762 762/761/761 786/786/786
f 763/762/762 786/786/786 787/787/787
f 737/736/736 763/762/762 764/763/763
f 764/763/763 763/762/762 788/788/788
f 738/737/737 764/763/763 789/789/789
f 765/764/764 738/737/737 789/789/789
f 765/764/764 789/789/789 790/790/790
f 766/765/765 765/764/764 790/790/790
f 766/765/765 790/790/790 791/791/791
f 767/766/766 766/765/765 791/791/791
f 767/766/766 791/791/791 792/792/792
f 768/767/767 767/766/766 792/792/792
f 768/767/767 792/792/792 793/793/793
f 769/769/769 742/768/768 794/794/794
f 771/771/771 770/770/770 795/795/795
f 747/746/746 771/771/771 796/796/796
f 772/772/772 748/747/747 797/797/797
f 724/723/723 772/772/772 773/773/773
f 773/773/773 772/772/772 797/797/797
f 773/773/773 797/797/797 750/749/749
f 775/775/775 702/701/701 679/678/678
f 775/775/775 679/678/678 634/634/634
f 775/775/775 634/634/634 611/611/611
f 775/775/775 611/611/611 798/798/798
f 751/750/750 775/775/775 799/799/799
f 776/776/776 751/750/750 800/800/800
f 777/777/777 776/776/776 800/800/800
f 777/777/777 800/800/800 801/801/801
f 778/778/778 777/777/777 801/801/801
f 778/778/778 801/801/801 802/802/802
f 779/779/779 778/778/778 802/802/802
f 779/779/779 802/802/802 803/803/803
f 780/780/780 779/779/779 803/803/803
f 780/780/780 803/803/803 781/781/781
f 781/781/781 803/803/803 804/804/804
f 782/782/782 781/781/781 804/804/804
f 782/782/782 804/804/804 805/805/805
f 758/757/757 782/782/782 783/783/783
f 783/783/783 782/782/782 806/806/806
f 784/784/784 783/783/783 806/806/806
f 784/784/784 806/806/806 807/807/807
f 785/785/785 784/784/784 807/807/807
f 785/785/785 807/807/807 808/808/808
f 761/760/760 785/785/785 786/786/786
f 786/786/786 785/785/785 809/809/809
f 787/787/787 786/786/786 809/809/809
f 787/787/787 809/809/809 810/810/810
f 763/762/762 787/787/787 788/788/788
f 788/788/788 787/787/787 811/811/811
f 764/763/763 788/788/788 812/812/812
f 789/789/789 764/763/763 812/812/812
f 789/789/789 812/812/812 813/813/813
f 790/790/790 789/789/789 813/813/813
f 790/790/790 813/813/813 814/814/814
f 791/791/791 790/790/790 814/814/814
f 791/791/791 814/814/814 815/815/815
f 792/792/792 791/791/791 815/815/815
f 792/792/792 815/815/815 793/793/793
f 793/793/793 815/815/815 816/816/816
f 768/767/767 793/793/793 817/817/817
f 794/794/794 742/768/768 818/818/818
f 794/794/794 818/818/818 819/819/819
f 771/771/771 795/795/795 820/820/820
f 796/796/796 771/771/771 821/821/821
f 750/749/749 797/797/797 748/747/747
f 750/749/749 748/747/747 701/700/700
f 701/700/700 748/747/747 677/676/676
f 701/700/700 677/676/676 678/677/677
f 678/677/677 677/676/676 632/632/632
f 773/773/773 750/749/749 774/774/774
f 773/773/773 774/774/774 749/748/748
f 798/798/798 611/611/611 586/586/586
f 798/798/798 586/586/586 547/546/546
f 775/775/775 798/798/798 822/822/822
f 799/799/799 775/775/775 822/822/822
f 799/799/799 822/822/822 823/823/823
f 751/750/750 799/799/799 824/824/824
f 800/800/800 751/750/750 825/825/825
f 801/801/801 800/800/800 826/826/826
f 802/802/802 801/801/801 827/827/827
f 803/803/803 802/802/802 828/828/828
f 804/804/804 803/803/803 828/828/828
f 804/804/804 828/828/828 829/829/829
f 805/805/805 804/804/804 829/829/829
f 805/805/805 829/829/829 830/830/830
f 782/782/782 805/805/805 806/806/806
f 806/806/806 805/805/805 831/831/831
f 807/807/807 806/806/806 831/831/831
f 807/807/807 831/831/831 832/832/832
f 808/808/808 807/807/807 832/832/832
f 808/808/808 832/832/832 833/833/833
f 785/785/785 808/808/808 809/809/809
f 809/809/809 808/808/808 834/834/834
f 810/810/810 809/809/809 834/834/834
f 810/810/810 834/834/834 835/835/835
f 787/787/787 810/810/810 811/811/811
f 811/811/811 810/810/810 836/836/836
f 788/788/788 811/811/811 837/837/837
f 812/812/812 788/788/788 837/837/837
f 812/812/812 837/837/837 838/838/838
f 813/813/813 812/812/812 838/838/838
f 813/813/813 838/838/838 839/839/839
f 814/814/814 813/813/813 839/839/839
f 814/814/814 839/839/839 840/840/840
f 815/815/815 814/814/814 840/840/840
f 815/815/815 840/840/840 816/816/816
f 816/816/816 840/840/840 841/841/841
f 793/793/793 816/816/816 842/842/842
f 817/817/817 793/793/793 842/842/842
f 817/817/817 842/842/842 843/843/843
f 819/819/819 818/818/818 844/844/844
f 820/820/820 795/795/795 845/845/845
f 771/771/771 820/820/820 821/821/821
f 821/821/821 820/820/820 822/822/822
f 796/796/796 821/821/821 846/846/846
f 822/822/822 798/798/798 821/821/821
f 821/821/821 798/798/798 847/847/847
f 823/823/823 822/822/822 820/820/820
f 823/823/823 820/820/820 845/845/845
f 823/823/823 845/845/845 848/848/848
f 799/799/799 823/823/823 824/824/824
f 824/824/824 823/823/823 848/848/848
f 824/824/824 848/848/848 849/849/849
f 751/750/750 824/824/824 825/825/825
f 825/825/825 824/824/824 850/850/850
f 800/800/800 825/825/825 826/826/826
f 826/826/826 825/825/825 850/850/850
f 826/826/826 850/850/850 851/851/851
f 801/801/801 826/826/826 827/827/827
f 827/827/827 826/826/826 851/851/851
f 827/827/827 851/851/851 852/852/852
f 802/802/802 827/827/827 828/828/828
f 828/828/828 827/827/827 852/852/852
f 828/828/828 852/852/852 829/829/829
f 829/829/829 852/852/852 853/853/853
f 830/830/830 829/829/829 853/853/853
f 830/830/830 853/853/853 854/854/854
f 805/805/805 830/830/830 831/831/831
f 831/831/831 830/830/830 855/855/855
f 832/832/832 831/831/831 855/855/855
f 832/832/832 855/855/855 856/856/856
f 833/833/833 832/832/832 856/856/856
f 833/833/833 856/856/856 857/857/857
f 808/808/808 833/833/833 834/834/834
f 834/834/834 833/833/833 858/858/858
f 835/835/835 834/834/834 858/858/858
f 835/835/835 858/858/858 859/859/859
f 810/810/810 835/835/835 836/836/836
f 836/836/836 835/835/835 860/860/860
f 811/811/811 836/836/836 861/861/861
f 837/837/837 811/811/811 861/861/861
f 837/837/837 861/861/861 862/862/862
f 838/838/838 837/837/837 862/862/862
f 838/838/838 862/862/862 863/863/863
f 839/839/839 838/838/838 863/863/863
f 839/839/839 863/863/863 864/864/864
f 840/840/840 839/839/839 864/864/864
f 840/840/840 864/864/864 841/841/841
f 841/841/841 864/864/864 865/865/865
f 816/816/816 841/841/841 866/866/866
f 842/842/842 816/816/816 866/866/866
f 842/842/842 866/866/866 867/867/867
f 843/843/843 842/842/842 867/867/867
f 843/843/843 867/867/867 868/868/868
f 844/844/844 818/818/818 869/869/869
f 844/844/844 869/869/869 870/870/870
f 846/846/846 821/821/821 847/847/847
f 796/796/796 846/846/846 871/871/871
f 848/848/848 845/845/845 872/872/872
f 849/849/849 848/848/848 873/873/873
f 824/824/824 849/849/849 850/850/850
f 850/850/850 849/849/849 874/874/874
f 851/851/851 850/850/850 874/874/874
f 851/851/851 874/874/874 875/875/875
f 852/852/852 851/851/851 875/875/875
f 852/852/852 875/875/875 853/853/853
f 853/853/853 875/875/875 876/876/876
f 854/854/854 853/853/853 876/876/876
f 854/854/854 876/876/876 877/877/877
f 830/830/830 854/854/854 855/855/855
f 855/855/855 854/854/854 878/878/878
f 856/856/856 855/855/855 878/878/878
f 856/856/856 878/878/878 879/879/879
f 857/857/857 856/856/856 879/879/879
f 857/857/857 879/879/879 880/880/880
f 833/833/833 857/857/857 858/858/858
f 858/858/858 857/857/857 881/881/881
f 859/859/859 858/858/858 881/881/881
f 859/859/859 881/881/881 882/882/882
f 835/835/835 859/859/859 860/860/860
f 860/860/860 859/859/859 883/883/883
f 836/836/836 860/860/860 884/884/884
f 861/861/861 836/836/836 884/884/884
f 861/861/861 884/884/884 885/885/885
f 862/862/862 861/861/861 885/885/885
f 862/862/862 885/885/885 886/886/886
f 863/863/863 862/862/862 886/886/886
f 863/863/863 886/886/886 887/887/887
f 864/864/864 863/863/863 887/887/887
f 864/864/864 887/887/887 865/865/865
f 865/865/865 887/887/887 888/888/888
f 841/841/841 865/865/865 889/889/889
f 866/866/866 841/841/841 889/889/889
f 866/866/866 889/889/889 890/890/890
f 867/867/867 866/866/866 890/890/890
f 867/867/867 890/890/890 891/891/891
f 868/868/868 867/867/867 892/892/892
f 870/870/870 869/869/869 894/893/893
f 848/848/848 872/872/872 895/894/894
f 873/873/873 848/848/848 895/894/894
f 873/873/873 895/894/894 896/895/895
f 849/849/849 873/873/873 874/874/874
f 874/874/874 873/873/873 897/896/896
f 875/875/875 874/874/874 897/896/896
f 875/875/875 897/896/896 876/876/876
f 876/876/876 897/896/896 898/897/897
f 877/877/877 876/876/876 898/897/897
f 877/877/877 898/897/897 899/898/898
f 854/854/854 877/877/877 878/878/878
f 878/878/878 877/877/877 900/899/899
f 879/879/879 878/878/878 900/899/899
f 879/879/879 900/899/899 901/900/900
f 880/880/880 879/879/879 901/900/900
f 880/880/880 901/900/900 902/901/901
f 857/857/857 880/880/880 881/881/881
f 881/881/881 880/880/880 903/902/902
f 882/882/882 881/881/881 903/902/902
f 882/882/882 903/902/902 904/903/903
f 859/859/859 882/882/882 883/883/883
f 883/883/883 882/882/882 905/904/904
f 860/860/860 883/883/883 906/905/905
f 884/884/884 860/860/860 906/905/905
f 884/884/884 906/905/905 907/906/906
f 885/885/885 884/884/884 907/906/906
f 885/885/885 907/906/906 908/907/907
f 886/886/886 885/885/885 908/907/907
f 886/886/886 908/907/907 909/908/908
f 887/887/887 886/886/886 909/908/908
f 887/887/887 909/908/908 888/888/888
f 888/888/888 909/908/908 910/909/909
f 865/865/865 888/888/888 911/910/910
f 889/889/889 865/865/865 911/910/910
f 889/889/889 911/910/910 912/911/911
f 890/890/890 889/889/889 912/911/911
f 890/890/890 912/911/911 891/891/891
f 891/891/891 912/911/911 913/912/912
f 867/867/867 891/891/891 892/892/892
f 892/892/892 891/891/891 914/913/913
f 868/868/868 892/892/892 915/914/914
f 894/893/893 869/869/869 893/915/915
f 894/893/893 893/915/915 917/916/916
f 870/870/870 894/893/893 627/627/627
f 895/894/894 872/872/872 918/917/917
f 896/895/895 895/894/894 918/917/917
f 896/895/895 918/917/917 919/918/918
f 873/873/873 896/895/895 898/897/897
f 898/897/897 897/896/896 873/873/873
f 899/898/898 898/897/897 896/895/895
f 899/898/898 896/895/895 919/918/918
f 899/898/898 919/918/918 920/919/919
f 877/877/877 899/898/898 900/899/899
f 900/899/899 899/898/898 920/919/919
f 900/899/899 920/919/919 901/900/900
f 901/900/900 920/919/919 921/920/920
f 902/901/901 901/900/900 921/920/920
f 902/901/901 921/920/920 922/921/921
f 880/880/880 902/901/901 903/902/902
f 903/902/902 902/901/901 923/922/922
f 904/903/903 903/902/902 923/922/922
f 904/903/903 923/922/922 924/923/923
f 882/882/882 904/903/903 905/904/904
f 905/904/904 904/903/903 925/924/924
f 883/883/883 905/904/904 926/925/925
f 906/905/905 883/883/883 926/925/925
f 906/905/905 926/925/925 927/926/926
f 907/906/906 906/905/905 927/926/926
f 907/906/906 927/926/926 928/927/927
f 908/907/907 907/906/906 928/927/927
f 908/907/907 928/927/927 929/928/928
f 909/908/908 908/907/907 929/928/928
f 909/908/908 929/928/928 910/909/909
f 910/909/909 929/928/928 930/929/929
f 888/888/888 910/909/909 931/930/930
f 911/910/910 888/888/888 931/930/930
f 911/910/910 931/930/930 932/931/931
f 912/911/911 911/910/910 932/931/931
f 912/911/911 932/931/931 913/912/912
f 913/912/912 932/931/931 933/932/932
f 891/891/891 913/912/912 914/913/913
f 914/913/913 913/912/912 934/933/933
f 892/892/892 914/913/913 935/934/934
f 915/914/914 892/892/892 935/934/934
f 915/914/914 935/934/934 936/935/935
f 917/916/916 893/915/915 916/936/936
f 627/627/627 894/893/893 917/916/916
f 627/627/627 917/916/916 649/649/649
f 649/649/649 917/916/916 937/937/937
f 870/870/870 627/627/627 626/626/626
f 870/870/870 626/626/626 844/844/844
f 844/844/844 626/626/626 603/603/603
f 918/917/917 872/872/872 938/938/938
f 919/918/918 918/917/917 939/939/939
f 920/919/919 919/918/918 939/939/939
f 920/919/919 939/939/939 921/920/920
f 921/920/920 939/939/939 940/940/940
f 922/921/921 921/920/920 940/940/940
f 922/921/921 940/940/940 941/941/941
f 902/901/901 922/921/921 923/922/922
f 923/922/922 922/921/921 942/942/942
f 924/923/923 923/922/922 942/942/942
f 924/923/923 942/942/942 943/943/943
f 904/903/903 924/923/923 925/924/924
f 925/924/924 924/923/923 944/944/944
f 905/904/904 925/924/924 945/945/945
f 926/925/925 905/904/904 945/945/945
f 926/925/925 945/945/945 946/946/946
f 927/926/926 926/925/925 946/946/946
f 927/926/926 946/946/946 947/947/947
f 928/927/927 927/926/926 947/947/947
f 928/927/927 947/947/947 948/948/948
f 929/928/928 928/927/927 948/948/948
f 929/928/928 948/948/948 930/929/929
f 930/929/929 948/948/948 949/949/949
f 910/909/909 930/929/929 950/950/950
f 931/930/930 910/909/909 950/950/950
f 931/930/930 950/950/950 951/951/951
f 932/931/931 931/930/930 951/951/951
f 932/931/931 951/951/951 933/932/932
f 933/932/932 951/951/951 952/952/952
f 913/912/912 933/932/932 934/933/933
f 934/933/933 933/932/932 953/953/953
f 914/913/913 934/933/933 954/954/954
f 935/934/934 914/913/913 954/954/954
f 935/934/934 954/954/954 955/955/955
f 936/935/935 935/934/934 955/955/955
f 936/935/935 955/955/955 956/956/956
f 918/917/917 938/938/938 957/957/957
f 939/939/939 918/917/917 957/957/957
f 939/939/939 957/957/957 940/940/940
f 940/940/940 957/957/957 958/958/958
f 941/941/941 940/940/940 958/958/958
f 941/941/941 958/958/958 959/959/959
f 922/921/921 941/941/941 942/942/942
f 942/942/942 941/941/941 960/960/960
f 943/943/943 942/942/942 960/960/960
f 943/943/943 960/960/960 961/961/961
f 924/923/923 943/943/943 944/944/944
f 944/944/944 943/943/943 962/962/962
f 925/924/924 944/944/944 963/963/963
f 945/945/945 925/924/924 963/963/963
f 945/945/945 963/963/963 964/964/964
f 946/946/946 945/945/945 964/964/964
f 946/946/946 964/964/964 965/965/965
f 947/947/947 946/946/946 965/965/965
f 947/947/947 965/965/965 966/966/966
f 948/948/948 947/947/947 966/966/966
f 948/948/948 966/966/966 949/949/949
f 949/949/949 966/966/966 967/967/967
f 930/929/929 949/949/949 968/968/968
f 950/950/950 930/929/929 968/968/968
f 950/950/950 968/968/968 969/969/969
f 951/951/951 950/950/950 970/970/970
f 952/952/952 951/951/951 970/970/970
f 952/952/952 970/970/970 971/971/971
f 933/932/932 952/952/952 953/953/953
f 953/953/953 952/952/952 972/972/972
f 934/933/933 953/953/953 973/973/973
f 954/954/954 934/933/933 973/973/973
f 954/954/954 973/973/973 974/974/974
f 955/955/955 954/954/954 975/975/975
f 956/956/956 955/955/955 976/976/976
f 957/957/957 938/938/938 977/977/977
f 958/958/958 957/957/957 977/977/977
f 958/958/958 977/977/977 959/959/959
f 959/959/959 977/977/977 978/978/978
f 941/941/941 959/959/959 960/960/960
f 960/960/960 959/959/959 979/979/979
f 961/961/961 960/960/960 979/979/979
f 961/961/961 979/979/979 980/980/980
f 943/943/943 961/961/961 962/962/962
f 962/962/962 961/961/961 981/981/981
f 944/944/944 962/962/962 982/982/982
f 963/963/963 944/944/944 982/982/982
f 963/963/963 982/982/982 983/983/983
f 964/964/964 963/963/963 983/983/983
f 964/964/964 983/983/983 984/984/984
f 965/965/965 964/964/964 984/984/984
f 965/965/965 984/984/984 985/985/985
f 966/966/966 965/965/965 985/985/985
f 966/966/966 985/985/985 967/967/967
f 967/967/967 985/985/985 986/986/986
f 949/949/949 967/967/967 987/987/987
f 968/968/968 949/949/949 987/987/987
f 968/968/968 987/987/987 969/969/969
f 969/969/969 987/987/987 988/988/988
f 950/950/950 969/969/969 970/970/970
f 970/970/970 969/969/969 989/989/989
f 971/971/971 970/970/970 989/989/989
f 971/971/971 989/989/989 990/990/990
f 952/952/952 971/971/971 972/972/972
f 972/972/972 971/971/971 991/991/991
f 953/953/953 972/972/972 992/992/992
f 973/973/973 953/953/953 992/992/992
f 973/973/973 992/992/992 974/974/974
f 974/974/974 992/992/992 993/993/993
f 954/954/954 974/974/974 975/975/975
f 975/975/975 974/974/974 994/994/994
f 955/955/955 975/975/975 976/976/976
f 976/976/976 975/975/975 995/995/995
f 956/956/956 976/976/976 996/996/996
f 959/959/959 978/978/978 979/979/979
f 979/979/979 978/978/978 997/997/997
f 980/980/980 979/979/979 997/997/997
f 980/980/980 997/997/997 998/998/998
f 961/961/961 980/980/980 981/981/981
f 981/981/981 980/980/980 999/999/999
f 962/962/962 981/981/981 1000/1000/1000
f 982/982/982 962/962/962 1000/1000/1000
f 982/982/982 1000/1000/1000 1001/1001/1001
f 983/983/983 982/982/982 1001/1001/1001
f 983/983/983 1001/1001/1001 1002/1002/1002
f 984/984/984 983/983/983 1002/1002/1002
f 984/984/984 1002/1002/1002 1003/1003/1003
f 985/985/985 984/984/984 1003/1003/1003
f 985/985/985 1003/1003/1003 986/986/986
f 986/986/986 1003/1003/1003 1004/1004/1004
f 967/967/967 986/986/986 1005/1005/1005
f 987/987/987 967/967/967 1005/1005/1005
f 987/987/987 1005/1005/1005 988/988/988
f 988/988/988 1005/1005/1005 1006/1006/1006
f 969/969/969 988/988/988 989/989/989
f 989/989/989 988/988/988 1007/1007/1007
f 990/990/990 989/989/989 1007/1007/1007
f 990/990/990 1007/1007/1007 1008/1008/1008
f 971/971/971 990/990/990 991/991/991
f 991/991/991 990/990/990 1009/1009/1009
f 972/972/972 991/991/991 1010/1010/1010
f 992/992/992 972/972/972 1010/1010/1010
f 992/992/992 1010/1010/1010 993/993/993
f 993/993/993 1010/1010/1010 1011/1011/1011
f 974/974/974 993/993/993 994/994/994
f 994/994/994 993/993/993 1012/1012/1012
f 975/975/975 994/994/994 995/995/995
f 995/995/995 994/994/994 1013/1013/1013
f 976/976/976 995/995/995 1014/1014/1014
f 996/996/996 976/976/976 1014/1014/1014
f 996/996/996 1014/1014/1014 1015/1015/1015
f 998/998/998 997/997/997 1016/1016/1016
f 980/980/980 998/998/998 999/999/999
f 999/999/999 998/998/998 1017/1017/1017
f 981/981/981 999/999/999 1000/1000/1000
f 1000/1000/1000 999/999/999 1018/1018/1018
f 1001/1001/1001 1000/1000/1000 1019/1019/1019
f 1002/1002/1002 1001/1001/1001 1019/1019/1019
f 1002/1002/1002 1019/1019/1019 1020/1020/1020
f 1003/1003/1003 1002/1002/1002 1020/1020/1020
f 1003/1003/1003 1020/1020/1020 1004/1004/1004
f 1004/1004/1004 1020/1020/1020 1021/1021/1021
f 986/986/986 1004/1004/1004 1022/1022/1022
f 1005/1005/1005 986/986/986 1022/1022/1022
f 1005/1005/1005 1022/1022/1022 1006/1006/1006
f 1006/1006/1006 1022/1022/1022 1023/1023/1023
f 988/988/988 1006/1006/1006 1007/1007/1007
f 1007/1007/1007 1006/1006/1006 1024/1024/1024
f 1008/1008/1008 1007/1007/1007 1024/1024/1024
f 1008/1008/1008 1024/1024/1024 1025/1025/1025
f 990/990/990 1008/1008/1008 1009/1009/1009
f 1009/1009/1009 1008/1008/1008 1026/1026/1026
f 991/991/991 1009/1009/1009 1027/1027/1027
f 1010/1010/1010 991/991/991 1027/1027/1027
f 1010/1010/1010 1027/1027/1027 1011/1011/1011
f 1011/1011/1011 1027/1027/1027 1028/1028/1028
f 993/993/993 1011/1011/1011 1012/1012/1012
f 1012/1012/1012 1011/1011/1011 1029/1029/1029
f 994/994/994 1012/1012/1012 1013/1013/1013
f 1013/1013/1013 1012/1012/1012 1030/1030/1030
f 995/995/995 1013/1013/1013 1031/1031/1031
f 1014/1014/1014 995/995/995 1031/1031/1031
f 1014/1014/1014 1031/1031/1031 1015/1015/1015
f 1015/1015/1015 1031/1031/1031 1032/1032/1032
f 996/996/996 1015/1015/1015 1033/1033/1033
f 998/998/998 1016/1016/1016 1034/1034/1034
f 1017/1017/1017 998/998/998 1034/1034/1034
f 1017/1017/1017 1034/1034/1034 1035/1035/1035
f 999/999/999 1017/1017/1017 1018/1018/1018
f 1018/1018/1018 1017/1017/1017 1036/1036/1036
f 1000/1000/1000 1018/1018/1018 1019/1019/1019
f 1019/1019/1019 1018/1018/1018 1037/1037/1037
f 1020/1020/1020 1019/1019/1019 1037/1037/1037
f 1020/1020/1020 1037/1037/1037 1021/1021/1021
f 1021/1021/1021 1037/1037/1037 1038/1038/1038
f 1004/1004/1004 1021/1021/1021 1039/1039/1039
f 1022/1022/1022 1004/1004/1004 1039/1039/1039
f 1022/1022/1022 1039/1039/1039 1023/1023/1023
f 1023/1023/1023 1039/1039/1039 1040/1040/1040
f 1006/1006/1006 1023/1023/1023 1024/1024/1024
f 1024/1024/1024 1023/1023/1023 1041/1041/1041
f 1025/1025/1025 1024/1024/1024 1041/1041/1041
f 1025/1025/1025 1041/1041/1041 1042/1042/1042
f 1008/1008/1008 1025/1025/1025 1026/1026/1026
f 1026/1026/1026 1025/1025/1025 1043/1043/1043
f 1009/1009/1009 1026/1026/1026 1044/1044/1044
f 1027/1027/1027 1009/1009/1009 1044/1044/1044
f 1027/1027/1027 1044/1044/1044 1028/1028/1028
f 1028/1028/1028 1044/1044/1044 1045/1045/1045
f 1011/1011/1011 1028/1028/1028 1029/1029/1029
f 1029/1029/1029 1028/1028/1028 1046/1046/1046
f 1012/1012/1012 1029/1029/1029 1030/1030/1030
f 1030/1030/1030 1029/1029/1029 1047/1047/1047
f 1013/1013/1013 1030/1030/1030 1048/1048/1048
f 1031/1031/1031 1013/1013/1013 1048/1048/1048
f 1031/1031/1031 1048/1048/1048 1032/1032/1032
f 1032/1032/1032 1048/1048/1048 1049/1049/1049
f 1015/1015/1015 1032/1032/1032 1050/1050/1050
f 1033/1033/1033 1015/1015/1015 1050/1050/1050
f 1033/1033/1033 1050/1050/1050 1051/1051/1051
f 996/996/996 1033/1033/1033 1052/1052/1052
f 1034/1034/1034 1016/1016/1016 1053/1053/1053
f 1035/1035/1035 1034/1034/1034 1054/1054/1054
f 1017/1017/1017 1035/1035/1035 1055/1055/1055
f 1036/1036/1036 1017/1017/1017 1055/1055/1055
f 1036/1036/1036 1055/1055/1055 1038/1038/1038
f 1018/1018/1018 1036/1036/1036 1037/1037/1037
f 1038/1038/1038 1037/1037/1037 1036/1036/1036
f 1021/1021/1021 1038/1038/1038 1056/1056/1056
f 1039/1039/1039 1021/1021/1021 1056/1056/1056
f 1039/1039/1039 1056/1056/1056 1040/1040/1040
f 1040/1040/1040 1056/1056/1056 1057/1057/1057
f 1023/1023/1023 1040/1040/1040 1041/1041/1041
f 1041/1041/1041 1040/1040/1040 1058/1058/1058
f 1042/1042/1042 1041/1041/1041 1058/1058/1058
f 1042/1042/1042 1058/1058/1058 1059/1059/1059
f 1025/1025/1025 1042/1042/1042 1043/1043/1043
f 1043/1043/1043 1042/1042/1042 1060/1060/1060
f 1026/1026/1026 1043/1043/1043 1061/1061/1061
f 1044/1044/1044 1026/1026/1026 1061/1061/1061
f 1044/1044/1044 1061/1061/1061 1045/1045/1045
f 1045/1045/1045 1061/1061/1061 1062/1062/1062
f 1028/1028/1028 1045/1045/1045 1046/1046/1046
f 1046/1046/1046 1045/1045/1045 1063/1063/1063
f 1029/1029/1029 1046/1046/1046 1047/1047/1047
f 1047/1047/1047 1046/1046/1046 1064/1064/1064
f 1030/1030/1030 1047/1047/1047 1065/1065/1065
f 1048/1048/1048 1030/1030/1030 1065/1065/1065
f 1048/1048/1048 1065/1065/1065 1066/1066/1066
f 1049/1049/1049 1048/1048/1048 1066/1066/1066
f 1049/1049/1049 1066/1066/1066 1067/1067/1067
f 1032/1032/1032 1049/1049/1049 1068/1068/1068
f 1050/1050/1050 1032/1032/1032 1068/1068/1068
f 1050/1050/1050 1068/1068/1068 1069/1069/1069
f 1051/1051/1051 1050/1050/1050 1069/1069/1069
f 1051/1051/1051 1069/1069/1069 1070/1070/1070
f 1033/1033/1033 1051/1051/1051 1052/1052/1052
f 1052/1052/1052 1051/1051/1051 1071/1071/1071
f 996/996/996 1052/1052/1052 1072/1072/1072
f 1034/1034/1034 1053/1053/1053 1054/1054/1054
f 1054/1054/1054 1053/1053/1053 1073/1073/1073
f 1035/1035/1035 1054/1054/1054 1074/1074/1074
f 1055/1055/1055 1035/1035/1035 1075/1075/1075
f 1038/1038/1038 1055/1055/1055 1076/1076/1076
f 1056/1056/1056 1038/1038/1038 1076/1076/1076
f 1056/1056/1056 1076/1076/1076 1057/1057/1057
f 1057/1057/1057 1076/1076/1076 1077/1077/1077
f 1040/1040/1040 1057/1057/1057 1058/1058/1058
f 1058/1058/1058 1057/1057/1057 1078/1078/1078
f 1059/1059/1059 1058/1058/1058 1078/1078/1078
f 1059/1059/1059 1078/1078/1078 1079/1079/1079
f 1042/1042/1042 1059/1059/1059 1060/1060/1060
f 1060/1060/1060 1059/1059/1059 1080/1080/1080
f 1043/1043/1043 1060/1060/1060 1081/1081/1081
f 1061/1061/1061 1043/1043/1043 1081/1081/1081
f 1061/1061/1061 1081/1081/1081 1062/1062/1062
f 1062/1062/1062 1081/1081/1081 1082/1082/1082
f 1045/1045/1045 1062/1062/1062 1083/1083/1083
f 1063/1063/1063 1045/1045/1045 1083/1083/1083
f 1063/1063/1063 1083/1083/1083 1084/1084/1084
f 1046/1046/1046 1063/1063/1063 1064/1064/1064
f 1064/1064/1064 1063/1063/1063 1085/1085/1085
f 1047/1047/1047 1064/1064/1064 1086/1086/1086
f 1065/1065/1065 1047/1047/1047 1086/1086/1086
f 1065/1065/1065 1086/1086/1086 1066/1066/1066
f 1066/1066/1066 1086/1086/1086 1087/1087/1087
f 1067/1067/1067 1066/1066/1066 1087/1087/1087
f 1067/1067/1067 1087/1087/1087 1088/1088/1088
f 1049/1049/1049 1067/1067/1067 1089/1089/1089
f 1068/1068/1068 1049/1049/1049 1089/1089/1089
f 1068/1068/1068 1089/1089/1089 1090/1090/1090
f 1069/1069/1069 1068/1068/1068 1090/1090/1090
f 1069/1069/1069 1090/1090/1090 1091/1091/1091
f 1070/1070/1070 1069/1069/1069 1091/1091/1091
f 1070/1070/1070 1091/1091/1091 1092/1092/1092
f 1051/1051/1051 1070/1070/1070 1071/1071/1071
f 1071/1071/1071 1070/1070/1070 1093/1093/1093
f 996/996/996 1072/1072/1072 956/956/956
f 956/956/956 1072/1072/1072 1094/1094/1094
f 1054/1054/1054 1073/1073/1073 1095/1095/1095
f 1074/1074/1074 1054/1054/1054 1095/1095/1095
f 1074/1074/1074 1095/1095/1095 1096/1096/1096
f 1035/1035/1035 1074/1074/1074 1075/1075/1075
f 1075/1075/1075 1074/1074/1074 1097/1097/1097
f 1055/1055/1055 1075/1075/1075 1076/1076/1076
f 1076/1076/1076 1075/1075/1075 1077/1077/1077
f 1077/1077/1077 1075/1075/1075 1097/1097/1097
f 1077/1077/1077 1097/1097/1097 1098/1098/1098
f 1057/1057/1057 1077/1077/1077 1078/1078/1078
f 1078/1078/1078 1077/1077/1077 1098/1098/1098
f 1078/1078/1078 1098/1098/1098 1079/1079/1079
f 1079/1079/1079 1098/1098/1098 1099/1099/1099
f 1059/1059/1059 1079/1079/1079 1080/1080/1080
f 1080/1080/1080 1079/1079/1079 1100/1100/1100
f 1060/1060/1060 1080/1080/1080 1101/1101/1101
f 1081/1081/1081 1060/1060/1060 1101/1101/1101
f 1081/1081/1081 1101/1101/1101 1082/1082/1082
f 1082/1082/1082 1101/1101/1101 1102/1102/1102
f 1062/1062/1062 1082/1082/1082 1083/1083/1083
f 1083/1083/1083 1082/1082/1082 1103/1103/1103
f 1084/1084/1084 1083/1083/1083 1103/1103/1103
f 1084/1084/1084 1103/1103/1103 1104/1104/1104
f 1063/1063/1063 1084/1084/1084 1085/1085/1085
f 1085/1085/1085 1084/1084/1084 1105/1105/1105
f 1064/1064/1064 1085/1085/1085 1106/1106/1106
f 1086/1086/1086 1064/1064/1064 1106/1106/1106
f 1086/1086/1086 1106/1106/1106 1087/1087/1087
f 1087/1087/1087 1106/1106/1106 1107/1107/1107
f 1088/1088/1088 1087/1087/1087 1107/1107/1107
f 1088/1088/1088 1107/1107/1107 1108/1108/1108
f 1067/1067/1067 1088/1088/1088 1109/1109/1109
f 1089/1089/1089 1067/1067/1067 1109/1109/1109
f 1089/1089/1089 1109/1109/1109 1110/1110/1110
f 1090/1090/1090 1089/1089/1089 1110/1110/1110
f 1090/1090/1090 1110/1110/1110 1111/1111/1111
f 1091/1091/1091 1090/1090/1090 1111/1111/1111
f 1091/1091/1091 1111/1111/1111 1112/1112/1112
f 1092/1092/1092 1091/1091/1091 1112/1112/1112
f 1092/1092/1092 1112/1112/1112 1113/1113/1113
f 1070/1070/1070 1092/1092/1092 1093/1093/1093
f 1093/1093/1093 1092/1092/1092 1114/1114/1114
f 956/956/956 1094/1094/1094 936/935/935
f 936/935/935 1094/1094/1094 1115/1115/1115
f 1095/1095/1095 1073/1073/1073 1117/1116/1116
f 1096/1096/1096 1095/1095/1095 1118/1117/1117
f 1074/1074/1074 1096/1096/1096 1097/1097/1097
f 1097/1097/1097 1096/1096/1096 1119/1118/1118
f 1098/1098/1098 1097/1097/1097 1119/1118/1118
f 1098/1098/1098 1119/1118/1118 1099/1099/1099
f 1099/1099/1099 1119/1118/1118 1120/1119/1119
f 1079/1079/1079 1099/1099/1099 1100/1100/1100
f 1100/1100/1100 1099/1099/1099 1121/1120/1120
f 1080/1080/1080 1100/1100/1100 1122/1121/1121
f 1101/1101/1101 1080/1080/1080 1122/1121/1121
f 1101/1101/1101 1122/1121/1121 1102/1102/1102
f 1102/1102/1102 1122/1121/1121 1123/1122/1122
f 1082/1082/1082 1102/1102/1102 1103/1103/1103
f 1103/1103/1103 1102/1102/1102 1124/1123/1123
f 1104/1104/1104 1103/1103/1103 1124/1123/1123
f 1104/1104/1104 1124/1123/1123 1125/1124/1124
f 1084/1084/1084 1104/1104/1104 1105/1105/1105
f 1105/1105/1105 1104/1104/1104 1126/1125/1125
f 1085/1085/1085 1105/1105/1105 1127/1126/1126
f 1106/1106/1106 1085/1085/1085 1127/1126/1126
f 1106/1106/1106 1127/1126/1126 1107/1107/1107
f 1107/1107/1107 1127/1126/1126 1128/1127/1127
f 1108/1108/1108 1107/1107/1107 1128/1127/1127
f 1108/1108/1108 1128/1127/1127 1129/1128/1128
f 1088/1088/1088 1108/1108/1108 1130/1129/1129
f 1109/1109/1109 1088/1088/1088 1130/1129/1129
f 1109/1109/1109 1130/1129/1129 1131/1130/1130
f 1110/1110/1110 1109/1109/1109 1131/1130/1130
f 1110/1110/1110 1131/1130/1130 1132/1131/1131
f 1111/1111/1111 1110/1110/1110 1132/1131/1131
f 1111/1111/1111 1132/1131/1131 1133/1132/1132
f 1112/1112/1112 1111/1111/1111 1133/1132/1132
f 1112/1112/1112 1133/1132/1132 1134/1133/1133
f 1113/1113/1113 1112/1112/1112 1135/1134/1134
f 1092/1092/1092 1113/1113/1113 1114/1114/1114
f 936/935/935 1115/1115/1115 915/914/914
f 915/914/914 1115/1115/1115 868/868/868
f 868/868/868 1115/1115/1115 1136/1135/1135
f 1095/1095/1095 1117/1116/1116 1118/1117/1117
f 1118/1117/1117 1117/1116/1116 1139/1136/1136
f 1096/1096/1096 1118/1117/1117 1140/1137/1137
f 1119/1118/1118 1096/1096/1096 1140/1137/1137
f 1119/1118/1118 1140/1137/1137 1120/1119/1119
f 1120/1119/1119 1140/1137/1137 1141/1138/1138
f 1099/1099/1099 1120/1119/1119 1142/1139/1139
f 1121/1120/1120 1099/1099/1099 1142/1139/1139
f 1121/1120/1120 1142/1139/1139 1143/1140/1140
f 1100/1100/1100 1121/1120/1120 1122/1121/1121
f 1122/1121/1121 1121/1120/1120 1123/1122/1122
f 1123/1122/1122 1121/1120/1120 1143/1140/1140
f 1123/1122/1122 1143/1140/1140 1144/1141/1141
f 1102/1102/1102 1123/1122/1122 1124/1123/1123
f 1124/1123/1123 1123/1122/1122 1144/1141/1141
f 1124/1123/1123 1144/1141/1141 1125/1124/1124
f 1125/1124/1124 1144/1141/1141 1145/1142/1142
f 1104/1104/1104 1125/1124/1124 1126/1125/1125
f 1126/1125/1125 1125/1124/1124 1146/1143/1143
f 1105/1105/1105 1126/1125/1125 1147/1144/1144
f 1127/1126/1126 1105/1105/1105 1147/1144/1144
f 1127/1126/1126 1147/1144/1144 1128/1127/1127
f 1128/1127/1127 1147/1144/1144 1148/1145/1145
f 1129/1128/1128 1128/1127/1127 1148/1145/1145
f 1129/1128/1128 1148/1145/1145 1149/1146/1146
f 1108/1108/1108 1129/1128/1128 1150/1147/1147
f 1130/1129/1129 1108/1108/1108 1150/1147/1147
f 1130/1129/1129 1150/1147/1147 1151/1148/1148
f 1131/1130/1130 1130/1129/1129 1151/1148/1148
f 1131/1130/1130 1151/1148/1148 1152/1149/1149
f 1132/1131/1131 1131/1130/1130 1152/1149/1149
f 1132/1131/1131 1152/1149/1149 1153/1150/1150
f 1133/1132/1132 1132/1131/1131 1153/1150/1150
f 1133/1132/1132 1153/1150/1150 1134/1133/1133
f 1134/1133/1133 1153/1150/1150 1154/1151/1151
f 1112/1112/1112 1134/1133/1133 1135/1134/1134
f 1135/1134/1134 1134/1133/1133 1155/1152/1152
f 1113/1113/1113 1135/1134/1134 1156/1153/1153
f 868/868/868 1136/1135/1135 843/843/843
f 843/843/843 1136/1135/1135 1157/1154/1154
f 1137/1155/1155 1116/1156/1156 1158/1157/1157
f 1138/1158/1158 1137/1155/1155 1159/1159/1159
f 1118/1117/1117 1139/1136/1136 1160/1160/1160
f 1140/1137/1137 1118/1117/1117 1160/1160/1160
f 1140/1137/1137 1160/1160/1160 1141/1138/1138
f 1141/1138/1138 1160/1160/1160 1161/1161/1161
f 1120/1119/1119 1141/1138/1138 1162/1162/1162
f 1142/1139/1139 1120/1119/1119 1162/1162/1162
f 1142/1139/1139 1162/1162/1162 1163/1163/1163
f 1143/1140/1140 1142/1139/1139 1163/1163/1163
f 1143/1140/1140 1163/1163/1163 1164/1164/1164
f 1144/1141/1141 1143/1140/1140 1164/1164/1164
f 1144/1141/1141 1164/1164/1164 1145/1142/1142
f 1145/1142/1142 1164/1164/1164 1165/1165/1165
f 1125/1124/1124 1145/1142/1142 1146/1143/1143
f 1146/1143/1143 1145/1142/1142 1166/1166/1166
f 1126/1125/1125 1146/1143/1143 1167/1167/1167
f 1147/1144/1144 1126/1125/1125 1167/1167/1167
f 1147/1144/1144 1167/1167/1167 1148/1145/1145
f 1148/1145/1145 1167/1167/1167 1168/1168/1168
f 1149/1146/1146 1148/1145/1145 1168/1168/1168
f 1149/1146/1146 1168/1168/1168 1169/1169/1169
f 1129/1128/1128 1149/1146/1146 1170/1170/1170
f 1150/1147/1147 1129/1128/1128 1170/1170/1170
f 1150/1147/1147 1170/1170/1170 1171/1171/1171
f 1151/1148/1148 1150/1147/1147 1171/1171/1171
f 1151/1148/1148 1171/1171/1171 1172/1172/1172
f 1152/1149/1149 1151/1148/1148 1172/1172/1172
f 1152/1149/1149 1172/1172/1172 1173/1173/1173
f 1153/1150/1150 1152/1149/1149 1173/1173/1173
f 1153/1150/1150 1173/1173/1173 1154/1151/1151
f 1154/1151/1151 1173/1173/1173 1174/1174/1174
f 1134/1133/1133 1154/1151/1151 1155/1152/1152
f 1155/1152/1152 1154/1151/1151 1175/1175/1175
f 1135/1134/1134 1155/1152/1152 1176/1176/1176
f 1156/1153/1153 1135/1134/1134 1176/1176/1176
f 1156/1153/1153 1176/1176/1176 1177/1177/1177
f 843/843/843 1157/1154/1154 817/817/817
f 817/817/817 1157/1154/1154 1178/1178/1178
f 1158/1157/1157 1116/1156/1156 1177/1177/1177
f 1137/1155/1155 1158/1157/1157 1159/1159/1159
f 1159/1159/1159 1158/1157/1157 1179/1179/1179
f 1138/1158/1158 1159/1159/1159 1180/1180/1180
f 1160/1160/1160 1139/1136/1136 1181/1181/1181
f 1161/1161/1161 1160/1160/1160 1181/1181/1181
f 1161/1161/1161 1181/1181/1181 1182/1182/1182
f 1141/1138/1138 1161/1161/1161 1183/1183/1183
f 1162/1162/1162 1141/1138/1138 1183/1183/1183
f 1162/1162/1162 1183/1183/1183 1184/1184/1184
f 1163/1163/1163 1162/1162/1162 1184/1184/1184
f 1163/1163/1163 1184/1184/1184 1185/1185/1185
f 1164/1164/1164 1163/1163/1163 1185/1185/1185
f 1164/1164/1164 1185/1185/1185 1165/1165/1165
f 1165/1165/1165 1185/1185/1185 1186/1186/1186
f 1145/1142/1142 1165/1165/1165 1166/1166/1166
f 1166/1166/1166 1165/1165/1165 1187/1187/1187
f 1146/1143/1143 1166/1166/1166 1188/1188/1188
f 1167/1167/1167 1146/1143/1143 1188/1188/1188
f 1167/1167/1167 1188/1188/1188 1168/1168/1168
f 1168/1168/1168 1188/1188/1188 1189/1189/1189
f 1169/1169/1169 1168/1168/1168 1189/1189/1189
f 1169/1169/1169 1189/1189/1189 1190/1190/1190
f 1149/1146/1146 1169/1169/1169 1191/1191/1191
f 1170/1170/1170 1149/1146/1146 1191/1191/1191
f 1170/1170/1170 1191/1191/1191 1192/1192/1192
f 1171/1171/1171 1170/1170/1170 1192/1192/1192
f 1171/1171/1171 1192/1192/1192 1193/1193/1193
f 1172/1172/1172 1171/1171/1171 1193/1193/1193
f 1172/1172/1172 1193/1193/1193 1194/1194/1194
f 1173/1173/1173 1172/1172/1172 1194/1194/1194
f 1173/1173/1173 1194/1194/1194 1174/1174/1174
f 1174/1174/1174 1194/1194/1194 1195/1195/1195
f 1154/1151/1151 1174/1174/1174 1175/1175/1175
f 1175/1175/1175 1174/1174/1174 1196/1196/1196
f 1155/1152/1152 1175/1175/1175 1179/1179/1179
f 1177/1177/1177 1176/1176/1176 1158/1157/1157
f 817/817/817 1178/1178/1178 768/767/767
f 768/767/767 1178/1178/1178 1197/1197/1197
f 1179/1179/1179 1158/1157/1157 1176/1176/1176
f 1179/1179/1179 1176/1176/1176 1155/1152/1152
f 1159/1159/1159 1179/1179/1179 1198/1198/1198
f 1180/1180/1180 1159/1159/1159 1199/1199/1199
f 1181/1181/1181 1139/1136/1136 1200/1200/1200
f 1182/1182/1182 1181/1181/1181 1201/1201/1201
f 1161/1161/1161 1182/1182/1182 1183/1183/1183
f 1183/1183/1183 1182/1182/1182 1202/1202/1202
f 1184/1184/1184 1183/1183/1183 1202/1202/1202
f 1184/1184/1184 1202/1202/1202 1203/1203/1203
f 1185/1185/1185 1184/1184/1184 1203/1203/1203
f 1185/1185/1185 1203/1203/1203 1186/1186/1186
f 1186/1186/1186 1203/1203/1203 1204/1204/1204
f 1165/1165/1165 1186/1186/1186 1187/1187/1187
f 1187/1187/1187 1186/1186/1186 1205/1205/1205
f 1166/1166/1166 1187/1187/1187 1206/1206/1206
f 1188/1188/1188 1166/1166/1166 1206/1206/1206
f 1188/1188/1188 1206/1206/1206 1189/1189/1189
f 1189/1189/1189 1206/1206/1206 1207/1207/1207
f 1190/1190/1190 1189/1189/1189 1207/1207/1207
f 1190/1190/1190 1207/1207/1207 1208/1208/1208
f 1169/1169/1169 1190/1190/1190 1209/1209/1209
f 1191/1191/1191 1169/1169/1169 1209/1209/1209
f 1191/1191/1191 1209/1209/1209 1210/1210/1210
f 1192/1192/1192 1191/1191/1191 1210/1210/1210
f 1192/1192/1192 1210/1210/1210 1211/1211/1211
f 1193/1193/1193 1192/1192/1192 1211/1211/1211
f 1193/1193/1193 1211/1211/1211 1212/1212/1212
f 1194/1194/1194 1193/1193/1193 1212/1212/1212
f 1194/1194/1194 1212/1212/1212 1195/1195/1195
f 1195/1195/1195 1212/1212/1212 1213/1213/1213
f 1174/1174/1174 1195/1195/1195 1214/1214/1214
f 1196/1196/1196 1174/1174/1174 1214/1214/1214
f 1196/1196/1196 1214/1214/1214 1215/1215/1215
f 1175/1175/1175 1196/1196/1196 1198/1198/1198
f 768/767/767 1197/1197/1197 741/740/740
f 741/740/740 1197/1197/1197 1216/1216/1216
f 1198/1198/1198 1179/1179/1179 1175/1175/1175
f 1159/1159/1159 1198/1198/1198 1199/1199/1199
f 1199/1199/1199 1198/1198/1198 1217/1217/1217
f 1180/1180/1180 1199/1199/1199 1218/1218/1218
f 1200/1200/1200 1139/1136/1136 1219/1219/1219
f 1181/1181/1181 1200/1200/1200 1220/1220/1220
f 1201/1201/1201 1181/1181/1181 1220/1220/1220
f 1201/1201/1201 1220/1220/1220 1221/1221/1221
f 1182/1182/1182 1201/1201/1201 1222/1222/1222
f 1202/1202/1202 1182/1182/1182 1222/1222/1222
f 1202/1202/1202 1222/1222/1222 1223/1223/1223
f 1203/1203/1203 1202/1202/1202 1223/1223/1223
f 1203/1203/1203 1223/1223/1223 1204/1204/1204
f 1204/1204/1204 1223/1223/1223 1224/1224/1224
f 1186/1186/1186 1204/1204/1204 1205/1205/1205
f 1205/1205/1205 1204/1204/1204 1225/1225/1225
f 1187/1187/1187 1205/1205/1205 1226/1226/1226
f 1206/1206/1206 1187/1187/1187 1207/1207/1207
f 1207/1207/1207 1187/1187/1187 1226/1226/1226
f 1207/1207/1207 1226/1226/1226 1208/1208/1208
f 1208/1208/1208 1226/1226/1226 1227/1227/1227
f 1190/1190/1190 1208/1208/1208 1228/1228/1228
f 1209/1209/1209 1190/1190/1190 1228/1228/1228
f 1209/1209/1209 1228/1228/1228 1229/1229/1229
f 1210/1210/1210 1209/1209/1209 1229/1229/1229
f 1210/1210/1210 1229/1229/1229 1230/1230/1230
f 1211/1211/1211 1210/1210/1210 1230/1230/1230
f 1211/1211/1211 1230/1230/1230 1231/1231/1231
f 1212/1212/1212 1211/1211/1211 1231/1231/1231
f 1212/1212/1212 1231/1231/1231 1213/1213/1213
f 1213/1213/1213 1231/1231/1231 1232/1232/1232
f 1195/1195/1195 1213/1213/1213 1214/1214/1214
f 1214/1214/1214 1213/1213/1213 1233/1233/1233
f 1215/1215/1215 1214/1214/1214 1233/1233/1233
f 1215/1215/1215 1233/1233/1233 1234/1234/1234
f 1196/1196/1196 1215/1215/1215 1217/1217/1217
f 741/740/740 1216/1216/1216 717/716/716
f 717/716/716 1216/1216/1216 693/692/692
f 693/692/692 1216/1216/1216 1235/1235/1235
f 1217/1217/1217 1198/1198/1198 1196/1196/1196
f 1199/1199/1199 1217/1217/1217 1218/1218/1218
f 1218/1218/1218 1217/1217/1217 1236/1236/1236
f 1219/1219/1219 1139/1136/1136 1117/1116/1116
f 1219/1219/1219 1117/1116/1116 1073/1073/1073
f 1219/1219/1219 1073/1073/1073 1238/1237/1237
f 1201/1201/1201 1221/1221/1221 1239/1238/1238
f 1222/1222/1222 1201/1201/1201 1239/1238/1238
f 1222/1222/1222 1239/1238/1238 1240/1239/1239
f 1223/1223/1223 1222/1222/1222 1240/1239/1239
f 1223/1223/1223 1240/1239/1239 1224/1224/1224
f 1224/1224/1224 1240/1239/1239 1241/1240/1240
f 1204/1204/1204 1224/1224/1224 1225/1225/1225
f 1225/1225/1225 1224/1224/1224 1241/1240/1240
f 1225/1225/1225 1241/1240/1240 1242/1241/1241
f 1205/1205/1205 1225/1225/1225 1243/1242/1242
f 1226/1226/1226 1205/1205/1205 1243/1242/1242
f 1226/1226/1226 1243/1242/1242 1227/1227/1227
f 1227/1227/1227 1243/1242/1242 1244/1243/1243
f 1208/1208/1208 1227/1227/1227 1245/1244/1244
f 1228/1228/1228 1208/1208/1208 1246/1245/1245
f 1229/1229/1229 1228/1228/1228 1247/1246/1246
f 1230/1230/1230 1229/1229/1229 1248/1247/1247
f 1231/1231/1231 1230/1230/1230 1249/1248/1248
f 1232/1232/1232 1231/1231/1231 1249/1248/1248
f 1232/1232/1232 1249/1248/1248 1250/1249/1249
f 1213/1213/1213 1232/1232/1232 1233/1233/1233
f 1233/1233/1233 1232/1232/1232 1251/1250/1250
f 1234/1234/1234 1233/1233/1233 1251/1250/1250
f 1234/1234/1234 1251/1250/1250 1252/1251/1251
f 1215/1215/1215 1234/1234/1234 1236/1236/1236
f 693/692/692 1235/1235/1235 647/647/647
f 647/647/647 1235/1235/1235 1253/1252/1252
f 1236/1236/1236 1217/1217/1217 1215/1215/1215
f 1237/1253/1253 1236/1236/1236 1234/1234/1234
f 1237/1253/1253 1234/1234/1234 1252/1251/1251
f 1238/1237/1237 1073/1073/1073 1053/1053/1053
f 1238/1237/1237 1053/1053/1053 1254/1254/1254
f 1239/1238/1238 1221/1221/1221 1255/1255/1255
f 1240/1239/1239 1239/1238/1238 1255/1255/1255
f 1240/1239/1239 1255/1255/1255 1256/1256/1256
f 1241/1240/1240 1240/1239/1239 1256/1256/1256
f 1241/1240/1240 1256/1256/1256 1257/1257/1257
f 1242/1241/1241 1241/1240/1240 1257/1257/1257
f 1242/1241/1241 1257/1257/1257 1258/1258/1258
f 1225/1225/1225 1242/1241/1241 1243/1242/1242
f 1243/1242/1242 1242/1241/1241 1244/1243/1243
f 1244/1243/1243 1242/1241/1241 1258/1258/1258
f 1244/1243/1243 1258/1258/1258 1259/1259/1259
f 1227/1227/1227 1244/1243/1243 1245/1244/1244
f 1245/1244/1244 1244/1243/1243 1259/1259/1259
f 1245/1244/1244 1259/1259/1259 1260/1260/1260
f 1208/1208/1208 1245/1244/1244 1246/1245/1245
f 1246/1245/1245 1245/1244/1244 1260/1260/1260
f 1246/1245/1245 1260/1260/1260 1261/1261/1261
f 1228/1228/1228 1246/1245/1245 1247/1246/1246
f 1247/1246/1246 1246/1245/1245 1261/1261/1261
f 1247/1246/1246 1261/1261/1261 1262/1262/1262
f 1229/1229/1229 1247/1246/1246 1248/1247/1247
f 1248/1247/1247 1247/1246/1246 1262/1262/1262
f 1248/1247/1247 1262/1262/1262 1263/1263/1263
f 1230/1230/1230 1248/1247/1247 1249/1248/1248
f 1249/1248/1248 1248/1247/1247 1263/1263/1263
f 1249/1248/1248 1263/1263/1263 1250/1249/1249
f 1250/1249/1249 1263/1263/1263 1264/1264/1264
f 1232/1232/1232 1250/1249/1249 1251/1250/1250
f 1251/1250/1250 1250/1249/1249 1265/1265/1265
f 1252/1251/1251 1251/1250/1250 1265/1265/1265
f 647/647/647 1253/1252/1252 624/624/624
f 624/624/624 1253/1252/1252 1266/1266/1266
f 1254/1254/1254 1053/1053/1053 1016/1016/1016
f 1254/1254/1254 1016/1016/1016 997/997/997
f 1255/1255/1255 1221/1221/1221 1267/1267/1267
f 1256/1256/1256 1255/1255/1255 1268/1268/1268
f 1257/1257/1257 1256/1256/1256 1269/1269/1269
f 1258/1258/1258 1257/1257/1257 1270/1270/1270
f 1259/1259/1259 1258/1258/1258 1271/1271/1271
f 1260/1260/1260 1259/1259/1259 1272/1272/1272
f 1261/1261/1261 1260/1260/1260 1273/1273/1273
f 1262/1262/1262 1261/1261/1261 1274/1274/1274
f 1263/1263/1263 1262/1262/1262 1275/1275/1275
f 1264/1264/1264 1263/1263/1263 1275/1275/1275
f 1264/1264/1264 1275/1275/1275 1276/1276/1276
f 1250/1249/1249 1264/1264/1264 1265/1265/1265
f 1265/1265/1265 1264/1264/1264 1277/1277/1277
f 624/624/624 1266/1266/1266 578/576/576
f 578/576/576 1266/1266/1266 560/559/559
f 560/559/559 1266/1266/1266 1278/1278/1278
f 1255/1255/1255 1267/1267/1267 1268/1268/1268
f 1268/1268/1268 1267/1267/1267 1279/1279/1279
f 1256/1256/1256 1268/1268/1268 1269/1269/1269
f 1269/1269/1269 1268/1268/1268 1280/1280/1280
f 1257/1257/1257 1269/1269/1269 1270/1270/1270
f 1270/1270/1270 1269/1269/1269 1281/1281/1281
f 1258/1258/1258 1270/1270/1270 1271/1271/1271
f 1271/1271/1271 1270/1270/1270 1282/1282/1282
f 1259/1259/1259 1271/1271/1271 1272/1272/1272
f 1272/1272/1272 1271/1271/1271 1283/1283/1283
f 1260/1260/1260 1272/1272/1272 1273/1273/1273
f 1273/1273/1273 1272/1272/1272 1284/1284/1284
f 1261/1261/1261 1273/1273/1273 1274/1274/1274
f 1274/1274/1274 1273/1273/1273 1285/1285/1285
f 1262/1262/1262 1274/1274/1274 1275/1275/1275
f 1275/1275/1275 1274/1274/1274 1286/1286/1286
f 1276/1276/1276 1275/1275/1275 1286/1286/1286
f 1276/1276/1276 1286/1286/1286 1287/1287/1287
f 1264/1264/1264 1276/1276/1276 1277/1277/1277
f 560/559/559 1278/1278/1278 543/541/541
f 543/541/541 1278/1278/1278 1288/1288/1288
f 1268/1268/1268 1279/1279/1279 1280/1280/1280
f 1280/1280/1280 1279/1279/1279 1289/1289/1289
f 1269/1269/1269 1280/1280/1280 1281/1281/1281
f 1281/1281/1281 1280/1280/1280 1290/1290/1290
f 1270/1270/1270 1281/1281/1281 1282/1282/1282
f 1282/1282/1282 1281/1281/1281 1291/1291/1291
f 1271/1271/1271 1282/1282/1282 1283/1283/1283
f 1283/1283/1283 1282/1282/1282 1292/1292/1292
f 1272/1272/1272 1283/1283/1283 1284/1284/1284
f 1284/1284/1284 1283/1283/1283 1293/1293/1293
f 1273/1273/1273 1284/1284/1284 1285/1285/1285
f 1285/1285/1285 1284/1284/1284 1294/1294/1294
f 1274/1274/1274 1285/1285/1285 1286/1286/1286
f 1286/1286/1286 1285/1285/1285 1295/1295/1295
f 1287/1287/1287 1286/1286/1286 1295/1295/1295
f 543/541/541 1288/1288/1288 523/522/522
f 523/522/522 1288/1288/1288 1296/1296/1296
f 1280/1280/1280 1289/1289/1289 1290/1290/1290
f 1290/1290/1290 1289/1289/1289 1297/1297/1297
f 1281/1281/1281 1290/1290/1290 1291/1291/1291
f 1291/1291/1291 1290/1290/1290 1298/1298/1298
f 1282/1282/1282 1291/1291/1291 1292/1292/1292
f 1292/1292/1292 1291/1291/1291 1299/1299/1299
f 1283/1283/1283 1292/1292/1292 1293/1293/1293
f 1293/1293/1293 1292/1292/1292 1300/1300/1300
f 1284/1284/1284 1293/1293/1293 1294/1294/1294
f 1294/1294/1294 1293/1293/1293 1301/1301/1301
f 1285/1285/1285 1294/1294/1294 1295/1295/1295
f 1295/1295/1295 1294/1294/1294 1302/1302/1302
f 523/522/522 1296/1296/1296 503/501/501
f 503/501/501 1296/1296/1296 443/442/442
f 443/442/442 1296/1296/1296 1303/1303/1303
f 1290/1290/1290 1297/1297/1297 1298/1298/1298
f 1298/1298/1298 1297/1297/1297 1304/1304/1304
f 1291/1291/1291 1298/1298/1298 1299/1299/1299
f 1299/1299/1299 1298/1298/1298 1305/1305/1305
f 1292/1292/1292 1299/1299/1299 1300/1300/1300
f 1300/1300/1300 1299/1299/1299 1306/1306/1306
f 1293/1293/1293 1300/1300/1300 1301/1301/1301
f 1294/1294/1294 1301/1301/1301 1302/1302/1302
f 443/442/442 1303/1303/1303 424/423/423
f 1299/1299/1299 1305/1305/1305 1306/1306/1306
