# Blender v2.79 (sub 0) OBJ File: ''
# www.blender.org
mtllib 3.mtl
o 3
v -0.090268 0.087490 -0.033720
v -0.073238 0.089567 -0.029689
v -0.088590 0.083085 -0.035679
v -0.056759 0.092424 -0.032580
v -0.066032 0.070880 -0.021402
v -0.082744 0.069033 -0.030218
v -0.104331 0.080981 -0.034086
v -0.011144 0.100970 -0.038471
v -0.052448 0.080179 -0.040468
v -0.050202 0.074024 -0.025019
v -0.079902 0.063273 -0.016652
v -0.102861 0.076575 -0.036597
v 0.005379 0.103266 -0.034153
v 0.007141 0.098673 -0.035319
v -0.023698 0.090134 -0.051326
v -0.034992 0.078381 -0.040538
v -0.063371 0.065138 -0.008657
v -0.077360 0.057955 -0.007082
v -0.094782 0.056619 -0.021880
v -0.097608 0.062284 -0.034082
v -0.115219 0.064021 -0.030237
v -0.004294 0.082631 -0.041576
v -0.021622 0.085532 -0.048349
v -0.037090 0.083393 -0.046187
v -0.032775 0.072619 -0.028679
v -0.047626 0.067442 -0.006951
v -0.061003 0.059912 0.000131
v -0.091913 0.051459 -0.011965
v -0.104464 0.040206 -0.015207
v -0.107443 0.045134 -0.024354
v -0.127133 0.051722 -0.023772
v 0.008979 0.094284 -0.037950
v -0.001740 0.078200 -0.037636
v -0.006519 0.087088 -0.045591
v -0.019509 0.081039 -0.045701
v -0.039057 0.087981 -0.050802
v -0.017552 0.076526 -0.042502
v -0.015564 0.071785 -0.037436
v -0.045425 0.062206 0.003635
v -0.074986 0.052950 0.000462
v -0.089319 0.046566 -0.004739
v -0.101729 0.035512 -0.008347
v -0.125798 0.047427 -0.024856
v 0.028324 0.088891 -0.043153
v 0.015976 0.076742 -0.037079
v -0.027401 0.099144 -0.053645
v -0.054358 0.085111 -0.048806
v -0.042212 0.096795 -0.054408
v -0.030706 0.065683 -0.002931
v -0.058820 0.054954 0.007571
v -0.072740 0.048243 0.006622
v -0.086976 0.041955 0.001152
v -0.099201 0.030969 -0.002842
v -0.115173 0.024338 -0.018001
v 0.029902 0.084226 -0.038307
v 0.014606 0.081396 -0.041301
v 0.000038 0.074032 -0.036329
v 0.001785 0.069936 -0.035380
v -0.009892 0.096058 -0.045633
v -0.072347 0.085878 -0.044060
v -0.055735 0.089339 -0.051327
v -0.028672 0.060247 0.010327
v -0.043426 0.057268 0.011306
v -0.070641 0.043756 0.011796
v -0.084734 0.037496 0.006217
v -0.096868 0.026586 0.001834
v -0.112472 0.019848 -0.011636
v -0.131991 0.021540 -0.022025
v -0.117794 0.028882 -0.025247
v 0.046242 0.086915 -0.037200
v 0.031500 0.079248 -0.030828
v 0.017180 0.072086 -0.030154
v -0.008373 0.091472 -0.048210
v -0.068714 0.077169 -0.037830
v -0.013383 0.063920 -0.000058
v -0.041524 0.052648 0.017601
v -0.056770 0.050267 0.013719
v -0.068623 0.039412 0.016276
v -0.082561 0.033096 0.010628
v -0.094674 0.022316 0.005915
v -0.110009 0.015461 -0.006724
v -0.122083 -0.000151 -0.017968
v -0.124399 0.004190 -0.023244
v -0.133824 0.025739 -0.019904
v -0.135288 0.030110 -0.018430
v -0.124153 0.042789 -0.026560
v 0.047456 0.081358 -0.027203
v 0.033088 0.073277 -0.018468
v 0.011460 0.089849 -0.042298
v -0.077099 0.098809 -0.031355
v -0.011740 0.058283 0.014768
v -0.026861 0.055397 0.018081
v -0.054833 0.045796 0.018723
v -0.066653 0.035128 0.020334
v -0.080473 0.028764 0.014492
v -0.092584 0.018074 0.009467
v -0.107741 0.011133 -0.002631
v -0.119780 -0.004417 -0.013398
v -0.141038 0.001650 -0.017178
v -0.142288 0.006026 -0.015304
v 0.064758 0.079370 -0.025221
v 0.048621 0.075504 -0.015504
v 0.013304 0.085705 -0.043386
v 0.003519 0.061441 0.008225
v -0.010041 0.053408 0.022301
v -0.039715 0.048234 0.022776
v -0.052966 0.041445 0.023100
v -0.064642 0.030850 0.023925
v -0.078471 0.024517 0.017948
v -0.090570 0.013849 0.012629
v -0.105584 0.006841 0.000939
v -0.117494 -0.008613 -0.009413
v 0.065655 0.073635 -0.014866
v 0.034460 0.066868 -0.001735
v 0.026873 0.093362 -0.047293
v 0.005048 0.056253 0.018267
v 0.006751 0.051535 0.024596
v -0.025068 0.050830 0.023828
v -0.037998 0.043885 0.027194
v -0.051121 0.037174 0.027053
v -0.062661 0.026627 0.027097
v -0.076497 0.020352 0.021029
v -0.088623 0.009607 0.015541
v -0.103477 0.002595 0.004188
v -0.115334 -0.012783 -0.006013
v 0.085334 0.068314 -0.021196
v 0.086339 0.063090 -0.013605
v 0.049704 0.069833 -0.005156
v 0.050805 0.064715 0.002588
v 0.024288 0.101944 -0.048021
v 0.020451 0.058695 0.014228
v 0.021909 0.054142 0.020222
v -0.008221 0.048870 0.027613
v -0.023275 0.046425 0.028542
v -0.036299 0.039571 0.031092
v -0.049278 0.032963 0.030530
v -0.060749 0.022466 0.029914
v -0.074519 0.016238 0.023818
v -0.086705 0.005364 0.018200
v -0.101417 -0.001603 0.007181
v -0.113215 -0.016955 -0.003159
v 0.095918 0.092079 -0.042950
v 0.066704 0.068230 -0.006498
v 0.067900 0.063320 -0.000451
v 0.035635 0.061702 0.007982
v 0.041617 0.100688 -0.050624
v 0.019043 0.063985 0.004050
v 0.036970 0.057022 0.014446
v 0.023420 0.049599 0.025463
v 0.008482 0.047103 0.029418
v -0.021529 0.042065 0.032575
v -0.034610 0.035315 0.034553
v -0.047438 0.028787 0.033597
v -0.058881 0.018386 0.032413
v -0.072607 0.012041 0.026408
v -0.084820 0.001084 0.020661
v -0.099382 -0.005719 0.009817
v -0.111192 -0.021136 -0.000770
v -0.139527 -0.002667 -0.020135
v 0.087546 0.058076 -0.008165
v 0.052058 0.060055 0.008441
v 0.044822 0.092016 -0.044230
v 0.038339 0.052508 0.019954
v 0.039734 0.048141 0.024392
v 0.024932 0.045192 0.029675
v -0.006485 0.044487 0.032086
v -0.019805 0.037759 0.036003
v -0.032895 0.031123 0.037582
v -0.045640 0.024654 0.036352
v -0.057056 0.014251 0.034718
v -0.070764 0.007776 0.028750
v -0.082949 -0.003168 0.022889
v -0.097383 -0.009787 0.012160
v -0.109228 -0.025335 0.001343
v -0.126451 0.008585 -0.028126
v 0.069223 0.058683 0.004156
v 0.053414 0.055567 0.013308
v 0.054813 0.051164 0.017405
v 0.043174 0.096552 -0.049376
v 0.056330 0.046745 0.020764
v 0.041143 0.043814 0.027886
v 0.010165 0.042766 0.033316
v -0.004790 0.040203 0.035659
v -0.018090 0.033543 0.038946
v -0.031159 0.027000 0.040205
v -0.043858 0.020547 0.038759
v -0.055243 0.010061 0.036870
v -0.068959 0.003457 0.030857
v -0.081093 -0.007316 0.024906
v -0.095420 -0.013863 0.014296
v -0.107298 -0.029580 0.003182
v -0.137916 -0.006971 -0.023074
v 0.082433 0.084530 -0.048443
v 0.088930 0.053327 -0.004439
v 0.070620 0.054151 0.007946
v 0.072111 0.049698 0.010998
v 0.059733 0.099423 -0.050903
v 0.062741 0.090781 -0.046301
v 0.073608 0.045361 0.013487
v 0.057892 0.042363 0.023509
v 0.026434 0.040928 0.033025
v 0.011768 0.038528 0.036479
v -0.003155 0.036023 0.038611
v -0.016396 0.029401 0.041495
v -0.029442 0.022942 0.042450
v -0.042096 0.016445 0.040836
v -0.053401 0.005800 0.038798
v -0.067187 -0.000837 0.032790
v -0.079271 -0.011387 0.026767
v -0.093538 -0.017983 0.016137
v -0.091755 -0.022154 0.017855
v -0.136019 -0.012195 -0.033641
v -0.148396 -0.023308 -0.016765
v 0.080728 0.088966 -0.050005
v 0.090541 0.048857 -0.002202
v 0.061311 0.095330 -0.050499
v 0.092239 0.044583 -0.000630
v 0.075055 0.041124 0.015548
v 0.042607 0.039508 0.030647
v 0.027931 0.036789 0.035677
v 0.013328 0.034385 0.039107
v -0.001547 0.031928 0.041143
v -0.014702 0.025328 0.043724
v -0.027742 0.018872 0.044393
v -0.040378 0.012324 0.042752
v -0.051597 0.001548 0.040550
v -0.065381 -0.005069 0.034544
v -0.077447 -0.015436 0.028393
v -0.090035 -0.026354 0.019408
v -0.105402 -0.033836 0.004794
v -0.134914 -0.016356 -0.033427
v -0.131653 -0.024862 -0.030393
v 0.093884 0.040472 0.000906
v 0.059482 0.038091 0.025651
v 0.044183 0.035296 0.032823
v 0.029425 0.032741 0.037803
v 0.014869 0.030273 0.041275
v 0.000104 0.027895 0.043258
v -0.013014 0.021274 0.045597
v -0.026047 0.014799 0.046078
v -0.038683 0.008161 0.044489
v -0.049831 -0.002647 0.042067
v -0.063583 -0.009185 0.036148
v -0.075669 -0.019493 0.029779
v -0.088333 -0.030601 0.020674
v -0.103559 -0.038061 0.006174
v -0.133469 -0.020580 -0.032377
v -0.146621 -0.027707 -0.017120
v 0.076608 0.036993 0.017172
v 0.061079 0.033976 0.027303
v 0.045864 0.031205 0.034364
v 0.031007 0.028765 0.039345
v 0.016429 0.026197 0.043015
v 0.001772 0.023863 0.045054
v -0.011358 0.017225 0.047136
v -0.024370 0.010694 0.047565
v -0.037004 0.003991 0.045971
v -0.048110 -0.006717 0.043355
v -0.061789 -0.013245 0.037575
v -0.073959 -0.023594 0.030998
v -0.086641 -0.034852 0.021702
v -0.101745 -0.042257 0.007240
v -0.129597 -0.029170 -0.027536
v -0.144699 -0.032148 -0.017139
v 0.095347 0.036119 0.002614
v 0.078204 0.032890 0.018465
v 0.047559 0.027165 0.035430
v 0.032633 0.024711 0.040453
v 0.018043 0.022180 0.044458
v 0.003454 0.019826 0.046564
v -0.009716 0.013165 0.048447
v -0.022696 0.006552 0.048807
v -0.035337 -0.000147 0.047190
v -0.033699 -0.004198 0.048172
v -0.060023 -0.017248 0.038749
v -0.072272 -0.027738 0.031981
v -0.084944 -0.039042 0.022495
v -0.099963 -0.046494 0.008001
v -0.127375 -0.033450 -0.024485
v 0.096881 0.031886 0.003823
v 0.062616 0.029921 0.028576
v 0.049297 0.023128 0.036385
v 0.034330 0.020591 0.041369
v 0.019601 0.018142 0.045628
v 0.005132 0.015767 0.047778
v -0.008091 0.009056 0.049555
v -0.021031 0.002409 0.049820
v -0.019365 -0.001675 0.050653
v -0.046457 -0.010709 0.044460
v -0.058291 -0.021219 0.039741
v -0.070598 -0.031889 0.032760
v -0.068931 -0.036015 0.033384
v -0.098207 -0.050778 0.008485
v -0.142792 -0.036475 -0.017310
v 0.079818 0.028806 0.019562
v 0.064227 0.025897 0.029610
v 0.050969 0.019070 0.037184
v 0.035991 0.016473 0.042100
v 0.021168 0.014075 0.046530
v 0.006769 0.011669 0.048769
v -0.006454 0.004901 0.050419
v -0.004800 0.000766 0.051118
v -0.032090 -0.008148 0.049015
v -0.044863 -0.014695 0.045365
v -0.056579 -0.025197 0.040507
v -0.054920 -0.029251 0.041007
v -0.083249 -0.043217 0.023003
v -0.081548 -0.047394 0.023333
v -0.125171 -0.037744 -0.021775
v -0.140967 -0.040851 -0.018854
v 0.081481 0.024680 0.020490
v 0.065871 0.021885 0.030438
v 0.052601 0.015034 0.037806
v 0.037710 0.012427 0.042623
v 0.022779 0.009987 0.047229
v 0.008385 0.007516 0.049567
v 0.009966 0.003331 0.050143
v -0.017719 -0.005666 0.051293
v -0.030513 -0.012086 0.049748
v -0.043302 -0.018710 0.046049
v -0.041754 -0.022744 0.046549
v -0.040200 -0.026800 0.046824
v -0.053283 -0.033289 0.041329
v -0.067245 -0.040143 0.033743
v -0.065566 -0.044285 0.033884
v -0.096436 -0.055105 0.008758
v -0.123041 -0.041979 -0.019572
v -0.139649 -0.045161 -0.019708
v 0.098504 0.027717 0.004571
v 0.067510 0.017823 0.030959
v 0.054232 0.010981 0.038289
v 0.039401 0.008383 0.042970
v 0.024395 0.005829 0.047755
v 0.011520 -0.000820 0.050601
v -0.003138 -0.003310 0.051651
v -0.016079 -0.009598 0.051789
v -0.028949 -0.016076 0.050266
v -0.027394 -0.020120 0.050560
v -0.025833 -0.024196 0.050662
v -0.038617 -0.030845 0.046937
v -0.051632 -0.037347 0.041445
v -0.049995 -0.041467 0.041346
v -0.079848 -0.051616 0.023472
v -0.094672 -0.059412 0.008902
v -0.120949 -0.046239 -0.017801
v 0.083191 0.020528 0.021086
v 0.069178 0.013711 0.031242
v 0.055827 0.006860 0.038552
v 0.041016 0.004345 0.043269
v 0.026023 0.001693 0.048092
v 0.013086 -0.004857 0.050902
v -0.001457 -0.007291 0.052056
v -0.014404 -0.013566 0.052109
v -0.012711 -0.017588 0.052258
v -0.011044 -0.021683 0.052312
v -0.024259 -0.028301 0.050607
v -0.037036 -0.034844 0.046924
v -0.035443 -0.038881 0.046772
v -0.063917 -0.048464 0.033880
v -0.078158 -0.055875 0.023424
v -0.092913 -0.063689 0.008857
v -0.137973 -0.049569 -0.021533
v 0.100187 0.023570 0.005209
v 0.084917 0.016326 0.021337
v 0.070878 0.009551 0.031370
v 0.042603 0.000230 0.043540
v 0.027647 -0.002363 0.048290
v 0.014642 -0.008775 0.051063
v 0.000191 -0.011242 0.052344
v 0.001825 -0.015217 0.052474
v 0.003410 -0.019253 0.052459
v -0.009401 -0.025793 0.052207
v -0.022657 -0.032355 0.050433
v -0.021017 -0.036405 0.050147
v -0.048389 -0.045612 0.041090
v -0.062268 -0.052715 0.033692
v -0.076480 -0.060121 0.023230
v -0.091177 -0.067897 0.008520
v -0.118936 -0.050612 -0.016409
v 0.101829 0.019409 0.005786
v 0.086693 0.012117 0.021287
v 0.057422 0.002679 0.038591
v 0.044152 -0.003842 0.043798
v 0.029248 -0.006306 0.048383
v 0.016210 -0.012679 0.051074
v 0.017794 -0.016648 0.050959
v 0.004957 -0.023295 0.052311
v -0.007795 -0.029875 0.051957
v -0.006252 -0.033875 0.051626
v -0.033862 -0.042988 0.046430
v -0.046791 -0.049789 0.040715
v -0.060629 -0.056989 0.033350
v -0.074780 -0.064274 0.022833
v -0.089463 -0.072031 0.008030
v -0.116952 -0.055025 -0.015378
v 0.103506 0.015181 0.006138
v 0.072528 0.005306 0.031355
v 0.059045 -0.001451 0.038579
v 0.045719 -0.007810 0.043898
v 0.030878 -0.010217 0.048341
v 0.032522 -0.014160 0.048177
v 0.019387 -0.020701 0.050741
v 0.006498 -0.027345 0.052000
v 0.008067 -0.031327 0.051586
v -0.019372 -0.040482 0.049739
v -0.032297 -0.047126 0.046006
v -0.045210 -0.054019 0.040200
v -0.058973 -0.061191 0.032870
v -0.073073 -0.068379 0.022255
v -0.087772 -0.076218 0.007349
v 0.088448 0.007862 0.021024
v 0.074253 0.001084 0.031181
v 0.060637 -0.005505 0.038482
v 0.047383 -0.011759 0.043724
v 0.034143 -0.018227 0.047859
v 0.021000 -0.024799 0.050388
v 0.022625 -0.028891 0.049905
v -0.004727 -0.037881 0.051177
v -0.017716 -0.044596 0.049240
v -0.030709 -0.051298 0.045467
v -0.043649 -0.058221 0.039557
v -0.057281 -0.065308 0.032210
v -0.071370 -0.072493 0.021506
v -0.069685 -0.076653 0.020587
v 0.105293 0.010725 0.006034
v 0.076023 -0.003087 0.030807
v 0.062309 -0.009535 0.038250
v 0.049053 -0.015818 0.043355
v 0.035769 -0.022395 0.047403
v 0.037436 -0.026594 0.046790
v 0.009696 -0.035287 0.051055
v -0.003167 -0.041954 0.050619
v -0.016057 -0.048740 0.048575
v -0.029098 -0.055498 0.044697
v -0.042072 -0.062319 0.038784
v -0.055591 -0.069396 0.031372
v -0.053920 -0.073508 0.030389
v -0.086105 -0.080494 0.006441
v 0.090197 0.003608 0.020664
v 0.077806 -0.007205 0.030289
v 0.064044 -0.013613 0.037773
v 0.050687 -0.019979 0.042844
v 0.052326 -0.024167 0.042145
v 0.024308 -0.032928 0.049297
v 0.011355 -0.039332 0.050401
v -0.001570 -0.046092 0.049927
v -0.014399 -0.052887 0.047791
v -0.027471 -0.059632 0.043743
v -0.040506 -0.066417 0.037867
v -0.038992 -0.070533 0.036831
v -0.068034 -0.080900 0.019518
v -0.084483 -0.084829 0.005280
v 0.092003 -0.000668 0.020191
v 0.079636 -0.011336 0.029565
v 0.065743 -0.017743 0.037067
v 0.053905 -0.028317 0.041293
v 0.039083 -0.030779 0.046030
v 0.026064 -0.036957 0.048538
v 0.013052 -0.043463 0.049630
v 0.000054 -0.050247 0.049049
v -0.012759 -0.056988 0.046808
v -0.025865 -0.063678 0.042659
v -0.024287 -0.067697 0.041457
v -0.052297 -0.077697 0.029272
v -0.050723 -0.081960 0.028008
v -0.066396 -0.085255 0.018268
v 0.107123 0.006318 0.005459
v 0.093818 -0.004864 0.019483
v 0.067438 -0.021857 0.036143
v 0.055506 -0.032433 0.040280
v 0.040702 -0.034837 0.045126
v 0.027774 -0.041003 0.047619
v 0.014758 -0.047639 0.048670
v 0.001695 -0.054334 0.047984
v -0.011152 -0.061006 0.045608
v -0.009608 -0.064976 0.044266
v -0.037457 -0.074712 0.035655
v -0.035909 -0.078976 0.034326
v -0.049169 -0.086288 0.026567
v -0.082917 -0.089251 0.003932
v 0.108946 0.001967 0.004519
v 0.081431 -0.015493 0.028636
v 0.069119 -0.025946 0.035091
v 0.057191 -0.036506 0.039169
v 0.042320 -0.038832 0.044095
v 0.029465 -0.045088 0.046534
v 0.016387 -0.051767 0.047496
v 0.003342 -0.058378 0.046680
v 0.005011 -0.062389 0.045171
v -0.022698 -0.071782 0.040074
v -0.021117 -0.075927 0.038542
v -0.034369 -0.083343 0.032832
v -0.064782 -0.089698 0.016852
v -0.081397 -0.093756 0.002447
v 0.095627 -0.009018 0.018535
v 0.083178 -0.019653 0.027525
v 0.070761 -0.030082 0.033927
v 0.058874 -0.040573 0.037940
v 0.043984 -0.042848 0.042952
v 0.031124 -0.049208 0.045258
v 0.018011 -0.055841 0.046112
v 0.019604 -0.059921 0.044512
v -0.008060 -0.069010 0.042731
v -0.006478 -0.073091 0.040994
v -0.019529 -0.080226 0.036878
v -0.047610 -0.090667 0.024973
v -0.063195 -0.094191 0.015251
v -0.079932 -0.098314 0.000680
v 0.110777 -0.002274 0.003123
v 0.097418 -0.013169 0.017321
v 0.084933 -0.023777 0.026254
v 0.072517 -0.034276 0.032662
v 0.045699 -0.046917 0.041670
v 0.032747 -0.053372 0.043823
v 0.034379 -0.057542 0.042219
v 0.006709 -0.066443 0.043502
v 0.008412 -0.070517 0.041651
v -0.004844 -0.077287 0.039166
v -0.032808 -0.087720 0.031198
v -0.046057 -0.095080 0.023208
v -0.061616 -0.098720 0.013391
v -0.078495 -0.102951 -0.001506
v -0.117984 -0.103280 -0.041744
v -0.116103 -0.107629 -0.041541
v 0.099160 -0.017337 0.015828
v 0.086637 -0.027935 0.024772
v 0.074362 -0.038468 0.031191
v 0.060663 -0.044676 0.036555
v 0.047443 -0.051067 0.040186
v 0.049200 -0.055249 0.038448
v 0.021182 -0.064053 0.042740
v 0.022799 -0.068245 0.040827
v 0.010100 -0.074706 0.039741
v -0.017918 -0.084606 0.035118
v -0.031230 -0.092060 0.029350
v -0.029661 -0.096358 0.027348
v -0.044512 -0.099506 0.021224
v -0.060029 -0.103270 0.011323
v -0.098568 -0.104150 -0.028373
v -0.114348 -0.112605 -0.044373
v 0.112697 -0.006465 0.001272
v 0.100936 -0.021519 0.014093
v 0.088335 -0.032160 0.023073
v 0.062550 -0.048879 0.034929
v 0.050979 -0.059452 0.036473
v 0.036026 -0.061747 0.040408
v 0.037688 -0.065978 0.038408
v 0.024489 -0.072513 0.038827
v -0.003165 -0.081628 0.037243
v -0.016301 -0.088967 0.033258
v -0.014701 -0.093322 0.031201
v -0.028084 -0.100708 0.025216
v -0.042983 -0.103959 0.019040
v -0.058482 -0.107857 0.009074
v -0.099843 -0.099198 -0.024595
v -0.097198 -0.109140 -0.032289
v -0.095834 -0.114124 -0.035696
v 0.137819 -0.017377 -0.034646
v 0.114614 -0.010659 -0.000905
v 0.102786 -0.025703 0.012033
v 0.076161 -0.042643 0.029456
v 0.064364 -0.053148 0.033068
v 0.052725 -0.063666 0.034362
v 0.039424 -0.070238 0.036292
v 0.026178 -0.076862 0.036743
v 0.011770 -0.079034 0.037811
v -0.001436 -0.086053 0.035209
v 0.000279 -0.090478 0.033070
v -0.013094 -0.097684 0.028967
v -0.026478 -0.105136 0.022891
v -0.041480 -0.108487 0.016685
v -0.077063 -0.107662 -0.004164
v 0.139225 -0.021608 -0.034208
v 0.116588 -0.014920 -0.003410
v 0.090157 -0.036413 0.021104
v 0.077984 -0.046847 0.027374
v 0.066237 -0.057427 0.030936
v 0.054531 -0.067965 0.032114
v 0.041195 -0.074568 0.034022
v 0.027941 -0.081280 0.034525
v 0.013471 -0.083492 0.035702
v 0.015078 -0.087929 0.033387
v 0.001987 -0.094922 0.030800
v -0.011471 -0.102106 0.026569
v -0.024843 -0.109645 0.020425
v -0.056965 -0.112508 0.006619
v -0.075565 -0.112425 -0.007133
v 0.142285 -0.030024 -0.016730
v 0.104630 -0.029950 0.009619
v 0.091984 -0.040618 0.018818
v 0.079834 -0.051122 0.025014
v 0.068128 -0.061701 0.028523
v 0.056382 -0.072336 0.029682
v 0.042999 -0.079002 0.031594
v 0.029723 -0.085710 0.032115
v 0.016717 -0.092416 0.030926
v 0.003670 -0.099399 0.028334
v -0.009798 -0.106628 0.024004
v -0.023209 -0.114238 0.017830
v -0.039974 -0.113067 0.014190
v -0.055483 -0.117193 0.003900
v -0.074026 -0.117266 -0.010389
v 0.125609 -0.032393 -0.018980
v 0.118617 -0.019212 -0.006342
v 0.093841 -0.044839 0.016299
v 0.081705 -0.055432 0.022451
v 0.069974 -0.065965 0.025840
v 0.058194 -0.076776 0.027020
v 0.044839 -0.083477 0.028939
v 0.031487 -0.090151 0.029486
v 0.018408 -0.096920 0.028267
v 0.005348 -0.103946 0.025623
v -0.008125 -0.111215 0.021285
v -0.021582 -0.118873 0.015092
v -0.038469 -0.117707 0.011597
v -0.054045 -0.121884 0.001001
v -0.072531 -0.122170 -0.014231
v -0.089369 -0.133423 -0.048532
v 0.143730 -0.034262 -0.016313
v 0.123055 -0.027889 -0.013769
v 0.106557 -0.034235 0.006887
v 0.095797 -0.049137 0.013498
v 0.083634 -0.059748 0.019632
v 0.071859 -0.070282 0.022881
v 0.060006 -0.081287 0.024013
v 0.046627 -0.087919 0.026058
v 0.033315 -0.094571 0.026551
v 0.020087 -0.101469 0.025440
v 0.007016 -0.108521 0.022732
v -0.006467 -0.115852 0.018474
v -0.019935 -0.123576 0.012125
v -0.036964 -0.122402 0.008881
v -0.052596 -0.126647 -0.002232
v -0.051087 -0.131558 -0.005834
v 0.145186 -0.038470 -0.015240
v 0.113083 -0.047353 -0.004069
v 0.108613 -0.038545 0.003783
v 0.097783 -0.053548 0.010359
v 0.085620 -0.064121 0.016476
v 0.073782 -0.074706 0.019607
v 0.061819 -0.085859 0.020637
v 0.048417 -0.092380 0.022928
v 0.035129 -0.099033 0.023453
v 0.021797 -0.106015 0.022338
v 0.008665 -0.113138 0.019785
v -0.004821 -0.120496 0.015567
v -0.003208 -0.125228 0.012398
v -0.035433 -0.127167 0.005849
v -0.033867 -0.131993 0.002377
v -0.032230 -0.137041 -0.001610
v -0.071070 -0.127267 -0.019152
v 0.146680 -0.042875 -0.013749
v 0.110787 -0.042907 0.000199
v 0.115616 -0.051979 -0.009279
v 0.120754 -0.023510 -0.009742
v 0.087620 -0.068525 0.012894
v 0.075709 -0.079266 0.015951
v 0.063612 -0.090484 0.016968
v 0.050276 -0.096887 0.019581
v 0.036920 -0.103572 0.020168
v 0.023529 -0.110587 0.019103
v 0.010303 -0.117779 0.016735
v 0.011967 -0.122492 0.013463
v -0.018260 -0.128409 0.008824
v -0.016534 -0.133325 0.005162
v -0.014825 -0.138448 0.000849
v -0.049491 -0.136796 -0.010156
v -0.069644 -0.132641 -0.025259
v -0.075888 -0.157897 -0.035544
v -0.073306 -0.160991 -0.024695
v 0.128272 -0.036917 -0.025261
v 0.099853 -0.057955 0.006741
v 0.102067 -0.062429 0.002529
v 0.089659 -0.072999 0.008775
v 0.077659 -0.083910 0.011930
v 0.052103 -0.101496 0.015950
v 0.038816 -0.108219 0.016638
v 0.025249 -0.115234 0.015695
v 0.027081 -0.120004 0.011963
v -0.001620 -0.130106 0.008789
v -0.000027 -0.135180 0.004660
v 0.001578 -0.140538 -0.000282
v -0.030610 -0.142582 -0.007097
v -0.047935 -0.142290 -0.017119
v -0.068215 -0.138193 -0.032591
v 0.137957 -0.059894 -0.023228
v 0.130815 -0.041390 -0.030928
v 0.104328 -0.066974 -0.002445
v 0.091791 -0.077576 0.004176
v 0.065505 -0.095158 0.013075
v 0.054011 -0.106199 0.011911
v 0.040720 -0.112975 0.012839
v 0.042673 -0.117851 0.008656
v 0.013646 -0.127372 0.009704
v 0.015349 -0.132446 0.005298
v 0.017073 -0.137694 0.000338
v -0.013160 -0.143949 -0.004964
v -0.020892 -0.163924 -0.006298
v -0.038840 -0.162879 -0.011772
v -0.066874 -0.144211 -0.041119
v -0.058412 -0.159478 -0.030529
v -0.056085 -0.161958 -0.018951
v -0.053752 -0.164307 -0.007146
v 0.118384 -0.056797 -0.015968
v 0.106794 -0.071686 -0.008385
v 0.079654 -0.088633 0.007594
v 0.067476 -0.099888 0.008829
v 0.055998 -0.110992 0.007488
v 0.044693 -0.122792 0.003958
v 0.028958 -0.124888 0.007823
v 0.030826 -0.129915 0.003148
v 0.032712 -0.135082 -0.002154
v 0.003286 -0.146136 -0.006629
v -0.004363 -0.164724 -0.000602
v -0.018895 -0.166218 0.006615
v -0.036695 -0.165185 0.000497
v -0.087372 -0.138188 -0.052030
v -0.047364 -0.149878 -0.032650
v 0.139578 -0.063974 -0.021901
v 0.094051 -0.082251 -0.001001
v 0.096452 -0.087094 -0.006954
v 0.081718 -0.093445 0.002736
v 0.069487 -0.104649 0.004010
v 0.057995 -0.115889 0.002514
v 0.046693 -0.127823 -0.001461
v 0.048721 -0.133073 -0.007927
v 0.018857 -0.143168 -0.005437
v 0.012552 -0.165370 0.005057
v -0.029146 -0.149114 -0.017729
v 0.141297 -0.068257 -0.021944
v 0.109624 -0.076648 -0.016114
v 0.083894 -0.098362 -0.002843
v 0.071594 -0.109492 -0.001693
v 0.060103 -0.120901 -0.003412
v 0.062390 -0.126255 -0.010676
v 0.034675 -0.140514 -0.008405
v 0.027916 -0.163884 -0.003319
v 0.029366 -0.166278 0.010852
v -0.027251 -0.154772 -0.025688
v 0.121409 -0.061731 -0.024212
v 0.099067 -0.092266 -0.014382
v 0.086207 -0.103420 -0.009473
v 0.073859 -0.114564 -0.008473
v 0.076455 -0.120103 -0.016980
v 0.050948 -0.138783 -0.016470
v 0.036824 -0.146149 -0.016085
v 0.043772 -0.162019 -0.010397
v -0.045604 -0.154715 -0.036625
v -0.011303 -0.149713 -0.013118
v 0.124391 -0.066759 -0.032207
v 0.112971 -0.081995 -0.026460
v 0.088949 -0.108855 -0.018562
v 0.092152 -0.114785 -0.030365
v 0.064986 -0.132295 -0.021022
v 0.053922 -0.145288 -0.028413
v -0.063125 -0.153657 -0.047013
v -0.043478 -0.157652 -0.033054
v -0.009436 -0.155288 -0.019665
v 0.131657 -0.084030 -0.028870
v 0.102156 -0.097904 -0.025024
v 0.079547 -0.126239 -0.029360
v 0.068030 -0.138755 -0.034313
v 0.059167 -0.157341 -0.028421
v 0.060183 -0.160173 -0.018550
v -0.065176 -0.149762 -0.047328
v -0.060880 -0.156696 -0.041080
v -0.025176 -0.158256 -0.025358
v -0.007780 -0.159147 -0.019825
v 0.005253 -0.151890 -0.013847
v 0.133020 -0.088359 -0.028550
v 0.116260 -0.087684 -0.036959
v 0.105335 -0.103673 -0.035430
v 0.095177 -0.120395 -0.040380
v 0.082573 -0.132055 -0.040819
v -0.041118 -0.160326 -0.024178
v -0.023025 -0.161281 -0.018559
v 0.007193 -0.156802 -0.018216
v 0.020851 -0.148705 -0.012345
v 0.126773 -0.071341 -0.037280
v 0.107962 -0.108793 -0.042148
v 0.109866 -0.113337 -0.044759
v 0.097532 -0.125319 -0.045739
v 0.070552 -0.143966 -0.042163
v 0.075578 -0.155170 -0.038671
v -0.086064 -0.143828 -0.055337
v -0.006055 -0.162089 -0.013381
v 0.009062 -0.160314 -0.016613
v 0.022866 -0.153928 -0.017572
v 0.128223 -0.075684 -0.039017
v 0.135612 -0.055061 -0.032696
v -0.102052 -0.145681 -0.060990
v 0.010958 -0.163145 -0.008904
v 0.024681 -0.157918 -0.018430
v 0.038954 -0.151277 -0.021426
v 0.129547 -0.080052 -0.039262
v 0.134092 -0.050332 -0.034496
v 0.026345 -0.161037 -0.014327
v 0.042356 -0.159073 -0.019113
v 0.040793 -0.155558 -0.022406
v 0.118581 -0.092444 -0.041993
v 0.058030 -0.154039 -0.033812
v 0.056409 -0.150238 -0.034004
v 0.120281 -0.096724 -0.043292
v 0.072700 -0.148569 -0.045761
v 0.121594 -0.100877 -0.042098
v 0.074391 -0.152206 -0.044420
v 0.086814 -0.141410 -0.049363
vt 0.691089 0.714816
vt 0.687901 0.705139
vt 0.654583 0.718166
vt 0.638342 0.674278
vt 0.620300 0.725046
vt 0.674638 0.672697
vt 0.720819 0.700684
vt 0.605722 0.681400
vt 0.666477 0.657982
vt 0.718240 0.691297
vt 0.524352 0.747213
vt 0.485665 0.741147
vt 0.489399 0.751765
vt 0.612055 0.698052
vt 0.575014 0.694302
vt 0.631166 0.659633
vt 0.659710 0.645206
vt 0.698341 0.645592
vt 0.706638 0.659475
vt 0.509869 0.705012
vt 0.551560 0.724159
vt 0.546978 0.712773
vt 0.579889 0.706866
vt 0.569524 0.679369
vt 0.598599 0.664158
vt 0.625211 0.647076
vt 0.690521 0.633408
vt 0.717119 0.611563
vt 0.742891 0.663391
vt 0.725273 0.622770
vt 0.504430 0.694317
vt 0.514649 0.716034
vt 0.542355 0.701938
vt 0.584450 0.718554
vt 0.538068 0.691108
vt 0.533682 0.679680
vt 0.593106 0.651561
vt 0.653690 0.633632
vt 0.683862 0.622350
vt 0.710045 0.601252
vt 0.763758 0.627965
vt 0.766271 0.636716
vt 0.481736 0.731473
vt 0.466950 0.691545
vt 0.559628 0.746363
vt 0.617023 0.711207
vt 0.591519 0.740602
vt 0.563586 0.660404
vt 0.619874 0.635863
vt 0.648205 0.623043
vt 0.678024 0.612176
vt 0.703741 0.591507
vt 0.739950 0.580420
vt 0.437418 0.708837
vt 0.440482 0.720428
vt 0.469724 0.702697
vt 0.500666 0.684854
vt 0.496976 0.675738
vt 0.521842 0.737141
vt 0.654810 0.712603
vt 0.620252 0.721812
vt 0.558655 0.647287
vt 0.588369 0.640335
vt 0.643212 0.613168
vt 0.672589 0.602510
vt 0.698053 0.582257
vt 0.732895 0.570938
vt 0.775951 0.575250
vt 0.747116 0.590107
vt 0.434508 0.696336
vt 0.402914 0.714861
vt 0.464644 0.680166
vt 0.518647 0.726833
vt 0.646209 0.691286
vt 0.528057 0.657073
vt 0.584004 0.630181
vt 0.615017 0.625616
vt 0.638522 0.603772
vt 0.667446 0.593129
vt 0.692805 0.573356
vt 0.726720 0.561801
vt 0.754292 0.531686
vt 0.760427 0.540512
vt 0.779200 0.583537
vt 0.781844 0.592199
vt 0.760745 0.618600
vt 0.401304 0.700500
vt 0.431995 0.681213
vt 0.476383 0.722151
vt 0.662952 0.740263
vt 0.524352 0.643491
vt 0.554578 0.636485
vt 0.610565 0.616118
vt 0.634021 0.594711
vt 0.662603 0.584015
vt 0.687901 0.564608
vt 0.721172 0.552897
vt 0.748405 0.523061
vt 0.793434 0.535342
vt 0.795490 0.543989
vt 0.400011 0.685676
vt 0.472434 0.712871
vt 0.493624 0.651340
vt 0.520784 0.632798
vt 0.579961 0.620762
vt 0.606357 0.607069
vt 0.629531 0.586115
vt 0.658029 0.575171
vt 0.683251 0.555953
vt 0.715997 0.544137
vt 0.742733 0.514602
vt 0.365306 0.695967
vt 0.364803 0.681759
vt 0.430307 0.665056
vt 0.443344 0.731688
vt 0.490631 0.639559
vt 0.487306 0.629470
vt 0.550693 0.626737
vt 0.576198 0.611690
vt 0.602271 0.598358
vt 0.625182 0.577749
vt 0.653596 0.566564
vt 0.678807 0.547306
vt 0.711023 0.535513
vt 0.737493 0.506209
vt 0.322966 0.671058
vt 0.322195 0.658922
vt 0.398805 0.671961
vt 0.397341 0.660179
vt 0.448831 0.752259
vt 0.459603 0.645672
vt 0.456934 0.635846
vt 0.517064 0.623262
vt 0.546899 0.617605
vt 0.572538 0.602865
vt 0.598265 0.589939
vt 0.621041 0.569602
vt 0.649224 0.558111
vt 0.674488 0.538695
vt 0.706224 0.527012
vt 0.732490 0.497771
vt 0.363758 0.668994
vt 0.362131 0.657909
vt 0.428605 0.653055
vt 0.411571 0.749959
vt 0.462043 0.657808
vt 0.426385 0.642773
vt 0.454160 0.626298
vt 0.483942 0.620302
vt 0.543262 0.608759
vt 0.568956 0.594351
vt 0.594330 0.581698
vt 0.617044 0.561691
vt 0.645035 0.549540
vt 0.670289 0.530036
vt 0.701573 0.518691
vt 0.727814 0.489287
vt 0.320661 0.647777
vt 0.395405 0.649864
vt 0.405282 0.728022
vt 0.424058 0.633129
vt 0.421623 0.624054
vt 0.451365 0.617274
vt 0.513559 0.614278
vt 0.539720 0.600173
vt 0.565375 0.586143
vt 0.590529 0.573639
vt 0.613175 0.553737
vt 0.641038 0.541341
vt 0.666176 0.521445
vt 0.697073 0.510470
vt 0.723337 0.480746
vt 0.360073 0.647791
vt 0.393187 0.640212
vt 0.390823 0.630976
vt 0.408343 0.739796
vt 0.388163 0.621916
vt 0.419108 0.615285
vt 0.480687 0.611551
vt 0.510176 0.605700
vt 0.536238 0.591905
vt 0.561799 0.578188
vt 0.586810 0.565716
vt 0.609361 0.545732
vt 0.637167 0.533123
vt 0.662145 0.513059
vt 0.692704 0.502227
vt 0.719006 0.472077
vt 0.791132 0.526778
vt 0.788596 0.518173
vt 0.765958 0.549486
vt 0.318482 0.637571
vt 0.357774 0.638152
vt 0.355200 0.628887
vt 0.372720 0.747148
vt 0.366855 0.725817
vt 0.352548 0.620019
vt 0.385361 0.613104
vt 0.448568 0.608729
vt 0.477599 0.603167
vt 0.506938 0.597479
vt 0.532830 0.583893
vt 0.558302 0.570450
vt 0.583176 0.557874
vt 0.605533 0.537637
vt 0.633399 0.524991
vt 0.658221 0.504819
vt 0.688569 0.493881
vt 0.684672 0.485417
vt 0.787539 0.507531
vt 0.296703 0.727607
vt 0.327866 0.722061
vt 0.324475 0.711520
vt 0.315590 0.628224
vt 0.369387 0.737353
vt 0.312409 0.619420
vt 0.349948 0.611477
vt 0.416440 0.606729
vt 0.445763 0.600581
vt 0.474602 0.595097
vt 0.503774 0.589535
vt 0.529449 0.576106
vt 0.554869 0.562764
vt 0.579655 0.550046
vt 0.601810 0.529591
vt 0.629601 0.517004
vt 0.654343 0.496738
vt 0.680942 0.476869
vt 0.714806 0.463338
vt 0.785151 0.499050
vt 0.808580 0.485084
vt 0.777470 0.481691
vt 0.309342 0.611012
vt 0.382450 0.604670
vt 0.413515 0.598488
vt 0.442948 0.592721
vt 0.471644 0.587193
vt 0.500543 0.581810
vt 0.526104 0.568436
vt 0.551474 0.555135
vt 0.576208 0.542181
vt 0.598198 0.521736
vt 0.625852 0.509255
vt 0.650605 0.489084
vt 0.677309 0.468183
vt 0.710775 0.454606
vt 0.781822 0.490430
vt 0.805003 0.476183
vt 0.347079 0.603248
vt 0.379477 0.596647
vt 0.410340 0.590591
vt 0.439938 0.585104
vt 0.468649 0.579445
vt 0.497292 0.574163
vt 0.522842 0.560838
vt 0.548135 0.547491
vt 0.572821 0.534331
vt 0.594707 0.514139
vt 0.622144 0.501619
vt 0.647036 0.481336
vt 0.673747 0.459442
vt 0.706877 0.445861
vt 0.772401 0.472906
vt 0.306688 0.602172
vt 0.344081 0.595152
vt 0.407101 0.582870
vt 0.436821 0.577435
vt 0.465548 0.571876
vt 0.494023 0.566569
vt 0.519622 0.553267
vt 0.544822 0.539810
vt 0.569488 0.526565
vt 0.566234 0.518977
vt 0.618532 0.494088
vt 0.643556 0.473486
vt 0.670223 0.450980
vt 0.703113 0.436947
vt 0.801020 0.467154
vt 0.766960 0.464159
vt 0.303802 0.593659
vt 0.376586 0.588817
vt 0.403774 0.575195
vt 0.433560 0.569690
vt 0.462555 0.564314
vt 0.490769 0.558984
vt 0.516447 0.545641
vt 0.541546 0.532141
vt 0.538282 0.524602
vt 0.591376 0.506690
vt 0.615017 0.486605
vt 0.640137 0.465593
vt 0.636759 0.457713
vt 0.699462 0.427837
vt 0.797113 0.458281
vt 0.341025 0.587149
vt 0.373526 0.581071
vt 0.400567 0.567513
vt 0.430364 0.561983
vt 0.459541 0.556737
vt 0.487601 0.551361
vt 0.513260 0.537958
vt 0.510046 0.530331
vt 0.563053 0.511581
vt 0.588184 0.499244
vt 0.611573 0.479088
vt 0.608268 0.471393
vt 0.666755 0.442475
vt 0.663310 0.434113
vt 0.761668 0.455329
vt 0.337849 0.579109
vt 0.370380 0.573382
vt 0.397425 0.559899
vt 0.427041 0.554440
vt 0.456436 0.549148
vt 0.484475 0.543659
vt 0.481419 0.535912
vt 0.535069 0.517248
vt 0.559945 0.504204
vt 0.585082 0.491731
vt 0.582025 0.484164
vt 0.578978 0.476525
vt 0.605028 0.463688
vt 0.633384 0.449777
vt 0.630053 0.441754
vt 0.695825 0.418565
vt 0.793764 0.449124
vt 0.756681 0.446544
vt 0.300651 0.585334
vt 0.367207 0.565638
vt 0.394274 0.552268
vt 0.423764 0.546901
vt 0.453318 0.541445
vt 0.478416 0.528234
vt 0.506822 0.522823
vt 0.531876 0.510006
vt 0.556881 0.496719
vt 0.553849 0.489109
vt 0.550819 0.481408
vt 0.575888 0.468870
vt 0.601785 0.455894
vt 0.598592 0.447920
vt 0.659898 0.425742
vt 0.692230 0.409460
vt 0.791265 0.440044
vt 0.751897 0.437618
vt 0.334531 0.571059
vt 0.363947 0.557822
vt 0.391172 0.544519
vt 0.420633 0.539375
vt 0.450171 0.533790
vt 0.475388 0.520765
vt 0.503567 0.515493
vt 0.528623 0.502694
vt 0.525343 0.495267
vt 0.522117 0.487678
vt 0.547771 0.473613
vt 0.572812 0.461255
vt 0.569723 0.453513
vt 0.626802 0.433592
vt 0.656537 0.417213
vt 0.688681 0.400299
vt 0.788286 0.430573
vt 0.297362 0.577078
vt 0.331125 0.562943
vt 0.360604 0.549926
vt 0.417557 0.531702
vt 0.447026 0.526269
vt 0.472378 0.513519
vt 0.500377 0.508208
vt 0.497216 0.500863
vt 0.494149 0.493376
vt 0.518939 0.480027
vt 0.544673 0.465921
vt 0.541505 0.458274
vt 0.595473 0.439908
vt 0.623573 0.425207
vt 0.653222 0.408618
vt 0.685231 0.391145
vt 0.747383 0.428351
vt 0.294147 0.568814
vt 0.327569 0.554824
vt 0.388047 0.536657
vt 0.414555 0.524102
vt 0.443920 0.518945
vt 0.469340 0.506305
vt 0.466267 0.498947
vt 0.491155 0.485843
vt 0.515835 0.472385
vt 0.512852 0.464851
vt 0.566670 0.445572
vt 0.592380 0.431761
vt 0.620382 0.416687
vt 0.649893 0.400105
vt 0.681852 0.382016
vt 0.743026 0.418879
vt 0.290818 0.560433
vt 0.357339 0.541870
vt 0.384860 0.528878
vt 0.411506 0.516685
vt 0.440751 0.511665
vt 0.437546 0.504301
vt 0.463172 0.491400
vt 0.488169 0.478255
vt 0.485125 0.470751
vt 0.538331 0.450523
vt 0.563651 0.437504
vt 0.589331 0.423425
vt 0.617171 0.408213
vt 0.646574 0.391632
vt 0.678549 0.372857
vt 0.324016 0.546616
vt 0.353903 0.533851
vt 0.381723 0.521223
vt 0.408241 0.509287
vt 0.434374 0.496671
vt 0.460031 0.483730
vt 0.456858 0.476024
vt 0.509904 0.457252
vt 0.535136 0.442642
vt 0.560592 0.429290
vt 0.586329 0.415052
vt 0.613907 0.399802
vt 0.643283 0.383039
vt 0.640047 0.374217
vt 0.287172 0.551608
vt 0.350344 0.525909
vt 0.378412 0.513627
vt 0.404944 0.501648
vt 0.431180 0.488806
vt 0.427892 0.480830
vt 0.481960 0.463238
vt 0.506886 0.449466
vt 0.531937 0.434629
vt 0.557498 0.420921
vt 0.583304 0.406785
vt 0.610663 0.391329
vt 0.607466 0.382681
vt 0.675330 0.363403
vt 0.320456 0.538394
vt 0.346736 0.518040
vt 0.374944 0.505904
vt 0.401700 0.493773
vt 0.398424 0.485794
vt 0.453564 0.468368
vt 0.478731 0.455501
vt 0.503792 0.441486
vt 0.528739 0.426528
vt 0.554377 0.412574
vt 0.580305 0.398407
vt 0.577413 0.389875
vt 0.636893 0.365062
vt 0.672239 0.353741
vt 0.316759 0.530101
vt 0.342997 0.510108
vt 0.371513 0.498041
vt 0.395243 0.477824
vt 0.424626 0.472816
vt 0.450115 0.460667
vt 0.475421 0.447526
vt 0.500642 0.433387
vt 0.525576 0.418420
vt 0.551299 0.404294
vt 0.548273 0.395952
vt 0.604372 0.373736
vt 0.601382 0.364481
vt 0.633783 0.355507
vt 0.283335 0.542866
vt 0.312994 0.521929
vt 0.368055 0.490156
vt 0.391997 0.469850
vt 0.421399 0.465021
vt 0.446742 0.452853
vt 0.472082 0.439375
vt 0.497452 0.425327
vt 0.522476 0.410366
vt 0.519493 0.402294
vt 0.574484 0.381084
vt 0.571533 0.371968
vt 0.598442 0.354911
vt 0.669286 0.343761
vt 0.279429 0.534202
vt 0.339288 0.502078
vt 0.364601 0.482259
vt 0.388566 0.461882
vt 0.418157 0.457277
vt 0.443389 0.444876
vt 0.468879 0.431211
vt 0.494242 0.417241
vt 0.490978 0.409103
vt 0.545227 0.387338
vt 0.542194 0.378460
vt 0.568600 0.362468
vt 0.630734 0.345574
vt 0.666440 0.333413
vt 0.309191 0.513792
vt 0.335638 0.493983
vt 0.361200 0.474203
vt 0.385119 0.453839
vt 0.414807 0.449414
vt 0.440079 0.436720
vt 0.465670 0.423041
vt 0.462505 0.414734
vt 0.516498 0.393965
vt 0.513429 0.385402
vt 0.539143 0.369104
vt 0.595498 0.345043
vt 0.627754 0.335332
vt 0.663743 0.322732
vt 0.275398 0.525704
vt 0.305365 0.505602
vt 0.331937 0.485888
vt 0.357552 0.465958
vt 0.411339 0.441358
vt 0.436821 0.428369
vt 0.433524 0.419883
vt 0.487645 0.400754
vt 0.484289 0.392222
vt 0.510248 0.376462
vt 0.565627 0.352766
vt 0.592571 0.335004
vt 0.624812 0.324798
vt 0.661160 0.311601
vt 0.301572 0.497310
vt 0.328290 0.477647
vt 0.353688 0.457621
vt 0.381436 0.445609
vt 0.407785 0.433032
vt 0.404169 0.424513
vt 0.459351 0.406189
vt 0.456102 0.397379
vt 0.480947 0.383311
vt 0.536039 0.359406
vt 0.562623 0.342941
vt 0.559634 0.333025
vt 0.589669 0.324739
vt 0.621867 0.313998
vt 0.747398 0.291619
vt 0.707526 0.302790
vt 0.751442 0.302429
vt 0.271071 0.517229
vt 0.297652 0.488904
vt 0.324608 0.469180
vt 0.377520 0.437057
vt 0.400474 0.415809
vt 0.430172 0.411189
vt 0.426764 0.402287
vt 0.452694 0.388261
vt 0.506967 0.367061
vt 0.532916 0.349618
vt 0.529819 0.339869
vt 0.556624 0.322805
vt 0.586804 0.314201
vt 0.619012 0.302881
vt 0.709440 0.315587
vt 0.705421 0.289739
vt 0.744324 0.278263
vt 0.703207 0.276532
vt 0.266660 0.508665
vt 0.293501 0.480384
vt 0.349864 0.449206
vt 0.373704 0.428328
vt 0.396815 0.406933
vt 0.423187 0.393168
vt 0.449270 0.378806
vt 0.477627 0.373957
vt 0.503575 0.357302
vt 0.500195 0.347345
vt 0.526700 0.329920
vt 0.553553 0.312192
vt 0.583991 0.303264
vt 0.658647 0.299988
vt 0.262039 0.499858
vt 0.320616 0.460536
vt 0.345924 0.440599
vt 0.369722 0.419441
vt 0.393007 0.397719
vt 0.419515 0.383726
vt 0.445678 0.369051
vt 0.474228 0.364133
vt 0.470995 0.354131
vt 0.496815 0.337139
vt 0.523538 0.319640
vt 0.550416 0.301164
vt 0.616226 0.291355
vt 0.656030 0.287948
vt 0.289274 0.471616
vt 0.316542 0.451855
vt 0.341872 0.431699
vt 0.365649 0.410398
vt 0.389074 0.388168
vt 0.415747 0.373863
vt 0.442022 0.359076
vt 0.467678 0.343796
vt 0.493467 0.326641
vt 0.520265 0.308920
vt 0.547270 0.289698
vt 0.581171 0.291970
vt 0.613526 0.279455
vt 0.653354 0.275392
vt 0.207035 0.485502
vt 0.239621 0.462425
vt 0.205599 0.468656
vt 0.257183 0.490856
vt 0.312345 0.442996
vt 0.337725 0.422569
vt 0.361610 0.401190
vt 0.385172 0.378247
vt 0.411869 0.363680
vt 0.438369 0.348834
vt 0.464234 0.333195
vt 0.490111 0.315744
vt 0.516977 0.297814
vt 0.544128 0.278115
vt 0.578345 0.280290
vt 0.610919 0.267244
vt 0.650834 0.262236
vt 0.246225 0.472098
vt 0.209880 0.494159
vt 0.284791 0.462622
vt 0.307876 0.433805
vt 0.333400 0.413241
vt 0.357433 0.391668
vt 0.381209 0.367916
vt 0.408054 0.353375
vt 0.434551 0.338383
vt 0.460789 0.322254
vt 0.486752 0.304660
vt 0.513702 0.286352
vt 0.540937 0.266167
vt 0.575511 0.268204
vt 0.608308 0.254597
vt 0.605595 0.241396
vt 0.269064 0.433852
vt 0.279944 0.453396
vt 0.303259 0.424183
vt 0.328881 0.403577
vt 0.353110 0.381682
vt 0.377176 0.357162
vt 0.404190 0.342793
vt 0.430726 0.327599
vt 0.457251 0.311042
vt 0.483411 0.293244
vt 0.510433 0.274613
vt 0.507213 0.262338
vt 0.572632 0.255698
vt 0.569692 0.242838
vt 0.566618 0.229184
vt 0.648517 0.248076
vt 0.202723 0.460018
vt 0.200019 0.451462
vt 0.274723 0.443847
vt 0.262659 0.423200
vt 0.251965 0.481676
vt 0.324232 0.393593
vt 0.348695 0.371123
vt 0.373121 0.345982
vt 0.400142 0.331849
vt 0.426912 0.316374
vt 0.453641 0.299502
vt 0.480071 0.281507
vt 0.476652 0.269284
vt 0.537682 0.253548
vt 0.534313 0.240434
vt 0.530972 0.226512
vt 0.602750 0.227068
vt 0.646411 0.232732
vt 0.232458 0.452952
vt 0.197365 0.442514
vt 0.298349 0.414320
vt 0.292993 0.404013
vt 0.319380 0.383154
vt 0.344148 0.360064
vt 0.396104 0.320373
vt 0.422844 0.304593
vt 0.450024 0.287483
vt 0.446140 0.274903
vt 0.504023 0.249402
vt 0.500802 0.235738
vt 0.497525 0.221008
vt 0.563647 0.213717
vt 0.600217 0.211116
vt 0.644432 0.216382
vt 0.653986 0.161503
vt 0.661045 0.165285
vt 0.225642 0.443419
vt 0.287343 0.393192
vt 0.314215 0.372148
vt 0.368809 0.334520
vt 0.391832 0.308318
vt 0.418710 0.292208
vt 0.414415 0.279234
vt 0.473169 0.256335
vt 0.469590 0.242625
vt 0.465920 0.228201
vt 0.527732 0.211048
vt 0.543643 0.161185
vt 0.580925 0.161681
vt 0.642758 0.198241
vt 0.623540 0.163135
vt 0.212768 0.405076
vt 0.255361 0.412064
vt 0.281019 0.381765
vt 0.339429 0.348484
vt 0.364259 0.322598
vt 0.387325 0.295654
vt 0.409905 0.265854
vt 0.442113 0.261840
vt 0.438040 0.248166
vt 0.433853 0.233837
vt 0.493997 0.205077
vt 0.509654 0.161406
vt 0.539050 0.160544
vt 0.575588 0.160698
vt 0.600518 0.186707
vt 0.617337 0.161247
vt 0.209758 0.396449
vt 0.308640 0.360512
vt 0.302576 0.347987
vt 0.334447 0.336281
vt 0.359517 0.310176
vt 0.382699 0.282374
vt 0.405329 0.251928
vt 0.400549 0.237002
vt 0.462061 0.212820
vt 0.475262 0.162011
vt 0.561264 0.193842
vt 0.611207 0.159911
vt 0.273486 0.369446
vt 0.329074 0.323344
vt 0.354409 0.297002
vt 0.377689 0.268425
vt 0.372091 0.253092
vt 0.429402 0.218409
vt 0.443595 0.162428
vt 0.441466 0.162050
vt 0.557767 0.176807
vt 0.247069 0.400486
vt 0.206162 0.387133
vt 0.295718 0.334613
vt 0.323187 0.309436
vt 0.348770 0.282720
vt 0.342114 0.266626
vt 0.395089 0.220093
vt 0.424409 0.201820
vt 0.410508 0.164342
vt 0.597176 0.172993
vt 0.524110 0.193956
vt 0.238831 0.388651
vt 0.264188 0.355299
vt 0.315908 0.294107
vt 0.307056 0.276376
vt 0.365380 0.234905
vt 0.387623 0.199792
vt 0.635548 0.171955
vt 0.592367 0.166828
vt 0.520376 0.177694
vt 0.224419 0.350437
vt 0.287130 0.318975
vt 0.333711 0.247664
vt 0.357215 0.214400
vt 0.376618 0.169324
vt 0.375685 0.165868
vt 0.639969 0.181867
vt 0.630025 0.166313
vt 0.553408 0.168146
vt 0.516934 0.167962
vt 0.489880 0.188276
vt 0.221645 0.340508
vt 0.254837 0.340226
vt 0.278270 0.302404
vt 0.298773 0.259381
vt 0.325447 0.229435
vt 0.586657 0.163372
vt 0.548593 0.163091
vt 0.485804 0.174431
vt 0.457679 0.196735
vt 0.232517 0.377832
vt 0.271257 0.288234
vt 0.266632 0.276200
vt 0.292721 0.245236
vt 0.350776 0.198517
vt 0.685979 0.194453
vt 0.513266 0.163034
vt 0.481951 0.166242
vt 0.453275 0.181855
vt 0.229000 0.367817
vt 0.215071 0.414433
vt 0.340625 0.171091
vt 0.688212 0.210142
vt 0.721555 0.187726
vt 0.478189 0.162116
vt 0.449465 0.171559
vt 0.419574 0.187124
vt 0.226130 0.357832
vt 0.217785 0.424356
vt 0.691865 0.223545
vt 0.446225 0.165299
vt 0.412682 0.168413
vt 0.415660 0.176019
vt 0.248722 0.328072
vt 0.378372 0.175728
vt 0.381768 0.185318
vt 0.345682 0.185481
vt 0.244794 0.317603
vt 0.242293 0.307810
vt 0.342276 0.176611
vt 0.314946 0.202691
vn -0.0034 -0.4074 0.9132
vn -0.1767 -0.0768 0.9812
vn -0.2105 0.2519 0.9446
vn -0.1974 0.7019 0.6843
vn 0.4950 0.4870 0.7196
vn -0.4202 0.4928 0.7620
vn 0.1411 -0.3569 0.9234
vn 0.2099 0.8036 0.5569
vn -0.4089 0.7800 0.4737
vn -0.2376 0.1744 0.9556
vn -0.3193 -0.2699 0.9084
vn -0.0725 -0.2577 0.9635
vn -0.1993 -0.3123 0.9288
vn 0.3035 0.8308 0.4665
vn 0.1025 0.8307 0.5471
vn -0.2418 0.8410 0.4840
vn -0.4184 0.7164 0.5583
vn -0.4409 0.6818 0.5838
vn -0.2018 0.6774 0.7074
vn -0.5183 0.2821 0.8073
vn -0.2387 0.2870 0.9277
vn -0.3727 0.3800 0.8466
vn 0.0102 0.6918 0.7220
vn 0.1740 0.8856 0.4306
vn -0.1480 0.8855 0.4404
vn -0.2814 0.7792 0.5600
vn -0.5657 0.6166 0.5474
vn -0.6071 0.4826 0.6312
vn 0.0043 0.4754 0.8797
vn -0.2130 0.6058 0.7666
vn -0.2049 0.2912 0.9344
vn -0.5505 -0.1379 0.8234
vn -0.1090 0.4076 0.9066
vn -0.1197 0.5645 0.8167
vn -0.0492 0.6742 0.7368
vn -0.0360 0.6400 0.7675
vn -0.1526 0.8505 0.5033
vn -0.4288 0.6619 0.6148
vn -0.5580 0.5601 0.6122
vn -0.6690 0.4326 0.6043
vn -0.2063 -0.2116 0.9553
vn 0.0541 0.0739 0.9958
vn 0.3201 -0.1268 0.9388
vn -0.0960 0.6552 0.7493
vn -0.1484 0.2825 0.9477
vn 0.0659 0.7123 0.6987
vn -0.0414 0.3802 0.9239
vn -0.0083 0.9186 0.3951
vn -0.3135 0.7205 0.6185
vn -0.4331 0.6076 0.6658
vn -0.5560 0.5109 0.6556
vn -0.6561 0.3843 0.6494
vn -0.4532 0.5873 0.6706
vn -0.1234 0.6841 0.7188
vn 0.3599 0.7280 0.5835
vn 0.4161 0.3247 0.8493
vn -0.1141 0.2676 0.9567
vn -0.2484 0.1169 0.9616
vn -0.2428 -0.4351 0.8670
vn 0.6573 0.6339 0.4075
vn 0.0638 0.5263 0.8479
vn -0.0584 0.8798 0.4718
vn -0.1947 0.7789 0.5961
vn -0.4392 0.5630 0.7001
vn -0.5548 0.4633 0.6910
vn -0.6479 0.3467 0.6782
vn -0.6842 0.2944 0.6672
vn -0.1119 -0.2045 0.9724
vn -0.2021 0.4700 0.8592
vn -0.2845 0.8120 0.5096
vn -0.2067 0.8291 0.5194
vn -0.2905 0.7600 0.5813
vn -0.2441 -0.2651 0.9328
vn 0.4116 0.6375 0.6512
vn 0.0013 0.9322 0.3618
vn -0.2150 0.7327 0.6456
vn -0.3349 0.6656 0.6669
vn -0.4472 0.5160 0.7305
vn -0.5514 0.4173 0.7224
vn -0.6389 0.3097 0.7042
vn -0.7381 0.2488 0.6271
vn -0.3771 0.5644 0.7342
vn -0.1918 0.3727 0.9079
vn -0.1229 -0.4067 0.9052
vn 0.1512 0.1223 0.9809
vn -0.2835 -0.1928 0.9394
vn -0.1383 0.8743 0.4652
vn -0.2492 0.8720 0.4212
vn -0.0198 -0.2378 0.9711
vn 0.9293 0.3682 -0.0272
vn -0.0187 0.8848 0.4656
vn -0.1125 0.7981 0.5919
vn -0.3445 0.6108 0.7129
vn -0.4503 0.4691 0.7597
vn -0.5495 0.3766 0.7458
vn -0.6292 0.2732 0.7276
vn -0.7214 0.2170 0.6576
vn -0.6488 0.3408 0.6804
vn 0.0144 -0.2705 0.9626
vn 0.2532 0.0009 0.9674
vn -0.0504 0.8900 0.4532
vn 0.0891 -0.2156 0.9724
vn -0.0141 0.8993 0.4371
vn -0.0339 0.7918 0.6099
vn -0.2316 0.6737 0.7018
vn -0.3528 0.5658 0.7452
vn -0.4498 0.4188 0.7888
vn -0.5468 0.3373 0.7663
vn -0.6212 0.2444 0.7445
vn -0.7086 0.1898 0.6796
vn -0.7560 0.1537 0.6362
vn 0.1821 0.8717 0.4548
vn 0.2318 0.8470 0.4784
vn -0.0489 0.8838 0.4652
vn 0.1765 0.2046 0.9628
vn 0.0071 0.8441 0.5361
vn 0.0237 0.7711 0.6362
vn -0.1206 0.7286 0.6742
vn -0.2383 0.6220 0.7458
vn -0.3585 0.5203 0.7750
vn -0.4498 0.3731 0.8114
vn -0.5405 0.3000 0.7860
vn -0.6131 0.2188 0.7591
vn -0.6988 0.1698 0.6948
vn -0.7360 0.1218 0.6659
vn 0.3690 0.7979 0.4765
vn 0.3912 0.7568 0.5235
vn 0.0273 0.8562 0.5159
vn 0.0803 0.8182 0.5693
vn 0.2110 0.1455 0.9666
vn 0.0255 0.8465 0.5317
vn 0.0614 0.7840 0.6177
vn -0.0415 0.7279 0.6844
vn -0.1218 0.6760 0.7267
vn -0.2404 0.5751 0.7819
vn -0.3602 0.4697 0.8059
vn -0.4477 0.3323 0.8301
vn -0.5337 0.2698 0.8014
vn -0.6048 0.1947 0.7722
vn -0.6863 0.1438 0.7129
vn -0.7170 0.0795 0.6925
vn 0.2613 0.8040 0.5341
vn 0.2973 0.7452 0.5969
vn 0.0360 0.8503 0.5250
vn 0.0977 0.4288 0.8980
vn -0.0018 0.8863 0.4631
vn 0.0862 0.7954 0.5999
vn 0.0803 0.7338 0.6746
vn 0.0326 0.7069 0.7065
vn -0.1240 0.6198 0.7749
vn -0.2388 0.5271 0.8155
vn -0.3609 0.4230 0.8311
vn -0.4448 0.2967 0.8451
vn -0.5261 0.2420 0.8152
vn -0.5961 0.1681 0.7851
vn -0.6749 0.1121 0.7293
vn -0.7032 0.0471 0.7094
vn 0.4292 0.6759 0.5991
vn 0.1407 0.7690 0.6236
vn 0.0292 0.6480 0.7610
vn 0.1190 0.7520 0.6483
vn 0.1567 0.6880 0.7086
vn 0.1008 0.6699 0.7355
vn -0.0368 0.6676 0.7436
vn -0.1204 0.5633 0.8174
vn -0.2325 0.4774 0.8473
vn -0.3581 0.3784 0.8535
vn -0.4420 0.2659 0.8567
vn -0.5165 0.2112 0.8298
vn -0.5875 0.1410 0.7968
vn -0.6664 0.0836 0.7409
vn -0.6921 0.0192 0.7215
vn 0.3373 0.6892 0.6412
vn 0.1898 0.7253 0.6617
vn 0.2398 0.6708 0.7018
vn 0.5399 0.5794 0.6105
vn 0.2846 0.6101 0.7394
vn 0.1932 0.6143 0.7650
vn 0.0424 0.6424 0.7652
vn -0.0278 0.6027 0.7975
vn -0.1130 0.5128 0.8510
vn -0.2232 0.4262 0.8766
vn -0.3484 0.3299 0.8773
vn -0.4333 0.2326 0.8707
vn -0.5087 0.1841 0.8410
vn -0.5808 0.1187 0.8053
vn -0.6576 0.0566 0.7513
vn -0.6836 -0.0085 0.7298
vn 0.6509 -0.2466 0.7179
vn 0.8068 -0.2198 0.5484
vn 0.7656 -0.4009 0.5031
vn 0.4764 0.5868 0.6547
vn 0.3742 0.6373 0.6736
vn 0.4132 0.5815 0.7008
vn 0.2421 0.5585 0.7934
vn 0.2485 0.6116 0.7511
vn 0.4483 0.5333 0.7173
vn 0.3203 0.5495 0.7716
vn 0.1231 0.6017 0.7892
vn 0.0562 0.5798 0.8128
vn -0.0211 0.5463 0.8373
vn -0.1056 0.4664 0.8782
vn -0.2141 0.3747 0.9020
vn -0.3382 0.2907 0.8950
vn -0.4232 0.2011 0.8834
vn -0.4999 0.1586 0.8514
vn -0.5716 0.0927 0.8152
vn -0.6523 0.0374 0.7570
vn -0.6489 0.0240 0.7605
vn 0.9854 0.0157 0.1691
vn -0.4408 0.1426 0.8862
vn -0.0221 0.3560 0.9342
vn -0.1956 0.2580 0.9461
vn 0.5263 0.5029 0.6856
vn 0.7974 0.5250 0.2973
vn 0.5465 0.4764 0.6887
vn 0.4732 0.4917 0.7309
vn 0.2243 0.5458 0.8073
vn 0.1455 0.5360 0.8316
vn 0.0719 0.5198 0.8512
vn -0.0116 0.4928 0.8701
vn -0.0952 0.4153 0.9047
vn -0.2035 0.3273 0.9227
vn -0.3296 0.2627 0.9068
vn -0.4136 0.1718 0.8940
vn -0.4905 0.1342 0.8610
vn -0.5582 0.0606 0.8274
vn -0.6390 -0.0040 0.7692
vn -0.6779 -0.0370 0.7342
vn 0.9531 0.3025 0.0021
vn 0.6334 0.0577 0.7716
vn 0.7099 0.3713 0.5985
vn 0.5538 0.4683 0.6884
vn 0.3487 0.4912 0.7982
vn 0.2534 0.4743 0.8431
vn 0.1716 0.4623 0.8699
vn 0.0898 0.4558 0.8855
vn 0.0020 0.4369 0.8995
vn -0.0807 0.3580 0.9302
vn -0.1889 0.2871 0.9391
vn -0.3154 0.2275 0.9212
vn -0.3997 0.1391 0.9060
vn -0.4816 0.1092 0.8696
vn -0.5478 0.0334 0.8359
vn -0.6263 -0.0411 0.7785
vn -0.6685 -0.0732 0.7401
vn 0.9355 0.3479 -0.0617
vn 0.5814 0.2448 0.7758
vn 0.4924 0.4523 0.7436
vn 0.3710 0.4337 0.8211
vn 0.2799 0.3956 0.8747
vn 0.2033 0.3817 0.9016
vn 0.1089 0.3990 0.9105
vn 0.0158 0.3836 0.9233
vn -0.0664 0.3076 0.9492
vn -0.1718 0.2463 0.9538
vn -0.2968 0.1851 0.9368
vn -0.3835 0.1093 0.9170
vn -0.4678 0.0764 0.8805
vn -0.5367 0.0038 0.8437
vn -0.6142 -0.0785 0.7852
vn -0.6558 -0.1158 0.7460
vn 0.4033 0.6183 0.6745
vn 0.5672 0.4352 0.6992
vn 0.5066 0.4178 0.7541
vn 0.2916 0.3471 0.8913
vn 0.2289 0.3229 0.9183
vn 0.1310 0.3487 0.9280
vn 0.0308 0.3301 0.9434
vn -0.0524 0.2642 0.9630
vn -0.1540 0.2018 0.9672
vn -0.2770 0.1429 0.9502
vn -0.2606 0.1134 0.9587
vn -0.4535 0.0424 0.8902
vn -0.5232 -0.0313 0.8516
vn -0.6004 -0.1202 0.7906
vn -0.6435 -0.1560 0.7493
vn 0.4671 0.2387 0.8513
vn 0.2950 0.5970 0.7460
vn 0.5877 0.3889 0.7094
vn 0.3848 0.3882 0.8373
vn 0.2956 0.3187 0.9006
vn 0.2434 0.2867 0.9266
vn 0.1535 0.2979 0.9422
vn 0.0464 0.2787 0.9592
vn -0.0366 0.2184 0.9752
vn -0.1378 0.1632 0.9769
vn -0.1216 0.1300 0.9840
vn -0.3681 0.0826 0.9261
vn -0.4394 0.0080 0.8982
vn -0.5113 -0.0615 0.8572
vn -0.4946 -0.1004 0.8633
vn -0.6323 -0.1915 0.7507
vn 0.3340 0.0588 0.9407
vn 0.5156 0.3929 0.7614
vn 0.3948 0.3557 0.8471
vn 0.3022 0.2823 0.9105
vn 0.2540 0.2506 0.9341
vn 0.1722 0.2530 0.9520
vn 0.0604 0.2339 0.9704
vn -0.0218 0.1775 0.9839
vn -0.0082 0.1447 0.9894
vn -0.2452 0.0929 0.9650
vn -0.3521 0.0471 0.9348
vn -0.4211 -0.0327 0.9064
vn -0.4034 -0.0720 0.9122
vn -0.5872 -0.1590 0.7936
vn -0.5752 -0.1889 0.7959
vn 0.1485 0.4853 0.8616
vn 0.5292 0.3550 0.7706
vn 0.4088 0.3106 0.8581
vn 0.3095 0.2478 0.9180
vn 0.2639 0.2144 0.9404
vn 0.1871 0.2146 0.9586
vn 0.0750 0.1904 0.9788
vn 0.0874 0.1553 0.9840
vn -0.1047 0.0997 0.9895
vn -0.2278 0.0621 0.9717
vn -0.3362 0.0085 0.9417
vn -0.3190 -0.0321 0.9472
vn -0.3014 -0.0713 0.9508
vn -0.3872 -0.1074 0.9157
vn -0.4764 -0.1418 0.8677
vn -0.4617 -0.1712 0.8703
vn -0.6227 -0.2187 0.7512
vn 0.1409 -0.1611 0.9768
vn -0.0180 0.3616 0.9322
vn 0.6026 0.3581 0.7132
vn 0.4257 0.2599 0.8667
vn 0.3218 0.2098 0.9232
vn 0.2694 0.1871 0.9446
vn 0.2008 0.1784 0.9632
vn 0.0982 0.1287 0.9868
vn 0.0038 0.1170 0.9931
vn -0.0882 0.0671 0.9938
vn -0.2073 0.0183 0.9781
vn -0.1880 -0.0240 0.9819
vn -0.1729 -0.0593 0.9832
vn -0.2863 -0.1015 0.9528
vn -0.3700 -0.1457 0.9175
vn -0.3555 -0.1772 0.9177
vn -0.5637 -0.2165 0.7971
vn -0.6126 -0.2429 0.7521
vn -0.0374 -0.2365 0.9709
vn -0.1822 0.1961 0.9635
vn 0.5467 0.3036 0.7803
vn 0.4388 0.2226 0.8706
vn 0.3394 0.1656 0.9259
vn 0.2717 0.1718 0.9469
vn 0.2125 0.1480 0.9658
vn 0.1108 0.1010 0.9887
vn 0.0139 0.0917 0.9957
vn -0.0735 0.0292 0.9969
vn -0.0638 -0.0008 0.9980
vn -0.0558 -0.0288 0.9980
vn -0.1606 -0.0890 0.9830
vn -0.2735 -0.1287 0.9532
vn -0.2603 -0.1596 0.9522
vn -0.4480 -0.1961 0.8722
vn -0.5530 -0.2418 0.7973
vn -0.5981 -0.2796 0.7510
vn -0.1482 -0.3060 0.9404
vn 0.6044 0.3437 0.7186
vn 0.5606 0.2542 0.7880
vn 0.4502 0.1905 0.8723
vn 0.2756 0.1629 0.9474
vn 0.2194 0.1246 0.9676
vn 0.1231 0.0716 0.9898
vn 0.0240 0.0612 0.9978
vn 0.0356 0.0281 0.9990
vn 0.0465 -0.0028 0.9989
vn -0.0461 -0.0612 0.9970
vn -0.1488 -0.1144 0.9822
vn -0.1384 -0.1390 0.9805
vn -0.3430 -0.2008 0.9176
vn -0.4342 -0.2223 0.8729
vn -0.5403 -0.2737 0.7957
vn -0.5841 -0.3157 0.7477
vn -0.2504 0.1373 0.9583
vn 0.6066 0.3164 0.7293
vn 0.5715 0.2120 0.7927
vn 0.3531 0.1419 0.9247
vn 0.2820 0.1474 0.9480
vn 0.2229 0.0997 0.9697
vn 0.1340 0.0414 0.9901
vn 0.1426 0.0159 0.9896
vn 0.0566 -0.0349 0.9978
vn -0.0378 -0.0866 0.9955
vn -0.0299 -0.1087 0.9936
vn -0.2498 -0.1839 0.9507
vn -0.3318 -0.2214 0.9170
vn -0.4214 -0.2494 0.8719
vn -0.5262 -0.3100 0.7918
vn -0.5732 -0.3401 0.7455
vn -0.2526 0.1110 0.9611
vn 0.6172 0.2637 0.7413
vn 0.4608 0.1639 0.8722
vn 0.3639 0.1313 0.9221
vn 0.2937 0.1089 0.9496
vn 0.2260 0.0704 0.9716
vn 0.2322 0.0375 0.9719
vn 0.1509 -0.0104 0.9885
vn 0.0656 -0.0639 0.9958
vn 0.0741 -0.0879 0.9933
vn -0.1301 -0.1600 0.9785
vn -0.2417 -0.2021 0.9490
vn -0.3211 -0.2445 0.9149
vn -0.4072 -0.2833 0.8683
vn -0.5134 -0.3397 0.7880
vn -0.5601 -0.3640 0.7441
vn 0.5791 0.1823 0.7946
vn 0.4734 0.1418 0.8693
vn 0.3734 0.1129 0.9207
vn 0.3060 0.0631 0.9499
vn 0.2410 0.0048 0.9705
vn 0.1599 -0.0378 0.9864
vn 0.1692 -0.0638 0.9835
vn -0.0212 -0.1317 0.9910
vn -0.1196 -0.1844 0.9755
vn -0.2278 -0.2344 0.9450
vn -0.3083 -0.2728 0.9113
vn -0.3921 -0.3189 0.8628
vn -0.5020 -0.3641 0.7845
vn -0.4935 -0.3806 0.7820
vn 0.6353 0.2007 0.7457
vn 0.4871 0.1157 0.8656
vn 0.3866 0.0800 0.9188
vn 0.3153 0.0252 0.9486
vn 0.2499 -0.0244 0.9679
vn 0.2606 -0.0542 0.9639
vn 0.0834 -0.1116 0.9902
vn -0.0121 -0.1556 0.9877
vn -0.1094 -0.2132 0.9709
vn -0.2109 -0.2743 0.9382
vn -0.2941 -0.3012 0.9070
vn -0.3804 -0.3458 0.8577
vn -0.3727 -0.3632 0.8539
vn -0.5483 -0.3875 0.7411
vn 0.5843 0.1657 0.7944
vn 0.4976 0.0880 0.8629
vn 0.4036 0.0366 0.9142
vn 0.3258 -0.0098 0.9454
vn 0.3382 -0.0448 0.9400
vn 0.1796 -0.0899 0.9796
vn 0.0925 -0.1339 0.9867
vn -0.0017 -0.1862 0.9825
vn -0.0990 -0.2466 0.9640
vn -0.1958 -0.3077 0.9311
vn -0.2821 -0.3225 0.9036
vn -0.2704 -0.3411 0.9003
vn -0.4855 -0.3961 0.7793
vn -0.5400 -0.4078 0.7362
vn 0.5935 0.1425 0.7921
vn 0.5100 0.0516 0.8586
vn 0.4190 -0.0061 0.9079
vn 0.3500 -0.0765 0.9336
vn 0.2725 -0.0851 0.9584
vn 0.1931 -0.1194 0.9739
vn 0.1038 -0.1625 0.9812
vn 0.0110 -0.2250 0.9743
vn -0.0842 -0.2895 0.9535
vn -0.1806 -0.3326 0.9256
vn -0.1632 -0.3559 0.9202
vn -0.3664 -0.3782 0.8501
vn -0.3584 -0.3966 0.8451
vn -0.4780 -0.4119 0.7757
vn 0.6573 0.1478 0.7390
vn 0.6091 0.1072 0.7858
vn 0.4308 -0.0392 0.9016
vn 0.3574 -0.0982 0.9287
vn 0.2841 -0.1142 0.9519
vn 0.2069 -0.1512 0.9666
vn 0.1180 -0.2026 0.9721
vn 0.0254 -0.2698 0.9626
vn -0.0685 -0.3263 0.9428
vn -0.0529 -0.3553 0.9333
vn -0.2562 -0.3613 0.8965
vn -0.2414 -0.3804 0.8927
vn -0.3492 -0.4169 0.8392
vn -0.5349 -0.4185 0.7339
vn 0.6831 0.0953 0.7241
vn 0.5229 0.0139 0.8523
vn 0.4401 -0.0627 0.8957
vn 0.3640 -0.1160 0.9241
vn 0.2929 -0.1369 0.9463
vn 0.2185 -0.1857 0.9580
vn 0.1313 -0.2473 0.9600
vn 0.0402 -0.3135 0.9487
vn 0.0529 -0.3460 0.9367
vn -0.1445 -0.3783 0.9143
vn -0.1273 -0.3927 0.9108
vn -0.2278 -0.3999 0.8878
vn -0.4697 -0.4286 0.7717
vn -0.5267 -0.4363 0.7295
vn 0.6273 0.0683 0.7757
vn 0.5344 -0.0171 0.8450
vn 0.4467 -0.0780 0.8912
vn 0.3703 -0.1373 0.9187
vn 0.2983 -0.1582 0.9413
vn 0.2257 -0.2204 0.9489
vn 0.1419 -0.2893 0.9466
vn 0.1490 -0.3242 0.9342
vn -0.0360 -0.3841 0.9226
vn -0.0215 -0.4015 0.9156
vn -0.1130 -0.4010 0.9090
vn -0.3391 -0.4378 0.8327
vn -0.4584 -0.4534 0.7643
vn -0.5120 -0.4714 0.7180
vn 0.7089 0.0483 0.7036
vn 0.6471 0.0273 0.7619
vn 0.5497 -0.0468 0.8340
vn 0.4561 -0.0942 0.8849
vn 0.3041 -0.1871 0.9340
vn 0.2294 -0.2533 0.9398
vn 0.2340 -0.2877 0.9287
vn 0.0641 -0.3733 0.9255
vn 0.0714 -0.3882 0.9188
vn -0.0115 -0.4050 0.9142
vn -0.2118 -0.4271 0.8790
vn -0.3247 -0.4649 0.8236
vn -0.4468 -0.4821 0.7536
vn -0.4988 -0.5128 0.6987
vn 0.6647 -0.0089 0.7470
vn 0.5685 -0.0782 0.8189
vn 0.4758 -0.1269 0.8703
vn 0.3771 -0.1650 0.9113
vn 0.3121 -0.2255 0.9228
vn 0.3200 -0.2663 0.9092
vn 0.1533 -0.3497 0.9242
vn 0.1570 -0.3633 0.9183
vn 0.0740 -0.3860 0.9195
vn -0.1009 -0.4137 0.9048
vn -0.1973 -0.4580 0.8668
vn -0.1882 -0.4777 0.8581
vn -0.3116 -0.4899 0.8141
vn -0.4382 -0.5029 0.7450
vn -0.4901 -0.3948 0.7771
vn -0.4425 -0.5977 0.6685
vn -0.5529 -0.2805 0.7846
vn 0.7317 0.0096 0.6815
vn 0.6800 -0.0379 0.7321
vn 0.5846 -0.1050 0.8045
vn 0.3890 -0.2024 0.8987
vn 0.3254 -0.2980 0.8974
vn 0.2407 -0.3198 0.9164
vn 0.2476 -0.3403 0.9071
vn 0.1634 -0.3689 0.9149
vn -0.0036 -0.4111 0.9116
vn -0.0887 -0.4360 0.8955
vn -0.0767 -0.4621 0.8834
vn -0.1780 -0.4962 0.8498
vn -0.3020 -0.5093 0.8058
vn -0.4328 -0.5201 0.7363
vn -0.4682 -0.6090 0.6402
vn -0.3830 -0.6092 0.6944
vn -0.3975 -0.5619 0.7253
vn -0.3817 -0.5905 0.7110
vn 0.7489 -0.0201 0.6623
vn 0.6986 -0.0702 0.7120
vn 0.4988 -0.1699 0.8498
vn 0.4035 -0.2405 0.8828
vn 0.3293 -0.3171 0.8894
vn 0.2552 -0.3540 0.8997
vn 0.1725 -0.3786 0.9093
vn 0.0791 -0.3916 0.9167
vn 0.0041 -0.4251 0.9051
vn 0.0126 -0.4426 0.8966
vn -0.0673 -0.4836 0.8726
vn -0.1683 -0.5123 0.8421
vn -0.2942 -0.5233 0.7997
vn -0.4929 -0.5493 0.6747
vn 0.7645 -0.0500 0.6426
vn 0.6010 -0.1370 0.7874
vn 0.5192 -0.2078 0.8290
vn 0.4212 -0.2741 0.8645
vn 0.3371 -0.3341 0.8802
vn 0.2641 -0.3688 0.8912
vn 0.1827 -0.3979 0.8990
vn 0.0904 -0.4154 0.9051
vn 0.1017 -0.4392 0.8926
vn 0.0228 -0.4628 0.8861
vn -0.0596 -0.5003 0.8638
vn -0.1602 -0.5231 0.8370
vn -0.4291 -0.5407 0.7235
vn -0.4924 -0.5751 0.6532
vn 0.7155 -0.1002 0.6913
vn 0.6166 -0.1693 0.7689
vn 0.5341 -0.2338 0.8124
vn 0.4417 -0.3072 0.8429
vn 0.3522 -0.3558 0.8656
vn 0.2747 -0.3887 0.8795
vn 0.1942 -0.4245 0.8843
vn 0.1135 -0.4591 0.8811
vn 0.0354 -0.4873 0.8725
vn -0.0497 -0.5145 0.8560
vn -0.1512 -0.5343 0.8316
vn -0.2891 -0.5343 0.7943
vn -0.4288 -0.5596 0.7092
vn -0.4925 -0.6038 0.6268
vn 0.4231 0.5167 0.7443
vn -0.7584 0.5882 -0.2807
vn -0.1679 0.9568 0.2373
vn 0.7797 -0.0766 0.6214
vn 0.6282 -0.1902 0.7544
vn 0.5452 -0.2578 0.7977
vn 0.4601 -0.3365 0.8216
vn 0.3728 -0.3848 0.8443
vn 0.2882 -0.4176 0.8617
vn 0.2090 -0.4566 0.8647
vn 0.1278 -0.4800 0.8679
vn 0.0482 -0.5090 0.8594
vn -0.0392 -0.5249 0.8502
vn -0.1400 -0.5509 0.8227
vn -0.2863 -0.5434 0.7891
vn -0.4308 -0.5810 0.6905
vn -0.5004 -0.6399 0.5832
vn -0.6915 0.3151 -0.6500
vn 0.6090 0.2792 0.7423
vn 0.7274 -0.1201 0.6756
vn 0.6412 -0.2130 0.7372
vn 0.5565 -0.2858 0.7801
vn 0.4758 -0.3618 0.8017
vn 0.3946 -0.4171 0.8187
vn 0.3021 -0.4476 0.8416
vn 0.2246 -0.4816 0.8471
vn 0.1435 -0.5023 0.8527
vn 0.0602 -0.5202 0.8519
vn -0.0312 -0.5334 0.8453
vn -0.1294 -0.5743 0.8083
vn -0.2805 -0.5640 0.7767
vn -0.4312 -0.6039 0.6703
vn -0.4302 -0.6355 0.6411
vn -0.7784 0.2040 -0.5937
vn 0.7242 -0.1564 0.6716
vn 0.6421 -0.2513 0.7242
vn 0.5715 -0.3199 0.7557
vn 0.4918 -0.3890 0.7790
vn 0.4149 -0.4439 0.7942
vn 0.3151 -0.4686 0.8252
vn 0.2367 -0.4971 0.8348
vn 0.1592 -0.5209 0.8386
vn 0.0730 -0.5250 0.8480
vn -0.0226 -0.5497 0.8350
vn -0.0113 -0.5788 0.8153
vn -0.2704 -0.5983 0.7543
vn -0.2600 -0.6335 0.7287
vn -0.2453 -0.6830 0.6880
vn -0.5116 -0.6803 0.5249
vn -0.1217 0.2055 0.9710
vn -0.4098 0.0349 0.9115
vn -0.8225 0.1601 -0.5457
vn -0.7434 0.2506 -0.6200
vn 0.4643 0.2525 0.8489
vn 0.5722 -0.3625 0.7356
vn 0.5093 -0.4148 0.7540
vn 0.4315 -0.4599 0.7760
vn 0.3312 -0.4864 0.8085
vn 0.2481 -0.5112 0.8228
vn 0.1741 -0.5306 0.8295
vn 0.0882 -0.5376 0.8386
vn 0.1065 -0.5639 0.8189
vn -0.1201 -0.6042 0.7877
vn -0.1093 -0.6395 0.7609
vn -0.0972 -0.6976 0.7099
vn -0.4204 -0.7053 0.5707
vn -0.5061 -0.7195 0.4755
vn 0.0552 -0.7525 0.6563
vn -0.6481 -0.0751 0.7578
vn -0.7550 0.2683 -0.5983
vn -0.6959 0.3105 -0.6475
vn 0.5550 -0.4294 0.7124
vn 0.5268 -0.4316 0.7323
vn 0.3489 -0.5076 0.7877
vn 0.2637 -0.5254 0.8090
vn 0.1910 -0.5448 0.8165
vn 0.2095 -0.5675 0.7962
vn 0.0015 -0.6133 0.7898
vn 0.0173 -0.6531 0.7570
vn 0.1156 -0.5780 0.8078
vn -0.3016 -0.3832 0.8730
vn -0.7193 -0.0417 0.6934
vn -0.6995 -0.0913 0.7088
vn -0.3471 0.3752 0.8595
vn -0.9297 0.3412 0.1390
vn 0.0327 -0.2886 0.9569
vn -0.7140 0.3473 -0.6078
vn -0.9883 0.0520 -0.1436
vn 0.4464 -0.4741 0.7589
vn 0.3693 -0.5257 0.7664
vn 0.2795 -0.5426 0.7921
vn 0.2999 -0.5708 0.7643
vn 0.1268 -0.6016 0.7886
vn 0.1444 -0.6380 0.7564
vn 0.1549 -0.6756 0.7208
vn -0.1974 -0.2904 0.9363
vn -0.4190 0.3003 0.8569
vn -0.5065 0.3227 0.7995
vn -0.1472 0.8498 -0.5061
vn -0.3229 0.4671 0.8231
vn 0.0902 0.3804 0.9204
vn 0.4690 0.5463 0.6939
vn -0.7358 0.3802 -0.5604
vn 0.5286 -0.4529 0.7179
vn 0.4669 -0.4992 0.7299
vn 0.3960 -0.5493 0.7358
vn 0.3265 -0.6050 0.7262
vn 0.2274 -0.5979 0.7686
vn 0.2471 -0.6303 0.7360
vn 0.2715 -0.6632 0.6974
vn 0.3404 -0.1613 0.9263
vn 0.0767 0.2976 0.9516
vn -0.3449 0.5014 0.7935
vn -0.3988 0.3867 0.8315
vn -0.2090 0.9778 0.0123
vn -0.9021 0.3503 0.2521
vn 0.0356 0.1010 0.9942
vn -0.6580 0.4216 -0.6238
vn -0.6764 0.4463 -0.5859
vn 0.5148 -0.5036 0.6937
vn 0.4937 -0.5336 0.6866
vn 0.4281 -0.5813 0.6919
vn 0.3578 -0.6416 0.6784
vn 0.3934 -0.6813 0.6173
vn 0.1605 -0.2412 0.9571
vn 0.0272 0.5901 0.8068
vn 0.2635 0.8275 -0.4958
vn -0.4009 0.4638 0.7900
vn -0.7533 0.4110 -0.5133
vn 0.5494 -0.5351 0.6417
vn 0.5197 -0.5679 0.6382
vn 0.4613 -0.6144 0.6401
vn 0.4921 -0.6547 0.5737
vn 0.4504 -0.4238 0.7858
vn 0.3091 0.4706 0.8264
vn -0.0043 0.9859 0.1670
vn 0.3590 0.4973 -0.7898
vn -0.9453 -0.3258 -0.0163
vn -0.2299 -0.3908 0.8913
vn -0.7103 0.4643 -0.5290
vn 0.5576 -0.5936 0.5802
vn 0.5460 -0.5963 0.5884
vn 0.5730 -0.6332 0.5202
vn 0.5478 -0.4516 0.7042
vn 0.6583 0.0526 0.7509
vn 0.4071 0.1832 0.8948
vn 0.4757 0.0020 -0.8796
vn 0.1490 0.7823 -0.6049
vn -0.9375 0.1124 -0.3293
vn -0.7815 0.5655 -0.2637
vn 0.6307 -0.5931 0.5004
vn 0.6307 -0.5888 0.5054
vn 0.5234 -0.6925 0.4964
vn 0.8117 -0.0648 0.5805
vn -0.2564 -0.4704 -0.8443
vn -0.2047 -0.9160 -0.3450
vn 0.2037 0.4985 -0.8426
vn 0.1437 0.1642 0.9759
vn -0.9626 -0.1339 -0.2355
vn 0.5750 -0.6614 0.4815
vn 0.6426 -0.5161 0.5662
vn 0.8520 0.3705 0.3700
vn 0.8030 0.2982 0.5160
vn 0.4077 0.6100 -0.6795
vn -0.2297 -0.9477 0.2214
vn 0.2657 -0.4920 -0.8290
vn 0.1457 -0.5043 -0.8511
vn 0.0378 0.6875 -0.7252
vn 0.1395 0.1166 0.9833
vn -0.6189 0.4501 -0.6436
vn 0.6462 -0.6284 0.4330
vn 0.5597 -0.5789 0.5929
vn 0.5501 -0.6452 0.5302
vn -0.1342 -0.9521 -0.2745
vn 0.0886 -0.8990 -0.4288
vn 0.0576 0.1727 -0.9833
vn -0.1554 0.6608 -0.7342
vn -0.6105 0.3691 -0.7007
vn 0.5420 -0.4409 0.7154
vn 0.4086 -0.3200 0.8548
vn 0.4717 -0.5362 0.7000
vn 0.9518 -0.0012 0.3066
vn 0.3735 0.5560 -0.7426
vn 0.0442 -0.9094 -0.4135
vn 0.0281 -0.7444 -0.6671
vn -0.1590 0.4371 -0.8853
vn -0.3120 0.1502 -0.9381
vn 0.1349 -0.1702 -0.9761
vn 0.9102 0.4138 0.0177
vn 0.2899 0.5763 -0.7640
vn 0.1935 0.5730 -0.7963
vn 0.0186 -0.9370 -0.3487
vn -0.0910 -0.4014 -0.9113
vn -0.3824 0.1087 -0.9176
vn -0.2340 0.1160 -0.9653
vn 0.2459 -0.2747 -0.9295
vn 0.1487 0.6249 -0.7664
vn -0.0191 -0.8265 -0.5626
vn -0.1907 -0.7279 -0.6586
vn -0.3608 -0.4021 -0.8415
vn -0.5481 0.3311 -0.7681
vn -0.5178 -0.3152 -0.7953
vn -0.5337 -0.2528 -0.8069
vn -0.2561 -0.4222 -0.8695
vn -0.4126 -0.1323 -0.9012
vn -0.3031 -0.3506 -0.8861
vn -0.2700 -0.4411 -0.8559
vn -0.0512 -0.3664 -0.9290
usemtl Material.001
s 1
f 1/1/1 3/2/2 2/3/3
f 2/3/3 5/4/4 4/5/5
f 3/2/2 6/6/6 2/3/3
f 1/1/1 7/7/7 3/2/2
f 5/4/4 10/8/8 4/5/5
f 2/3/3 6/6/6 5/4/4
f 6/6/6 11/9/9 5/4/4
f 3/2/2 12/10/10 6/6/6
f 8/11/11 14/12/12 13/13/13
f 10/8/8 9/14/14 4/5/5
f 10/8/8 16/15/15 9/14/14
f 5/4/4 17/16/16 10/8/8
f 11/9/9 17/16/16 5/4/4
f 11/9/9 18/17/17 17/16/16
f 6/6/6 19/18/18 11/9/9
f 12/10/10 20/19/19 6/6/6
f 8/11/11 22/20/20 14/12/12
f 15/21/21 23/22/22 8/11/11
f 16/15/15 24/23/23 9/14/14
f 10/8/8 25/24/24 16/15/15
f 17/16/16 26/25/25 10/8/8
f 18/17/17 27/26/26 17/16/16
f 11/9/9 28/27/27 18/17/17
f 19/18/18 28/27/27 11/9/9
f 19/18/18 29/28/28 28/27/27
f 6/6/6 20/19/19 19/18/18
f 20/19/19 21/29/29 19/18/18
f 21/29/29 30/30/30 19/18/18
f 22/20/20 33/31/31 14/12/12
f 8/11/11 34/32/32 22/20/20
f 23/22/22 35/33/33 8/11/11
f 15/21/21 24/23/23 23/22/22
f 24/23/23 36/34/34 9/14/14
f 16/15/15 23/22/22 24/23/23
f 16/15/15 35/33/33 23/22/22
f 16/15/15 37/35/35 35/33/33
f 25/24/24 37/35/35 16/15/15
f 25/24/24 38/36/36 37/35/35
f 17/16/16 27/26/26 26/25/25
f 27/26/26 39/37/37 26/25/25
f 18/17/17 40/38/38 27/26/26
f 28/27/27 41/39/39 18/17/17
f 29/28/28 42/40/40 28/27/27
f 19/18/18 30/30/30 29/28/28
f 30/30/30 43/41/41 29/28/28
f 21/29/29 31/42/42 30/30/30
f 31/42/42 43/41/41 30/30/30
f 33/31/31 32/43/43 14/12/12
f 33/31/31 45/44/44 32/43/43
f 22/20/20 38/36/36 33/31/31
f 34/32/32 35/33/33 22/20/20
f 35/33/33 34/32/32 8/11/11
f 15/21/21 46/45/45 24/23/23
f 36/34/34 47/46/46 9/14/14
f 24/23/23 46/45/45 36/34/34
f 46/45/45 48/47/47 36/34/34
f 37/35/35 22/20/20 35/33/33
f 38/36/36 22/20/20 37/35/35
f 39/37/37 49/48/48 26/25/25
f 27/26/26 50/49/49 39/37/37
f 40/38/38 50/49/49 27/26/26
f 40/38/38 51/50/50 50/49/49
f 18/17/17 41/39/39 40/38/38
f 41/39/39 52/51/51 40/38/38
f 28/27/27 42/40/40 41/39/39
f 42/40/40 52/51/51 41/39/39
f 42/40/40 53/52/52 52/51/51
f 29/28/28 54/53/53 42/40/40
f 32/43/43 55/54/54 44/55/55
f 45/44/44 56/56/56 32/43/43
f 33/31/31 57/57/57 45/44/44
f 38/36/36 57/57/57 33/31/31
f 38/36/36 58/58/58 57/57/57
f 15/21/21 59/59/59 46/45/45
f 47/46/46 60/60/60 9/14/14
f 36/34/34 48/47/47 47/46/46
f 48/47/47 61/61/61 47/46/46
f 39/37/37 62/62/62 49/48/48
f 50/49/49 63/63/63 39/37/37
f 51/50/50 64/64/64 50/49/49
f 40/38/38 52/51/51 51/50/50
f 52/51/51 65/65/65 51/50/50
f 53/52/52 65/65/65 52/51/51
f 53/52/52 66/66/66 65/65/65
f 42/40/40 67/67/67 53/52/52
f 54/53/53 67/67/67 42/40/40
f 54/53/53 68/68/68 67/67/67
f 29/28/28 69/69/69 54/53/53
f 55/54/54 71/70/70 70/71/71
f 32/43/43 56/56/56 55/54/54
f 56/56/56 45/44/44 55/54/54
f 45/44/44 71/70/70 55/54/54
f 45/44/44 72/72/72 71/70/70
f 57/57/57 72/72/72 45/44/44
f 57/57/57 58/58/58 72/72/72
f 15/21/21 73/73/73 59/59/59
f 60/60/60 74/74/74 9/14/14
f 47/46/46 61/61/61 60/60/60
f 62/62/62 75/75/75 49/48/48
f 39/37/37 63/63/63 62/62/62
f 63/63/63 76/76/76 62/62/62
f 50/49/49 77/77/77 63/63/63
f 64/64/64 77/77/77 50/49/49
f 64/64/64 78/78/78 77/77/77
f 51/50/50 65/65/65 64/64/64
f 65/65/65 79/79/79 64/64/64
f 66/66/66 79/79/79 65/65/65
f 66/66/66 80/80/80 79/79/79
f 53/52/52 81/81/81 66/66/66
f 67/67/67 81/81/81 53/52/52
f 67/67/67 82/82/82 81/81/81
f 68/68/68 83/83/83 67/67/67
f 54/53/53 84/84/84 68/68/68
f 69/69/69 85/85/85 54/53/53
f 29/28/28 86/86/86 69/69/69
f 71/70/70 87/87/87 70/71/71
f 71/70/70 88/88/88 87/87/87
f 72/72/72 88/88/88 71/70/70
f 73/73/73 89/89/89 59/59/59
f 15/21/21 38/36/36 73/73/73
f 60/60/60 90/90/90 74/74/74
f 62/62/62 91/91/91 75/75/75
f 76/76/76 92/92/92 62/62/62
f 63/63/63 77/77/77 76/76/76
f 77/77/77 93/93/93 76/76/76
f 78/78/78 93/93/93 77/77/77
f 78/78/78 94/94/94 93/93/93
f 64/64/64 79/79/79 78/78/78
f 79/79/79 95/95/95 78/78/78
f 80/80/80 95/95/95 79/79/79
f 80/80/80 96/96/96 95/95/95
f 66/66/66 97/97/97 80/80/80
f 81/81/81 97/97/97 66/66/66
f 81/81/81 98/98/98 97/97/97
f 82/82/82 98/98/98 81/81/81
f 82/82/82 99/99/99 98/98/98
f 67/67/67 83/83/83 82/82/82
f 83/83/83 100/100/100 82/82/82
f 68/68/68 100/100/100 83/83/83
f 54/53/53 85/85/85 84/84/84
f 86/86/86 85/85/85 69/69/69
f 29/28/28 43/41/41 86/86/86
f 88/88/88 102/101/101 87/87/87
f 73/73/73 103/102/102 89/89/89
f 91/91/91 104/103/103 75/75/75
f 62/62/62 92/92/92 91/91/91
f 92/92/92 105/104/104 91/91/91
f 76/76/76 106/105/105 92/92/92
f 93/93/93 106/105/105 76/76/76
f 93/93/93 107/106/106 106/105/105
f 94/94/94 107/106/106 93/93/93
f 94/94/94 108/107/107 107/106/106
f 78/78/78 95/95/95 94/94/94
f 95/95/95 109/108/108 94/94/94
f 96/96/96 109/108/108 95/95/95
f 96/96/96 110/109/109 109/108/108
f 80/80/80 111/110/110 96/96/96
f 97/97/97 111/110/110 80/80/80
f 97/97/97 112/111/111 111/110/110
f 98/98/98 112/111/111 97/97/97
f 82/82/82 100/100/100 99/99/99
f 87/87/87 102/101/101 101/112/112
f 102/101/101 113/113/113 101/112/112
f 88/88/88 114/114/114 102/101/101
f 103/102/102 115/115/115 89/89/89
f 91/91/91 116/116/116 104/103/103
f 105/104/104 116/116/116 91/91/91
f 105/104/104 117/117/117 116/116/116
f 92/92/92 118/118/118 105/104/104
f 106/105/105 118/118/118 92/92/92
f 106/105/105 119/119/119 118/118/118
f 107/106/106 119/119/119 106/105/105
f 107/106/106 120/120/120 119/119/119
f 108/107/107 120/120/120 107/106/106
f 108/107/107 121/121/121 120/120/120
f 94/94/94 109/108/108 108/107/107
f 109/108/108 122/122/122 108/107/107
f 110/109/109 122/122/122 109/108/108
f 110/109/109 123/123/123 122/122/122
f 96/96/96 124/124/124 110/109/109
f 111/110/110 124/124/124 96/96/96
f 111/110/110 112/111/111 124/124/124
f 112/111/111 125/125/125 124/124/124
f 113/113/113 126/126/126 101/112/112
f 113/113/113 127/127/127 126/126/126
f 102/101/101 128/128/128 113/113/113
f 114/114/114 128/128/128 102/101/101
f 114/114/114 129/129/129 128/128/128
f 115/115/115 130/130/130 89/89/89
f 116/116/116 131/131/131 104/103/103
f 117/117/117 132/132/132 116/116/116
f 105/104/104 133/133/133 117/117/117
f 118/118/118 134/134/134 105/104/104
f 119/119/119 134/134/134 118/118/118
f 119/119/119 135/135/135 134/134/134
f 120/120/120 135/135/135 119/119/119
f 120/120/120 136/136/136 135/135/135
f 121/121/121 136/136/136 120/120/120
f 121/121/121 137/137/137 136/136/136
f 108/107/107 122/122/122 121/121/121
f 122/122/122 138/138/138 121/121/121
f 123/123/123 138/138/138 122/122/122
f 123/123/123 139/139/139 138/138/138
f 110/109/109 140/140/140 123/123/123
f 124/124/124 140/140/140 110/109/109
f 124/124/124 125/125/125 140/140/140
f 125/125/125 141/141/141 140/140/140
f 113/113/113 143/142/142 127/127/127
f 128/128/128 143/142/142 113/113/113
f 128/128/128 129/129/129 143/142/142
f 129/129/129 144/143/143 143/142/142
f 114/114/114 145/144/144 129/129/129
f 115/115/115 146/145/145 130/130/130
f 131/131/131 147/146/146 104/103/103
f 116/116/116 132/132/132 131/131/131
f 132/132/132 148/147/147 131/131/131
f 117/117/117 149/148/148 132/132/132
f 133/133/133 150/149/149 117/117/117
f 105/104/104 134/134/134 133/133/133
f 134/134/134 151/150/150 133/133/133
f 135/135/135 151/150/150 134/134/134
f 135/135/135 152/151/151 151/150/150
f 136/136/136 152/151/151 135/135/135
f 136/136/136 153/152/152 152/151/151
f 137/137/137 153/152/152 136/136/136
f 137/137/137 154/153/153 153/152/152
f 121/121/121 138/138/138 137/137/137
f 138/138/138 155/154/154 137/137/137
f 139/139/139 155/154/154 138/138/138
f 139/139/139 156/155/155 155/154/154
f 123/123/123 157/156/156 139/139/139
f 140/140/140 157/156/156 123/123/123
f 140/140/140 141/141/141 157/156/156
f 141/141/141 158/157/157 157/156/156
f 143/142/142 144/143/143 127/127/127
f 144/143/143 160/158/158 127/127/127
f 129/129/129 161/159/159 144/143/143
f 145/144/144 161/159/159 129/129/129
f 145/144/144 148/147/147 161/159/159
f 114/114/114 147/146/146 145/144/144
f 115/115/115 162/160/160 146/145/145
f 131/131/131 145/144/144 147/146/146
f 148/147/147 145/144/144 131/131/131
f 132/132/132 163/161/161 148/147/147
f 149/148/148 163/161/161 132/132/132
f 149/148/148 164/162/162 163/161/161
f 117/117/117 150/149/149 149/148/148
f 150/149/149 165/163/163 149/148/148
f 133/133/133 166/164/164 150/149/149
f 151/150/150 166/164/164 133/133/133
f 151/150/150 167/165/165 166/164/164
f 152/151/151 167/165/165 151/150/150
f 152/151/151 168/166/166 167/165/165
f 153/152/152 168/166/166 152/151/151
f 153/152/152 169/167/167 168/166/166
f 154/153/153 169/167/167 153/152/152
f 154/153/153 170/168/168 169/167/167
f 137/137/137 155/154/154 154/153/153
f 155/154/154 171/169/169 154/153/153
f 156/155/155 171/169/169 155/154/154
f 156/155/155 172/170/170 171/169/169
f 139/139/139 157/156/156 156/155/155
f 157/156/156 173/171/171 156/155/155
f 158/157/157 173/171/171 157/156/156
f 158/157/157 174/172/172 173/171/171
f 144/143/143 176/173/173 160/158/158
f 161/159/159 176/173/173 144/143/143
f 161/159/159 177/174/174 176/173/173
f 148/147/147 177/174/174 161/159/159
f 148/147/147 163/161/161 177/174/174
f 163/161/161 178/175/175 177/174/174
f 162/160/160 179/176/176 146/145/145
f 164/162/162 178/175/175 163/161/161
f 164/162/162 180/177/177 178/175/175
f 149/148/148 165/163/163 164/162/162
f 165/163/163 181/178/178 164/162/162
f 150/149/149 182/179/179 165/163/163
f 166/164/164 183/180/180 150/149/149
f 167/165/165 183/180/180 166/164/164
f 167/165/165 184/181/181 183/180/180
f 168/166/166 184/181/181 167/165/165
f 168/166/166 185/182/182 184/181/181
f 169/167/167 185/182/182 168/166/166
f 169/167/167 186/183/183 185/182/182
f 170/168/168 186/183/183 169/167/167
f 170/168/168 187/184/184 186/183/183
f 154/153/153 171/169/169 170/168/168
f 171/169/169 188/185/185 170/168/168
f 172/170/170 188/185/185 171/169/169
f 172/170/170 189/186/186 188/185/185
f 156/155/155 173/171/171 172/170/170
f 173/171/171 190/187/187 172/170/170
f 174/172/172 190/187/187 173/171/171
f 174/172/172 191/188/188 190/187/187
f 159/189/189 192/190/190 175/191/191
f 176/173/173 194/192/192 160/158/158
f 177/174/174 195/193/193 176/173/173
f 178/175/175 195/193/193 177/174/174
f 178/175/175 196/194/194 195/193/193
f 179/176/176 197/195/195 146/145/145
f 162/160/160 197/195/195 179/176/176
f 162/160/160 198/196/196 197/195/195
f 180/177/177 196/194/194 178/175/175
f 180/177/177 199/197/197 196/194/194
f 164/162/162 181/178/178 180/177/177
f 181/178/178 200/198/198 180/177/177
f 165/163/163 201/199/199 181/178/178
f 182/179/179 201/199/199 165/163/163
f 182/179/179 202/200/200 201/199/199
f 150/149/149 183/180/180 182/179/179
f 183/180/180 203/201/201 182/179/179
f 184/181/181 203/201/201 183/180/180
f 184/181/181 204/202/202 203/201/201
f 185/182/182 204/202/202 184/181/181
f 185/182/182 205/203/203 204/202/202
f 186/183/183 205/203/203 185/182/182
f 186/183/183 206/204/204 205/203/203
f 187/184/184 206/204/204 186/183/183
f 187/184/184 207/205/205 206/204/204
f 170/168/168 188/185/185 187/184/184
f 188/185/185 208/206/206 187/184/184
f 189/186/186 208/206/206 188/185/185
f 189/186/186 209/207/207 208/206/206
f 172/170/170 190/187/187 189/186/186
f 190/187/187 210/208/208 189/186/186
f 191/188/188 210/208/208 190/187/187
f 191/188/188 211/209/209 210/208/208
f 192/190/190 212/210/210 175/191/191
f 142/211/211 214/212/212 193/213/213
f 176/173/173 195/193/193 194/192/192
f 195/193/193 196/194/194 194/192/192
f 196/194/194 215/214/214 194/192/192
f 198/196/196 216/215/215 197/195/195
f 199/197/197 215/214/214 196/194/194
f 199/197/197 217/216/216 215/214/214
f 180/177/177 200/198/198 199/197/197
f 200/198/198 218/217/217 199/197/197
f 181/178/178 219/218/218 200/198/198
f 201/199/199 219/218/218 181/178/178
f 201/199/199 220/219/219 219/218/218
f 202/200/200 221/220/220 201/199/199
f 182/179/179 203/201/201 202/200/200
f 203/201/201 222/221/221 202/200/200
f 204/202/202 222/221/221 203/201/201
f 204/202/202 223/222/222 222/221/221
f 205/203/203 223/222/222 204/202/202
f 205/203/203 224/223/223 223/222/222
f 206/204/204 224/223/223 205/203/203
f 206/204/204 225/224/224 224/223/223
f 207/205/205 225/224/224 206/204/204
f 207/205/205 226/225/225 225/224/224
f 187/184/184 208/206/206 207/205/205
f 208/206/206 227/226/226 207/205/205
f 209/207/207 227/226/226 208/206/206
f 209/207/207 228/227/227 227/226/226
f 189/186/186 210/208/208 209/207/207
f 210/208/208 211/209/209 209/207/207
f 211/209/209 228/227/227 209/207/207
f 211/209/209 229/228/228 228/227/227
f 191/188/188 230/229/229 211/209/209
f 192/190/190 231/230/230 212/210/210
f 213/231/231 232/232/232 192/190/190
f 214/212/212 198/196/196 193/213/213
f 198/196/196 214/212/212 216/215/215
f 199/197/197 218/217/217 217/216/216
f 218/217/217 233/233/233 217/216/216
f 200/198/198 234/234/234 218/217/217
f 219/218/218 234/234/234 200/198/198
f 219/218/218 235/235/235 234/234/234
f 220/219/219 236/236/236 219/218/218
f 201/199/199 221/220/220 220/219/219
f 221/220/220 237/237/237 220/219/219
f 202/200/200 222/221/221 221/220/220
f 222/221/221 238/238/238 221/220/220
f 223/222/222 238/238/238 222/221/221
f 223/222/222 239/239/239 238/238/238
f 224/223/223 239/239/239 223/222/222
f 224/223/223 240/240/240 239/239/239
f 225/224/224 240/240/240 224/223/223
f 225/224/224 241/241/241 240/240/240
f 226/225/225 241/241/241 225/224/224
f 226/225/225 242/242/242 241/241/241
f 207/205/205 227/226/226 226/225/225
f 227/226/226 243/243/243 226/225/225
f 228/227/227 243/243/243 227/226/226
f 228/227/227 244/244/244 243/243/243
f 229/228/228 244/244/244 228/227/227
f 229/228/228 245/245/245 244/244/244
f 211/209/209 230/229/229 229/228/228
f 230/229/229 246/246/246 229/228/228
f 192/190/190 247/247/247 231/230/230
f 232/232/232 247/247/247 192/190/190
f 213/231/231 248/248/248 232/232/232
f 218/217/217 249/249/249 233/233/233
f 234/234/234 249/249/249 218/217/217
f 234/234/234 250/250/250 249/249/249
f 235/235/235 251/251/251 234/234/234
f 219/218/218 236/236/236 235/235/235
f 236/236/236 252/252/252 235/235/235
f 220/219/219 237/237/237 236/236/236
f 237/237/237 253/253/253 236/236/236
f 221/220/220 238/238/238 237/237/237
f 238/238/238 254/254/254 237/237/237
f 239/239/239 254/254/254 238/238/238
f 239/239/239 255/255/255 254/254/254
f 240/240/240 255/255/255 239/239/239
f 240/240/240 256/256/256 255/255/255
f 241/241/241 256/256/256 240/240/240
f 241/241/241 257/257/257 256/256/256
f 242/242/242 257/257/257 241/241/241
f 242/242/242 258/258/258 257/257/257
f 226/225/225 243/243/243 242/242/242
f 243/243/243 259/259/259 242/242/242
f 244/244/244 259/259/259 243/243/243
f 244/244/244 260/260/260 259/259/259
f 245/245/245 260/260/260 244/244/244
f 245/245/245 261/261/261 260/260/260
f 229/228/228 246/246/246 245/245/245
f 246/246/246 262/262/262 245/245/245
f 248/248/248 263/263/263 232/232/232
f 249/249/249 265/264/264 233/233/233
f 250/250/250 266/265/265 249/249/249
f 234/234/234 251/251/251 250/250/250
f 251/251/251 267/266/266 250/250/250
f 235/235/235 252/252/252 251/251/251
f 252/252/252 268/267/267 251/251/251
f 236/236/236 253/253/253 252/252/252
f 253/253/253 269/268/268 252/252/252
f 237/237/237 254/254/254 253/253/253
f 254/254/254 270/269/269 253/253/253
f 255/255/255 270/269/269 254/254/254
f 255/255/255 271/270/270 270/269/269
f 256/256/256 271/270/270 255/255/255
f 256/256/256 272/271/271 271/270/270
f 257/257/257 272/271/271 256/256/256
f 257/257/257 273/272/272 272/271/271
f 258/258/258 273/272/272 257/257/257
f 258/258/258 274/273/273 273/272/272
f 242/242/242 259/259/259 258/258/258
f 259/259/259 275/274/274 258/258/258
f 260/260/260 275/274/274 259/259/259
f 260/260/260 276/275/275 275/274/274
f 261/261/261 276/275/275 260/260/260
f 261/261/261 277/276/276 276/275/275
f 245/245/245 262/262/262 261/261/261
f 262/262/262 278/277/277 261/261/261
f 248/248/248 264/278/278 263/263/263
f 264/278/278 279/279/279 263/263/263
f 249/249/249 266/265/265 265/264/264
f 266/265/265 280/280/280 265/264/264
f 250/250/250 281/281/281 266/265/265
f 267/266/266 281/281/281 250/250/250
f 267/266/266 282/282/282 281/281/281
f 251/251/251 268/267/267 267/266/266
f 268/267/267 283/283/283 267/266/266
f 252/252/252 269/268/268 268/267/267
f 269/268/268 284/284/284 268/267/267
f 253/253/253 270/269/269 269/268/268
f 270/269/269 285/285/285 269/268/268
f 271/270/270 285/285/285 270/269/269
f 271/270/270 286/286/286 285/285/285
f 272/271/271 286/286/286 271/270/270
f 272/271/271 287/287/287 286/286/286
f 273/272/272 287/287/287 272/271/271
f 273/272/272 274/273/273 287/287/287
f 274/273/273 288/288/288 287/287/287
f 258/258/258 289/289/289 274/273/273
f 275/274/274 289/289/289 258/258/258
f 275/274/274 290/290/290 289/289/289
f 276/275/275 290/290/290 275/274/274
f 276/275/275 291/291/291 290/290/290
f 277/276/276 291/291/291 276/275/275
f 277/276/276 292/292/292 291/291/291
f 278/277/277 277/276/276 261/261/261
f 278/277/277 293/293/293 277/276/276
f 264/278/278 294/294/294 279/279/279
f 266/265/265 295/295/295 280/280/280
f 281/281/281 296/296/296 266/265/265
f 282/282/282 296/296/296 281/281/281
f 282/282/282 297/297/297 296/296/296
f 267/266/266 283/283/283 282/282/282
f 283/283/283 298/298/298 282/282/282
f 268/267/267 284/284/284 283/283/283
f 284/284/284 299/299/299 283/283/283
f 269/268/268 285/285/285 284/284/284
f 285/285/285 300/300/300 284/284/284
f 286/286/286 300/300/300 285/285/285
f 286/286/286 301/301/301 300/300/300
f 287/287/287 301/301/301 286/286/286
f 287/287/287 288/288/288 301/301/301
f 288/288/288 302/302/302 301/301/301
f 274/273/273 303/303/303 288/288/288
f 289/289/289 303/303/303 274/273/273
f 289/289/289 304/304/304 303/303/303
f 290/290/290 304/304/304 289/289/289
f 290/290/290 305/305/305 304/304/304
f 291/291/291 305/305/305 290/290/290
f 291/291/291 292/292/292 305/305/305
f 292/292/292 306/306/306 305/305/305
f 277/276/276 307/307/307 292/292/292
f 293/293/293 307/307/307 277/276/276
f 293/293/293 308/308/308 307/307/307
f 294/294/294 309/309/309 279/279/279
f 295/295/295 311/310/310 280/280/280
f 266/265/265 296/296/296 295/295/295
f 296/296/296 312/311/311 295/295/295
f 297/297/297 312/311/311 296/296/296
f 297/297/297 313/312/312 312/311/311
f 282/282/282 298/298/298 297/297/297
f 298/298/298 314/313/313 297/297/297
f 283/283/283 299/299/299 298/298/298
f 299/299/299 315/314/314 298/298/298
f 284/284/284 300/300/300 299/299/299
f 300/300/300 316/315/315 299/299/299
f 301/301/301 316/315/315 300/300/300
f 301/301/301 302/302/302 316/315/315
f 302/302/302 317/316/316 316/315/315
f 288/288/288 318/317/317 302/302/302
f 303/303/303 318/317/317 288/288/288
f 303/303/303 319/318/318 318/317/317
f 304/304/304 319/318/318 303/303/303
f 304/304/304 320/319/319 319/318/318
f 305/305/305 320/319/319 304/304/304
f 305/305/305 321/320/320 320/319/319
f 306/306/306 321/320/320 305/305/305
f 306/306/306 322/321/321 321/320/320
f 292/292/292 323/322/322 306/306/306
f 307/307/307 324/323/323 292/292/292
f 308/308/308 324/323/323 307/307/307
f 308/308/308 325/324/324 324/323/323
f 293/293/293 326/325/325 308/308/308
f 294/294/294 310/326/326 309/309/309
f 310/326/326 327/327/327 309/309/309
f 311/310/310 329/328/328 280/280/280
f 295/295/295 312/311/311 311/310/310
f 312/311/311 330/329/329 311/310/310
f 313/312/312 330/329/329 312/311/311
f 313/312/312 331/330/330 330/329/329
f 297/297/297 314/313/313 313/312/312
f 314/313/313 332/331/331 313/312/312
f 298/298/298 315/314/314 314/313/313
f 315/314/314 333/332/332 314/313/313
f 299/299/299 316/315/315 315/314/314
f 316/315/315 317/316/316 315/314/314
f 317/316/316 333/332/332 315/314/314
f 317/316/316 334/333/333 333/332/332
f 302/302/302 335/334/334 317/316/316
f 318/317/317 335/334/334 302/302/302
f 318/317/317 336/335/335 335/334/334
f 319/318/318 336/335/335 318/317/317
f 319/318/318 337/336/336 336/335/335
f 320/319/319 337/336/336 319/318/318
f 320/319/319 321/320/320 337/336/336
f 321/320/320 338/337/337 337/336/336
f 322/321/321 338/337/337 321/320/320
f 322/321/321 339/338/338 338/337/337
f 306/306/306 323/322/322 322/321/321
f 323/322/322 340/339/339 322/321/321
f 292/292/292 324/323/323 323/322/322
f 324/323/323 341/340/340 323/322/322
f 325/324/324 341/340/340 324/323/323
f 325/324/324 342/341/341 341/340/340
f 308/308/308 343/342/342 325/324/324
f 326/325/325 343/342/342 308/308/308
f 326/325/325 344/343/343 343/342/342
f 310/326/326 328/344/344 327/327/327
f 328/344/344 345/345/345 327/327/327
f 311/310/310 346/346/346 329/328/328
f 330/329/329 346/346/346 311/310/310
f 330/329/329 347/347/347 346/346/346
f 331/330/330 347/347/347 330/329/329
f 331/330/330 348/348/348 347/347/347
f 313/312/312 332/331/331 331/330/330
f 332/331/331 349/349/349 331/330/330
f 314/313/313 333/332/332 332/331/331
f 333/332/332 350/350/350 332/331/331
f 334/333/333 350/350/350 333/332/332
f 334/333/333 351/351/351 350/350/350
f 317/316/316 335/334/334 334/333/333
f 335/334/334 352/352/352 334/333/333
f 336/335/335 352/352/352 335/334/334
f 336/335/335 353/353/353 352/352/352
f 337/336/336 353/353/353 336/335/335
f 337/336/336 338/337/337 353/353/353
f 338/337/337 354/354/354 353/353/353
f 339/338/338 354/354/354 338/337/337
f 339/338/338 355/355/355 354/354/354
f 322/321/321 340/339/339 339/338/338
f 340/339/339 356/356/356 339/338/338
f 323/322/322 341/340/340 340/339/339
f 341/340/340 357/357/357 340/339/339
f 342/341/341 357/357/357 341/340/340
f 342/341/341 358/358/358 357/357/357
f 325/324/324 359/359/359 342/341/341
f 343/342/342 359/359/359 325/324/324
f 343/342/342 360/360/360 359/359/359
f 344/343/343 360/360/360 343/342/342
f 344/343/343 361/361/361 360/360/360
f 328/344/344 362/362/362 345/345/345
f 346/346/346 363/363/363 329/328/328
f 347/347/347 364/364/364 346/346/346
f 348/348/348 365/365/365 347/347/347
f 331/330/330 349/349/349 348/348/348
f 349/349/349 366/366/366 348/348/348
f 332/331/331 350/350/350 349/349/349
f 350/350/350 367/367/367 349/349/349
f 351/351/351 367/367/367 350/350/350
f 351/351/351 368/368/368 367/367/367
f 334/333/333 352/352/352 351/351/351
f 352/352/352 369/369/369 351/351/351
f 353/353/353 369/369/369 352/352/352
f 353/353/353 354/354/354 369/369/369
f 354/354/354 370/370/370 369/369/369
f 355/355/355 370/370/370 354/354/354
f 355/355/355 371/371/371 370/370/370
f 339/338/338 356/356/356 355/355/355
f 356/356/356 372/372/372 355/355/355
f 340/339/339 357/357/357 356/356/356
f 357/357/357 373/373/373 356/356/356
f 358/358/358 373/373/373 357/357/357
f 358/358/358 374/374/374 373/373/373
f 342/341/341 375/375/375 358/358/358
f 359/359/359 375/375/375 342/341/341
f 359/359/359 376/376/376 375/375/375
f 360/360/360 376/376/376 359/359/359
f 360/360/360 377/377/377 376/376/376
f 361/361/361 377/377/377 360/360/360
f 361/361/361 378/378/378 377/377/377
f 362/362/362 379/379/379 345/345/345
f 346/346/346 364/364/364 363/363/363
f 364/364/364 380/380/380 363/363/363
f 347/347/347 365/365/365 364/364/364
f 365/365/365 381/381/381 364/364/364
f 348/348/348 382/382/382 365/365/365
f 366/366/366 382/382/382 348/348/348
f 366/366/366 383/383/383 382/382/382
f 349/349/349 367/367/367 366/366/366
f 367/367/367 384/384/384 366/366/366
f 368/368/368 384/384/384 367/367/367
f 368/368/368 385/385/385 384/384/384
f 351/351/351 369/369/369 368/368/368
f 369/369/369 370/370/370 368/368/368
f 370/370/370 385/385/385 368/368/368
f 370/370/370 371/371/371 385/385/385
f 371/371/371 386/386/386 385/385/385
f 355/355/355 372/372/372 371/371/371
f 372/372/372 387/387/387 371/371/371
f 356/356/356 373/373/373 372/372/372
f 373/373/373 388/388/388 372/372/372
f 374/374/374 388/388/388 373/373/373
f 374/374/374 389/389/389 388/388/388
f 358/358/358 390/390/390 374/374/374
f 375/375/375 390/390/390 358/358/358
f 375/375/375 391/391/391 390/390/390
f 376/376/376 391/391/391 375/375/375
f 376/376/376 392/392/392 391/391/391
f 377/377/377 392/392/392 376/376/376
f 377/377/377 393/393/393 392/392/392
f 378/378/378 393/393/393 377/377/377
f 378/378/378 394/394/394 393/393/393
f 362/362/362 395/395/395 379/379/379
f 364/364/364 381/381/381 380/380/380
f 381/381/381 396/396/396 380/380/380
f 365/365/365 397/397/397 381/381/381
f 382/382/382 397/397/397 365/365/365
f 382/382/382 398/398/398 397/397/397
f 383/383/383 398/398/398 382/382/382
f 383/383/383 399/399/399 398/398/398
f 366/366/366 384/384/384 383/383/383
f 384/384/384 400/400/400 383/383/383
f 385/385/385 400/400/400 384/384/384
f 385/385/385 386/386/386 400/400/400
f 386/386/386 401/401/401 400/400/400
f 371/371/371 387/387/387 386/386/386
f 387/387/387 402/402/402 386/386/386
f 372/372/372 388/388/388 387/387/387
f 388/388/388 403/403/403 387/387/387
f 389/389/389 403/403/403 388/388/388
f 389/389/389 404/404/404 403/403/403
f 374/374/374 405/405/405 389/389/389
f 390/390/390 405/405/405 374/374/374
f 390/390/390 406/406/406 405/405/405
f 391/391/391 406/406/406 390/390/390
f 391/391/391 407/407/407 406/406/406
f 392/392/392 407/407/407 391/391/391
f 392/392/392 408/408/408 407/407/407
f 393/393/393 408/408/408 392/392/392
f 393/393/393 409/409/409 408/408/408
f 394/394/394 409/409/409 393/393/393
f 394/394/394 410/410/410 409/409/409
f 381/381/381 411/411/411 396/396/396
f 397/397/397 411/411/411 381/381/381
f 397/397/397 412/412/412 411/411/411
f 398/398/398 412/412/412 397/397/397
f 398/398/398 413/413/413 412/412/412
f 399/399/399 413/413/413 398/398/398
f 399/399/399 414/414/414 413/413/413
f 383/383/383 400/400/400 399/399/399
f 400/400/400 401/401/401 399/399/399
f 401/401/401 414/414/414 399/399/399
f 401/401/401 415/415/415 414/414/414
f 386/386/386 402/402/402 401/401/401
f 402/402/402 415/415/415 401/401/401
f 402/402/402 416/416/416 415/415/415
f 387/387/387 403/403/403 402/402/402
f 403/403/403 416/416/416 402/402/402
f 403/403/403 404/404/404 416/416/416
f 404/404/404 417/417/417 416/416/416
f 389/389/389 418/418/418 404/404/404
f 405/405/405 418/418/418 389/389/389
f 405/405/405 419/419/419 418/418/418
f 406/406/406 419/419/419 405/405/405
f 406/406/406 420/420/420 419/419/419
f 407/407/407 420/420/420 406/406/406
f 407/407/407 421/421/421 420/420/420
f 408/408/408 421/421/421 407/407/407
f 408/408/408 422/422/422 421/421/421
f 409/409/409 422/422/422 408/408/408
f 409/409/409 423/423/423 422/422/422
f 410/410/410 423/423/423 409/409/409
f 410/410/410 424/424/424 423/423/423
f 411/411/411 425/425/425 396/396/396
f 412/412/412 426/426/426 411/411/411
f 413/413/413 427/427/427 412/412/412
f 414/414/414 427/427/427 413/413/413
f 414/414/414 428/428/428 427/427/427
f 415/415/415 428/428/428 414/414/414
f 415/415/415 429/429/429 428/428/428
f 416/416/416 429/429/429 415/415/415
f 416/416/416 417/417/417 429/429/429
f 417/417/417 430/430/430 429/429/429
f 404/404/404 431/431/431 417/417/417
f 418/418/418 431/431/431 404/404/404
f 418/418/418 432/432/432 431/431/431
f 419/419/419 432/432/432 418/418/418
f 419/419/419 433/433/433 432/432/432
f 420/420/420 433/433/433 419/419/419
f 420/420/420 434/434/434 433/433/433
f 421/421/421 434/434/434 420/420/420
f 421/421/421 435/435/435 434/434/434
f 422/422/422 435/435/435 421/421/421
f 422/422/422 436/436/436 435/435/435
f 423/423/423 436/436/436 422/422/422
f 423/423/423 424/424/424 436/436/436
f 424/424/424 437/437/437 436/436/436
f 410/410/410 438/438/438 424/424/424
f 411/411/411 439/439/439 425/425/425
f 426/426/426 439/439/439 411/411/411
f 426/426/426 440/440/440 439/439/439
f 412/412/412 427/427/427 426/426/426
f 427/427/427 441/441/441 426/426/426
f 428/428/428 441/441/441 427/427/427
f 428/428/428 442/442/442 441/441/441
f 429/429/429 442/442/442 428/428/428
f 429/429/429 430/430/430 442/442/442
f 430/430/430 443/443/443 442/442/442
f 417/417/417 444/444/444 430/430/430
f 431/431/431 444/444/444 417/417/417
f 431/431/431 445/445/445 444/444/444
f 432/432/432 445/445/445 431/431/431
f 432/432/432 446/446/446 445/445/445
f 433/433/433 446/446/446 432/432/432
f 433/433/433 447/447/447 446/446/446
f 434/434/434 447/447/447 433/433/433
f 434/434/434 448/448/448 447/447/447
f 435/435/435 448/448/448 434/434/434
f 435/435/435 449/449/449 448/448/448
f 436/436/436 449/449/449 435/435/435
f 436/436/436 437/437/437 449/449/449
f 437/437/437 450/450/450 449/449/449
f 424/424/424 451/451/451 437/437/437
f 438/438/438 451/451/451 424/424/424
f 438/438/438 452/452/452 451/451/451
f 439/439/439 453/453/453 425/425/425
f 440/440/440 453/453/453 439/439/439
f 440/440/440 454/454/454 453/453/453
f 426/426/426 441/441/441 440/440/440
f 441/441/441 455/455/455 440/440/440
f 442/442/442 455/455/455 441/441/441
f 442/442/442 443/443/443 455/455/455
f 443/443/443 456/456/456 455/455/455
f 430/430/430 457/457/457 443/443/443
f 444/444/444 457/457/457 430/430/430
f 444/444/444 458/458/458 457/457/457
f 445/445/445 458/458/458 444/444/444
f 445/445/445 459/459/459 458/458/458
f 446/446/446 459/459/459 445/445/445
f 446/446/446 460/460/460 459/459/459
f 447/447/447 460/460/460 446/446/446
f 447/447/447 461/461/461 460/460/460
f 448/448/448 461/461/461 447/447/447
f 448/448/448 462/462/462 461/461/461
f 449/449/449 462/462/462 448/448/448
f 449/449/449 450/450/450 462/462/462
f 450/450/450 463/463/463 462/462/462
f 437/437/437 464/464/464 450/450/450
f 451/451/451 464/464/464 437/437/437
f 451/451/451 465/465/465 464/464/464
f 452/452/452 466/466/466 451/451/451
f 453/453/453 467/467/467 425/425/425
f 454/454/454 468/468/468 453/453/453
f 440/440/440 455/455/455 454/454/454
f 455/455/455 469/469/469 454/454/454
f 456/456/456 469/469/469 455/455/455
f 456/456/456 470/470/470 469/469/469
f 443/443/443 457/457/457 456/456/456
f 457/457/457 471/471/471 456/456/456
f 458/458/458 471/471/471 457/457/457
f 458/458/458 472/472/472 471/471/471
f 459/459/459 472/472/472 458/458/458
f 459/459/459 473/473/473 472/472/472
f 460/460/460 473/473/473 459/459/459
f 460/460/460 474/474/474 473/473/473
f 461/461/461 474/474/474 460/460/460
f 461/461/461 475/475/475 474/474/474
f 462/462/462 475/475/475 461/461/461
f 462/462/462 463/463/463 475/475/475
f 463/463/463 476/476/476 475/475/475
f 450/450/450 477/477/477 463/463/463
f 464/464/464 477/477/477 450/450/450
f 464/464/464 465/465/465 477/477/477
f 465/465/465 478/478/478 477/477/477
f 451/451/451 466/466/466 465/465/465
f 466/466/466 479/479/479 465/465/465
f 452/452/452 480/480/480 466/466/466
f 453/453/453 468/468/468 467/467/467
f 468/468/468 481/481/481 467/467/467
f 454/454/454 482/482/482 468/468/468
f 469/469/469 482/482/482 454/454/454
f 469/469/469 483/483/483 482/482/482
f 470/470/470 483/483/483 469/469/469
f 470/470/470 484/484/484 483/483/483
f 456/456/456 471/471/471 470/470/470
f 471/471/471 485/485/485 470/470/470
f 472/472/472 485/485/485 471/471/471
f 472/472/472 486/486/486 485/485/485
f 473/473/473 486/486/486 472/472/472
f 473/473/473 487/487/487 486/486/486
f 474/474/474 487/487/487 473/473/473
f 474/474/474 488/488/488 487/487/487
f 475/475/475 488/488/488 474/474/474
f 475/475/475 476/476/476 488/488/488
f 476/476/476 489/489/489 488/488/488
f 463/463/463 490/490/490 476/476/476
f 477/477/477 490/490/490 463/463/463
f 477/477/477 478/478/478 490/490/490
f 478/478/478 491/491/491 490/490/490
f 465/465/465 479/479/479 478/478/478
f 479/479/479 492/492/492 478/478/478
f 466/466/466 493/493/493 479/479/479
f 480/480/480 493/493/493 466/466/466
f 480/480/480 494/494/494 493/493/493
f 468/468/468 495/495/495 481/481/481
f 482/482/482 495/495/495 468/468/468
f 482/482/482 496/496/496 495/495/495
f 483/483/483 496/496/496 482/482/482
f 483/483/483 497/497/497 496/496/496
f 484/484/484 497/497/497 483/483/483
f 484/484/484 498/498/498 497/497/497
f 470/470/470 499/499/499 484/484/484
f 485/485/485 499/499/499 470/470/470
f 485/485/485 486/486/486 499/499/499
f 486/486/486 500/500/500 499/499/499
f 487/487/487 500/500/500 486/486/486
f 487/487/487 501/501/501 500/500/500
f 488/488/488 501/501/501 487/487/487
f 488/488/488 489/489/489 501/501/501
f 489/489/489 502/502/502 501/501/501
f 476/476/476 503/503/503 489/489/489
f 490/490/490 503/503/503 476/476/476
f 490/490/490 491/491/491 503/503/503
f 491/491/491 504/504/504 503/503/503
f 478/478/478 492/492/492 491/491/491
f 492/492/492 505/505/505 491/491/491
f 479/479/479 506/506/506 492/492/492
f 493/493/493 506/506/506 479/479/479
f 493/493/493 507/507/507 506/506/506
f 494/494/494 507/507/507 493/493/493
f 494/494/494 508/508/508 507/507/507
f 495/495/495 509/509/509 481/481/481
f 496/496/496 510/510/510 495/495/495
f 497/497/497 511/511/511 496/496/496
f 498/498/498 512/512/512 497/497/497
f 484/484/484 513/513/513 498/498/498
f 499/499/499 513/513/513 484/484/484
f 499/499/499 500/500/500 513/513/513
f 500/500/500 514/514/514 513/513/513
f 501/501/501 514/514/514 500/500/500
f 501/501/501 502/502/502 514/514/514
f 502/502/502 515/515/515 514/514/514
f 489/489/489 516/516/516 502/502/502
f 503/503/503 516/516/516 489/489/489
f 503/503/503 504/504/504 516/516/516
f 504/504/504 517/517/517 516/516/516
f 491/491/491 505/505/505 504/504/504
f 505/505/505 518/518/518 504/504/504
f 492/492/492 519/519/519 505/505/505
f 506/506/506 519/519/519 492/492/492
f 506/506/506 520/520/520 519/519/519
f 507/507/507 520/520/520 506/506/506
f 507/507/507 521/521/521 520/520/520
f 508/508/508 521/521/521 507/507/507
f 508/508/508 522/522/522 521/521/521
f 495/495/495 510/510/510 509/509/509
f 510/510/510 525/523/523 509/509/509
f 496/496/496 511/511/511 510/510/510
f 511/511/511 525/523/523 510/510/510
f 511/511/511 526/524/524 525/523/523
f 497/497/497 512/512/512 511/511/511
f 512/512/512 526/524/524 511/511/511
f 512/512/512 527/525/525 526/524/524
f 498/498/498 528/526/526 512/512/512
f 513/513/513 529/527/527 498/498/498
f 514/514/514 529/527/527 513/513/513
f 514/514/514 515/515/515 529/527/527
f 515/515/515 530/528/528 529/527/527
f 502/502/502 531/529/529 515/515/515
f 516/516/516 531/529/529 502/502/502
f 516/516/516 517/517/517 531/529/529
f 517/517/517 532/530/530 531/529/529
f 504/504/504 518/518/518 517/517/517
f 518/518/518 533/531/531 517/517/517
f 505/505/505 534/532/532 518/518/518
f 519/519/519 534/532/532 505/505/505
f 519/519/519 535/533/533 534/532/532
f 520/520/520 535/533/533 519/519/519
f 520/520/520 536/534/534 535/533/533
f 521/521/521 537/535/535 520/520/520
f 522/522/522 538/536/536 521/521/521
f 524/537/537 539/538/538 523/539/539
f 525/523/523 541/540/540 509/509/509
f 526/524/524 542/541/541 525/523/523
f 527/525/525 543/542/542 526/524/524
f 512/512/512 528/526/526 527/525/525
f 528/526/526 544/543/543 527/525/525
f 498/498/498 529/527/527 528/526/526
f 529/527/527 530/528/528 528/526/526
f 530/528/528 544/543/543 528/526/526
f 530/528/528 545/544/544 544/543/543
f 515/515/515 546/545/545 530/528/528
f 531/529/529 546/545/545 515/515/515
f 531/529/529 532/530/530 546/545/545
f 532/530/530 547/546/546 546/545/545
f 517/517/517 533/531/531 532/530/530
f 533/531/531 548/547/547 532/530/530
f 518/518/518 549/548/548 533/531/531
f 534/532/532 549/548/548 518/518/518
f 534/532/532 550/549/549 549/548/548
f 535/533/533 550/549/549 534/532/532
f 535/533/533 536/534/534 550/549/549
f 536/534/534 551/550/550 550/549/549
f 520/520/520 537/535/535 536/534/534
f 537/535/535 552/551/551 536/534/534
f 521/521/521 538/536/536 537/535/535
f 538/536/536 553/552/552 537/535/535
f 522/522/522 554/553/553 538/536/536
f 539/538/538 555/554/554 523/539/539
f 524/537/537 556/555/555 539/538/538
f 540/556/556 556/555/555 524/537/537
f 540/556/556 557/557/557 556/555/555
f 525/523/523 542/541/541 541/540/540
f 542/541/541 559/558/558 541/540/540
f 526/524/524 543/542/542 542/541/541
f 543/542/542 560/559/559 542/541/541
f 527/525/525 561/560/560 543/542/542
f 544/543/543 561/560/560 527/525/525
f 544/543/543 562/561/561 561/560/560
f 545/544/544 562/561/561 544/543/543
f 545/544/544 563/562/562 562/561/561
f 530/528/528 546/545/545 545/544/544
f 546/545/545 547/546/546 545/544/544
f 547/546/546 563/562/562 545/544/544
f 547/546/546 564/563/563 563/562/562
f 532/530/530 548/547/547 547/546/546
f 548/547/547 564/563/563 547/546/546
f 548/547/547 565/564/564 564/563/563
f 533/531/531 566/565/565 548/547/547
f 549/548/548 566/565/565 533/531/531
f 549/548/548 567/566/566 566/565/565
f 550/549/549 567/566/566 549/548/548
f 550/549/549 551/550/550 567/566/566
f 551/550/550 568/567/567 567/566/566
f 536/534/534 552/551/551 551/550/550
f 552/551/551 569/568/568 551/550/550
f 537/535/535 553/552/552 552/551/551
f 553/552/552 570/569/569 552/551/551
f 538/536/536 554/553/553 553/552/552
f 554/553/553 571/570/570 553/552/552
f 522/522/522 572/571/571 554/553/553
f 542/541/541 560/559/559 559/558/558
f 560/559/559 574/572/572 559/558/558
f 543/542/542 575/573/573 560/559/559
f 561/560/560 575/573/573 543/542/542
f 561/560/560 576/574/574 575/573/573
f 562/561/561 576/574/574 561/560/560
f 562/561/561 577/575/575 576/574/574
f 563/562/562 577/575/575 562/561/561
f 563/562/562 578/576/576 577/575/575
f 564/563/563 578/576/576 563/562/562
f 564/563/563 579/577/577 578/576/576
f 565/564/564 579/577/577 564/563/563
f 565/564/564 580/578/578 579/577/577
f 548/547/547 566/565/565 565/564/564
f 566/565/565 581/579/579 565/564/564
f 567/566/566 581/579/579 566/565/565
f 567/566/566 568/567/567 581/579/579
f 568/567/567 582/580/580 581/579/579
f 551/550/550 569/568/568 568/567/567
f 569/568/568 583/581/581 568/567/567
f 552/551/551 570/569/569 569/568/568
f 570/569/569 584/582/582 569/568/568
f 553/552/552 571/570/570 570/569/569
f 571/570/570 585/583/583 570/569/569
f 554/553/553 586/584/584 571/570/570
f 572/571/571 586/584/584 554/553/553
f 572/571/571 587/585/585 586/584/584
f 560/559/559 589/586/586 574/572/572
f 575/573/573 590/587/587 560/559/559
f 576/574/574 590/587/587 575/573/573
f 576/574/574 591/588/588 590/587/587
f 577/575/575 591/588/588 576/574/574
f 577/575/575 592/589/589 591/588/588
f 578/576/576 592/589/589 577/575/575
f 578/576/576 593/590/590 592/589/589
f 579/577/577 593/590/590 578/576/576
f 579/577/577 594/591/591 593/590/590
f 580/578/578 594/591/591 579/577/577
f 580/578/578 595/592/592 594/591/591
f 565/564/564 581/579/579 580/578/578
f 581/579/579 582/580/580 580/578/578
f 582/580/580 595/592/592 580/578/578
f 582/580/580 596/593/593 595/592/592
f 568/567/567 583/581/581 582/580/580
f 583/581/581 596/593/593 582/580/580
f 583/581/581 597/594/594 596/593/593
f 569/568/568 584/582/582 583/581/581
f 584/582/582 597/594/594 583/581/581
f 584/582/582 598/595/595 597/594/594
f 570/569/569 585/583/583 584/582/582
f 585/583/583 598/595/595 584/582/582
f 585/583/583 599/596/596 598/595/595
f 571/570/570 600/597/597 585/583/583
f 586/584/584 600/597/597 571/570/570
f 586/584/584 601/598/598 600/597/597
f 587/585/585 601/598/598 586/584/584
f 587/585/585 602/599/599 601/598/598
f 573/600/600 603/601/601 588/602/602
f 589/586/586 604/603/603 574/572/572
f 560/559/559 590/587/587 589/586/586
f 590/587/587 605/604/604 589/586/586
f 591/588/588 605/604/604 590/587/587
f 591/588/588 606/605/605 605/604/604
f 592/589/589 606/605/605 591/588/588
f 592/589/589 607/606/606 606/605/605
f 593/590/590 607/606/606 592/589/589
f 593/590/590 608/607/607 607/606/606
f 594/591/591 609/608/608 593/590/590
f 595/592/592 609/608/608 594/591/591
f 595/592/592 610/609/609 609/608/608
f 596/593/593 610/609/609 595/592/592
f 596/593/593 611/610/610 610/609/609
f 597/594/594 611/610/610 596/593/593
f 597/594/594 612/611/611 611/610/610
f 598/595/595 612/611/611 597/594/594
f 598/595/595 613/612/612 612/611/611
f 599/596/596 613/612/612 598/595/595
f 599/596/596 614/613/613 613/612/612
f 585/583/583 600/597/597 599/596/596
f 600/597/597 615/614/614 599/596/596
f 601/598/598 615/614/614 600/597/597
f 601/598/598 616/615/615 615/614/614
f 602/599/599 616/615/615 601/598/598
f 602/599/599 617/616/616 616/615/615
f 603/601/601 620/617/617 588/602/602
f 573/600/600 558/618/618 603/601/601
f 589/586/586 621/619/619 604/603/603
f 605/604/604 621/619/619 589/586/586
f 605/604/604 622/620/620 621/619/619
f 606/605/605 622/620/620 605/604/604
f 606/605/605 623/621/621 622/620/620
f 607/606/606 623/621/621 606/605/605
f 607/606/606 624/622/622 623/621/621
f 608/607/607 624/622/622 607/606/606
f 608/607/607 625/623/623 624/622/622
f 593/590/590 609/608/608 608/607/607
f 609/608/608 626/624/624 608/607/607
f 610/609/609 626/624/624 609/608/608
f 610/609/609 627/625/625 626/624/624
f 611/610/610 627/625/625 610/609/609
f 611/610/610 628/626/626 627/625/625
f 612/611/611 628/626/626 611/610/610
f 612/611/611 629/627/627 628/626/626
f 613/612/612 629/627/627 612/611/611
f 613/612/612 630/628/628 629/627/627
f 614/613/613 630/628/628 613/612/612
f 614/613/613 631/629/629 630/628/628
f 599/596/596 615/614/614 614/613/613
f 615/614/614 632/630/630 614/613/613
f 616/615/615 632/630/630 615/614/614
f 616/615/615 633/631/631 632/630/630
f 617/616/616 633/631/631 616/615/615
f 617/616/616 634/632/632 633/631/631
f 603/601/601 636/633/633 620/617/617
f 621/619/619 637/634/634 604/603/603
f 622/620/620 637/634/634 621/619/619
f 622/620/620 638/635/635 637/634/634
f 623/621/621 638/635/635 622/620/620
f 623/621/621 639/636/636 638/635/635
f 624/622/622 639/636/636 623/621/621
f 624/622/622 640/637/637 639/636/636
f 625/623/623 640/637/637 624/622/622
f 625/623/623 641/638/638 640/637/637
f 608/607/607 626/624/624 625/623/623
f 626/624/624 642/639/639 625/623/623
f 627/625/625 642/639/639 626/624/624
f 627/625/625 643/640/640 642/639/639
f 628/626/626 643/640/640 627/625/625
f 628/626/626 644/641/641 643/640/640
f 629/627/627 644/641/641 628/626/626
f 629/627/627 645/642/642 644/641/641
f 630/628/628 645/642/642 629/627/627
f 630/628/628 646/643/643 645/642/642
f 631/629/629 646/643/643 630/628/628
f 631/629/629 647/644/644 646/643/643
f 614/613/613 632/630/630 631/629/629
f 632/630/630 648/645/645 631/629/629
f 633/631/631 648/645/645 632/630/630
f 633/631/631 649/646/646 648/645/645
f 634/632/632 649/646/646 633/631/631
f 634/632/632 650/647/647 649/646/646
f 617/616/616 651/648/648 634/632/632
f 619/649/649 603/601/601 635/650/650
f 636/633/633 653/651/651 620/617/617
f 603/601/601 654/652/652 636/633/633
f 637/634/634 655/653/653 604/603/603
f 638/635/635 653/651/651 637/634/634
f 639/636/636 656/654/654 638/635/635
f 640/637/637 656/654/654 639/636/636
f 640/637/637 657/655/655 656/654/654
f 641/638/638 657/655/655 640/637/637
f 641/638/638 658/656/656 657/655/655
f 625/623/623 642/639/639 641/638/638
f 642/639/639 659/657/657 641/638/638
f 643/640/640 659/657/657 642/639/639
f 643/640/640 660/658/658 659/657/657
f 644/641/641 660/658/658 643/640/640
f 644/641/641 661/659/659 660/658/658
f 645/642/642 661/659/659 644/641/641
f 645/642/642 662/660/660 661/659/659
f 646/643/643 662/660/660 645/642/642
f 646/643/643 647/644/644 662/660/660
f 647/644/644 663/661/661 662/660/660
f 631/629/629 664/662/662 647/644/644
f 648/645/645 664/662/662 631/629/629
f 648/645/645 649/646/646 664/662/662
f 649/646/646 665/663/663 664/662/662
f 650/647/647 665/663/663 649/646/646
f 650/647/647 666/664/664 665/663/663
f 634/632/632 667/665/665 650/647/647
f 651/648/648 667/665/665 634/632/632
f 651/648/648 668/666/666 667/665/665
f 635/650/650 671/667/667 652/668/668
f 603/601/601 671/667/667 635/650/650
f 653/651/651 655/653/653 620/617/617
f 636/633/633 672/669/669 653/651/651
f 654/652/652 673/670/670 636/633/633
f 656/654/654 672/669/669 638/635/635
f 657/655/655 674/671/671 656/654/654
f 658/656/656 675/672/672 657/655/655
f 641/638/638 659/657/657 658/656/656
f 659/657/657 676/673/673 658/656/656
f 660/658/658 676/673/673 659/657/657
f 660/658/658 677/674/674 676/673/673
f 661/659/659 677/674/674 660/658/658
f 661/659/659 678/675/675 677/674/674
f 662/660/660 678/675/675 661/659/659
f 662/660/660 663/661/661 678/675/675
f 663/661/661 679/676/676 678/675/675
f 647/644/644 680/677/677 663/661/661
f 664/662/662 680/677/677 647/644/644
f 664/662/662 665/663/663 680/677/677
f 665/663/663 681/678/678 680/677/677
f 666/664/664 681/678/678 665/663/663
f 666/664/664 682/679/679 681/678/678
f 650/647/647 683/680/680 666/664/664
f 667/665/665 683/680/680 650/647/647
f 667/665/665 684/681/681 683/680/680
f 668/666/666 684/681/681 667/665/665
f 668/666/666 685/682/682 684/681/681
f 670/683/683 685/682/682 669/684/684
f 671/667/667 687/685/685 652/668/668
f 636/633/633 673/670/670 672/669/669
f 673/670/670 674/671/671 672/669/669
f 654/652/652 688/686/686 673/670/670
f 657/655/655 675/672/672 674/671/671
f 675/672/672 689/687/687 674/671/671
f 658/656/656 690/688/688 675/672/672
f 676/673/673 690/688/688 658/656/656
f 676/673/673 691/689/689 690/688/688
f 677/674/674 691/689/689 676/673/673
f 677/674/674 692/690/690 691/689/689
f 678/675/675 692/690/690 677/674/674
f 678/675/675 679/676/676 692/690/690
f 679/676/676 693/691/691 692/690/690
f 663/661/661 694/692/692 679/676/676
f 680/677/677 694/692/692 663/661/661
f 680/677/677 681/678/678 694/692/692
f 681/678/678 695/693/693 694/692/692
f 682/679/679 695/693/693 681/678/678
f 682/679/679 696/694/694 695/693/693
f 666/664/664 697/695/695 682/679/679
f 683/680/680 697/695/695 666/664/664
f 683/680/680 698/696/696 697/695/695
f 684/681/681 699/697/697 683/680/680
f 685/682/682 700/698/698 669/684/684
f 670/683/683 701/699/699 685/682/682
f 652/668/668 687/685/685 686/700/700
f 687/685/685 704/701/701 686/700/700
f 688/686/686 689/687/687 673/670/670
f 654/652/652 705/702/702 688/686/686
f 675/672/672 706/703/703 689/687/687
f 690/688/688 706/703/703 675/672/672
f 690/688/688 707/704/704 706/703/703
f 691/689/689 707/704/704 690/688/688
f 691/689/689 708/705/705 707/704/704
f 692/690/690 693/691/691 691/689/689
f 693/691/691 708/705/705 691/689/689
f 693/691/691 709/706/706 708/705/705
f 679/676/676 710/707/707 693/691/691
f 694/692/692 710/707/707 679/676/676
f 694/692/692 695/693/693 710/707/707
f 695/693/693 711/708/708 710/707/707
f 696/694/694 711/708/708 695/693/693
f 696/694/694 712/709/709 711/708/708
f 682/679/679 713/710/710 696/694/694
f 697/695/695 714/711/711 682/679/679
f 698/696/696 715/712/712 697/695/695
f 683/680/680 716/713/713 698/696/696
f 699/697/697 716/713/713 683/680/680
f 701/699/699 718/714/714 685/682/682
f 702/715/715 684/681/681 701/699/699
f 704/701/701 719/716/716 686/700/700
f 687/685/685 671/667/667 704/701/701
f 671/667/667 654/652/652 704/701/701
f 688/686/686 720/717/717 689/687/687
f 705/702/702 720/717/717 688/686/686
f 705/702/702 721/718/718 720/717/717
f 707/704/704 722/719/719 706/703/703
f 708/705/705 723/720/720 707/704/704
f 709/706/706 724/721/721 708/705/705
f 693/691/691 710/707/707 709/706/706
f 710/707/707 711/708/708 709/706/706
f 711/708/708 725/722/722 709/706/706
f 712/709/709 725/722/722 711/708/708
f 712/709/709 726/723/723 725/722/722
f 696/694/694 727/724/724 712/709/709
f 713/710/710 727/724/724 696/694/694
f 713/710/710 728/725/725 727/724/724
f 682/679/679 714/711/711 713/710/710
f 714/711/711 728/725/725 713/710/710
f 697/695/695 715/712/712 714/711/711
f 684/681/681 718/714/714 701/699/699
f 684/681/681 729/726/726 718/714/714
f 702/715/715 703/727/727 684/681/681
f 703/727/727 699/697/697 684/681/681
f 721/718/718 722/719/719 720/717/717
f 705/702/702 731/728/728 721/718/718
f 707/704/704 723/720/720 722/719/719
f 723/720/720 732/729/729 722/719/719
f 708/705/705 724/721/721 723/720/720
f 724/721/721 733/730/730 723/720/720
f 709/706/706 725/722/722 724/721/721
f 725/722/722 734/731/731 724/721/721
f 726/723/723 734/731/731 725/722/722
f 726/723/723 735/732/732 734/731/731
f 712/709/709 736/733/733 726/723/723
f 727/724/724 736/733/733 712/709/709
f 727/724/724 737/734/734 736/733/733
f 728/725/725 737/734/734 727/724/724
f 728/725/725 738/735/735 737/734/734
f 729/726/726 739/736/736 718/714/714
f 719/716/716 740/737/737 730/738/738
f 731/728/728 741/739/739 721/718/718
f 705/702/702 704/701/701 731/728/728
f 723/720/720 733/730/730 732/729/729
f 733/730/730 742/740/740 732/729/729
f 724/721/721 734/731/731 733/730/730
f 734/731/731 743/741/741 733/730/730
f 735/732/732 743/741/741 734/731/731
f 735/732/732 744/742/742 743/741/741
f 726/723/723 745/743/743 735/732/732
f 736/733/733 745/743/743 726/723/723
f 736/733/733 746/744/744 745/743/743
f 737/734/734 747/745/745 736/733/733
f 739/736/736 748/746/746 718/714/714
f 729/726/726 749/747/747 739/736/736
f 740/737/737 750/748/748 730/738/738
f 741/739/739 742/740/740 721/718/718
f 731/728/728 751/749/749 741/739/739
f 704/701/701 740/737/737 731/728/728
f 733/730/730 743/741/741 742/740/740
f 743/741/741 752/750/750 742/740/740
f 744/742/742 752/750/750 743/741/741
f 744/742/742 753/751/751 752/750/750
f 735/732/732 754/752/752 744/742/742
f 745/743/743 754/752/752 735/732/732
f 745/743/743 755/753/753 754/752/752
f 746/744/744 747/745/745 745/743/743
f 747/745/745 746/744/744 736/733/733
f 748/746/746 756/754/754 718/714/714
f 739/736/736 757/755/755 748/746/746
f 749/747/747 758/756/756 739/736/736
f 750/748/748 751/749/749 759/757/757
f 751/749/749 760/758/758 741/739/739
f 753/751/751 760/758/758 752/750/750
f 744/742/742 761/759/759 753/751/751
f 754/752/752 761/759/759 744/742/742
f 754/752/752 762/760/760 761/759/759
f 755/753/753 762/760/760 754/752/752
f 755/753/753 763/761/761 762/760/760
f 745/743/743 764/762/762 755/753/753
f 747/745/745 764/762/762 745/743/743
f 756/754/754 765/763/763 718/714/714
f 757/755/755 766/764/764 748/746/746
f 739/736/736 767/765/765 757/755/755
f 758/756/756 767/765/765 739/736/736
f 758/756/756 768/766/766 767/765/765
f 749/747/747 769/767/767 758/756/756
f 751/749/749 770/768/768 759/757/757
f 751/749/749 771/769/769 760/758/758
f 753/751/751 772/770/770 760/758/758
f 761/759/759 773/771/771 753/751/751
f 762/760/760 774/772/772 761/759/759
f 755/753/753 764/762/762 763/761/761
f 765/763/763 700/698/698 718/714/714
f 766/764/764 756/754/754 748/746/746
f 766/764/764 765/763/763 756/754/754
f 767/765/765 775/773/773 757/755/755
f 768/766/766 776/774/774 767/765/765
f 758/756/756 777/775/775 768/766/766
f 769/767/767 777/775/775 758/756/756
f 769/767/767 778/776/776 777/775/775
f 751/749/749 779/777/777 771/769/769
f 753/751/751 780/778/778 772/770/770
f 773/771/771 780/778/778 753/751/751
f 773/771/771 781/779/779 780/778/778
f 761/759/759 774/772/772 773/771/771
f 774/772/772 782/780/780 773/771/771
f 762/760/760 783/781/781 774/772/772
f 765/763/763 785/782/782 700/698/698
f 775/773/773 718/714/714 757/755/755
f 767/765/765 776/774/774 775/773/773
f 768/766/766 786/783/783 776/774/774
f 777/775/775 787/784/784 768/766/766
f 778/776/776 788/785/785 777/775/775
f 779/777/777 789/786/786 771/769/769
f 751/749/749 750/748/748 779/777/777
f 750/748/748 790/787/787 779/777/777
f 784/788/788 783/781/781 762/760/760
f 785/782/782 717/789/789 700/698/698
f 785/782/782 791/790/790 717/789/789
f 718/714/714 766/764/764 757/755/755
f 718/714/714 700/698/698 766/764/764
f 768/766/766 787/784/784 786/783/783
f 787/784/784 792/791/791 786/783/783
f 777/775/775 793/792/792 787/784/784
f 788/785/785 793/792/792 777/775/775
f 788/785/785 794/793/793 793/792/792
f 778/776/776 794/793/793 788/785/785
f 789/786/786 795/794/794 771/769/769
f 750/748/748 796/795/795 790/787/787
f 791/790/790 618/796/796 717/789/789
f 787/784/784 797/797/797 792/791/791
f 793/792/792 797/797/797 787/784/784
f 793/792/792 798/798/798 797/797/797
f 794/793/793 799/799/799 793/792/792
f 795/794/794 800/800/800 771/769/769
f 793/792/792 799/799/799 798/798/798
f 799/799/799 801/801/801 798/798/798
f 794/793/793 802/802/802 799/799/799
f 800/800/800 772/770/770 771/769/769
f 799/799/799 802/802/802 801/801/801
f 802/802/802 804/803/803 801/801/801
f 800/800/800 803/804/804 772/770/770
f 803/804/804 805/805/805 772/770/770
f 804/803/803 806/806/806 801/801/801
f 804/803/803 807/807/807 806/806/806
