# Blender v2.79 (sub 0) OBJ File: ''
# www.blender.org
mtllib 4.mtl
o 4
v -0.243391 0.402246 0.182768
v -0.266713 0.403850 0.183323
v -0.264608 0.394998 0.172594
v -0.265773 0.391043 0.162014
v -0.263853 0.382124 0.146591
v -0.286022 0.372689 0.143895
v -0.214752 0.386027 0.193198
v -0.273260 0.346183 0.125800
v -0.251907 0.348836 0.123142
v -0.281858 0.361591 0.127911
v -0.235774 0.392073 0.199069
v -0.236131 0.361593 0.124818
v -0.270015 0.336288 0.120609
v -0.267575 0.326145 0.110582
v -0.209462 0.374187 0.199447
v -0.243422 0.384668 0.128719
v -0.233759 0.351767 0.116723
v -0.249370 0.338343 0.116027
v -0.246215 0.328294 0.110934
v -0.185696 0.366740 0.204931
v -0.206966 0.364790 0.194260
v -0.233681 0.382645 0.192646
v -0.241680 0.373800 0.123187
v -0.212678 0.351566 0.108435
v -0.229196 0.336743 0.108703
v -0.222276 0.320797 0.101744
v -0.242365 0.312538 0.094429
v -0.182879 0.357333 0.198714
v -0.165633 0.364450 0.204759
v -0.105443 0.417310 0.207622
v -0.203912 0.349111 0.187530
v -0.260917 0.368531 0.130032
v -0.207897 0.335137 0.104518
v -0.237739 0.301459 0.094633
v -0.219844 0.310393 0.096014
v -0.275451 0.321752 0.077903
v -0.162816 0.355728 0.196885
v -0.146891 0.364039 0.195945
v -0.103319 0.402034 0.203086
v -0.151309 0.378093 0.204095
v -0.256801 0.358824 0.125295
v -0.202654 0.324205 0.099550
v -0.231829 0.284491 0.086280
v -0.180653 0.348943 0.189345
v -0.160119 0.345360 0.186889
v -0.081525 0.391810 0.194529
v -0.094547 0.374412 0.185116
v -0.126513 0.361188 0.199977
v -0.215425 0.298813 0.089823
v -0.226601 0.273535 0.086837
v -0.253127 0.281070 0.087563
v -0.178053 0.339210 0.181167
v -0.141944 0.343724 0.181941
v -0.106222 0.355197 0.184783
v -0.143815 0.354271 0.193883
v -0.212114 0.255729 0.087386
v -0.248956 0.269465 0.085328
v -0.268294 0.305616 0.074075
v -0.155818 0.331234 0.178208
v -0.137784 0.334314 0.168918
v -0.124412 0.355859 0.189963
v -0.086661 0.354663 0.175391
v -0.119144 0.341706 0.187532
v -0.263056 0.250294 0.087508
v -0.266447 0.260958 0.089837
v -0.262438 0.294684 0.075227
v -0.174259 0.328723 0.178046
v -0.151736 0.321920 0.160561
v -0.099461 0.336694 0.165642
v -0.115678 0.328532 0.157230
v -0.282210 0.240939 0.100043
v -0.274859 0.277632 0.089914
v -0.184932 0.306015 0.180780
v -0.163924 0.307730 0.190542
v -0.150142 0.318155 0.149095
v -0.259945 0.238532 0.083283
v -0.287062 0.252386 0.097030
v -0.281422 0.289297 0.088891
v -0.181615 0.300510 0.188800
v -0.147345 0.308025 0.144269
v -0.135001 0.325865 0.152948
v -0.130396 0.316775 0.146018
v -0.242766 0.253380 0.080325
v -0.294204 0.262973 0.090411
v -0.285292 0.297127 0.083638
v -0.177054 0.290902 0.187291
v -0.095310 0.326852 0.164712
v -0.291368 0.308809 0.080053
v -0.156882 0.288108 0.179081
v -0.103091 0.346388 0.172255
v -0.076987 0.338700 0.175476
v -0.091481 0.365108 0.179121
v -0.150247 0.468244 0.137656
v -0.139901 0.495222 0.102737
v -0.116800 0.483650 0.157765
v -0.115213 0.471148 0.158221
v -0.092150 0.471831 0.165037
v -0.143839 0.453185 0.133265
v -0.069701 0.475094 0.174516
v -0.109865 0.457146 0.151313
v -0.138243 0.439664 0.131726
v -0.175155 0.468233 0.120489
v -0.067503 0.465356 0.171844
v -0.088717 0.458761 0.155609
v -0.118306 0.451692 0.124896
v -0.062820 0.453114 0.171585
v -0.059800 0.442904 0.169162
v -0.084898 0.449291 0.150783
v -0.105989 0.446247 0.143935
v -0.126515 0.466476 0.118206
v -0.135976 0.480615 0.094698
v -0.048321 0.469158 0.175186
v -0.043759 0.450321 0.171466
v -0.055182 0.431770 0.169173
v -0.102716 0.435735 0.132042
v -0.115290 0.434766 0.120737
v -0.025625 0.459632 0.176970
v -0.037205 0.436710 0.168053
v -0.132293 0.425617 0.134385
v -0.163077 0.490077 0.092982
v -0.163400 0.501838 0.096724
v 0.020311 0.426140 0.220778
v 0.053669 0.437967 0.225420
v 0.049541 0.447587 0.229994
v 0.013748 0.440093 0.227496
v 0.072266 0.440641 0.228511
v 0.004712 0.417386 0.227379
v 0.029946 0.449495 0.227890
v 0.075744 0.429088 0.226740
v 0.011749 0.401651 0.225627
v -0.001516 0.431823 0.229880
v 0.087683 0.448360 0.231872
v 0.096373 0.422364 0.222199
v 0.060602 0.422495 0.219500
v 0.027733 0.405240 0.218639
v -0.012554 0.411109 0.238961
v -0.016236 0.422888 0.232742
v -0.004625 0.443887 0.231942
v -0.010562 0.464474 0.222005
v 0.107843 0.441372 0.228634
v 0.079464 0.419270 0.221728
v 0.063749 0.411392 0.218340
v 0.040806 0.419364 0.219684
v 0.033538 0.390388 0.212780
v 0.014476 0.392055 0.219990
v -0.020343 0.434060 0.233062
v 0.111462 0.430704 0.228894
v 0.086042 0.399920 0.214000
v 0.069962 0.396939 0.211171
v 0.046818 0.403739 0.217227
v 0.036386 0.428752 0.221443
v 0.022781 0.375439 0.198050
v -0.029723 0.405705 0.246474
v 0.125571 0.443547 0.237005
v 0.075864 0.376749 0.209211
v 0.058329 0.378574 0.208133
v 0.023947 0.414879 0.221945
v 0.032999 0.439270 0.223342
v 0.053728 0.387784 0.215172
v 0.018656 0.384513 0.204423
v -0.006969 0.395551 0.242265
v 0.122967 0.459252 0.235082
v 0.128902 0.433127 0.233622
v 0.094302 0.380201 0.212980
v 0.061406 0.368623 0.205762
v 0.041733 0.372705 0.191496
v 0.027050 0.366988 0.181818
v -0.026151 0.395098 0.248649
v 0.141428 0.453400 0.242101
v 0.144014 0.440408 0.240842
v 0.117365 0.413060 0.228510
v 0.107870 0.392461 0.221753
v 0.031990 0.352756 0.177299
v 0.036130 0.343417 0.167105
v 0.005267 0.408268 0.239837
v -0.020853 0.381982 0.247354
v -0.045367 0.394823 0.256701
v 0.160600 0.451032 0.243411
v 0.133166 0.422588 0.232153
v 0.139853 0.400897 0.233786
v 0.099868 0.410836 0.224555
v 0.104016 0.402059 0.222076
v 0.050158 0.359762 0.171833
v 0.038480 0.381950 0.193473
v 0.053441 0.351408 0.165899
v -0.033970 0.367859 0.254902
v -0.061858 0.391455 0.256960
v 0.163355 0.439868 0.239132
v 0.151031 0.419042 0.235453
v 0.143246 0.391023 0.236030
v 0.126347 0.388552 0.232097
v 0.122846 0.398815 0.227893
v 0.091340 0.437919 0.223986
v 0.060487 0.337563 0.160860
v 0.064971 0.364991 0.177874
v -0.056525 0.378514 0.254782
v -0.071318 0.365750 0.249598
v 0.181244 0.443749 0.240966
v 0.184024 0.431400 0.239280
v 0.167307 0.427991 0.235929
v 0.154792 0.408675 0.234138
v 0.145832 0.378502 0.242654
v 0.129614 0.377175 0.236230
v 0.136932 0.411902 0.230943
v 0.070772 0.358037 0.161891
v -0.053111 0.370094 0.249673
v -0.067727 0.355544 0.250847
v -0.076536 0.377022 0.242562
v 0.187424 0.420302 0.239852
v 0.172270 0.412096 0.234544
v 0.158722 0.399122 0.233183
v 0.163552 0.382642 0.240226
v 0.135701 0.355543 0.244304
v 0.114096 0.374725 0.230236
v 0.089537 0.389710 0.216286
v 0.076248 0.343997 0.165572
v 0.085763 0.366457 0.166543
v -0.064839 0.345180 0.247574
v -0.085197 0.392932 0.228299
v 0.202860 0.428569 0.244311
v 0.192469 0.405045 0.239864
v 0.177758 0.393154 0.235523
v 0.175517 0.402665 0.233999
v 0.149305 0.369218 0.243352
v 0.152201 0.356900 0.247964
v 0.117431 0.364762 0.232409
v 0.101121 0.355969 0.227789
v 0.097682 0.368078 0.219460
v 0.080660 0.333724 0.167813
v 0.088758 0.357084 0.165075
v 0.092188 0.346764 0.168631
v -0.036841 0.374053 0.246597
v -0.068797 0.409688 0.231381
v 0.220687 0.431995 0.247386
v 0.209679 0.412475 0.241694
v 0.199015 0.397780 0.233500
v 0.167433 0.358452 0.256450
v 0.132396 0.367021 0.237647
v 0.165998 0.373046 0.242900
v 0.172809 0.349441 0.248424
v 0.138674 0.345201 0.247190
v 0.123329 0.343544 0.243565
v 0.120177 0.354460 0.235538
v 0.104907 0.346958 0.225371
v 0.072719 0.386764 0.213755
v 0.095130 0.334240 0.178524
v -0.041473 0.386077 0.248798
v -0.077380 0.430325 0.222721
v 0.216656 0.403573 0.233440
v 0.182803 0.367952 0.255994
v 0.188417 0.358079 0.247629
v 0.155761 0.347164 0.247953
v 0.125093 0.332140 0.251021
v 0.111442 0.327353 0.222715
v 0.108847 0.337872 0.219274
v 0.083727 0.322039 0.173464
v 0.098879 0.323569 0.182817
v 0.197681 0.381352 0.251992
v 0.192058 0.348040 0.249254
v 0.160901 0.332520 0.248710
v 0.142479 0.329007 0.258075
v 0.128759 0.323173 0.239603
v 0.067386 0.407540 0.209741
v 0.066170 0.325594 0.171155
v 0.083172 0.315886 0.192015
v 0.202335 0.370672 0.252710
v 0.196072 0.338625 0.247038
v 0.178195 0.335921 0.245157
v 0.142458 0.336149 0.247743
v 0.130120 0.313008 0.246488
v 0.216814 0.349067 0.236557
v 0.149303 0.310963 0.256651
v 0.178168 0.382465 0.254484
v 0.234105 0.352931 0.243677
v 0.220649 0.335872 0.237679
v 0.243345 0.338078 0.243487
v 0.261205 0.363534 0.248859
v 0.039579 0.317272 0.264179
v 0.009632 0.344711 0.265961
v 0.017869 0.324993 0.258011
v 0.031213 0.289125 0.266580
v 0.000844 0.328086 0.253808
v 0.043616 0.308035 0.263890
v 0.005601 0.355527 0.268396
v -0.016105 0.367955 0.269270
v -0.069236 0.319502 0.284589
v -0.045534 0.347266 0.294932
v -0.065294 0.309905 0.289883
v -0.051287 0.317826 0.288006
v -0.078165 0.297652 0.294938
v -0.042183 0.338047 0.289193
v -0.058595 0.294910 0.298782
v -0.033338 0.320078 0.278097
v -0.045074 0.302154 0.298234
v -0.074128 0.288616 0.295417
v -0.038565 0.329639 0.281491
v -0.029239 0.306568 0.286915
v -0.040535 0.289656 0.298162
v -0.053058 0.278269 0.295185
v -0.089512 0.282037 0.292889
v -0.058463 0.334814 0.287829
v -0.025940 0.296569 0.288630
v -0.035019 0.276612 0.296784
v -0.046898 0.264107 0.288678
v -0.068315 0.275672 0.291593
v -0.085084 0.272719 0.294222
v -0.094373 0.291636 0.288174
v -0.009316 0.301277 0.279182
v -0.018090 0.280260 0.285393
v -0.043276 0.255065 0.286080
v -0.061914 0.257253 0.291031
v -0.078807 0.253440 0.291963
v -0.104613 0.275138 0.286786
v -0.109069 0.285081 0.285308
v -0.098936 0.303999 0.283931
v -0.010968 0.306088 0.270068
v -0.005901 0.291749 0.282916
v -0.027383 0.257682 0.278418
v -0.057965 0.246728 0.293844
v -0.070209 0.234039 0.295873
v -0.095385 0.250938 0.293754
v -0.115965 0.258680 0.285709
v -0.120279 0.267349 0.282389
v -0.113732 0.295911 0.279714
v 0.007337 0.305205 0.266736
v 0.011534 0.295268 0.276457
v 0.002541 0.274087 0.272056
v -0.013714 0.264454 0.270414
v -0.052057 0.232950 0.291727
v -0.066701 0.224798 0.300832
v -0.087416 0.231030 0.298813
v -0.107113 0.238155 0.299333
v -0.091602 0.241390 0.293144
v -0.134421 0.256681 0.277818
v -0.129859 0.289990 0.274641
v 0.023464 0.308246 0.264267
v -0.009392 0.255583 0.273339
v -0.046722 0.220427 0.295845
v -0.080728 0.217821 0.302827
v -0.098505 0.220629 0.302995
v -0.113104 0.252022 0.292865
v -0.075626 0.244047 0.289474
v -0.140953 0.270753 0.270736
v -0.158224 0.263163 0.259740
v -0.035796 0.235606 0.290673
v -0.056795 0.203820 0.306992
v -0.061361 0.212477 0.301688
v -0.094620 0.211932 0.305776
v -0.117481 0.226805 0.303606
v -0.128321 0.248987 0.298063
v -0.099481 0.260759 0.288992
v -0.082324 0.263364 0.289625
v -0.154396 0.253811 0.260474
v -0.026252 0.213535 0.295223
v -0.039469 0.201782 0.305242
v -0.075544 0.205849 0.302831
v -0.106848 0.199844 0.309969
v -0.122038 0.235863 0.300022
v -0.138670 0.228478 0.294490
v -0.146196 0.235494 0.267757
v -0.174177 0.257009 0.252914
v -0.013747 0.225065 0.288762
v -0.023308 0.204151 0.290442
v -0.052984 0.188086 0.283951
v -0.073041 0.194258 0.288092
v -0.110143 0.208800 0.302475
v -0.129796 0.206513 0.291310
v -0.166261 0.236508 0.258244
v -0.151131 0.244537 0.260209
v -0.178534 0.266118 0.253042
v -0.021482 0.243083 0.284472
v -0.038386 0.195678 0.281159
v -0.115740 0.212705 0.290887
v -0.151638 0.207131 0.273378
v -0.163048 0.221858 0.246507
v -0.182191 0.233786 0.257886
v -0.183933 0.278416 0.253390
v -0.039574 0.244738 0.291407
v -0.003196 0.241241 0.283870
v -0.146707 0.197682 0.274202
v -0.173520 0.204857 0.246005
v -0.178415 0.224376 0.258572
v -0.187579 0.243822 0.259062
v -0.164963 0.280543 0.252874
v 0.001827 0.228290 0.287420
v -0.140977 0.184912 0.276671
v -0.160331 0.186257 0.268764
v -0.175809 0.175392 0.262029
v -0.173869 0.199038 0.235127
v -0.175927 0.214324 0.253807
v -0.168737 0.246114 0.260958
v -0.189163 0.286976 0.245179
v -0.029958 0.222940 0.290779
v 0.018390 0.235803 0.276326
v -0.008585 0.211758 0.296443
v -0.123622 0.182480 0.271764
v -0.154385 0.172884 0.272161
v -0.171408 0.170780 0.270818
v -0.193621 0.171156 0.256083
v -0.159903 0.211641 0.244500
v 0.007487 0.213809 0.290765
v -0.004639 0.202536 0.303073
v -0.018642 0.196514 0.298244
v -0.107760 0.189158 0.275706
v -0.134281 0.168074 0.280241
v -0.165036 0.151101 0.266256
v -0.188928 0.162226 0.261168
v -0.189584 0.189378 0.225830
v 0.026721 0.206869 0.284038
v 0.012189 0.204810 0.294007
v -0.001456 0.193900 0.308027
v -0.118814 0.169653 0.273679
v -0.150884 0.158491 0.267667
v -0.146541 0.143744 0.267527
v -0.185396 0.152673 0.261579
v 0.025972 0.214582 0.257465
v 0.030988 0.197823 0.290559
v 0.004446 0.180712 0.312122
v -0.012997 0.183159 0.306194
v -0.090672 0.190879 0.278744
v -0.114134 0.159903 0.275458
v -0.132394 0.157354 0.270903
v -0.162611 0.141112 0.264936
v -0.177720 0.134449 0.261799
v -0.182129 0.143185 0.260281
v 0.022126 0.227475 0.253394
v 0.017653 0.190999 0.286563
v 0.022603 0.178442 0.290679
v 0.027441 0.166353 0.292141
v 0.010153 0.167040 0.289084
v -0.111313 0.149898 0.275877
v -0.130681 0.139758 0.253601
v -0.160473 0.130748 0.260423
v -0.159236 0.118419 0.251302
v -0.179242 0.124917 0.243172
v 0.014224 0.199841 0.280505
v 0.039862 0.176889 0.292412
v 0.031025 0.157385 0.295262
v -0.009399 0.172412 0.282486
v -0.096729 0.162850 0.279500
v -0.145224 0.132035 0.256266
v -0.159055 0.111869 0.238102
v -0.175368 0.109561 0.240754
v -0.173825 0.101648 0.234906
v 0.049725 0.197443 0.286397
v 0.044761 0.164561 0.295147
v -0.032981 0.178821 0.288668
v -0.099671 0.172299 0.280359
v -0.091789 0.148858 0.281061
v 0.044441 0.210505 0.284379
v 0.057986 0.175725 0.288826
v -0.084889 0.179273 0.281774
v -0.079489 0.166742 0.284148
v -0.076556 0.157155 0.285263
v -0.164246 0.104587 0.200754
v 0.071977 0.187736 0.287178
v -0.068236 0.181379 0.285101
v -0.146277 0.103858 0.188519
v -0.166513 0.091609 0.187438
v 0.078537 0.167372 0.292484
v -0.135520 0.134001 0.193885
v -0.153091 0.113119 0.166901
v -0.193478 0.089650 0.212728
v 0.090616 0.180513 0.293113
v -0.133698 0.116138 0.179794
v -0.138361 0.125162 0.170456
v -0.157002 0.116689 0.157796
v -0.212257 0.079110 0.203946
v -0.193421 0.100044 0.229315
v 0.087282 0.189777 0.291073
v 0.107707 0.182626 0.284970
v -0.158771 0.122864 0.169579
v -0.213786 0.087583 0.210926
v -0.216035 0.103118 0.227163
v -0.220548 0.118367 0.229588
v 0.082080 0.202239 0.287075
v 0.100926 0.197222 0.290834
v 0.097272 0.205596 0.287255
v -0.240295 0.075915 0.205052
v -0.240711 0.085761 0.212559
v -0.243564 0.113659 0.220330
v -0.208669 0.141806 0.232111
v 0.078831 0.210893 0.280570
v 0.094036 0.214566 0.283385
v -0.142002 0.091728 0.192911
v -0.212701 0.066421 0.193616
v -0.247228 0.099022 0.198389
v -0.247055 0.124840 0.226072
v -0.223657 0.132480 0.232083
v -0.121168 0.097785 0.207538
v -0.137836 0.076244 0.191660
v -0.240420 0.065637 0.188715
v -0.216496 0.051763 0.171329
v -0.249896 0.135001 0.226109
v -0.253949 0.145961 0.226596
v -0.234770 0.156407 0.228413
v -0.113505 0.135670 0.221050
v -0.115595 0.092298 0.221149
v -0.163555 0.074858 0.182630
v -0.162837 0.063546 0.181913
v -0.257635 0.157148 0.226335
v -0.223766 0.173064 0.214007
v -0.102480 0.106787 0.222802
v -0.112596 0.080302 0.227014
v -0.191597 0.066205 0.151495
v -0.267509 0.167897 0.216813
v -0.247133 0.179907 0.215258
v -0.233229 0.191995 0.208747
v -0.210911 0.185099 0.209414
v -0.096082 0.098630 0.231300
v -0.088578 0.075421 0.224567
v -0.110756 0.063973 0.217191
v -0.136700 0.064693 0.186535
v -0.223228 0.035182 0.130993
v -0.251019 0.189069 0.213985
v -0.239642 0.208570 0.208831
v -0.225021 0.210645 0.192076
v -0.083218 0.118189 0.243514
v -0.071666 0.085592 0.224556
v -0.084908 0.062601 0.220745
v -0.082382 0.037196 0.214205
v -0.112235 0.056013 0.209046
v -0.260418 0.206193 0.215434
v -0.231824 0.225500 0.192795
v -0.221624 0.201024 0.193671
v -0.090346 0.129738 0.234628
v -0.079333 0.108204 0.238623
v -0.075562 0.095150 0.218052
v -0.067097 0.074196 0.220000
v -0.063442 0.061782 0.216977
v -0.059967 0.041912 0.216798
v -0.082353 0.026602 0.203343
v -0.254468 0.224076 0.185666
v -0.212524 0.227866 0.188014
v -0.229512 0.182677 0.207637
v -0.074411 0.138763 0.242585
v -0.092420 0.086520 0.225432
v -0.058033 0.098009 0.213857
v -0.048696 0.075696 0.213322
v -0.042670 0.060909 0.214647
v -0.039073 0.050923 0.213546
v -0.278781 0.217003 0.183147
v -0.210014 0.233578 0.216620
v -0.242355 0.170600 0.217310
v -0.053832 0.087383 0.213905
v -0.203880 0.212894 0.191952
v -0.200346 0.207909 0.203500
v -0.248047 0.214645 0.185885
v -0.212162 0.194285 0.216379
v -0.270780 0.211419 0.185431
v 0.020429 0.380806 0.200611
v -0.002151 0.345527 0.178621
v -0.027302 0.348342 0.198202
v 0.001358 0.330879 0.173320
v -0.029348 0.357074 0.211910
v 0.004016 0.320966 0.170377
v 0.014269 0.349347 0.172629
v 0.017555 0.339638 0.175012
v -0.037678 0.324026 0.201539
v -0.016397 0.323250 0.212198
v -0.021534 0.337528 0.216214
v -0.006258 0.353587 0.192094
v 0.248452 0.327082 0.272035
v 0.197652 0.334407 0.245383
v 0.198251 0.323770 0.266264
v 0.221668 0.313590 0.272135
v 0.224707 0.293770 0.292130
v 0.201673 0.314717 0.269098
v 0.227534 0.282393 0.295163
v 0.203936 0.292800 0.288551
v 0.182578 0.298878 0.288951
v 0.182167 0.315526 0.273399
v 0.232606 0.272777 0.294054
v 0.210723 0.274011 0.292604
v 0.186063 0.289369 0.288132
v 0.205733 0.300794 0.275507
v 0.181190 0.321076 0.263469
v 0.215257 0.264924 0.291611
v 0.202440 0.252873 0.288166
v 0.191537 0.275685 0.288790
v 0.169740 0.286605 0.287999
v 0.161380 0.309394 0.287718
v 0.239115 0.264894 0.294945
v 0.219858 0.255285 0.291113
v 0.198429 0.262121 0.287722
v 0.181322 0.260026 0.284512
v 0.166128 0.295921 0.288507
v 0.179526 0.308508 0.286887
v 0.228452 0.242254 0.285717
v 0.211230 0.234029 0.286662
v 0.175791 0.273112 0.285836
v 0.153207 0.288292 0.285025
v 0.147191 0.302191 0.282404
v 0.233035 0.232641 0.284235
v 0.205830 0.243635 0.291910
v 0.215705 0.224539 0.279681
v 0.165016 0.257118 0.284697
v 0.157051 0.279273 0.283369
v 0.130270 0.299637 0.285876
v 0.238344 0.222854 0.280929
v 0.222588 0.212697 0.280537
v 0.161093 0.270523 0.280840
v 0.138788 0.281251 0.283026
v 0.142913 0.272133 0.279888
v 0.126003 0.274515 0.279744
v 0.134529 0.290621 0.285799
v 0.234358 0.195981 0.270445
v 0.147267 0.262219 0.275423
v 0.130381 0.265130 0.275067
v 0.215539 0.192493 0.261759
v 0.153739 0.245991 0.273583
v 0.134752 0.250928 0.270083
v 0.216401 0.183642 0.256756
v 0.210070 0.203837 0.267214
v 0.143044 0.227635 0.269553
v 0.120693 0.243832 0.266109
v 0.245464 0.181214 0.258699
v 0.197879 0.188839 0.262052
v 0.194098 0.199426 0.261805
v 0.203188 0.218015 0.272153
v 0.160935 0.221039 0.275521
v 0.126471 0.231038 0.260668
v 0.217430 0.171945 0.249049
v 0.180268 0.183317 0.266376
v 0.147115 0.218725 0.270815
v 0.151402 0.209851 0.269159
v 0.252310 0.169311 0.249716
v 0.199100 0.153813 0.249477
v 0.175717 0.192575 0.267018
v 0.165598 0.211610 0.272832
v 0.184402 0.171579 0.266799
v 0.159222 0.190947 0.266425
v 0.181472 0.144049 0.251864
v 0.163466 0.181807 0.263808
v 0.141121 0.192484 0.266026
v 0.189697 0.127896 0.247806
v 0.162119 0.146652 0.250125
v 0.144872 0.182950 0.262472
v 0.130992 0.175365 0.262017
v 0.131796 0.211807 0.273348
v 0.210429 0.126602 0.245082
v 0.165533 0.136944 0.254941
v 0.171415 0.124366 0.244456
v 0.158163 0.156075 0.247699
v 0.205237 0.176023 0.261567
v 0.187092 0.163803 0.260117
v 0.153183 0.168516 0.246402
v 0.136226 0.202298 0.271582
v 0.122457 0.200232 0.268907
v 0.127561 0.220786 0.274702
v 0.201486 0.103801 0.238641
v 0.177896 0.109983 0.240302
v 0.177292 0.153515 0.249087
v 0.148092 0.138819 0.249446
v 0.141827 0.156953 0.244841
v 0.169088 0.170352 0.240149
v 0.211955 0.168142 0.265126
v 0.174086 0.161529 0.242116
v 0.117593 0.209256 0.271389
v 0.112293 0.218407 0.270903
v 0.220781 0.106647 0.235723
v 0.184669 0.094035 0.236807
v 0.161408 0.106486 0.236705
v 0.157628 0.116983 0.236400
v 0.130554 0.138074 0.239646
v 0.171518 0.201423 0.265676
v 0.202733 0.142105 0.249279
v 0.115384 0.170551 0.257450
v 0.126311 0.189022 0.260988
v 0.108783 0.227133 0.264930
v 0.228285 0.090959 0.233978
v 0.208981 0.087400 0.234025
v 0.152510 0.088140 0.232162
v 0.139234 0.118911 0.234597
v 0.135610 0.128417 0.236022
v 0.123202 0.149153 0.262501
v 0.243389 0.112098 0.233327
v 0.233996 0.078074 0.227577
v 0.169953 0.088766 0.221163
v 0.145041 0.102423 0.235843
v 0.101330 0.163801 0.253134
v 0.246548 0.100110 0.231973
v 0.251992 0.088280 0.230374
v 0.215827 0.073511 0.224778
v 0.170860 0.090437 0.204526
v 0.195047 0.117568 0.240517
v 0.259890 0.074746 0.225583
v 0.240089 0.064323 0.220965
v 0.140241 0.109693 0.246111
v 0.246056 0.051004 0.215397
v 0.220201 0.064581 0.214707
v 0.124203 0.107323 0.252019
v 0.252245 0.035098 0.211160
v 0.127927 0.096579 0.250196
v 0.256336 0.024687 0.209987
v 0.116834 0.075957 0.267589
v 0.132271 0.077231 0.251098
v 0.102121 0.107165 0.283062
v 0.133975 0.067515 0.245919
v 0.154990 0.075912 0.239777
v 0.098205 0.117141 0.284429
v 0.093156 0.086686 0.292061
v 0.158977 0.053656 0.238867
v 0.172712 0.076118 0.241609
v 0.107784 0.137988 0.274173
v 0.089231 0.096260 0.290060
v 0.097520 0.075952 0.291177
v 0.176438 0.064518 0.244524
v 0.187569 0.084971 0.242161
v 0.095419 0.126497 0.286796
v 0.109765 0.092039 0.282578
v 0.076221 0.085570 0.299019
v 0.102453 0.065992 0.292567
v 0.179067 0.045302 0.243748
v 0.193230 0.073210 0.244068
v 0.197437 0.064072 0.238902
v 0.119118 0.158807 0.261515
v 0.113352 0.124269 0.280353
v 0.079724 0.076327 0.303346
v 0.083142 0.066676 0.307056
v 0.109338 0.055695 0.297467
v 0.093508 0.131589 0.272439
v 0.083603 0.109581 0.285328
v 0.089984 0.047729 0.308372
v 0.091912 0.038521 0.305241
v 0.119007 0.042347 0.301754
v 0.167739 0.087160 0.242820
v 0.157124 0.062946 0.244292
v 0.080171 0.121862 0.273791
v 0.123800 0.032344 0.304408
v 0.104150 0.151162 0.263773
v 0.090182 0.143598 0.266681
v 0.069324 0.107221 0.281908
v 0.086986 0.151930 0.259660
v 0.065981 0.114854 0.275974
v 0.069527 0.153116 0.252391
v 0.061992 0.123565 0.267371
v 0.048240 0.112025 0.276510
v 0.083727 0.160407 0.254942
v 0.073484 0.138991 0.253335
v 0.044798 0.121273 0.271135
v 0.054560 0.094822 0.291242
v 0.066507 0.162732 0.253708
v 0.055693 0.140583 0.254988
v 0.040994 0.131009 0.266569
v 0.051139 0.103253 0.286193
v 0.058088 0.086529 0.295903
v 0.078183 0.127110 0.258745
v 0.035322 0.143096 0.263683
v 0.035946 0.079889 0.289861
v 0.071920 0.098672 0.289806
v 0.050670 0.150995 0.270761
v 0.028753 0.090993 0.288286
v 0.061627 0.077617 0.299887
v 0.041207 0.062216 0.287977
v 0.064687 0.067960 0.304996
v 0.038905 0.049324 0.294364
v 0.068469 0.050167 0.311461
v 0.068963 0.040007 0.307156
v 0.086975 0.277381 0.280853
v 0.113447 0.291440 0.297137
v 0.081948 0.290923 0.285202
v 0.075694 0.266714 0.274524
v 0.095390 0.298059 0.289381
v 0.091886 0.263391 0.278045
v 0.060340 0.263312 0.267121
v 0.109082 0.304693 0.294634
v 0.100928 0.284897 0.294660
v 0.063134 0.254092 0.269979
v 0.048351 0.246500 0.257573
v 0.070974 0.281973 0.249713
v 0.067559 0.244226 0.261317
v 0.053016 0.237474 0.258235
v 0.045534 0.256066 0.251837
v 0.057889 0.270058 0.245727
v 0.069777 0.288285 0.240818
v 0.084372 0.247808 0.261090
v 0.075624 0.226823 0.255180
v 0.036642 0.231021 0.250744
v 0.028298 0.253278 0.242964
v 0.038096 0.274852 0.245527
v 0.042656 0.262030 0.242639
v 0.068854 0.294279 0.224759
v 0.082711 0.300701 0.240964
v 0.092854 0.234315 0.237700
v 0.058554 0.225515 0.256405
v 0.015175 0.248880 0.237254
v 0.022844 0.269182 0.237606
v 0.067583 0.304263 0.216199
v 0.050142 0.301500 0.218652
v 0.071806 0.235849 0.257656
v 0.007619 0.266207 0.233826
v 0.016319 0.290685 0.230592
v 0.019705 0.279803 0.231437
v 0.054332 0.288360 0.212425
v 0.082755 0.307105 0.228495
v 0.036574 0.283073 0.218791
v 0.064692 0.312985 0.224446
v 0.008901 0.260697 0.242432
v 0.183240 0.255094 0.288544
v 0.154502 0.239613 0.283511
v 0.184969 0.243931 0.297534
v 0.172981 0.233756 0.295169
v 0.190539 0.232065 0.296573
v 0.157624 0.230446 0.278982
v 0.183305 0.210851 0.288134
v 0.140330 0.236925 0.263390
v 0.405136 0.115672 -0.379632
v 0.363965 0.117059 -0.394039
v 0.363049 0.125586 -0.407781
v 0.393293 0.149253 -0.399673
v 0.366589 0.109369 -0.383948
v 0.362456 0.134357 -0.415848
v 0.391416 0.158821 -0.406213
v 0.393674 0.140785 -0.387801
v 0.360335 0.143352 -0.421958
v 0.411831 0.107093 -0.387098
v 0.388015 0.169837 -0.409676
v 0.356654 0.153001 -0.430553
v 0.420817 0.098200 -0.399777
v 0.349506 0.163420 -0.433273
v 0.299706 0.127848 -0.429027
v 0.435430 0.088122 -0.420086
v 0.373807 0.089194 -0.386835
v 0.399255 0.124109 -0.376776
v 0.383110 0.075137 -0.409079
v 0.435432 0.167779 -0.370244
v 0.391416 0.060680 -0.426594
v 0.429043 0.185129 -0.366427
v -0.058690 0.165097 0.294953
v -0.021626 0.156291 0.291307
v -0.047145 0.176281 0.292070
v -0.037374 0.147896 0.289950
v -0.017372 0.143419 0.288243
v -0.034686 0.132689 0.266256
v -0.053062 0.142486 0.281771
v -0.011331 0.122869 0.266378
v 0.000149 0.144070 0.260417
v -0.007659 0.108637 0.263460
v 0.004200 0.127784 0.243027
v -0.028971 0.110850 0.261394
v -0.026282 0.100721 0.255063
v -0.032057 0.123158 0.261224
v 0.013737 0.096197 0.256292
v -0.015991 0.134554 0.262245
v 0.011034 0.106210 0.260296
v 0.028328 0.112464 0.269727
v 0.022238 0.127755 0.249258
v 0.007505 0.119397 0.260663
v 0.025071 0.122878 0.259428
v 0.016410 0.141070 0.250901
v -0.033940 0.135729 0.204867
v -0.035892 0.140987 0.189619
v -0.054138 0.127632 0.183467
v -0.001447 0.070884 0.005120
v 0.034670 0.045869 0.006092
v 0.008524 0.046530 0.027268
v -0.027674 0.067437 0.006433
v 0.031087 0.054840 0.029795
v -0.003135 0.080263 0.007690
v -0.032927 0.085958 0.010572
v 0.027494 0.063845 0.043925
v -0.004238 0.093117 0.013518
v 0.024516 0.072085 0.050788
v 0.051349 0.084819 0.040262
v 0.057481 0.074354 0.020598
v 0.020751 0.017209 -0.005020
v -0.020830 0.052969 0.007122
v 0.022030 0.081331 0.056602
v 0.051954 0.033843 0.046100
v 0.029120 -0.002025 -0.031046
v 0.017020 0.025972 0.010123
v -0.015283 0.040982 0.008723
v 0.002297 0.056821 0.007100
v 0.017699 -0.027977 -0.002885
v 0.010717 -0.012872 0.004726
v -0.010020 0.029627 0.009198
v 0.021420 -0.036086 -0.009780
v -0.000105 -0.044167 0.007789
v 0.004420 0.000149 0.009494
v -0.004614 0.018407 0.011109
v 0.025374 -0.044220 -0.017566
v 0.005510 -0.057168 0.005282
v -0.011325 -0.078616 0.007257
v -0.006023 -0.032311 0.009059
v -0.012475 -0.021430 0.007525
v 0.013564 0.033710 0.019763
v 0.011368 -0.071440 0.001245
v -0.005661 -0.090965 0.010074
v -0.017323 -0.068056 0.002098
v -0.033110 -0.048376 -0.014582
v 0.017957 -0.087495 -0.005251
v 0.000254 -0.105386 0.010212
v -0.024362 -0.058610 -0.008682
v -0.018962 -0.011544 0.001379
v -0.026131 -0.003376 -0.014884
v 0.021615 -0.095828 -0.008996
v 0.005647 -0.125028 0.008667
v -0.024849 -0.120799 0.003606
v -0.029680 0.000548 -0.025167
v 0.025595 -0.105049 -0.014281
v -0.027026 -0.114186 -0.004214
v -0.029590 -0.111750 -0.018999
vt 0.046279 0.822025
vt 0.060313 0.792655
vt 0.056159 0.803804
vt 0.037800 0.759164
vt 0.072021 0.772800
vt 0.068234 0.716741
vt 0.103181 0.718967
vt 0.053525 0.737309
vt 0.127176 0.735907
vt 0.076075 0.702006
vt 0.085030 0.685260
vt 0.113830 0.767146
vt 0.134601 0.719908
vt 0.110605 0.702722
vt 0.117917 0.688084
vt 0.135141 0.790475
vt 0.141991 0.774546
vt 0.129184 0.803332
vt 0.085998 0.819506
vt 0.097090 0.798341
vt 0.089959 0.815177
vt 0.119219 0.750657
vt 0.170849 0.716134
vt 0.145236 0.697756
vt 0.158841 0.675264
vt 0.131347 0.662440
vt 0.150432 0.749406
vt 0.085499 0.747153
vt 0.179777 0.694098
vt 0.138284 0.648914
vt 0.164911 0.660364
vt 0.089223 0.667811
vt 0.173675 0.783150
vt 0.216623 0.763386
vt 0.181323 0.766592
vt 0.208604 0.779840
vt 0.244341 0.774420
vt 0.094415 0.732601
vt 0.189731 0.678659
vt 0.150789 0.625489
vt 0.189181 0.750095
vt 0.225078 0.743938
vt 0.317295 0.831541
vt 0.356900 0.812113
vt 0.312381 0.855900
vt 0.174088 0.644068
vt 0.158428 0.612332
vt 0.118152 0.621720
vt 0.196995 0.732734
vt 0.257593 0.739258
vt 0.233735 0.798601
vt 0.250343 0.759785
vt 0.278075 0.772645
vt 0.180033 0.590817
vt 0.125438 0.606946
vt 0.101689 0.647115
vt 0.235537 0.720498
vt 0.268771 0.720373
vt 0.284769 0.759932
vt 0.317121 0.756347
vt 0.352256 0.750867
vt 0.336810 0.782811
vt 0.294452 0.739244
vt 0.103214 0.584232
vt 0.096987 0.597862
vt 0.109854 0.634366
vt 0.204638 0.717018
vt 0.248453 0.700139
vt 0.333141 0.722057
vt 0.308555 0.707457
vt 0.067927 0.576009
vt 0.084238 0.618240
vt 0.185566 0.687373
vt 0.217204 0.693917
vt 0.254835 0.690371
vt 0.109866 0.568878
vt 0.062095 0.589328
vt 0.074838 0.632157
vt 0.187775 0.683232
vt 0.260892 0.675224
vt 0.278221 0.702096
vt 0.287691 0.687314
vt 0.136912 0.586093
vt 0.054742 0.600483
vt 0.071669 0.639995
vt 0.196163 0.669413
vt 0.340212 0.708504
vt 0.064395 0.652944
vt 0.233434 0.662338
vt 0.325536 0.738164
vt 0.368425 0.729329
vt 0.343358 0.766924
vt 0.258319 0.879451
vt 0.306578 0.912830
vt 0.284743 0.891717
vt 0.309057 0.896600
vt 0.345358 0.902104
vt 0.380786 0.913038
vt 0.319529 0.873652
vt 0.269878 0.857360
vt 0.279215 0.839108
vt 0.384917 0.898063
vt 0.352994 0.878523
vt 0.312537 0.850477
vt 0.224628 0.868820
vt 0.392759 0.881418
vt 0.398160 0.866129
vt 0.360182 0.863016
vt 0.327565 0.854838
vt 0.301357 0.865224
vt 0.416430 0.905487
vt 0.424513 0.877582
vt 0.405826 0.851202
vt 0.335501 0.834254
vt 0.318279 0.826634
vt 0.292873 0.868849
vt 0.454244 0.893825
vt 0.435790 0.857125
vt 0.287915 0.822593
vt 0.252223 0.879434
vt 0.250581 0.896155
vt 0.531825 0.877365
vt 0.591437 0.897683
vt 0.584454 0.915000
vt 0.520170 0.902276
vt 0.625064 0.903820
vt 0.503997 0.869356
vt 0.549180 0.916172
vt 0.631037 0.885820
vt 0.516604 0.845445
vt 0.492754 0.892042
vt 0.667041 0.872937
vt 0.653294 0.917550
vt 0.603166 0.871259
vt 0.544925 0.846005
vt 0.472331 0.868297
vt 0.466106 0.881116
vt 0.487076 0.911097
vt 0.688864 0.904970
vt 0.636914 0.868170
vt 0.608605 0.854599
vt 0.568117 0.866905
vt 0.554934 0.821137
vt 0.521473 0.828014
vt 0.458675 0.897624
vt 0.476980 0.933256
vt 0.647304 0.835431
vt 0.618669 0.829418
vt 0.578581 0.842942
vt 0.560378 0.881577
vt 0.535773 0.791426
vt 0.440286 0.865614
vt 0.628731 0.799694
vt 0.597985 0.801635
vt 0.538301 0.862016
vt 0.554447 0.898045
vt 0.590594 0.818913
vt 0.528730 0.807797
vt 0.482309 0.847676
vt 0.695413 0.889706
vt 0.728004 0.896676
vt 0.722914 0.914443
vt 0.661638 0.806810
vt 0.603101 0.786263
vt 0.568016 0.783972
vt 0.542680 0.770900
vt 0.446624 0.851368
vt 0.753271 0.932897
vt 0.717679 0.935924
vt 0.757586 0.912767
vt 0.705905 0.863878
vt 0.687378 0.829713
vt 0.550845 0.749239
vt 0.557328 0.731723
vt 0.504711 0.864736
vt 0.456501 0.830990
vt 0.409981 0.856565
vt 0.788756 0.930441
vt 0.735275 0.880259
vt 0.747820 0.849789
vt 0.673732 0.857970
vt 0.680600 0.843699
vt 0.580906 0.755958
vt 0.562565 0.797853
vt 0.585897 0.741830
vt 0.431441 0.814818
vt 0.379206 0.851676
vt 0.792207 0.910667
vt 0.768557 0.877438
vt 0.754653 0.836859
vt 0.722976 0.830691
vt 0.715569 0.842842
vt 0.658421 0.896569
vt 0.597075 0.721034
vt 0.606220 0.766115
vt 0.389546 0.830735
vt 0.363202 0.808283
vt 0.825498 0.917782
vt 0.829855 0.898337
vt 0.798185 0.890868
vt 0.774910 0.861376
vt 0.761494 0.822772
vt 0.730025 0.816727
vt 0.741699 0.863873
vt 0.614093 0.748717
vt 0.396777 0.814805
vt 0.369564 0.793834
vt 0.355193 0.820528
vt 0.836285 0.882443
vt 0.806636 0.866651
vt 0.781672 0.846797
vt 0.792970 0.827303
vt 0.743484 0.789868
vt 0.700460 0.809422
vt 0.653848 0.822344
vt 0.623566 0.731777
vt 0.639434 0.762260
vt 0.375562 0.776439
vt 0.342857 0.834592
vt 0.845474 0.860015
vt 0.816945 0.839642
vt 0.812289 0.852512
vt 0.768076 0.809503
vt 0.774976 0.794095
vt 0.706995 0.796259
vt 0.676636 0.780785
vt 0.668830 0.793373
vt 0.631163 0.719078
vt 0.644167 0.749007
vt 0.650400 0.736929
vt 0.427196 0.818722
vt 0.371626 0.860956
vt 0.866482 0.897919
vt 0.877690 0.872239
vt 0.854498 0.845052
vt 0.806347 0.801663
vt 0.735475 0.802734
vt 0.798436 0.814873
vt 0.813093 0.783277
vt 0.749833 0.776245
vt 0.720624 0.771689
vt 0.712752 0.783082
vt 0.682893 0.766404
vt 0.623845 0.816593
vt 0.656948 0.724724
vt 0.418374 0.838041
vt 0.358089 0.884739
vt 0.900731 0.905322
vt 0.886303 0.853458
vt 0.834774 0.815663
vt 0.841488 0.795643
vt 0.781524 0.779611
vt 0.725942 0.758991
vt 0.693945 0.736766
vt 0.688562 0.750057
vt 0.637057 0.705914
vt 0.664016 0.712188
vt 0.860572 0.833127
vt 0.848921 0.781684
vt 0.791267 0.758259
vt 0.760414 0.758280
vt 0.729428 0.739476
vt 0.613982 0.843498
vt 0.607504 0.709676
vt 0.638856 0.705821
vt 0.869533 0.817621
vt 0.855300 0.766391
vt 0.821659 0.761315
vt 0.756971 0.763112
vt 0.733900 0.728061
vt 0.888134 0.775783
vt 0.772652 0.730315
vt 0.825506 0.836466
vt 0.895654 0.757083
vt 0.940152 0.763566
vt 0.923354 0.785630
vt 0.976174 0.804518
vt 0.568737 0.743927
vt 0.512332 0.786756
vt 0.527807 0.752191
vt 0.553093 0.702300
vt 0.496179 0.754490
vt 0.576316 0.729723
vt 0.504665 0.804807
vt 0.463482 0.824410
vt 0.359193 0.759033
vt 0.403367 0.809384
vt 0.365636 0.747038
vt 0.393353 0.758424
vt 0.339142 0.730498
vt 0.410898 0.791011
vt 0.376840 0.728271
vt 0.429650 0.756126
vt 0.403699 0.739540
vt 0.346965 0.716388
vt 0.419112 0.773015
vt 0.436443 0.740087
vt 0.412688 0.719531
vt 0.388509 0.699805
vt 0.317426 0.704605
vt 0.379409 0.785051
vt 0.442663 0.725306
vt 0.423795 0.697985
vt 0.401786 0.674187
vt 0.359329 0.693864
vt 0.325731 0.690496
vt 0.309358 0.717291
vt 0.475712 0.727542
vt 0.458270 0.697977
vt 0.409276 0.658778
vt 0.371988 0.664463
vt 0.338681 0.658853
vt 0.289873 0.690631
vt 0.281723 0.705493
vt 0.301827 0.734387
vt 0.473169 0.730055
vt 0.482069 0.714686
vt 0.441049 0.659459
vt 0.379129 0.649047
vt 0.354571 0.629732
vt 0.305627 0.655691
vt 0.268193 0.664284
vt 0.261074 0.676317
vt 0.274682 0.719485
vt 0.507985 0.726924
vt 0.515839 0.716772
vt 0.498752 0.681904
vt 0.467929 0.666351
vt 0.391145 0.626320
vt 0.360304 0.616957
vt 0.319782 0.626131
vt 0.280606 0.637745
vt 0.313247 0.640276
vt 0.235638 0.657641
vt 0.245656 0.707676
vt 0.538399 0.730245
vt 0.475949 0.653994
vt 0.400866 0.608048
vt 0.331892 0.606520
vt 0.296435 0.611103
vt 0.271142 0.657012
vt 0.345557 0.642921
vt 0.226108 0.676166
vt 0.198347 0.659699
vt 0.423150 0.630094
vt 0.378664 0.585445
vt 0.370715 0.597506
vt 0.303268 0.598128
vt 0.258398 0.621286
vt 0.239125 0.654511
vt 0.299138 0.669058
vt 0.332438 0.673461
vt 0.205184 0.645865
vt 0.441283 0.596850
vt 0.413665 0.581543
vt 0.342214 0.587261
vt 0.277275 0.580026
vt 0.250763 0.634365
vt 0.220257 0.620330
vt 0.217434 0.620894
vt 0.171845 0.647570
vt 0.466429 0.612708
vt 0.447600 0.580314
vt 0.390820 0.553028
vt 0.350949 0.563958
vt 0.273447 0.591882
vt 0.239035 0.584340
vt 0.184018 0.618849
vt 0.211415 0.631728
vt 0.163707 0.661264
vt 0.451780 0.639300
vt 0.419506 0.564049
vt 0.266710 0.593983
vt 0.204611 0.579344
vt 0.195372 0.592800
vt 0.154458 0.614611
vt 0.153521 0.679839
vt 0.415647 0.644838
vt 0.487253 0.636167
vt 0.213654 0.565033
vt 0.176374 0.567422
vt 0.161159 0.600662
vt 0.143782 0.630199
vt 0.188940 0.682788
vt 0.496853 0.617270
vt 0.223544 0.546015
vt 0.190214 0.545899
vt 0.164299 0.527588
vt 0.180831 0.555747
vt 0.168164 0.583947
vt 0.178091 0.634410
vt 0.148083 0.688823
vt 0.434555 0.610120
vt 0.528973 0.624677
vt 0.475987 0.594459
vt 0.258658 0.540920
vt 0.199930 0.526265
vt 0.168192 0.522701
vt 0.134105 0.519764
vt 0.202032 0.577017
vt 0.507805 0.595685
vt 0.483398 0.582014
vt 0.455975 0.570748
vt 0.287530 0.552312
vt 0.234908 0.520808
vt 0.182505 0.491580
vt 0.140136 0.507435
vt 0.157002 0.539276
vt 0.545195 0.582447
vt 0.516981 0.582557
vt 0.489503 0.569724
vt 0.267113 0.521661
vt 0.208603 0.503155
vt 0.216881 0.480588
vt 0.146541 0.493047
vt 0.542915 0.585521
vt 0.553766 0.570356
vt 0.501223 0.549556
vt 0.466492 0.551759
vt 0.319354 0.555860
vt 0.275418 0.507023
vt 0.242307 0.502105
vt 0.187707 0.476111
vt 0.160829 0.465464
vt 0.153341 0.478438
vt 0.535661 0.603518
vt 0.527652 0.558368
vt 0.537372 0.539769
vt 0.546889 0.521028
vt 0.513040 0.521357
vt 0.280671 0.491642
vt 0.252199 0.472131
vt 0.193826 0.459646
vt 0.200254 0.439870
vt 0.167251 0.448494
vt 0.520990 0.570331
vt 0.571255 0.537786
vt 0.554063 0.507539
vt 0.475333 0.528129
vt 0.307478 0.512506
vt 0.224119 0.460959
vt 0.206353 0.428688
vt 0.175481 0.425566
vt 0.181013 0.413427
vt 0.589989 0.568437
vt 0.581101 0.518926
vt 0.428928 0.539815
vt 0.301544 0.527413
vt 0.316523 0.491066
vt 0.579548 0.588254
vt 0.606346 0.534980
vt 0.329633 0.538650
vt 0.339433 0.519679
vt 0.344830 0.504921
vt 0.212624 0.414827
vt 0.633367 0.553423
vt 0.361012 0.542852
vt 0.248009 0.412850
vt 0.214009 0.395956
vt 0.647105 0.522728
vt 0.264551 0.454979
vt 0.244063 0.423612
vt 0.156448 0.394630
vt 0.670931 0.543725
vt 0.272180 0.428875
vt 0.267327 0.440106
vt 0.240759 0.427537
vt 0.128030 0.379370
vt 0.148408 0.410642
vt 0.663959 0.557799
vt 0.702312 0.544770
vt 0.233703 0.436927
vt 0.121749 0.391605
vt 0.109022 0.414917
vt 0.099575 0.437237
vt 0.653007 0.576189
vt 0.690601 0.569494
vt 0.682607 0.581526
vt 0.078740 0.374924
vt 0.073639 0.389106
vt 0.063956 0.429448
vt 0.119535 0.471635
vt 0.645509 0.587560
vt 0.675440 0.594263
vt 0.253783 0.396426
vt 0.132485 0.361459
vt 0.070605 0.406890
vt 0.054201 0.446180
vt 0.092554 0.458059
vt 0.284989 0.405801
vt 0.261327 0.374990
vt 0.087751 0.360324
vt 0.136983 0.341491
vt 0.049102 0.460852
vt 0.041547 0.476754
vt 0.074750 0.492184
vt 0.294339 0.461081
vt 0.290600 0.398901
vt 0.220874 0.372840
vt 0.222357 0.357405
vt 0.035127 0.492864
vt 0.102578 0.513189
vt 0.313421 0.419826
vt 0.294150 0.381930
vt 0.186714 0.360706
vt 0.023826 0.506419
vt 0.060733 0.523191
vt 0.088938 0.538788
vt 0.127565 0.529214
vt 0.322549 0.408743
vt 0.337719 0.374802
vt 0.300353 0.358252
vt 0.264950 0.359007
vt 0.144734 0.320779
vt 0.054674 0.535919
vt 0.077691 0.562193
vt 0.112199 0.560554
vt 0.342752 0.438595
vt 0.367877 0.389453
vt 0.345163 0.356314
vt 0.351125 0.320182
vt 0.300127 0.346955
vt 0.037224 0.560640
vt 0.100186 0.581274
vt 0.117178 0.547671
vt 0.332020 0.454420
vt 0.351002 0.423362
vt 0.362313 0.402782
vt 0.376903 0.372912
vt 0.383933 0.355126
vt 0.390098 0.326796
vt 0.353580 0.305796
vt 0.065620 0.577250
vt 0.135562 0.583129
vt 0.096046 0.525391
vt 0.359070 0.468854
vt 0.330648 0.390835
vt 0.394007 0.406564
vt 0.410499 0.374859
vt 0.420910 0.353876
vt 0.427376 0.339697
vt 0.025995 0.566878
vt 0.125394 0.600001
vt 0.067920 0.510377
vt 0.401385 0.391475
vt 0.148386 0.563625
vt 0.148915 0.559813
vt 0.076379 0.564395
vt 0.121732 0.543932
vt 0.038116 0.559856
vt 0.531757 0.800374
vt 0.493539 0.740088
vt 0.449513 0.753807
vt 0.499580 0.717768
vt 0.444630 0.773409
vt 0.504079 0.703113
vt 0.521126 0.742330
vt 0.526620 0.730377
vt 0.431253 0.721562
vt 0.467318 0.725636
vt 0.457972 0.747959
vt 0.486039 0.757908
vt 0.966932 0.763406
vt 0.857438 0.759198
vt 0.868498 0.754995
vt 0.915995 0.742709
vt 0.933541 0.722791
vt 0.876384 0.742751
vt 0.890886 0.719326
vt 0.849434 0.729120
vt 0.841357 0.746398
vt 0.940951 0.706353
vt 0.950236 0.690505
vt 0.906400 0.691739
vt 0.855833 0.713700
vt 0.887414 0.724818
vt 0.835042 0.749315
vt 0.914719 0.676866
vt 0.866831 0.692485
vt 0.823967 0.709279
vt 0.807562 0.744987
vt 0.963610 0.678415
vt 0.887763 0.656261
vt 0.923436 0.661388
vt 0.879715 0.670614
vt 0.844884 0.665849
vt 0.817149 0.724218
vt 0.842511 0.743119
vt 0.936967 0.638519
vt 0.904052 0.625993
vt 0.834766 0.686985
vt 0.790588 0.710380
vt 0.777941 0.730720
vt 0.944953 0.622855
vt 0.896420 0.643308
vt 0.908812 0.608479
vt 0.813356 0.661378
vt 0.797380 0.695419
vt 0.746373 0.728625
vt 0.953167 0.606316
vt 0.922557 0.590358
vt 0.804165 0.680536
vt 0.761919 0.698340
vt 0.768772 0.682589
vt 0.736169 0.686225
vt 0.754618 0.714437
vt 0.939151 0.561285
vt 0.775518 0.665152
vt 0.743101 0.669489
vt 0.898738 0.553445
vt 0.787199 0.639313
vt 0.749827 0.645456
vt 0.897708 0.538716
vt 0.891314 0.572329
vt 0.765386 0.609535
vt 0.722001 0.632985
vt 0.953030 0.535559
vt 0.865744 0.547986
vt 0.858529 0.563968
vt 0.880816 0.595690
vt 0.801706 0.601540
vt 0.731294 0.611477
vt 0.895598 0.519312
vt 0.834591 0.540759
vt 0.773562 0.596317
vt 0.781097 0.582149
vt 0.960301 0.515539
vt 0.862010 0.492391
vt 0.826272 0.555069
vt 0.809517 0.586064
vt 0.842591 0.522951
vt 0.794862 0.552414
vt 0.830516 0.478257
vt 0.801839 0.537781
vt 0.760539 0.554645
vt 0.843922 0.453538
vt 0.794044 0.481836
vt 0.766388 0.539166
vt 0.740178 0.527544
vt 0.745255 0.586540
vt 0.880724 0.451242
vt 0.802217 0.468129
vt 0.808950 0.447848
vt 0.785853 0.495410
vt 0.879311 0.528431
vt 0.844615 0.509591
vt 0.776234 0.513615
vt 0.753120 0.571333
vt 0.726142 0.567338
vt 0.737595 0.600857
vt 0.861320 0.416899
vt 0.819124 0.426142
vt 0.821624 0.491872
vt 0.767916 0.470043
vt 0.754875 0.496149
vt 0.803023 0.514940
vt 0.893776 0.517313
vt 0.812907 0.502362
vt 0.717614 0.581966
vt 0.707404 0.595859
vt 0.894900 0.420805
vt 0.829989 0.402436
vt 0.787785 0.420661
vt 0.780827 0.435997
vt 0.732707 0.467374
vt 0.817772 0.568171
vt 0.868616 0.474911
vt 0.709672 0.519172
vt 0.731088 0.547971
vt 0.699220 0.607091
vt 0.907569 0.397756
vt 0.872732 0.392567
vt 0.770123 0.393543
vt 0.746950 0.438607
vt 0.740824 0.452681
vt 0.725695 0.487888
vt 0.934479 0.428529
vt 0.914477 0.378730
vt 0.797446 0.393837
vt 0.757844 0.414638
vt 0.682489 0.508062
vt 0.939414 0.410948
vt 0.948296 0.393646
vt 0.880600 0.372056
vt 0.793045 0.395282
vt 0.850459 0.437328
vt 0.959662 0.373859
vt 0.921833 0.358784
vt 0.752371 0.426302
vt 0.929400 0.339782
vt 0.883527 0.359097
vt 0.724578 0.423364
vt 0.937972 0.317342
vt 0.730941 0.407159
vt 0.944487 0.302685
vt 0.715121 0.376993
vt 0.739233 0.378332
vt 0.691007 0.426315
vt 0.740809 0.363739
vt 0.777220 0.375991
vt 0.683754 0.442083
vt 0.675678 0.394868
vt 0.784151 0.343276
vt 0.810197 0.376354
vt 0.699664 0.472928
vt 0.667556 0.409858
vt 0.684020 0.377839
vt 0.818179 0.359282
vt 0.837545 0.389432
vt 0.678895 0.457093
vt 0.705663 0.402643
vt 0.643738 0.393522
vt 0.694027 0.362110
vt 0.822674 0.330865
vt 0.848736 0.372134
vt 0.854080 0.358573
vt 0.717752 0.502329
vt 0.711982 0.452649
vt 0.651509 0.378907
vt 0.659083 0.363430
vt 0.708881 0.345747
vt 0.672027 0.462781
vt 0.655628 0.430347
vt 0.673095 0.332716
vt 0.676237 0.317941
vt 0.729302 0.324265
vt 0.801587 0.392697
vt 0.782714 0.356954
vt 0.646863 0.447996
vt 0.739694 0.308023
vt 0.690212 0.491185
vt 0.664515 0.480211
vt 0.627391 0.426279
vt 0.657128 0.491545
vt 0.620088 0.437456
vt 0.623426 0.491915
vt 0.611340 0.449728
vt 0.586170 0.433142
vt 0.650179 0.503358
vt 0.630897 0.470937
vt 0.579130 0.446729
vt 0.599941 0.407684
vt 0.618009 0.506584
vt 0.598082 0.473601
vt 0.571571 0.460978
vt 0.592716 0.420511
vt 0.607435 0.394860
vt 0.640506 0.453902
vt 0.560695 0.478908
vt 0.563419 0.384004
vt 0.633686 0.413643
vt 0.590258 0.492311
vt 0.549303 0.401415
vt 0.614960 0.380837
vt 0.573552 0.356101
vt 0.621789 0.365468
vt 0.569516 0.335655
vt 0.630400 0.336598
vt 0.630685 0.320248
vt 0.661262 0.691225
vt 0.716903 0.721820
vt 0.652392 0.714596
vt 0.638441 0.671688
vt 0.679434 0.728066
vt 0.670128 0.668151
vt 0.608185 0.663142
vt 0.707594 0.741520
vt 0.691559 0.710071
vt 0.613842 0.650265
vt 0.584664 0.633657
vt 0.625718 0.683475
vt 0.621015 0.631692
vt 0.593432 0.620302
vt 0.578948 0.645719
vt 0.601136 0.663997
vt 0.622269 0.688746
vt 0.652500 0.637028
vt 0.635157 0.603164
vt 0.562431 0.607889
vt 0.546741 0.638035
vt 0.564804 0.671016
vt 0.572965 0.650828
vt 0.618458 0.690161
vt 0.645868 0.707099
vt 0.663725 0.608185
vt 0.603562 0.601625
vt 0.522741 0.629373
vt 0.536659 0.659270
vt 0.615120 0.700562
vt 0.584569 0.697745
vt 0.628428 0.617636
vt 0.509093 0.653360
vt 0.524786 0.687596
vt 0.530883 0.672157
vt 0.591404 0.676290
vt 0.643863 0.710430
vt 0.560573 0.671467
vt 0.610998 0.716961
vt 0.511290 0.648776
vt 0.850530 0.659927
vt 0.792503 0.633473
vt 0.858327 0.646204
vt 0.833548 0.628994
vt 0.868837 0.626873
vt 0.796737 0.617397
vt 0.850459 0.590093
vt 0.758163 0.621415
vt 0.906854 0.396834
vt 0.862604 0.397458
vt 0.858323 0.403667
vt 0.889714 0.422557
vt 0.867722 0.391685
vt 0.855796 0.410176
vt 0.886151 0.429703
vt 0.893301 0.416461
vt 0.852303 0.416874
vt 0.911307 0.389790
vt 0.881956 0.438098
vt 0.846777 0.423890
vt 0.916440 0.382460
vt 0.839365 0.431739
vt 0.792930 0.404627
vt 0.924679 0.374221
vt 0.874070 0.375607
vt 0.901856 0.403667
vt 0.877376 0.364267
vt 0.939645 0.438965
vt 0.880840 0.352982
vt 0.934472 0.453176
vt 0.377469 0.519731
vt 0.450799 0.504908
vt 0.400706 0.536730
vt 0.420171 0.491354
vt 0.459406 0.483958
vt 0.428643 0.463492
vt 0.391081 0.481270
vt 0.472735 0.448529
vt 0.494643 0.479801
vt 0.479842 0.426507
vt 0.502687 0.452709
vt 0.439995 0.429645
vt 0.445712 0.413751
vt 0.434228 0.448269
vt 0.520098 0.407051
vt 0.464269 0.465694
vt 0.515029 0.422506
vt 0.547761 0.433036
vt 0.535787 0.453531
vt 0.508415 0.442501
vt 0.541289 0.447605
vt 0.525048 0.473641
vt 0.437357 0.458872
vt 0.435668 0.464034
vt 0.405497 0.444927
vt 0.499512 0.364648
vt 0.549336 0.336769
vt 0.513068 0.337174
vt 0.463273 0.360820
vt 0.544968 0.346632
vt 0.497120 0.375155
vt 0.455739 0.381603
vt 0.540165 0.356995
vt 0.495438 0.389737
vt 0.535995 0.366663
vt 0.574221 0.381219
vt 0.532467 0.377632
vt 0.575424 0.322110
vt 0.524992 0.314426
vt 0.530028 0.305353
vt 0.504640 0.348977
vt 0.472687 0.344677
vt 0.525873 0.255331
vt 0.540928 0.285918
vt 0.516285 0.271387
vt 0.480282 0.331262
vt 0.487549 0.318551
vt 0.530894 0.247116
vt 0.501307 0.236175
vt 0.507538 0.285556
vt 0.494982 0.305908
vt 0.581723 0.368776
vt 0.509102 0.221992
vt 0.485814 0.197783
vt 0.493087 0.249282
vt 0.484215 0.261596
vt 0.520189 0.322794
vt 0.517198 0.206700
vt 0.536147 0.239091
vt 0.493559 0.183504
vt 0.477759 0.210330
vt 0.457165 0.234212
vt 0.526214 0.189974
vt 0.501754 0.167332
vt 0.468671 0.222263
vt 0.475541 0.273140
vt 0.466612 0.283357
vt 0.531167 0.181444
vt 0.509248 0.145669
vt 0.467331 0.151452
vt 0.462433 0.288306
vt 0.464791 0.160355
vt 0.462187 0.165864
vt 0.536494 0.172290
vn -0.0478 -0.8571 0.5130
vn 0.2248 -0.8303 0.5100
vn -0.7922 -0.5378 0.2883
vn -0.0374 -0.6254 0.7794
vn 0.2192 -0.5833 0.7821
vn -0.3531 -0.5658 0.7450
vn 0.2678 -0.4931 0.8277
vn -0.9402 0.0271 -0.3394
vn 0.5673 -0.1361 0.8122
vn -0.3758 -0.6009 0.7054
vn -0.1611 -0.8094 0.5647
vn 0.4194 0.8977 -0.1350
vn 0.3078 -0.4688 0.8279
vn 0.2769 -0.4193 0.8646
vn 0.1579 -0.5320 0.8318
vn 0.7396 -0.1639 0.6528
vn 0.7326 -0.1652 0.6603
vn 0.2930 0.2359 -0.9265
vn -0.9140 -0.3465 0.2108
vn -0.8958 -0.3821 -0.2270
vn 0.5192 0.5315 -0.6692
vn 0.3976 -0.1341 0.9077
vn 0.2152 -0.3657 0.9055
vn 0.1819 -0.4000 0.8983
vn -0.2119 -0.5724 0.7920
vn 0.3862 -0.8950 -0.2233
vn -0.3226 0.4869 -0.8117
vn 0.2018 -0.3097 0.9291
vn 0.1757 -0.4604 0.8701
vn 0.0953 -0.4335 0.8961
vn -0.3576 -0.9102 0.2086
vn 0.0047 0.5963 -0.8027
vn -0.1657 0.6465 -0.7447
vn -0.0205 0.6293 -0.7769
vn -0.0764 0.6544 -0.7522
vn -0.7981 0.2003 -0.5683
vn -0.2367 0.3432 -0.9089
vn 0.1643 -0.3830 0.9090
vn -0.1260 -0.1276 0.9838
vn -0.2150 0.7300 -0.6487
vn -0.1145 0.6362 -0.7630
vn 0.2537 -0.2427 0.9363
vn -0.3007 0.0785 0.9505
vn 0.3040 -0.2960 0.9055
vn -0.0811 -0.0616 0.9948
vn -0.0180 -0.0871 0.9960
vn -0.4277 0.3917 -0.8146
vn -0.2680 0.6030 -0.7514
vn -0.2886 -0.4525 0.8437
vn -0.1970 -0.5745 0.7944
vn 0.0442 -0.4765 0.8780
vn -0.0689 0.0033 0.9976
vn 0.0835 -0.0524 0.9951
vn -0.7338 -0.0828 0.6743
vn 0.1397 -0.2594 -0.9556
vn -0.0426 -0.9941 -0.0994
vn -0.0138 0.5652 -0.8248
vn 0.4829 -0.4189 0.7689
vn 0.1107 -0.3313 0.9370
vn 0.3552 -0.3403 0.8707
vn 0.2681 -0.7004 0.6615
vn 0.4060 -0.0922 0.9092
vn 0.3009 0.0270 0.9532
vn -0.8768 -0.4526 0.1623
vn -0.2082 0.1499 -0.9665
vn -0.2347 0.8659 -0.4416
vn 0.3583 -0.7353 0.5753
vn -0.1224 -0.6760 0.7266
vn -0.3433 -0.7170 0.6066
vn 0.1499 0.1350 0.9794
vn -0.9849 -0.1718 -0.0185
vn 0.2614 -0.9082 -0.3267
vn -0.4594 0.5091 -0.7278
vn 0.3795 -0.4259 0.8213
vn -0.3995 0.0616 0.9146
vn -0.3165 0.2326 0.9196
vn -0.8655 -0.4264 0.2627
vn -0.3124 -0.0362 -0.9492
vn -0.2087 0.7333 -0.6471
vn 0.2488 -0.8687 0.4282
vn 0.3501 -0.1502 0.9246
vn -0.6373 0.0933 0.7649
vn -0.7512 -0.1389 0.6453
vn -0.5321 -0.5534 -0.6407
vn -0.2955 -0.4356 0.8502
vn -0.3262 0.1181 0.9379
vn -0.3820 -0.5264 -0.7595
vn -0.1747 -0.3594 0.9167
vn -0.1974 -0.2763 0.9405
vn 0.1759 -0.4333 0.8839
vn -0.5913 0.6349 0.4971
vn -0.4879 0.1647 0.8572
vn 0.1155 0.7879 -0.6048
vn -0.4803 -0.2411 0.8433
vn -0.3373 -0.3503 0.8738
vn -0.2783 -0.2561 0.9257
vn -0.5150 -0.5670 0.6428
vn -0.4927 -0.2970 0.8180
vn -0.4447 -0.1590 0.8814
vn -0.5707 -0.2702 0.7754
vn -0.3327 -0.5614 0.7577
vn -0.8534 -0.3231 0.4090
vn -0.2330 -0.9563 -0.1767
vn -0.2820 -0.2797 0.9177
vn -0.3672 -0.2387 0.8990
vn -0.3720 -0.5717 0.7313
vn -0.3404 -0.6322 0.6960
vn -0.6570 -0.7515 -0.0596
vn -0.0894 -0.1933 0.9770
vn -0.0709 -0.2222 0.9724
vn -0.2151 -0.1654 0.9625
vn 0.2073 -0.8529 0.4791
vn -0.3024 -0.9485 0.0943
vn 0.1479 -0.3609 -0.9208
vn -0.1560 -0.2594 0.9531
vn 0.0173 -0.2353 0.9717
vn -0.1104 -0.4816 0.8694
vn 0.1653 0.3031 -0.9385
vn 0.2314 0.3844 -0.8937
vn 0.0243 -0.1686 0.9854
vn -0.0587 -0.3876 0.9199
vn -0.0534 -0.3656 0.9292
vn 0.1842 -0.2213 0.9576
vn -0.1234 -0.2514 0.9600
vn 0.4333 0.0826 0.8975
vn -0.0349 0.0557 0.9978
vn -0.0524 -0.3483 0.9359
vn 0.3770 -0.1935 0.9057
vn 0.2233 -0.0912 0.9705
vn -0.5831 -0.4670 0.6647
vn 0.0680 -0.3279 0.9423
vn -0.1354 -0.2603 0.9560
vn 0.2606 -0.1673 0.9508
vn 0.4793 -0.0057 0.8776
vn 0.3674 0.1836 0.9117
vn 0.0335 0.1272 0.9913
vn 0.0336 -0.3386 0.9403
vn 0.0299 -0.4082 0.9124
vn -0.0233 -0.3095 0.9506
vn 0.0722 -0.1607 0.9843
vn 0.0579 -0.5533 0.8309
vn -0.5833 -0.1977 0.7878
vn 0.1442 0.1372 0.9800
vn -0.1768 0.3860 0.9054
vn -0.1771 -0.1576 0.9715
vn -0.0109 -0.2934 0.9559
vn 0.0718 -0.2080 0.9755
vn 0.0277 -0.1715 0.9848
vn -0.5647 -0.7245 0.3952
vn 0.2889 0.3128 0.9048
vn -0.2757 -0.2810 0.9192
vn -0.1256 -0.0993 0.9871
vn -0.4430 0.0352 0.8958
vn 0.1871 -0.2361 0.9535
vn -0.0211 -0.5733 0.8191
vn -0.9250 0.0338 -0.3784
vn 0.3258 0.4616 0.8251
vn -0.2366 -0.1233 0.9637
vn -0.2365 -0.2743 0.9321
vn -0.2631 -0.2065 0.9424
vn -0.2801 -0.1662 0.9455
vn -0.3912 -0.4564 0.7992
vn -0.2510 -0.6362 0.7296
vn -0.6188 0.4433 -0.6485
vn 0.3493 0.1841 0.9187
vn -0.1998 -0.0794 0.9766
vn -0.3384 0.0589 0.9391
vn -0.1208 -0.2285 0.9660
vn -0.2292 -0.0692 0.9709
vn -0.3096 -0.2324 0.9220
vn -0.5015 -0.7011 0.5069
vn -0.5788 -0.6785 -0.4523
vn -0.6475 0.4147 -0.6393
vn 0.2775 0.0340 0.9601
vn 0.0500 0.3906 0.9192
vn 0.0056 -0.2957 0.9553
vn -0.2034 -0.1442 0.9684
vn -0.2445 0.1144 0.9629
vn -0.2930 -0.2237 0.9295
vn -0.3943 -0.1090 0.9125
vn -0.0502 0.3620 -0.9308
vn -0.5628 0.7866 0.2539
vn -0.2228 -0.4953 0.8397
vn 0.1537 -0.0865 0.9843
vn -0.0979 0.2922 0.9513
vn 0.0016 -0.2765 0.9610
vn -0.0469 -0.1296 0.9904
vn 0.1533 0.3344 0.9299
vn -0.3322 0.1614 0.9293
vn -0.2326 -0.0743 0.9697
vn -0.3746 -0.0985 0.9219
vn 0.8966 -0.2765 -0.3459
vn -0.0330 0.8543 -0.5187
vn -0.0521 -0.2413 0.9690
vn -0.7455 -0.1616 0.6466
vn -0.0547 -0.2091 0.9763
vn -0.0095 -0.0056 0.9999
vn -0.1145 -0.2302 0.9664
vn 0.0645 -0.0045 0.9979
vn -0.1449 0.2938 0.9448
vn -0.3934 0.2020 0.8969
vn -0.1678 0.1000 0.9807
vn -0.2415 0.2456 -0.9388
vn 0.1770 -0.3223 0.9299
vn -0.4874 -0.3326 0.8074
vn -0.7855 0.0733 0.6145
vn -0.2289 -0.0999 0.9683
vn -0.1503 -0.0806 0.9853
vn -0.0211 0.1599 0.9869
vn -0.0318 0.3439 0.9384
vn -0.3336 0.2851 0.8985
vn -0.4141 0.1233 0.9018
vn -0.2813 0.0353 0.9590
vn -0.1238 -0.2880 -0.9496
vn 0.2083 0.5546 -0.8056
vn -0.1130 -0.3123 0.9432
vn -0.6114 0.3125 0.7270
vn -0.0371 -0.3160 0.9480
vn 0.0140 0.0383 0.9991
vn 0.1144 0.2320 0.9659
vn -0.2994 0.3370 0.8926
vn -0.1859 0.1890 0.9642
vn -0.4000 0.1525 0.9037
vn -0.8095 -0.1767 0.5599
vn -0.6300 -0.0008 0.7766
vn 0.0325 0.0808 -0.9962
vn 0.7010 0.1420 -0.6989
vn 0.8279 0.0350 -0.5598
vn 0.1386 -0.1427 0.9800
vn -0.4038 0.4668 0.7868
vn -0.1253 -0.1705 0.9773
vn 0.0366 -0.3565 0.9335
vn 0.1970 -0.3869 0.9008
vn -0.1613 0.1538 0.9748
vn -0.3399 0.3153 0.8860
vn 0.0497 0.2588 0.9646
vn 0.0285 0.0949 0.9951
vn -0.1351 0.1173 0.9839
vn -0.8697 0.0876 0.4857
vn -0.8589 -0.2048 0.4693
vn -0.8105 -0.3925 0.4347
vn -0.2719 -0.0287 0.9619
vn 0.5644 0.6270 0.5369
vn 0.2265 0.0683 0.9716
vn -0.4881 0.2277 0.8426
vn -0.1266 -0.2112 0.9692
vn 0.1935 -0.5812 0.7904
vn -0.0569 0.1705 0.9837
vn -0.0248 0.1841 0.9826
vn -0.0354 0.0207 0.9991
vn -0.8077 -0.0258 0.5890
vn -0.5611 0.4544 0.6918
vn -0.9403 -0.3007 -0.1595
vn 0.1967 -0.7219 -0.6634
vn 0.9301 -0.2942 0.2197
vn -0.0103 0.6798 0.7333
vn 0.0941 -0.1859 0.9780
vn 0.1312 0.0120 0.9913
vn -0.3029 0.1180 0.9457
vn -0.8209 0.2655 0.5057
vn -0.1628 0.1467 0.9757
vn -0.9603 -0.0178 -0.2784
vn -0.1860 -0.5457 0.8171
vn 0.3204 -0.2384 0.9168
vn 0.8708 0.3133 0.3787
vn 0.1635 -0.2742 0.9477
vn -0.4321 0.2870 0.8549
vn -0.5817 0.0493 0.8119
vn 0.5333 -0.2474 0.8089
vn -0.2762 0.5559 0.7840
vn 0.1268 0.7370 0.6639
vn -0.2306 -0.1558 0.9605
vn -0.1884 -0.1297 0.9735
vn -0.1867 -0.1286 0.9739
vn -0.1473 -0.1042 0.9836
vn -0.1656 0.0109 0.9861
vn -0.4127 -0.3976 0.8195
vn -0.3024 -0.2671 0.9150
vn 0.1052 -0.0935 0.9900
vn -0.3241 -0.4406 0.8371
vn 0.1144 0.2027 0.9725
vn -0.4577 -0.3542 0.8155
vn -0.6909 0.6806 -0.2436
vn -0.5540 0.3867 0.7372
vn -0.5682 0.7976 -0.2021
vn -0.1652 0.3712 0.9137
vn 0.1660 -0.0333 0.9855
vn -0.2273 0.1814 0.9568
vn 0.8501 0.5265 0.0076
vn -0.1126 0.0895 0.9896
vn 0.7254 -0.5132 -0.4586
vn 0.1694 0.3463 0.9227
vn -0.1093 -0.1159 0.9872
vn 0.3650 0.5500 -0.7512
vn 0.4388 0.4395 0.7837
vn 0.2324 0.0070 0.9726
vn -0.0680 -0.2393 0.9685
vn -0.3124 0.0797 0.9466
vn -0.2249 0.3112 -0.9233
vn 0.4441 0.1978 0.8739
vn 0.2839 -0.2533 0.9248
vn 0.1834 -0.2696 0.9453
vn -0.0220 -0.1776 0.9839
vn -0.0826 -0.0188 0.9964
vn -0.3619 0.2170 0.9066
vn 0.3123 0.6713 0.6722
vn 0.4895 -0.2211 0.8435
vn 0.3731 -0.0331 0.9272
vn -0.2074 0.0737 0.9755
vn 0.0769 0.0975 0.9922
vn -0.3291 0.0578 0.9425
vn -0.3595 0.1558 0.9200
vn -0.3677 0.2101 0.9059
vn 0.2281 0.8775 0.4219
vn 0.3602 0.0520 0.9314
vn 0.4757 0.0334 0.8790
vn 0.1762 0.1325 0.9754
vn -0.0437 0.3512 0.9352
vn -0.0720 0.1522 0.9857
vn -0.2777 0.3610 0.8902
vn -0.4015 0.1425 0.9047
vn -0.3910 0.2839 0.8755
vn 0.1240 0.7506 0.6490
vn 0.2926 0.2315 0.9278
vn 0.4217 -0.2971 0.8567
vn 0.5075 -0.0060 0.8616
vn 0.2295 0.0181 0.9731
vn 0.1128 0.2899 0.9504
vn 0.0821 0.2987 0.9508
vn 0.0820 0.3222 0.9431
vn 0.0507 -0.0436 0.9977
vn -0.6658 0.1971 0.7196
vn -0.4576 0.1545 0.8756
vn 0.0148 0.5625 0.8267
vn 0.3736 0.2251 0.8998
vn 0.1610 0.1725 0.9717
vn 0.0775 0.1873 0.9792
vn -0.0490 0.3568 0.9329
vn 0.0192 0.5852 0.8107
vn 0.2303 0.0570 0.9714
vn -0.5437 0.1576 0.8244
vn -0.4219 -0.0198 0.9064
vn 0.1800 0.1284 0.9752
vn 0.0924 -0.2575 0.9619
vn 0.1990 -0.2100 0.9572
vn 0.0228 0.2187 0.9755
vn -0.2183 0.0489 0.9746
vn -0.3858 0.3797 0.8408
vn -0.0898 0.4681 0.8791
vn 0.1189 0.1983 0.9729
vn -0.4985 -0.0806 0.8631
vn 0.2087 -0.1591 0.9649
vn 0.1973 -0.4520 0.8699
vn 0.2391 -0.2845 0.9284
vn -0.3866 0.4317 0.8149
vn -0.1762 0.1674 0.9700
vn -0.7091 0.0328 0.7043
vn -0.7386 0.1272 0.6620
vn -0.0516 0.0098 0.9986
vn 0.0550 0.3099 0.9492
vn -0.2157 -0.1068 0.9706
vn 0.0239 -0.5148 0.8569
vn 0.0385 -0.8095 0.5857
vn -0.4853 0.2753 0.8299
vn -0.3179 -0.3627 0.8760
vn 0.3580 0.7023 0.6153
vn -0.6771 -0.0168 0.7356
vn -0.0345 0.0087 0.9994
vn 0.2539 0.3531 0.9004
vn 0.2064 -0.8046 0.5568
vn -0.0961 -0.2318 0.9680
vn -0.7375 0.0519 0.6734
vn 0.1759 0.9721 0.1553
vn -0.2208 0.0280 0.9749
vn -0.3461 0.3520 0.8696
vn 0.2717 0.2327 0.9338
vn 0.1684 0.3101 0.9356
vn -0.5001 -0.1272 0.8565
vn -0.8364 0.4659 0.2886
vn -0.5792 -0.3396 0.7410
vn -0.1113 0.0830 0.9903
vn -0.0241 0.4337 0.9007
vn 0.2465 0.3802 0.8914
vn -0.2237 -0.0915 0.9703
vn -0.5029 0.2202 0.8358
vn -0.5266 0.4812 0.7008
vn 0.0368 0.1432 -0.9890
vn -0.6395 -0.5759 0.5092
vn 0.0214 0.1960 0.9803
vn -0.3806 0.5083 0.7724
vn 0.0588 0.0355 0.9976
vn 0.4016 0.5947 0.6965
vn -0.3033 0.4484 0.8408
vn 0.0760 -0.1502 0.9857
vn -0.2430 -0.0792 0.9668
vn -0.3805 0.1496 0.9126
vn -0.5935 0.3861 0.7062
vn 0.7923 -0.2518 -0.5558
vn 0.4280 0.4035 0.8087
vn -0.0782 0.4741 0.8770
vn -0.5330 0.3128 0.7862
vn -0.1140 -0.2659 0.9572
vn -0.0392 -0.0919 0.9950
vn -0.1327 -0.1814 0.9744
vn -0.7319 -0.0700 0.6778
vn 0.3920 -0.2660 -0.8806
vn 0.7277 0.5220 0.4448
vn 0.4391 0.4128 0.7979
vn 0.0045 0.4033 0.9150
vn 0.0174 0.1731 0.9847
vn -0.2467 -0.2181 0.9442
vn 0.1161 -0.4574 0.8816
vn -0.6920 -0.2873 0.6622
vn 0.4623 -0.3110 -0.8304
vn 0.1487 0.3607 0.9207
vn 0.2548 -0.1193 0.9596
vn -0.4753 -0.3420 0.8106
vn -0.1724 -0.0296 0.9846
vn 0.0007 0.0715 0.9974
vn -0.0037 -0.6732 0.7395
vn -0.0946 -0.2770 0.9562
vn -0.5079 -0.4223 0.7508
vn -0.8524 -0.3586 0.3806
vn 0.0257 0.5208 -0.8532
vn 0.1484 -0.7841 -0.6026
vn 0.3881 0.1870 0.9024
vn 0.3140 0.3538 0.8810
vn -0.3217 -0.8667 0.3812
vn -0.2260 -0.2388 0.9444
vn 0.2497 -0.6987 0.6704
vn 0.0620 -0.5428 0.8375
vn 0.2547 -0.7232 0.6420
vn -0.7275 -0.3056 0.6142
vn -0.6410 -0.4929 -0.5883
vn 0.0500 0.1737 0.9835
vn 0.1986 0.3564 0.9129
vn -0.0322 -0.6576 0.7526
vn -0.2356 -0.0703 0.9693
vn 0.4055 -0.6783 0.6127
vn 0.5412 -0.7823 0.3082
vn -0.6816 -0.5187 0.5162
vn 0.1518 -0.8103 0.5660
vn 0.1734 0.1846 0.9674
vn 0.0342 0.2752 0.9608
vn 0.0135 -0.0697 0.9975
vn -0.2283 0.0206 0.9734
vn -0.2275 -0.0609 0.9718
vn 0.0808 0.3661 0.9271
vn 0.0622 0.2838 0.9568
vn -0.1861 0.1352 0.9732
vn -0.2027 0.0515 0.9779
vn -0.1787 -0.2251 0.9578
vn 0.5491 -0.7756 0.3114
vn -0.1764 0.1907 0.9656
vn -0.1912 0.2822 0.9401
vn 0.6364 -0.7699 0.0477
vn 0.1704 -0.5520 0.8162
vn -0.0458 0.1619 0.9857
vn 0.0371 0.1552 0.9872
vn 0.5133 -0.6876 -0.5136
vn 0.1867 -0.8871 0.4222
vn 0.1476 -0.1204 0.9817
vn 0.9069 -0.3961 -0.1433
vn 0.5640 0.4323 -0.7036
vn -0.2195 -0.0183 -0.9754
vn 0.1497 -0.6394 0.7541
vn -0.1231 -0.6541 0.7463
vn -0.1815 0.1844 0.9659
vn 0.6022 -0.1083 0.7909
vn -0.6973 0.7064 -0.1211
vn 0.0293 -0.6908 0.7224
vn -0.2033 -0.4648 0.8617
vn -0.2358 -0.2016 0.9506
vn -0.3098 0.3572 0.8811
vn 0.5825 0.3422 0.7373
vn 0.5198 0.4917 0.6986
vn -0.5416 -0.6070 0.5816
vn -0.5613 -0.4697 0.6814
vn -0.5914 -0.4188 0.6891
vn -0.1070 0.1691 0.9798
vn -0.3617 0.4696 0.8054
vn 0.0142 0.4795 0.8774
vn -0.4535 -0.0343 0.8906
vn 0.0548 -0.7531 0.6556
vn -0.9690 -0.2027 0.1409
vn -0.6161 -0.3094 0.7243
vn -0.0738 -0.0702 0.9948
vn -0.7390 0.3000 0.6032
vn -0.5310 -0.3153 0.7865
vn -0.7458 -0.6341 -0.2039
vn 0.2233 -0.9497 0.2193
vn -0.6284 -0.2409 0.7396
vn -0.3330 -0.0859 0.9390
vn 0.0215 0.3504 0.9363
vn -0.6718 -0.0155 0.7405
vn -0.6562 0.2179 0.7224
vn 0.0285 -0.1607 0.9866
vn 0.0770 -0.3694 0.9261
vn -0.4634 0.0687 0.8835
vn 0.0702 0.4508 0.8898
vn -0.6218 -0.0343 0.7824
vn -0.4537 -0.1907 0.8705
vn 0.4240 -0.8975 -0.1212
vn -0.3401 0.2745 0.8994
vn 0.2242 0.3473 0.9106
vn 0.1062 0.1437 0.9839
vn 0.9281 -0.3386 0.1550
vn -0.2846 -0.1425 0.9480
vn 0.1061 -0.2589 0.9600
vn -0.4824 -0.4825 0.7310
vn -0.4030 0.2395 0.8833
vn 0.6110 -0.7628 0.2116
vn 0.1952 0.1406 0.9706
vn 0.2604 0.5145 0.8170
vn 0.6777 -0.2029 -0.7067
vn -0.0847 -0.1014 0.9912
vn 0.2526 -0.0211 0.9673
vn 0.0183 -0.2487 0.9684
vn -0.1957 -0.5511 0.8111
vn -0.6119 -0.4519 0.6491
vn 0.2266 0.1159 0.9670
vn 0.1113 0.9204 0.3747
vn 0.3172 -0.1717 -0.9327
vn -0.4643 0.2560 0.8478
vn 0.0173 -0.4522 0.8918
vn 0.1997 0.6096 0.7671
vn 0.2359 -0.1913 0.9527
vn 0.1367 -0.0920 0.9863
vn 0.2633 -0.5475 0.7943
vn -0.1573 -0.7454 0.6478
vn -0.1515 0.8637 -0.4806
vn 0.3595 0.5737 -0.7359
vn 0.1135 -0.6801 -0.7243
vn -0.3534 0.1453 0.9241
vn -0.0397 -0.5017 0.8641
vn 0.2653 0.1631 0.9503
vn 0.3151 0.1137 0.9422
vn 0.1816 0.0063 0.9833
vn 0.2401 -0.2152 0.9466
vn -0.8676 0.2071 -0.4520
vn 0.7646 0.6391 0.0827
vn 0.1581 -0.7142 -0.6818
vn 0.3285 0.1128 0.9377
vn 0.7281 -0.1764 -0.6623
vn 0.9645 -0.1975 -0.1752
vn 0.2800 -0.5694 -0.7729
vn 0.7629 -0.6207 0.1804
vn -0.1878 -0.7859 -0.5891
vn -0.3023 0.6699 -0.6781
vn -0.4838 0.4014 -0.7776
vn -0.7015 0.2015 -0.6836
vn -0.4891 0.1428 -0.8604
vn -0.5152 0.8392 0.1739
vn -0.5215 -0.1135 -0.8456
vn 0.0545 0.3077 -0.9499
vn 0.4671 -0.0584 -0.8822
vn -0.5060 -0.4699 -0.7233
vn -0.4411 -0.6985 -0.5634
vn -0.6867 -0.1193 0.7170
vn 0.7450 -0.1087 -0.6582
vn -0.1506 0.6142 0.7746
vn 0.7118 0.6424 0.2838
vn -0.0537 0.6683 0.7420
vn -0.1839 0.5077 0.8417
vn -0.2021 0.4783 0.8546
vn 0.0609 0.4556 0.8881
vn -0.0501 0.4125 0.9095
vn 0.1445 0.1785 0.9733
vn 0.1348 0.7347 0.6648
vn 0.1290 0.0888 0.9876
vn 0.0262 -0.0176 0.9995
vn -0.1615 -0.0208 0.9866
vn 0.0447 0.1505 0.9876
vn 0.2282 0.4859 0.8437
vn -0.1996 0.8691 0.4526
vn -0.1185 -0.1186 0.9858
vn -0.1813 -0.1249 0.9755
vn -0.1325 -0.1650 0.9773
vn -0.2359 0.8224 0.5176
vn -0.1016 -0.1789 0.9786
vn -0.0903 0.1132 0.9894
vn -0.0272 -0.2082 0.9777
vn -0.2185 -0.1029 0.9704
vn -0.2168 0.0965 0.9714
vn -0.0217 0.0806 0.9965
vn 0.4288 0.5619 0.7074
vn -0.0094 -0.2507 0.9680
vn -0.3241 -0.4476 0.8334
vn -0.1361 -0.2020 0.9699
vn -0.0914 -0.1994 0.9756
vn -0.2869 0.9564 -0.0539
vn 0.0335 -0.2510 0.9674
vn 0.3157 -0.0531 0.9474
vn -0.8683 -0.4852 0.1029
vn 0.0272 -0.0892 0.9956
vn -0.1361 -0.2836 0.9492
vn -0.1930 0.5367 0.8214
vn 0.1426 -0.3012 0.9428
vn -0.1008 -0.4506 0.8870
vn -0.1753 -0.3401 0.9239
vn -0.0457 -0.3098 0.9497
vn -0.0739 -0.3964 0.9151
vn -0.0720 -0.3810 0.9218
vn -0.1169 -0.1493 0.9818
vn -0.1130 -0.5915 0.7983
vn -0.1200 -0.2736 0.9543
vn -0.0386 -0.4024 0.9146
vn -0.1610 -0.4857 0.8591
vn -0.4826 0.2492 0.8396
vn -0.1959 -0.2697 0.9428
vn 0.1605 -0.3479 0.9237
vn -0.3023 -0.4907 0.8172
vn -0.3728 -0.1085 0.9215
vn -0.2405 -0.3129 0.9188
vn -0.0825 -0.6280 0.7738
vn 0.1759 -0.0392 0.9836
vn 0.1277 -0.0271 0.9914
vn -0.0433 -0.5164 0.8552
vn -0.4779 -0.3566 0.8028
vn -0.4398 -0.0134 0.8980
vn 0.1429 -0.3283 0.9337
vn 0.0952 0.0206 0.9952
vn -0.4397 -0.2431 0.8646
vn -0.1386 -0.2709 0.9526
vn -0.0531 -0.4821 0.8745
vn 0.1975 -0.4362 0.8779
vn 0.1322 -0.1016 0.9860
vn -0.3170 -0.4381 0.8412
vn -0.0716 -0.3594 0.9304
vn -0.0733 -0.2642 0.9617
vn 0.0877 -0.2400 0.9668
vn -0.0998 -0.5227 0.8466
vn 0.1115 -0.3153 0.9424
vn 0.1165 -0.2665 0.9568
vn -0.1895 -0.1334 0.9728
vn -0.0115 -0.1690 0.9855
vn 0.0595 -0.3097 0.9489
vn 0.0676 -0.2015 0.9771
vn 0.0910 -0.2831 0.9547
vn -0.0474 -0.1852 0.9815
vn -0.1108 -0.2908 0.9503
vn -0.2207 0.2317 0.9474
vn -0.4859 -0.2373 0.8412
vn -0.2355 -0.6916 0.6827
vn 0.1510 -0.5098 0.8469
vn 0.0021 -0.3350 0.9422
vn -0.3942 -0.4454 0.8038
vn -0.0862 0.1956 0.9769
vn 0.0738 -0.2662 0.9611
vn -0.0495 -0.3648 0.9297
vn 0.0116 0.3257 0.9454
vn -0.2423 -0.2348 0.9413
vn 0.1728 -0.1247 0.9770
vn -0.5540 0.1125 0.8249
vn 0.0182 -0.2732 0.9618
vn -0.3273 -0.6561 0.6800
vn -0.2550 -0.2611 0.9310
vn -0.8042 -0.1393 0.5777
vn 0.1542 -0.1238 0.9802
vn 0.0021 -0.6980 0.7161
vn -0.1061 -0.6126 0.7832
vn -0.8207 0.5412 0.1832
vn -0.0855 -0.4574 0.8851
vn -0.1945 -0.3326 0.9228
vn 0.0518 -0.3230 0.9450
vn -0.2343 -0.1227 0.9644
vn -0.7797 -0.5173 0.3528
vn -0.3085 0.6143 0.7263
vn 0.1053 -0.2400 0.9650
vn 0.0445 -0.3341 0.9415
vn -0.5733 -0.7629 0.2988
vn -0.1384 -0.5518 0.8224
vn -0.4062 -0.4997 0.7650
vn -0.6778 -0.6379 -0.3655
vn 0.1330 -0.0645 0.9890
vn 0.0304 -0.4295 0.9025
vn 0.1839 -0.9829 -0.0090
vn -0.6048 0.1280 -0.7860
vn 0.1457 -0.6322 -0.7609
vn 0.1438 -0.0707 0.9871
vn 0.0802 -0.2614 0.9619
vn -0.0573 -0.6023 0.7962
vn -0.3272 -0.7791 -0.5347
vn -0.0031 -0.3952 0.9186
vn -0.0240 -0.3597 0.9327
vn -0.1007 -0.4712 0.8762
vn -0.4278 0.5795 -0.6936
vn -0.1646 -0.3470 0.9233
vn -0.2191 -0.6734 0.7060
vn -0.6456 0.0650 -0.7608
vn -0.3236 -0.2705 0.9067
vn -0.6712 -0.1437 -0.7272
vn -0.3815 -0.2502 0.8899
vn -0.7434 -0.2022 -0.6375
vn -0.6292 0.0266 -0.7767
vn -0.4215 -0.1676 -0.8912
vn -0.4610 0.2420 -0.8537
vn -0.1284 -0.0585 -0.9900
vn -0.6634 -0.0292 -0.7477
vn -0.5306 -0.1527 -0.8337
vn 0.0848 0.0163 -0.9962
vn 0.0252 -0.0986 -0.9948
vn -0.2231 -0.2572 -0.9402
vn -0.3442 -0.2760 -0.8974
vn -0.6019 -0.3117 -0.7352
vn 0.1617 -0.0574 -0.9852
vn 0.4710 0.6069 -0.6401
vn -0.6731 -0.0134 -0.7394
vn -0.3235 -0.1510 -0.9341
vn -0.0752 -0.4404 -0.8947
vn -0.5292 -0.4762 -0.7023
vn 0.0108 -0.0180 -0.9998
vn 0.7947 0.2551 -0.5507
vn 0.0417 0.0578 -0.9974
vn 0.0689 -0.4323 -0.8991
vn 0.1808 -0.2689 -0.9460
vn -0.0961 -0.4399 -0.8929
vn -0.0520 -0.2206 -0.9740
vn -0.3067 -0.5296 -0.7908
vn 0.2007 -0.3820 -0.9021
vn -0.2566 -0.4180 -0.8714
vn -0.3139 -0.2488 -0.9163
vn -0.0490 -0.3582 -0.9323
vn -0.4578 -0.4579 -0.7620
vn -0.4067 0.0114 -0.9135
vn -0.0958 -0.0886 -0.9914
vn 0.2661 -0.5303 -0.8049
vn -0.3580 -0.3959 -0.8456
vn 0.1803 -0.5760 -0.7973
vn 0.2470 -0.4814 -0.8409
vn 0.0814 -0.5817 -0.8093
vn 0.3512 -0.5139 -0.7826
vn 0.1270 -0.6170 -0.7767
vn 0.0194 0.0111 -0.9997
vn 0.0332 -0.6525 -0.7570
vn -0.5484 -0.6243 -0.5563
vn -0.0967 0.1134 -0.9888
vn 0.2328 -0.2872 -0.9291
vn 0.0345 -0.5913 -0.8057
vn 0.1328 -0.4808 -0.8667
vn -0.2740 0.1672 -0.9471
vn -0.3717 -0.1021 -0.9227
vn -0.6843 -0.3796 -0.6226
vn -0.3971 -0.6191 -0.6774
vn 0.1600 -0.3972 -0.9037
vn 0.8498 -0.2851 -0.4432
vn -0.1143 0.4330 -0.8941
vn 0.4278 0.0473 -0.9026
vn 0.1923 -0.5796 -0.7919
vn -0.4920 0.6462 -0.5833
vn 0.0976 -0.3344 -0.9373
vn 0.2180 -0.3887 -0.8952
vn 0.0476 -0.1741 -0.9836
vn 0.2963 -0.2465 -0.9227
vn 0.0441 -0.4498 -0.8920
vn 0.0859 -0.3240 -0.9421
vn 0.3854 -0.2781 -0.8798
vn -0.3355 -0.3541 0.8730
vn -0.3660 -0.0556 0.9289
vn -0.6432 0.3211 0.6951
vn -0.2991 -0.2005 0.9329
vn -0.4502 0.3397 0.8257
vn -0.2498 -0.4085 0.8779
vn -0.6973 0.2867 0.6568
vn -0.3787 0.0498 0.9242
vn -0.5584 -0.3472 0.7533
vn -0.3334 -0.2807 0.9000
vn -0.5769 0.0154 0.8166
vn -0.8375 0.4530 0.3053
vn 0.0611 -0.5212 0.8512
vn -0.2432 -0.2691 0.9319
vn -0.6102 0.1555 0.7768
vn -0.5437 0.6485 0.5326
vn -0.7208 0.5305 0.4460
vn 0.3094 -0.6106 0.7290
vn 0.2814 -0.3598 0.8896
vn -0.4622 -0.0279 0.8863
vn -0.4514 0.1315 0.8825
vn -0.0872 0.4610 0.8831
vn 0.1264 0.7243 0.6778
vn -0.9893 0.1087 0.0974
vn -0.4957 0.7505 0.4370
vn 0.7250 -0.4492 0.5220
vn -0.0763 -0.2101 0.9747
vn -0.4140 0.0557 0.9085
vn -0.3977 0.2236 0.8898
vn -0.2788 0.9599 -0.0278
vn -0.7925 0.1970 0.5771
vn 0.0618 -0.1977 0.9783
vn -0.5372 0.4454 0.7163
vn -0.2755 0.2215 0.9354
vn -0.5940 0.7972 -0.1072
vn -0.6765 0.1132 0.7276
vn -0.2890 0.7364 0.6116
vn -0.1719 0.9638 0.2038
vn -0.0827 0.3802 0.9212
vn -0.6066 0.6254 0.4908
vn -0.2572 0.5621 0.7860
vn -0.7035 0.1085 0.7024
vn -0.0782 0.3095 0.9477
vn -0.4159 -0.1364 0.8991
vn 0.2046 -0.2221 0.9533
vn -0.6362 -0.4766 0.6066
vn -0.0972 -0.5688 0.8167
vn -0.8028 -0.0980 0.5882
vn 0.5992 -0.3145 0.7362
vn -0.5063 -0.8529 -0.1270
vn 0.3111 -0.6895 -0.6540
vn 0.9621 0.0473 -0.2686
vn -0.3820 -0.3848 0.8402
vn 0.4102 -0.5297 -0.7424
vn 0.9262 0.0316 -0.3757
vn -0.0838 0.5684 0.8185
vn 0.4130 -0.4776 -0.7754
vn 0.7257 -0.1219 0.6771
vn 0.3924 0.9191 -0.0364
vn 0.3754 -0.2549 -0.8911
vn 0.7573 -0.0853 0.6474
vn 0.0352 0.1997 -0.9792
vn 0.1845 -0.5798 -0.7936
vn 0.8180 0.4403 0.3701
vn 0.1495 -0.5294 0.8351
vn -0.1876 -0.0117 0.9821
vn 0.2760 -0.7118 0.6459
vn 0.1280 -0.2354 0.9634
vn 0.2502 -0.6850 0.6841
vn -0.1603 -0.0885 0.9831
vn -0.1244 -0.1079 0.9863
vn 0.2972 -0.0061 0.9548
vn 0.0093 0.2918 0.9564
vn -0.0605 -0.5577 0.8278
vn 0.1775 -0.5434 0.8205
vn -0.5044 -0.7573 0.4147
vn -0.1332 -0.6392 0.7574
vn 0.2720 -0.3059 0.9123
vn 0.7788 0.6217 -0.0836
vn 0.0236 -0.2880 0.9573
vn -0.0270 0.2791 -0.9599
vn -0.6755 -0.4031 0.6173
vn -0.5480 -0.8332 -0.0738
vn -0.8123 0.0802 -0.5777
vn 0.0292 -0.4608 0.8870
vn -0.3286 0.4361 -0.8377
vn 0.2711 -0.9450 0.1828
vn 0.4951 -0.7814 -0.3799
vn 0.4591 -0.2180 -0.8612
vn -0.3979 0.5864 0.7056
vn 0.7244 -0.4798 -0.4949
vn 0.0105 0.9563 -0.2922
vn -0.5027 0.6762 0.5386
vn -0.6275 0.7078 0.3244
vn -0.6176 0.7231 0.3093
vn 0.0177 -0.1251 -0.9920
vn 0.3010 -0.5856 -0.7526
vn -0.5169 -0.6778 0.5229
vn -0.0195 -0.0668 -0.9976
vn 0.3964 -0.7886 0.4700
vn 0.2392 0.3739 -0.8961
vn -0.0420 0.2673 -0.9627
vn -0.1104 -0.7484 0.6540
vn -0.4017 0.6197 -0.6742
vn 0.0134 -0.4484 0.8937
vn 0.6052 0.5272 0.5964
vn -0.2170 -0.3925 0.8938
vn 0.1211 -0.0347 0.9920
vn 0.8460 -0.4691 0.2534
vn 0.8822 -0.2243 0.4139
vn 0.0077 -0.0819 -0.9966
vn 0.0119 -0.0772 -0.9969
vn 0.7786 -0.0558 0.6250
vn 0.9354 -0.0292 0.3524
vn 0.5731 -0.0996 0.8134
vn -0.7860 -0.2595 -0.5611
vn -0.8414 -0.4250 -0.3338
vn 0.8349 -0.0551 0.5476
vn 0.1977 -0.0547 0.9787
vn 0.1646 -0.1552 0.9741
vn -0.5878 -0.2750 0.7608
vn 0.2126 0.7064 -0.6750
vn 0.4518 -0.0121 0.8920
vn -0.3508 0.1310 0.9272
vn -0.0615 -0.0475 0.9969
vn -0.4640 -0.0018 0.8858
vn 0.1450 -0.4592 0.8764
vn 0.6421 0.0119 0.7665
vn 0.8374 -0.0550 0.5438
vn -0.0332 0.0687 0.9971
vn -0.7699 -0.1743 0.6139
vn -0.7609 -0.0734 0.6447
vn 0.6937 -0.0117 0.7201
vn 0.2237 -0.0045 0.9746
vn -0.7266 -0.6767 -0.1185
vn -0.7378 0.0976 0.6680
vn -0.8433 0.3046 0.4428
vn 0.6659 0.0108 0.7459
vn 0.2820 -0.8576 0.4301
vn -0.6303 -0.6435 0.4342
vn -0.8443 0.3341 0.4189
vn -0.9593 0.1064 0.2613
vn -0.7582 -0.5954 -0.2657
vn 0.1469 -0.8057 -0.5738
usemtl Material.001
s 1
f 2/1/1 4/2/2 3/3/3
f 4/2/2 6/4/4 5/5/5
f 6/4/4 8/6/6 5/5/5
f 4/2/2 2/1/1 6/4/4
f 8/6/6 9/7/7 5/5/5
f 6/4/4 10/8/8 8/6/6
f 9/7/7 12/9/9 5/5/5
f 8/6/6 13/10/10 9/7/7
f 10/8/8 13/10/10 8/6/6
f 10/8/8 14/11/11 13/10/10
f 12/9/9 16/12/12 5/5/5
f 9/7/7 17/13/13 12/9/9
f 13/10/10 18/14/14 9/7/7
f 14/11/11 19/15/15 13/10/10
f 15/16/16 21/17/17 7/18/18
f 1/19/19 22/20/20 11/21/19
f 12/9/9 23/22/21 16/12/12
f 17/13/13 24/23/22 12/9/9
f 9/7/7 18/14/14 17/13/13
f 18/14/14 25/24/23 17/13/13
f 13/10/10 19/15/15 18/14/14
f 19/15/15 25/24/23 18/14/14
f 19/15/15 26/25/24 25/24/23
f 14/11/11 27/26/25 19/15/15
f 21/17/17 31/27/26 7/18/18
f 22/20/20 21/17/17 15/16/16
f 22/20/20 31/27/26 21/17/17
f 23/22/21 32/28/27 16/12/12
f 24/23/22 23/22/21 12/9/9
f 17/13/13 33/29/28 24/23/22
f 26/25/24 33/29/28 25/24/23
f 19/15/15 34/30/29 26/25/24
f 27/26/25 35/31/30 19/15/15
f 14/11/11 36/32/31 27/26/25
f 20/33/32 37/34/33 28/35/34
f 29/36/35 37/34/33 20/33/32
f 29/36/35 38/37/36 37/34/33
f 31/27/26 22/20/20 7/18/18
f 32/28/27 5/5/5 16/12/12
f 23/22/21 41/38/37 32/28/27
f 17/13/13 25/24/23 33/29/28
f 26/25/24 42/39/38 33/29/28
f 34/30/29 35/31/30 26/25/24
f 27/26/25 43/40/39 35/31/30
f 37/34/33 44/41/40 28/35/34
f 38/37/36 45/42/41 37/34/33
f 39/43/42 46/44/42 30/45/43
f 41/38/37 10/8/8 32/28/27
f 35/31/30 42/39/38 26/25/24
f 35/31/30 49/46/44 42/39/38
f 43/40/39 50/47/45 35/31/30
f 27/26/25 51/48/46 43/40/39
f 37/34/33 45/42/41 44/41/40
f 45/42/41 52/49/47 44/41/40
f 38/37/36 53/50/48 45/42/41
f 40/51/49 55/52/50 48/53/51
f 10/8/8 6/4/4 32/28/27
f 50/47/45 49/46/44 35/31/30
f 50/47/45 56/54/52 49/46/44
f 43/40/39 51/48/46 50/47/45
f 51/48/46 57/55/53 50/47/45
f 27/26/25 58/56/54 51/48/46
f 45/42/41 59/57/55 52/49/47
f 53/50/48 60/58/56 45/42/41
f 38/37/36 61/59/57 53/50/48
f 54/60/58 62/61/59 47/62/60
f 48/53/51 63/63/61 54/60/58
f 55/52/50 63/63/61 48/53/51
f 55/52/50 53/50/48 63/63/61
f 40/51/49 38/37/36 55/52/50
f 50/47/45 57/55/53 56/54/52
f 57/55/53 64/64/62 56/54/52
f 51/48/46 65/65/63 57/55/53
f 58/56/54 66/66/64 51/48/46
f 59/57/55 67/67/65 52/49/47
f 60/58/56 68/68/66 45/42/41
f 54/60/58 69/69/67 62/61/59
f 63/63/61 69/69/67 54/60/58
f 63/63/61 70/70/68 69/69/67
f 57/55/53 65/65/63 64/64/62
f 65/65/63 71/71/69 64/64/62
f 51/48/46 72/72/70 65/65/63
f 67/67/65 73/73/71 52/49/47
f 59/57/55 74/74/72 67/67/65
f 68/68/66 67/67/65 45/42/41
f 60/58/56 75/75/73 68/68/66
f 63/63/61 60/58/56 70/70/68
f 71/71/69 76/76/74 64/64/62
f 65/65/63 77/77/75 71/71/69
f 72/72/70 77/77/75 65/65/63
f 72/72/70 78/78/76 77/77/75
f 51/48/46 78/78/76 72/72/70
f 73/73/71 44/41/40 52/49/47
f 73/73/71 79/79/77 44/41/40
f 74/74/72 79/79/77 67/67/65
f 68/68/66 75/75/73 67/67/65
f 75/75/73 80/80/78 67/67/65
f 60/58/56 81/81/79 75/75/73
f 60/58/56 82/82/80 70/70/68
f 63/63/61 59/57/55 60/58/56
f 76/76/74 83/83/81 64/64/62
f 77/77/75 84/84/82 71/71/69
f 78/78/76 84/84/82 77/77/75
f 78/78/76 85/85/83 84/84/82
f 79/79/77 74/74/72 44/41/40
f 73/73/71 86/86/84 79/79/77
f 75/75/73 82/82/80 80/80/78
f 82/82/80 87/87/85 70/70/68
f 60/58/56 80/80/78 82/82/80
f 83/83/81 51/48/46 64/64/62
f 84/84/82 76/76/74 71/71/69
f 85/85/83 88/88/86 84/84/82
f 78/78/76 88/88/86 85/85/83
f 73/73/71 89/89/87 86/86/84
f 75/75/73 81/81/79 82/82/80
f 87/87/85 90/90/88 70/70/68
f 87/87/85 91/91/89 90/90/88
f 91/91/89 62/61/59 90/90/88
f 62/61/59 92/92/90 90/90/88
f 92/92/90 47/62/60 90/90/88
f 93/93/91 95/94/92 94/95/93
f 93/93/91 96/96/94 95/94/92
f 96/96/94 97/97/95 95/94/92
f 97/97/95 99/98/96 95/94/92
f 96/96/94 100/99/97 97/97/95
f 98/100/98 101/101/99 96/96/94
f 97/97/95 103/102/100 99/98/96
f 100/99/97 104/103/101 97/97/95
f 96/96/94 105/104/102 100/99/97
f 102/105/103 101/101/99 98/100/98
f 103/102/100 106/106/104 99/98/96
f 97/97/95 106/106/104 103/102/100
f 97/97/95 104/103/101 106/106/104
f 104/103/101 107/107/105 106/106/104
f 100/99/97 108/108/106 104/103/101
f 105/104/102 109/109/107 100/99/97
f 96/96/94 110/110/108 105/104/102
f 106/106/104 112/111/109 99/98/96
f 107/107/105 113/112/110 106/106/104
f 104/103/101 108/108/106 107/107/105
f 108/108/106 114/113/111 107/107/105
f 100/99/97 109/109/107 108/108/106
f 109/109/107 115/114/112 108/108/106
f 105/104/102 116/115/113 109/109/107
f 110/110/108 116/115/113 105/104/102
f 111/116/114 110/110/108 102/105/103
f 106/106/104 113/112/110 112/111/109
f 113/112/110 117/117/115 112/111/109
f 107/107/105 114/113/111 113/112/110
f 114/113/111 118/118/116 113/112/110
f 109/109/107 119/119/117 115/114/112
f 113/112/110 118/118/116 117/117/115
f 119/119/117 116/115/113 115/114/112
f 109/109/107 101/101/99 119/119/117
f 120/120/118 121/121/119 111/116/114
f 121/121/119 94/95/93 111/116/114
f 122/122/120 123/123/121 124/124/122
f 124/124/122 125/125/123 122/122/120
f 123/123/121 126/126/124 124/124/122
f 125/125/123 127/127/125 122/122/120
f 124/124/122 128/128/126 125/125/123
f 123/123/121 129/129/127 126/126/124
f 127/127/125 130/130/128 122/122/120
f 125/125/123 131/131/129 127/127/125
f 129/129/127 133/132/130 132/133/131
f 123/123/121 134/134/132 129/129/127
f 130/130/128 135/135/133 122/122/120
f 127/127/125 136/136/134 130/130/128
f 131/131/129 137/137/135 127/127/125
f 125/125/123 138/138/136 131/131/129
f 133/132/130 140/139/137 132/133/131
f 129/129/127 141/140/138 133/132/130
f 134/134/132 142/141/139 129/129/127
f 123/123/121 143/142/140 134/134/132
f 130/130/128 144/143/141 135/135/133
f 136/136/134 145/144/142 130/130/128
f 131/131/129 138/138/136 137/137/135
f 138/138/136 146/145/143 137/137/135
f 139/146/144 146/145/143 138/138/136
f 141/140/138 148/147/145 133/132/130
f 129/129/127 142/141/139 141/140/138
f 142/141/139 148/147/145 141/140/138
f 142/141/139 149/148/146 148/147/145
f 134/134/132 143/142/140 142/141/139
f 143/142/140 150/149/147 142/141/139
f 123/123/121 151/150/148 143/142/140
f 130/130/128 145/144/142 144/143/141
f 145/144/142 152/151/149 144/143/141
f 146/145/143 153/152/150 137/137/135
f 149/148/146 155/153/151 148/147/145
f 142/141/139 150/149/147 149/148/146
f 150/149/147 156/154/152 149/148/146
f 143/142/140 157/155/153 150/149/147
f 151/150/148 157/155/153 143/142/140
f 151/150/148 158/156/154 157/155/153
f 152/151/149 159/157/155 144/143/141
f 145/144/142 160/158/156 152/151/149
f 153/152/150 161/159/157 137/137/135
f 147/160/158 163/161/159 154/162/160
f 155/153/151 164/163/161 148/147/145
f 149/148/146 156/154/152 155/153/151
f 156/154/152 165/164/162 155/153/151
f 150/149/147 144/143/141 156/154/152
f 157/155/153 135/135/133 150/149/147
f 158/156/154 128/128/126 157/155/153
f 151/150/148 124/124/122 158/156/154
f 152/151/149 166/165/163 159/157/155
f 160/158/156 167/166/164 152/151/149
f 145/144/142 157/155/153 160/158/156
f 161/159/157 127/127/125 137/137/135
f 161/159/157 145/144/142 127/127/125
f 153/152/150 168/167/165 161/159/157
f 154/162/160 169/168/166 162/169/167
f 163/161/159 170/170/168 154/162/160
f 147/160/158 171/171/169 163/161/159
f 164/163/161 172/172/170 148/147/145
f 156/154/152 166/165/163 165/164/162
f 135/135/133 159/157/155 150/149/147
f 128/128/126 122/122/120 157/155/153
f 152/151/149 173/173/171 166/165/163
f 167/166/164 173/173/171 152/151/149
f 167/166/164 174/174/172 173/173/171
f 145/144/142 175/175/173 157/155/153
f 168/167/165 176/176/174 161/159/157
f 153/152/150 177/177/175 168/167/165
f 154/162/160 170/170/168 169/168/166
f 170/170/168 178/178/176 169/168/166
f 163/161/159 179/179/177 170/170/168
f 171/171/169 179/179/177 163/161/159
f 171/171/169 180/180/178 179/179/177
f 147/160/158 181/181/179 171/171/169
f 172/172/170 182/182/180 148/147/145
f 166/165/163 183/183/181 165/164/162
f 156/154/152 184/184/182 166/165/163
f 173/173/171 183/183/181 166/165/163
f 173/173/171 185/185/183 183/183/181
f 167/166/164 183/183/181 174/174/172
f 145/144/142 161/159/157 175/175/173
f 168/167/165 186/186/184 176/176/174
f 153/152/150 187/187/185 177/177/175
f 170/170/168 188/188/186 178/178/176
f 179/179/177 189/189/187 170/170/168
f 180/180/178 189/189/187 179/179/177
f 180/180/178 190/190/188 189/189/187
f 171/171/169 191/191/189 180/180/178
f 181/181/179 192/192/190 171/171/169
f 147/160/158 193/193/191 181/181/179
f 182/182/180 181/181/179 148/147/145
f 184/184/182 167/166/164 166/165/163
f 185/185/183 194/194/192 183/183/181
f 173/173/171 194/194/192 185/185/183
f 173/173/171 174/174/172 194/194/192
f 183/183/181 194/194/192 174/174/172
f 167/166/164 184/184/182 183/183/181
f 184/184/182 195/195/193 183/183/181
f 168/167/165 177/177/175 186/186/184
f 177/177/175 196/196/194 186/186/184
f 187/187/185 196/196/194 177/177/175
f 187/187/185 197/197/195 196/196/194
f 188/188/186 198/198/196 178/178/176
f 188/188/186 199/199/197 198/198/196
f 170/170/168 189/189/187 188/188/186
f 189/189/187 200/200/198 188/188/186
f 190/190/188 201/201/199 189/189/187
f 180/180/178 202/202/200 190/190/188
f 191/191/189 202/202/200 180/180/178
f 191/191/189 203/203/201 202/202/200
f 171/171/169 182/182/180 191/191/189
f 192/192/190 204/204/202 171/171/169
f 181/181/179 172/172/170 192/192/190
f 193/193/191 133/132/130 181/181/179
f 195/195/193 205/205/203 183/183/181
f 184/184/182 156/154/152 195/195/193
f 196/196/194 206/206/204 186/186/184
f 197/197/195 207/207/205 196/196/194
f 187/187/185 208/208/206 197/197/195
f 188/188/186 209/209/207 199/199/197
f 188/188/186 200/200/198 209/209/207
f 200/200/198 210/210/208 209/209/207
f 189/189/187 210/210/208 200/200/198
f 189/189/187 201/201/199 210/210/208
f 201/201/199 211/211/209 210/210/208
f 190/190/188 212/212/210 201/201/199
f 202/202/200 211/211/209 190/190/188
f 203/203/201 213/213/211 202/202/200
f 191/191/189 214/214/212 203/203/201
f 182/182/180 214/214/212 191/191/189
f 182/182/180 215/215/213 214/214/212
f 181/181/179 215/215/213 172/172/170
f 205/205/203 216/216/214 183/183/181
f 195/195/193 217/217/215 205/205/203
f 207/207/205 206/206/204 196/196/194
f 207/207/205 218/218/216 206/206/204
f 197/197/195 218/218/216 207/207/205
f 197/197/195 208/208/206 218/218/216
f 187/187/185 219/219/217 208/208/206
f 210/210/208 221/220/218 209/209/207
f 211/211/209 222/221/219 210/210/208
f 212/212/210 223/222/220 201/201/199
f 190/190/188 224/223/221 212/212/210
f 211/211/209 204/204/202 190/190/188
f 202/202/200 212/212/210 211/211/209
f 213/213/211 225/224/222 202/202/200
f 203/203/201 226/225/223 213/213/211
f 214/214/212 226/225/223 203/203/201
f 214/214/212 227/226/224 226/225/223
f 215/215/213 228/227/225 214/214/212
f 216/216/214 229/228/226 183/183/181
f 205/205/203 230/229/227 216/216/214
f 217/217/215 230/229/227 205/205/203
f 217/217/215 231/230/228 230/229/227
f 218/218/216 232/231/229 206/206/204
f 187/187/185 233/232/230 219/219/217
f 209/209/207 221/220/218 220/233/231
f 221/220/218 235/234/232 220/233/231
f 210/210/208 222/221/219 221/220/218
f 222/221/219 236/235/233 221/220/218
f 212/212/210 222/221/219 223/222/220
f 224/223/221 237/236/234 212/212/210
f 190/190/188 238/237/235 224/223/221
f 204/204/202 192/192/190 190/190/188
f 202/202/200 239/238/236 212/212/210
f 225/224/222 239/238/236 202/202/200
f 225/224/222 240/239/237 239/238/236
f 213/213/211 241/240/238 225/224/222
f 226/225/223 242/241/239 213/213/211
f 227/226/224 243/242/240 226/225/223
f 214/214/212 228/227/225 227/226/224
f 228/227/225 244/243/241 227/226/224
f 215/215/213 245/244/242 228/227/225
f 216/216/214 231/230/228 229/228/226
f 231/230/228 216/216/214 230/229/227
f 217/217/215 246/245/243 231/230/228
f 232/231/229 247/246/244 206/206/204
f 233/232/230 248/247/245 219/219/217
f 187/187/185 247/246/244 233/232/230
f 220/233/231 235/234/232 234/248/246
f 221/220/218 236/235/233 235/234/232
f 236/235/233 249/249/247 235/234/232
f 212/212/210 239/238/236 222/221/219
f 237/236/234 250/250/248 212/212/210
f 224/223/221 225/224/222 237/236/234
f 238/237/235 213/213/211 224/223/221
f 240/239/237 251/251/249 239/238/236
f 225/224/222 252/252/250 240/239/237
f 242/241/239 253/253/251 213/213/211
f 227/226/224 244/243/241 243/242/240
f 244/243/241 254/254/252 243/242/240
f 228/227/225 255/255/253 244/243/241
f 245/244/242 155/153/151 228/227/225
f 215/215/213 148/147/145 245/244/242
f 231/230/228 256/256/254 229/228/226
f 246/245/243 257/257/255 231/230/228
f 247/246/244 187/187/185 206/206/204
f 232/231/229 176/176/174 247/246/244
f 248/247/245 30/45/43 219/219/217
f 250/250/248 258/258/256 212/212/210
f 237/236/234 259/259/257 250/250/248
f 240/239/237 259/259/257 251/251/249
f 252/252/250 260/260/258 240/239/237
f 253/253/251 261/261/259 213/213/211
f 242/241/239 262/262/260 253/253/251
f 244/243/241 255/255/253 254/254/252
f 148/147/145 263/263/261 245/244/242
f 256/256/254 264/264/262 229/228/226
f 231/230/228 257/257/255 256/256/254
f 257/257/255 265/265/263 256/256/254
f 246/245/243 265/265/263 257/257/255
f 246/245/243 264/264/262 265/265/263
f 176/176/174 153/152/150 247/246/244
f 259/259/257 266/266/264 250/250/248
f 259/259/257 267/267/265 266/266/264
f 237/236/234 268/268/266 259/259/257
f 260/260/258 268/268/266 240/239/237
f 252/252/250 269/269/267 260/260/258
f 253/253/251 270/270/268 261/261/259
f 262/262/260 270/270/268 253/253/251
f 242/241/239 243/242/240 262/262/260
f 256/256/254 265/265/263 264/264/262
f 246/245/243 229/228/226 264/264/262
f 267/267/265 271/271/269 266/266/264
f 252/252/250 241/240/238 269/269/267
f 270/270/268 272/272/270 261/261/259
f 242/241/239 226/225/223 243/242/240
f 272/272/270 260/260/258 261/261/259
f 236/235/233 273/273/271 258/258/256
f 275/274/272 276/275/273 274/276/274
f 276/275/273 277/277/275 274/276/274
f 278/278/276 279/279/277 280/280/278
f 280/280/278 281/281/279 278/278/276
f 279/279/277 282/282/280 280/280/278
f 281/281/279 283/283/281 278/278/276
f 279/279/277 284/284/282 282/282/280
f 285/285/283 286/286/284 287/287/285
f 286/286/284 288/288/286 287/287/285
f 288/288/286 289/289/287 287/287/285
f 286/286/284 290/290/288 288/288/286
f 289/289/287 291/291/289 287/287/285
f 290/290/288 292/292/290 288/288/286
f 289/289/287 293/293/291 291/291/289
f 292/292/290 294/294/292 288/288/286
f 290/290/288 295/295/293 292/292/290
f 293/293/291 296/296/294 291/291/289
f 294/294/292 289/289/287 288/288/286
f 294/294/292 297/297/295 289/289/287
f 292/292/290 298/298/296 294/294/292
f 295/295/293 299/299/297 292/292/290
f 290/290/288 300/300/298 295/295/293
f 296/296/294 301/301/299 291/291/289
f 293/293/291 301/301/299 296/296/294
f 293/293/291 289/289/287 301/301/299
f 294/294/292 302/302/300 297/297/295
f 298/298/296 302/302/300 294/294/292
f 298/298/296 303/303/301 302/302/300
f 292/292/290 299/299/297 298/298/296
f 299/299/297 303/303/301 298/298/296
f 299/299/297 304/304/302 303/303/301
f 295/295/293 305/305/303 299/299/297
f 300/300/298 306/306/304 295/295/293
f 290/290/288 307/307/305 300/300/298
f 301/301/299 287/287/285 291/291/289
f 302/302/300 308/308/306 297/297/295
f 303/303/301 309/309/307 302/302/300
f 304/304/302 310/310/308 303/303/301
f 305/305/303 311/311/309 299/299/297
f 306/306/304 305/305/303 295/295/293
f 306/306/304 312/312/310 305/305/303
f 300/300/298 313/313/311 306/306/304
f 307/307/305 314/314/312 300/300/298
f 290/290/288 315/315/313 307/307/305
f 308/308/306 316/316/314 297/297/295
f 302/302/300 317/317/315 308/308/306
f 303/303/301 318/318/316 309/309/307
f 310/310/308 318/318/316 303/303/301
f 311/311/309 319/319/317 299/299/297
f 305/305/303 312/312/310 311/311/309
f 312/312/310 319/319/317 311/311/309
f 312/312/310 320/320/318 319/319/317
f 306/306/304 321/321/319 312/312/310
f 313/313/311 321/321/319 306/306/304
f 313/313/311 322/322/320 321/321/319
f 300/300/298 314/314/312 313/313/311
f 314/314/312 323/323/321 313/313/311
f 307/307/305 315/315/313 314/314/312
f 315/315/313 324/324/322 314/314/312
f 308/308/306 325/325/323 316/316/314
f 317/317/315 326/326/324 308/308/306
f 302/302/300 309/309/307 317/317/315
f 309/309/307 327/327/325 317/317/315
f 318/318/316 328/328/326 309/309/307
f 319/319/317 304/304/302 299/299/297
f 319/319/317 310/310/308 304/304/302
f 319/319/317 329/329/327 310/310/308
f 320/320/318 330/330/328 319/319/317
f 312/312/310 331/331/329 320/320/318
f 321/321/319 331/331/329 312/312/310
f 321/321/319 332/332/330 331/331/329
f 322/322/320 333/333/331 321/321/319
f 313/313/311 323/323/321 322/322/320
f 323/323/321 334/334/332 322/322/320
f 314/314/312 335/335/333 323/323/321
f 324/324/322 335/335/333 314/314/312
f 308/308/306 326/326/324 325/325/323
f 326/326/324 336/336/334 325/325/323
f 317/317/315 327/327/325 326/326/324
f 327/327/325 281/281/279 326/326/324
f 309/309/307 337/337/335 327/327/325
f 330/330/328 338/338/336 319/319/317
f 320/320/318 331/331/329 330/330/328
f 331/331/329 339/339/337 330/330/328
f 332/332/330 340/340/338 331/331/329
f 321/321/319 341/341/339 332/332/330
f 333/333/331 342/342/340 321/321/319
f 323/323/321 343/343/341 334/334/332
f 335/335/333 343/343/341 323/323/321
f 335/335/333 344/344/342 343/343/341
f 326/326/324 283/283/281 336/336/334
f 338/338/336 345/345/343 319/319/317
f 330/330/328 346/346/344 338/338/336
f 339/339/337 347/347/345 330/330/328
f 331/331/329 340/340/338 339/339/337
f 340/340/338 348/348/346 339/339/337
f 332/332/330 349/349/347 340/340/338
f 341/341/339 350/350/348 332/332/330
f 321/321/319 351/351/349 341/341/339
f 342/342/340 352/352/350 321/321/319
f 343/343/341 344/344/342 334/334/332
f 344/344/342 353/353/351 334/334/332
f 283/283/281 280/280/278 336/336/334
f 338/338/336 354/354/352 345/345/343
f 346/346/344 355/355/353 338/338/336
f 339/339/337 356/356/354 347/347/345
f 348/348/346 356/356/354 339/339/337
f 340/340/338 357/357/355 348/348/346
f 332/332/330 358/358/356 349/349/347
f 350/350/348 358/358/356 332/332/330
f 350/350/348 359/359/357 358/358/356
f 341/341/339 322/322/320 350/350/348
f 321/321/319 352/352/350 351/351/349
f 353/353/351 360/360/358 334/334/332
f 344/344/342 361/361/359 353/353/351
f 354/354/352 362/362/360 345/345/343
f 338/338/336 363/363/361 354/354/352
f 346/346/344 364/364/362 355/355/353
f 356/356/354 365/365/363 347/347/345
f 340/340/338 366/366/364 357/357/355
f 358/358/356 359/359/357 349/349/347
f 359/359/357 367/367/365 349/349/347
f 350/350/348 334/334/332 359/359/357
f 341/341/339 351/351/349 322/322/320
f 353/353/351 368/368/366 360/360/358
f 361/361/359 369/369/367 353/353/351
f 344/344/342 370/370/368 361/361/359
f 362/362/360 371/371/369 345/345/343
f 354/354/352 363/363/361 362/362/360
f 338/338/336 372/372/370 363/363/361
f 364/364/362 372/372/370 355/355/353
f 346/346/344 365/365/363 364/364/362
f 366/366/364 367/367/365 357/357/355
f 340/340/338 373/373/371 366/366/364
f 367/367/365 366/366/364 349/349/347
f 366/366/364 348/348/346 349/349/347
f 359/359/357 374/374/372 367/367/365
f 334/334/332 360/360/358 359/359/357
f 360/360/358 374/374/372 359/359/357
f 360/360/358 375/375/373 374/374/372
f 368/368/366 376/376/374 360/360/358
f 344/344/342 377/377/375 370/370/368
f 371/371/369 378/378/376 345/345/343
f 362/362/360 379/379/377 371/371/369
f 374/374/372 380/380/378 367/367/365
f 375/375/373 381/381/379 374/374/372
f 360/360/358 369/369/367 375/375/373
f 376/376/374 382/382/380 360/360/358
f 368/368/366 361/361/359 376/376/374
f 377/377/375 383/383/381 370/370/368
f 344/344/342 384/384/382 377/377/375
f 378/378/376 329/329/327 345/345/343
f 371/371/369 318/318/316 378/378/376
f 362/362/360 385/385/383 379/379/377
f 380/380/378 386/386/384 367/367/365
f 374/374/372 387/387/385 380/380/378
f 381/381/379 387/387/385 374/374/372
f 381/381/379 388/388/386 387/387/385
f 375/375/373 389/389/387 381/381/379
f 382/382/380 390/390/388 360/360/358
f 376/376/374 390/390/388 382/382/380
f 376/376/374 381/381/379 390/390/388
f 361/361/359 370/370/368 376/376/374
f 383/383/381 391/391/389 370/370/368
f 377/377/375 392/392/390 383/383/381
f 384/384/382 392/392/390 377/377/375
f 329/329/327 393/393/391 345/345/343
f 318/318/316 310/310/308 378/378/376
f 371/371/369 337/337/335 318/318/316
f 385/385/383 394/394/392 379/379/377
f 362/362/360 395/395/393 385/385/383
f 386/386/384 396/396/394 367/367/365
f 380/380/378 387/387/385 386/386/384
f 387/387/385 397/397/395 386/386/384
f 388/388/386 398/398/396 387/387/385
f 381/381/379 399/399/397 388/388/386
f 375/375/373 400/400/398 389/389/387
f 390/390/388 400/400/398 360/360/358
f 383/383/381 376/376/374 391/391/389
f 337/337/335 328/328/326 318/318/316
f 385/385/383 401/401/399 394/394/392
f 395/395/393 402/402/400 385/385/383
f 362/362/360 363/363/361 395/395/393
f 363/363/361 403/403/401 395/395/393
f 396/396/394 404/404/402 367/367/365
f 397/397/395 405/405/403 386/386/384
f 398/398/396 397/397/395 387/387/385
f 398/398/396 406/406/404 397/397/395
f 388/388/386 407/407/405 398/398/396
f 381/381/379 408/408/406 399/399/397
f 375/375/373 368/368/366 400/400/398
f 401/401/399 409/409/407 394/394/392
f 402/402/400 401/401/399 385/385/383
f 402/402/400 410/410/408 401/401/399
f 395/395/393 403/403/401 402/402/400
f 403/403/401 411/411/409 402/402/400
f 404/404/402 373/373/371 367/367/365
f 405/405/403 396/396/394 386/386/384
f 405/405/403 412/412/410 396/396/394
f 397/397/395 413/413/411 405/405/403
f 406/406/404 413/413/411 397/397/395
f 406/406/404 414/414/412 413/413/411
f 398/398/396 415/415/413 406/406/404
f 407/407/405 415/415/413 398/398/396
f 407/407/405 399/399/397 415/415/413
f 375/375/373 391/391/389 368/368/366
f 409/409/407 416/416/414 394/394/392
f 401/401/399 410/410/408 409/409/407
f 410/410/408 417/417/415 409/409/407
f 402/402/400 411/411/409 410/410/408
f 411/411/409 418/418/416 410/410/408
f 403/403/401 419/419/417 411/411/409
f 404/404/402 420/420/418 373/373/371
f 405/405/403 421/421/419 412/412/410
f 413/413/411 414/414/412 405/405/403
f 414/414/412 422/422/420 405/405/403
f 406/406/404 423/423/421 414/414/412
f 415/415/413 424/424/422 406/406/404
f 399/399/397 425/425/423 415/415/413
f 407/407/405 388/388/386 399/399/397
f 416/416/414 426/426/424 394/394/392
f 409/409/407 417/417/415 416/416/414
f 417/417/415 427/427/425 416/416/414
f 410/410/408 428/428/426 417/417/415
f 418/418/416 428/428/426 410/410/408
f 418/418/416 429/429/427 428/428/426
f 411/411/409 419/419/417 418/418/416
f 419/419/417 430/430/428 418/418/416
f 405/405/403 431/431/429 421/421/419
f 414/414/412 432/432/430 422/422/420
f 423/423/421 433/433/431 414/414/412
f 406/406/404 424/424/422 423/423/421
f 424/424/422 433/433/431 423/423/421
f 424/424/422 434/434/432 433/433/431
f 415/415/413 425/425/423 424/424/422
f 425/425/423 435/435/433 424/424/422
f 427/427/425 436/436/434 416/416/414
f 428/428/426 437/437/435 417/417/415
f 418/418/416 438/438/436 429/429/427
f 419/419/417 439/439/437 430/430/428
f 431/431/429 440/440/438 421/421/419
f 405/405/403 422/422/420 431/431/429
f 422/422/420 432/432/430 431/431/429
f 414/414/412 441/441/439 432/432/430
f 433/433/431 441/441/439 414/414/412
f 433/433/431 434/434/432 441/441/439
f 434/434/432 442/442/440 441/441/439
f 424/424/422 443/443/441 434/434/432
f 435/435/433 443/443/441 424/424/422
f 435/435/433 444/444/442 443/443/441
f 436/436/434 426/426/424 416/416/414
f 436/436/434 394/394/392 426/426/424
f 437/437/435 445/445/443 417/417/415
f 428/428/426 429/429/427 437/437/435
f 429/429/427 438/438/436 437/437/435
f 438/438/436 446/446/444 437/437/435
f 419/419/417 447/447/445 439/439/437
f 440/440/438 448/448/446 421/421/419
f 431/431/429 449/449/447 440/440/438
f 442/442/440 432/432/430 441/441/439
f 434/434/432 444/444/442 442/442/440
f 444/444/442 434/434/432 443/443/441
f 445/445/443 450/450/448 417/417/415
f 437/437/435 451/451/449 445/445/443
f 446/446/444 451/451/449 437/437/435
f 419/419/417 403/403/401 447/447/445
f 448/448/446 412/412/410 421/421/419
f 448/448/446 396/396/394 412/412/410
f 448/448/446 404/404/402 396/396/394
f 448/448/446 420/420/418 404/404/402
f 448/448/446 452/452/450 420/420/418
f 440/440/438 453/453/451 448/448/446
f 449/449/447 454/454/452 440/440/438
f 444/444/442 455/455/453 442/442/440
f 450/450/448 427/427/425 417/417/415
f 451/451/449 456/456/454 445/445/443
f 452/452/450 457/457/455 420/420/418
f 448/448/446 453/453/451 452/452/450
f 453/453/451 457/457/455 452/452/450
f 453/453/451 454/454/452 457/457/455
f 454/454/452 453/453/451 440/440/438
f 455/455/453 458/458/456 442/442/440
f 444/444/442 459/459/457 455/455/453
f 451/451/449 460/460/458 456/456/454
f 458/458/456 461/461/459 442/442/440
f 455/455/453 459/459/457 458/458/456
f 459/459/457 462/462/460 458/458/456
f 444/444/442 463/463/461 459/459/457
f 460/460/458 464/464/462 456/456/454
f 451/451/449 446/446/444 460/460/458
f 458/458/456 465/465/463 461/461/459
f 462/462/460 465/465/463 458/458/456
f 462/462/460 466/466/464 465/465/463
f 459/459/457 467/467/465 462/462/460
f 463/463/461 468/468/466 459/459/457
f 444/444/442 469/469/467 463/463/461
f 464/464/462 470/470/468 456/456/454
f 460/460/458 471/471/469 464/464/462
f 465/465/463 466/466/464 461/461/459
f 466/466/464 472/472/470 461/461/459
f 462/462/460 467/467/465 466/466/464
f 463/463/461 473/473/471 468/468/466
f 469/469/467 473/473/471 463/463/461
f 469/469/467 474/474/472 473/473/471
f 444/444/442 435/435/433 469/469/467
f 435/435/433 474/474/472 469/469/467
f 435/435/433 475/475/473 474/474/472
f 470/470/468 476/476/474 456/456/454
f 464/464/462 477/477/475 470/470/468
f 471/471/469 477/477/475 464/464/462
f 471/471/469 478/478/476 477/477/475
f 472/472/470 459/459/457 461/461/459
f 466/466/464 467/467/465 472/472/470
f 473/473/471 479/479/477 468/468/466
f 474/474/472 480/480/478 473/473/471
f 475/475/473 481/481/479 474/474/472
f 435/435/433 482/482/480 475/475/473
f 476/476/474 483/483/481 456/456/454
f 470/470/468 477/477/475 476/476/474
f 477/477/475 478/478/476 476/476/474
f 478/478/476 484/484/482 476/476/474
f 471/471/469 484/484/482 478/478/476
f 459/459/457 485/485/483 461/461/459
f 472/472/470 467/467/465 459/459/457
f 479/479/477 486/486/484 468/468/466
f 473/473/471 480/480/478 479/479/477
f 480/480/478 487/487/485 479/479/477
f 474/474/472 481/481/479 480/480/478
f 481/481/479 487/487/485 480/480/478
f 481/481/479 488/488/486 487/487/485
f 475/475/473 488/488/486 481/481/479
f 475/475/473 489/489/487 488/488/486
f 476/476/474 484/484/482 483/483/481
f 485/485/483 490/490/488 461/461/459
f 459/459/457 491/491/489 485/485/483
f 479/479/477 492/492/490 486/486/484
f 487/487/485 492/492/490 479/479/477
f 487/487/485 493/493/491 492/492/490
f 488/488/486 494/494/492 487/487/485
f 489/489/487 494/494/492 488/488/486
f 489/489/487 495/495/493 494/494/492
f 475/475/473 482/482/480 489/489/487
f 482/482/480 496/496/494 489/489/487
f 490/490/488 497/497/495 461/461/459
f 485/485/483 498/498/496 490/490/488
f 459/459/457 499/499/497 491/491/489
f 492/492/490 493/493/491 486/486/484
f 493/493/491 500/500/498 486/486/484
f 494/494/492 495/495/493 487/487/485
f 489/489/487 496/496/494 495/495/493
f 496/496/494 501/501/499 495/495/493
f 482/482/480 502/502/500 496/496/494
f 490/490/488 498/498/496 497/497/495
f 498/498/496 503/503/501 497/497/495
f 485/485/483 504/504/502 498/498/496
f 499/499/497 500/500/498 491/491/489
f 500/500/498 468/468/466 486/486/484
f 500/500/498 499/499/497 468/468/466
f 499/499/497 459/459/457 468/468/466
f 493/493/491 505/505/503 500/500/498
f 501/501/499 506/506/504 495/495/493
f 496/496/494 507/507/505 501/501/499
f 502/502/500 507/507/505 496/496/494
f 502/502/500 508/508/506 507/507/505
f 482/482/480 509/509/507 502/502/500
f 503/503/501 510/510/508 497/497/495
f 498/498/496 510/510/508 503/503/501
f 498/498/496 504/504/502 510/510/508
f 504/504/502 511/511/509 510/510/508
f 485/485/483 491/491/489 504/504/502
f 491/491/489 512/512/510 504/504/502
f 500/500/498 513/513/511 491/491/489
f 493/493/491 514/514/512 505/505/503
f 501/501/499 515/515/513 506/506/504
f 507/507/505 515/515/513 501/501/499
f 507/507/505 508/508/506 515/515/513
f 508/508/506 516/516/514 515/515/513
f 502/502/500 509/509/507 508/508/506
f 509/509/507 516/516/514 508/508/506
f 509/509/507 517/517/515 516/516/514
f 510/510/508 518/518/516 497/497/495
f 511/511/509 519/519/517 510/510/508
f 504/504/502 520/520/518 511/511/509
f 512/512/510 520/520/518 504/504/502
f 512/512/510 521/521/519 520/520/518
f 491/491/489 522/522/520 512/512/510
f 513/513/511 522/522/520 491/491/489
f 513/513/511 500/500/498 522/522/520
f 516/516/514 523/523/521 515/515/513
f 517/517/515 524/524/522 516/516/514
f 509/509/507 525/525/523 517/517/515
f 518/518/516 526/526/524 497/497/495
f 510/510/508 527/527/525 518/518/516
f 519/519/517 528/528/526 510/510/508
f 511/511/509 529/529/527 519/519/517
f 520/520/518 529/529/527 511/511/509
f 520/520/518 530/530/528 529/529/527
f 521/521/519 531/531/529 520/520/518
f 512/512/510 522/522/520 521/521/519
f 522/522/520 532/532/530 521/521/519
f 523/523/521 506/506/504 515/515/513
f 516/516/514 533/533/531 523/523/521
f 524/524/522 533/533/531 516/516/514
f 524/524/522 534/534/532 533/533/531
f 509/509/507 535/535/533 525/525/523
f 526/526/524 536/536/534 497/497/495
f 518/518/516 536/536/534 526/526/524
f 518/518/516 527/527/525 536/536/534
f 510/510/508 537/537/535 527/527/525
f 519/519/517 538/538/536 528/528/526
f 529/529/527 539/539/537 519/519/517
f 530/530/528 540/540/538 529/529/527
f 520/520/518 531/531/529 530/530/528
f 531/531/529 540/540/538 530/530/528
f 531/531/529 541/541/539 540/540/538
f 521/521/519 532/532/530 531/531/529
f 532/532/530 541/541/539 531/531/529
f 533/533/531 542/542/540 523/523/521
f 524/524/522 543/543/541 534/534/532
f 535/535/533 517/517/515 525/525/523
f 509/509/507 544/544/542 535/535/533
f 537/537/535 519/519/517 527/527/525
f 519/519/517 545/545/543 538/538/536
f 529/529/527 540/540/538 539/539/537
f 543/543/541 546/546/544 534/534/532
f 546/546/544 517/517/515 534/534/532
f 543/543/541 547/547/545 546/546/544
f 517/517/515 548/548/546 534/534/532
f 546/546/544 549/549/547 517/517/515
f 547/547/545 509/509/507 546/546/544
f 543/543/541 549/549/547 547/547/545
f 548/548/546 533/533/531 534/534/532
f 548/548/546 550/550/548 533/533/531
f 547/547/545 408/408/406 509/509/507
f 550/550/548 542/542/540 533/533/531
f 548/548/546 523/523/521 550/550/548
f 547/547/545 389/389/387 408/408/406
f 523/523/521 542/542/540 550/550/548
f 548/548/546 524/524/522 523/523/521
f 551/551/549 552/552/550 553/553/551
f 553/553/551 160/158/156 551/551/549
f 552/552/550 554/554/552 553/553/551
f 551/551/549 167/166/164 552/552/550
f 553/553/551 555/555/553 160/158/156
f 554/554/552 556/556/554 553/553/551
f 552/552/550 557/557/555 554/554/552
f 167/166/164 557/557/555 552/552/550
f 167/166/164 558/558/556 557/557/555
f 551/551/549 166/165/163 167/166/164
f 553/553/551 559/559/557 555/555/553
f 556/556/554 560/560/558 553/553/551
f 554/554/552 557/557/555 556/556/554
f 557/557/555 558/558/556 556/556/554
f 559/559/557 561/561/559 555/555/553
f 553/553/551 562/562/560 559/559/557
f 560/560/558 561/561/559 553/553/551
f 561/561/559 562/562/560 555/555/553
f 562/562/560 560/560/558 559/559/557
f 563/563/561 564/564/562 565/565/563
f 565/565/563 566/566/564 563/563/561
f 566/566/564 567/567/565 563/563/561
f 565/565/563 568/568/566 566/566/564
f 566/566/564 570/569/567 567/567/565
f 568/568/566 570/569/567 566/566/564
f 568/568/566 571/570/568 570/569/567
f 565/565/563 572/571/569 568/568/566
f 569/572/570 573/573/571 563/563/561
f 567/567/565 570/569/567 569/572/570
f 570/569/567 574/574/572 569/572/570
f 571/570/568 575/575/573 570/569/567
f 572/571/569 576/576/574 568/568/566
f 565/565/563 577/577/575 572/571/569
f 569/572/570 578/578/576 573/573/571
f 574/574/572 578/578/576 569/572/570
f 570/569/567 575/575/573 574/574/572
f 575/575/573 580/579/577 574/574/572
f 571/570/568 581/580/578 575/575/573
f 572/571/569 575/575/573 576/576/574
f 577/577/575 582/581/579 572/571/569
f 565/565/563 267/267/265 577/577/575
f 578/578/576 583/582/580 573/573/571
f 579/583/581 584/584/582 578/578/576
f 574/574/572 585/585/583 579/583/581
f 580/579/577 585/585/583 574/574/572
f 580/579/577 586/586/584 585/585/583
f 571/570/568 587/587/585 581/580/578
f 572/571/569 587/587/585 575/575/573
f 582/581/579 588/588/586 572/571/569
f 577/577/575 272/272/270 582/581/579
f 565/565/563 564/564/562 267/267/265
f 564/564/562 251/251/249 267/267/265
f 578/578/576 584/584/582 583/582/580
f 584/584/582 589/589/587 583/582/580
f 579/583/581 590/590/588 584/584/582
f 585/585/583 586/586/584 579/583/581
f 580/579/577 591/591/589 586/586/584
f 587/587/585 592/592/590 581/580/578
f 571/570/568 582/581/579 587/587/585
f 582/581/579 571/570/568 588/588/586
f 571/570/568 572/571/569 588/588/586
f 272/272/270 593/593/591 582/581/579
f 589/589/587 594/594/592 583/582/580
f 584/584/582 595/595/593 589/589/587
f 579/583/581 596/596/594 590/590/588
f 591/591/589 597/597/595 586/586/584
f 580/579/577 581/580/578 591/591/589
f 592/592/590 598/598/596 581/580/578
f 593/593/591 599/599/597 582/581/579
f 272/272/270 599/599/597 593/593/591
f 594/594/592 600/600/598 583/582/580
f 589/589/587 590/590/588 594/594/592
f 596/596/594 601/601/599 590/590/588
f 581/580/578 598/598/596 591/591/589
f 598/598/596 602/602/600 591/591/589
f 592/592/590 603/603/601 598/598/596
f 594/594/592 601/601/599 600/600/598
f 601/601/599 594/594/592 590/590/588
f 598/598/596 604/604/602 602/602/600
f 603/603/601 604/604/602 598/598/596
f 603/603/601 605/605/603 604/604/602
f 592/592/590 606/606/604 603/603/601
f 601/601/599 607/607/605 600/600/598
f 604/604/602 608/608/606 602/602/600
f 605/605/603 609/609/607 604/604/602
f 603/603/601 606/606/604 605/605/603
f 606/606/604 599/599/597 605/605/603
f 601/601/599 610/610/608 607/607/605
f 608/608/606 611/611/609 602/602/600
f 604/604/602 609/609/607 608/608/606
f 609/609/607 611/611/609 608/608/606
f 609/609/607 612/612/610 611/611/609
f 606/606/604 592/592/590 599/599/597
f 610/610/608 613/613/611 607/607/605
f 601/601/599 614/614/612 610/610/608
f 612/612/610 615/615/613 611/611/609
f 609/609/607 616/616/614 612/612/610
f 613/613/611 617/617/615 607/607/605
f 610/610/608 618/618/616 613/613/611
f 614/614/612 619/619/617 610/610/608
f 601/601/599 620/620/618 614/614/612
f 615/615/613 621/621/619 611/611/609
f 612/612/610 616/616/614 615/615/613
f 616/616/614 622/622/620 615/615/613
f 609/609/607 605/605/603 616/616/614
f 613/613/611 623/623/621 617/617/615
f 618/618/616 624/624/622 613/613/611
f 614/614/612 620/620/618 619/619/617
f 615/615/613 625/625/623 621/621/619
f 622/622/620 625/625/623 615/615/613
f 622/622/620 626/626/624 625/625/623
f 623/623/621 627/627/625 617/617/615
f 613/613/611 628/628/626 623/623/621
f 618/618/616 629/629/627 624/624/622
f 625/625/623 626/626/624 621/621/619
f 626/626/624 630/630/628 621/621/619
f 623/623/621 628/628/626 627/627/625
f 613/613/611 631/631/629 628/628/626
f 629/629/627 632/632/630 624/624/622
f 618/618/616 619/619/617 629/629/627
f 626/626/624 632/632/630 630/630/628
f 631/631/629 633/633/631 628/628/626
f 632/632/630 634/634/632 624/624/622
f 629/629/627 630/630/628 632/632/630
f 619/619/617 630/630/628 629/629/627
f 618/618/616 610/610/608 619/619/617
f 626/626/624 635/635/633 632/632/630
f 633/633/631 636/636/634 628/628/626
f 631/631/629 637/637/635 633/633/631
f 634/634/632 631/631/629 624/624/622
f 632/632/630 638/638/636 634/634/632
f 635/635/633 638/638/636 632/632/630
f 635/635/633 639/639/637 638/638/636
f 626/626/624 640/640/638 635/635/633
f 636/636/634 641/641/639 628/628/626
f 633/633/631 642/642/640 636/636/634
f 637/637/635 643/643/641 633/633/631
f 631/631/629 644/644/642 637/637/635
f 631/631/629 645/645/643 624/624/622
f 634/634/632 646/646/644 631/631/629
f 638/638/636 639/639/637 634/634/632
f 639/639/637 647/647/645 634/634/632
f 635/635/633 648/648/646 639/639/637
f 640/640/638 649/649/647 635/635/633
f 626/626/624 650/650/648 640/640/638
f 636/636/634 651/651/649 641/641/639
f 642/642/640 652/652/650 636/636/634
f 633/633/631 653/653/651 642/642/640
f 637/637/635 654/654/652 643/643/641
f 644/644/642 654/654/652 637/637/635
f 644/644/642 655/655/653 654/654/652
f 631/631/629 656/656/654 644/644/642
f 645/645/643 619/619/617 624/624/622
f 646/646/644 657/657/655 631/631/629
f 634/634/632 658/658/656 646/646/644
f 647/647/645 656/656/654 634/634/632
f 648/648/646 649/649/647 639/639/637
f 640/640/638 659/659/657 649/649/647
f 650/650/648 659/659/657 640/640/638
f 650/650/648 660/660/658 659/659/657
f 651/651/649 661/661/659 641/641/639
f 636/636/634 652/652/650 651/651/649
f 652/652/650 662/662/660 651/651/649
f 642/642/640 663/663/661 652/652/650
f 653/653/651 644/644/642 642/642/640
f 654/654/652 664/664/662 643/643/641
f 655/655/653 665/665/663 654/654/652
f 644/644/642 647/647/645 655/655/653
f 619/619/617 666/666/664 624/624/622
f 645/645/643 657/657/655 619/619/617
f 646/646/644 667/667/665 657/657/655
f 658/658/656 628/628/626 646/646/644
f 649/649/647 668/668/666 639/639/637
f 659/659/657 669/669/667 649/649/647
f 660/660/658 670/670/668 659/659/657
f 650/650/648 670/670/668 660/660/658
f 650/650/648 622/622/620 670/670/668
f 651/651/649 671/671/669 661/661/659
f 662/662/660 672/672/670 651/651/649
f 652/652/650 663/663/661 662/662/660
f 663/663/661 673/673/671 662/662/660
f 642/642/640 654/654/652 663/663/661
f 654/654/652 674/674/672 664/664/662
f 665/665/663 675/675/673 654/654/652
f 644/644/642 658/658/656 647/647/645
f 657/657/655 613/613/611 619/619/617
f 646/646/644 633/633/631 667/667/665
f 668/668/666 676/676/674 639/639/637
f 671/671/669 677/677/675 661/661/659
f 651/651/649 672/672/670 671/671/669
f 672/672/670 678/678/676 671/671/669
f 673/673/671 679/679/677 662/662/660
f 663/663/661 680/680/678 673/673/671
f 633/633/631 641/641/639 667/667/665
f 676/676/674 655/655/653 639/639/637
f 668/668/666 681/681/679 676/676/674
f 671/671/669 682/682/680 677/677/675
f 678/678/676 683/683/681 671/671/669
f 672/672/670 684/684/682 678/678/676
f 679/679/677 685/685/683 662/662/660
f 673/673/671 685/685/683 679/679/677
f 673/673/671 680/680/678 685/685/683
f 680/680/678 664/664/662 685/685/683
f 633/633/631 686/686/684 641/641/639
f 676/676/674 665/665/663 655/655/653
f 671/671/669 683/683/681 682/682/680
f 678/678/676 687/687/685 683/683/681
f 684/684/682 688/688/686 678/678/676
f 680/680/678 689/689/687 664/664/662
f 633/633/631 643/643/641 686/686/684
f 678/678/676 688/688/686 687/687/685
f 688/688/686 690/690/688 687/687/685
f 684/684/682 691/691/689 688/688/686
f 689/689/687 643/643/641 664/664/662
f 680/680/678 692/692/690 689/689/687
f 690/690/688 693/693/691 687/687/685
f 688/688/686 691/691/689 690/690/688
f 691/691/689 693/693/691 690/690/688
f 680/680/678 694/694/692 692/692/690
f 693/693/691 695/695/693 687/687/685
f 694/694/692 696/696/694 692/692/690
f 680/680/678 697/697/695 694/694/692
f 696/696/694 698/698/696 692/692/690
f 694/694/692 697/697/695 696/696/694
f 697/697/695 699/699/697 696/696/694
f 680/680/678 700/700/698 697/697/695
f 698/698/696 701/701/699 692/692/690
f 696/696/694 702/702/700 698/698/696
f 697/697/695 700/700/698 699/699/697
f 700/700/698 703/703/701 699/699/697
f 680/680/678 663/663/661 700/700/698
f 663/663/661 704/704/702 700/700/698
f 701/701/699 705/705/703 692/692/690
f 698/698/696 706/706/704 701/701/699
f 696/696/694 707/707/705 702/702/700
f 700/700/698 704/704/702 703/703/701
f 704/704/702 708/708/706 703/703/701
f 663/663/661 709/709/707 704/704/702
f 705/705/703 676/676/674 692/692/690
f 701/701/699 710/710/708 705/705/703
f 706/706/704 710/710/708 701/701/699
f 698/698/696 711/711/709 706/706/704
f 707/707/705 712/712/710 702/702/700
f 696/696/694 713/713/711 707/707/705
f 708/708/706 714/714/712 703/703/701
f 704/704/702 715/715/713 708/708/706
f 709/709/707 716/716/714 704/704/702
f 676/676/674 689/689/687 692/692/690
f 705/705/703 717/717/715 676/676/674
f 711/711/709 707/707/705 706/706/704
f 698/698/696 718/718/716 711/711/709
f 712/712/710 706/706/704 702/702/700
f 707/707/705 719/719/717 712/712/710
f 713/713/711 720/720/718 707/707/705
f 696/696/694 721/721/719 713/713/711
f 708/708/706 715/715/713 714/714/712
f 704/704/702 662/662/660 715/715/713
f 716/716/714 714/714/712 704/704/702
f 709/709/707 715/715/713 716/716/714
f 698/698/696 722/722/720 718/718/716
f 712/712/710 723/723/721 706/706/704
f 713/713/711 724/724/722 720/720/718
f 721/721/719 725/725/723 713/713/711
f 696/696/694 726/726/724 721/721/719
f 704/704/702 727/727/725 662/662/660
f 714/714/712 728/728/726 704/704/702
f 709/709/707 727/727/725 715/715/713
f 722/722/720 705/705/703 718/718/716
f 698/698/696 729/729/727 722/722/720
f 721/721/719 726/726/724 725/725/723
f 726/726/724 730/730/728 725/725/723
f 696/696/694 730/730/728 726/726/724
f 722/722/720 731/731/729 705/705/703
f 729/729/727 732/732/730 722/722/720
f 698/698/696 733/733/731 729/729/727
f 731/731/729 717/717/715 705/705/703
f 731/731/729 681/681/679 717/717/715
f 722/722/720 732/732/730 731/731/729
f 732/732/730 734/734/732 731/731/729
f 729/729/727 734/734/732 732/732/730
f 733/733/731 735/735/733 729/729/727
f 681/681/679 668/668/666 717/717/715
f 731/731/729 734/734/732 681/681/679
f 734/734/732 736/736/734 681/681/679
f 735/735/733 737/737/735 729/729/727
f 733/733/731 738/738/736 735/735/733
f 736/736/734 739/739/737 681/681/679
f 737/737/735 740/740/738 729/729/727
f 735/735/733 738/738/736 737/737/735
f 738/738/736 741/741/739 737/737/735
f 733/733/731 742/742/740 738/738/736
f 736/736/734 743/743/741 739/739/737
f 737/737/735 744/744/742 740/740/738
f 741/741/739 744/744/742 737/737/735
f 741/741/739 745/745/743 744/744/742
f 738/738/736 746/746/744 741/741/739
f 742/742/740 746/746/744 738/738/736
f 733/733/731 747/747/745 742/742/740
f 743/743/741 681/681/679 739/739/737
f 736/736/734 744/744/742 743/743/741
f 744/744/742 736/736/734 740/740/738
f 736/736/734 734/734/732 740/740/738
f 734/734/732 748/748/746 740/740/738
f 745/745/743 749/749/747 744/744/742
f 747/747/745 750/750/748 742/742/740
f 733/733/731 751/751/749 747/747/745
f 744/744/742 752/752/750 743/743/741
f 734/734/732 729/729/727 748/748/746
f 749/749/747 752/752/750 744/744/742
f 750/750/748 746/746/744 742/742/740
f 750/750/748 753/753/751 746/746/744
f 747/747/745 754/754/752 750/750/748
f 751/751/749 754/754/752 747/747/745
f 751/751/749 712/712/710 754/754/752
f 750/750/748 755/755/753 753/753/751
f 754/754/752 756/756/754 750/750/748
f 712/712/710 719/719/717 754/754/752
f 719/719/717 756/756/754 754/754/752
f 719/719/717 720/720/718 756/756/754
f 755/755/753 757/757/755 753/753/751
f 750/750/748 756/756/754 755/755/753
f 756/756/754 758/758/756 755/755/753
f 720/720/718 724/724/722 756/756/754
f 724/724/722 758/758/756 756/756/754
f 755/755/753 759/759/757 757/757/755
f 755/755/753 720/720/718 759/759/757
f 760/760/758 761/761/759 762/762/760
f 762/762/760 763/763/761 760/760/758
f 761/761/759 764/764/762 762/762/760
f 763/763/761 765/765/763 760/760/758
f 762/762/760 766/766/764 763/763/761
f 761/761/759 767/767/765 764/764/762
f 765/765/763 768/768/766 760/760/758
f 763/763/761 769/769/767 765/765/763
f 766/766/764 769/769/767 763/763/761
f 766/766/764 770/770/768 769/769/767
f 762/762/760 771/771/769 766/766/764
f 769/769/767 772/772/770 765/765/763
f 770/770/768 773/773/771 769/769/767
f 766/766/764 774/774/772 770/770/768
f 771/771/769 775/775/773 766/766/764
f 762/762/760 776/776/774 771/771/769
f 772/772/770 777/777/775 765/765/763
f 769/769/767 773/773/771 772/772/770
f 773/773/771 778/778/776 772/772/770
f 770/770/768 779/779/777 773/773/771
f 774/774/772 780/780/778 770/770/768
f 766/766/764 781/781/779 774/774/772
f 775/775/773 782/782/780 766/766/764
f 771/771/769 776/776/774 775/775/773
f 776/776/774 782/782/780 775/775/773
f 776/776/774 783/783/781 782/782/780
f 762/762/760 784/784/782 776/776/774
f 778/778/776 777/777/775 772/772/770
f 778/778/776 785/785/783 777/777/775
f 779/779/777 786/786/784 773/773/771
f 770/770/768 780/780/778 779/779/777
f 780/780/778 787/787/785 779/779/777
f 774/774/772 781/781/779 780/780/778
f 781/781/779 788/788/786 780/780/778
f 776/776/774 789/789/787 783/783/781
f 784/784/782 790/790/788 776/776/774
f 762/762/760 764/764/762 784/784/782
f 786/786/784 791/791/789 773/773/771
f 780/780/778 792/792/790 787/787/785
f 788/788/786 792/792/790 780/780/778
f 788/788/786 793/793/791 792/792/790
f 781/781/779 794/794/792 788/788/786
f 790/790/788 795/795/793 776/776/774
f 784/784/782 796/796/794 790/790/788
f 786/786/784 778/778/776 791/791/789
f 781/781/779 797/797/795 794/794/792
f 796/796/794 789/789/787 790/790/788
f 784/784/782 254/254/252 796/796/794
f 797/797/795 792/792/790 794/794/792
f 781/781/779 795/795/793 797/797/795
f 254/254/252 798/798/796 796/796/794
f 784/784/782 262/262/260 254/254/252
f 792/792/790 799/799/797 794/794/792
f 781/781/779 782/782/780 795/795/793
f 262/262/260 269/269/267 254/254/252
f 784/784/782 270/270/268 262/262/260
f 262/262/260 261/261/259 269/269/267
f 800/800/798 801/801/799 802/802/800
f 802/802/800 579/583/581 800/800/798
f 801/801/799 803/803/801 802/802/800
f 800/800/798 586/586/584 801/801/799
f 802/802/800 595/595/593 579/583/581
f 803/803/801 804/804/802 802/802/800
f 801/801/799 805/805/803 803/803/801
f 586/586/584 611/611/609 801/801/799
f 802/802/800 804/804/802 595/595/593
f 804/804/802 590/590/588 595/595/593
f 803/803/801 806/806/804 804/804/802
f 805/805/803 621/621/619 803/803/801
f 611/611/609 807/807/805 801/801/799
f 590/590/588 589/589/587 595/595/593
f 806/806/804 620/620/618 804/804/802
f 621/621/619 806/806/804 803/803/801
f 621/621/619 630/630/628 806/806/804
f 630/630/628 666/666/664 806/806/804
f 807/807/805 805/805/803 801/801/799
f 807/807/805 621/621/619 805/805/803
f 808/808/806 809/809/807 810/810/808
f 810/810/808 811/811/809 808/808/806
f 808/808/806 812/812/810 809/809/807
f 810/810/808 813/813/811 811/811/809
f 813/813/811 814/814/812 811/811/809
f 814/814/812 815/815/813 811/811/809
f 813/813/811 816/816/814 814/814/812
f 815/815/813 817/817/815 811/811/809
f 814/814/812 818/818/816 815/815/813
f 816/816/814 819/819/817 814/814/812
f 817/817/815 820/820/818 811/811/809
f 815/815/813 808/808/806 817/817/815
f 814/814/812 819/819/817 818/818/816
f 819/819/817 821/821/819 818/818/816
f 816/816/814 822/822/820 819/819/817
f 820/820/818 823/823/821 811/811/809
f 817/817/815 824/824/822 820/820/818
f 808/808/806 824/824/822 817/817/815
f 808/808/806 825/825/823 824/824/822
f 819/819/817 822/822/820 821/821/819
f 816/816/814 813/813/811 822/822/820
f 813/813/811 810/810/808 822/822/820
f 810/810/808 809/809/807 822/822/820
f 824/824/822 826/826/824 820/820/818
f 825/825/823 812/812/810 824/824/822
f 808/808/806 827/827/825 825/825/823
f 826/826/824 828/828/826 820/820/818
f 825/825/823 815/815/813 812/812/810
f 827/827/825 829/829/827 825/825/823
f 808/808/806 820/820/818 827/827/825
f 815/815/813 809/809/807 812/812/810
f 815/815/813 818/818/816 809/809/807
f 818/818/816 821/821/819 809/809/807
f 829/829/827 815/815/813 825/825/823
f 830/830/828 831/831/829 832/832/830
f 832/832/830 457/457/455 830/830/828
f 831/831/829 447/447/445 832/832/830
f 830/830/828 833/833/831 831/831/829
f 832/832/830 364/364/362 457/457/455
f 831/831/829 439/439/437 447/447/445
f 831/831/829 834/834/832 439/439/437
f 833/833/831 834/834/832 831/831/829
f 833/833/831 835/835/833 834/834/832
f 830/830/828 836/836/834 833/833/831
f 835/835/833 837/837/835 834/834/832
f 833/833/831 836/836/834 835/835/833
f 830/830/828 454/454/452 836/836/834
f 837/837/835 838/838/836 834/834/832
f 454/454/452 449/449/447 836/836/834
f 837/837/835 839/839/837 838/838/836
f 839/839/837 840/840/838 838/838/836
f 837/837/835 841/841/839 839/839/837
f 841/841/839 842/842/840 839/839/837
f 837/837/835 835/835/833 841/841/839
f 835/835/833 843/843/841 841/841/839
f 842/842/840 844/844/842 839/839/837
f 841/841/839 843/843/841 842/842/840
f 843/843/841 840/840/838 842/842/840
f 835/835/833 845/845/843 843/843/841
f 844/844/842 846/846/844 839/839/837
f 840/840/838 846/846/844 842/842/840
f 843/843/841 845/845/843 840/840/838
f 845/845/843 838/838/836 840/840/838
f 835/835/833 838/838/836 845/845/843
f 846/846/844 847/847/845 839/839/837
f 840/840/838 848/848/846 846/846/844
f 847/847/845 849/849/847 839/839/837
f 848/848/846 847/847/845 846/846/844
f 848/848/846 850/850/848 847/847/845
f 840/840/838 851/851/849 848/848/846
f 849/849/847 840/840/838 839/839/837
f 847/847/845 745/745/743 849/849/847
f 850/850/848 741/741/739 847/847/845
f 851/851/849 749/749/747 848/848/846
f 745/745/743 851/851/849 849/849/847
f 741/741/739 746/746/744 847/847/845
f 746/746/744 753/753/751 847/847/845
f 850/850/848 848/848/846 741/741/739
f 851/851/849 838/838/836 749/749/747
f 851/851/849 840/840/838 849/849/847
f 852/852/850 853/853/851 854/854/852
f 854/854/852 528/528/526 852/852/850
f 528/528/526 538/538/536 852/852/850
f 538/538/536 545/545/543 852/852/850
f 545/545/543 539/539/537 852/852/850
f 855/855/853 856/856/854 857/857/855
f 857/857/855 858/858/856 855/855/853
f 856/856/854 859/859/857 857/857/855
f 855/855/853 860/860/858 856/856/854
f 858/858/856 860/860/858 855/855/853
f 858/858/856 861/861/859 860/860/858
f 859/859/857 862/862/860 857/857/855
f 861/861/859 863/863/861 860/860/858
f 862/862/860 864/864/862 857/857/855
f 859/859/857 865/865/863 862/862/860
f 863/863/861 859/859/857 860/860/858
f 864/864/862 869/866/864 857/857/855
f 862/862/860 870/867/865 864/864/862
f 856/856/854 872/868/866 867/869/867
f 858/858/856 874/870/868 868/871/869
f 869/866/864 863/863/861 857/857/855
f 864/864/862 865/865/863 869/866/864
f 867/869/867 875/872/870 871/873/871
f 872/868/866 876/874/872 867/869/867
f 868/871/869 874/870/868 873/875/873
f 874/870/868 877/876/874 873/875/873
f 863/863/861 873/875/873 857/857/855
f 864/864/862 870/867/865 865/865/863
f 875/872/870 878/877/875 871/873/871
f 867/869/867 876/874/872 875/872/870
f 876/874/872 879/878/876 875/872/870
f 872/868/866 880/879/877 876/874/872
f 874/870/868 872/868/866 877/876/874
f 873/875/873 877/876/874 857/857/855
f 877/876/874 881/880/878 857/857/855
f 866/881/879 860/860/858 865/865/863
f 875/872/870 883/882/880 878/877/875
f 879/878/876 883/882/880 875/872/870
f 879/878/876 884/883/881 883/882/880
f 876/874/872 885/884/882 879/878/876
f 880/879/877 885/884/882 876/874/872
f 880/879/877 886/885/883 885/884/882
f 872/868/866 887/886/884 880/879/877
f 872/868/866 881/880/878 877/876/874
f 881/880/878 887/886/884 857/857/855
f 866/881/879 856/856/854 860/860/858
f 878/877/875 888/887/885 882/888/886
f 883/882/880 888/887/885 878/877/875
f 883/882/880 889/889/887 888/887/885
f 884/883/881 889/889/887 883/882/880
f 879/878/876 890/890/888 884/883/881
f 885/884/882 890/890/888 879/878/876
f 885/884/882 886/885/883 890/890/888
f 886/885/883 891/891/889 890/890/888
f 880/879/877 881/880/878 886/885/883
f 881/880/878 880/879/877 887/886/884
f 888/887/885 892/892/890 882/888/886
f 889/889/887 893/893/891 888/887/885
f 890/890/888 894/894/892 884/883/881
f 891/891/889 894/894/892 890/890/888
f 886/885/883 895/895/893 891/891/889
f 881/880/878 895/895/893 886/885/883
f 881/880/878 896/896/894 895/895/893
f 888/887/885 893/893/891 892/892/890
f 893/893/891 897/897/895 892/892/890
f 893/893/891 898/898/896 897/897/895
f 889/889/887 899/899/897 893/893/891
f 881/880/878 900/900/898 896/896/894
f 893/893/891 899/899/897 898/898/896
f 889/889/887 884/883/881 899/899/897
f 884/883/881 902/901/899 899/899/897
f 902/901/899 903/902/900 899/899/897
f 884/883/881 903/902/900 902/901/899
f 903/902/900 898/898/896 899/899/897
f 903/902/900 901/903/901 898/898/896
