# Blender v2.79 (sub 0) OBJ File: ''
# www.blender.org
mtllib 5.mtl
o 5
v -0.118392 0.560721 0.369693
v -0.087357 0.533983 0.362484
v -0.053236 0.561463 0.382839
v -0.098694 0.567014 0.365081
v -0.048301 0.547197 0.381676
v -0.132286 0.538304 0.368919
v -0.141618 0.564199 0.368377
v -0.077009 0.568969 0.354329
v -0.027405 0.546926 0.388006
v -0.063840 0.536913 0.335351
v -0.128654 0.525734 0.353522
v -0.161600 0.554163 0.367980
v -0.073727 0.561723 0.338893
v -0.050028 0.551640 0.349465
v -0.008634 0.556964 0.391850
v -0.020078 0.528377 0.390275
v -0.090137 0.542391 0.320930
v -0.127296 0.518560 0.336578
v -0.149268 0.519095 0.344349
v -0.155250 0.538886 0.359806
v -0.040444 0.533381 0.336050
v -0.002967 0.535600 0.395192
v 0.003290 0.523300 0.385923
v -0.033794 0.510417 0.368394
v -0.068801 0.548430 0.338541
v -0.094799 0.552887 0.366684
v -0.107571 0.526914 0.317028
v -0.146099 0.504472 0.329031
v -0.167854 0.505018 0.336266
v -0.177829 0.533026 0.346770
v -0.182036 0.545891 0.352297
v -0.059832 0.527984 0.324740
v 0.011638 0.555482 0.390422
v 0.018981 0.539365 0.384634
v -0.012323 0.510611 0.377394
v -0.028718 0.498555 0.367782
v -0.121787 0.504005 0.299943
v -0.142352 0.497292 0.317384
v -0.162832 0.495418 0.325822
v -0.171927 0.517218 0.337977
v -0.195652 0.519209 0.341252
v -0.194111 0.561600 0.351490
v -0.076179 0.511265 0.305780
v 0.040272 0.558190 0.367415
v 0.028412 0.525021 0.372130
v -0.005660 0.495430 0.372170
v -0.019101 0.475842 0.365814
v -0.046756 0.491609 0.346897
v -0.137319 0.484175 0.290290
v -0.157719 0.475431 0.303048
v -0.187187 0.500317 0.340067
v -0.203473 0.539736 0.342704
v -0.206781 0.558733 0.345318
v -0.102259 0.512575 0.307767
v 0.036012 0.577729 0.369910
v 0.045193 0.549154 0.357879
v -0.001453 0.486087 0.360996
v 0.006180 0.470601 0.351453
v -0.039294 0.481239 0.335838
v -0.134432 0.473738 0.280428
v -0.157946 0.478863 0.323275
v -0.182171 0.487183 0.342169
v -0.205812 0.490619 0.340149
v -0.223409 0.533560 0.336612
v -0.249132 0.542535 0.338120
v -0.126616 0.519430 0.305777
v 0.049460 0.554918 0.318533
v 0.032006 0.534270 0.331893
v 0.009849 0.521603 0.354462
v 0.029718 0.472679 0.336694
v 0.012760 0.461060 0.341937
v -0.152388 0.459063 0.294910
v -0.200184 0.477182 0.343958
v -0.220593 0.519760 0.331749
v -0.244131 0.524873 0.335608
v -0.096476 0.497114 0.290293
v 0.056613 0.541123 0.307999
v 0.019299 0.504571 0.332491
v 0.018229 0.446317 0.338560
v -0.127417 0.448624 0.268883
v -0.174025 0.463816 0.340736
v -0.195109 0.465264 0.345407
v -0.225957 0.482557 0.338634
v -0.234473 0.502224 0.335840
v -0.092801 0.488617 0.280043
v 0.061502 0.543396 0.279665
v 0.066639 0.518691 0.299558
v 0.034213 0.534677 0.317685
v 0.006123 0.481663 0.337339
v 0.038907 0.451075 0.327971
v -0.001952 0.436480 0.353743
v -0.189427 0.452966 0.348917
v -0.214242 0.460206 0.352358
v -0.214132 0.501696 0.329172
v -0.114389 0.482856 0.285676
v 0.040624 0.537419 0.272101
v 0.071084 0.504614 0.301027
v 0.038159 0.535644 0.294173
v 0.025471 0.488260 0.328449
v -0.017114 0.460994 0.369525
v -0.164203 0.444117 0.346666
v -0.181885 0.438458 0.357077
v -0.237002 0.459285 0.349250
v 0.085530 0.559933 0.267246
v 0.046785 0.516413 0.274561
v -0.026775 0.435156 0.376429
v -0.158456 0.432222 0.341826
v -0.179478 0.423226 0.346263
v -0.208807 0.444098 0.345998
v -0.253859 0.443308 0.349465
v -0.109790 0.466098 0.276224
v 0.090759 0.548790 0.260448
v 0.106913 0.563414 0.269348
v 0.058786 0.481833 0.297699
v -0.032437 0.451056 0.376615
v -0.199840 0.420647 0.347440
v -0.234283 0.429747 0.319369
v -0.242743 0.475613 0.353851
v -0.131402 0.462191 0.274369
v -0.102912 0.449171 0.291643
v 0.048517 0.504967 0.288584
v 0.095874 0.537870 0.253232
v 0.076772 0.581109 0.271319
v 0.112527 0.551492 0.263265
v -0.021870 0.422275 0.380071
v -0.257299 0.431621 0.320871
v -0.269114 0.462667 0.324953
v -0.098223 0.439495 0.303946
v 0.051951 0.495555 0.299236
v 0.099673 0.586032 0.270370
v 0.067338 0.587181 0.289756
v 0.128524 0.575980 0.268779
v 0.118129 0.540004 0.258720
v -0.014767 0.406271 0.374394
v -0.047766 0.436572 0.379443
v -0.036021 0.463978 0.371323
v -0.010586 0.448934 0.374967
v -0.278640 0.427127 0.324191
v -0.092986 0.427347 0.308029
v -0.113477 0.415777 0.314502
v 0.124229 0.528885 0.255217
v 0.093793 0.598484 0.275326
v 0.114495 0.610381 0.278991
v 0.122651 0.588637 0.272784
v 0.141342 0.551605 0.258450
v -0.034799 0.403915 0.368476
v -0.007675 0.389271 0.374922
v -0.041401 0.420041 0.375058
v -0.055983 0.456605 0.367462
v -0.022798 0.489855 0.357289
v -0.285777 0.445708 0.326038
v -0.243555 0.456702 0.321795
v 0.153357 0.578630 0.271921
v 0.166449 0.557017 0.259764
v -0.028807 0.385873 0.368185
v -0.000363 0.372701 0.378198
v -0.073757 0.442966 0.365733
v -0.060533 0.471930 0.359209
v -0.239571 0.442130 0.315465
v 0.146130 0.538073 0.258656
v 0.136820 0.565204 0.260869
v 0.139913 0.604199 0.284706
v 0.161128 0.570992 0.262413
v 0.174408 0.538523 0.253513
v -0.044174 0.372946 0.362426
v -0.020994 0.369602 0.373910
v 0.018952 0.375802 0.376468
v -0.078912 0.456768 0.359031
v -0.251905 0.420161 0.323137
v 0.153164 0.517969 0.258554
v -0.037001 0.349903 0.356475
v -0.011277 0.346725 0.378673
v 0.012560 0.392621 0.375930
v -0.099867 0.439913 0.355586
v -0.272184 0.409632 0.320537
v 0.137927 0.492897 0.257492
v 0.145866 0.588687 0.283646
v -0.064293 0.365153 0.355073
v -0.029589 0.333155 0.356491
v 0.032116 0.395096 0.377499
v 0.005404 0.409526 0.371467
v -0.060863 0.409999 0.348087
v -0.074665 0.442672 0.311227
v -0.266733 0.397087 0.321161
v 0.122810 0.503376 0.286901
v 0.145750 0.474281 0.251185
v 0.179094 0.524480 0.253337
v -0.058642 0.352299 0.363702
v -0.003478 0.323388 0.372773
v 0.040351 0.373332 0.377773
v -0.080728 0.393575 0.324158
v -0.282972 0.381448 0.320896
v 0.128841 0.491330 0.290744
v 0.118971 0.464325 0.276796
v 0.174178 0.472787 0.246688
v 0.189273 0.504541 0.248691
v -0.021476 0.314244 0.360824
v 0.005387 0.299825 0.367701
v -0.056011 0.392971 0.344769
v -0.107408 0.403005 0.321439
v -0.069973 0.431230 0.307522
v -0.289754 0.398045 0.328085
v -0.258187 0.376691 0.321507
v 0.103644 0.492282 0.288192
v 0.152093 0.462123 0.245616
v 0.157633 0.449171 0.241679
v 0.199302 0.485475 0.238904
v 0.210790 0.518450 0.244048
v -0.022913 0.321215 0.372242
v -0.014269 0.297508 0.364089
v -0.100877 0.390436 0.324259
v -0.093986 0.373180 0.316990
v -0.087596 0.413981 0.315332
v -0.297703 0.422098 0.333465
v -0.311052 0.395043 0.331003
v -0.298998 0.382151 0.342230
v 0.085377 0.475202 0.293886
v 0.126963 0.436886 0.279585
v 0.177999 0.460408 0.245645
v 0.205144 0.474671 0.233101
v 0.223302 0.490962 0.239853
v -0.009048 0.285643 0.365904
v 0.012893 0.283186 0.364831
v -0.075106 0.386132 0.333929
v -0.121543 0.372671 0.306381
v -0.291316 0.409074 0.337481
v -0.319799 0.405149 0.335689
v 0.076737 0.491943 0.298379
v 0.090663 0.463204 0.292070
v 0.163557 0.435835 0.238638
v 0.183221 0.447577 0.244479
v 0.213022 0.462464 0.222376
v 0.230418 0.479681 0.232781
v 0.246640 0.514289 0.233459
v -0.087130 0.359535 0.323122
v -0.311971 0.444160 0.324145
v 0.184766 0.429535 0.264485
v 0.208949 0.424482 0.273634
v 0.219303 0.448394 0.214633
v 0.236712 0.466902 0.225640
v 0.249789 0.497872 0.237084
v 0.238456 0.545173 0.227633
v -0.061304 0.348414 0.318662
v -0.316037 0.457742 0.328187
v 0.095200 0.508790 0.298825
v 0.194009 0.394654 0.278458
v 0.240380 0.453966 0.225235
v 0.256602 0.485106 0.231765
v 0.276477 0.514060 0.238885
v 0.215447 0.503379 0.246116
v 0.231548 0.563774 0.231311
v -0.055344 0.331794 0.320444
v 0.190430 0.384282 0.303415
v 0.234826 0.413676 0.281551
v 0.283132 0.499233 0.235024
v -0.070270 0.317499 0.323194
v 0.110015 0.473953 0.290635
v 0.222662 0.386335 0.273661
v 0.228354 0.434861 0.280154
v -0.065207 0.304793 0.328965
v -0.100415 0.332870 0.315580
v 0.216537 0.366173 0.314457
v 0.192261 0.408681 0.269324
v 0.254223 0.442263 0.280045
v -0.088725 0.301102 0.319760
v -0.120433 0.323552 0.313621
v -0.105383 0.345758 0.308011
v 0.187519 0.374506 0.323583
v 0.239143 0.363924 0.320014
v 0.220179 0.400130 0.270093
v 0.241324 0.396293 0.279471
v -0.134472 0.299602 0.318953
v -0.126298 0.335782 0.312590
v -0.096935 0.321149 0.310034
v 0.191207 0.346984 0.346977
v 0.215181 0.412450 0.270917
v 0.260226 0.410803 0.290603
v -0.121554 0.271203 0.325196
v -0.141539 0.319101 0.317495
v -0.164169 0.320177 0.324151
v -0.131653 0.349821 0.308503
v -0.075499 0.329773 0.315990
v 0.166323 0.349032 0.349666
v 0.264744 0.398069 0.293609
v -0.093477 0.260450 0.329565
v -0.149196 0.279068 0.317105
v -0.150077 0.287745 0.331481
v -0.156139 0.347256 0.299683
v -0.137829 0.366251 0.308180
v 0.155719 0.372596 0.353309
v 0.147971 0.340048 0.349478
v -0.088493 0.248850 0.337163
v -0.105019 0.239949 0.345738
v -0.110639 0.251539 0.340133
v -0.176853 0.282091 0.318545
v -0.182387 0.311469 0.332941
v -0.148849 0.331871 0.308833
v 0.149907 0.391768 0.349774
v 0.160490 0.360492 0.354024
v 0.138012 0.363239 0.354191
v -0.072483 0.263283 0.321722
v -0.132200 0.249386 0.340726
v -0.178565 0.297790 0.329777
v 0.147749 0.406951 0.345974
v 0.120245 0.353710 0.347884
v -0.053077 0.274632 0.298432
v -0.083603 0.237341 0.342135
v -0.125205 0.237156 0.349228
v 0.130749 0.330152 0.344575
v -0.062155 0.292137 0.280016
v -0.044577 0.248648 0.313549
v -0.064330 0.246266 0.322582
v -0.099484 0.229162 0.353141
v -0.119703 0.225981 0.354875
v -0.156953 0.220132 0.337346
v -0.155296 0.302276 0.334311
v 0.105824 0.337727 0.341903
v 0.156470 0.315056 0.353682
v -0.104475 0.282638 0.306429
v -0.057573 0.281571 0.287662
v -0.031669 0.278805 0.290077
v -0.034710 0.225739 0.320340
v -0.078733 0.225631 0.346976
v -0.091591 0.213150 0.362892
v -0.113832 0.215118 0.364327
v -0.108578 0.203945 0.373169
v 0.096516 0.361334 0.345848
v 0.110877 0.320762 0.349967
v 0.134809 0.317885 0.347989
v 0.150709 0.327108 0.358194
v -0.081625 0.277852 0.281532
v -0.039956 0.236539 0.312869
v -0.026977 0.207415 0.322092
v -0.057041 0.227710 0.319632
v -0.050383 0.209350 0.319522
v -0.086893 0.200757 0.362141
v -0.081105 0.185731 0.363581
v 0.089891 0.372872 0.353647
v 0.081616 0.333388 0.355539
v 0.093299 0.311200 0.351914
v 0.118166 0.303461 0.353909
v 0.138586 0.306771 0.353741
v -0.067478 0.193192 0.317645
v 0.069414 0.362480 0.361567
v 0.076137 0.344973 0.359898
v 0.062704 0.323577 0.360185
v 0.097075 0.293342 0.357885
v -0.044558 0.192492 0.320668
v -0.061281 0.174282 0.311934
v 0.069612 0.307048 0.362666
v 0.075205 0.289007 0.367201
v -0.038587 0.178125 0.303681
v 0.051291 0.296109 0.367020
v 0.059437 0.275057 0.372713
v 0.083863 0.267343 0.370439
v -0.057332 0.159246 0.301933
v 0.413303 0.591130 -0.006354
v 0.444276 0.593445 0.005568
v 0.371208 0.612576 -0.040141
v 0.392542 0.560185 -0.017458
v 0.368815 0.595739 -0.017020
v 0.420880 0.572689 -0.006409
v 0.404163 0.609059 -0.003485
v 0.379756 0.577420 -0.013206
v 0.400407 0.541726 -0.018391
v 0.427421 0.553809 -0.005412
v 0.452010 0.573309 0.010672
v 0.433639 0.535539 -0.003189
v 0.405828 0.523003 -0.013952
v 0.439162 0.516416 0.003335
v 0.409036 0.503404 -0.004554
v 0.444299 0.499097 0.007414
v 0.446609 0.487321 0.013742
v 0.411392 0.483161 0.013732
v 0.440229 0.471449 0.050715
v 0.401569 0.466391 0.054744
v 0.349039 0.505781 0.036045
v 0.384954 0.438601 0.107647
v 0.353049 0.514887 0.019712
v 0.357341 0.444844 0.091877
v 0.357581 0.434324 0.100874
v 0.390905 0.413061 0.122991
v 0.331987 0.567937 0.025051
v 0.345288 0.522249 0.034736
v 0.342759 0.492574 0.070963
v 0.349095 0.459699 0.092359
v 0.400409 0.398278 0.119967
v 0.336687 0.531542 0.044348
v 0.325933 0.534829 0.073227
v 0.342646 0.480524 0.086817
v 0.357913 0.424678 0.110536
v 0.369314 0.374606 0.131110
v 0.322599 0.606204 0.087238
v 0.339306 0.377904 0.124127
v 0.374626 0.358790 0.133975
v 0.332635 0.604331 0.066833
v 0.259024 0.554458 0.128726
v 0.331414 0.392866 0.126482
v 0.348372 0.353842 0.126509
v 0.355079 0.337450 0.124564
v 0.401853 0.379696 0.132090
v 0.214552 0.594085 0.142063
v 0.321674 0.408309 0.128900
v 0.368636 0.314739 0.115331
v 0.385208 0.334157 0.135129
v 0.339996 0.308868 0.097919
v 0.375143 0.300164 0.115359
v 0.393642 0.312312 0.138957
v 0.378821 0.284765 0.120606
v 0.282111 0.761615 -0.104475
v 0.269648 0.748741 -0.052171
v 0.237279 0.704486 -0.095007
v 0.219987 0.682364 0.001943
v 0.270227 0.702717 -0.190975
v 0.300914 0.779590 -0.171043
v 0.251365 0.684828 -0.110830
v 0.276655 0.681888 -0.182453
v 0.377373 0.820670 -0.378424
v 0.411835 0.765514 -0.364214
v 0.373941 0.763128 -0.352129
v 0.365700 0.831469 -0.362658
v 0.421197 0.748376 -0.375737
v 0.430664 0.826451 -0.428561
v 0.419959 0.835114 -0.398005
v 0.332106 0.811646 -0.275150
v 0.435775 0.721896 -0.378275
v 0.430064 0.739825 -0.382037
v 0.378501 0.802487 -0.256097
v 0.427888 0.659596 -0.317180
v 0.449375 0.706448 -0.387698
v 0.477694 0.799617 -0.380962
v 0.409664 0.779101 -0.371094
v 0.496398 0.766255 -0.368494
v 0.484814 0.829913 -0.415177
v 0.483103 0.781330 -0.366545
v 0.376448 0.792492 -0.367963
v 0.415255 0.800805 -0.391661
v 0.473327 0.756895 -0.261540
v 0.469553 0.776510 -0.257932
v 0.463407 0.733081 -0.229794
v -0.357354 0.557597 0.244689
v -0.332908 0.519184 0.266817
v -0.308261 0.534133 0.279401
v -0.318214 0.556345 0.255108
v -0.306799 0.517858 0.271709
v -0.327134 0.492272 0.254349
v -0.283068 0.545582 0.279635
v -0.275970 0.505992 0.273147
v -0.328828 0.504343 0.263743
v -0.322299 0.477111 0.256572
v -0.284074 0.529173 0.274370
v -0.299860 0.488793 0.252556
v -0.305565 0.507149 0.261930
v -0.339645 0.531465 0.259433
v -0.356831 0.484571 0.270141
v -0.341755 0.472549 0.276833
v -0.349588 0.545055 0.249260
v 0.063256 0.435608 0.356234
v 0.072414 0.412899 0.356756
v 0.112115 0.433536 0.356969
v 0.076434 0.400609 0.359169
v 0.055549 0.404452 0.354343
v 0.083801 0.390802 0.347680
v 0.059380 0.389893 0.361327
v 0.051699 0.416402 0.350689
v 0.104417 0.401823 0.336983
v 0.046604 0.429520 0.346322
v -0.145837 0.421973 0.202313
v -0.127716 0.451713 0.218920
v -0.155336 0.453317 0.222832
v -0.141777 0.409180 0.189558
v -0.169884 0.409224 0.195593
v -0.137601 0.397293 0.177607
v -0.147451 0.433122 0.218436
v -0.163959 0.385908 0.166923
v -0.173036 0.433550 0.232640
v -0.133673 0.380876 0.123580
v -0.196178 0.393499 0.181645
v -0.181035 0.452188 0.236584
v -0.191987 0.364383 0.146943
v -0.193863 0.379199 0.163147
v -0.194033 0.373001 0.389298
v -0.177757 0.387344 0.390590
v -0.213658 0.374998 0.395644
v -0.188462 0.357506 0.386828
v -0.202788 0.395875 0.390291
v -0.170406 0.366177 0.385631
v -0.164559 0.350147 0.383636
v -0.208585 0.358711 0.390428
v -0.157381 0.387985 0.383962
v -0.151061 0.376709 0.374444
v -0.183615 0.340789 0.382023
v -0.204662 0.343394 0.385127
v -0.227015 0.355925 0.394670
v -0.157429 0.334315 0.380200
v -0.176635 0.324610 0.381666
v -0.222788 0.339882 0.388109
v -0.234580 0.372010 0.399577
v -0.198851 0.326690 0.383843
v -0.245613 0.341916 0.386648
v -0.257815 0.359557 0.376894
v -0.219048 0.391742 0.401095
v -0.219913 0.316021 0.382640
v -0.244590 0.329658 0.380150
v -0.278493 0.346645 0.365656
v -0.195745 0.383073 0.397120
v -0.274997 0.329874 0.356736
v 0.013716 0.333636 0.368691
v 0.046662 0.368854 0.361138
v 0.020972 0.370261 0.375987
v 0.007682 0.350235 0.373189
v 0.223669 0.347974 0.316126
v 0.236220 0.310018 0.325943
v 0.229833 0.335598 0.315749
v 0.258216 0.326896 0.315636
v 0.268522 0.306443 0.318447
v 0.241128 0.297886 0.324593
v 0.220551 0.313157 0.296177
v 0.221340 0.328100 0.273192
v -0.266435 0.310019 0.203868
v -0.295497 0.326216 0.215212
v -0.291089 0.311378 0.211856
v -0.284962 0.291526 0.208107
v -0.309060 0.300608 0.224681
v -0.282497 0.278941 0.202753
v -0.305256 0.286384 0.220618
v -0.315085 0.319449 0.224342
v -0.265392 0.294549 0.190878
v -0.295997 0.260351 0.216917
v -0.320682 0.254635 0.218336
v -0.328303 0.296573 0.240567
v -0.271926 0.326018 0.205280
v -0.281379 0.263084 0.184975
v -0.290928 0.237696 0.210733
v -0.311872 0.233880 0.221348
v -0.328134 0.273625 0.220643
v -0.302173 0.272893 0.215708
v -0.266016 0.286712 0.176481
v -0.262969 0.275378 0.169539
v -0.306887 0.219128 0.221522
v -0.330616 0.230964 0.235524
v -0.346193 0.257521 0.227279
v -0.284181 0.246422 0.156902
v -0.284176 0.222613 0.204160
v -0.316338 0.196315 0.235999
v -0.335885 0.245033 0.234837
v -0.327167 0.216436 0.229685
v -0.349546 0.270730 0.234203
v -0.294879 0.191713 0.216343
v -0.287839 0.178844 0.218257
v -0.341557 0.194041 0.238700
v -0.359393 0.228130 0.240215
v -0.350619 0.285692 0.245902
v -0.281819 0.164176 0.216054
v -0.303991 0.161184 0.229263
v -0.333176 0.179426 0.243856
v -0.353892 0.213065 0.232981
v -0.301914 0.204952 0.217054
v -0.332147 0.314574 0.247592
v -0.305334 0.176415 0.242616
v -0.328670 0.164830 0.240489
v -0.309303 0.335301 0.249467
v -0.291092 0.141414 0.240003
v -0.312350 0.327265 0.237746
v -0.264892 0.135297 0.220382
v -0.335709 0.153185 0.221861
v -0.285117 0.126238 0.243945
v -0.255384 0.114810 0.222718
v -0.319600 0.106707 0.239261
v -0.269468 0.094667 0.179113
v -0.285974 0.100695 0.227063
v -0.319920 0.069305 0.239244
v -0.320512 0.126194 0.233103
v -0.298629 0.081370 0.184101
v -0.316905 0.094074 0.248771
v -0.305366 0.126101 0.126245
v -0.274472 0.126875 0.100877
v -0.315213 0.133384 0.118302
v -0.289100 0.144185 0.088707
v -0.278621 0.154766 0.062187
v -0.312639 0.149073 0.048774
v -0.235987 0.125216 0.059321
v -0.287614 0.172347 0.057388
v -0.373814 0.115559 0.092812
v -0.220423 0.152398 0.036114
v -0.239915 0.143421 0.071131
v -0.284809 0.181596 0.078855
v -0.324478 0.163784 0.041189
v -0.401430 0.082799 0.129274
v -0.209505 0.127796 0.038394
v -0.244381 0.160756 0.078759
v -0.253017 0.195015 0.093552
v -0.285789 0.199244 0.099123
v -0.332608 0.182051 0.039744
v -0.415353 0.096653 0.108162
v -0.203781 0.110333 0.033652
v -0.248538 0.177990 0.086894
v -0.259430 0.220348 0.107552
v -0.285295 0.207601 0.109776
v -0.321277 0.214533 0.046833
v -0.403355 0.117023 0.018480
v -0.198480 0.091887 0.027928
v -0.285256 0.224196 0.129370
v -0.349992 0.200352 0.020664
v -0.168469 0.081757 -0.007784
v -0.285172 0.232191 0.139573
v -0.192783 0.072803 0.020729
v -0.151388 0.125039 0.003784
v -0.232663 0.105472 0.043703
v -0.188080 0.052874 0.009628
v -0.143792 0.106911 0.004767
v -0.156615 0.161992 0.012433
v -0.186394 0.042122 0.001987
v -0.137035 0.089000 0.003951
v -0.114804 0.123477 -0.003216
v -0.173320 0.007549 -0.000499
v -0.181703 0.022788 -0.006908
v -0.129906 0.071902 0.003446
v -0.107853 0.104204 0.002881
v -0.146630 0.033028 0.009282
v -0.161422 0.065848 0.000496
v -0.118458 0.044632 -0.000492
v -0.094609 0.078372 0.005374
v -0.154013 0.049671 0.006354
v -0.165281 -0.008384 0.004833
v -0.110496 0.025932 -0.009893
v -0.102902 0.095159 0.010989
v -0.174096 0.088129 -0.020741
v -0.139760 0.015631 0.009626
v -0.093773 0.001999 -0.003644
v -0.181462 0.092484 -0.044668
v -0.132376 -0.002190 0.007838
v -0.157231 -0.025031 0.009618
v -0.125237 -0.020100 0.005027
v -0.149546 -0.041247 0.012733
v -0.117885 -0.038722 0.002839
v -0.110583 -0.057731 -0.000221
v -0.141926 -0.058039 0.015735
v -0.102687 -0.077559 -0.004103
v -0.134332 -0.075047 0.017602
v -0.095407 -0.100300 -0.014635
v -0.126456 -0.091985 0.019850
v -0.119404 -0.108781 0.022310
v -0.140098 -0.123033 0.040495
v -0.112662 -0.123901 0.027338
v -0.105280 -0.135701 0.036647
v -0.076309 -0.149945 -0.006155
v -0.166340 -0.136407 0.052912
v -0.036909 -0.161534 -0.003962
v -0.050725 -0.149142 -0.034869
v -0.150800 -0.113260 0.023806
v -0.154745 -0.143900 0.078726
v -0.042023 -0.158220 -0.017724
v -0.159109 -0.099853 0.015877
v -0.200914 -0.138521 0.044065
v -0.182377 -0.156152 0.081158
v -0.144375 -0.154614 0.094287
v -0.002687 -0.171752 -0.016199
v -0.175501 -0.140080 0.018013
v -0.211393 -0.163601 0.083176
v -0.117075 -0.150569 0.090722
v -0.168826 -0.086019 0.006765
v -0.258780 -0.176329 0.038722
v -0.086074 -0.154497 0.091480
v -0.025000 -0.171960 0.050925
v -0.178946 -0.069780 -0.005094
v -0.061458 -0.151898 0.070241
v -0.033268 -0.158730 0.040075
v -0.184127 -0.061242 -0.014984
v -0.054043 -0.162441 0.088939
v -0.095170 -0.164119 -0.120231
v -0.085975 -0.141235 -0.024477
v 0.209215 0.291847 0.356227
v 0.173532 0.331229 0.348374
v 0.187029 0.295785 0.353624
v 0.188388 0.277312 0.369031
v 0.162669 0.302849 0.346303
v 0.206793 0.304228 0.348729
v 0.215402 0.269415 0.363986
v 0.166292 0.279362 0.374559
v 0.167647 0.287359 0.348631
v 0.235480 0.289293 0.347900
v 0.245209 0.262048 0.355789
v 0.195295 0.260448 0.373465
v 0.171841 0.263088 0.379168
v 0.149313 0.287522 0.331169
v 0.244323 0.273183 0.346506
v 0.228442 0.241827 0.365178
v 0.201413 0.244422 0.375402
v 0.179317 0.241400 0.378195
v 0.161706 0.237191 0.374866
v 0.156251 0.265101 0.335230
v 0.272292 0.292498 0.327669
v 0.255967 0.253454 0.337905
v 0.244089 0.231830 0.321968
v 0.185572 0.224409 0.385854
v 0.163537 0.247004 0.332391
v 0.273333 0.272188 0.337311
v 0.230256 0.211602 0.323842
v 0.146718 0.237945 0.329758
v 0.307076 0.274030 0.322175
v 0.287364 0.245796 0.323521
v 0.228817 0.222163 0.314400
v 0.207139 0.202766 0.333292
v 0.139873 0.255174 0.329206
v 0.309957 0.256374 0.323386
v 0.300900 0.216114 0.323033
v 0.270205 0.219397 0.329544
v 0.168911 0.218820 0.361771
v 0.124431 0.239918 0.327588
v 0.130943 0.278348 0.328363
v 0.315733 0.243416 0.325306
v 0.288489 0.193630 0.312002
v 0.250656 0.215067 0.324353
v 0.157118 0.203284 0.347525
v 0.117547 0.257461 0.325859
v 0.125573 0.290018 0.329186
v 0.294763 0.229544 0.319732
v 0.299380 0.180234 0.304437
v 0.257112 0.197866 0.325335
v 0.213585 0.187799 0.323181
v 0.137620 0.194207 0.347134
v 0.094794 0.259103 0.321697
v 0.271816 0.229144 0.316456
v 0.271395 0.172479 0.318012
v 0.263923 0.185060 0.323346
v 0.243027 0.174514 0.325756
v 0.193024 0.195167 0.302604
v 0.122528 0.180849 0.339269
v 0.133046 0.211209 0.344415
v 0.108800 0.285515 0.320455
v 0.280799 0.162857 0.303661
v 0.238253 0.188427 0.327864
v 0.202322 0.186150 0.276711
v 0.150942 0.220934 0.342606
v 0.112621 0.197231 0.355083
v 0.293351 0.145143 0.285247
v 0.182997 0.182058 0.264689
v 0.101946 0.170824 0.342715
v 0.109378 0.212549 0.347262
v 0.129967 0.223197 0.334342
v 0.095336 0.187069 0.357087
v 0.087419 0.209346 0.353638
v 0.101966 0.230549 0.344296
v 0.085384 0.158529 0.348356
v 0.072339 0.195066 0.356366
v 0.074614 0.238461 0.354969
v 0.078941 0.176053 0.347896
v 0.081598 0.225833 0.350155
v 0.064863 0.147906 0.339170
v 0.055383 0.164764 0.329386
v 0.051794 0.171280 0.316298
v 0.088580 0.149482 0.359384
v 0.110239 0.155763 0.345560
v 0.130161 0.157895 0.341083
v 0.094074 0.134219 0.365737
v 0.114870 0.140453 0.355134
v 0.100103 0.117683 0.356901
v 0.069200 0.137167 0.349029
v 0.136615 0.142665 0.350578
v 0.072585 0.122557 0.347500
v 0.117403 0.130961 0.363774
v 0.074950 0.103229 0.335599
v 0.073360 0.091617 0.327893
v 0.143292 0.126454 0.356225
v 0.101988 0.089543 0.335577
v 0.066863 0.079232 0.329388
v 0.149225 0.114811 0.357844
v 0.124781 0.112959 0.362638
v 0.130485 0.097562 0.360097
v 0.067544 0.063221 0.335512
v 0.155940 0.100582 0.353888
v 0.138689 0.078359 0.345987
v 0.098259 0.077407 0.340653
v 0.174200 0.070109 0.338649
v 0.144601 0.059398 0.338871
v 0.141142 0.073066 0.333983
v 0.187356 0.051401 0.340804
v 0.151327 0.038500 0.335350
v 0.167345 0.087807 0.338448
v 0.157319 0.023925 0.330619
v -0.245653 0.297100 0.146638
v -0.262161 0.228208 0.110368
v -0.181685 0.263328 0.114224
v -0.158145 0.276333 0.121448
v -0.172457 0.247510 0.122480
v 0.027033 0.244857 0.379420
v 0.015278 0.277572 0.365411
v 0.011256 0.237599 0.392489
v 0.033596 0.228856 0.386818
v 0.004611 0.252192 0.379015
v 0.044909 0.252969 0.369549
v 0.016211 0.220602 0.397944
v 0.055392 0.225536 0.380537
v 0.055721 0.231795 0.367999
v 0.040457 0.212066 0.392688
v 0.064254 0.208890 0.377150
v 0.043531 0.192668 0.384147
v 0.018615 0.204297 0.407950
v -0.252540 0.170992 -0.066317
v -0.258308 0.189544 -0.058333
v -0.214192 0.177489 -0.067702
v -0.258729 0.146921 -0.124099
v -0.223533 0.205930 -0.050388
v -0.208733 0.124053 -0.122824
v -0.217719 0.188541 -0.054372
v -0.229989 0.234181 -0.041902
v -0.225268 0.139544 -0.176886
v -0.201825 0.088863 -0.136556
v -0.156241 0.147672 0.005841
v -0.214033 0.107555 -0.199410
v -0.217335 0.091231 -0.215272
v -0.023643 0.134799 0.244902
v -0.060562 0.141694 0.225510
v -0.025368 0.171484 0.136312
v 0.001794 0.183906 0.150278
v -0.028800 0.180357 0.147635
v -0.009461 0.122025 0.247314
v 0.057243 0.160168 0.145690
v -0.113113 0.180850 0.208463
v 0.029051 0.185285 0.171900
v 0.063010 0.173526 0.168449
v -0.006123 0.139261 0.095473
v -0.072882 0.116936 0.266258
v 0.070365 0.160213 0.128860
v 0.036444 0.153087 0.073063
v -0.015817 0.148760 0.086934
v -0.038227 0.107739 0.275510
v 0.041181 0.135155 0.051439
v -0.000780 0.125169 0.057070
v -0.025934 0.151385 0.036448
v 0.005717 0.170451 0.078933
v -0.065692 0.106396 0.281946
v -0.057772 0.091475 0.290804
v 0.033374 0.170211 0.120472
v -0.051794 0.075743 0.295679
v -0.001165 0.194769 0.171701
v -0.036197 0.155743 0.244914
v -0.051258 0.134788 0.266680
v -0.045994 0.121720 0.270357
v 0.327230 0.106650 0.230838
v 0.371110 0.145019 0.142352
v 0.391828 0.157401 0.168340
v 0.383029 0.166765 0.176755
v 0.365848 0.185487 0.199050
v 0.320345 0.120392 0.227660
v 0.303044 0.093484 0.227405
v 0.281939 0.147960 0.223916
v 0.339789 0.085590 0.223337
v 0.286983 0.131777 0.225650
v 0.268063 0.122335 0.198053
v 0.313182 0.066380 0.214440
v 0.275463 0.090691 0.209055
v 0.272308 0.107480 0.203586
v 0.266994 0.136663 0.183015
v 0.286475 0.078026 0.191675
v 0.266573 0.170142 0.162666
v 0.243930 0.161820 0.139765
v 0.251712 0.147022 0.117209
v 0.268177 0.087694 0.106702
v 0.275008 0.061203 0.116700
v 0.266828 0.132210 0.077064
v 0.310669 0.058952 0.133654
v 0.207349 0.026159 0.079270
v 0.290546 0.088682 0.046176
v 0.296017 0.045826 0.066941
v 0.344317 0.035623 0.055024
v 0.395228 0.115990 0.114000
v 0.415056 0.072839 0.141070
v 0.396392 0.102705 0.135386
v 0.400064 0.087182 0.143997
v 0.388365 0.124866 0.121519
v 0.380076 0.134873 0.131851
v 0.288540 0.136551 0.123458
v 0.357865 0.156395 0.161762
v 0.271885 0.159278 0.156019
v 0.267593 0.074780 0.124932
v 0.276373 0.149185 0.149423
v 0.259946 0.041452 -0.074004
v 0.282561 0.104082 -0.132657
v 0.253550 0.056665 -0.070867
vt 0.318639 0.973379
vt 0.366364 0.929083
vt 0.415047 0.985418
vt 0.349035 0.978701
vt 0.422682 0.963427
vt 0.297986 0.940258
vt 0.284142 0.977341
vt 0.382894 0.972773
vt 0.454158 0.968250
vt 0.404420 0.913269
vt 0.307047 0.910637
vt 0.254334 0.962487
vt 0.389740 0.950481
vt 0.423054 0.944366
vt 0.482899 0.986433
vt 0.465312 0.942532
vt 0.368774 0.910635
vt 0.312832 0.888570
vt 0.279153 0.894704
vt 0.266170 0.934088
vt 0.438040 0.908850
vt 0.491616 0.957315
vt 0.501262 0.931548
vt 0.445634 0.899462
vt 0.396901 0.931644
vt 0.354563 0.959602
vt 0.344800 0.886840
vt 0.287612 0.863980
vt 0.254470 0.869491
vt 0.236852 0.916055
vt 0.228932 0.938372
vt 0.411271 0.893512
vt 0.514137 0.983003
vt 0.525237 0.954283
vt 0.477573 0.906357
vt 0.453270 0.881851
vt 0.328131 0.845045
vt 0.295728 0.846716
vt 0.264590 0.849440
vt 0.248096 0.887658
vt 0.212738 0.892704
vt 0.211478 0.960047
vt 0.390412 0.858378
vt 0.556496 0.967858
vt 0.538996 0.923437
vt 0.487727 0.880410
vt 0.467735 0.847677
vt 0.428057 0.857713
vt 0.308751 0.813044
vt 0.277729 0.808643
vt 0.225391 0.865445
vt 0.200890 0.922531
vt 0.195143 0.951201
vt 0.353824 0.861393
vt 0.550286 0.998236
vt 0.563085 0.947305
vt 0.494103 0.859218
vt 0.505338 0.830922
vt 0.439711 0.836098
vt 0.314722 0.793894
vt 0.272215 0.825124
vt 0.231985 0.848412
vt 0.198408 0.851926
vt 0.174301 0.909498
vt 0.136582 0.923103
vt 0.320287 0.869353
vt 0.566099 0.926055
vt 0.542168 0.907146
vt 0.510770 0.905439
vt 0.539126 0.824701
vt 0.514791 0.811625
vt 0.287072 0.782323
vt 0.205227 0.835504
vt 0.180191 0.886939
vt 0.144856 0.896693
vt 0.364547 0.830139
vt 0.575238 0.900018
vt 0.523975 0.866379
vt 0.522622 0.789018
vt 0.326397 0.755368
vt 0.244237 0.814767
vt 0.212110 0.819631
vt 0.169843 0.839688
vt 0.158666 0.865318
vt 0.371025 0.813118
vt 0.579384 0.884416
vt 0.588332 0.864416
vt 0.544540 0.897861
vt 0.505122 0.837627
vt 0.551807 0.789629
vt 0.493397 0.783825
vt 0.219215 0.804390
vt 0.181611 0.816728
vt 0.190383 0.860236
vt 0.340889 0.808716
vt 0.550750 0.871892
vt 0.594631 0.846519
vt 0.548700 0.883539
vt 0.532659 0.841224
vt 0.470579 0.828605
vt 0.256761 0.790574
vt 0.227594 0.788570
vt 0.149491 0.813529
vt 0.610262 0.897893
vt 0.559165 0.846153
vt 0.455734 0.795265
vt 0.266486 0.771118
vt 0.234607 0.760889
vt 0.191943 0.790162
vt 0.124729 0.791048
vt 0.348712 0.781709
vt 0.616337 0.879305
vt 0.639062 0.903743
vt 0.577321 0.814148
vt 0.447157 0.818641
vt 0.204506 0.757885
vt 0.165424 0.755708
vt 0.139104 0.839565
vt 0.320012 0.775672
vt 0.355539 0.767500
vt 0.562501 0.839495
vt 0.622118 0.861024
vt 0.599054 0.927917
vt 0.645563 0.884518
vt 0.462998 0.778546
vt 0.132280 0.759051
vt 0.113739 0.803871
vt 0.360051 0.760942
vt 0.568029 0.833339
vt 0.629547 0.933633
vt 0.588283 0.948732
vt 0.667799 0.919579
vt 0.652222 0.867029
vt 0.473959 0.751893
vt 0.423703 0.799171
vt 0.442098 0.834095
vt 0.480255 0.814501
vt 0.100551 0.754620
vt 0.366707 0.746678
vt 0.336952 0.734231
vt 0.659651 0.850788
vt 0.622373 0.953227
vt 0.650808 0.971362
vt 0.660684 0.938668
vt 0.682791 0.881661
vt 0.444123 0.745258
vt 0.484652 0.727361
vt 0.433717 0.772365
vt 0.412497 0.820939
vt 0.462579 0.862126
vt 0.089533 0.781156
vt 0.151353 0.793884
vt 0.701627 0.925118
vt 0.716216 0.889389
vt 0.453114 0.718978
vt 0.495686 0.704774
vt 0.386143 0.800165
vt 0.406613 0.837748
vt 0.159490 0.770531
vt 0.689149 0.864527
vt 0.677300 0.900554
vt 0.686296 0.967469
vt 0.709801 0.908961
vt 0.725179 0.862020
vt 0.430578 0.697513
vt 0.464582 0.698155
vt 0.524910 0.708460
vt 0.379419 0.815925
vt 0.138965 0.744518
vt 0.698405 0.838824
vt 0.441649 0.661824
vt 0.479128 0.666903
vt 0.515228 0.732782
vt 0.349015 0.789779
vt 0.111371 0.728805
vt 0.678099 0.806274
vt 0.694145 0.946353
vt 0.401528 0.682956
vt 0.452589 0.637926
vt 0.544886 0.737233
vt 0.504370 0.755025
vt 0.407345 0.743189
vt 0.391859 0.769018
vt 0.118805 0.711941
vt 0.663485 0.836404
vt 0.687107 0.779349
vt 0.731281 0.844105
vt 0.408929 0.668387
vt 0.491006 0.630313
vt 0.557381 0.705489
vt 0.381652 0.708525
vt 0.095946 0.690421
vt 0.672448 0.822758
vt 0.656458 0.779700
vt 0.723211 0.775207
vt 0.743397 0.816279
vt 0.464391 0.612524
vt 0.504312 0.594217
vt 0.414765 0.717505
vt 0.344246 0.720173
vt 0.398844 0.751655
vt 0.082877 0.716528
vt 0.130752 0.684178
vt 0.637605 0.822545
vt 0.694225 0.761261
vt 0.700574 0.743146
vt 0.753787 0.787205
vt 0.770116 0.831233
vt 0.461762 0.626941
vt 0.474996 0.589622
vt 0.353018 0.704260
vt 0.363941 0.677439
vt 0.373180 0.732197
vt 0.068826 0.752508
vt 0.050958 0.713769
vt 0.062458 0.701090
vt 0.613451 0.803184
vt 0.667740 0.745339
vt 0.727929 0.759118
vt 0.759712 0.770872
vt 0.785072 0.794546
vt 0.482742 0.573114
vt 0.515480 0.569225
vt 0.388391 0.702785
vt 0.327222 0.672295
vt 0.075995 0.736447
vt 0.035885 0.730078
vt 0.602132 0.828015
vt 0.620449 0.786294
vt 0.707565 0.725098
vt 0.734425 0.742439
vt 0.766768 0.750732
vt 0.792051 0.776933
vt 0.813092 0.820236
vt 0.372710 0.661351
vt 0.053235 0.777988
vt 0.741663 0.728724
vt 0.776562 0.726397
vt 0.772512 0.730070
vt 0.797859 0.757703
vt 0.818366 0.801736
vt 0.800714 0.855226
vt 0.409802 0.644357
vt 0.045322 0.798950
vt 0.627652 0.850748
vt 0.757916 0.689739
vt 0.802400 0.741591
vt 0.825296 0.783156
vt 0.853446 0.822892
vt 0.776781 0.813421
vt 0.793042 0.880382
vt 0.418048 0.622324
vt 0.760381 0.686638
vt 0.814032 0.715929
vt 0.860549 0.802357
vt 0.396618 0.603715
vt 0.646697 0.799731
vt 0.794960 0.676943
vt 0.804798 0.742969
vt 0.403166 0.588156
vt 0.355119 0.622031
vt 0.800404 0.666850
vt 0.752966 0.704035
vt 0.839698 0.752584
vt 0.370944 0.580140
vt 0.327356 0.608685
vt 0.349430 0.636696
vt 0.762452 0.682086
vt 0.834316 0.666080
vt 0.790474 0.693323
vt 0.822070 0.692305
vt 0.306484 0.577840
vt 0.319340 0.624902
vt 0.360889 0.604208
vt 0.775289 0.653696
vt 0.784058 0.709598
vt 0.851971 0.716262
vt 0.323457 0.540744
vt 0.296848 0.603959
vt 0.263146 0.607721
vt 0.312707 0.642360
vt 0.390103 0.617966
vt 0.739762 0.657708
vt 0.859370 0.700755
vt 0.362693 0.527066
vt 0.286152 0.549297
vt 0.281308 0.565365
vt 0.280751 0.635608
vt 0.304165 0.664387
vt 0.725239 0.692744
vt 0.712846 0.644914
vt 0.368666 0.512842
vt 0.343262 0.502382
vt 0.336158 0.517321
vt 0.246775 0.553821
vt 0.234570 0.598724
vt 0.288644 0.618268
vt 0.715758 0.718258
vt 0.732458 0.675850
vt 0.699418 0.679834
vt 0.393657 0.528966
vt 0.304817 0.514452
vt 0.241013 0.578740
vt 0.711616 0.737796
vt 0.671931 0.663572
vt 0.423156 0.538323
vt 0.374995 0.497898
vt 0.313078 0.499237
vt 0.686522 0.629027
vt 0.412416 0.556519
vt 0.433784 0.507052
vt 0.405111 0.505858
vt 0.350018 0.488766
vt 0.319921 0.484610
vt 0.269883 0.472828
vt 0.273082 0.586414
vt 0.649767 0.638634
vt 0.726447 0.611066
vt 0.350961 0.551181
vt 0.417929 0.544711
vt 0.453092 0.541694
vt 0.447233 0.477283
vt 0.381390 0.482464
vt 0.359999 0.467861
vt 0.326612 0.470973
vt 0.332654 0.456455
vt 0.636925 0.673452
vt 0.658650 0.617801
vt 0.693231 0.613005
vt 0.719185 0.629956
vt 0.385934 0.538247
vt 0.440312 0.490484
vt 0.458087 0.452519
vt 0.415726 0.479838
vt 0.425141 0.454738
vt 0.367108 0.449905
vt 0.375496 0.428517
vt 0.628499 0.693292
vt 0.616600 0.637880
vt 0.633227 0.604951
vt 0.670147 0.594651
vt 0.700153 0.599302
vt 0.401203 0.432401
vt 0.599356 0.682075
vt 0.609114 0.656226
vt 0.589235 0.625669
vt 0.639798 0.581558
vt 0.433284 0.431872
vt 0.410513 0.405995
vt 0.599788 0.602856
vt 0.608725 0.578398
vt 0.442809 0.410251
vt 0.572943 0.588607
vt 0.585743 0.559916
vt 0.622172 0.548015
vt 0.416970 0.384782
vt 0.919903 0.793238
vt 0.894914 0.758397
vt 0.866272 0.800515
vt 0.927643 0.774953
vt 0.883312 0.776965
vt 0.870975 0.793458
vt 0.902579 0.739950
vt 0.934710 0.756631
vt 0.956241 0.800458
vt 0.966283 0.782365
vt 0.941918 0.739327
vt 0.909604 0.723123
vt 0.950089 0.722610
vt 0.916168 0.706958
vt 0.956988 0.706691
vt 0.961891 0.696978
vt 0.925196 0.692783
vt 0.970251 0.693123
vt 0.930198 0.689212
vt 0.867318 0.723477
vt 0.932746 0.677454
vt 0.866304 0.726882
vt 0.895592 0.678875
vt 0.899186 0.670493
vt 0.945915 0.654391
vt 0.845853 0.782778
vt 0.862915 0.739900
vt 0.872097 0.722494
vt 0.886556 0.695087
vt 0.955529 0.637022
vt 0.856809 0.753152
vt 0.854391 0.768198
vt 0.877412 0.715520
vt 0.903198 0.663148
vt 0.924376 0.613973
vt 0.855266 0.850819
vt 0.887013 0.615635
vt 0.931718 0.597037
vt 0.859654 0.838931
vt 0.795917 0.814318
vt 0.878781 0.633006
vt 0.898352 0.589486
vt 0.905335 0.570722
vt 0.962510 0.619964
vt 0.911544 0.812209
vt 0.747689 0.865660
vt 0.868399 0.651013
vt 0.917267 0.543398
vt 0.944506 0.569650
vt 0.878340 0.533274
vt 0.924705 0.527317
vt 0.955997 0.545946
vt 0.931043 0.511311
vt 0.722758 0.864109
vt 0.723490 0.887634
vt 0.762520 0.925564
vt 0.763501 0.912280
vt 0.736163 0.823822
vt 0.733250 0.839427
vt 0.767285 0.898244
vt 0.743390 0.809074
vt 0.790938 0.850965
vt 0.820752 0.813983
vt 0.793259 0.816127
vt 0.784748 0.864714
vt 0.825665 0.797312
vt 0.822025 0.838335
vt 0.820076 0.855008
vt 0.773998 0.882054
vt 0.836495 0.776558
vt 0.831236 0.788918
vt 0.816920 0.882148
vt 0.843945 0.746701
vt 0.844993 0.762180
vt 0.868533 0.834243
vt 0.817616 0.822039
vt 0.886198 0.813153
vt 0.865988 0.845315
vt 0.792197 0.833236
vt 0.876245 0.825237
vt 0.817743 0.831564
vt 0.893439 0.860196
vt 0.896055 0.834983
vt 0.895628 0.842835
vt 0.032035 0.880779
vt 0.053283 0.845172
vt 0.080333 0.872159
vt 0.078221 0.885618
vt 0.085826 0.846339
vt 0.066853 0.803796
vt 0.114234 0.887250
vt 0.126491 0.831811
vt 0.060187 0.824341
vt 0.072179 0.785689
vt 0.115114 0.862599
vt 0.103428 0.798433
vt 0.091848 0.826917
vt 0.047954 0.856559
vt 0.019701 0.802417
vt 0.036446 0.790421
vt 0.039888 0.867746
vt 0.589608 0.784014
vt 0.603189 0.751890
vt 0.661853 0.781478
vt 0.609454 0.735590
vt 0.578050 0.738574
vt 0.618663 0.715867
vt 0.584428 0.721325
vt 0.572051 0.753623
vt 0.646848 0.726085
vt 0.564230 0.769795
vt 0.315153 0.693021
vt 0.334916 0.736001
vt 0.299181 0.739711
vt 0.322483 0.672913
vt 0.286711 0.675189
vt 0.329633 0.654654
vt 0.310054 0.713065
vt 0.299786 0.637816
vt 0.274420 0.719636
vt 0.342738 0.618783
vt 0.257649 0.651581
vt 0.263182 0.744566
vt 0.270640 0.606997
vt 0.264781 0.628847
vt 0.197909 0.710760
vt 0.222483 0.732773
vt 0.165067 0.716994
vt 0.207381 0.686548
vt 0.184055 0.745312
vt 0.235450 0.698812
vt 0.245033 0.674177
vt 0.175076 0.690058
vt 0.255891 0.730201
vt 0.268285 0.708783
vt 0.216514 0.659656
vt 0.183227 0.664873
vt 0.144803 0.687940
vt 0.256955 0.649345
vt 0.227268 0.635678
vt 0.154217 0.660996
vt 0.130800 0.714544
vt 0.192607 0.639639
vt 0.119876 0.663363
vt 0.105997 0.684894
vt 0.154326 0.745112
vt 0.160957 0.623413
vt 0.124501 0.642480
vt 0.080539 0.661086
vt 0.192255 0.729886
vt 0.090223 0.633339
vt 0.516800 0.643550
vt 0.565528 0.691030
vt 0.527947 0.700121
vt 0.507817 0.669592
vt 0.811025 0.642778
vt 0.832499 0.594364
vt 0.819557 0.625802
vt 0.859428 0.613928
vt 0.875151 0.587015
vt 0.838943 0.577246
vt 0.799648 0.588972
vt 0.793034 0.601277
vt 0.164714 0.558847
vt 0.124189 0.581498
vt 0.131017 0.562547
vt 0.140094 0.537570
vt 0.103231 0.552683
vt 0.145119 0.521191
vt 0.109721 0.534233
vt 0.095709 0.575767
vt 0.170369 0.537205
vt 0.122897 0.501607
vt 0.091147 0.494903
vt 0.071663 0.551732
vt 0.157385 0.578497
vt 0.152784 0.498698
vt 0.131644 0.472919
vt 0.101038 0.470039
vt 0.080729 0.518609
vt 0.115583 0.516652
vt 0.174309 0.524774
vt 0.180195 0.510121
vt 0.107287 0.451980
vt 0.070963 0.468805
vt 0.054786 0.500194
vt 0.158921 0.474396
vt 0.142519 0.453661
vt 0.089130 0.425749
vt 0.064498 0.486184
vt 0.077996 0.449867
vt 0.047234 0.517997
vt 0.124530 0.417787
vt 0.132683 0.402275
vt 0.055396 0.423241
vt 0.031616 0.466052
vt 0.040193 0.539421
vt 0.141108 0.384183
vt 0.107809 0.381507
vt 0.063840 0.405513
vt 0.042238 0.446168
vt 0.115375 0.434023
vt 0.063442 0.576240
vt 0.100513 0.401613
vt 0.071224 0.386915
vt 0.092403 0.602954
vt 0.120031 0.357600
vt 0.093516 0.589291
vt 0.160937 0.349148
vt 0.070590 0.371148
vt 0.126198 0.338744
vt 0.172186 0.324091
vt 0.083499 0.314204
vt 0.169267 0.299856
vt 0.131688 0.306745
vt 0.083093 0.267480
vt 0.085023 0.338367
vt 0.132037 0.284112
vt 0.082785 0.298297
vt 0.144346 0.335453
vt 0.187442 0.335713
vt 0.135719 0.343329
vt 0.174613 0.354072
vt 0.193669 0.364165
vt 0.160732 0.357616
vt 0.240674 0.333045
vt 0.185235 0.382337
vt 0.078707 0.323297
vt 0.262420 0.360512
vt 0.233633 0.352574
vt 0.182239 0.393605
vt 0.150344 0.372482
vt 0.032225 0.287098
vt 0.273571 0.335290
vt 0.226877 0.371361
vt 0.213531 0.409241
vt 0.175223 0.414347
vt 0.142121 0.391227
vt 0.025611 0.302751
vt 0.280565 0.317289
vt 0.220241 0.390339
vt 0.202556 0.438286
vt 0.172574 0.424556
vt 0.152047 0.425412
vt 0.074620 0.323970
vt 0.287234 0.298444
vt 0.166555 0.445243
vt 0.129753 0.408448
vt 0.324258 0.288791
vt 0.163406 0.455593
vt 0.294511 0.279177
vt 0.340199 0.331811
vt 0.247760 0.312321
vt 0.301320 0.259469
vt 0.347921 0.313705
vt 0.333594 0.369155
vt 0.304332 0.249078
vt 0.355006 0.295809
vt 0.378699 0.330135
vt 0.318195 0.214797
vt 0.310582 0.230401
vt 0.362430 0.278741
vt 0.385259 0.310998
vt 0.344399 0.239566
vt 0.330301 0.272790
vt 0.374664 0.251705
vt 0.398721 0.285160
vt 0.337137 0.256406
vt 0.325694 0.198431
vt 0.383764 0.233707
vt 0.389627 0.301910
vt 0.320433 0.295263
vt 0.351486 0.222080
vt 0.400331 0.209543
vt 0.316585 0.299742
vt 0.359363 0.204352
vt 0.333349 0.181260
vt 0.367076 0.186697
vt 0.340911 0.164591
vt 0.374908 0.168341
vt 0.382743 0.149786
vt 0.348460 0.147268
vt 0.391221 0.130639
vt 0.356158 0.129813
vt 0.399562 0.109862
vt 0.364134 0.112308
vt 0.371252 0.094840
vt 0.347171 0.076696
vt 0.377809 0.078484
vt 0.384680 0.064466
vt 0.418426 0.059249
vt 0.317223 0.060173
vt 0.458715 0.047283
vt 0.445881 0.065974
vt 0.338093 0.090008
vt 0.325790 0.046300
vt 0.453972 0.053563
vt 0.330506 0.105045
vt 0.281643 0.059939
vt 0.294853 0.032613
vt 0.334935 0.030911
vt 0.493872 0.039943
vt 0.313058 0.063990
vt 0.262334 0.024121
vt 0.365923 0.036191
vt 0.321739 0.120498
vt 0.400439 0.031760
vt 0.313122 0.138502
vt 0.221044 0.022190
vt 0.429249 0.039855
vt 0.469652 0.023615
vt 0.461103 0.039987
vt 0.309380 0.148324
vt 0.436340 0.023855
vt 0.409877 0.071574
vt 0.407732 0.068521
vt 0.804987 0.578879
vt 0.749922 0.632005
vt 0.771382 0.583634
vt 0.778632 0.562052
vt 0.733455 0.591194
vt 0.798667 0.593963
vt 0.817133 0.549120
vt 0.747217 0.566771
vt 0.741395 0.570080
vt 0.840273 0.572584
vt 0.857909 0.536239
vt 0.790591 0.538857
vt 0.757081 0.544359
vt 0.710114 0.564962
vt 0.852595 0.549426
vt 0.837055 0.509671
vt 0.800542 0.515994
vt 0.768099 0.512280
vt 0.740389 0.505301
vt 0.721121 0.534990
vt 0.884621 0.570779
vt 0.865770 0.519447
vt 0.842091 0.485943
vt 0.780289 0.489077
vt 0.730819 0.509143
vt 0.890560 0.545430
vt 0.823207 0.458557
vt 0.706050 0.496004
vt 0.931425 0.543806
vt 0.904133 0.505427
vt 0.817628 0.471282
vt 0.793663 0.447944
vt 0.696135 0.519686
vt 0.936127 0.519910
vt 0.923100 0.464606
vt 0.882493 0.470323
vt 0.747198 0.475790
vt 0.673737 0.498252
vt 0.683193 0.551462
vt 0.945329 0.502561
vt 0.900303 0.432202
vt 0.852382 0.463405
vt 0.725696 0.451025
vt 0.663584 0.522013
vt 0.675701 0.567817
vt 0.912793 0.482363
vt 0.911936 0.413168
vt 0.861972 0.439925
vt 0.799306 0.425790
vt 0.697132 0.438149
vt 0.630554 0.523235
vt 0.878915 0.481167
vt 0.879012 0.404210
vt 0.870789 0.422054
vt 0.842111 0.407858
vt 0.763732 0.432957
vt 0.673440 0.418279
vt 0.689827 0.461650
vt 0.650168 0.559044
vt 0.885797 0.389771
vt 0.836155 0.427290
vt 0.768597 0.417716
vt 0.715388 0.474974
vt 0.662222 0.443688
vt 0.894843 0.364873
vt 0.739369 0.411054
vt 0.644286 0.404649
vt 0.655938 0.464058
vt 0.683105 0.476512
vt 0.637091 0.429497
vt 0.624861 0.460687
vt 0.644593 0.488830
vt 0.621076 0.387910
vt 0.603028 0.440805
vt 0.606201 0.502410
vt 0.611595 0.412622
vt 0.615799 0.483409
vt 0.590056 0.372216
vt 0.575442 0.394801
vt 0.569206 0.402392
vt 0.627475 0.375991
vt 0.656868 0.383755
vt 0.684881 0.386352
vt 0.636694 0.354468
vt 0.665546 0.362787
vt 0.644100 0.330383
vt 0.597502 0.357756
vt 0.696490 0.365636
vt 0.602260 0.337042
vt 0.671102 0.349670
vt 0.604184 0.309765
vt 0.600949 0.293756
vt 0.707709 0.342882
vt 0.643102 0.290715
vt 0.591847 0.276613
vt 0.716896 0.326299
vt 0.681832 0.323727
vt 0.689717 0.301613
vt 0.593513 0.254081
vt 0.725724 0.305979
vt 0.698415 0.274703
vt 0.638585 0.273599
vt 0.747963 0.263492
vt 0.705255 0.248512
vt 0.699082 0.267861
vt 0.767664 0.237168
vt 0.714067 0.219690
vt 0.738002 0.288222
vt 0.721433 0.200029
vt 0.207595 0.530398
vt 0.198676 0.447257
vt 0.289353 0.486473
vt 0.314956 0.502111
vt 0.298332 0.470271
vt 0.537282 0.517665
vt 0.519052 0.561308
vt 0.513591 0.510271
vt 0.547713 0.495885
vt 0.503233 0.528324
vt 0.563607 0.526906
vt 0.521407 0.486117
vt 0.580459 0.489546
vt 0.579666 0.495841
vt 0.558683 0.472199
vt 0.593526 0.464419
vt 0.562719 0.441812
vt 0.525505 0.463567
vt 0.250434 0.373941
vt 0.243182 0.391951
vt 0.288052 0.379989
vt 0.255618 0.349451
vt 0.275880 0.408124
vt 0.302006 0.328867
vt 0.282318 0.391258
vt 0.267921 0.435965
vt 0.294990 0.341554
vt 0.310420 0.297276
vt 0.334901 0.354497
vt 0.308192 0.313806
vt 0.307469 0.300026
vt 0.465665 0.349532
vt 0.419300 0.357231
vt 0.466956 0.386790
vt 0.498599 0.401999
vt 0.462582 0.397725
vt 0.484063 0.333536
vt 0.563742 0.374624
vt 0.354934 0.403777
vt 0.531484 0.405567
vt 0.572166 0.391582
vt 0.489665 0.349009
vt 0.399428 0.327465
vt 0.577848 0.373650
vt 0.536549 0.362908
vt 0.478948 0.358920
vt 0.444994 0.315687
vt 0.540897 0.343237
vt 0.495709 0.332951
vt 0.469011 0.359486
vt 0.502847 0.381717
vt 0.407446 0.313965
vt 0.417376 0.294275
vt 0.534784 0.384239
vt 0.425151 0.273276
vt 0.495059 0.416602
vt 0.449347 0.375856
vt 0.428159 0.350445
vt 0.434913 0.333722
vt 0.915411 0.314103
vt 0.931111 0.357262
vt 0.967154 0.372843
vt 0.960440 0.384334
vt 0.949692 0.408438
vt 0.905227 0.331049
vt 0.883045 0.297847
vt 0.854808 0.364856
vt 0.928084 0.288205
vt 0.861882 0.345026
vt 0.828208 0.332760
vt 0.890621 0.265031
vt 0.841224 0.294710
vt 0.835369 0.315006
vt 0.821909 0.349315
vt 0.848711 0.279932
vt 0.814907 0.387213
vt 0.781456 0.376126
vt 0.784318 0.358374
vt 0.800147 0.292954
vt 0.810804 0.263511
vt 0.790516 0.340856
vt 0.857305 0.260218
vt 0.725442 0.227707
vt 0.807940 0.294925
vt 0.819713 0.249389
vt 0.868466 0.239382
vt 0.947056 0.324023
vt 0.981979 0.275564
vt 0.957627 0.309352
vt 0.965764 0.291734
vt 0.942375 0.333972
vt 0.937156 0.345420
vt 0.828376 0.347010
vt 0.923581 0.371280
vt 0.819147 0.374248
vt 0.804712 0.278264
vt 0.822378 0.362333
vt 0.758198 0.310857
vt 0.742916 0.266329
vt 0.748498 0.252187
vn -0.0010 0.2152 0.9765
vn -0.2257 -0.8383 0.4964
vn -0.1417 0.2514 0.9574
vn -0.4246 0.8509 0.3093
vn -0.2400 -0.4108 0.8795
vn -0.0632 -0.4391 0.8962
vn -0.0329 0.0546 0.9980
vn 0.0787 0.9771 -0.1975
vn -0.2511 -0.0013 0.9679
vn 0.5245 -0.5680 -0.6342
vn 0.0631 -0.8294 0.5551
vn -0.2881 -0.3753 0.8810
vn 0.1374 0.7961 -0.5894
vn 0.8066 0.3664 -0.4638
vn -0.0781 0.1916 0.9783
vn -0.2657 -0.3594 0.8945
vn -0.0177 0.2926 -0.9561
vn 0.4276 -0.8446 0.3222
vn -0.0938 -0.6710 0.7354
vn -0.2978 -0.5908 0.7498
vn 0.4119 0.5561 -0.7218
vn 0.0938 -0.2140 0.9723
vn 0.3777 -0.4846 0.7890
vn -0.6330 -0.3544 0.6882
vn 0.4559 0.4145 -0.7876
vn -0.9512 -0.3074 -0.0264
vn 0.5359 -0.8228 0.1891
vn 0.2637 -0.7431 0.6150
vn 0.1601 -0.4660 0.8701
vn -0.1021 -0.4224 0.9006
vn -0.3699 -0.3475 0.8616
vn 0.3406 0.4973 -0.7979
vn 0.3331 0.2578 0.9069
vn 0.5606 -0.1910 0.8057
vn -0.0997 -0.4726 0.8756
vn -0.5329 -0.3337 0.7776
vn 0.4892 -0.5611 -0.6677
vn 0.5199 -0.6915 0.5014
vn 0.4778 -0.4270 0.7677
vn 0.4011 -0.1550 0.9028
vn -0.2253 -0.1333 0.9651
vn -0.4024 -0.2436 0.8824
vn 0.0872 0.5924 -0.8009
vn 0.8157 0.0217 0.5781
vn 0.7994 -0.3870 0.4595
vn 0.3107 -0.4366 0.8443
vn 0.0150 -0.3363 0.9416
vn -0.6675 -0.2864 0.6872
vn 0.5960 -0.5438 0.5908
vn 0.3344 -0.6698 0.6629
vn -0.1505 -0.0814 0.9852
vn -0.2966 -0.1842 0.9371
vn -0.2885 -0.2112 0.9339
vn 0.1216 0.5941 -0.7951
vn 0.7690 0.2011 0.6067
vn 0.9662 -0.0586 0.2508
vn 0.9783 -0.0801 0.1911
vn 0.5009 -0.3140 0.8065
vn -0.8953 0.4183 -0.1532
vn 0.9459 -0.0861 0.3127
vn 0.7984 -0.2569 0.5445
vn 0.2973 0.0904 0.9505
vn -0.1384 0.2102 0.9678
vn -0.0796 -0.2218 0.9718
vn -0.0152 -0.2080 0.9780
vn 0.0712 0.4682 -0.8807
vn 0.8998 0.4205 0.1159
vn 0.8782 -0.4754 0.0530
vn 0.9085 -0.2243 0.3525
vn 0.8142 0.0826 0.5747
vn 0.3255 -0.5456 0.7722
vn 0.7823 -0.3540 0.5126
vn 0.1267 0.2335 0.9640
vn 0.0650 -0.1451 0.9873
vn -0.0185 -0.0710 0.9973
vn -0.0184 0.7436 -0.6683
vn 0.9223 0.3464 0.1714
vn 0.9069 -0.3386 0.2506
vn 0.5571 -0.1358 0.8193
vn 0.3846 -0.1625 -0.9086
vn 0.5362 0.1352 0.8331
vn 0.0877 0.2516 0.9638
vn -0.0144 0.5902 0.8071
vn 0.2428 0.0102 0.9700
vn 0.0286 0.4714 -0.8814
vn 0.2868 0.9471 0.1440
vn 0.9326 0.3217 0.1635
vn 0.8467 -0.5185 0.1186
vn 0.8429 -0.4114 0.3468
vn 0.6276 -0.0468 0.7771
vn 0.6458 -0.0855 0.7587
vn 0.1649 0.2769 0.9466
vn -0.0216 0.1220 0.9923
vn 0.3108 -0.0244 0.9501
vn -0.3467 0.7544 -0.5573
vn -0.7553 0.3173 -0.5734
vn 0.4949 0.1072 -0.8623
vn -0.7736 -0.6300 -0.0685
vn 0.9301 0.3341 0.1523
vn 0.1574 0.2151 0.9638
vn 0.6839 0.2300 0.6923
vn -0.0251 -0.3865 0.9220
vn 0.0023 0.1138 0.9935
vn -0.9280 0.3699 -0.0428
vn -0.4093 -0.4168 -0.8116
vn 0.9063 0.4088 0.1071
vn 0.6363 -0.1585 0.7549
vn 0.0712 -0.3264 0.9425
vn -0.1950 -0.4239 0.8844
vn -0.3074 -0.4127 0.8574
vn 0.3547 -0.0515 -0.9335
vn -0.2216 0.4268 -0.8768
vn 0.2398 -0.2291 0.9434
vn -0.0016 -0.1932 -0.9811
vn 0.1064 0.2501 0.9623
vn -0.0154 -0.0407 0.9990
vn 0.2102 -0.8666 -0.4526
vn -0.5461 0.6706 0.5021
vn -0.2917 0.3164 -0.9026
vn 0.7130 -0.2910 -0.6379
vn -0.8728 -0.4319 -0.2274
vn -0.0588 0.4196 -0.9058
vn -0.6563 0.1909 -0.7299
vn 0.4637 -0.1530 0.8726
vn 0.7179 0.1831 0.6716
vn -0.0685 -0.6163 -0.7845
vn -0.6408 0.6692 -0.3762
vn 0.9286 0.3498 0.1236
vn -0.8634 -0.3666 -0.3465
vn -0.0543 0.3132 -0.9481
vn -0.7483 0.4673 -0.4708
vn 0.0482 -0.3261 0.9441
vn 0.1581 0.3602 -0.9193
vn 0.7500 0.3242 -0.5765
vn -0.4340 -0.0191 0.9007
vn -0.1162 0.3993 0.9094
vn -0.0254 0.2571 0.9660
vn -0.5604 -0.7885 -0.2532
vn 0.8769 -0.3614 0.3170
vn -0.7275 -0.3259 -0.6037
vn -0.1217 0.0705 -0.9901
vn -0.3308 0.6797 -0.6546
vn 0.0691 0.4393 -0.8957
vn 0.6211 0.3724 -0.6896
vn 0.1025 -0.5863 -0.8036
vn -0.3368 -0.3259 -0.8834
vn 0.2246 -0.0475 -0.9733
vn -0.9537 -0.2936 -0.0653
vn -0.3250 0.3701 0.8703
vn -0.3186 0.7282 0.6068
vn -0.9709 0.1805 -0.1569
vn 0.0745 0.4541 -0.8878
vn -0.1260 0.9911 0.0423
vn 0.1166 -0.3391 0.9335
vn 0.3241 0.0711 -0.9433
vn 0.1852 -0.2835 -0.9409
vn -0.3970 -0.0835 0.9140
vn -0.5787 0.7651 0.2823
vn 0.2490 0.0715 -0.9658
vn 0.0478 0.0145 -0.9987
vn -0.0555 0.3531 -0.9339
vn 0.2873 0.3610 -0.8872
vn 0.7851 0.6178 -0.0439
vn -0.2741 -0.2880 -0.9175
vn 0.0016 0.6788 -0.7343
vn 0.4677 -0.0316 -0.8833
vn 0.2502 -0.0105 -0.9681
vn -0.6016 0.6836 0.4132
vn 0.0620 -0.1439 -0.9876
vn -0.0835 0.0491 -0.9953
vn 0.3071 0.1639 -0.9374
vn 0.9302 0.2771 -0.2405
vn 0.0809 -0.1137 -0.9902
vn -0.8159 0.2119 0.5379
vn -0.0947 0.0249 -0.9952
vn -0.5481 -0.0493 -0.8349
vn -0.1195 0.7146 -0.6893
vn -0.8350 0.4198 -0.3558
vn 0.1196 -0.0923 -0.9885
vn 0.0797 -0.0510 -0.9955
vn 0.0930 -0.2171 -0.9717
vn -0.5105 -0.4692 0.7205
vn -0.2699 0.5950 -0.7570
vn 0.0711 -0.0017 -0.9974
vn -0.5765 -0.2722 -0.7704
vn -0.4554 0.1100 -0.8834
vn -0.2189 0.0498 -0.9745
vn -0.8493 -0.3557 0.3900
vn 0.9426 0.1486 0.2989
vn 0.0621 0.0109 -0.9980
vn 0.4917 -0.6847 -0.5379
vn -0.2965 -0.5576 -0.7753
vn -0.3152 -0.4280 -0.8470
vn -0.5922 -0.1205 -0.7967
vn -0.2389 0.1777 -0.9546
vn -0.2929 0.1777 -0.9395
vn -0.4115 -0.4076 -0.8151
vn 0.9909 0.0864 0.1033
vn -0.6202 -0.3166 0.7177
vn -0.8700 -0.3126 0.3813
vn -0.0145 0.0559 -0.9983
vn -0.3862 0.1030 -0.9167
vn -0.0098 -0.2893 -0.9572
vn -0.2788 0.1065 -0.9544
vn -0.4136 0.1397 -0.8997
vn -0.3885 0.0367 -0.9207
vn -0.3876 0.2598 -0.8844
vn -0.2735 0.0565 -0.9602
vn -0.4523 -0.4050 0.7945
vn -0.6392 -0.3549 -0.6823
vn -0.6012 -0.3986 0.6926
vn 0.4670 -0.5001 -0.7292
vn -0.0039 -0.3966 -0.9180
vn -0.7990 -0.1328 -0.5865
vn -0.6154 -0.4950 -0.6134
vn -0.4959 -0.8307 -0.2531
vn -0.2640 0.0921 -0.9601
vn -0.6010 -0.4341 -0.6710
vn -0.2133 0.0234 -0.9767
vn -0.2712 0.3641 -0.8910
vn -0.0956 0.3246 -0.9410
vn -0.3899 -0.9205 0.0243
vn 0.8329 -0.5491 -0.0692
vn 0.1191 -0.7237 0.6797
vn -0.4593 0.0911 0.8836
vn -0.8949 -0.3559 0.2690
vn -0.6805 -0.2447 -0.6907
vn -0.2214 0.1235 -0.9673
vn -0.3428 -0.0833 -0.9357
vn -0.1234 -0.5461 -0.8285
vn 0.0210 -0.2553 -0.9666
vn -0.3223 0.3334 -0.8859
vn -0.1289 0.4368 -0.8903
vn -0.0777 -0.1447 -0.9864
vn -0.1869 -0.1628 0.9688
vn -0.6810 -0.0607 -0.7297
vn 0.0932 -0.7000 -0.7080
vn 0.2364 -0.2785 -0.9309
vn -0.3152 0.3457 -0.8838
vn -0.1157 0.3132 -0.9426
vn -0.1395 0.3433 -0.9288
vn 0.0273 0.0945 -0.9951
vn 0.1883 0.0437 0.9811
vn -0.7642 -0.0372 -0.6438
vn -0.2017 0.4553 -0.8671
vn -0.4514 -0.5958 -0.6642
vn -0.2385 -0.0373 -0.9704
vn -0.1039 0.3362 -0.9360
vn 0.0644 0.1635 -0.9844
vn -0.1864 0.3459 -0.9196
vn -0.1686 0.1305 -0.9770
vn 0.1004 0.1424 0.9847
vn -0.4505 -0.7818 -0.4311
vn 0.1280 0.0226 -0.9915
vn -0.0124 0.2468 -0.9690
vn -0.1876 0.1692 0.9675
vn 0.0311 -0.1429 -0.9892
vn 0.1371 -0.5970 -0.7904
vn 0.1531 -0.0184 -0.9880
vn -0.3098 0.2881 0.9061
vn -0.4939 -0.1271 0.8602
vn -0.1529 -0.8488 -0.5061
vn -0.0223 -0.2612 -0.9650
vn 0.1913 -0.0742 -0.9787
vn -0.0520 0.4578 0.8875
vn -0.0048 0.1260 0.9920
vn -0.7964 0.0470 0.6029
vn -0.4438 -0.6028 -0.6630
vn 0.1750 -0.8468 -0.5022
vn 0.3105 -0.0530 -0.9491
vn 0.3991 -0.3003 -0.8663
vn 0.1176 0.1707 0.9783
vn 0.0417 0.2051 0.9778
vn -0.3588 -0.4841 0.7980
vn -0.1851 -0.6350 -0.7500
vn 0.2067 0.0942 -0.9738
vn 0.5589 -0.0961 -0.8237
vn 0.0323 0.4027 0.9147
vn 0.2652 0.1462 0.9530
vn 0.0751 0.6460 0.7596
vn -0.1728 0.1726 0.9697
vn -0.0698 -0.4435 0.8935
vn -0.2435 -0.0115 -0.9698
vn 0.4913 -0.4243 -0.7606
vn -0.1950 0.4217 0.8855
vn -0.1194 0.1047 0.9873
vn 0.1908 0.0041 0.9816
vn -0.4510 0.4254 0.7846
vn -0.2725 0.0511 0.9608
vn -0.4406 -0.2542 -0.8609
vn 0.0907 0.2642 -0.9602
vn 0.2402 0.4934 0.8359
vn 0.0926 0.5696 0.8166
vn 0.1300 0.5435 0.8292
vn -0.8293 -0.4730 -0.2973
vn -0.7631 0.5122 0.3941
vn -0.3955 0.1440 0.9071
vn -0.2504 -0.2705 -0.9296
vn -0.6724 -0.0617 -0.7376
vn 0.0890 0.1491 -0.9848
vn 0.5406 0.3448 0.7674
vn -0.0354 0.4873 0.8725
vn -0.5682 -0.4017 0.7182
vn -0.4497 -0.2765 -0.8493
vn 0.1764 0.2636 -0.9484
vn 0.4350 0.7096 0.5542
vn 0.4039 0.4909 0.7719
vn -0.2047 0.4625 0.8626
vn 0.1086 -0.0807 -0.9908
vn 0.4376 0.5506 -0.7108
vn 0.5323 0.3831 0.7549
vn 0.4935 0.2575 0.8307
vn 0.1277 0.5744 0.8085
vn 0.5840 0.6299 0.5119
vn -0.4711 0.3272 0.8191
vn 0.1330 -0.1432 0.9807
vn -0.1175 -0.0687 -0.9907
vn 0.8608 -0.5089 -0.0014
vn -0.4781 0.7160 -0.5086
vn 0.7345 -0.3049 -0.6063
vn 0.2006 0.7017 0.6836
vn 0.8906 0.3906 0.2327
vn 0.5687 0.3234 0.7563
vn 0.4142 0.3790 0.8275
vn -0.1892 0.5356 0.8230
vn 0.1172 0.4735 0.8730
vn -0.1332 0.3358 -0.9325
vn -0.0019 -0.3354 -0.9420
vn -0.2633 -0.2560 -0.9301
vn 0.2510 0.3437 0.9049
vn -0.3614 0.4933 -0.7912
vn 0.9418 0.2913 -0.1677
vn 0.1883 -0.1250 -0.9741
vn 0.4904 0.0825 0.8676
vn 0.8278 -0.5455 0.1309
vn 0.5329 0.2425 0.8107
vn 0.5069 0.2736 0.8174
vn -0.3077 0.4052 -0.8609
vn -0.4082 0.0323 -0.9123
vn -0.2084 -0.2521 -0.9449
vn -0.0506 -0.2668 -0.9624
vn -0.4447 -0.8858 0.1327
vn -0.0942 -0.4407 0.8927
vn -0.5014 0.0101 -0.8652
vn -0.4959 0.0252 -0.8680
vn -0.2658 -0.0893 -0.9598
vn -0.2174 -0.3300 -0.9186
vn 0.1066 -0.0307 -0.9938
vn -0.2850 -0.4958 0.8203
vn -0.2298 -0.2681 -0.9355
vn -0.2152 -0.2793 -0.9357
vn 0.3721 -0.3574 0.8566
vn -0.0855 -0.2556 -0.9630
vn -0.1144 -0.2505 -0.9613
vn -0.2421 -0.2373 -0.9407
vn -0.6625 -0.3889 0.6402
vn 0.4834 -0.0928 -0.8704
vn -0.3996 -0.2052 -0.8934
vn -0.1293 -0.4498 -0.8837
vn 0.3348 0.1249 -0.9340
vn -0.8002 -0.5590 -0.2174
vn -0.7189 -0.5244 -0.4563
vn -0.0614 -0.1124 -0.9917
vn 0.4128 -0.0732 -0.9079
vn 0.5482 -0.0014 -0.8363
vn 0.6418 -0.1984 -0.7407
vn 0.4205 -0.0953 -0.9022
vn -0.0133 -0.3219 -0.9467
vn 0.3589 -0.1910 -0.9136
vn -0.0723 -0.5190 -0.8517
vn 0.2690 -0.3207 -0.9081
vn 0.1507 -0.7512 -0.6426
vn -0.1469 -0.8081 -0.5704
vn 0.0438 -0.9028 -0.4277
vn -0.1008 -0.8585 -0.5029
vn -0.7184 -0.5219 -0.4599
vn -0.0002 -0.6319 -0.7750
vn -0.6612 -0.4345 -0.6115
vn -0.5645 -0.5564 -0.6097
vn -0.4643 -0.6155 -0.6369
vn -0.4294 -0.5365 -0.7265
vn -0.8173 0.1423 -0.5583
vn -0.8685 -0.2770 -0.4110
vn -0.8838 -0.3655 -0.2920
vn -0.8090 -0.4195 -0.4115
vn 0.0654 -0.3946 -0.9165
vn -0.8811 -0.3134 -0.3540
vn -0.8462 -0.2120 -0.4888
vn -0.8628 -0.3585 -0.3563
vn -0.2629 -0.5101 -0.8189
vn 0.0687 -0.2026 -0.9768
vn -0.7832 0.1106 -0.6118
vn 0.0249 -0.1740 -0.9844
vn 0.2119 -0.0260 -0.9769
vn -0.7064 0.5391 -0.4587
vn -0.5242 -0.1334 -0.8411
vn -0.4230 -0.0991 -0.9007
vn 0.2250 0.1373 -0.9646
vn 0.3310 0.3540 -0.8747
vn 0.2511 -0.3938 -0.8842
vn -0.5397 0.4563 -0.7075
vn -0.4284 -0.1830 -0.8848
vn -0.4072 -0.1150 -0.9061
vn 0.4640 0.3281 -0.8228
vn 0.4032 0.0615 -0.9130
vn 0.4536 0.3107 -0.8353
vn 0.5929 0.0094 -0.8052
vn 0.6606 0.0817 -0.7463
vn 0.6542 -0.0992 -0.7497
vn -0.9038 0.3764 -0.2036
vn -0.8036 0.5951 -0.0075
vn -0.8406 0.4944 -0.2212
vn -0.9572 0.0746 -0.2794
vn -0.8731 -0.3900 -0.2925
vn -0.9048 0.3995 -0.1477
vn -0.8735 -0.3892 -0.2924
vn -0.6860 -0.0077 -0.7276
vn -0.7284 -0.2017 -0.6548
vn -0.2456 -0.9233 -0.2951
vn -0.9084 -0.0530 -0.4148
vn -0.6467 -0.2443 -0.7225
vn -0.0519 -0.5755 -0.8162
vn -0.4960 0.5001 -0.7098
vn -0.6340 -0.7614 0.1353
vn -0.7135 -0.3959 -0.5780
vn -0.5254 -0.3992 -0.7514
vn -0.1467 -0.9128 0.3811
vn -0.0470 0.7635 -0.6441
vn -0.7173 0.1893 0.6705
vn -0.0164 -0.5529 -0.8331
vn 0.3442 0.0583 0.9370
vn 0.0799 -0.3093 -0.9476
vn 0.0555 -0.8103 -0.5833
vn 0.0439 -0.1228 0.9915
vn -0.0598 0.7041 0.7075
vn -0.0623 0.7002 0.7112
vn 0.9225 0.1093 0.3703
vn -0.5664 0.2601 0.7820
vn -0.6262 -0.2130 0.7500
vn -0.2303 0.1124 0.9666
vn -0.1688 0.5466 0.8202
vn -0.1844 -0.3693 0.9108
vn -0.9314 -0.2914 0.2179
vn -0.1385 0.0860 0.9866
vn -0.1029 -0.3920 0.9142
vn -0.3251 -0.1471 0.9342
vn -0.0532 -0.3469 0.9364
vn -0.1411 -0.1751 0.9744
vn 0.1169 -0.5504 0.8267
vn 0.1403 -0.0862 0.9863
vn -0.1874 0.2866 0.9395
vn -0.0724 0.3468 0.9351
vn -0.0794 0.4069 0.9100
vn -0.3434 0.3887 0.8549
vn -0.2377 0.0300 0.9709
vn -0.0933 0.1035 0.9902
vn 0.2935 -0.2532 0.9218
vn 0.2522 -0.2036 0.9460
vn -0.3102 0.1980 0.9298
vn 0.5036 -0.5115 0.6962
vn 0.0240 0.0156 0.9996
vn -0.5363 0.0801 0.8402
vn 0.5960 -0.5267 0.6061
vn -0.5302 0.0752 0.8445
vn 0.2507 -0.6733 0.6955
vn 0.2054 -0.5295 0.8231
vn 0.0892 -0.5264 0.8455
vn 0.1808 -0.6652 0.7244
vn 0.1064 -0.7606 0.6404
vn 0.1753 -0.8221 0.5417
vn 0.3607 -0.6356 0.6825
vn 0.2064 -0.8342 0.5114
vn -0.5345 -0.6977 0.4770
vn 0.3365 -0.8792 0.3372
vn 0.1062 -0.7698 0.6294
vn -0.8838 -0.4220 0.2019
vn 0.2479 -0.8125 0.5276
vn 0.0872 -0.7546 0.6503
vn 0.2266 -0.1978 0.9537
vn 0.1873 -0.1114 0.9760
vn 0.1741 -0.1928 0.9656
vn 0.1316 -0.1860 0.9737
vn 0.2013 0.4029 0.8928
vn 0.2495 -0.0698 0.9658
vn 0.2853 -0.0488 0.9572
vn 0.2027 -0.2564 0.9450
vn 0.3106 -0.1133 0.9438
vn 0.4859 0.0549 0.8722
vn 0.0668 -0.1022 0.9925
vn 0.1732 -0.1731 0.9695
vn 0.0648 -0.3070 0.9495
vn 0.2571 -0.0930 0.9619
vn 0.0651 -0.0547 0.9964
vn 0.0417 -0.2678 0.9626
vn -0.0458 -0.2286 0.9724
vn 0.1022 -0.1333 0.9858
vn -0.4168 -0.2797 0.8649
vn -0.5917 0.0360 0.8053
vn 0.2106 -0.0398 0.9767
vn -0.0482 -0.2635 0.9634
vn -0.4313 -0.4571 0.7778
vn -0.5524 -0.3170 0.7709
vn 0.2344 0.1931 0.9528
vn -0.5371 -0.4806 0.6931
vn 0.3213 -0.2458 0.9145
vn 0.4815 -0.2041 0.8523
vn 0.3826 -0.1023 0.9182
vn 0.1108 -0.2093 0.9715
vn -0.7184 -0.0025 0.6955
vn -0.4049 -0.0487 0.9131
vn 0.4309 0.2614 0.8637
vn 0.1766 0.2820 0.9430
vn 0.3106 0.3247 0.8933
vn 0.0198 0.5092 0.8604
vn -0.9692 -0.0746 0.2344
vn -0.9967 0.0793 0.0173
vn 0.8912 0.0754 0.4473
vn 0.4834 -0.2088 0.8501
vn 0.4457 -0.0534 0.8936
vn 0.5171 -0.1129 0.8484
vn 0.5748 0.0423 0.8172
vn 0.7920 -0.2539 0.5552
vn 0.4944 -0.0792 0.8656
vn 0.5859 -0.3797 0.7159
vn 0.9767 -0.0956 0.1923
vn 0.4625 -0.0168 0.8864
vn 0.1980 0.0997 0.9751
vn 0.4551 -0.3359 0.8246
vn 0.6118 0.1356 0.7793
vn 0.8756 -0.3962 0.2762
vn 0.7486 -0.1072 0.6543
vn 0.3595 0.1697 0.9176
vn 0.2454 -0.3589 0.9005
vn 0.3601 -0.4566 0.8135
vn 0.9680 0.1680 -0.1866
vn 0.8406 -0.0232 -0.5411
vn 0.5767 0.1271 0.8070
vn 0.3637 0.1590 0.9178
vn 0.2771 0.1952 0.9408
vn 0.9598 -0.2270 -0.1650
vn 0.5721 0.0535 0.8184
vn 0.3965 0.2338 0.8878
vn 0.2502 0.1404 0.9579
vn 0.2208 0.2802 0.9342
vn 0.4052 -0.3956 0.8242
vn 0.5199 0.3002 0.7997
vn 0.7072 0.2077 0.6758
vn -0.1596 0.0386 0.9864
vn -0.3702 0.1516 0.9165
vn 0.4162 -0.4728 0.7767
vn 0.7293 0.6718 0.1295
vn 0.4298 -0.9029 -0.0111
vn -0.4379 -0.0841 0.8950
vn -0.9216 -0.3782 0.0868
vn 0.6866 0.1921 0.7011
vn 0.3261 -0.3938 0.8594
vn 0.4923 0.0394 0.8695
vn -0.2874 -0.5690 0.7705
vn 0.6634 -0.6090 0.4347
vn 0.4240 0.3654 0.8286
vn 0.6632 -0.6922 0.2845
vn 0.8684 0.4772 0.1346
vn -0.2716 -0.8230 0.4989
vn 0.3273 0.0165 0.9448
vn 0.9353 -0.1853 0.3013
vn -0.1984 0.1013 0.9749
vn 0.4549 -0.8229 -0.3403
vn 0.5515 -0.6723 0.4938
vn 0.5590 -0.4912 0.6680
vn -0.4112 0.2062 0.8879
vn 0.0531 -0.9552 -0.2911
vn 0.5837 -0.3877 0.7134
vn -0.4318 -0.8522 -0.2954
vn -0.3986 -0.7858 -0.4729
vn 0.0240 -0.9174 -0.3972
vn -0.4636 -0.7770 -0.4259
vn -0.3635 -0.5043 -0.7832
vn 0.1769 -0.6333 -0.7534
vn -0.4982 -0.3160 -0.8074
vn 0.0811 0.3348 -0.9387
vn 0.3172 -0.8744 -0.3670
vn -0.4775 -0.2926 -0.8285
vn 0.4453 0.3409 -0.8279
vn -0.7510 0.5716 -0.3305
vn -0.0385 -0.2445 -0.9689
vn 0.2777 -0.7743 -0.5685
vn -0.5612 -0.1478 -0.8143
vn 0.4895 0.4590 -0.7414
vn 0.1175 0.5936 -0.7961
vn -0.8093 0.4552 -0.3712
vn 0.3036 -0.0574 -0.9510
vn 0.2311 -0.8667 -0.4421
vn -0.5954 0.0967 -0.7975
vn 0.4893 0.4660 -0.7371
vn -0.3478 0.8781 -0.3286
vn -0.3347 0.7444 -0.5777
vn 0.6515 0.1928 -0.7337
vn 0.3590 -0.9194 -0.1608
vn -0.5831 0.1310 -0.8017
vn -0.3802 0.7224 -0.5775
vn 0.6940 -0.0861 -0.7148
vn -0.2464 0.1159 -0.9622
vn 0.1077 0.8612 -0.4966
vn -0.8098 0.4210 -0.4085
vn -0.2487 0.1390 -0.9585
vn -0.1479 0.5680 -0.8096
vn -0.9382 -0.2238 0.2640
vn 0.1139 0.0035 -0.9935
vn 0.2434 0.2992 -0.9226
vn -0.9695 -0.0922 -0.2271
vn 0.1379 0.0915 -0.9862
vn 0.0107 0.1106 -0.9938
vn -0.6077 -0.7881 -0.0978
vn -0.6222 -0.3230 -0.7131
vn 0.1726 0.1472 -0.9739
vn 0.5887 0.0961 -0.8026
vn 0.0919 0.0574 0.9941
vn 0.7794 0.1154 -0.6158
vn -0.0559 0.4284 -0.9018
vn 0.1881 0.1333 -0.9730
vn 0.8734 0.4720 0.1197
vn -0.9113 -0.3995 -0.0993
vn 0.1220 0.0999 -0.9875
vn 0.8988 0.4333 -0.0655
vn 0.5075 0.8554 0.1030
vn 0.1174 0.0310 0.9926
vn -0.0097 -0.1262 -0.9919
vn 0.7757 0.4622 -0.4297
vn -0.1166 0.0213 -0.9929
vn -0.8788 -0.4576 0.1349
vn -0.1971 -0.0202 -0.9802
vn -0.0413 -0.1548 -0.9871
vn -0.2784 0.0113 -0.9604
vn -0.3790 0.0010 -0.9254
vn 0.0647 -0.0898 -0.9938
vn -0.5081 0.0883 -0.8567
vn -0.2618 -0.2868 -0.9215
vn -0.7185 -0.2970 -0.6289
vn -0.6156 -0.3718 -0.6948
vn -0.5914 -0.4159 -0.6908
vn -0.1609 -0.5476 -0.8211
vn -0.5681 -0.5762 -0.5875
vn -0.3542 -0.8661 -0.3528
vn -0.5637 -0.7699 -0.2991
vn 0.1251 -0.8593 -0.4959
vn -0.3414 -0.9352 -0.0942
vn -0.3510 -0.9122 -0.2112
vn 0.7007 -0.1617 -0.6948
vn 0.0761 -0.8760 -0.4762
vn -0.3029 -0.9352 -0.1831
vn 0.4656 -0.2333 -0.8537
vn 0.3601 -0.9317 -0.0469
vn 0.2326 -0.8338 -0.5007
vn 0.0185 -0.8847 -0.4657
vn -0.3197 -0.9413 -0.1079
vn 0.6586 -0.6473 -0.3836
vn 0.1835 -0.8491 -0.4953
vn 0.0164 -0.9650 -0.2617
vn 0.4615 -0.2944 -0.8368
vn -0.1551 -0.9382 -0.3094
vn 0.3505 -0.5418 -0.7639
vn 0.4477 -0.7533 0.4818
vn -0.3435 -0.9063 -0.2460
vn -0.7018 -0.6768 -0.2220
vn -0.7237 -0.6817 -0.1072
vn 0.4787 -0.2673 -0.8363
vn -0.4122 -0.8538 -0.3179
vn -0.1950 -0.9773 0.0822
vn -0.1435 -0.9593 0.2430
vn 0.2350 0.4604 0.8560
vn -0.1258 0.1397 0.9821
vn -0.0790 0.2969 0.9516
vn 0.2295 0.4713 0.8516
vn -0.4261 -0.0086 0.9046
vn 0.3984 0.5848 0.7066
vn 0.3131 0.3079 0.8984
vn 0.1071 0.4082 0.9066
vn -0.5240 -0.0606 0.8495
vn 0.3863 0.5902 0.7088
vn 0.6900 0.1314 0.7118
vn 0.2780 0.2738 0.9207
vn -0.1485 0.1606 0.9758
vn -0.4444 -0.0210 0.8956
vn 0.6472 0.2243 0.7285
vn 0.4866 -0.3442 0.8029
vn 0.2869 -0.2029 0.9362
vn 0.3180 -0.9039 0.2861
vn -0.4638 -0.2694 0.8440
vn -0.3742 -0.1518 0.9148
vn 0.3760 0.5566 0.7408
vn 0.4599 -0.3073 0.8331
vn 0.0524 -0.5222 0.8512
vn -0.5439 -0.8011 0.2495
vn -0.1447 -0.2099 0.9669
vn 0.3574 0.0628 0.9318
vn 0.5148 -0.8325 -0.2045
vn -0.4958 -0.3246 0.8054
vn 0.3719 0.2446 0.8955
vn 0.2119 -0.1382 0.9674
vn 0.6174 -0.7423 0.2604
vn 0.2680 -0.5251 0.8077
vn -0.2145 -0.0418 0.9758
vn -0.0736 -0.0221 0.9970
vn 0.0043 -0.1144 0.9934
vn 0.1123 -0.1846 0.9763
vn 0.1019 -0.5680 0.8167
vn 0.0495 0.2122 0.9760
vn -0.1273 -0.0549 0.9903
vn -0.2794 0.0367 0.9595
vn 0.2817 -0.3249 0.9028
vn -0.3809 -0.1291 0.9156
vn -0.0509 -0.9349 0.3512
vn -0.1621 -0.0081 0.9867
vn -0.1886 -0.0120 0.9820
vn -0.1979 0.0634 0.9781
vn 0.3836 -0.3864 0.8387
vn -0.0550 -0.1112 0.9922
vn -0.1896 -0.9021 0.3875
vn 0.1831 -0.4586 0.8696
vn -0.2553 0.0464 0.9658
vn -0.1419 0.0421 0.9890
vn 0.3152 -0.4928 0.8110
vn 0.2823 -0.1744 0.9433
vn 0.1144 -0.2632 0.9579
vn -0.4092 -0.9123 0.0161
vn 0.2863 -0.5857 0.7582
vn -0.0333 0.4205 0.9066
vn -0.5029 0.3047 0.8089
vn 0.4134 -0.5608 0.7173
vn 0.1849 -0.1477 0.9716
vn -0.1051 -0.9617 0.2532
vn -0.9649 0.2541 0.0657
vn 0.2441 -0.0215 0.9695
vn 0.4259 -0.4893 0.7610
vn -0.0038 -0.9448 0.3276
vn 0.4738 0.0652 0.8782
vn 0.1668 0.3458 0.9233
vn 0.7449 0.5309 0.4041
vn 0.1171 -0.2320 0.9656
vn 0.1171 0.2165 0.9692
vn 0.3008 0.2983 0.9058
vn -0.3497 0.0875 0.9327
vn 0.0993 -0.1866 0.9774
vn 0.3931 0.1313 0.9101
vn -0.2512 0.3647 0.8966
vn -0.0140 0.2019 0.9793
vn -0.7406 0.0814 0.6670
vn -0.9149 0.0201 0.4032
vn -0.7298 0.6433 0.2315
vn -0.0950 0.4415 0.8922
vn 0.2417 0.3882 0.8893
vn 0.1363 0.4930 0.8593
vn 0.1138 -0.0601 0.9917
vn -0.2145 0.5358 0.8166
vn -0.2529 -0.3552 0.8999
vn -0.8114 -0.0166 0.5842
vn 0.2510 0.5421 0.8020
vn -0.7316 -0.3670 0.5744
vn -0.1559 0.3243 0.9330
vn -0.6856 -0.2821 0.6711
vn -0.5925 0.1091 -0.7981
vn 0.6696 0.4289 0.6063
vn -0.3678 -0.8939 -0.2560
vn -0.7902 -0.1360 -0.5975
vn 0.7276 0.2651 0.6326
vn -0.0315 -0.1268 0.9914
vn -0.0727 -0.4288 0.9005
vn -0.4296 -0.8998 0.0761
vn 0.4055 0.1351 0.9040
vn -0.1343 -0.4602 0.8776
vn 0.0257 -0.4915 -0.8705
vn -0.3931 -0.2966 0.8703
vn -0.1884 -0.2991 0.9354
vn -0.0602 0.0434 -0.9972
vn -0.1278 -0.2248 0.9660
vn -0.1314 -0.3246 0.9367
vn 0.0508 0.6251 -0.7789
vn -0.0290 -0.3194 0.9472
vn 0.5011 -0.5451 0.6721
vn 0.3095 -0.4265 0.8498
vn -0.0564 -0.3376 0.9396
vn -0.1361 -0.2812 0.9499
vn -0.3995 0.2301 0.8874
vn 0.3498 0.4936 0.7962
vn 0.1287 0.5473 0.8270
vn -0.4480 0.2509 0.8581
vn 0.3655 0.4181 0.8316
vn -0.5524 0.4657 0.6914
vn 0.4541 0.4925 0.7424
vn -0.1335 -0.8383 0.5286
vn 0.6659 0.3924 0.6344
vn 0.8737 0.4256 0.2354
vn 0.5058 0.1046 0.8563
vn 0.6751 -0.2109 0.7069
vn 0.5688 -0.3339 0.7516
vn 0.5487 0.0902 0.8311
vn 0.3567 0.6921 -0.6275
vn 0.1855 0.4527 -0.8721
vn 0.5264 0.6108 -0.5914
vn 0.3471 0.8786 -0.3281
vn 0.4546 0.4146 -0.7883
vn 0.8159 0.5185 -0.2557
vn 0.8447 0.4516 -0.2872
vn 0.4905 0.3516 -0.7974
vn 0.8165 0.5764 -0.0329
vn 0.9454 0.2676 -0.1857
vn 0.6422 0.3790 -0.6662
vn 0.9788 0.1418 -0.1479
vn 0.9810 -0.0103 -0.1936
vn 0.7714 -0.5831 0.2545
vn -0.2096 -0.8330 -0.5119
vn -0.8384 -0.4910 -0.2365
vn 0.1238 -0.9582 0.2577
vn -0.7351 0.5483 -0.3987
vn -0.1801 -0.9037 -0.3884
vn 0.1253 -0.9007 0.4160
vn -0.6799 -0.6955 -0.2324
vn -0.1140 -0.9721 -0.2051
vn 0.1343 -0.9508 -0.2791
vn -0.3018 -0.9035 0.3042
vn -0.7507 -0.6489 -0.1237
vn 0.9649 -0.1072 -0.2395
vn 0.0293 -0.9001 0.4347
vn -0.9958 -0.0898 0.0195
vn -0.0240 -0.7321 -0.6807
vn 0.9186 -0.2275 -0.3231
vn -0.2005 -0.9629 -0.1805
vn -0.6804 0.1677 -0.7133
vn -0.0362 0.9432 -0.3302
vn -0.9066 -0.2104 0.3658
vn -0.4962 -0.5624 -0.6614
vn 0.2678 0.9200 -0.2859
vn -0.3403 -0.3939 -0.8538
vn -0.1374 0.9867 -0.0868
vn 0.5737 0.4953 0.6523
vn 0.5675 0.3999 0.7197
vn 0.5602 0.4256 0.7106
vn 0.1041 -0.0824 0.9911
vn 0.2694 0.6416 -0.7181
vn 0.8995 -0.2798 0.3356
vn 0.7640 0.5911 0.2586
vn 0.4886 0.8081 0.3289
vn 0.0420 0.2104 0.9767
vn -0.2590 -0.2821 0.9237
vn -0.5117 0.3963 0.7622
vn 0.3922 -0.6659 0.6346
vn -0.4335 -0.0345 0.9005
vn -0.9809 -0.1180 0.1548
vn 0.0011 -0.8795 0.4758
vn -0.8502 -0.4204 0.3168
vn -0.9687 -0.1810 0.1700
vn -0.9724 -0.0427 0.2295
vn -0.7134 -0.6920 0.1102
vn -0.4057 0.9086 -0.0992
vn -0.8089 0.5419 -0.2282
vn -0.7422 0.5651 -0.3601
vn -0.9945 0.0443 0.0949
vn -0.4954 -0.6982 0.5167
vn -0.3500 0.5923 -0.7256
vn -0.0207 -0.9661 0.2573
vn -0.8640 -0.4993 -0.0650
vn -0.0415 0.0673 -0.9969
vn -0.1233 -0.9070 -0.4025
vn 0.3320 -0.6996 -0.6327
vn 0.8718 0.2563 -0.4175
vn 0.8460 -0.3441 0.4073
vn 0.9411 0.3188 0.1126
vn 0.6190 -0.0658 0.7826
vn 0.2839 0.7613 -0.5829
vn 0.1484 0.7677 -0.6234
vn 0.7408 0.6435 -0.1923
vn 0.0374 0.8227 -0.5671
vn 0.2264 0.7188 -0.6572
vn 0.9091 -0.3014 0.2873
vn 0.8172 -0.2649 0.5118
vn 0.8043 0.2247 0.5501
usemtl Material.001
s 1
f 1/1/1 2/2/2 3/3/3
f 3/3/3 4/4/4 1/1/1
f 2/2/2 5/5/5 3/3/3
f 1/1/1 6/6/6 2/2/2
f 4/4/4 7/7/7 1/1/1
f 3/3/3 8/8/8 4/4/4
f 5/5/5 9/9/9 3/3/3
f 2/2/2 10/10/10 5/5/5
f 6/6/6 11/11/11 2/2/2
f 1/1/1 7/7/7 6/6/6
f 7/7/7 12/12/12 6/6/6
f 8/8/8 13/13/13 4/4/4
f 3/3/3 14/14/14 8/8/8
f 9/9/9 15/15/15 3/3/3
f 5/5/5 16/16/16 9/9/9
f 10/10/10 14/14/14 5/5/5
f 2/2/2 17/17/17 10/10/10
f 11/11/11 18/18/18 2/2/2
f 6/6/6 19/19/19 11/11/11
f 12/12/12 20/20/20 6/6/6
f 13/13/13 17/17/17 4/4/4
f 14/14/14 13/13/13 8/8/8
f 14/14/14 21/21/21 13/13/13
f 9/9/9 22/22/22 15/15/15
f 16/16/16 22/22/22 9/9/9
f 16/16/16 23/23/23 22/22/22
f 5/5/5 24/24/24 16/16/16
f 10/10/10 25/25/25 14/14/14
f 2/2/2 26/26/26 17/17/17
f 18/18/18 27/27/27 2/2/2
f 11/11/11 28/28/28 18/18/18
f 19/19/19 28/28/28 11/11/11
f 19/19/19 29/29/29 28/28/28
f 6/6/6 20/20/20 19/19/19
f 20/20/20 30/30/30 19/19/19
f 12/12/12 30/30/30 20/20/20
f 12/12/12 31/31/31 30/30/30
f 17/17/17 26/26/26 4/4/4
f 13/13/13 32/32/32 17/17/17
f 21/21/21 32/32/32 13/13/13
f 22/22/22 33/33/33 15/15/15
f 23/23/23 34/34/34 22/22/22
f 16/16/16 35/35/35 23/23/23
f 24/24/24 36/36/36 16/16/16
f 10/10/10 17/17/17 25/25/25
f 18/18/18 37/37/37 27/27/27
f 28/28/28 38/38/38 18/18/18
f 29/29/29 39/39/39 28/28/28
f 19/19/19 40/40/40 29/29/29
f 31/31/31 41/41/41 30/30/30
f 12/12/12 42/42/42 31/31/31
f 32/32/32 43/43/43 17/17/17
f 22/22/22 34/34/34 33/33/33
f 34/34/34 44/44/44 33/33/33
f 23/23/23 45/45/45 34/34/34
f 35/35/35 46/46/46 23/23/23
f 36/36/36 35/35/35 16/16/16
f 36/36/36 47/47/47 35/35/35
f 24/24/24 48/48/48 36/36/36
f 18/18/18 38/38/38 37/37/37
f 38/38/38 49/49/49 37/37/37
f 28/28/28 39/39/39 38/38/38
f 39/39/39 50/50/50 38/38/38
f 29/29/29 51/51/51 39/39/39
f 41/41/41 51/51/51 30/30/30
f 31/31/31 52/52/52 41/41/41
f 42/42/42 52/52/52 31/31/31
f 42/42/42 53/53/53 52/52/52
f 43/43/43 54/54/54 17/17/17
f 44/44/44 55/55/55 33/33/33
f 34/34/34 45/45/45 44/44/44
f 45/45/45 56/56/56 44/44/44
f 46/46/46 57/57/57 23/23/23
f 47/47/47 46/46/46 35/35/35
f 47/47/47 58/58/58 46/46/46
f 36/36/36 48/48/48 47/47/47
f 48/48/48 59/59/59 47/47/47
f 49/49/49 60/60/60 37/37/37
f 38/38/38 61/61/61 49/49/49
f 29/29/29 40/40/40 51/51/51
f 51/51/51 62/62/62 30/30/30
f 41/41/41 63/63/63 51/51/51
f 52/52/52 64/64/64 41/41/41
f 53/53/53 64/64/64 52/52/52
f 53/53/53 65/65/65 64/64/64
f 54/54/54 66/66/66 17/17/17
f 55/55/55 15/15/15 33/33/33
f 44/44/44 56/56/56 55/55/55
f 56/56/56 67/67/67 55/55/55
f 45/45/45 68/68/68 56/56/56
f 57/57/57 69/69/69 23/23/23
f 46/46/46 58/58/58 57/57/57
f 58/58/58 70/70/70 57/57/57
f 47/47/47 71/71/71 58/58/58
f 59/59/59 57/57/57 47/47/47
f 49/49/49 72/72/72 60/60/60
f 62/62/62 40/40/40 30/30/30
f 51/51/51 73/73/73 62/62/62
f 41/41/41 74/74/74 63/63/63
f 64/64/64 74/74/74 41/41/41
f 65/65/65 75/75/75 64/64/64
f 54/54/54 76/76/76 66/66/66
f 56/56/56 77/77/77 67/67/67
f 45/45/45 78/78/78 68/68/68
f 57/57/57 78/78/78 69/69/69
f 58/58/58 79/79/79 70/70/70
f 72/72/72 80/80/80 60/60/60
f 49/49/49 61/61/61 72/72/72
f 61/61/61 81/81/81 72/72/72
f 62/62/62 39/39/39 40/40/40
f 73/73/73 82/82/82 62/62/62
f 74/74/74 83/83/83 63/63/63
f 75/75/75 84/84/84 64/64/64
f 76/76/76 37/37/37 66/66/66
f 54/54/54 43/43/43 76/76/76
f 43/43/43 85/85/85 76/76/76
f 77/77/77 86/86/86 67/67/67
f 56/56/56 87/87/87 77/77/77
f 78/78/78 88/88/88 68/68/68
f 57/57/57 89/89/89 78/78/78
f 79/79/79 90/90/90 70/70/70
f 58/58/58 91/91/91 79/79/79
f 62/62/62 81/81/81 39/39/39
f 82/82/82 92/92/92 62/62/62
f 73/73/73 93/93/93 82/82/82
f 83/83/83 93/93/93 63/63/63
f 84/84/84 74/74/74 64/64/64
f 84/84/84 94/94/94 74/74/74
f 76/76/76 85/85/85 37/37/37
f 85/85/85 95/95/95 37/37/37
f 86/86/86 96/96/96 67/67/67
f 77/77/77 87/87/87 86/86/86
f 87/87/87 97/97/97 86/86/86
f 56/56/56 97/97/97 87/87/87
f 88/88/88 67/67/67 68/68/68
f 78/78/78 98/98/98 88/88/88
f 90/90/90 99/99/99 70/70/70
f 58/58/58 100/100/100 91/91/91
f 81/81/81 61/61/61 39/39/39
f 62/62/62 92/92/92 81/81/81
f 92/92/92 101/101/101 81/81/81
f 93/93/93 92/92/92 82/82/82
f 93/93/93 102/102/102 92/92/92
f 73/73/73 63/63/63 93/93/93
f 83/83/83 103/103/103 93/93/93
f 85/85/85 60/60/60 95/95/95
f 96/96/96 98/98/98 67/67/67
f 86/86/86 104/104/104 96/96/96
f 97/97/97 105/105/105 86/86/86
f 98/98/98 86/86/86 88/88/88
f 100/100/100 106/106/106 91/91/91
f 101/101/101 107/107/107 81/81/81
f 92/92/92 108/108/108 101/101/101
f 93/93/93 109/109/109 102/102/102
f 103/103/103 110/110/110 93/93/93
f 83/83/83 84/84/84 103/103/103
f 85/85/85 111/111/111 60/60/60
f 96/96/96 105/105/105 98/98/98
f 104/104/104 112/112/112 96/96/96
f 86/86/86 113/113/113 104/104/104
f 97/97/97 114/114/114 105/105/105
f 100/100/100 115/115/115 106/106/106
f 101/101/101 102/102/102 107/107/107
f 92/92/92 116/116/116 108/108/108
f 109/109/109 108/108/108 102/102/102
f 110/110/110 109/109/109 93/93/93
f 110/110/110 117/117/117 109/109/109
f 103/103/103 118/118/118 110/110/110
f 111/111/111 119/119/119 60/60/60
f 85/85/85 120/120/120 111/111/111
f 105/105/105 121/121/121 98/98/98
f 112/112/112 122/122/122 96/96/96
f 104/104/104 123/123/123 112/112/112
f 86/86/86 124/124/124 113/113/113
f 115/115/115 125/125/125 106/106/106
f 100/100/100 47/47/47 115/115/115
f 92/92/92 109/109/109 116/116/116
f 108/108/108 107/107/107 102/102/102
f 110/110/110 126/126/126 117/117/117
f 118/118/118 127/127/127 110/110/110
f 111/111/111 80/80/80 119/119/119
f 85/85/85 128/128/128 120/120/120
f 105/105/105 114/114/114 121/121/121
f 114/114/114 129/129/129 121/121/121
f 122/122/122 105/105/105 96/96/96
f 112/112/112 124/124/124 122/122/122
f 123/123/123 130/130/130 112/112/112
f 104/104/104 131/131/131 123/123/123
f 124/124/124 132/132/132 113/113/113
f 86/86/86 133/133/133 124/124/124
f 125/125/125 134/134/134 106/106/106
f 115/115/115 135/135/135 125/125/125
f 47/47/47 136/136/136 115/115/115
f 100/100/100 137/137/137 47/47/47
f 110/110/110 138/138/138 126/126/126
f 118/118/118 83/83/83 127/127/127
f 80/80/80 72/72/72 119/119/119
f 111/111/111 120/120/120 80/80/80
f 120/120/120 139/139/139 80/80/80
f 128/128/128 139/139/139 120/120/120
f 128/128/128 140/140/140 139/139/139
f 124/124/124 133/133/133 122/122/122
f 133/133/133 141/141/141 122/122/122
f 123/123/123 142/142/142 130/130/130
f 131/131/131 142/142/142 123/123/123
f 131/131/131 143/143/143 142/142/142
f 132/132/132 144/144/144 113/113/113
f 124/124/124 145/145/145 132/132/132
f 134/134/134 146/146/146 106/106/106
f 125/125/125 147/147/147 134/134/134
f 135/135/135 148/148/148 125/125/125
f 115/115/115 136/136/136 135/135/135
f 136/136/136 149/149/149 135/135/135
f 47/47/47 150/150/150 136/136/136
f 100/100/100 136/136/136 137/137/137
f 110/110/110 151/151/151 138/138/138
f 83/83/83 152/152/152 127/127/127
f 139/139/139 140/140/140 80/80/80
f 133/133/133 145/145/145 141/141/141
f 142/142/142 143/143/143 130/130/130
f 143/143/143 144/144/144 130/130/130
f 132/132/132 153/153/153 144/144/144
f 145/145/145 153/153/153 132/132/132
f 145/145/145 154/154/154 153/153/153
f 146/146/146 148/148/148 106/106/106
f 134/134/134 155/155/155 146/146/146
f 147/147/147 155/155/155 134/134/134
f 147/147/147 156/156/156 155/155/155
f 148/148/148 146/146/146 125/125/125
f 149/149/149 157/157/157 135/135/135
f 136/136/136 158/158/158 149/149/149
f 150/150/150 48/48/48 136/136/136
f 136/136/136 106/106/106 137/137/137
f 110/110/110 127/127/127 151/151/151
f 152/152/152 159/159/159 127/127/127
f 83/83/83 159/159/159 152/152/152
f 83/83/83 117/117/117 159/159/159
f 145/145/145 160/160/160 141/141/141
f 133/133/133 161/161/161 145/145/145
f 143/143/143 162/162/162 144/144/144
f 154/154/154 163/163/163 153/153/153
f 145/145/145 164/164/164 154/154/154
f 148/148/148 135/135/135 106/106/106
f 155/155/155 165/165/165 146/146/146
f 156/156/156 166/166/166 155/155/155
f 147/147/147 167/167/167 156/156/156
f 149/149/149 168/168/168 157/157/157
f 158/158/158 168/168/168 149/149/149
f 159/159/159 126/126/126 127/127/127
f 117/117/117 169/169/169 159/159/159
f 160/160/160 170/170/170 141/141/141
f 161/161/161 163/163/163 145/145/145
f 155/155/155 171/171/171 165/165/165
f 156/156/156 172/172/172 166/166/166
f 147/147/147 173/173/173 167/167/167
f 168/168/168 174/174/174 157/157/157
f 126/126/126 151/151/151 127/127/127
f 126/126/126 138/138/138 151/151/151
f 159/159/159 169/169/169 126/126/126
f 169/169/169 175/175/175 126/126/126
f 170/170/170 176/176/176 141/141/141
f 160/160/160 164/164/164 170/170/170
f 161/161/161 153/153/153 163/163/163
f 161/161/161 177/177/177 153/153/153
f 171/171/171 178/178/178 165/165/165
f 155/155/155 166/166/166 171/171/171
f 166/166/166 179/179/179 171/171/171
f 173/173/173 180/180/180 167/167/167
f 147/147/147 181/181/181 173/173/173
f 174/174/174 182/182/182 157/157/157
f 168/168/168 183/183/183 174/174/174
f 169/169/169 184/184/184 175/175/175
f 176/176/176 185/185/185 141/141/141
f 170/170/170 186/186/186 176/176/176
f 164/164/164 187/187/187 170/170/170
f 171/171/171 179/179/179 178/178/178
f 179/179/179 188/188/188 178/178/178
f 166/166/166 172/172/172 179/179/179
f 172/172/172 189/189/189 179/179/179
f 180/180/180 190/190/190 167/167/167
f 173/173/173 181/181/181 180/180/180
f 182/182/182 135/135/135 157/157/157
f 182/182/182 146/146/146 135/135/135
f 174/174/174 191/191/191 182/182/182
f 183/183/183 140/140/140 174/174/174
f 168/168/168 158/158/158 183/183/183
f 158/158/158 59/59/59 183/183/183
f 184/184/184 192/192/192 175/175/175
f 176/176/176 193/193/193 185/185/185
f 186/186/186 194/194/194 176/176/176
f 170/170/170 195/195/195 186/186/186
f 187/187/187 196/196/196 170/170/170
f 179/179/179 197/197/197 188/188/188
f 189/189/189 197/197/197 179/179/179
f 189/189/189 198/198/198 197/197/197
f 182/182/182 199/199/199 146/146/146
f 191/191/191 199/199/199 182/182/182
f 140/140/140 200/200/200 174/174/174
f 183/183/183 201/201/201 140/140/140
f 59/59/59 201/201/201 183/183/183
f 158/158/158 150/150/150 59/59/59
f 192/192/192 202/202/202 175/175/175
f 184/184/184 203/203/203 192/192/192
f 194/194/194 204/204/204 176/176/176
f 186/186/186 205/205/205 194/194/194
f 195/195/195 205/205/205 186/186/186
f 195/195/195 206/206/206 205/205/205
f 170/170/170 196/196/196 195/195/195
f 196/196/196 207/207/207 195/195/195
f 187/187/187 208/208/208 196/196/196
f 197/197/197 209/209/209 188/188/188
f 198/198/198 210/210/210 197/197/197
f 200/200/200 211/211/211 174/174/174
f 140/140/140 212/212/212 200/200/200
f 201/201/201 213/213/213 140/140/140
f 202/202/202 214/214/214 175/175/175
f 192/192/192 215/215/215 202/202/202
f 203/203/203 216/216/216 192/192/192
f 184/184/184 169/169/169 203/203/203
f 194/194/194 217/217/217 204/204/204
f 205/205/205 206/206/206 194/194/194
f 206/206/206 218/218/218 194/194/194
f 195/195/195 219/219/219 206/206/206
f 207/207/207 220/220/220 195/195/195
f 196/196/196 208/208/208 207/207/207
f 208/208/208 220/220/220 207/207/207
f 208/208/208 221/221/221 220/220/220
f 209/209/209 172/172/172 188/188/188
f 197/197/197 210/210/210 209/209/209
f 210/210/210 222/222/222 209/209/209
f 198/198/198 223/223/223 210/210/210
f 211/211/211 224/224/224 174/174/174
f 200/200/200 225/225/225 211/211/211
f 213/213/213 211/211/211 140/140/140
f 201/201/201 191/191/191 213/213/213
f 202/202/202 226/226/226 214/214/214
f 192/192/192 216/216/216 215/215/215
f 216/216/216 227/227/227 215/215/215
f 217/217/217 228/228/228 204/204/204
f 194/194/194 229/229/229 217/217/217
f 218/218/218 229/229/229 194/194/194
f 206/206/206 230/230/230 218/218/218
f 219/219/219 230/230/230 206/206/206
f 219/219/219 231/231/231 230/230/230
f 220/220/220 232/232/232 195/195/195
f 221/221/221 233/233/233 220/220/220
f 208/208/208 234/234/234 221/221/221
f 172/172/172 165/165/165 188/188/188
f 209/209/209 189/189/189 172/172/172
f 222/222/222 189/189/189 209/209/209
f 222/222/222 198/198/198 189/189/189
f 222/222/222 223/223/223 198/198/198
f 223/223/223 222/222/222 210/210/210
f 211/211/211 235/235/235 224/224/224
f 201/201/201 224/224/224 191/191/191
f 227/227/227 236/236/236 215/215/215
f 228/228/228 97/97/97 204/204/204
f 217/217/217 114/114/114 228/228/228
f 230/230/230 237/237/237 218/218/218
f 231/231/231 237/237/237 230/230/230
f 231/231/231 238/238/238 237/237/237
f 232/232/232 219/219/219 195/195/195
f 232/232/232 231/231/231 219/219/219
f 232/232/232 239/239/239 231/231/231
f 233/233/233 240/240/240 220/220/220
f 221/221/221 241/241/241 233/233/233
f 208/208/208 242/242/242 234/234/234
f 165/165/165 178/178/178 188/188/188
f 235/235/235 243/243/243 224/224/224
f 224/224/224 212/212/212 191/191/191
f 236/236/236 202/202/202 215/215/215
f 227/227/227 244/244/244 236/236/236
f 97/97/97 245/245/245 204/204/204
f 228/228/228 129/129/129 97/97/97
f 217/217/217 229/229/229 114/114/114
f 238/238/238 246/246/246 237/237/237
f 232/232/232 240/240/240 239/239/239
f 240/240/240 247/247/247 220/220/220
f 233/233/233 248/248/248 240/240/240
f 241/241/241 248/248/248 233/233/233
f 241/241/241 249/249/249 248/248/248
f 221/221/221 250/250/250 241/241/241
f 242/242/242 249/249/249 234/234/234
f 208/208/208 251/251/251 242/242/242
f 235/235/235 252/252/252 243/243/243
f 245/245/245 185/185/185 204/204/204
f 246/246/246 253/253/253 237/237/237
f 238/238/238 254/254/254 246/246/246
f 232/232/232 221/221/221 240/240/240
f 249/249/249 255/255/255 248/248/248
f 242/242/242 251/251/251 249/249/249
f 235/235/235 256/256/256 252/252/252
f 185/185/185 257/257/257 204/204/204
f 246/246/246 258/258/258 253/253/253
f 238/238/238 259/259/259 254/254/254
f 256/256/256 260/260/260 252/252/252
f 235/235/235 261/261/261 256/256/256
f 257/257/257 229/229/229 204/204/204
f 185/185/185 193/193/193 257/257/257
f 258/258/258 262/262/262 253/253/253
f 246/246/246 263/263/263 258/258/258
f 259/259/259 264/264/264 254/254/254
f 256/256/256 265/265/265 260/260/260
f 261/261/261 265/265/265 256/256/256
f 261/261/261 266/266/266 265/265/265
f 235/235/235 267/267/267 261/261/261
f 262/262/262 268/268/268 253/253/253
f 258/258/258 269/269/269 262/262/262
f 263/263/263 270/270/270 258/258/258
f 264/264/264 271/271/271 254/254/254
f 266/266/266 272/272/272 265/265/265
f 261/261/261 273/273/273 266/266/266
f 267/267/267 274/274/274 261/261/261
f 262/262/262 275/275/275 268/268/268
f 258/258/258 271/271/271 269/269/269
f 263/263/263 276/276/276 270/270/270
f 271/271/271 258/258/258 254/254/254
f 264/264/264 277/277/277 271/271/271
f 272/272/272 278/278/278 265/265/265
f 266/266/266 279/279/279 272/272/272
f 273/273/273 279/279/279 266/266/266
f 273/273/273 280/280/280 279/279/279
f 261/261/261 281/281/281 273/273/273
f 274/274/274 282/282/282 261/261/261
f 275/275/275 283/283/283 268/268/268
f 262/262/262 269/269/269 275/275/275
f 271/271/271 284/284/284 269/269/269
f 276/276/276 254/254/254 270/270/270
f 263/263/263 237/237/237 276/276/276
f 277/277/277 284/284/284 271/271/271
f 278/278/278 285/285/285 265/265/265
f 272/272/272 286/286/286 278/278/278
f 279/279/279 287/287/287 272/272/272
f 273/273/273 281/281/281 280/280/280
f 281/281/281 288/288/288 280/280/280
f 261/261/261 289/289/289 281/281/281
f 283/283/283 290/290/290 268/268/268
f 275/275/275 291/291/291 283/283/283
f 254/254/254 258/258/258 270/270/270
f 285/285/285 292/292/292 265/265/265
f 278/278/278 293/293/293 285/285/285
f 286/286/286 294/294/294 278/278/278
f 272/272/272 295/295/295 286/286/286
f 279/279/279 280/280/280 287/287/287
f 280/280/280 296/296/296 287/287/287
f 281/281/281 225/225/225 288/288/288
f 289/289/289 297/297/297 281/281/281
f 290/290/290 298/298/298 268/268/268
f 283/283/283 299/299/299 290/290/290
f 291/291/291 300/300/300 283/283/283
f 292/292/292 301/301/301 265/265/265
f 285/285/285 294/294/294 292/292/292
f 278/278/278 302/302/302 293/293/293
f 296/296/296 303/303/303 287/287/287
f 289/289/289 288/288/288 297/297/297
f 298/298/298 304/304/304 268/268/268
f 300/300/300 299/299/299 283/283/283
f 291/291/291 305/305/305 300/300/300
f 301/301/301 306/306/306 265/265/265
f 292/292/292 307/307/307 301/301/301
f 294/294/294 293/293/293 292/292/292
f 302/302/302 308/308/308 293/293/293
f 278/278/278 287/287/287 302/302/302
f 303/303/303 295/295/295 287/287/287
f 298/298/298 300/300/300 304/304/304
f 291/291/291 309/309/309 305/305/305
f 306/306/306 310/310/310 265/265/265
f 301/301/301 311/311/311 306/306/306
f 307/307/307 312/312/312 301/301/301
f 292/292/292 313/313/313 307/307/307
f 293/293/293 313/313/313 292/292/292
f 293/293/293 308/308/308 313/313/313
f 308/308/308 314/314/314 313/313/313
f 302/302/302 315/315/315 308/308/308
f 278/278/278 316/316/316 287/287/287
f 303/303/303 296/296/296 295/295/295
f 296/296/296 280/280/280 295/295/295
f 280/280/280 286/286/286 295/295/295
f 298/298/298 290/290/290 300/300/300
f 309/309/309 317/317/317 305/305/305
f 291/291/291 318/318/318 309/309/309
f 310/310/310 319/319/319 265/265/265
f 306/306/306 320/320/320 310/310/310
f 311/311/311 321/321/321 306/306/306
f 301/301/301 312/312/312 311/311/311
f 312/312/312 322/322/322 311/311/311
f 307/307/307 323/323/323 312/312/312
f 313/313/313 324/324/324 307/307/307
f 314/314/314 325/325/325 313/313/313
f 308/308/308 325/325/325 314/314/314
f 315/315/315 325/325/325 308/308/308
f 315/315/315 326/326/326 325/325/325
f 317/317/317 327/327/327 305/305/305
f 309/309/309 328/328/328 317/317/317
f 318/318/318 329/329/329 309/309/309
f 291/291/291 330/330/330 318/318/318
f 310/310/310 331/331/331 319/319/319
f 320/320/320 331/331/331 310/310/310
f 320/320/320 306/306/306 331/331/331
f 321/321/321 331/331/331 306/306/306
f 311/311/311 332/332/332 321/321/321
f 322/322/322 332/332/332 311/311/311
f 322/322/322 333/333/333 332/332/332
f 312/312/312 334/334/334 322/322/322
f 323/323/323 334/334/334 312/312/312
f 323/323/323 335/335/335 334/334/334
f 307/307/307 324/324/324 323/323/323
f 324/324/324 336/336/336 323/323/323
f 313/313/313 325/325/325 324/324/324
f 325/325/325 326/326/326 324/324/324
f 326/326/326 336/336/336 324/324/324
f 326/326/326 337/337/337 336/336/336
f 327/327/327 338/338/338 305/305/305
f 317/317/317 339/339/339 327/327/327
f 328/328/328 340/340/340 317/317/317
f 309/309/309 329/329/329 328/328/328
f 329/329/329 341/341/341 328/328/328
f 318/318/318 342/342/342 329/329/329
f 330/330/330 342/342/342 318/318/318
f 330/330/330 329/329/329 342/342/342
f 330/330/330 291/291/291 329/329/329
f 333/333/333 335/335/335 332/332/332
f 323/323/323 343/343/343 335/335/335
f 336/336/336 337/337/337 323/323/323
f 327/327/327 344/344/344 338/338/338
f 339/339/339 345/345/345 327/327/327
f 317/317/317 340/340/340 339/339/339
f 340/340/340 346/346/346 339/339/339
f 328/328/328 341/341/341 340/340/340
f 341/341/341 347/347/347 340/340/340
f 333/333/333 348/348/348 335/335/335
f 343/343/343 349/349/349 335/335/335
f 327/327/327 345/345/345 344/344/344
f 339/339/339 346/346/346 345/345/345
f 340/340/340 350/350/350 346/346/346
f 347/347/347 351/351/351 340/340/340
f 349/349/349 352/352/352 335/335/335
f 350/350/350 353/353/353 346/346/346
f 340/340/340 351/351/351 350/350/350
f 351/351/351 353/353/353 350/350/350
f 351/351/351 354/354/354 353/353/353
f 347/347/347 355/355/355 351/351/351
f 349/349/349 356/356/356 352/352/352
f 351/351/351 355/355/355 354/354/354
f 357/357/357 360/358/358 359/359/359
f 357/357/357 362/360/360 360/358/358
f 359/359/359 364/361/361 361/362/362
f 362/360/360 365/363/363 360/358/358
f 359/359/359 360/358/358 364/361/361
f 362/360/360 366/364/364 365/363/363
f 358/365/365 367/366/366 366/364/364
f 366/364/364 368/367/367 365/363/363
f 366/364/364 367/366/366 357/357/357
f 364/361/361 360/358/358 366/364/364
f 368/367/367 369/368/368 365/363/363
f 368/367/367 370/369/369 369/368/368
f 370/369/369 371/370/370 369/368/368
f 370/369/369 372/371/371 371/370/370
f 372/371/371 373/372/372 371/370/370
f 373/372/372 374/373/373 371/370/370
f 373/372/372 375/374/374 374/373/373
f 375/374/374 376/375/375 374/373/373
f 376/375/375 377/376/376 374/373/373
f 375/374/374 378/377/377 376/375/375
f 377/376/376 379/378/378 374/373/373
f 376/375/375 380/379/379 377/376/376
f 378/377/377 381/380/380 376/375/375
f 375/374/374 382/381/381 378/377/377
f 379/378/378 371/370/370 374/373/373
f 379/378/378 369/368/368 371/370/370
f 379/378/378 365/363/363 369/368/368
f 379/378/378 360/358/358 365/363/363
f 379/378/378 383/382/382 360/358/358
f 377/376/376 384/383/383 379/378/378
f 380/379/379 385/384/384 377/376/376
f 376/375/375 381/380/380 380/379/379
f 381/380/380 386/385/385 380/379/379
f 378/377/377 387/386/386 381/380/380
f 379/378/378 384/383/383 383/382/382
f 384/383/383 388/387/387 383/382/382
f 377/376/376 388/387/387 384/383/383
f 377/376/376 385/384/384 388/387/387
f 385/384/384 389/388/388 388/387/387
f 380/379/379 386/385/385 385/384/384
f 386/385/385 390/389/389 385/384/384
f 381/380/380 391/390/390 386/385/385
f 387/386/386 391/390/390 381/380/380
f 387/386/386 392/391/391 391/390/390
f 388/387/387 389/388/388 383/382/382
f 389/388/388 393/392/392 383/382/382
f 385/384/384 390/389/389 389/388/388
f 392/391/391 394/393/393 391/390/390
f 387/386/386 395/394/394 392/391/391
f 393/392/392 396/395/395 383/382/382
f 389/388/388 397/396/396 393/392/392
f 394/393/393 398/397/397 391/390/390
f 392/391/391 399/398/398 394/393/393
f 395/394/394 400/399/399 392/391/391
f 387/386/386 401/400/400 395/394/394
f 396/395/395 363/401/401 383/382/382
f 397/396/396 402/402/402 393/392/392
f 389/388/388 390/389/389 397/396/396
f 398/397/397 403/403/403 391/390/390
f 392/391/391 400/399/399 399/398/398
f 395/394/394 404/404/404 400/399/399
f 401/400/400 405/405/405 395/394/394
f 363/401/401 360/358/358 383/382/382
f 404/404/404 406/406/406 400/399/399
f 395/394/394 405/405/405 404/404/404
f 405/405/405 407/407/407 404/404/404
f 401/400/400 408/408/408 405/405/405
f 406/406/406 399/398/398 400/399/399
f 404/404/404 407/407/407 406/406/406
f 407/407/407 409/409/409 406/406/406
f 405/405/405 408/408/408 407/407/407
f 408/408/408 409/409/409 407/407/407
f 412/410/410 413/411/411 411/412/411
f 410/413/412 414/414/413 412/410/410
f 414/414/413 416/415/414 412/410/410
f 410/413/412 415/416/415 414/414/413
f 414/414/413 417/417/416 416/415/414
f 418/418/417 419/419/418 420/420/419
f 420/420/419 421/421/420 418/418/417
f 419/419/418 422/422/421 420/420/419
f 418/418/417 422/422/421 419/419/418
f 418/418/417 423/423/422 422/422/421
f 421/421/420 424/424/423 418/418/417
f 420/420/419 425/425/424 421/421/420
f 422/422/421 426/426/425 420/420/419
f 423/423/422 427/427/426 422/422/421
f 420/420/419 428/428/427 425/425/424
f 426/426/425 429/429/428 420/420/419
f 422/422/421 427/427/426 426/426/425
f 427/427/426 430/430/429 426/426/425
f 423/423/422 431/431/430 427/427/426
f 420/420/419 432/432/431 428/428/427
f 426/426/425 430/430/429 429/429/428
f 431/431/430 433/433/432 427/427/426
f 431/431/430 434/434/433 433/433/432
f 423/423/422 434/434/433 431/431/430
f 420/420/419 430/430/429 432/432/431
f 420/420/419 429/429/428 430/430/429
f 421/421/420 436/435/434 432/432/431
f 435/436/435 437/437/436 432/432/431
f 435/436/435 434/434/433 437/437/436
f 439/438/437 440/439/437 438/440/437
f 441/441/438 442/442/439 443/443/440
f 443/443/440 444/444/441 441/441/438
f 442/442/439 445/445/442 443/443/440
f 441/441/438 446/446/443 442/442/439
f 443/443/440 447/447/444 444/444/441
f 445/445/442 448/448/445 443/443/440
f 442/442/439 449/449/446 445/445/442
f 446/446/443 449/449/446 442/442/439
f 446/446/443 450/450/447 449/449/446
f 443/443/440 451/451/448 447/447/444
f 448/448/445 451/451/448 443/443/440
f 448/448/445 447/447/444 451/451/448
f 445/445/442 449/449/446 448/448/445
f 449/449/446 452/452/449 448/448/445
f 450/450/447 453/453/450 449/449/446
f 453/453/450 454/454/451 449/449/446
f 450/450/447 452/452/449 453/453/450
f 454/454/451 455/455/452 449/449/446
f 453/453/450 444/444/441 454/454/451
f 455/455/452 456/456/453 449/449/446
f 454/454/451 457/457/454 455/455/452
f 444/444/441 457/457/454 454/454/451
f 458/458/455 459/459/456 460/460/457
f 459/459/456 461/461/458 460/460/457
f 458/458/455 462/462/459 459/459/456
f 461/461/458 463/463/460 460/460/457
f 459/459/456 464/464/461 461/461/458
f 458/458/455 465/465/462 462/462/459
f 463/463/460 466/466/463 460/460/457
f 461/461/458 464/464/461 463/463/460
f 459/459/456 462/462/459 464/464/461
f 458/458/455 467/467/464 465/465/462
f 468/468/465 469/469/466 470/470/467
f 468/468/465 471/471/468 469/469/466
f 468/468/465 472/472/469 471/471/468
f 472/472/469 473/473/470 471/471/468
f 468/468/465 474/474/471 472/472/469
f 472/472/469 475/475/472 473/473/470
f 474/474/471 476/476/473 472/472/469
f 475/475/472 477/477/474 473/473/470
f 472/472/469 478/478/475 475/475/472
f 476/476/473 479/479/476 472/472/469
f 474/474/471 469/469/466 476/476/473
f 475/475/472 480/480/477 477/477/474
f 478/478/475 481/481/478 475/475/472
f 475/475/472 481/481/478 480/480/477
f 482/482/479 483/483/480 484/484/481
f 484/484/481 485/485/482 482/482/479
f 483/483/480 486/486/483 484/484/481
f 482/482/479 487/487/484 483/483/480
f 485/485/482 487/487/484 482/482/479
f 485/485/482 488/488/485 487/487/484
f 484/484/481 489/489/486 485/485/482
f 487/487/484 490/490/487 483/483/480
f 488/488/485 491/491/488 487/487/484
f 485/485/482 492/492/489 488/488/485
f 489/489/486 493/493/490 485/485/482
f 484/484/481 494/494/491 489/489/486
f 488/488/485 495/495/492 491/491/488
f 492/492/489 496/496/493 488/488/485
f 485/485/482 493/493/490 492/492/489
f 493/493/490 496/496/493 492/492/489
f 489/489/486 494/494/491 493/493/490
f 494/494/491 497/497/494 493/493/490
f 484/484/481 498/498/495 494/494/491
f 488/488/485 496/496/493 495/495/492
f 497/497/494 499/499/496 493/493/490
f 494/494/491 500/500/497 497/497/494
f 498/498/495 500/500/497 494/494/491
f 498/498/495 501/501/498 500/500/497
f 484/484/481 502/502/499 498/498/495
f 497/497/494 503/503/500 499/499/496
f 500/500/497 503/503/500 497/497/494
f 500/500/497 504/504/501 503/503/500
f 501/501/498 505/505/502 500/500/497
f 484/484/481 506/506/503 502/502/499
f 505/505/502 504/504/501 500/500/497
f 505/505/502 507/507/504 504/504/501
f 506/506/503 486/486/483 502/502/499
f 508/508/505 509/509/506 510/510/507
f 510/510/507 511/511/508 508/508/505
f 509/509/506 167/167/167 510/510/507
f 510/510/507 156/156/156 511/511/508
f 512/512/509 513/513/510 514/514/511
f 513/513/510 515/515/512 514/514/511
f 515/515/512 512/512/509 514/514/511
f 513/513/510 516/516/513 515/515/512
f 513/513/510 517/517/514 516/516/513
f 513/513/510 518/518/515 517/517/514
f 513/513/510 512/512/509 518/518/515
f 512/512/509 519/519/516 518/518/515
f 520/520/517 521/521/518 522/522/519
f 522/522/519 523/523/520 520/520/517
f 521/521/518 524/524/521 522/522/519
f 523/523/520 525/525/522 520/520/517
f 522/522/519 524/524/521 523/523/520
f 524/524/521 526/526/523 523/523/520
f 521/521/518 527/527/524 524/524/521
f 525/525/522 528/528/525 520/520/517
f 523/523/520 529/529/526 525/525/522
f 526/526/523 529/529/526 523/523/520
f 526/526/523 530/530/527 529/529/526
f 524/524/521 531/531/528 526/526/523
f 527/527/524 531/531/528 524/524/521
f 528/528/525 532/532/529 520/520/517
f 525/525/522 533/533/530 528/528/525
f 529/529/526 534/534/531 525/525/522
f 530/530/527 535/535/532 529/529/526
f 526/526/523 536/536/533 530/530/527
f 531/531/528 537/537/534 526/526/523
f 532/532/529 521/521/518 520/520/517
f 528/528/525 538/538/535 532/532/529
f 533/533/530 539/539/536 528/528/525
f 534/534/531 533/533/530 525/525/522
f 529/529/526 540/540/537 534/534/531
f 535/535/532 540/540/537 529/529/526
f 535/535/532 541/541/538 540/540/537
f 536/536/533 542/542/539 530/530/527
f 531/531/528 536/536/533 537/537/534
f 528/528/525 539/539/536 538/538/535
f 539/539/536 543/543/540 538/538/535
f 533/533/530 543/543/540 539/539/536
f 533/533/530 534/534/531 543/543/540
f 540/540/537 544/544/541 534/534/531
f 541/541/538 545/545/542 540/540/537
f 535/535/532 546/546/543 541/541/538
f 542/542/539 535/535/532 530/530/527
f 542/542/539 547/547/544 535/535/532
f 531/531/528 548/548/545 536/536/533
f 540/540/537 549/549/546 544/544/541
f 545/545/542 549/549/546 540/540/537
f 545/545/542 550/550/547 549/549/546
f 541/541/538 551/551/548 545/545/542
f 546/546/543 552/552/549 541/541/538
f 547/547/544 545/545/542 535/535/532
f 542/542/539 552/552/549 547/547/544
f 531/531/528 553/553/550 548/548/545
f 549/549/546 550/550/547 544/544/541
f 550/550/547 554/554/551 544/544/541
f 545/545/542 555/555/552 550/550/547
f 551/551/548 556/556/553 545/545/542
f 552/552/549 551/551/548 541/541/538
f 552/552/549 557/557/554 551/551/548
f 546/546/543 548/548/545 552/552/549
f 545/545/542 558/558/555 535/535/532
f 531/531/528 559/559/556 553/553/550
f 550/550/547 560/560/557 554/554/551
f 556/556/553 560/560/557 545/545/542
f 551/551/548 561/561/558 556/556/553
f 552/552/549 542/542/539 557/557/554
f 558/558/555 544/544/541 535/535/532
f 531/531/528 562/562/559 559/559/556
f 560/560/557 563/563/560 554/554/551
f 550/550/547 558/558/555 560/560/557
f 556/556/553 561/561/558 560/560/557
f 561/561/558 555/555/552 560/560/557
f 531/531/528 564/564/561 562/562/559
f 563/563/560 565/565/562 554/554/551
f 561/561/558 566/566/563 555/555/552
f 564/564/561 521/521/518 562/562/559
f 563/563/560 567/567/564 565/565/562
f 566/566/563 550/550/547 555/555/552
f 561/561/558 551/551/548 566/566/563
f 564/564/561 527/527/524 521/521/518
f 564/564/561 559/559/556 527/527/524
f 567/567/564 568/568/565 565/565/562
f 563/563/560 569/569/566 567/567/564
f 568/568/565 570/570/567 565/565/562
f 567/567/564 571/571/568 568/568/565
f 569/569/566 572/572/569 567/567/564
f 563/563/560 573/573/570 569/569/566
f 570/570/567 554/554/551 565/565/562
f 570/570/567 555/555/552 554/554/551
f 571/571/568 570/570/567 568/568/565
f 571/571/568 574/574/571 570/570/567
f 567/567/564 575/575/572 571/571/568
f 573/573/570 566/566/563 569/569/566
f 574/574/571 576/576/573 570/570/567
f 571/571/568 572/572/569 574/574/571
f 576/576/573 577/577/574 570/570/567
f 574/574/571 573/573/570 576/576/573
f 571/571/568 575/575/572 572/572/569
f 576/576/573 578/578/575 577/577/574
f 573/573/570 578/578/575 576/576/573
f 578/578/575 579/579/576 577/577/574
f 579/579/576 580/580/577 577/577/574
f 578/578/575 581/581/578 579/579/576
f 580/580/577 582/582/579 577/577/574
f 579/579/576 583/583/580 580/580/577
f 578/578/575 584/584/581 581/581/578
f 580/580/577 585/585/582 582/582/579
f 583/583/580 586/586/583 580/580/577
f 579/579/576 587/587/584 583/583/580
f 584/584/581 588/588/585 581/581/578
f 578/578/575 589/589/586 584/584/581
f 585/585/582 590/590/587 582/582/579
f 583/583/580 591/591/588 586/586/583
f 587/587/584 592/592/589 583/583/580
f 579/579/576 593/593/590 587/587/584
f 588/588/585 583/583/580 581/581/578
f 584/584/581 594/594/591 588/588/585
f 589/589/586 595/595/592 584/584/581
f 578/578/575 574/574/571 589/589/586
f 590/590/587 596/596/593 582/582/579
f 583/583/580 597/597/594 591/591/588
f 587/587/584 598/598/595 592/592/589
f 593/593/590 598/598/595 587/587/584
f 593/593/590 599/599/596 598/598/595
f 579/579/576 599/599/596 593/593/590
f 588/588/585 594/594/591 583/583/580
f 594/594/591 600/600/597 583/583/580
f 595/595/592 601/601/598 584/584/581
f 596/596/593 602/602/599 582/582/579
f 599/599/596 603/603/600 598/598/595
f 600/600/597 599/599/596 583/583/580
f 594/594/591 604/604/601 600/600/597
f 596/596/593 605/605/602 602/602/599
f 603/603/600 606/606/603 598/598/595
f 605/605/602 607/607/604 602/602/599
f 596/596/593 608/608/605 605/605/602
f 606/606/603 543/543/540 598/598/595
f 607/607/604 609/609/606 602/602/599
f 605/605/602 610/610/607 607/607/604
f 608/608/605 611/611/608 605/605/602
f 596/596/593 590/590/587 608/608/605
f 590/590/587 585/585/582 608/608/605
f 585/585/582 612/612/609 608/608/605
f 609/609/606 582/582/579 602/602/599
f 605/605/602 613/613/610 610/610/607
f 611/611/608 614/614/611 605/605/602
f 608/608/605 615/615/612 611/611/608
f 612/612/609 615/615/612 608/608/605
f 613/613/610 616/616/613 610/610/607
f 605/605/602 617/617/614 613/613/610
f 614/614/611 618/618/615 605/605/602
f 611/611/608 619/619/616 614/614/611
f 616/616/613 620/620/617 610/610/607
f 613/613/610 617/617/614 616/616/613
f 605/605/602 621/621/618 617/617/614
f 618/618/615 622/622/619 605/605/602
f 614/614/611 619/619/616 618/618/615
f 619/619/616 623/623/620 618/618/615
f 620/620/617 607/607/604 610/610/607
f 620/620/617 624/624/621 607/607/604
f 616/616/613 625/625/622 620/620/617
f 621/621/618 624/624/621 617/617/614
f 622/622/619 621/621/618 605/605/602
f 618/618/615 623/623/620 622/622/619
f 623/623/620 626/626/623 622/622/619
f 619/619/616 627/627/624 623/623/620
f 624/624/621 621/621/618 607/607/604
f 621/621/618 628/628/625 607/607/604
f 620/620/617 622/622/619 624/624/621
f 625/625/622 629/629/626 620/620/617
f 626/626/623 624/624/621 622/622/619
f 623/623/620 630/630/627 626/626/623
f 619/619/616 615/615/612 627/627/624
f 628/628/625 631/631/628 607/607/604
f 621/621/618 631/631/628 628/628/625
f 620/620/617 629/629/626 622/622/619
f 629/629/626 632/632/629 622/622/619
f 625/625/622 633/633/630 629/629/626
f 630/630/627 634/634/631 626/626/623
f 619/619/616 611/611/608 615/615/612
f 629/629/626 633/633/630 632/632/629
f 633/633/630 635/635/632 632/632/629
f 634/634/631 632/632/629 626/626/623
f 630/630/627 636/636/633 634/634/631
f 634/634/631 625/625/622 632/632/629
f 636/636/633 633/633/630 634/634/631
f 630/630/627 637/637/634 636/636/633
f 625/625/622 616/616/613 632/632/629
f 616/616/613 617/617/614 632/632/629
f 617/617/614 624/624/621 632/632/629
f 633/633/630 625/625/622 634/634/631
f 636/636/633 635/635/632 633/633/630
f 636/636/633 637/637/634 635/635/632
f 637/637/634 638/638/635 635/635/632
f 630/630/627 639/639/636 637/637/634
f 637/637/634 639/639/636 638/638/635
f 639/639/636 640/640/637 638/638/635
f 639/639/636 641/641/638 640/640/637
f 641/641/638 642/642/639 640/640/637
f 641/641/638 643/643/640 642/642/639
f 643/643/640 644/644/641 642/642/639
f 641/641/638 645/645/642 643/643/640
f 644/644/641 640/640/637 642/642/639
f 643/643/640 645/645/642 644/644/641
f 645/645/642 646/646/643 644/644/641
f 641/641/638 647/647/644 645/645/642
f 646/646/643 648/648/645 644/644/641
f 645/645/642 647/647/644 646/646/643
f 647/647/644 649/649/646 646/646/643
f 641/641/638 650/650/647 647/647/644
f 648/648/645 651/651/648 644/644/641
f 646/646/643 652/652/649 648/648/645
f 647/647/644 653/653/650 649/649/646
f 650/650/647 653/653/650 647/647/644
f 651/651/648 654/654/651 644/644/641
f 648/648/645 655/655/652 651/651/648
f 652/652/649 656/656/653 648/648/645
f 646/646/643 657/657/654 652/652/649
f 653/653/650 658/658/655 649/649/646
f 651/651/648 659/659/656 654/654/651
f 648/648/645 656/656/653 655/655/652
f 656/656/653 660/660/657 655/655/652
f 652/652/649 657/657/654 656/656/653
f 646/646/643 661/661/658 657/657/654
f 659/659/656 662/662/659 654/654/651
f 646/646/643 664/663/660 661/661/658
f 662/662/659 640/640/637 654/654/651
f 659/659/656 666/664/661 662/662/659
f 663/665/662 659/659/656 655/655/652
f 646/646/643 667/666/663 664/663/660
f 665/667/664 668/668/665 649/649/646
f 662/662/659 666/664/661 640/640/637
f 666/664/661 669/669/666 640/640/637
f 667/666/663 670/670/667 664/663/660
f 646/646/643 668/668/665 667/666/663
f 665/667/664 667/666/663 668/668/665
f 665/667/664 670/670/667 667/666/663
f 669/669/666 638/638/635 640/640/637
f 669/669/666 635/635/632 638/638/635
f 650/650/647 672/671/668 671/672/669
f 650/650/647 649/649/646 672/671/668
f 673/673/670 674/674/671 675/675/672
f 675/675/672 676/676/673 673/673/670
f 674/674/671 677/677/674 675/675/672
f 673/673/670 678/678/675 674/674/671
f 676/676/673 679/679/676 673/673/670
f 675/675/672 680/680/677 676/676/673
f 677/677/674 681/681/678 675/675/672
f 673/673/670 682/682/679 678/678/675
f 679/679/676 682/682/679 673/673/670
f 679/679/676 683/683/680 682/682/679
f 676/676/673 684/684/681 679/679/676
f 680/680/677 685/685/682 676/676/673
f 677/677/674 686/686/683 681/681/678
f 682/682/679 517/517/514 678/678/675
f 683/683/680 687/687/684 682/682/679
f 679/679/676 688/688/685 683/683/680
f 684/684/681 689/689/686 679/679/676
f 676/676/673 685/685/682 684/684/681
f 685/685/682 689/689/686 684/684/681
f 685/685/682 690/690/687 689/689/686
f 680/680/677 691/691/688 685/685/682
f 686/686/683 692/692/689 681/681/678
f 682/682/679 693/693/690 517/517/514
f 683/683/680 694/694/691 687/687/684
f 688/688/685 694/694/691 683/683/680
f 688/688/685 695/695/692 694/694/691
f 679/679/676 689/689/686 688/688/685
f 690/690/687 691/691/688 689/689/686
f 691/691/688 696/696/693 685/685/682
f 692/692/689 697/697/694 681/681/678
f 682/682/679 698/698/695 693/693/690
f 688/688/685 699/699/696 695/695/692
f 690/690/687 696/696/693 691/691/688
f 692/692/689 700/700/697 697/697/694
f 698/698/695 701/701/698 693/693/690
f 682/682/679 687/687/684 698/698/695
f 687/687/684 694/694/691 698/698/695
f 694/694/691 702/702/699 698/698/695
f 699/699/696 703/703/700 695/695/692
f 688/688/685 704/704/701 699/699/696
f 692/692/689 705/705/702 700/700/697
f 701/701/698 516/516/513 693/693/690
f 698/698/695 706/706/703 701/701/698
f 702/702/699 706/706/703 698/698/695
f 702/702/699 707/707/704 706/706/703
f 694/694/691 708/708/705 702/702/699
f 699/699/696 704/704/701 703/703/700
f 688/688/685 689/689/686 704/704/701
f 689/689/686 709/709/706 704/704/701
f 705/705/702 710/710/707 700/700/697
f 692/692/689 711/711/708 705/705/702
f 706/706/703 712/712/709 701/701/698
f 702/702/699 708/708/705 707/707/704
f 708/708/705 713/713/710 707/707/704
f 694/694/691 714/714/711 708/708/705
f 709/709/706 715/715/712 704/704/701
f 705/705/702 716/716/713 710/710/707
f 711/711/708 716/716/713 705/705/702
f 711/711/708 717/717/714 716/716/713
f 692/692/689 686/686/683 711/711/708
f 686/686/683 717/717/714 711/711/708
f 706/706/703 718/718/715 712/712/709
f 713/713/710 719/719/716 707/707/704
f 714/714/711 720/720/717 708/708/705
f 694/694/691 695/695/692 714/714/711
f 695/695/692 703/703/700 714/714/711
f 703/703/700 720/720/717 714/714/711
f 715/715/712 721/721/718 704/704/701
f 709/709/706 722/722/719 715/715/712
f 717/717/714 723/723/720 716/716/713
f 718/718/715 707/707/704 712/712/709
f 706/706/703 724/724/721 718/718/715
f 713/713/710 725/725/722 719/719/716
f 720/720/717 726/726/723 708/708/705
f 721/721/718 727/727/724 704/704/701
f 715/715/712 728/728/725 721/721/718
f 722/722/719 729/729/726 715/715/712
f 709/709/706 730/730/727 722/722/719
f 723/723/720 710/710/707 716/716/713
f 717/717/714 731/731/728 723/723/720
f 718/718/715 724/724/721 707/707/704
f 725/725/722 732/732/729 719/719/716
f 713/713/710 726/726/723 725/725/722
f 726/726/723 713/713/710 708/708/705
f 720/720/717 733/733/730 726/726/723
f 727/727/724 733/733/730 704/704/701
f 728/728/725 734/734/731 721/721/718
f 715/715/712 735/735/732 728/728/725
f 722/722/719 736/736/733 729/729/726
f 709/709/706 735/735/732 730/730/727
f 732/732/729 737/737/734 719/719/716
f 725/725/722 727/727/724 732/732/729
f 733/733/730 703/703/700 704/704/701
f 727/727/724 726/726/723 733/733/730
f 727/727/724 725/725/722 726/726/723
f 734/734/731 733/733/730 721/721/718
f 728/728/725 738/738/735 734/734/731
f 735/735/732 700/700/697 728/728/725
f 736/736/733 739/739/736 729/729/726
f 722/722/719 730/730/727 736/736/733
f 730/730/727 740/740/737 736/736/733
f 735/735/732 741/741/738 730/730/727
f 736/736/733 742/742/739 739/739/736
f 740/740/737 743/743/740 736/736/733
f 730/730/727 744/744/741 740/740/737
f 742/742/739 745/745/742 739/739/736
f 736/736/733 743/743/740 742/742/739
f 743/743/740 746/746/743 742/742/739
f 740/740/737 744/744/741 743/743/740
f 744/744/741 747/747/744 743/743/740
f 730/730/727 710/710/707 744/744/741
f 742/742/739 748/748/745 745/745/742
f 746/746/743 748/748/745 742/742/739
f 743/743/740 749/749/746 746/746/743
f 730/730/727 741/741/738 710/710/707
f 748/748/745 750/750/747 745/745/742
f 748/748/745 751/751/748 750/750/747
f 751/751/748 752/752/749 750/750/747
f 748/748/745 752/752/749 751/751/748
f 748/748/745 739/739/736 752/752/749
f 748/748/745 753/753/750 739/739/736
f 753/753/750 754/754/751 739/739/736
f 754/754/751 755/755/752 739/739/736
f 753/753/750 756/756/753 754/754/751
f 754/754/751 757/757/754 755/755/752
f 756/756/753 758/758/755 754/754/751
f 753/753/750 759/759/756 756/756/753
f 757/757/754 760/760/757 755/755/752
f 756/756/753 761/761/758 758/758/755
f 759/759/756 761/761/758 756/756/753
f 759/759/756 750/750/747 761/761/758
f 757/757/754 762/762/759 760/760/757
f 761/761/758 763/763/760 758/758/755
f 750/750/747 763/763/760 761/761/758
f 750/750/747 764/764/761 763/763/760
f 759/759/756 753/753/750 750/750/747
f 753/753/750 745/745/742 750/750/747
f 762/762/759 765/765/762 760/760/757
f 757/757/754 758/758/755 762/762/759
f 763/763/760 766/766/763 758/758/755
f 764/764/761 767/767/764 763/763/760
f 762/762/759 768/768/765 765/765/762
f 758/758/755 769/769/766 762/762/759
f 757/757/754 754/754/751 758/758/755
f 766/766/763 770/770/767 758/758/755
f 767/767/764 771/771/768 763/763/760
f 764/764/761 766/766/763 767/767/764
f 768/768/765 772/772/769 765/765/762
f 762/762/759 769/769/766 768/768/765
f 769/769/766 770/770/767 768/768/765
f 770/770/767 769/769/766 758/758/755
f 766/766/763 773/773/770 770/770/767
f 771/771/768 774/774/771 763/763/760
f 766/766/763 774/774/771 767/767/764
f 772/772/769 760/760/757 765/765/762
f 768/768/765 770/770/767 772/772/769
f 770/770/767 773/773/770 772/772/769
f 773/773/770 775/775/772 772/772/769
f 766/766/763 776/776/773 773/773/770
f 774/774/771 771/771/768 767/767/764
f 766/766/763 777/777/774 774/774/771
f 775/775/772 778/778/775 772/772/769
f 773/773/770 778/778/775 775/775/772
f 773/773/770 776/776/773 778/778/775
f 776/776/773 779/779/776 778/778/775
f 766/766/763 779/779/776 776/776/773
f 777/777/774 779/779/776 774/774/771
f 766/766/763 780/780/777 777/777/774
f 779/779/776 781/781/778 778/778/775
f 766/766/763 772/772/769 780/780/777
f 782/782/779 783/783/780 784/784/781
f 784/784/781 785/785/782 782/782/779
f 783/783/780 598/598/595 784/784/781
f 782/782/779 606/606/603 783/783/780
f 784/784/781 786/786/783 785/785/782
f 782/782/779 538/538/535 606/606/603
f 787/787/784 788/788/785 789/789/786
f 789/789/786 790/790/787 787/787/784
f 788/788/785 791/791/788 789/789/786
f 790/790/787 792/792/789 787/787/784
f 789/789/786 793/793/790 790/790/787
f 791/791/788 793/793/790 789/789/786
f 791/791/788 790/790/787 793/793/790
f 790/790/787 794/794/791 792/792/789
f 794/794/791 795/795/792 792/792/789
f 790/790/787 796/796/793 794/794/791
f 794/794/791 797/797/794 795/795/792
f 796/796/793 797/797/794 794/794/791
f 796/796/793 798/798/795 797/797/794
f 798/798/795 746/746/743 797/797/794
f 796/796/793 799/799/796 798/798/795
f 796/796/793 790/790/787 799/799/796
f 800/800/797 801/801/798 802/802/799
f 802/802/799 803/803/800 800/800/797
f 801/801/798 804/804/801 802/802/799
f 800/800/797 803/803/800 801/801/798
f 802/802/799 805/805/802 803/803/800
f 804/804/801 806/806/803 802/802/799
f 801/801/798 807/807/804 804/804/801
f 805/805/802 808/808/805 803/803/800
f 802/802/799 631/631/628 805/805/802
f 804/804/801 612/612/609 806/806/803
f 805/805/802 809/809/806 808/808/805
f 631/631/628 809/809/806 805/805/802
f 802/802/799 810/810/807 631/631/628
f 612/612/609 802/802/799 806/806/803
f 612/612/609 810/810/807 802/802/799
f 804/804/801 807/807/804 612/612/609
f 809/809/806 811/811/808 808/808/805
f 810/810/807 615/615/612 631/631/628
f 809/809/806 812/812/809 811/811/808
f 813/813/810 814/814/811 815/815/812
f 815/815/812 816/816/813 813/813/810
f 814/814/811 817/817/814 815/815/812
f 816/816/813 818/818/815 813/813/810
f 815/815/812 819/819/816 816/816/813
f 814/814/811 820/820/817 817/817/814
f 816/816/813 821/821/818 818/818/815
f 819/819/816 821/821/818 816/816/813
f 819/819/816 822/822/819 821/821/818
f 815/815/812 823/823/820 819/819/816
f 814/814/811 824/824/821 820/820/817
f 821/821/818 822/822/819 818/818/815
f 819/819/816 825/825/822 822/822/819
f 823/823/820 825/825/822 819/819/816
f 823/823/820 826/826/823 825/825/822
f 815/815/812 827/827/824 823/823/820
f 824/824/821 356/356/356 820/820/817
f 814/814/811 828/828/825 824/824/821
f 826/826/823 829/829/826 825/825/822
f 823/823/820 829/829/826 826/826/823
f 823/823/820 830/830/827 829/829/826
f 827/827/824 830/830/827 823/823/820
f 827/827/824 831/831/828 830/830/827
f 815/815/812 832/832/829 827/827/824
f 356/356/356 349/349/349 820/820/817
f 349/349/349 343/343/343 820/820/817
f 824/824/821 833/833/830 356/356/356
f 828/828/825 834/834/831 824/824/821
f 814/814/811 813/813/810 828/828/825
f 830/830/827 831/831/828 829/829/826
f 831/831/828 832/832/829 829/829/826
f 832/832/829 831/831/828 827/827/824
f 815/815/812 817/817/814 832/832/829
f 817/817/814 835/835/832 832/832/829
f 833/833/830 834/834/831 356/356/356
f 834/834/831 833/833/830 824/824/821
f 828/828/825 836/836/833 834/834/831
f 832/832/829 835/835/832 829/829/826
f 835/835/832 825/825/822 829/829/826
f 835/835/832 822/822/819 825/825/822
f 835/835/832 837/837/834 822/822/819
f 817/817/814 837/837/834 835/835/832
f 817/817/814 838/838/835 837/837/834
f 838/838/835 813/813/810 837/837/834
f 813/813/810 818/818/815 837/837/834
f 838/838/835 839/839/836 813/813/810
f 839/839/836 840/840/837 813/813/810
f 841/841/838 842/842/839 843/843/840
f 843/843/840 844/844/841 841/841/838
f 844/844/841 845/845/842 841/841/838
f 845/845/842 846/846/843 841/841/838
f 846/846/843 847/847/844 841/841/838
f 845/845/842 848/848/845 846/846/843
f 847/847/844 849/849/846 841/841/838
f 846/846/843 850/850/847 847/847/844
f 848/848/845 850/850/847 846/846/843
f 848/848/845 851/851/848 850/850/847
f 847/847/844 852/852/849 849/849/846
f 850/850/847 853/853/850 847/847/844
f 851/851/848 854/854/851 850/850/847
f 848/848/845 855/855/852 851/851/848
f 847/847/844 853/853/850 852/852/849
f 853/853/850 856/856/853 852/852/849
f 850/850/847 854/854/851 853/853/850
f 854/854/851 856/856/853 853/853/850
f 854/854/851 851/851/848 856/856/853
f 851/851/848 855/855/852 856/856/853
f 848/848/845 857/857/854 855/855/852
f 857/857/854 858/858/855 855/855/852
f 858/858/855 859/859/856 855/855/852
f 859/859/856 860/860/857 855/855/852
f 860/860/857 856/856/853 855/855/852
f 860/860/857 861/861/858 856/856/853
f 859/859/856 862/862/859 860/860/857
f 861/861/858 863/863/860 856/856/853
f 860/860/857 864/864/861 861/861/858
f 862/862/859 865/865/862 860/860/857
f 863/863/860 852/852/849 856/856/853
f 863/863/860 849/849/846 852/852/849
f 861/861/858 866/866/863 863/863/860
f 864/864/861 866/866/863 861/861/858
f 864/864/861 865/865/862 866/866/863
f 865/865/862 864/864/861 860/860/857
f 866/866/863 867/867/864 863/863/860
f 865/865/862 867/867/864 866/866/863
f 865/865/862 868/868/865 867/867/864
f 867/867/864 869/869/866 863/863/860
f 868/868/865 869/869/866 867/867/864
f 868/868/865 870/870/867 869/869/866
f 869/869/866 871/871/868 863/863/860
f 870/870/867 871/871/868 869/869/866
f 870/870/867 843/843/840 871/871/868
f 871/871/868 849/849/846 863/863/860
f 843/843/840 849/849/846 871/871/868
f 870/870/867 868/868/865 843/843/840
f 868/868/865 872/872/869 843/843/840
f 872/872/869 873/873/870 843/843/840
f 872/872/869 874/874/871 873/873/870
f 874/874/871 842/842/839 873/873/870
f 874/874/871 875/875/872 842/842/839
f 875/875/872 844/844/841 842/842/839
f 874/874/871 876/876/873 875/875/872
f 875/875/872 845/845/842 844/844/841
f 876/876/873 857/857/854 875/875/872
f 874/874/871 859/859/856 876/876/873
f 857/857/854 845/845/842 875/875/872
f 857/857/854 848/848/845 845/845/842
f 876/876/873 858/858/855 857/857/854
f 859/859/856 858/858/855 876/876/873
f 874/874/871 862/862/859 859/859/856
f 874/874/871 865/865/862 862/862/859
f 874/874/871 877/877/874 865/865/862
f 874/874/871 878/878/875 877/877/874
f 880/879/876 881/880/876 879/881/876
